ecole_id,region,ief_id,ia_id,remoteness,g_ia,reform,ief_effect,remoteness_s,milieu,mu_enrol,enrol,part_filles,eleves_filles,eleves_garcons,log_ptr,ptr,n_teachers,quality,att_school,ptr_z,ability_school
E00001,Tambacounda,IEF050,IA13,0.75,-0.5950300302811243,1,-0.9304449072754517,0.6963572190277065,rural,180,156,0.398508412727949,62,94,3.5564614372855123,35.03898985401566,4,-1.2021354104445439,0.6124048577039355,-0.8846837197533387,-0.9675577636762918
E00002,Thiès,IEF014,IA04,0.15,1.0504362281327961,0,0.597248963746674,0.12508199390882094,rural,180,154,0.47443883427266964,73,81,3.5207200585166025,33.80876398974337,5,1.5311457921842457,0.8941994149881772,-1.0138576769258087,1.3313418292665813
E00003,Tambacounda,IEF050,IA13,0.75,-0.5950300302811243,1,-0.9304449072754517,0.7281161522771219,rural,180,126,0.3677995195081266,46,80,3.7756380072666156,43.62533271797684,3,-1.0985267483704382,0.659812478955926,0.016883965976910446,-1.329537938542774
E00004,Thiès,IEF016,IA04,0.15,1.0504362281327961,0,0.01909654917514469,0.1682371952975482,urbain,320,364,0.4921416564377472,179,185,3.764300574134243,43.133526602826485,8,0.7497997592162844,0.8882146838114701,-0.034755772627650075,0.522346682988792
E00005,Louga,IEF035,IA08,0.45,-0.5589055756131087,0,0.9958108211774965,0.5480422733518786,rural,180,221,0.43546654382680805,96,125,3.9455052128419767,51.702452257793034,4,-0.6592261478117991,0.6504368924269266,0.8649831027401482,-0.5516561641628568
E00006,Diourbel,IEF024,IA05,0.3,-1.961883486465059,0,-2.89232139833262,0.2648472727643928,urbain,320,118,0.42926203347569103,51,67,4.119505670203821,61.52881921687595,2,-1.8520265420766482,0.6840118973697121,1.896753561804899,-2.7820163090712935
E00007,Fatick,IEF036,IA09,0.4,1.508379536169013,1,1.1669515787289226,0.44382434594944503,urbain,320,210,0.4727498626330506,99,111,3.572705441659858,35.6128113199893,6,0.6629387441547151,0.897212035160489,-0.8244323532173505,0.831908233896268
E00008,Sédhiou,IEF053,IA15,0.7,-0.5128143979953421,1,-1.6637734035387284,0.7212322584184129,rural,180,212,0.3829727797928281,81,131,3.875121846079661,48.18856952167903,4,-0.4876972623368847,0.6432132713488947,0.4960247258713878,-1.0872204787292026
E00009,Dakar,IEF002,IA01,0.05,1.1358119908378483,0,-0.5868971362215678,0.12873265500451075,urbain,320,349,0.5151895195221129,180,169,3.5826751397865135,35.96963606022211,10,0.9307609654481664,0.9014365403993407,-0.7869656854683551,0.4481889173717078
E00010,Sédhiou,IEF053,IA15,0.7,-0.5128143979953421,1,-1.6637734035387284,0.63696228278265,urbain,320,241,0.4194309590814176,101,140,3.647409437697407,38.3751240201434,6,-0.8715921252836278,0.6867879770820485,-0.5343889776151447,-0.6786943825960161
E00011,Dakar,IEF007,IA02,0.05,-0.6770804424361538,1,0.35653495020654297,0.12199718220164385,urbain,320,188,0.44264309864057566,83,105,3.6681858042905486,39.18075977707804,5,-1.0283258637941048,0.8193662373743719,-0.4497970650361946,-0.16260941357396985
E00012,Dakar,IEF010,IA03,0.05,0.46256507759004684,0,0.028674535806565937,0.02904957294976578,urbain,320,208,0.5153448631316365,107,101,3.5100605631592483,33.450293578056915,6,0.037456655866025534,0.9014120744372873,-1.0514971405003894,0.35583824093162475
E00013,Dakar,IEF012,IA03,0.05,0.46256507759004684,0,-0.8514222791158281,0,urbain,320,404,0.49445410041113136,200,204,3.6347903707673233,37.893908393531476,11,1.0726915120759288,0.850353173614939,-0.5849167128448555,0.2729923012633895
E00014,Thiès,IEF013,IA04,0.15,1.0504362281327961,0,-1.1304494696840526,0.16796551754819505,urbain,320,260,0.46521790569022914,121,139,3.8531892669508996,47.14317590251718,6,1.3631881750570536,0.8320235795908721,0.38625819070764833,0.34365723442559265
E00015,Kaolack,IEF031,IA07,0.3,0.7594385270695994,0,0.014753903421311736,0.316095802569853,rural,180,140,0.47542495878673363,67,73,3.6141021484637594,37.1180045026975,4,0.9600474958804773,0.8172693422508245,-0.6663867736485495,0.8903704009694673
E00016,Fatick,IEF036,IA09,0.4,1.508379536169013,1,1.1669515787289226,0.41241192994376,urbain,320,365,0.47104328699467324,172,193,3.273397976832017,26.40089673557479,14,1.2709916276429107,0.8953747009610666,-1.7916851923596087,2.0254977577197675
E00017,Saint-Louis,IEF027,IA06,0.35,-0.09886818526410894,0,0.949372149400778,0.3793511656162918,urbain,320,287,0.43943347863840343,126,161,3.9947919103975593,54.314537157342926,5,-0.5184133678982329,0.7970682000225544,1.139252529797676,-0.3347448680404336
E00018,Diourbel,IEF023,IA05,0.3,-1.961883486465059,0,0.1117959092790192,0.30740901875118337,urbain,320,301,0.3906455172526916,118,183,4.156764717115411,63.86456805823986,5,-1.1157688966418102,0.5335644363041027,2.1420076485237325,-1.8649026659835266
E00019,Kaffrine,IEF041,IA10,0.55,-1.7249192939776967,1,0.31771647692565824,0.5561412791932412,rural,180,76,0.3850467707731398,29,47,3.6952221991442973,40.25451611334749,2,-1.7318371768797873,0.5486495852709977,-0.3370524390101566,-1.0548106389050111
E00020,Dakar,IEF001,IA01,0.05,1.1358119908378483,0,-0.3499273505312711,0.05078182286787911,rural,180,116,0.511741808237205,59,57,3.668077585106869,39.176519896661354,3,1.6627885361734929,0.853352578879754,-0.4502422533119955,0.7907481364763552
E00021,Saint-Louis,IEF025,IA06,0.35,-0.09886818526410894,0,0.09534935373040888,0.3704809329598376,urbain,320,363,0.4088802875291893,148,215,3.8166202668373677,45.450338431680855,8,-0.07071091002678567,0.7687296773187328,0.2085099240614152,0.4089323614536947
E00022,Kolda,IEF045,IA12,0.7,0.8036427494500231,0,-1.432219330403182,0.7517125861675076,urbain,320,298,0.41995867605203396,125,173,3.89554990070186,49.183091744459915,6,0.26060080669868824,0.7909782185951183,0.6004497544319433,-0.1883020565833517
E00023,Ziguinchor,IEF043,IA11,0.55,0.5436260064330518,1,0.03781619554363153,0.5262532308890256,rural,180,136,0.43676873099279157,59,77,3.5908885519094302,36.26628609191015,4,-0.28755825777045924,0.825399054517547,-0.7558173739254578,0.404525865088487
E00024,Matam,IEF051,IA14,0.65,0.361886464303974,0,0.10403354045954573,0.6736297275301604,rural,180,112,0.41120287549303014,46,66,4.014501038799961,55.395648226517345,2,-0.35524972576281744,0.6256376119385019,1.2527694042220543,-1.0100922575897784
E00025,Fatick,IEF036,IA09,0.4,1.508379536169013,1,1.1669515787289226,0.4392112577863927,urbain,320,495,0.45980610868770116,228,267,3.287907994192016,26.786766927027692,18,2.028346225417733,0.876404882081804,-1.7511687465325214,1.8100364545488696
E00026,Dakar,IEF011,IA03,0.05,0.46256507759004684,0,0.1990233856571336,0.015008245602529433,urbain,320,292,0.5001493757500336,146,146,3.716937063803498,41.138197267365726,7,0.9556201292781618,0.8247668081257217,-0.24426574442152352,0.7557902585935928
E00027,Louga,IEF034,IA08,0.45,-0.5589055756131087,0,-2.3207746068026323,0.4425085537686979,urbain,320,226,0.3978314931143281,90,136,3.977071696910343,53.36054936019463,4,-0.8348990928318741,0.8078515478381153,1.0390836238831622,-1.7147518607302448
E00028,Tambacounda,IEF048,IA13,0.75,-0.5950300302811243,1,-1.2870708589133515,0.7212318860351549,rural,180,101,0.3645889051500258,37,64,3.950917439224633,51.983036241059374,2,-0.9954081287656075,0.6027686811269246,0.8944444760459082,-1.3853193052333777
E00029,Ziguinchor,IEF044,IA11,0.55,0.5436260064330518,1,-0.6339810327435095,0.5183702561154039,rural,180,174,0.4449426474703173,77,97,3.57688622305604,35.76201237018625,5,0.09896627568766962,0.7790361488954836,-0.8087662136669285,-0.07503045677987077
E00030,Dakar,IEF001,IA01,0.05,1.1358119908378483,0,-0.3499273505312711,0.10455468380921451,urbain,320,154,0.4410420302859964,68,86,3.7257684049528352,41.5031116918739,4,1.074643877723708,0.8987204508061604,-0.20594965823606678,0.954887190023981
E00031,Diourbel,IEF022,IA05,0.3,-1.961883486465059,0,-0.4134188533806319,0.3308487735707893,rural,180,97,0.3707998606160674,36,61,3.9998786502146424,54.59152496134045,2,-2.0300138203712987,0.5211254776690903,1.1683363035744834,-1.7250243842945148
E00032,Kaffrine,IEF041,IA10,0.55,-1.7249192939776967,1,0.31771647692565824,0.6559431586456368,rural,180,188,0.37055358442959924,70,118,3.9751171899114373,53.25635764788869,4,-1.4247903008751976,0.42799335564685026,1.028143473644088,-2.067256119015119
E00033,Diourbel,IEF024,IA05,0.3,-1.961883486465059,0,-2.89232139833262,0.2890467210435367,urbain,320,164,0.39425308577378054,65,99,3.9530914506964914,52.09617089164431,3,-1.5616491179765937,0.6547945440248544,0.9063236365592712,-1.9560867266993438
E00034,Tambacounda,IEF050,IA13,0.75,-0.5950300302811243,1,-0.9304449072754517,0.7593057549797028,rural,180,178,0.38704321283956666,69,109,3.851993631831681,47.08684354895756,4,-1.0233080693154437,0.6079503696562734,0.3803432825290279,-1.4318510657889107
E00035,Kaffrine,IEF039,IA10,0.55,-1.7249192939776967,1,-1.332630847294145,0.5287817322319982,urbain,320,264,0.3511484704991145,93,171,3.710937270736208,40.89211555447145,6,-0.5227203494053823,0.6277505734898884,-0.27010437256736886,-0.7296930599158475
E00036,Dakar,IEF012,IA03,0.05,0.46256507759004684,0,-0.8514222791158281,0.07264352900532417,rural,180,181,0.47715137802378826,86,95,3.5163228236289545,33.66042529228623,5,1.1558872370282849,0.8510184328840854,-1.02943326926932,0.30807836505100733
E00037,Thiès,IEF019,IA04,0.15,1.0504362281327961,0,0.4061865653228522,0.14440942650024208,urbain,320,362,0.4734327711755572,171,191,3.4839776236105138,32.58909175415853,11,1.2075110171988646,0.8932800715539241,-1.1419235010150148,0.49360459285890756
E00038,Diourbel,IEF021,IA05,0.3,-1.961883486465059,0,0.10955641117140437,0.30409193824263003,urbain,320,120,0.3999292656068786,48,72,3.996646402970259,54.41535651857479,2,-1.2432627528811409,0.5912357474772749,1.1498385825121702,-1.3741793970623466
E00039,Tambacounda,IEF049,IA13,0.75,-0.5950300302811243,1,0.10831608168981055,0.8430745880329712,rural,180,140,0.3826421747896024,54,86,3.8961264754207114,49.21145764850046,3,-1.2739336828905616,0.5980082991614699,0.6034281799228263,-1.514002799519052
E00040,Dakar,IEF005,IA02,0.05,-0.6770804424361538,1,0.5635836405531154,0.004867431507513627,urbain,320,214,0.47864673936033403,102,112,3.3558838070558576,28.670932568860632,7,-0.7832919818892718,0.7965013603474164,-1.5533309843847258,-0.031207615182831383
E00041,Kaffrine,IEF041,IA10,0.55,-1.7249192939776967,1,0.31771647692565824,0.6281278542102423,urbain,320,350,0.36074015543235155,126,224,3.988071148837789,53.9507260172452,6,-2.0908887644117353,0.49135160789745586,1.1010522886918288,-2.0443145879318165
E00042,Tambacounda,IEF050,IA13,0.75,-0.5950300302811243,1,-0.9304449072754517,0.7678042717167353,urbain,320,121,0.39262185581810155,48,73,3.946735229088911,51.766086241470475,2,-0.07735472369882179,0.6615494713546164,0.8716646835140378,-1.2107537972515654
E00043,Tambacounda,IEF049,IA13,0.75,-0.5950300302811243,1,0.10831608168981055,0.8170646377021236,urbain,320,251,0.39673974373014054,100,151,3.6495118784690823,38.45589031893058,7,-0.4755577360224742,0.6343509057988178,-0.5259085003926268,-0.4108623036916329
E00044,Tambacounda,IEF048,IA13,0.75,-0.5950300302811243,1,-1.2870708589133515,0.7379074873186579,rural,180,242,0.38230106701469063,93,149,3.887909335238402,48.80873707415243,5,-0.4455220876124953,0.633932932787859,0.5611424405849715,-1.4281602795288648
E00045,Saint-Louis,IEF027,IA06,0.35,-0.09886818526410894,0,0.949372149400778,0.42139763298938077,rural,180,198,0.42011183720702405,83,115,3.9247972265959152,50.64280800305554,4,-0.15934681179537385,0.7743564668833504,0.7537202480443711,0.1992652470349413
E00046,Ziguinchor,IEF042,IA11,0.55,0.5436260064330518,1,0.09332094674687035,0.5565447118628205,rural,180,139,0.43129814467326094,60,79,3.624278145752714,37.49764555302844,4,0.02792050154546245,0.8247054628383733,-0.626524388861697,0.3054304528506413
E00047,Louga,IEF034,IA08,0.45,-0.5589055756131087,0,-2.3207746068026323,0.5111213404162975,rural,180,153,0.400811175938794,61,92,4.136344586259593,62.5736702291599,2,-0.45645593962842057,0.6223757921184186,2.006463123139976,-1.7723641243283106
E00048,Kaolack,IEF029,IA07,0.3,0.7594385270695994,0,-1.481619640758723,0.32202875418713156,rural,180,259,0.4637647873078863,120,139,3.6238652186989966,37.48216495712729,7,1.268764500847577,0.8260718169629107,-0.628149854469285,0.5241209992422431
E00049,Diourbel,IEF022,IA05,0.3,-1.961883486465059,0,-0.4134188533806319,0.4244948064891009,rural,180,321,0.3676097797065536,118,203,4.148981183906063,63.36940562834872,5,-1.9894969406983949,0.5604929862243752,2.090015496212734,-2.5785602735665654
E00050,Thiès,IEF019,IA04,0.15,1.0504362281327961,0,0.4061865653228522,0.19573619661463976,rural,180,320,0.49400735289474074,158,162,3.557037752970385,35.059189193489615,9,0.8334617213916237,0.9000232452894092,-0.8825627851445835,0.8902208377960033
E00051,Diourbel,IEF022,IA05,0.3,-1.961883486465059,0,-0.4134188533806319,0.31077288828621125,rural,180,295,0.41854765474467903,123,172,4.019074951380229,55.64960342051833,5,-1.2801169743288319,0.6351408055338449,1.2794347494292244,-1.3686797531828967
E00052,Fatick,IEF037,IA09,0.4,1.508379536169013,1,-0.8651748349735274,0.4712024542494866,urbain,320,325,0.48375266542421785,157,168,3.494924974830794,32.94781594480812,10,1.3438962435095008,0.8575129134438741,-1.1042573905995026,0.6771424582358203
E00053,Ziguinchor,IEF042,IA11,0.55,0.5436260064330518,1,0.09332094674687035,0.5654962725267618,rural,180,313,0.4715615226119292,148,165,3.6163721459787532,37.20235798555638,8,0.21156664719011536,0.7881997500068749,-0.657529641394541,0.5345685942669324
E00054,Thiès,IEF015,IA04,0.15,1.0504362281327961,0,-1.0960478553026407,0.10746515387185795,urbain,320,402,0.48280408660888063,194,208,3.535892105472291,34.32562313546777,12,0.660156009627344,0.8800598379060784,-0.9595873651944776,0.5013768434909187
E00055,Thiès,IEF015,IA04,0.15,1.0504362281327961,0,-1.0960478553026407,0.13232939941555774,urbain,320,328,0.4907776580617253,161,167,3.767449018688436,43.26954412922401,8,1.2689104163956861,0.89270271905316545,-0.020473905663349112,0.49896932894748974
E00056,Thiès,IEF016,IA04,0.15,1.0504362281327961,0,0.01909654917514469,0.0791250174382173,rural,180,194,0.4817159524849619,93,101,3.6461823427375855,38.32806297896421,5,0.9566247386070367,0.9006261261294095,-0.5393303961743852,1.0857752998326102
E00057,Dakar,IEF007,IA02,0.05,-0.6770804424361538,1,0.35653495020654297,0.09854364716696944,urbain,320,163,0.48129460606088226,78,85,3.5810180911720075,35.91008198025409,5,-0.2871446404675908,0.7325926703049446,-0.7932188755521004,0.1758216234841551
E00058,Fatick,IEF036,IA09,0.4,1.508379536169013,1,1.1669515787289226,0.3442162716715834,urbain,320,307,0.480153870833134,147,160,3.6154942951675806,37.16971419570626,8,0.9180011929112368,0.9043754790617542,-0.6609572457349364,1.0676830328209779
E00059,Fatick,IEF036,IA09,0.4,1.508379536169013,1,1.1669515787289226,0.49311920824176186,urbain,320,318,0.4579050507052612,146,172,3.5002413125948206,33.12344409859635,10,0.8840662472470592,0.872647373221816,-1.0858163999858477,1.1573142918907966
E00060,Kaffrine,IEF041,IA10,0.55,-1.7249192939776967,1,0.31771647692565824,0.5736183366082491,rural,180,200,0.37759047586315864,76,124,3.5627889933833914,35.26140395469594,6,-1.4869629422515698,0.5344809690913794,-0.8613301955345785,-1.6737395935619683
E00061,Tambacounda,IEF050,IA13,0.75,-0.5950300302811243,1,-0.9304449072754517,0.7389924708874627,rural,180,205,0.40789274560551103,84,121,3.7866112364894695,44.106679628832715,5,-1.3250979275696275,0.6564380977034234,0.06742548607799956,-1.607653483770653
E00062,Kaolack,IEF031,IA07,0.3,0.7594385270695994,0,0.014753903421311736,0.3451841445895034,urbain,320,217,0.4776321712198217,104,113,3.7800015643923826,43.81611028110951,5,0.6228668779981131,0.8326555183105121,0.03691564754470528,0.1821074476822874
E00063,Louga,IEF034,IA08,0.45,-0.5589055756131087,0,-2.3207746068026323,0.44029954171083646,rural,180,164,0.4028150445544476,66,98,3.70802297396787,40.77311727663109,4,-0.6532637290000587,0.7306443527973517,-0.28259921509325026,-1.2015894585129379
E00064,Louga,IEF033,IA08,0.45,-0.5589055756131087,0,-1.965905696172405,0.512254384321738,urbain,320,481,0.3849662940159169,185,296,4.1969911787824214,66.48598534649905,7,-0.6298577879439127,0.6540714471022726,2.4172569782271576,-1.5069108277769032
E00065,Tambacounda,IEF048,IA13,0.75,-0.5950300302811243,1,-1.2870708589133515,0.7995148411740067,rural,180,228,0.41253665526103567,94,134,3.9470269652530363,51.78119048402212,4,-0.4317634656380931,0.6126613295286346,0.8732506319460704,-1.5659886358058075
E00066,Fatick,IEF038,IA09,0.4,1.508379536169013,1,-1.390946513569097,0.401691438660283,rural,180,132,0.49928234011078504,66,66,3.500212419701257,33.12248708027713,4,0.6721389539605642,0.9231134660216792,-1.0859168870971743,0.3219647118147029
E00067,Kolda,IEF047,IA12,0.7,0.8036427494500231,0,0.8692594740041972,0.7238839243017409,rural,180,162,0.4687924531841465,76,86,3.886926093433127,48.760769868943584,3,0.8667476670067624,0.7310820072405162,0.5561058746247882,0.32383142802946674
E00068,Louga,IEF033,IA08,0.45,-0.5589055756131087,0,-1.965905696172405,0.42730394470438415,urbain,320,355,0.44211427193684755,157,198,3.9519977013700216,52.03922188946359,7,-1.0068003194128115,0.8107708321237325,0.9003439801544215,-1.4269005395890606
E00069,Matam,IEF051,IA14,0.65,0.361886464303974,0,0.10403354045954573,0.6807958393225815,rural,180,224,0.4194752097335346,94,130,4.11485431840079,61.24329159217328,4,-1.1069098001497728,0.6627991917753515,1.8667731051781662,-1.6793647487646342
E00070,Thiès,IEF015,IA04,0.15,1.0504362281327961,0,-1.0960478553026407,0.15511323003260366,urbain,320,456,0.5045217925762202,230,226,3.7782948796065225,43.741393769220245,10,0.8650456889602528,0.9040820021677074,0.02907039913369973,0.4394103535211977
E00071,Louga,IEF034,IA08,0.45,-0.5589055756131087,0,-2.3207746068026323,0.48452069301230694,urbain,320,224,0.39742337427494184,89,135,4.156717805749427,63.861572154385755,4,-0.2743471851765123,0.7305278786394835,2.1416930780311243,-1.573391071182698
E00072,Thiès,IEF019,IA04,0.15,1.0504362281327961,0,0.4061865653228522,0.14959355376191602,rural,180,161,0.45128249344891397,73,88,3.5547885638236276,34.980423058834624,5,1.4806209870493967,0.8070342613939987,-0.8908332447407028,1.0762971222357898
E00073,Diourbel,IEF020,IA05,0.3,-1.961883486465059,0,0.3932217475238377,0.3123026830577978,rural,180,127,0.36125350901347836,46,81,3.944719461868573,51.66184296209028,2,-1.6254772769268324,0.7285880410485737,0.8607191187220473,-0.7820279411683453
E00074,Thiès,IEF017,IA04,0.15,1.0504362281327961,0,0.4161989798572152,0.11393598086116885,urbain,320,328,0.4783182653521228,157,171,3.6891017673179487,40.008893516696965,8,0.20229197091294973,0.8964408952756843,-0.36284285986031,0.912644438220982
E00075,Kaolack,IEF029,IA07,0.3,0.7594385270695994,0,-1.481619640758723,0.31515973737303926,urbain,320,342,0.47412535879206164,162,180,3.8022642963178357,44.80251589962285,8,1.0615926674145422,0.8779713805887698,0.14048843106433692,0.25298965000419016
E00076,Fatick,IEF036,IA09,0.4,1.508379536169013,1,1.1669515787289226,0.4194156701519092,rural,180,143,0.4888353900825912,70,73,3.6203223756389766,37.349606484719644,4,0.7061735880375305,0.8120709775217121,-0.6420685200858317,0.9212814249767588
E00077,Thiès,IEF015,IA04,0.15,1.0504362281327961,0,-1.0960478553026407,0.12138655320238106,urbain,320,265,0.4996169152036988,132,133,3.58674771975209,36.11642397929506,7,0.661436096477284,0.8785490107961456,-0.7715529251595145,0.6753483640728646
E00078,Dakar,IEF012,IA03,0.05,0.46256507759004684,0,-0.8514222791158281,0.1097232270595343,urbain,320,284,0.4515404969579187,128,156,3.7814256715684302,43.87855357060233,6,0.8871461500196145,0.8503164465557577,0.043472205195543505,0.4992014280366484
E00079,Kaolack,IEF029,IA07,0.3,0.7594385270695994,0,-1.481619640758723,0.29944358820480904,rural,180,175,0.4541336331393817,79,96,3.7499167283619586,42.51754134733336,4,0.8262588217193192,0.8121333206494094,-0.09943434533755545,0.20211311107219876
E00080,Fatick,IEF037,IA09,0.4,1.508379536169013,1,-0.8651748349735274,0.40189347121446206,rural,180,187,0.48151481330362383,90,97,3.280715583407397,26.59479668766996,7,0.6628320038650438,0.9093339938357994,-1.771325659338003,0.9436764962049613
E00081,Thiès,IEF019,IA04,0.15,1.0504362281327961,0,0.4061865653228522,0.11060232077286214,rural,180,292,0.4638466733180455,135,157,3.7685928174479755,43.31906409516384,7,1.380986087413855,0.8956768639314531,-0.015274299521693556,0.8871861530502969
E00082,Saint-Louis,IEF025,IA06,0.35,-0.09886818526410894,0,0.09534935373040888,0.34513464463730065,rural,180,95,0.4449410678565367,42,53,3.940504337851581,51.44454018786968,2,-0.3139868218673841,0.7900354579989979,0.8379022847846179,-0.0881540903316188
E00083,Fatick,IEF038,IA09,0.4,1.508379536169013,1,-1.390946513569097,0.3604532396743915,rural,180,126,0.48509070900912804,61,65,3.346814759936794,28.41209003212321,4,1.0773911625208614,0.8644619122003689,-1.580509501538331,0.8134463218969813
E00084,Kaolack,IEF029,IA07,0.3,0.7594385270695994,0,-1.481619640758723,0.27876378287884473,urbain,320,347,0.49391182822856505,171,176,3.5754542592819085,35.71083911185249,10,0.22513627610809667,0.8393695754005116,-0.8141394158343941,0.03993497996323186
E00085,Kaffrine,IEF039,IA10,0.55,-1.7249192939776967,1,-1.332630847294145,0.5852377090290061,rural,180,88,0.3605113493115979,32,56,3.6349777294921854,37.90100881303013,2,-1.8187311184793513,0.57778777263791,-0.5841711674040851,-1.7555679861949596
E00086,Saint-Louis,IEF025,IA06,0.35,-0.09886818526410894,0,0.09534935373040888,0.3498165422705039,urbain,320,296,0.4375201082952506,130,166,3.94316967841151,51.5818403019186,6,-0.1586995989394488,0.7389700443640549,0.852318823704015,-0.2688207086257138
E00087,Louga,IEF033,IA08,0.45,-0.5589055756131087,0,-1.965905696172405,0.29604389552683674,urbain,320,262,0.4283276495908927,112,150,3.7972227079026064,44.577208485346226,6,-0.807204100871823,0.7977069328526301,0.11683110835016698,-0.9712313299888066
E00088,Kolda,IEF046,IA12,0.7,0.8036427494500231,0,-0.3584819723018034,0.7128031300584609,rural,180,129,0.436858708781172,56,73,3.9826082867393957,53.656804199040415,2,-0.9630447288154627,0.6654147260954191,1.070190440100068,-1.1518572143383015
E00089,Louga,IEF035,IA08,0.45,-0.5589055756131087,0,0.9958108211774965,0.42282719810343283,urbain,320,304,0.38327587621554393,117,187,3.9767657397096907,53.34422581316784,6,0.1074086002036346,0.716828430660539,1.0373696482419583,-0.03568893143309973
E00090,Matam,IEF051,IA14,0.65,0.361886464303974,0,0.10403354045954573,0.5910765691994567,rural,180,139,0.46765696471560264,65,74,3.7736226771225034,43.53750180377538,3,0.8493387041000249,0.709993961145262,0.007661702749507402,0.6295399452769492
E00091,Kédougou,IEF055,IA16,0.9,-0.4962851679537585,0,0.0755532240045896,0.8840919506605154,rural,180,129,0.32736105171113605,42,87,4.155387814573667,63.7766932835366,2,-1.1829918817606222,0.6645966880223428,2.1327807799350333,-1.2654748831414488
E00092,Dakar,IEF003,IA01,0.05,1.1358119908378483,0,-1.5898776485547115,0.012253038889306907,urbain,320,318,0.5167461148875916,164,154,3.5333067636467415,34.23699428359266,9,0.58916701979644015,0.9085883639370608,-0.9688934120342044,0.6715846689704218
E00093,Kaffrine,IEF039,IA10,0.55,-1.7249192939776967,1,-1.332630847294145,0.5518559479472402,rural,180,188,0.36978068977007955,70,118,3.8536878418380756,47.16668616645048,4,-0.2416582557943541,0.5560048936436207,0.38872677303438263,-0.5601538332255649
E00094,Diourbel,IEF024,IA05,0.3,-1.961883486465059,0,-2.89232139833262,0.3309957764557428,rural,180,229,0.3965086792090352,91,138,4.132706067946443,62.34640848284597,4,-1.816844749375022,0.5738329514343352,1.9826005951783636,-2.6403833309884024
E00095,Tambacounda,IEF049,IA13,0.75,-0.5950300302811243,1,0.10831608168981055,0.7882441182999141,rural,180,267,0.36583740407133303,98,169,3.8702085255674983,47.952384336493715,6,-0.09455416487371321,0.5596178509911613,0.4712252350771129,-0.5205483793711481
E00096,Thiès,IEF015,IA04,0.15,1.0504362281327961,0,-1.0960478553026407,0.14997487230983636,urbain,320,445,0.4877892400327648,217,228,3.6577830041022756,38.775282866195084,11,0.4067054528056826,0.8686284935805764,-0.49237222025112937,0.17940225774096163
E00097,Dakar,IEF002,IA01,0.05,1.1358119908378483,0,-0.5868971362215678,0.12014454045213901,urbain,320,419,0.4658568698319597,195,224,3.671207053391168,39.29931361247099,11,0.950358382154897,0.8790955596536709,-0.43734888905451025,1.2086471579250997
E00098,Ziguinchor,IEF042,IA11,0.55,0.5436260064330518,1,0.09332094674687035,0.5864148007347019,urbain,320,243,0.40783952222113756,99,144,3.5127897911825054,33.54171175044986,7,0.2644633784021735,0.7546970219070764,-1.041898214458904,0.07111684024119855
E00099,Kédougou,IEF055,IA16,0.9,-0.4962851679537585,0,0.0755532240045896,0.912876491035838,rural,180,223,0.3793282216760554,85,138,4.189663814986823,66.00059881810277,3,-1.3206271639223017,0.6682976244603851,2.3662912974915775,-1.677335051292537
E00100,Dakar,IEF009,IA03,0.05,0.46256507759004684,0,0.5687463271242291,0.08950318689892495,rural,180,153,0.4855641898351877,74,79,3.822070915149712,45.698748625437695,3,0.8040626182021863,0.8432902598418538,0.23459304315477933,0.8764847109286567
E00101,Sédhiou,IEF053,IA15,0.7,-0.5128143979953421,1,-1.6637734035387284,0.6225331341132254,rural,180,253,0.386365186458753,98,155,3.7634183229003795,43.095488777686626,6,-0.5560137250454785,0.7267247184174754,-0.038749751732012824,-1.3320148897087054
E00102,Thiès,IEF018,IA04,0.15,1.0504362281327961,0,1.839675695915115,0.08879386649503476,urbain,320,251,0.48482978853209907,122,129,3.6527813434259384,38.58182626411118,7,1.2346114871076865,0.9032542552255125,-0.512685201434548,1.994798390126951
E00103,Dakar,IEF001,IA01,0.05,1.1358119908378483,0,-0.3499273505312711,0.13648387564472497,urbain,320,273,0.4868026144708225,133,140,3.5123851884964368,33.528143428855074,8,0.7919591406791909,0.872412486918927,-1.0433228908890522,0.5910520263440429
E00104,Tambacounda,IEF048,IA13,0.75,-0.5950300302811243,1,-1.2870708589133515,0.7136753438560066,rural,180,279,0.3981811457509073,111,168,3.7354132423137716,41.90533904479098,7,-0.9503949758265372,0.6656953237848607,-0.16371570724525344,-0.806610637749186
E00105,Diourbel,IEF022,IA05,0.3,-1.961883486465059,0,-0.4134188533806319,0.29354238689909407,rural,180,209,0.37728053457271515,79,130,4.166149684298492,64.46675627200518,3,-1.6279156475037333,0.4143531266423739,2.2052375291446387,-2.5937608036654267
E00106,Diourbel,IEF024,IA05,0.3,-1.961883486465059,0,-2.89232139833262,0.24437348966269404,rural,180,298,0.3826484072632385,114,184,4.011363102079062,55.22209263341542,5,-0.8978327039131528,0.5545828953309194,1.2345460328871882,-2.325709512067738
E00107,Kaffrine,IEF041,IA10,0.55,-1.7249192939776967,1,0.31771647692565824,0.5481275148419031,rural,180,208,0.3718903130996184,77,131,3.837905717983955,46.42813893495691,4,-1.8831298893764845,0.5250161158397612,0.3111791687924341,-1.9910571280548477
E00108,Dakar,IEF005,IA02,0.05,-0.6770804424361538,1,0.5635836405531154,0,urbain,320,174,0.47343649176375086,82,92,3.642970725229629,38.205165356568266,5,-0.08710641450994204,0.8370189095840534,-0.552234670643824,0.7483452104479049
E00109,Dakar,IEF006,IA02,0.05,-0.6770804424361538,1,2.6676333910661167,0.016347019058947553,urbain,320,429,0.4894955207800022,210,219,3.4106142378447166,30.28384002833165,14,-0.13736929316435142,0.8041869225811339,-1.3839753846175984,1.3384545493311277
E00110,Louga,IEF033,IA08,0.45,-0.5589055756131087,0,-1.965905696172405,0.477948712962453,rural,180,139,0.39160513662330637,54,85,3.7526668072469924,42.63462886619914,3,-1.3807191877664573,0.670729816457602,-0.08714013287898,-1.792708558669333
E00111,Dakar,IEF012,IA03,0.05,0.46256507759004684,0,-0.8514222791158281,0.028440623194995726,urbain,320,590,0.48422709860771596,286,304,3.818998105951853,45.5585406168821,13,0.4272865202779811,0.8626964326507287,0.21987117474152568,0.36157358304728715
E00112,Kaolack,IEF031,IA07,0.3,0.7594385270695994,0,0.014753903421311736,0.34527396280405875,urbain,320,324,0.48367253332026694,157,167,3.6991199743842644,40.41172535365776,8,0.2334691833303659,0.8652985762771063,-0.3205454379262807,0.8359382452819866
E00113,Saint-Louis,IEF026,IA06,0.35,-0.09886818526410894,0,0.49988989751365537,0.43254399264340637,urbain,320,381,0.4195019226962989,160,221,3.8923783499574194,49.027352171747985,8,-0.5470639153828695,0.7877361729863651,0.5840970687343054,-0.44483810210794433
E00114,Tambacounda,IEF050,IA13,0.75,-0.5950300302811243,1,-0.9304449072754517,0.72563666331991,rural,180,373,0.38711419779308326,144,229,3.8195947726296073,45.585731991242106,8,-1.2214504109927673,0.5492452382014106,0.22272627438545808,-2.2238513619260525
E00115,Dakar,IEF003,IA01,0.05,1.1358119908378483,0,-1.5898776485547115,0,rural,180,221,0.5047747264705206,112,109,3.5453627469884528,34.65225306311334,6,1.8419875395214897,0.8856366321103171,-0.9252911586926793,0.8164297273712963
E00116,Matam,IEF052,IA14,0.65,0.361886464303974,0,-0.6415822632825328,0.6646963029670795,urbain,320,369,0.41605208905384167,154,215,4.113804373148293,61.17902323395159,6,0.6629118436665694,0.749940543004103,1.8600249149526387,-0.9177461281567345
E00117,Kédougou,IEF055,IA16,0.9,-0.4962851679537585,0,0.0755532240045896,0.8988333417298798,rural,180,97,0.37208017420531647,36,61,4.329060299604675,75.87295521337626,1,-0.1317410908977379,0.6687141111542274,3.4028906563814676,-1.1870910417602891
E00118,Kolda,IEF046,IA12,0.7,0.8036427494500231,0,-0.3584819723018034,0.7658724042415977,rural,180,179,0.4583776624248001,82,97,4.005797701858046,54.91561321823678,3,0.5235515024634841,0.6612671381321904,1.2023656341488251,-0.5832235879693743
E00119,Dakar,IEF002,IA01,0.05,1.1358119908378483,0,-0.5868971362215678,0.12075767650193428,rural,180,144,0.4838907833946417,70,74,3.5653583441295984,35.35211935920009,4,0.7208816851655783,0.8677037560704172,-0.851805060259331,0.4083303934227025
E00120,Dakar,IEF012,IA03,0.05,0.46256507759004684,0,-0.8514222791158281,0,rural,180,222,0.5056885396453942,112,110,3.5279845790706816,34.055262714135694,7,0.06572585570284979,0.8895285971296905,-0.9879752624908322,0.32580289551285646
E00121,Dakar,IEF003,IA01,0.05,1.1358119908378483,0,-1.5898776485547115,0,urbain,320,257,0.5478790353063201,141,116,3.569916570357243,35.51363013855316,7,2.0449047617287275,0.9114831224367034,-0.8348463967318112,1.1873482150473091
E00122,Dakar,IEF012,IA03,0.05,0.46256507759004684,0,-0.8514222791158281,0.050018266320927686,urbain,320,280,0.518394976023891,145,135,3.7483602926322757,42.45141699933983,7,0.42585678857095965,0.8347444152787163,-0.10637741485335296,0.4461454562094933
E00123,Sédhiou,IEF054,IA15,0.7,-0.5128143979953421,1,0.5471627551526171,0.735861598261112,rural,180,117,0.4063538139841227,48,69,3.8028102953840306,44.82698471083338,3,-1.2706722399195225,0.5001010975566029,0.14305766104328893,-1.7670113099194436
E00124,Dakar,IEF008,IA02,0.05,-0.6770804424361538,1,-0.3621203918588307,0.052602816186350834,urbain,320,310,0.4862034315872049,151,159,3.510033564829737,33.44939048819967,9,-0.9031480361120526,0.839344852515441,-1.0515919651126258,-0.06314350871736082
E00125,Kolda,IEF046,IA12,0.7,0.8036427494500231,0,-0.3584819723018034,0.663470788417149,rural,180,238,0.42322992551402494,101,137,3.884608103184238,48.64787377642981,5,0.6416043522074767,0.8190463816728203,0.5442517627557133,0.16582548008653797
E00126,Matam,IEF052,IA14,0.65,0.361886464303974,0,-0.6415822632825328,0.6797828218539539,rural,180,136,0.4244298657206914,58,78,4.050963820272747,57.45280454638786,2,-0.2753553043995978,0.6784382840826549,1.4687712215120983,-1.4665483217296513
E00127,Ziguinchor,IEF044,IA11,0.55,0.5436260064330518,1,-0.6339810327435095,0.7123883748794432,rural,180,255,0.4018514532497673,102,153,3.58965485502294,36.2215720751169,7,-0.2562356241998815,0.7279804802545713,-0.760512354463586,-0.5823814850833746
E00128,Thiès,IEF015,IA04,0.15,1.0504362281327961,0,-1.0960478553026407,0.17567716568111771,rural,180,143,0.4807453956748884,69,74,3.8539320501910397,47.17820607176527,3,1.5623989664536164,0.8857573521307317,0.389936365353142,0.5467983747003791
E00129,Sédhiou,IEF054,IA15,0.7,-0.5128143979953421,1,0.5471627551526171,0.7710472086750837,rural,180,226,0.3966282838793668,90,136,3.793497883976332,44.41147508809493,5,-0.964419626316978,0.6840391990775848,0.09942906911467238,-0.21885683700248137
E00130,Dakar,IEF007,IA02,0.05,-0.6770804424361538,1,0.35653495020654297,0.10484951453784451,rural,180,113,0.46750842736065656,53,60,3.600565417391341,36.618933573197275,3,0.0790266201577342,0.76127558209034,-0.7187893191855197,0.20138778255316997
E00131,Thiès,IEF014,IA04,0.15,1.0504362281327961,0,0.597248963746674,0.10716083163398785,urbain,320,366,0.522407853647129,191,175,3.6335562000896218,37.8471696906296,10,1.012827385265556,0.9118282422009107,-0.5898242858217211,1.2960944111160362
E00132,Dakar,IEF004,IA01,0.05,1.1358119908378483,0,1.689559554478078,0.02489424271576206,urbain,320,392,0.5045194432154054,198,194,3.5559890563805587,35.02244201302952,11,1.537356591205877,0.9129150056570859,-0.8864212463042905,2.4069194376699836
E00133,Saint-Louis,IEF028,IA06,0.35,-0.09886818526410894,0,-1.6584009589402293,0.29620139670794404,rural,180,227,0.4266050583513786,97,130,3.9284059763934986,50.82589538576659,4,0.08549319804056278,0.7131187348877619,0.7729444591587477,-1.0495507566713655
E00134,Dakar,IEF007,IA02,0.05,-0.6770804424361538,1,0.35653495020654297,0.03891641977494491,rural,180,85,0.4549188514709395,39,46,3.583662915490456,36.005183546383314,2,-0.060790989722869136,0.8432235816909981,-0.7832331924454639,0.42563444561087876
E00135,Louga,IEF034,IA08,0.45,-0.5589055756131087,0,-2.3207746068026323,0.5073489228374313,urbain,320,530,0.42799129240570294,227,303,3.9095831683365927,49.87815684458967,11,-0.48204351343554025,0.7415979285710192,0.6734317263476036,-1.5295238362737333
E00136,Dakar,IEF011,IA03,0.05,0.46256507759004684,0,0.1990233856571336,0.04101415792182239,urbain,320,402,0.5021166760248417,202,200,3.742988860184362,42.22400339579751,10,0.8525311782217179,0.8759913645875584,-0.130255887853747,0.3782574469680004
E00137,Matam,IEF051,IA14,0.65,0.361886464303974,0,0.10403354045954573,0.6869254592482741,rural,180,115,0.40216248204353044,46,69,3.8911710969581623,48.968199467117444,2,-0.3405379835945968,0.7498394260942588,0.5778860231397623,-0.5233115747106862
E00138,Diourbel,IEF022,IA05,0.3,-1.961883486465059,0,-0.4134188533806319,0.30204124609598054,rural,180,192,0.3748443268880962,72,120,4.127476527192792,62.02121644247007,3,-1.2084679091859931,0.5158521395897341,1.9484553671220564,-2.2037745913937465
E00139,Matam,IEF051,IA14,0.65,0.361886464303974,0,0.10403354045954573,0.6484456158397595,rural,180,211,0.4412570282713123,93,118,4.055449277873785,57.7110854863075,4,0.40246180941214993,0.7730788347384925,1.4958907708896272,-0.17925353758977033
E00140,Dakar,IEF008,IA02,0.05,-0.6770804424361538,1,-0.3621203918588307,0.06015449050568812,urbain,320,220,0.4450971082584884,98,122,3.5066649823456677,33.3369030253164,7,-1.1317376042520189,0.7844201116111322,-1.0634031707903067,-0.1477827853589356
E00141,Ziguinchor,IEF043,IA11,0.55,0.5436260064330518,1,0.03781619554363153,0.5655798443634079,urbain,320,420,0.46922889535716805,197,223,3.466246395971889,32.016339951871274,13,0.6141219900908237,0.7363044134288299,-1.2020625526540185,0.6521729544568771
E00142,Dakar,IEF003,IA01,0.05,1.1358119908378483,0,-1.5898776485547115,0,rural,180,156,0.5351485841593331,83,73,3.7404198705360154,42.11566958196606,4,1.2499078269718398,0.8998333993239553,-0.14163095956586047,0.5645827953441408
E00143,Thiès,IEF014,IA04,0.15,1.0504362281327961,0,0.597248963746674,0.11802946930309255,urbain,320,171,0.500363627215651,86,85,3.642296995847879,38.17943408306373,4,0.9579529779209464,0.9204512548168964,-0.5549364594113962,1.407599396676354
E00144,Ziguinchor,IEF044,IA11,0.55,0.5436260064330518,1,-0.6339810327435095,0.5948359325227155,urbain,320,282,0.4456003973181585,126,156,3.400392077625139,29.975850603997653,9,-0.5835315744860996,0.8019759935352878,-1.4163143346136031,-0.16924959866786748
E00145,Saint-Louis,IEF028,IA06,0.35,-0.09886818526410894,0,-1.6584009589402293,0.37936791858393415,rural,180,273,0.40724000636531027,111,162,3.9595503764129796,52.433745199668145,5,-0.317191513214197,0.7745868761242256,0.9417690051485511,-1.2632988101569942
E00146,Thiès,IEF013,IA04,0.15,1.0504362281327961,0,-1.1304494696840526,0.18638116600732546,rural,180,248,0.48594880823738207,121,127,3.630839717947464,37.744498046015195,7,0.3422845213794378,0.8825385741716013,-0.6006048286548805,0.6239009105834986
E00147,Kaolack,IEF029,IA07,0.3,0.7594385270695994,0,-1.481619640758723,0.3246988221756095,urbain,320,199,0.4876627606597922,97,102,3.7351598521527656,41.894721989368904,5,0.5290525866933496,0.8456269929596869,-0.16483050014809975,-0.14577331869193738
E00148,Dakar,IEF012,IA03,0.05,0.46256507759004684,0,-0.8514222791158281,0,rural,180,299,0.451556770797554,135,164,3.5533832341341722,34.93129855790503,9,0.6716484848310609,0.9100164907628383,-0.8959913269786761,0.9838120040293286
E00149,Saint-Louis,IEF028,IA06,0.35,-0.09886818526410894,0,-1.6584009589402293,0.4120059401916874,rural,180,134,0.45281282698524983,61,73,4.166571207662359,64.49393624406068,2,0.24985671202533144,0.8260314114568442,2.2080914315443594,-0.9620083511540592
E00150,Fatick,IEF037,IA09,0.4,1.508379536169013,1,-0.8651748349735274,0.45344772802413463,rural,180,180,0.47720203487678814,86,94,3.326183876481233,27.831928712085762,6,0.19563885429134978,0.8806752392601351,-1.6414265539951747,0.4332695522676082
E00151,Sédhiou,IEF054,IA15,0.7,-0.5128143979953421,1,0.5471627551526171,0.6720691280657491,rural,180,282,0.38724213674324043,109,173,3.634720441811888,37.89125860474972,7,-0.9397466634956094,0.6205791282112332,-0.5851949411869435,-0.7496028880920634
E00152,Thiès,IEF017,IA04,0.15,1.0504362281327961,0,0.4161989798572152,0.14999459205830076,urbain,320,479,0.4852638242771501,232,247,3.558228023272838,35.1009439500084,14,1.2557491161290115,0.9066904944216695,-0.8781785275160099,0.9778061274145329
E00153,Thiès,IEF013,IA04,0.15,1.0504362281327961,0,-1.1304494696840526,0.18332309727040155,rural,180,101,0.46749964695093843,47,54,3.5366837395798365,34.35280722801233,3,0.6819480435050291,0.8832131581184312,-0.9567330301425965,0.43126858349750313
E00154,Diourbel,IEF021,IA05,0.3,-1.961883486465059,0,0.10955641117140437,0.25624261038224844,rural,180,213,0.4281076716636558,91,122,4.129793770604616,62.16510134144789,3,-2.076940688853984,0.6635151114929843,1.963563309751209,-1.8128647713466521
E00155,Dakar,IEF008,IA02,0.05,-0.6770804424361538,1,-0.3621203918588307,0.06380974311154959,urbain,320,297,0.4802704302462164,143,154,3.6429728594827484,38.20524689614862,8,-0.17808512857489273,0.8248845624964202,-0.552226108971885,0.3633475483182962
E00156,Thiès,IEF015,IA04,0.15,1.0504362281327961,0,-1.0960478553026407,0.19095834632851064,urbain,320,272,0.5159009978055707,140,132,3.8338037902161406,46.238084124688946,6,0.9565080570652522,0.8536191205663931,0.29122337641726875,0.5054795655261749
E00157,Thiès,IEF014,IA04,0.15,1.0504362281327961,0,0.597248963746674,0.18168733930920414,rural,180,175,0.4701399500837634,82,93,3.838878256029361,46.473314030137274,4,1.0837946070362887,0.8351484718030556,0.3159225626516927,0.6603371968989329
E00158,Diourbel,IEF020,IA05,0.3,-1.961883486465059,0,0.3932217475238377,0.3309676114406315,urbain,320,232,0.40047586663086254,93,139,4.080363126781977,59.16695105398159,4,-1.6952365908396818,0.5527271957799679,1.6487569411996201,-1.77677013986225
E00159,Kaolack,IEF030,IA07,0.3,0.7594385270695994,0,-0.4906862327461932,0.34215633248804334,urbain,320,230,0.4699800025181363,108,122,3.702295028542996,40.54023868072863,6,1.0779211580629164,0.8925797029045878,-0.30705151336392905,0.8641294025668876
E00160,Saint-Louis,IEF028,IA06,0.35,-0.09886818526410894,0,-1.6584009589402293,0.4126707992216526,rural,180,147,0.4555482905915232,67,80,3.7511809101501967,42.571325237929905,3,-0.014602164645788793,0.7290511321025426,-0.09378702627017746,-0.6295133890593991
E00161,Ziguinchor,IEF042,IA11,0.55,0.5436260064330518,1,0.09332094674687035,0.4872567344509323,rural,180,156,0.41960798874893185,65,91,3.6840777898241677,39.80839381084623,4,1.6441548088898164,0.7974764127074507,-0.38389536832140897,1.38287770542089
E00162,Thiès,IEF019,IA04,0.15,1.0504362281327961,0,0.4061865653228522,0.18534295223401545,urbain,320,364,0.47977401389988944,175,189,3.7130869584053645,40.98011538322959,9,1.2162488715333633,0.8900079194375654,-0.26086437327836665,0.7991186581871565
E00163,Tambacounda,IEF048,IA13,0.75,-0.5950300302811243,1,-1.2870708589133515,0.7699394985029174,rural,180,241,0.3510792556598948,85,156,4.002328476994101,54.725428694627794,4,-0.8955481910591141,0.5654970435980913,1.1823962218473976,-2.460676670360297
E00164,Dakar,IEF006,IA02,0.05,-0.6770804424361538,1,2.6676333910661167,0,urbain,320,374,0.44754245539176535,167,207,3.405026282980361,30.115087227762356,12,-0.11544490863954354,0.825590891103678,-1.4016944617940212,1.3115568613257444
E00165,Diourbel,IEF020,IA05,0.3,-1.961883486465059,0,0.3932217475238377,0.17730400260896273,rural,180,141,0.4183145727917525,59,82,3.8785820361102172,48.35559994136782,3,-1.8168792762201946,0.6631385751126031,0.513562952717352,-1.8133379667680305
E00166,Kaolack,IEF032,IA07,0.3,0.7594385270695994,0,0.3376374748206235,0.36198426506154363,urbain,320,471,0.48421503165458835,228,243,3.7618174816828307,43.02655493375158,11,0.31190444326729355,0.841488581817371,-0.045987818873014605,0.12824950185277895
E00167,Louga,IEF034,IA08,0.45,-0.5589055756131087,0,-2.3207746068026323,0.4782659566837345,urbain,320,131,0.39708366595475925,52,79,3.883876330479838,48.612287612352894,3,0.06856575609124077,0.644052352052633,0.5405152085440821,-1.356688365525199
E00168,Tambacounda,IEF049,IA13,0.75,-0.5950300302811243,1,0.10831608168981055,0.741189566876515,rural,180,122,0.3578735486196557,44,78,3.839106027806929,46.483900545092276,3,-1.26281513409968,0.6893808369254049,0.31703414879950303,-0.8699261654568461
E00169,Thiès,IEF014,IA04,0.15,1.0504362281327961,0,0.597248963746674,0.1651892309776692,urbain,320,332,0.48023659662330204,159,173,3.403467937376228,30.068194061332562,11,1.243393534698941,0.8881062186230773,-1.4066182534716305,1.51670107429367
E00170,Dakar,IEF003,IA01,0.05,1.1358119908378483,0,-1.5898776485547115,0.05427571882977221,urbain,320,335,0.4737436110328832,159,176,3.3949107130168286,29.81199153331513,11,1.3886829836951733,0.909392819794812,-1.4335195691915523,1.2226787743242753
E00171,Kaffrine,IEF040,IA10,0.55,-1.7249192939776967,1,-0.1388397558109453,0.5295026717629144,urbain,320,203,0.3899481942182418,79,124,3.764366539551007,43.1363720177338,5,-1.7615492502525654,0.6103088656161116,-0.03445700350398794,-1.4770787430722292
E00172,Kaolack,IEF029,IA07,0.3,0.7594385270695994,0,-1.481619640758723,0.35558282498362226,urbain,320,427,0.44482397120014433,190,237,3.7407338105480235,42.128893451422606,10,1.3150878756476614,0.8536701825489642,-0.1402424506778242,0.13145660637919615
E00173,Saint-Louis,IEF028,IA06,0.35,-0.09886818526410894,0,-1.6584009589402293,0.3811497619403752,rural,180,150,0.4461297100592535,67,83,3.5828563401852254,35.976154363159445,4,0.5740903110505732,0.7430206363854027,-0.7862812623807599,0.10437384831062485
E00174,Diourbel,IEF020,IA05,0.3,-1.961883486465059,0,0.3932217475238377,0.22863415479938637,urbain,320,225,0.3954650080573578,89,136,4.119191440606404,61.50948807815092,4,-1.1307388548266548,0.5472744789166009,1.8947237884451598,-1.276353922170283
E00175,Kaffrine,IEF041,IA10,0.55,-1.7249192939776967,1,0.31771647692565824,0.5467529803313067,rural,180,225,0.3675980173969789,83,142,3.8448263332605332,46.750564627742534,5,-0.7845329400861056,0.466513782084398,0.345033929808884,-1.3017194666493397
E00176,Matam,IEF051,IA14,0.65,0.361886464303974,0,0.10403354045954573,0.6339757114947071,rural,180,217,0.39883482050111785,87,130,3.9430738306983883,51.57689653741511,4,-0.05544229064678312,0.78546634713429,0.851799727460967,-0.4773062845659659
E00177,Tambacounda,IEF050,IA13,0.75,-0.5950300302811243,1,-0.9304449072754517,0.7484397818559269,rural,180,138,0.3898186252148339,54,84,3.994945893827661,54.32290134003505,3,-1.491359208951641,0.723988505601346,1.1401307706217663,-1.6921819381870127
E00178,Diourbel,IEF021,IA05,0.3,-1.961883486465059,0,0.10955641117140437,0.29669379204566404,urbain,320,153,0.4185814863151749,64,89,4.2283281873001775,68.60244580978743,2,-1.7546783763083156,0.5930265904491142,2.639485742214132,-2.1824478808494994
E00179,Louga,IEF035,IA08,0.45,-0.5589055756131087,0,0.9958108211774965,0.45861698631299047,urbain,320,298,0.4177459193405919,124,174,3.9062157284297347,49.710477632038575,6,0.17342992483342692,0.6487502303521739,0.6558253761237764,-0.7517714207073964
E00180,Kaolack,IEF029,IA07,0.3,0.7594385270695994,0,-1.481619640758723,0.2533115507543501,urbain,320,663,0.46876279157171763,311,352,3.82049309939193,45.62670127341606,15,-0.23001272718433613,0.8549114200666992,0.22702805705368026,-0.5698669915942749
E00181,Diourbel,IEF023,IA05,0.3,-1.961883486465059,0,0.1117959092790192,0.29189526197280896,rural,180,105,0.4205496890734229,44,61,4.029812176667419,56.25034512759632,2,-1.9452893347189377,0.39018890483606283,1.3425127465640927,-2.1224259496366633
E00182,Kolda,IEF047,IA12,0.7,0.8036427494500231,0,0.8692594740041972,0.6959507289504504,rural,180,201,0.451093390240961,91,110,4.030574274291253,56.293229721005694,4,-0.046276153936793366,0.7980207851810982,1.3470156372879016,-2.5984752132987565e-4
E00183,Saint-Louis,IEF026,IA06,0.35,-0.09886818526410894,0,0.49988989751365537,0.4046931556738288,rural,180,121,0.45107541505570165,55,66,3.697538227291545,40.347854751454115,3,-0.1716485188528986,0.7815353789696973,-0.3272518636918564,0.40734882328772853
E00184,Thiès,IEF017,IA04,0.15,1.0504362281327961,0,0.4161989798572152,0.17293219960260708,urbain,320,194,0.49183769782070985,95,99,3.776442374775518,43.66043763491477,4,0.8706929810382441,0.9061432283935671,0.020569989144506532,1.1425067214415854
E00185,Louga,IEF035,IA08,0.45,-0.5589055756131087,0,0.9958108211774965,0.435516646257339,urbain,320,293,0.41110451592175384,120,173,3.8140578843828923,45.334026363575006,6,0.09742430299278232,0.6992934033502859,0.196297134084809,-0.022032918764596145
E00186,Dakar,IEF010,IA03,0.05,0.46256507759004684,0,0.028674535806565937,0.0774684427971745,urbain,320,358,0.479205727744641,172,186,3.6216015371735173,37.39741323442412,10,-0.07348807403202343,0.8522948694338375,-0.6370488019850957,0.8732434298103972
E00187,Dakar,IEF010,IA03,0.05,0.46256507759004684,0,0.028674535806565937,0.06585444382398234,urbain,320,238,0.4796426422622466,114,124,3.654610644138366,38.65246861973917,6,0.33391369409740684,0.8669442286362261,-0.5052677402305032,0.3238983851335125
E00188,Fatick,IEF038,IA09,0.4,1.508379536169013,1,-1.390946513569097,0.4323347878608761,urbain,320,306,0.4538126482250654,139,167,3.3419107330040174,28.273097467587302,11,1.3570795100488011,0.9045096953073196,-1.5951037480909944,0.557239252039585
E00189,Dakar,IEF002,IA01,0.05,1.1358119908378483,0,-0.5868971362215678,0,urbain,320,463,0.5100386927680601,236,227,3.659660617982103,38.848156268145175,12,1.7110864916040336,0.9144807601338375,-0.48472049874543544,1.076256533019876
E00190,Kaolack,IEF029,IA07,0.3,0.7594385270695994,0,-1.481619640758723,0.30895710663060305,rural,180,134,0.5188432145654882,70,64,3.9812613530247334,53.584580691501515,3,0.3210746014286383,0.8367929034003341,1.0626069576350865,-0.40809180758216834
E00191,Thiès,IEF018,IA04,0.15,1.0504362281327961,0,1.839675695915115,0.1532216274038999,urbain,320,441,0.5170831846430687,228,213,3.7359299418335894,41.92699710822686,11,0.5958788829881289,0.8733021702714662,-0.16144160633423107,1.3484083595564
E00192,Saint-Louis,IEF025,IA06,0.35,-0.09886818526410894,0,0.09534935373040888,0.35768473937127176,rural,180,118,0.4168532479770811,49,69,3.983408487097508,53.699757576337596,2,-0.3937666332275514,0.803700186358264,1.0747005531455949,-0.6638491599583318
E00193,Kolda,IEF047,IA12,0.7,0.8036427494500231,0,0.8692594740041972,0.7219923921015209,rural,180,233,0.42298351664184863,99,134,3.813150961299408,45.2929305267969,5,0.5933520474212923,0.7986374291983911,0.19198206315831548,0.06734781623913999
E00194,Tambacounda,IEF050,IA13,0.75,-0.5950300302811243,1,-0.9304449072754517,0.6904666493903494,urbain,320,330,0.381321697661481,126,204,3.8316788514011533,46.13993534201218,7,-0.714191188117688,0.6337184606864236,0.28091773497514366,-1.104354489500556
E00195,Fatick,IEF036,IA09,0.4,1.508379536169013,1,1.1669515787289226,0.352987305149857,rural,180,178,0.5101018708893829,91,87,3.5501547346949662,34.81870473245032,5,1.0396701253958434,0.9139036558695588,-0.9078137007472316,1.740769848397093
E00196,Dakar,IEF005,IA02,0.05,-0.6770804424361538,1,0.5635836405531154,0.06366999486739845,urbain,320,183,0.45719304693464674,84,99,3.5248711752817194,33.94939981265993,5,-0.18319434648387764,0.808347994090303,-0.9990908879206984,0.31873695633266286
E00197,Saint-Louis,IEF028,IA06,0.35,-0.09886818526410894,0,-1.6584009589402293,0.2564238461736586,urbain,320,292,0.442160728758307,129,163,4.092213587913381,59.872277676304854,5,-0.4147283028774311,0.8126381433249972,1.7228163749593566,-1.0107865978786306
E00198,Ziguinchor,IEF043,IA11,0.55,0.5436260064330518,1,0.03781619554363153,0.5899644020864261,urbain,320,389,0.44991298352310405,175,214,3.622630256508719,37.4359044714503,10,-0.6707436525058911,0.7945867212116795,-0.6330072145436902,-0.19463251710567375
E00199,Ziguinchor,IEF042,IA11,0.55,0.5436260064330518,1,0.09332094674687035,0.5319426914741202,urbain,320,303,0.4492194306175452,136,167,3.672689240281634,39.357605729145554,8,0.08825609751616062,0.7161896912255158,-0.43122820536422957,-0.17595362230854833
E00200,Fatick,IEF037,IA09,0.4,1.508379536169013,1,-0.8651748349735274,0.35945421192888966,urbain,320,592,0.5051058303895285,299,293,3.5170474564879117,33.684825582057655,18,1.0282660424743837,0.8822727579747351,-1.0268712340549206,0.6795896638524256
E00201,Dakar,IEF011,IA03,0.05,0.46256507759004684,0,0.1990233856571336,0.02097210349100851,urbain,320,274,0.4908064575412558,134,140,3.516900230525071,33.67986666622776,8,1.025851933492205,0.8866822348039137,-1.027391921190215,1.1617185696327277
E00202,Kaffrine,IEF041,IA10,0.55,-1.7249192939776967,1,0.31771647692565824,0.6137014858388937,rural,180,245,0.39551755876605976,97,148,3.8424121654356322,46.6378370452236,5,-1.5722046029097771,0.5127269437062368,0.3331975115223358,-1.3799256143818863
E00203,Thiès,IEF016,IA04,0.15,1.0504362281327961,0,0.01909654917514469,0.10045950600506007,urbain,320,224,0.495834118560622,111,113,3.5837707144607154,36.00906507730238,6,1.2214438420921896,0.9118183955368359,-0.7828256309372364,1.0293857314677852
E00204,Kolda,IEF047,IA12,0.7,0.8036427494500231,0,0.8692594740041972,0.63174275474609,urbain,320,213,0.4283435242449407,91,122,3.7634566182122056,43.0971391644685,5,0.5419203677248112,0.8404574678638105,-0.03857646079603814,0.7393528547561543
E00205,Kaolack,IEF032,IA07,0.3,0.7594385270695994,0,0.3376374748206235,0.26025762195437435,urbain,320,276,0.48155836000244867,133,143,3.5554486417995066,35.00352048789617,8,0.5605245011466439,0.8713884835267558,-0.8884080101565195,0.8663164633134182
E00206,Fatick,IEF037,IA09,0.4,1.508379536169013,1,-0.8651748349735274,0.42804813887946336,rural,180,210,0.491913573214492,103,107,3.5360086465059557,34.32962371218031,6,0.42676433497585015,0.9030089174506192,-0.9591673038545742,0.5979955999558957
E00207,Kolda,IEF045,IA12,0.7,0.8036427494500231,0,-1.432219330403182,0.7196184263818065,rural,180,198,0.4362458820496333,86,112,3.973667512774248,53.17920905758138,4,0.27090599842061736,0.8153362572956683,1.020042856521908,-0.7185717777493293
E00208,Thiès,IEF018,IA04,0.15,1.0504362281327961,0,1.839675695915115,0.11595161556148587,urbain,320,362,0.5099018125265767,185,177,3.632686453796487,37.8142665658451,10,1.2755545788081504,0.8867844480002022,-0.593279120381119,1.3608716546990163
E00209,Dakar,IEF003,IA01,0.05,1.1358119908378483,0,-1.5898776485547115,0.013201432494940012,urbain,320,339,0.5123176728949532,174,165,3.615101278134299,37.15510873519052,9,1.8864787561330907,0.9056906799882469,-0.662490821955317,0.616565161907006
E00210,Louga,IEF034,IA08,0.45,-0.5589055756131087,0,-2.3207746068026323,0.41024099648109386,rural,180,107,0.4426647544328541,47,60,4.048340417404704,57.30228022346274,2,-0.2454400673758574,0.8315592038908257,1.4529661380655345,-0.7542774139143895
E00211,Kédougou,IEF055,IA16,0.9,-0.4962851679537585,0,0.0755532240045896,0.8724843824231806,rural,180,150,0.3441718880993717,52,98,4.177367201352894,65.19398443132793,2,-0.560017869736622,0.6825362247690926,2.281596628587356,-0.7836648688378952
E00212,Kaolack,IEF031,IA07,0.3,0.7594385270695994,0,0.014753903421311736,0.303984544980925,rural,180,156,0.46183724888444233,72,84,3.948961861893254,51.88147872792074,3,1.3229000701647755,0.9244059690102493,0.8837809172363453,1.1128188525184188
E00213,Thiès,IEF015,IA04,0.15,1.0504362281327961,0,-1.0960478553026407,0.14485563403026705,rural,180,177,0.5306474683927448,94,83,3.65289028673004,38.58602972470795,5,1.4474444989045296,0.8995814098398854,-0.5122438372469852,0.8421690096572604
E00214,Fatick,IEF037,IA09,0.4,1.508379536169013,1,-0.8651748349735274,0.39555872592972324,rural,180,134,0.5189417935518685,70,64,3.200837562934488,24.55308634242265,5,1.0090527766139827,0.8694923809968594,-1.9857056462614378,0.5140024717438302
E00215,Kolda,IEF045,IA12,0.7,0.8036427494500231,0,-1.432219330403182,0.6921933513564456,urbain,320,224,0.46047694772502157,103,121,4.08250691329467,59.2939284232036,4,-0.15671851791337454,0.7319249114654173,1.6620895898864199,-1.084319624413318
E00216,Dakar,IEF008,IA02,0.05,-0.6770804424361538,1,-0.3621203918588307,0.016488503693971847,urbain,320,257,0.481574724444931,124,133,3.5484447757087385,34.75921705064726,7,-0.31098169820134314,0.7559827551351559,-0.9140599190106264,0.12900045559393208
E00217,Dakar,IEF001,IA01,0.05,1.1358119908378483,0,-0.3499273505312711,0.02197237681310224,urbain,320,378,0.4680674164537315,177,201,3.6900981010568126,40.048775591791575,9,0.7274451378908122,0.9121653392702694,-0.3586552341487763,0.7466791493604151
E00218,Dakar,IEF003,IA01,0.05,1.1358119908378483,0,-1.5898776485547115,0.02357773163540916,urbain,320,372,0.5411907174320875,201,171,3.683122685719402,39.770390801817264,9,1.3499463515109023,0.9246103071548104,-0.3878856917272958,0.46698213151231055
E00219,Kaolack,IEF032,IA07,0.3,0.7594385270695994,0,0.3376374748206235,0.1877070245674558,urbain,320,495,0.49805672213299396,247,248,3.7979497515207368,44.60962984473264,11,0.2637026198802795,0.866329046419354,0.12023535744822256,0.7429668270225311
E00220,Diourbel,IEF024,IA05,0.3,-1.961883486465059,0,-2.89232139833262,0.2512319431500473,rural,180,342,0.39128544718933,134,208,4.11365861937343,61.170106810189814,6,-1.7501583522322703,0.5312457933398061,1.8590886887078617,-2.9553908332610836
E00221,Dakar,IEF010,IA03,0.05,0.46256507759004684,0,0.028674535806565937,0,urbain,320,402,0.48274767636938126,194,208,3.6051254687520564,36.786299098744514,11,0.6932329270650383,0.8758078568496739,-0.7012159061586561,1.051570099641004
E00222,Saint-Louis,IEF027,IA06,0.35,-0.09886818526410894,0,0.949372149400778,0.3049502348021786,rural,180,140,0.44643479213789977,63,77,3.8778292702925343,48.31921319570582,3,1.267345550642493,0.8030342759185037,0.5097423372821782,0.62369157718043
E00223,Thiès,IEF013,IA04,0.15,1.0504362281327961,0,-1.1304494696840526,0.22075452355955108,urbain,320,355,0.4658956243322514,165,190,3.627841978247002,37.631519290804974,9,1.0854816189242191,0.8872279586833262,-0.6124676201233048,1.027624636019865
E00224,Fatick,IEF037,IA09,0.4,1.508379536169013,1,-0.8651748349735274,0.4722703644580486,rural,180,95,0.5119909399564064,49,46,3.326747709625935,27.84762570080003,3,0.5248791007176797,0.8887226317893536,-1.639778367099744,0.5735159433368183
E00225,Dakar,IEF007,IA02,0.05,-0.6770804424361538,1,0.35653495020654297,0.07082194791452923,urbain,320,453,0.45134362195615235,204,249,3.395332704034633,29.82457458074482,15,0.08940580812579586,0.7733354345010305,-1.4321983467420931,0.6103358872927087
E00226,Saint-Louis,IEF026,IA06,0.35,-0.09886818526410894,0,0.49988989751365537,0.3437128755722031,urbain,320,421,0.425539405314425,179,242,3.7255865978405027,41.495566816861135,10,0.11161012329736326,0.8175306086367036,-0.20674187159303978,0.0960118247416143
E00227,Fatick,IEF038,IA09,0.4,1.508379536169013,1,-1.390946513569097,0.35027059286424067,urbain,320,202,0.4996800524320211,101,101,3.3965902277041318,29.86210328088164,7,0.9806437318548392,0.9106223071796905,-1.4282578258629617,0.5881299191155613
E00228,Dakar,IEF002,IA01,0.05,1.1358119908378483,0,-0.5868971362215678,0.02404260275153257,urbain,320,340,0.5074922629293906,173,167,3.4481799328732614,31.443111623386166,11,1.6072130590576184,0.9152731798734978,-1.2622516396373116,1.4331681860173695
E00229,Matam,IEF052,IA14,0.65,0.361886464303974,0,-0.6415822632825328,0.5693974735253037,urbain,320,408,0.43193512307521104,176,232,4.008934573612262,55.08814692077849,7,-0.023926369759105927,0.7601389088173831,1.2204817067743297,-0.5514348805197421
E00230,Dakar,IEF002,IA01,0.05,1.1358119908378483,0,-0.5868971362215678,0.10062672256011182,urbain,320,419,0.5116149968085302,214,205,3.66831306950204,39.18574644206522,11,1.033454798815449,0.905021317980546,-0.44927346423393927,0.6064273651699366
E00231,Kaffrine,IEF041,IA10,0.55,-1.7249192939776967,1,0.31771647692565824,0.5953419465201385,rural,180,118,0.33415956715594897,39,79,3.7417967886754107,42.17369935332041,3,-1.773356895232667,0.661431850241473,-0.13553782218568605,-1.1295087710346774
E00232,Tambacounda,IEF049,IA13,0.75,-0.5950300302811243,1,0.10831608168981055,0.7270460164893611,rural,180,282,0.379284226239257,107,175,3.887510382680853,48.78926858742547,6,-0.8943223775285516,0.6136810044346283,0.5590982456580755,-1.1626665576162203
E00233,Fatick,IEF036,IA09,0.4,1.508379536169013,1,1.1669515787289226,0.3449367585643998,urbain,320,443,0.5145802955286556,228,215,3.5544017794397416,34.96689579368984,13,1.3403918191614563,0.8983008557375368,-0.892253610235544,2.156551467740317
E00234,Kaolack,IEF030,IA07,0.3,0.7594385270695994,0,-0.4906862327461932,0.38781352041623884,rural,180,110,0.4564645375371158,50,60,3.8423535250837046,46.63510226623111,2,0.5309560435268522,0.8797846471338295,0.3329103591914416,0.346894301510853
E00235,Kaolack,IEF029,IA07,0.3,0.7594385270695994,0,-1.481619640758723,0.2658196302864927,urbain,320,414,0.4604374062109521,191,223,3.8781900173632247,48.33664735479607,9,0.8627870906099372,0.8236660100607934,0.5115729274079955,-0.4963140529059582
E00236,Louga,IEF033,IA08,0.45,-0.5589055756131087,0,-1.965905696172405,0.33775419431443066,urbain,320,140,0.4292573681770757,60,80,3.9085768046603326,49.827986528328665,3,-1.0521482138541318,0.718686929346718,0.6681638332945978,-1.6195371585090728
E00237,Thiès,IEF017,IA04,0.15,1.0504362281327961,0,0.4161989798572152,0.2179625131068087,urbain,320,373,0.531556125822377,198,175,3.744346543006658,42.281369133322904,9,1.3182129353869068,0.8872113019892969,-0.12423247415592513,1.0545927947536198
E00238,Dakar,IEF004,IA01,0.05,1.1358119908378483,0,1.689559554478078,0.009672437747645986,urbain,320,127,0.49626906690423817,63,64,3.5822658730784265,35.954917897713045,4,1.556813559568573,0.8950399332100757,-0.788511095420151,1.8964761602323699
E00239,Louga,IEF035,IA08,0.45,-0.5589055756131087,0,0.9958108211774965,0.37455123933821255,rural,180,126,0.4218000412766988,53,73,3.8196241991684445,45.587073441291984,3,-0.610243366008811,0.7326897705794783,0.22286712690394622,-0.11935530913521375
E00240,Thiès,IEF017,IA04,0.15,1.0504362281327961,0,0.4161989798572152,0.11861755833227053,rural,180,205,0.4851452318823143,99,106,3.684209438339875,39.8136348717855,5,1.4242446241633944,0.8684108931308497,-0.3833450558942613,0.9156001305162342
E00241,Fatick,IEF037,IA09,0.4,1.508379536169013,1,-0.8651748349735274,0.4859675503469635,urbain,320,536,0.48833062221651613,262,274,3.3742142607147536,29.201330132357604,18,0.41065900104321207,0.8644402364405188,-1.497639136130448,0.6558020774376012
E00242,Fatick,IEF036,IA09,0.4,1.508379536169013,1,1.1669515787289226,0.4156497624080778,urbain,320,376,0.4646192877602827,175,201,3.502392762909617,33.19478425771541,11,0.7787009539882604,0.9005574121158803,-1.0783256692783008,0.9960108154385408
E00243,Louga,IEF034,IA08,0.45,-0.5589055756131087,0,-2.3207746068026323,0.48658238313659763,urbain,320,394,0.4245661307113273,167,227,3.9824311212652175,53.64729890791117,7,-0.9999192917893032,0.6730742441529726,1.0691923826661454,-2.005188885680688
E00244,Thiès,IEF019,IA04,0.15,1.0504362281327961,0,0.4061865653228522,0.0941629088569653,urbain,320,277,0.5421923748810137,150,127,3.4717928537039247,32.19441060231523,9,0.9833830538968186,0.8927557577966436,-1.183365099412188,1.0743076639159765
E00245,Thiès,IEF013,IA04,0.15,1.0504362281327961,0,-1.1304494696840526,0.2622432747048954,rural,180,250,0.49853316875618386,125,125,3.7839270435493906,43.98844754061836,6,0.5740821526803068,0.8384829071507529,0.05501109361320859,-0.006840754314028766
E00246,Dakar,IEF001,IA01,0.05,1.1358119908378483,0,-0.3499273505312711,0.0023145373268767394,urbain,320,365,0.5163563870742272,188,177,3.4464446089150615,31.38859495418757,12,1.4138092261682422,0.905146177032892,-1.2679759006017082,1.229918020489295
E00247,Sédhiou,IEF054,IA15,0.7,-0.5128143979953421,1,0.5471627551526171,0.6453726832647585,rural,180,199,0.40627528656404854,81,118,3.643462187989099,38.22394638727098,5,-1.766191578261002,0.6121534920029332,-0.5502626587343833,-1.3517416228091674
E00248,Fatick,IEF037,IA09,0.4,1.508379536169013,1,-0.8651748349735274,0.38126951503525547,rural,180,267,0.516094239560883,138,129,3.469572520276626,32.12300757488108,8,1.2625569810549788,0.9080506947608502,-1.190862431305157,1.147842342736687
E00249,Kaffrine,IEF040,IA10,0.55,-1.7249192939776967,1,-0.1388397558109453,0.6283737873878728,rural,180,201,0.3269512665413567,66,135,3.740780148033663,42.13084564364742,5,-1.9090454593178152,0.5251361473781572,-0.1400374701111137,-1.4318035764612471
E00250,Saint-Louis,IEF027,IA06,0.35,-0.09886818526410894,0,0.949372149400778,0.3784343689115359,rural,180,158,0.41184159400791603,65,93,4.023825498628783,55.914598428222746,3,0.5734890570441353,0.8011083792629332,1.3072592772417464,-0.13640221668553548
E00251,Dakar,IEF012,IA03,0.05,0.46256507759004684,0,-0.8514222791158281,0.04921381570551083,urbain,320,206,0.43931763106217125,90,116,3.4744684681472995,32.28066577365208,6,0.24782105089617715,0.8257715600228647,-1.1743082894947985,0.5275013306486214
E00252,Dakar,IEF002,IA01,0.05,1.1358119908378483,0,-0.5868971362215678,0,urbain,320,311,0.49764013340513547,155,156,3.655258175419606,38.67750540744438,8,1.1471124091363802,0.9051380123244134,-0.5026388726081482,0.7301840222099645
E00253,Tambacounda,IEF049,IA13,0.75,-0.5950300302811243,1,0.10831608168981055,0.749280156010979,urbain,320,447,0.36393197653784404,163,284,3.722827551017516,41.381236399081835,11,-1.451149548746127,0.6635439281258939,-0.21874658789647225,-1.1563231281558952
E00254,Kaffrine,IEF040,IA10,0.55,-1.7249192939776967,1,-0.1388397558109453,0.6248046012372405,rural,180,331,0.3502902655925303,116,215,3.8771272353331385,48.28530332318264,7,-0.9913334213033558,0.5251666780602322,0.5061817940126506,-1.3982300363513716
E00255,Diourbel,IEF022,IA05,0.3,-1.961883486465059,0,-0.4134188533806319,0.3318312642264599,urbain,320,297,0.3806316725612186,113,184,3.825607758445191,45.86066410417617,6,-1.0402791111109926,0.4924702598585016,0.2515942001971864,-1.7580675607291611
E00256,Dakar,IEF009,IA03,0.05,0.46256507759004684,0,0.5687463271242291,0.07875696971659099,urbain,320,256,0.4614986672199515,118,138,3.646736684299832,38.34931570736495,7,1.2747758047480073,0.8824339987360703,-0.5370988555215969,1.1036445897781133
E00257,Kaolack,IEF032,IA07,0.3,0.7594385270695994,0,0.3376374748206235,0.3746170871395341,urbain,320,235,0.4711958207672212,111,124,3.7209033947502297,41.301688989083104,6,0.6167343502413676,0.8268857273032338,-0.22709908155700448,0.06145639638389566
E00258,Ziguinchor,IEF043,IA11,0.55,0.5436260064330518,1,0.03781619554363153,0.48499561861738927,rural,180,115,0.4484336347936743,52,63,3.6827439990733715,39.7553331371614,3,0.15545723679573237,0.8608038809408511,-0.3894667494711309,0.6798304419462342
E00259,Dakar,IEF005,IA02,0.05,-0.6770804424361538,1,0.5635836405531154,0.045100430934361106,urbain,320,474,0.4822143746585092,229,245,3.5058407561518,33.3094371972029,14,-1.1048472314156028,0.787498910968235,-1.0662870881322162,0.17866649962291856
E00260,Kaolack,IEF029,IA07,0.3,0.7594385270695994,0,-1.481619640758723,0.27258318897796424,rural,180,241,0.49103758337618003,118,123,3.546904276760815,34.70571173637156,7,0.4487317957151426,0.8746530574934859,-0.9196779875096469,0.11865869923692327
E00261,Diourbel,IEF022,IA05,0.3,-1.961883486465059,0,-0.4134188533806319,0.311778106065222,rural,180,193,0.33924379644289815,65,128,4.1463368968945895,63.20206008445516,3,-1.3764431781190256,0.5561003668307453,2.072444181263428,-2.1591863166870175
E00262,Dakar,IEF007,IA02,0.05,-0.6770804424361538,1,0.35653495020654297,4.915391929492738e-4,urbain,320,471,0.48099373100471227,227,244,3.4311197587658833,30.91123650577321,15,-0.06659568334044963,0.8143570152965621,-1.3180986313637282,1.1042599919642972
E00263,Saint-Louis,IEF025,IA06,0.35,-0.09886818526410894,0,0.09534935373040888,0.36913935856152263,urbain,320,193,0.4605698734123098,89,104,3.940366719117376,51.43746094249682,4,-0.493080269557556,0.7946706188602147,0.8371589626312117,-0.2271458132156899
E00264,Sédhiou,IEF054,IA15,0.7,-0.5128143979953421,1,0.5471627551526171,0.5993596661988351,urbain,320,471,0.3983386110885799,188,283,3.795066228144433,44.48118221414017,11,-1.3521315461099854,0.6459541394204346,0.10674833102899554,-1.6121803001782697
E00265,Kédougou,IEF055,IA16,0.9,-0.4962851679537585,0,0.0755532240045896,0.8498839669182071,rural,180,133,0.3608071638834266,48,85,4.314273911535147,74.75932185121216,2,-1.8965701511244477,0.5758480881228651,3.2859589348108837,-2.246112749183985
E00266,Dakar,IEF001,IA01,0.05,1.1358119908378483,0,-0.3499273505312711,0.10140058757161104,rural,180,284,0.5110654629379303,145,139,3.7898820637296935,44.25118114896586,6,1.0417277125365176,0.9127740778271398,0.08259817404946997,1.0696741268788414
E00267,Dakar,IEF010,IA03,0.05,0.46256507759004684,0,0.028674535806565937,0.08926834829819473,urbain,320,286,0.513190366865007,147,139,3.6973025829478865,40.338348127838216,7,0.6497087502769027,0.8469679752464745,-0.3282500610371392,0.5771886641912222
E00268,Thiès,IEF013,IA04,0.15,1.0504362281327961,0,-1.1304494696840526,0.1874081948580609,urbain,320,319,0.4765923568814078,152,167,3.8234692888048745,45.76269725320688,7,0.8790056628454394,0.8867002707200359,0.241307661620049,0.5770390485107444
E00269,Louga,IEF033,IA08,0.45,-0.5589055756131087,0,-1.965905696172405,0.4723498656434966,urbain,320,317,0.4303347343633242,136,181,3.852250258710347,47.098928849283894,7,-0.5668176124164627,0.7174853466304874,0.38161224143495504,-1.0888759468777462
E00270,Kaolack,IEF032,IA07,0.3,0.7594385270695994,0,0.3376374748206235,0.266204385550319,rural,180,141,0.4738550395535762,67,74,3.4761874671234034,32.33620392640273,4,1.0105479501459398,0.853359463825411,-1.1684767725569765,1.183931710019798
E00271,Kaolack,IEF030,IA07,0.3,0.7594385270695994,0,-0.4906862327461932,0.2658011998926215,urbain,320,302,0.3969534881038166,120,182,3.7226692479912606,41.37468614260606,7,1.2613633993527917,0.8688594584718251,-0.2194343661118743,0.6647912528599261
E00272,Louga,IEF035,IA08,0.45,-0.5589055756131087,0,0.9958108211774965,0.4178664369093887,rural,180,82,0.40154009011050196,33,49,3.7404614251853077,42.11741972020819,2,-0.027428149896662497,0.6862972251866699,-0.1414471947069835,-0.18102311695135237
E00273,Diourbel,IEF023,IA05,0.3,-1.961883486465059,0,0.1117959092790192,0.4383115342072077,rural,180,249,0.34850025959721437,87,162,4.19367468755901,66.26585039920197,4,-2.5950296818129313,0.5366362972845655,2.394142765560902,-3.065196595585425
E00274,Dakar,IEF003,IA01,0.05,1.1358119908378483,0,-1.5898776485547115,0.09371981564498538,rural,180,173,0.4991955270451324,86,87,3.4138207870614385,30.38110250697881,6,0.9281042804098348,0.9356629492244535,-1.3737628052725133,0.9542638297990568
E00275,Dakar,IEF003,IA01,0.05,1.1358119908378483,0,-1.5898776485547115,0.12808880617038268,urbain,320,250,0.4844301169711555,121,129,3.6076650742622416,36.87984051550837,7,1.2644430652617695,0.882675462942026,-0.6913940390415525,1.2546192640040013
E00276,Dakar,IEF011,IA03,0.05,0.46256507759004684,0,0.1990233856571336,0.02517414034019419,urbain,320,365,0.4810640794902208,176,189,3.716339434013396,41.113619200191735,9,1.5307295208716585,0.8720763084197329,-0.24684644629807947,1.6390414344096158
E00277,Diourbel,IEF020,IA05,0.3,-1.961883486465059,0,0.3932217475238377,0.31982545773418974,urbain,320,484,0.3878033824064045,188,296,4.245486092234124,69.78967611967293,7,-1.0350264180682291,0.5613377521255276,2.76414515773839,-1.2954972546645371
E00278,Kaffrine,IEF041,IA10,0.55,-1.7249192939776967,1,0.31771647692565824,0.6099922433420064,rural,180,187,0.36553856082619485,68,119,3.8392914043560897,46.49251836891341,4,-1.6555530704123564,0.6418825100989151,0.31793902199191426,-1.2827436618934864
E00279,Tambacounda,IEF050,IA13,0.75,-0.5950300302811243,1,-0.9304449072754517,0.7687586192182965,rural,180,211,0.37589618599912855,79,132,3.85075053327751,47.02834632825955,4,-0.532150344269935,0.680496677095124,0.3742010628760353,-1.550463392510935
E00280,Louga,IEF035,IA08,0.45,-0.5589055756131087,0,0.9958108211774965,0.47103515872135315,rural,180,164,0.42100773126617724,69,95,4.06696010465679,58.379225841428315,3,0.5643536654041502,0.6813349145726373,1.5660456392955413,-0.14462019888287178
E00281,Kolda,IEF046,IA12,0.7,0.8036427494500231,0,-0.3584819723018034,0.7369503656572319,rural,180,75,0.4422105178611666,33,42,3.9996125137950913,54.576998101498376,1,0.004493825913703874,0.6615652288176296,1.1668109804402633,-0.8189109120317832
E00282,Sédhiou,IEF053,IA15,0.7,-0.5128143979953421,1,-1.6637734035387284,0.7700287770930433,rural,180,142,0.42014108582027815,60,82,3.821371092356767,45.66677878745598,3,-0.20501499121505412,0.606261522140999,0.23123620389282531,-1.0428072177017957
E00283,Kolda,IEF045,IA12,0.7,0.8036427494500231,0,-1.432219330403182,0.6336833346661503,urbain,320,274,0.43726885961861667,120,154,3.8053525903845635,44.94109311710871,6,0.5001510057464565,0.782386871573919,0.15503906609523604,0.029037036892122114
E00284,Diourbel,IEF024,IA05,0.3,-1.961883486465059,0,-2.89232139833262,0.2894300596462328,rural,180,248,0.3962759173869274,98,150,3.865167343328231,47.71125592503857,5,-2.128762619704904,0.6070177136677489,0.4459067045544296,-2.1565625915851263
E00285,Kaolack,IEF031,IA07,0.3,0.7594385270695994,0,0.014753903421311736,0.32930524751166723,rural,180,104,0.45336487664364283,47,57,3.533816761393497,34.25445952677175,3,0.017021497712007918,0.8136141759533648,-0.9670595580729588,0.2869218097186111
E00286,Thiès,IEF014,IA04,0.15,1.0504362281327961,0,0.597248963746674,0.09648538463314622,urbain,320,181,0.49725763455854494,90,91,3.699622136192323,40.432023674822396,4,0.4174794201163606,0.9352967958631339,-0.3184141102205793,1.3465998776321095
E00287,Dakar,IEF012,IA03,0.05,0.46256507759004684,0,-0.8514222791158281,0.05482108396576038,urbain,320,247,0.48624005719851454,120,127,3.8321723935913177,46.16271296715207,5,0.9065987754447433,0.8414295336445834,0.28330939008479367,0.7588840000560506
E00288,Dakar,IEF002,IA01,0.05,1.1358119908378483,0,-0.5868971362215678,0,urbain,320,352,0.4951865548708961,174,178,3.731676576116712,41.749044972151886,8,1.7730337230056914,0.8919018563041584,-0.18012661554406031,1.0745183683889201
E00289,Louga,IEF035,IA08,0.45,-0.5589055756131087,0,0.9958108211774965,0.44275161985489786,rural,180,130,0.39427660553230315,51,79,4.074954804265175,58.84782085773711,2,-0.18202440911590465,0.6491324356587309,1.61524820796671,-1.0533394108501213
E00290,Dakar,IEF010,IA03,0.05,0.46256507759004684,0,0.028674535806565937,0,urbain,320,359,0.5008925311310628,180,179,3.7411457984103573,42.14625362002197,9,0.9154160185687857,0.8927081489325046,-0.13841962956806966,0.8824201520294662
E00291,Ziguinchor,IEF042,IA11,0.55,0.5436260064330518,1,0.09332094674687035,0.5261046277007653,rural,180,210,0.49673632135458445,104,106,3.616384488242962,37.20281714972139,6,0.30871162437918626,0.7563504164725368,-0.657481429067107,1.0968631040706491
E00292,Fatick,IEF038,IA09,0.4,1.508379536169013,1,-1.390946513569097,0.4476115126760015,rural,180,149,0.4961900904579953,74,75,3.4691712012591034,32.11011858751211,5,1.7962463397414703,0.900727789373542,-1.192215777508279,0.7010508229835004
E00293,Dakar,IEF008,IA02,0.05,-0.6770804424361538,1,-0.3621203918588307,0.02487950259813762,urbain,320,219,0.4817947140545953,106,113,3.3247980001975517,27.793383817551454,8,0.1290527115016044,0.7627106304000664,-1.6454737754854636,0.18910000693765447
E00294,Tambacounda,IEF049,IA13,0.75,-0.5950300302811243,1,0.10831608168981055,0.6649051546856647,urbain,320,311,0.35242632384073663,110,201,3.824482980569435,45.809110042693405,7,-1.2652570854401217,0.6581162753644205,0.2461810136243442,-0.9600000561796631
E00295,Dakar,IEF009,IA03,0.05,0.46256507759004684,0,0.5687463271242291,0.05248801282499388,urbain,320,168,0.5113789590461241,86,82,3.5819126490453894,35.942219999339166,5,0.389336323494187,0.8709324948923448,-0.7898443772412889,0.8059710479167874
E00296,Ziguinchor,IEF043,IA11,0.55,0.5436260064330518,1,0.03781619554363153,0.5357159674391783,urbain,320,246,0.3943790993685729,97,149,3.6305805858783096,37.73471850328863,7,-0.26953279205746017,0.7565641018388011,-0.6016316825603417,-0.029629524991837228
E00297,Ziguinchor,IEF043,IA11,0.55,0.5436260064330518,1,0.03781619554363153,0.5532064037882197,urbain,320,455,0.4497081660771619,205,250,3.6677823090595516,39.16495371641064,12,0.915549368681406,0.7949469064496699,-0.4514567045081083,0.5536288909974728
E00298,Fatick,IEF037,IA09,0.4,1.508379536169013,1,-0.8651748349735274,0.41874485350101065,rural,180,170,0.49780538951397263,85,85,3.6071485544569692,36.86079626625619,5,1.0107264441657287,0.8646119990344477,-0.6933936889503426,0.08228144389119407
E00299,Dakar,IEF010,IA03,0.05,0.46256507759004684,0,0.028674535806565937,0.07324690124262427,urbain,320,429,0.49021089941779655,210,219,3.748131852516633,42.44172050030816,10,0.11445251398264615,0.8865138258578937,-0.10739554915455353,0.6261768861319059
E00300,Saint-Louis,IEF025,IA06,0.35,-0.09886818526410894,0,0.09534935373040888,0.4560944934883638,rural,180,146,0.42955497408325066,63,83,3.974475023482509,53.22216918139781,3,-0.19061251169086582,0.6894344923671115,1.0245536779532796,-0.6855370071484609
E00301,Dakar,IEF001,IA01,0.05,1.1358119908378483,0,-0.3499273505312711,0,urbain,320,437,0.4840105894421791,212,225,3.459113102822644,31.788770637710027,14,1.2867130865091057,0.9230860146647033,-1.2259573752999573,0.8891874298669566
E00302,Dakar,IEF002,IA01,0.05,1.1358119908378483,0,-0.5868971362215678,0.07201266338752471,urbain,320,380,0.5111248327832101,194,186,3.732134345254143,41.76816077143502,9,0.8017256869947493,0.9297611195526677,-0.178119452867979,1.1011497651484436
E00303,Kolda,IEF045,IA12,0.7,0.8036427494500231,0,-1.432219330403182,0.7140679816479143,rural,180,216,0.4482445169297076,97,119,4.003815398119523,54.806861617814896,4,0.14283154980069487,0.7633246063976892,1.1909466947627283,-1.1196891689157638
E00304,Tambacounda,IEF048,IA13,0.75,-0.5950300302811243,1,-1.2870708589133515,0.8049013964889012,rural,180,151,0.3458364568039797,52,99,3.653243507354206,38.59966151358416,4,-1.9130057107664373,0.6620468928426713,-0.5108124967398325,-1.5493827992102251
E00305,Kaffrine,IEF041,IA10,0.55,-1.7249192939776967,1,0.31771647692565824,0.48473475384917986,urbain,320,238,0.35955281087855834,86,152,3.71802483988871,41.18297076189531,6,-0.8586596911480706,0.5749166053244865,-0.23956451870940784,-0.8837584452779047
E00306,Tambacounda,IEF049,IA13,0.75,-0.5950300302811243,1,0.10831608168981055,0.7175075986246555,rural,180,343,0.3496480290114056,120,223,3.7597398336957353,42.937253698890544,8,-2.345457860203337,0.7019778454725111,-0.05536446605821356,-1.3022831717517167
E00307,Matam,IEF051,IA14,0.65,0.361886464303974,0,0.10403354045954573,0.6092242891234846,rural,180,118,0.42106774497206506,50,68,3.730444462714547,41.697637090987335,3,-0.1637750241101747,0.8276998401725112,-0.1855244531548027,0.02942402629091431
E00308,Saint-Louis,IEF026,IA06,0.35,-0.09886818526410894,0,0.49988989751365537,0.2906054648851595,urbain,320,295,0.4382703798943164,129,166,3.679265008335004,39.61726500950271,7,-0.2424683715509262,0.831265609118527,-0.4039639299702717,-0.22064019996535594
E00309,Thiès,IEF015,IA04,0.15,1.0504362281327961,0,-1.0960478553026407,0.1259081981084423,rural,180,176,0.47250585837090253,83,93,3.5247227261202125,33.94436042677963,5,-0.06005055404012927,0.8689800607649194,-0.9996200244270763,0.7650318479866256
E00310,Diourbel,IEF024,IA05,0.3,-1.961883486465059,0,-2.89232139833262,0.2312784345387222,urbain,320,270,0.42842558740016906,116,154,3.946590014733932,51.75856960842186,5,-1.5262261445639285,0.6230031153023442,0.8708754355688423,-2.2593157502046473
E00311,Diourbel,IEF022,IA05,0.3,-1.961883486465059,0,-0.4134188533806319,0.23945630723439854,rural,180,196,0.3805090713316639,75,121,3.9607081623432903,52.494487408586004,4,-1.3582757155639658,0.7494157164681707,0.9481469490051924,-0.9991695147633475
E00312,Dakar,IEF011,IA03,0.05,0.46256507759004684,0,0.1990233856571336,0.0010645308970232137,urbain,320,296,0.47627033486899484,141,155,3.817052727759661,45.4699981776871,7,0.14392866325012724,0.855728717930684,0.21057420125016937,-0.06124468414439016
E00313,Tambacounda,IEF048,IA13,0.75,-0.5950300302811243,1,-1.2870708589133515,0.7967183240625374,rural,180,119,0.3807362044624635,45,74,3.941032605117507,51.471723833944566,2,-0.8809861204665731,0.7219416026128787,0.8407565729570962,-1.170047316033354
E00314,Diourbel,IEF021,IA05,0.3,-1.961883486465059,0,0.10955641117140437,0.2969100506288152,urbain,320,277,0.4054388536640106,112,165,4.004230728758805,54.829629314421396,5,-1.2645894780325284,0.604942041732642,1.1933373073744242,-1.5864393090421482
E00315,Diourbel,IEF020,IA05,0.3,-1.961883486465059,0,0.3932217475238377,0.2808897576388816,urbain,320,438,0.37799445643377166,166,272,3.7375365842337542,41.994412941558956,10,-1.0368104903028086,0.5376885775335474,-0.15436293060443884,-1.2105647170589264
E00316,Dakar,IEF006,IA02,0.05,-0.6770804424361538,1,2.6676333910661167,0.030281838086590743,urbain,320,401,0.4750715652711157,191,210,3.5564910616625145,35.0400278776362,11,-0.3388488263539382,0.8096969359455612,-0.8845747270694768,0.6218026240844814
E00317,Tambacounda,IEF048,IA13,0.75,-0.5950300302811243,1,-1.2870708589133515,0.6899421649841704,rural,180,138,0.40081325541880347,55,83,3.794213988435818,44.443289733403,3,-0.9766285526137432,0.6311438201022732,0.10276961311543807,-1.6139653694967775
E00318,Diourbel,IEF023,IA05,0.3,-1.961883486465059,0,0.1117959092790192,0.2939944643745898,urbain,320,218,0.37391223264338824,82,136,4.0371780492641065,56.666207718502626,4,-1.6087450942703752,0.7253389541950932,1.3861784002196023,-1.2282957774185268
E00319,Ziguinchor,IEF044,IA11,0.55,0.5436260064330518,1,-0.6339810327435095,0.5537798083502277,urbain,320,361,0.42398570169358196,153,208,3.5611120340261655,35.20232156661289,10,-0.11464081548900591,0.7930435237298572,-0.8675338578778363,-0.11152928448740647
E00320,Louga,IEF033,IA08,0.45,-0.5589055756131087,0,-1.965905696172405,0.39868620640205454,urbain,320,170,0.446881433474959,76,94,4.001486150425828,54.67935142085848,3,-0.6803539069040297,0.7874235956457372,1.1775580990592522,-1.1714589430147349
E00321,Kolda,IEF045,IA12,0.7,0.8036427494500231,0,-1.432219330403182,0.6810380394607864,rural,180,150,0.4483957559275712,67,83,4.070407058680301,58.58080356381554,3,-0.11991540584651289,0.8108162774875534,1.5872113397045262,-1.1958252270184555
E00322,Louga,IEF034,IA08,0.45,-0.5589055756131087,0,-2.3207746068026323,0.3817853987343739,rural,180,141,0.40805849081622136,58,83,3.9629176836621003,52.61060333069828,3,-0.957241417174312,0.7395976281049521,0.9603391436139813,-1.7959887522154463
E00323,Kaffrine,IEF039,IA10,0.55,-1.7249192939776967,1,-1.332630847294145,0.575171237332981,urbain,320,285,0.36512298703782287,104,181,4.121382664328606,61.64441690320146,5,-1.2254428561482922,0.44230118804052915,1.9088913415543767,-3.0476548564888355
E00324,Kolda,IEF047,IA12,0.7,0.8036427494500231,0,0.8692594740041972,0.7297513790930595,urbain,320,244,0.4250510805179619,104,140,3.9808044992175042,53.560105962915976,5,-0.3300638368832268,0.8341856917329189,1.0600371063305976,0.2238435623227535
E00325,Kédougou,IEF055,IA16,0.9,-0.4962851679537585,0,0.0755532240045896,0.9907568721745262,rural,180,148,0.35728214696463645,53,95,4.225539174133879,68.4113792526079,2,-1.0321204626144713,0.5605313143266719,2.6194237162147043,-2.096595699296392
E00326,Dakar,IEF009,IA03,0.05,0.46256507759004684,0,0.5687463271242291,0.03157066806602765,urbain,320,204,0.5163432097954237,105,99,3.892682536004148,49.04226787664632,4,1.122841080472203,0.9136717448260753,0.5856632206757414,0.0668726961815318
E00327,Dakar,IEF010,IA03,0.05,0.46256507759004684,0,0.028674535806565937,0.022821934695647972,urbain,320,483,0.4651757853559841,225,258,3.5778762962323767,35.797436912916844,13,1.4467260329930849,0.8335516111140914,-0.8050466297283783,0.6142706755151592
E00328,Saint-Louis,IEF025,IA06,0.35,-0.09886818526410894,0,0.09534935373040888,0.42314861400362247,rural,180,182,0.44553280830270264,81,101,3.9629648157875583,52.613083038691386,3,0.3921841582521656,0.7945810865861542,0.9605995134398838,-0.0774701039588844
E00329,Thiès,IEF015,IA04,0.15,1.0504362281327961,0,-1.0960478553026407,0.2131485457359905,rural,180,151,0.4624835190533352,70,81,3.643841585894367,38.238451223839704,4,1.3450836929104937,0.8791438862741523,-0.5487396480481866,0.6408847537368447
E00330,Thiès,IEF019,IA04,0.15,1.0504362281327961,0,0.4061865653228522,0.25319926046823504,urbain,320,377,0.5060829262365091,191,186,3.781233878954778,43.87013879510144,9,0.6702197443902155,0.8615825925172239,0.04258865211660487,0.686717410061602
E00331,Tambacounda,IEF049,IA13,0.75,-0.5950300302811243,1,0.10831608168981055,0.737346952384513,rural,180,216,0.36695359405119504,79,137,3.6836919731630813,39.79303803171111,5,-1.1448807715542613,0.6819452072600267,-0.3855077281440691,-0.8592577818350782
E00332,Fatick,IEF037,IA09,0.4,1.508379536169013,1,-0.8651748349735274,0.4359200229264661,rural,180,205,0.4759851456245208,98,107,3.4239809858248713,30.691353986526945,7,1.6948795471261613,0.8927341685356392,-1.3411863390351102,1.1320834859653264
E00333,Matam,IEF051,IA14,0.65,0.361886464303974,0,0.10403354045954573,0.6613286871636676,urbain,320,388,0.42218803814892625,164,224,4.017696288040212,55.57293421505129,7,0.3604035204852316,0.7612450401310005,1.2713844678093487,0.14594118043070797
E00334,Kaffrine,IEF039,IA10,0.55,-1.7249192939776967,1,-1.332630847294145,0.5518912086453339,urbain,320,290,0.3681821788579022,107,183,3.8267363532798764,45.91245143075713,6,-1.8300135049171913,0.4957433455127787,0.25703187965111524,-1.8634579405154774
E00335,Tambacounda,IEF048,IA13,0.75,-0.5950300302811243,1,-1.2870708589133515,0.7427864192454497,rural,180,218,0.36430061957817406,79,139,3.913433680219842,50.070583513070986,4,-1.0495715011937836,0.6880907333981878,0.6936365643006327,-1.8542848630139745
E00336,Dakar,IEF009,IA03,0.05,0.46256507759004684,0,0.5687463271242291,0.012247512076976032,urbain,320,207,0.4841418497206258,100,107,3.5716923824310634,35.57675170116704,6,0.5816909526918498,0.8957430945588525,-0.8282186202701549,1.7687399542320466
E00337,Diourbel,IEF023,IA05,0.3,-1.961883486465059,0,0.1117959092790192,0.31875448865342987,rural,180,147,0.35256816220403697,52,95,4.028837656139546,56.19555471309749,3,-1.8490814461212028,0.6502492380853447,1.336759742289451,-0.9465576653015316
E00338,Kaolack,IEF029,IA07,0.3,0.7594385270695994,0,-1.481619640758723,0.3095512478334106,rural,180,126,0.4722056898394632,59,67,3.794558074327583,44.458584673619555,3,0.17076109352650262,0.8472307334518627,0.10437558483970968,-0.23878405152297896
E00339,Kolda,IEF046,IA12,0.7,0.8036427494500231,0,-0.3584819723018034,0.6754462033867933,rural,180,307,0.48156019904190794,148,159,3.9097950110839625,49.888724289648145,6,0.5031497664072566,0.7530550030425351,0.6745413101525365,-0.21655365167962473
E00340,Tambacounda,IEF049,IA13,0.75,-0.5950300302811243,1,0.10831608168981055,0.7623208275127163,rural,180,178,0.36570211429709654,65,113,3.8886694236399717,48.845850131913345,4,-1.2634254629214439,0.5318027435858274,0.5650393189330652,-1.439395770606629
E00341,Diourbel,IEF023,IA05,0.3,-1.961883486465059,0,0.1117959092790192,0.24442042887171234,urbain,320,159,0.41879247705379674,67,92,3.825272385485844,45.84528625633926,3,-1.9826530516836323,0.6703770699724733,0.24997952315650693,-1.335286464353713
E00342,Ziguinchor,IEF042,IA11,0.55,0.5436260064330518,1,0.09332094674687035,0.4940405602077609,rural,180,294,0.4365126766586229,128,166,3.741799312241668,42.17380578157933,7,0.657704668213165,0.794079365165174,-0.13552664719761318,0.5980347190767608
E00343,Louga,IEF034,IA08,0.45,-0.5589055756131087,0,-2.3207746068026323,0.5756833014458351,urbain,320,347,0.39049735399436364,136,211,4.194439091834957,66.31652366355888,5,-1.0629638486498871,0.645607564661504,2.399463468262679,-2.300699791910629
E00344,Thiès,IEF018,IA04,0.15,1.0504362281327961,0,1.839675695915115,0.16398752665885036,urbain,320,300,0.4975511291577148,149,151,3.64604479996832,38.32279159357028,8,0.8620829528078695,0.8852013267325018,-0.5398838926752233,1.4767511863371103
E00345,Kaolack,IEF030,IA07,0.3,0.7594385270695994,0,-0.4906862327461932,0.2456548750337167,urbain,320,283,0.4702888729897423,133,150,3.9546018639873397,52.174917095247,5,0.7765826446447778,0.891644179334698,0.9145920033909868,-0.0496779660060504
E00346,Kolda,IEF046,IA12,0.7,0.8036427494500231,0,-0.3584819723018034,0.6913640060859119,urbain,320,413,0.4385772316425614,181,232,3.8108136985650205,45.18719266486295,9,0.8766064199237698,0.7430574066502216,0.180879566904878,0.242230370119079
E00347,Kaffrine,IEF039,IA10,0.55,-1.7249192939776967,1,-1.332630847294145,0.5137061204630924,rural,180,196,0.3769404931085139,74,122,3.8384532713354993,46.45356777922583,4,-1.2369037395504838,0.5964471435902597,0.31384920243091674,-1.8856985296864763
E00348,Louga,IEF033,IA08,0.45,-0.5589055756131087,0,-1.965905696172405,0.4667065484344051,urbain,320,347,0.3777992132436474,131,216,3.9715246574769663,53.06537571549575,7,-1.007659587056041,0.6456986757021579,1.0080903332638582,-2.2462687869906883
E00349,Matam,IEF051,IA14,0.65,0.361886464303974,0,0.10403354045954573,0.643024133358063,rural,180,252,0.42950815508122814,108,144,3.81419581422531,45.34027970993912,6,-9.193058617391451e-4,0.8122959153850745,0.19695373668021957,0.20994361363843556
E00350,Thiès,IEF019,IA04,0.15,1.0504362281327961,0,0.4061865653228522,0.12531160036050432,rural,180,164,0.48816962156143834,80,84,3.645403760577816,38.298233046943594,4,0.39836330914283685,0.8761309940347923,-0.5424625448904815,0.6550280849801611
E00351,Matam,IEF052,IA14,0.65,0.361886464303974,0,-0.6415822632825328,0.7331945415039142,rural,180,139,0.4459584270208979,62,77,4.041603751802252,56.91755127348199,2,-0.35352054835064445,0.8346125127672985,1.4125695228169846,-0.4588252836601422
E00352,Thiès,IEF016,IA04,0.15,1.0504362281327961,0,0.01909654917514469,0.07762520161093381,urbain,320,470,0.48255018302468633,227,243,3.558746377771421,35.11914339868494,13,1.2674074589159916,0.9061862211611216,-0.8762675818334489,0.8487689496021641
E00353,Thiès,IEF017,IA04,0.15,1.0504362281327961,0,0.4161989798572152,0.1419488621203619,urbain,320,375,0.4607591648951563,173,202,3.6652056235797876,39.06416785135383,10,1.1227570218890566,0.9093946570619461,-0.4620392401176488,1.0861592189332556
E00354,Saint-Louis,IEF028,IA06,0.35,-0.09886818526410894,0,-1.6584009589402293,0.3443694111772208,urbain,320,321,0.4379656138555336,141,180,3.6798650876875194,39.641045646659116,8,-0.5080543821186534,0.7409300110799468,-0.4014669584020526,-0.4051059859448802
E00355,Thiès,IEF017,IA04,0.15,1.0504362281327961,0,0.4161989798572152,0.1631672604336506,rural,180,300,0.47855365870330957,144,156,3.7202724429170093,41.27563783207723,7,0.2406768357720687,0.8694560614065938,-0.22983445815499254,0.456782210464016
E00356,Kaffrine,IEF039,IA10,0.55,-1.7249192939776967,1,-1.332630847294145,0.5965151768717192,urbain,320,268,0.31840041565570504,85,183,3.7623172433583316,43.04806333102497,6,-1.1056542061340602,0.5258485920261836,-0.04372943293842425,-1.932889134651792
E00357,Kaffrine,IEF039,IA10,0.55,-1.7249192939776967,1,-1.332630847294145,0.523454184104953,rural,180,182,0.3346467860112271,61,121,3.5001088298691205,33.11905610511068,5,-1.7988243251799987,0.5259865338534826,-1.0862771401629585,-1.9906403027574353
E00358,Ziguinchor,IEF042,IA11,0.55,0.5436260064330518,1,0.09332094674687035,0.6626012541702535,urbain,320,197,0.43420622155994526,86,111,3.5316084149785163,34.17889727839731,6,-0.3275072950699786,0.7890965350338718,-0.9749936089808782,0.11657466177601178
E00359,Tambacounda,IEF048,IA13,0.75,-0.5950300302811243,1,-1.2870708589133515,0.6673216138332677,rural,180,249,0.4213382670380894,105,144,3.8150232750187,45.3778125400916,5,-0.4204804877836443,0.6856796745534733,0.20089469121180534,-1.0250339320672395
E00360,Saint-Louis,IEF026,IA06,0.35,-0.09886818526410894,0,0.49988989751365537,0.3723722953923492,rural,180,209,0.45167464578554795,94,115,3.839767389395686,46.51465337965924,4,0.06142912680975125,0.7480885333649359,0.3202632024640791,0.0477499448070233
E00361,Fatick,IEF037,IA09,0.4,1.508379536169013,1,-0.8651748349735274,0.503194125455348,urbain,320,321,0.47156945255764415,151,170,3.402418821298936,30.036665576939413,11,1.4041549344133588,0.8787637998863198,-1.4099287505201727,0.8097573907622444
E00362,Matam,IEF052,IA14,0.65,0.361886464303974,0,-0.6415822632825328,0.6147109388322205,rural,180,377,0.4498865748994916,170,207,3.9864524188919592,53.86346500650151,7,-0.5253232348928778,0.6274508428581588,1.0918898654393312,-1.2478773399049101
E00363,Saint-Louis,IEF026,IA06,0.35,-0.09886818526410894,0,0.49988989751365537,0.30700976565187976,urbain,320,281,0.42912265480595674,121,160,3.7512195476355257,42.57297011866104,7,-0.08707409786475341,0.7477881342632726,-0.09361431347061108,0.16628994136368652
E00364,Saint-Louis,IEF026,IA06,0.35,-0.09886818526410894,0,0.49988989751365537,0.3610952475962494,rural,180,152,0.4265985856898161,65,87,4.043337815182678,57.016335539184226,3,-0.1351456927186692,0.7726365478627717,1.4229418901014934,0.23761878593016406
E00365,Fatick,IEF038,IA09,0.4,1.508379536169013,1,-1.390946513569097,0.4493789397980702,urbain,320,316,0.4911039470354205,155,161,3.392128199370676,29.729154561003913,11,0.38897123724321275,0.8587090567759078,-1.4422174675404507,-0.2271891515766145
E00366,Kaolack,IEF032,IA07,0.3,0.7594385270695994,0,0.3376374748206235,0.2295738631002206,urbain,320,298,0.44739703783019896,133,165,3.506221967735571,33.32213756112048,9,1.162657865478546,0.8680501131172527,-1.0649535474285057,1.0632548544947094
E00367,Dakar,IEF010,IA03,0.05,0.46256507759004684,0,0.028674535806565937,0.053402484760437005,rural,180,182,0.5115952776616017,93,89,3.5130971903419246,33.55202402935916,5,0.511174179254918,0.90023988341550365,-1.0408154231497098,1.2920591413069409
E00368,Dakar,IEF004,IA01,0.05,1.1358119908378483,0,1.689559554478078,0.05180714739259789,urbain,320,281,0.4782271647835917,134,147,3.5600412096588956,35.16464623832476,8,1.5880837926843714,0.9103127101850443,-0.8714897747416298,1.9454845468066557
E00369,Sédhiou,IEF053,IA15,0.7,-0.5128143979953421,1,-1.6637734035387284,0.663937438593756,rural,180,143,0.40125738772289615,57,86,3.8133170125945406,45.30045210103752,3,-1.599015925994558,0.6631729093233287,0.19277182992964095,-1.6299015763210691
E00370,Fatick,IEF037,IA09,0.4,1.508379536169013,1,-0.8651748349735274,0.5070268980708653,urbain,320,409,0.45433197799761427,186,223,3.4658855219372757,32.00478817059362,13,0.6975587759978804,0.8626083080838186,-1.2032754919551345,-0.30784013241957997
E00371,Matam,IEF052,IA14,0.65,0.361886464303974,0,-0.6415822632825328,0.6774919707835215,rural,180,167,0.4460260229591221,74,93,4.024476481319938,55.951009714255,3,-0.4400687217140647,0.8035496531351003,1.311082469420613,-1.104839389447686
E00372,Thiès,IEF015,IA04,0.15,1.0504362281327961,0,-1.0960478553026407,0.12155028029534276,rural,180,155,0.47924760026473323,74,81,3.6904678734532945,40.06358726182291,4,0.6690998833163673,0.8907527335012042,-0.35710000588879154,0.15676562953047063
E00373,Saint-Louis,IEF026,IA06,0.35,-0.09886818526410894,0,0.49988989751365537,0.31648378822658,urbain,320,427,0.45374922859323563,194,233,3.9262187388236085,50.71484856501546,8,-0.037360252148193426,0.7706378661697254,0.7612845211876572,0.4765301452839511
E00374,Ziguinchor,IEF042,IA11,0.55,0.5436260064330518,1,0.09332094674687035,0.4704127543780917,rural,180,158,0.4382601449105226,69,89,3.435326561049338,31.041547870985834,5,0.7120940839521308,0.8350477520152457,-1.304415912443639,0.8663447088823
E00375,Saint-Louis,IEF027,IA06,0.35,-0.09886818526410894,0,0.949372149400778,0.3722183305837076,urbain,320,284,0.46498233889130797,132,152,3.809212938663573,45.11491668246681,6,-0.4581131710576971,0.7456395038337805,0.17329057456958907,-0.03531111747052726
E00376,Kaolack,IEF030,IA07,0.3,0.7594385270695994,0,-0.4906862327461932,0.36609589806916587,rural,180,146,0.4633865724354067,68,78,3.6828050370222223,39.75775979521033,4,0.6077470257265151,0.8629769447566898,-0.38921194989977703,0.2002981900653889
E00377,Thiès,IEF016,IA04,0.15,1.0504362281327961,0,0.01909654917514469,0.14793247297080783,urbain,320,385,0.5074099347789152,195,190,3.6365804286870897,37.961801432469066,10,1.4728670900219065,0.9096490840110483,-0.5777879304328382,1.086276245103671
E00378,Kolda,IEF047,IA12,0.7,0.8036427494500231,0,0.8692594740041972,0.7366970831925255,urbain,320,518,0.4150055715357292,215,303,3.9384775376406145,51.340377976617184,10,-0.021322634904171887,0.7805997876406147,0.826965232161945,0.42771058449369964
E00379,Diourbel,IEF021,IA05,0.3,-1.961883486465059,0,0.10955641117140437,0.3430416065295322,urbain,320,338,0.41790318248355374,141,197,4.133126482506261,62.37262533131076,5,-2.2507310948737964,0.5159092382115619,1.985353369412053,-2.275905655163837
E00380,Dakar,IEF011,IA03,0.05,0.46256507759004684,0,0.1990233856571336,0.11313252163813636,rural,180,321,0.47058438685336795,151,170,3.687396687323432,39.940733278601606,8,0.5423801071041846,0.8574242170293231,-0.36999969823632917,0.7614549951123218
E00381,Tambacounda,IEF048,IA13,0.75,-0.5950300302811243,1,-1.2870708589133515,0.7395160552435333,rural,180,326,0.3662724958400919,119,207,3.765485091203595,43.184649273209295,8,-0.8155315477178099,0.636091412365033,-0.02938788220496117,-1.2988260271665626
E00382,Dakar,IEF012,IA03,0.05,0.46256507759004684,0,-0.8514222791158281,0.04775881058594221,urbain,320,276,0.49079187794000484,135,141,3.6987492150409245,40.396745106107375,7,0.9382622061641299,0.8729418913527295,-0.3221183668588478,0.35454407087564965
E00383,Thiès,IEF013,IA04,0.15,1.0504362281327961,0,-1.1304494696840526,0.14704607252833213,urbain,320,443,0.5064112766481396,224,219,3.951764529997963,52.02708924724216,9,1.1173279889166252,0.9115534096667802,0.8990700503402186,-0.19423571012806812
E00384,Thiès,IEF016,IA04,0.15,1.0504362281327961,0,0.01909654917514469,0.13687535208150522,urbain,320,373,0.4893380484551632,183,190,3.429129942308282,30.84978997258485,12,1.0165099581878796,0.9079565786865188,-1.3245505294069913,1.1361048212955622
E00385,Fatick,IEF036,IA09,0.4,1.508379536169013,1,1.1669515787289226,0.3407546129740099,urbain,320,286,0.4947772138329491,142,144,3.294955691343408,26.976218763405463,11,0.8538262209117965,0.882073808834536,-1.7312762665341563,1.3301348626914014
E00386,Dakar,IEF003,IA01,0.05,1.1358119908378483,0,-1.5898776485547115,0.07343809913323811,urbain,320,550,0.5306392904370809,292,258,3.5610098757804356,35.19872554288089,16,1.5692995060121504,0.9051868190512045,-0.8679114410753929,1.403383257056844
E00387,Kaolack,IEF030,IA07,0.3,0.7594385270695994,0,-0.4906862327461932,0.35791096809594347,urbain,320,217,0.4568088640818566,99,118,3.6883093640927007,39.97720289796819,5,1.063605480288581,0.8179797400549507,-0.36617038104591054,0.46803086523360715
E00388,Dakar,IEF007,IA02,0.05,-0.6770804424361538,1,0.35653495020654297,0.08167822440051226,rural,180,102,0.45525997971100957,46,56,3.4278839909975973,30.81137657191701,3,-1.4552852782527415,0.817840457078303,-1.3285839440154963,-0.03121021542005109
E00389,Fatick,IEF037,IA09,0.4,1.508379536169013,1,-0.8651748349735274,0.4513548197306154,rural,180,246,0.4706676474708262,116,130,3.267211755630881,26.238079080717625,9,0.7604362568795431,0.8856283257595464,-1.808781078071524,0.733881371108755
E00390,Tambacounda,IEF048,IA13,0.75,-0.5950300302811243,1,-1.2870708589133515,0.7774240424245616,rural,180,203,0.40679994556872234,83,120,3.71379291469075,41.00905576738132,5,-0.7397591051618629,0.5349130399657908,-0.2578256272630714,-1.1768003999897725
E00391,Sédhiou,IEF053,IA15,0.7,-0.5128143979953421,1,-1.6637734035387284,0.7375837269793168,rural,180,136,0.37705414431606,51,85,3.842042197702933,46.62058574180355,3,-1.323521828204416,0.6698479273075594,0.33138612127777406,-2.3766429153929725
E00392,Kaolack,IEF030,IA07,0.3,0.7594385270695994,0,-0.4906862327461932,0.23197362293527068,rural,180,107,0.43276447420136305,46,61,3.7688538165718106,43.330371808525484,2,0.8471429726011727,0.8997461839731531,-0.014086987399655049,0.8555726208452425
E00393,Dakar,IEF012,IA03,0.05,0.46256507759004684,0,-0.8514222791158281,0.04398974111912341,urbain,320,305,0.46933018958750744,143,162,3.859139562340371,47.42452795852671,6,0.9175447701776457,0.8576744389153469,0.41580021180217275,0.02026018120697698
E00394,Thiès,IEF015,IA04,0.15,1.0504362281327961,0,-1.0960478553026407,0.2036173989251311,urbain,320,236,0.5099743215044095,120,116,3.7652023423367376,43.17244058863887,5,0.751873616295961,0.9272932194457385,-0.03066979648073124,-0.08017097068177642
E00395,Dakar,IEF005,IA02,0.05,-0.6770804424361538,1,0.5635836405531154,0.06200327171789605,urbain,320,508,0.4627797539953509,235,273,3.3985056095713526,29.91935542437832,17,0.2920191545449304,0.794600238561122,-1.422246339560447,0.43129808115038926
E00396,Diourbel,IEF024,IA05,0.3,-1.961883486465059,0,-2.89232139833262,0.27001354014649337,urbain,320,215,0.41575616750398353,89,126,4.026294210907534,56.052806011109745,4,-2.1815180612440375,0.6294048232476651,1.3217711005672268,-2.8558454187856412
E00397,Kolda,IEF047,IA12,0.7,0.8036427494500231,0,0.8692594740041972,0.6402965044500615,urbain,320,548,0.4537632793285061,249,299,3.8482876349162454,46.912662808007674,12,0.1303990346056238,0.8011934342762299,0.3620542705474445,0.13080144971672386
E00398,Thiès,IEF015,IA04,0.15,1.0504362281327961,0,-1.0960478553026407,0.18622012462133963,rural,180,130,0.5045168472871966,66,64,3.5584909638640236,35.11017462646837,4,0.9541134436580457,0.8905886292411366,-0.8772093046762524,0.7290132073009021
E00399,Saint-Louis,IEF027,IA06,0.35,-0.09886818526410894,0,0.949372149400778,0.408583969149448,rural,180,99,0.43415012987349166,43,56,3.8157909252553828,45.41266020232496,2,0.02630299918980385,0.8010169930693918,0.20455370258493683,0.23382860445259177
E00400,Thiès,IEF014,IA04,0.15,1.0504362281327961,0,0.597248963746674,0.12285894228007604,urbain,320,285,0.5141854194490418,147,138,3.5502327968262497,34.821422860840336,8,0.7838851955017526,0.8587233240484854,-0.9075282967328648,0.8143200485363502
E00401,Fatick,IEF036,IA09,0.4,1.508379536169013,1,1.1669515787289226,0.4287447431146935,rural,180,108,0.5062017441722829,55,53,3.399970632509787,29.963220089903263,4,0.6119296894930775,0.8588740274536606,-1.4176405410721709,1.1843029000274452
E00402,Tambacounda,IEF048,IA13,0.75,-0.5950300302811243,1,-1.2870708589133515,0.800264377709209,rural,180,251,0.3609727269966868,91,160,3.863732786462736,47.642860485593076,5,-1.1847385455584727,0.5144183556234754,0.4387251699904893,-1.7816465889436457
E00403,Dakar,IEF003,IA01,0.05,1.1358119908378483,0,-1.5898776485547115,0,urbain,320,250,0.5139991142237077,128,122,3.5440599192945954,34.60713654407497,7,1.452121082798509,0.9241073068502541,-0.9300284020455339,0.9737329573613391
E00404,Saint-Louis,IEF026,IA06,0.35,-0.09886818526410894,0,0.49988989751365537,0.3059223483191756,urbain,320,225,0.4675267111108807,105,120,3.7994557334525147,44.67686175357536,5,-0.02418712110758459,0.8264579138273019,0.12729472107053616,0.29407435664500636
E00405,Kaolack,IEF030,IA07,0.3,0.7594385270695994,0,-0.4906862327461932,0.24123623230195432,urbain,320,251,0.4530575297803332,114,137,3.7040979569285755,40.61339575647179,6,0.28234774265876633,0.824818016819453,-0.29937000605429354,0.47268937423466084
E00406,Tambacounda,IEF049,IA13,0.75,-0.5950300302811243,1,0.10831608168981055,0.7016652697532908,urbain,320,358,0.360511382064741,129,229,3.6463662815313334,38.335113645060886,9,-0.535206961855674,0.6139316787541079,-0.5385900748505866,-0.6656421431081928
E00407,Louga,IEF034,IA08,0.45,-0.5589055756131087,0,-2.3207746068026323,0.39221399777419835,rural,180,243,0.42845927401335954,104,139,3.9553235785302894,52.21258608318497,5,-0.2792282852572636,0.7501957952086862,0.91854725451677,-1.449776075219084
E00408,Kaffrine,IEF041,IA10,0.55,-1.7249192939776967,1,0.31771647692565824,0.5789969019880077,urbain,320,281,0.3650128809406074,103,178,3.5264638318718498,34.00351262813027,8,-0.44549923191048885,0.5577100199177611,-0.9934090316770222,-0.8705977078963922
E00409,Fatick,IEF036,IA09,0.4,1.508379536169013,1,1.1669515787289226,0.353533545960631,urbain,320,453,0.5107092797610865,231,222,3.559408275693172,35.14239638141574,13,1.1973538831762853,0.9043088322263934,-0.8738260140834669,0.967792588001408
E00410,Ziguinchor,IEF042,IA11,0.55,0.5436260064330518,1,0.09332094674687035,0.5650546734970864,rural,180,134,0.474052376067587,64,70,3.4622965039255766,31.890128290654186,4,0.5045527772603732,0.8049547418882033,-1.215314801850036,0.7079738254039748
E00411,Kaffrine,IEF041,IA10,0.55,-1.7249192939776967,1,0.31771647692565824,0.5452482326716731,rural,180,220,0.38535836917852617,85,135,3.8617893435514765,47.55035922068855,5,-1.1318290183938664,0.5237524529259069,0.42901251902273824,-1.3088739522281378
E00412,Kaolack,IEF032,IA07,0.3,0.7594385270695994,0,0.3376374748206235,0.3256701321545183,rural,180,291,0.46139378453997915,134,157,3.817433405386725,45.48731088376685,6,1.3551053481686064,0.8324205454199524,0.21239203878604984,0.9618461981301305
E00413,Thiès,IEF019,IA04,0.15,1.0504362281327961,0,0.4061865653228522,0.17672282040050113,rural,180,84,0.46924825543108906,39,45,3.5293147673397147,34.100592767165345,2,1.4910866480576854,0.7875559092734218,-0.9832155980269888,1.2601926130483183
E00414,Thiès,IEF014,IA04,0.15,1.0504362281327961,0,0.597248963746674,0.13136261668625382,urbain,320,470,0.48766634767976674,229,241,3.544466045657059,34.62119426896801,14,0.5212750794201402,0.9095508769724852,-0.9285523381730267,0.9077128569540684
E00415,Thiès,IEF014,IA04,0.15,1.0504362281327961,0,0.597248963746674,0.12017689854818948,urbain,320,356,0.4752732450140712,169,187,3.830917764914222,46.104832220665614,8,1.215847859048636,0.8863210319206125,0.2772319003449934,0.8954113088604612
E00416,Matam,IEF052,IA14,0.65,0.361886464303974,0,-0.6415822632825328,0.6421635339400973,rural,180,157,0.4178518977275615,66,91,4.0795414120434605,59.118352668006985,3,0.48308393486779766,0.755697536491492,1.643654101135167,0.2781779428898239
E00417,Saint-Louis,IEF027,IA06,0.35,-0.09886818526410894,0,0.949372149400778,0.3183782198537734,rural,180,180,0.4396335833451977,79,101,3.851449679179085,47.06123750037713,4,-0.02214069471309611,0.8213785143997596,0.37765464240306124,0.17176012668681656
E00418,Thiès,IEF015,IA04,0.15,1.0504362281327961,0,-1.0960478553026407,0.06153838394641137,urbain,320,822,0.4640866044922504,381,441,3.429661252047816,30.866185121525326,27,0.20429779482902097,0.8886816680056123,-1.3228290355507992,0.44707815771692894
E00419,Louga,IEF033,IA08,0.45,-0.5589055756131087,0,-1.965905696172405,0.4611924799236573,urbain,320,403,0.39557762985871736,159,244,4.264507115382866,71.12985252187416,6,-0.5221524069837986,0.714905472730065,2.9048639429704806,-2.0817546287609257
E00420,Dakar,IEF002,IA01,0.05,1.1358119908378483,0,-0.5868971362215678,0.12996824454272454,rural,180,141,0.46935665601708704,66,75,3.6168041490171774,37.218432989217895,4,1.4769799452969692,0.9165317177568008,-0.6558417628554665,0.8293454999313825
E00421,Kédougou,IEF055,IA16,0.9,-0.4962851679537585,0,0.0755532240045896,1,rural,180,187,0.3389884363964113,63,124,4.029272642305294,56.22000431920895,3,-1.0368207416126662,0.6497944778928639,1.3393269557292309,-1.7786132761004183
E00422,Dakar,IEF012,IA03,0.05,0.46256507759004684,0,-0.8514222791158281,0.06599698237186967,urbain,320,324,0.4884090927039051,158,166,3.489203879554799,32.759856530185075,10,0.6774000075745326,0.8321208596541322,-1.1239931660207434,0.19606256260362948
E00423,Sédhiou,IEF054,IA15,0.7,-0.5128143979953421,1,0.5471627551526171,0.6903200886346683,urbain,320,263,0.37965139113718105,100,163,3.8572450671446914,47.33476747040536,6,-1.5420457032441621,0.5637559606294376,0.40637534293451505,-1.7284551735854368
E00424,Saint-Louis,IEF027,IA06,0.35,-0.09886818526410894,0,0.949372149400778,0.36967229039124466,rural,180,181,0.48939857632011424,89,92,4.082848369444445,59.31417815670932,3,-0.7182509307380132,0.8084098608906439,1.6642158158783993,-1.2109124835444502
E00425,Kédougou,IEF055,IA16,0.9,-0.4962851679537585,0,0.0755532240045896,0.8907379755010497,rural,180,150,0.3697932260269133,55,95,4.053074929041992,57.5742217832861,3,-1.3250528621422568,0.6156366518000792,1.481520055213762,-1.886779373578851
E00426,Dakar,IEF012,IA03,0.05,0.46256507759004684,0,-0.8514222791158281,0.07575786455766179,rural,180,138,0.47367106620089955,65,73,3.5846054252150354,36.03913477918128,4,0.16077367486491317,0.8691968681132742,-0.7796683063389671,-0.07748788369932103
E00427,Dakar,IEF006,IA02,0.05,-0.6770804424361538,1,2.6676333910661167,0.03794618880569861,urbain,320,267,0.44718623943629393,119,148,3.477795976361631,32.38825886334756,8,-0.9574656899795556,0.8401544442530456,-1.1630109939623245,0.722064324508298
E00428,Diourbel,IEF021,IA05,0.3,-1.961883486465059,0,0.10955641117140437,0.3449060374620542,urbain,320,419,0.36575360258281175,153,266,4.156243011485759,63.831258243263065,7,-1.8050356219373713,0.6069310201513235,2.1385101114143326,-2.4267652553356616
E00429,Ziguinchor,IEF044,IA11,0.55,0.5436260064330518,1,-0.6339810327435095,0.5942319386905821,rural,180,228,0.44273385511126156,101,127,3.54601926742733,34.67501044502819,7,1.0193855920675376,0.7777943857320145,-0.9229016291256309,0.17244859265622925
E00430,Kaolack,IEF032,IA07,0.3,0.7594385270695994,0,0.3376374748206235,0.28661865129341163,rural,180,104,0.48325619196265246,50,54,3.9215956983476774,50.48093288481093,2,0.7754950138553663,0.8232463023582277,0.7367233288617407,0.019773891942964528
E00431,Diourbel,IEF020,IA05,0.3,-1.961883486465059,0,0.3932217475238377,0.3520988258648108,urbain,320,252,0.4085242903897967,103,149,4.041732030475925,56.92485304978918,4,-1.6078043129595492,0.5795035956083108,1.4133362107621656,-1.5490870040570197
E00432,Fatick,IEF038,IA09,0.4,1.508379536169013,1,-1.390946513569097,0.4058491288883755,rural,180,174,0.47974702841054706,83,91,3.6246142015189013,37.51024897064196,5,0.18781220786023012,0.893281376231461,-0.6252010275389381,0.09250218078005294
E00433,Dakar,IEF012,IA03,0.05,0.46256507759004684,0,-0.8514222791158281,0.049113619835544305,rural,180,95,0.48922974263058294,46,49,3.8060990299469606,44.97465145006422,2,1.1738403833094728,0.7572025819097863,0.1585626976411712,0.2633545999510955
E00434,Thiès,IEF014,IA04,0.15,1.0504362281327961,0,0.597248963746674,0.1314150940614282,urbain,320,269,0.46249079832084455,124,145,3.7147276043256574,41.04740442599937,7,1.4004832029566272,0.8803103618900998,-0.2537990105824998,1.0576750861691453
E00435,Fatick,IEF038,IA09,0.4,1.508379536169013,1,-1.390946513569097,0.4400306682652904,urbain,320,293,0.5040481996370949,148,145,3.4374091909297033,31.10626329185825,9,0.8402392480888697,0.8604226623545755,-1.2976207805520519,0.3055806750247393
E00436,Fatick,IEF036,IA09,0.4,1.508379536169013,1,1.1669515787289226,0.4628127441241539,urbain,320,326,0.5066213132512618,165,161,3.3829463899594847,29.457436470672672,11,1.1520517759664357,0.8975373676833769,-1.4707479203481513,1.946437103003751
E00437,Louga,IEF034,IA08,0.45,-0.5589055756131087,0,-2.3207746068026323,0.42578744712637345,urbain,320,490,0.44116877608205973,216,274,3.8299502314497396,46.06024582551064,11,-0.199811202143212,0.7013130188590083,0.2725503201039292,-0.8446338203860448
E00438,Thiès,IEF014,IA04,0.15,1.0504362281327961,0,0.597248963746674,0.1962250684940942,urbain,320,313,0.48732249777060194,153,160,3.6603902815487386,38.87651269647322,8,0.3743639039763136,0.8928611058702033,-0.48174306820622476,0.1581207475569315
E00439,Thiès,IEF013,IA04,0.15,1.0504362281327961,0,-1.1304494696840526,0.12811499146918215,urbain,320,315,0.46467492684063527,146,169,3.7957148754388927,44.51004417224131,7,0.7477943978699207,0.8796729910873724,0.10977884229358799,0.06496241374917958
E00440,Dakar,IEF007,IA02,0.05,-0.6770804424361538,1,0.35653495020654297,0.035298231319588355,urbain,320,146,0.4619580735709785,67,79,3.743108196198742,42.22904254074369,3,-0.036167263075549905,0.7598661881762728,-0.1297267766454983,-0.1471195899316905
E00441,Thiès,IEF019,IA04,0.15,1.0504362281327961,0,0.4061865653228522,0.20016984725960207,urbain,320,322,0.47391500893505445,153,169,3.739785110426596,42.088944717770126,8,0.8334241409029007,0.879816214892787,-0.14443707555101554,0.8980909296683364
E00442,Fatick,IEF037,IA09,0.4,1.508379536169013,1,-0.8651748349735274,0.4037146545124525,rural,180,190,0.4647807136862091,88,102,3.182877021908346,24.116036204924285,8,0.7350002350648075,0.8304509783068732,-2.0315959964670323,0.32180985194883677
E00443,Ziguinchor,IEF043,IA11,0.55,0.5436260064330518,1,0.03781619554363153,0.4958591137065355,rural,180,209,0.4690556421480256,98,111,3.462936895460533,31.910556999348092,7,1.113835871155556,0.7649592763626649,-1.2131697834281736,0.9102153610462504
E00444,Dakar,IEF001,IA01,0.05,1.1358119908378483,0,-0.3499273505312711,0.028671324580958113,urbain,320,201,0.5136896667471771,103,98,3.4202112910632647,30.57587474767061,7,0.4056845166064796,0.9204022875035377,-1.35331168177708,0.6292299526798061
E00445,Kédougou,IEF055,IA16,0.9,-0.4962851679537585,0,0.0755532240045896,0.8645250575221685,rural,180,175,0.3720206218728708,65,110,4.122317322631903,61.70206030355697,3,-0.9152583200590906,0.712748269220865,1.91494390990385,-1.1003731583048495
E00446,Dakar,IEF002,IA01,0.05,1.1358119908378483,0,-0.5868971362215678,0.04706858085126014,urbain,320,428,0.4956960348113417,212,216,3.4288269008735908,30.840442624360072,14,0.6677838163965703,0.9103091724662735,-1.3255320028049498,0.978691653255613
E00447,Fatick,IEF038,IA09,0.4,1.508379536169013,1,-1.390946513569097,0.453121497410252,urbain,320,259,0.4686853855151454,121,138,3.407889750078071,30.201444370595606,9,1.5330063554661504,0.88749047307829,-1.3926269448494986,0.6334415642096959
E00448,Sédhiou,IEF054,IA15,0.7,-0.5128143979953421,1,0.5471627551526171,0.7004882053740882,rural,180,179,0.3923388436791379,70,109,3.931112708685691,50.96365383159766,4,-1.0137603711513523,0.6926114311299927,0.7874091230052149,-0.8831031761853227
E00449,Ziguinchor,IEF043,IA11,0.55,0.5436260064330518,1,0.03781619554363153,0.5766392767069767,urbain,320,299,0.4433226637132246,133,166,3.6111772479064084,37.009596649021766,8,0.2896282771022556,0.7811780075881708,-0.6777696195588429,0.9731715973325306
E00450,Kaolack,IEF031,IA07,0.3,0.7594385270695994,0,0.014753903421311736,0.30120207501156465,rural,180,128,0.4639908300069131,59,69,3.643015960162055,38.206893603729775,3,-0.11541329768221202,0.8481401276939459,-0.5520532043527082,0.671485840430028
E00451,Thiès,IEF019,IA04,0.15,1.0504362281327961,0,0.4061865653228522,0.20751439821020365,urbain,320,736,0.4580179785279817,337,399,3.7679352818671816,43.290589631706936,17,0.23046077068801285,0.8832529575492393,-0.018264123772597826,0.44303514332101573
E00452,Dakar,IEF003,IA01,0.05,1.1358119908378483,0,-1.5898776485547115,0.09280830336837265,urbain,320,303,0.4939264289266601,150,153,3.7096740117054408,40.8404908347721,7,0.4893812208498862,0.8942543108641501,-0.2755249782668189,0.8166211686969345
E00453,Kaolack,IEF030,IA07,0.3,0.7594385270695994,0,-0.4906862327461932,0.41484983020623206,rural,180,116,0.4278353925540949,50,66,3.8133253513133947,45.300829850346524,3,0.3463133840815012,0.8241569711658807,0.19281149368121708,-0.19181968271225874
E00454,Dakar,IEF011,IA03,0.05,0.46256507759004684,0,0.1990233856571336,0.12149503468580623,urbain,320,258,0.5061679133215481,131,127,3.5437018169588925,34.59474586634428,7,0.8585122693287426,0.836567727368477,-0.9313294256388465,0.9780068615541965
E00455,Diourbel,IEF021,IA05,0.3,-1.961883486465059,0,0.10955641117140437,0.23947766363532874,urbain,320,235,0.39107550545041597,92,143,3.837691723566439,46.418204635389415,5,-1.1914272319206352,0.667489209552887,0.31013606538830474,-0.8587908383512036
E00456,Tambacounda,IEF050,IA13,0.75,-0.5950300302811243,1,-0.9304449072754517,0.7691469521524631,rural,180,189,0.35942972119968003,68,121,4.076483674031859,58.937860323651854,3,-2.3096895618518345,0.6677292952574954,1.6247023695574216,-2.300738108397909
E00457,Fatick,IEF036,IA09,0.4,1.508379536169013,1,1.1669515787289226,0.3992147615132413,urbain,320,247,0.4742440063081554,117,130,3.4320152295835493,30.938929013067703,8,0.8653381927516156,0.915696688297366,-1.3151909126633308,1.8062264119259672
E00458,Ziguinchor,IEF042,IA11,0.55,0.5436260064330518,1,0.09332094674687035,0.5605129037566138,rural,180,199,0.44066055021893585,88,111,3.82274461878336,45.729546411565146,4,0.3192739071516428,0.7964377048719462,0.23782681674202827,-0.11112532559014116
E00459,Saint-Louis,IEF027,IA06,0.35,-0.09886818526410894,0,0.949372149400778,0.32979897508768186,urbain,320,244,0.44275123168212355,108,136,3.8300250579803103,46.0636924828521,5,0.36113639577277534,0.8009028343533768,0.27291221980116637,-0.20607788478170708
E00460,Kaolack,IEF032,IA07,0.3,0.7594385270695994,0,0.3376374748206235,0.34904266596357963,rural,180,141,0.48395323208521346,68,73,3.8077839056039626,45.05049201849698,3,0.8491880589489067,0.8590153243219819,0.16652597220983267,-0.11175604456822885
E00461,Dakar,IEF007,IA02,0.05,-0.6770804424361538,1,0.35653495020654297,0.02799628495780789,urbain,320,282,0.4492523749989762,127,155,3.4185532954233238,30.525222083203477,9,-0.33750742195273586,0.7973251617313412,-1.3586302214863872,0.7468462393520511
E00462,Thiès,IEF017,IA04,0.15,1.0504362281327961,0,0.4161989798572152,0.13411353765455783,urbain,320,195,0.5010551986830195,98,97,3.5585613299725614,35.11264527975102,6,0.5374178209407996,0.8762780217478963,-0.8769498855967244,0.30623695723604083
E00463,Louga,IEF035,IA08,0.45,-0.5589055756131087,0,0.9958108211774965,0.3988963000628554,rural,180,226,0.41189460288665036,93,133,4.041141467252595,56.89124524982661,4,-0.8239455931290083,0.7177127253905133,1.4098073851707826,-0.5324139352491295
E00464,Dakar,IEF008,IA02,0.05,-0.6770804424361538,1,-0.3621203918588307,0.02542186362381395,urbain,320,253,0.4598483507645567,116,137,3.542574536304193,34.555769851156306,7,-0.07836738957011499,0.7962724618360775,-0.9354219148823752,-0.04312082642494039
E00465,Dakar,IEF006,IA02,0.05,-0.6770804424361538,1,2.6676333910661167,9.063143761555564e-5,urbain,320,186,0.46280517608255084,86,100,3.4684971713166335,32.08848269856549,6,-1.1825799922619356,0.7412053643424807,-1.1944875500935774,0.037414496184942636
E00466,Dakar,IEF008,IA02,0.05,-0.6770804424361538,1,-0.3621203918588307,0.0636733115728623,urbain,320,301,0.4484967463917467,135,166,3.4138569477877323,30.382201129574444,10,-0.18748844625663055,0.7846415546330502,-1.373647449684374,0.21944681899405305
E00467,Tambacounda,IEF049,IA13,0.75,-0.5950300302811243,1,0.10831608168981055,0.7659811966812624,urbain,320,275,0.3689142905532175,101,174,3.8225984747785637,45.722863800838695,6,-1.5598010637770976,0.616702623714788,0.2371251413043318,-1.673843792791166
E00468,Fatick,IEF037,IA09,0.4,1.508379536169013,1,-0.8651748349735274,0.34316158404624697,urbain,320,252,0.48929474777965176,123,129,3.3067799782385543,27.297086591568576,9,0.7654768484468104,0.9012316358812865,-1.6975850816087907,0.8397902059283107
E00469,Tambacounda,IEF049,IA13,0.75,-0.5950300302811243,1,0.10831608168981055,0.7964820255287174,rural,180,94,0.34597804821421724,33,61,3.8027250708627727,44.82316451531145,2,-1.4703354496927303,0.62376401166664,0.14265653976379739,-1.4017288374609078
E00470,Tambacounda,IEF048,IA13,0.75,-0.5950300302811243,1,-1.2870708589133515,0.8229419712802926,urbain,320,423,0.3965536234545098,168,255,3.8010460766602536,44.74796982534056,9,-1.1126079120205505,0.5332983626079765,0.1347610825603822,-1.3966764306746013
E00471,Dakar,IEF003,IA01,0.05,1.1358119908378483,0,-1.5898776485547115,0.050878233827033714,rural,180,198,0.5047456895048908,100,98,3.3525182553827584,28.57460125871342,7,1.341952946560647,0.9399793448208147,-1.5634457908545802,1.178399735783859
E00472,Sédhiou,IEF053,IA15,0.7,-0.5128143979953421,1,-1.6637734035387284,0.684840978097394,rural,180,278,0.39394641180417067,110,168,3.515189103911368,33.622285428472985,8,-0.275202415409606,0.620536738555065,-1.0334379624544123,-0.8150421770452667
E00473,Dakar,IEF008,IA02,0.05,-0.6770804424361538,1,-0.3621203918588307,0.04951914969295482,rural,180,267,0.42942487920607936,115,152,3.4096410317161507,30.25438194633759,9,-0.3228739166992123,0.8262666280683455,-1.387068489007933,0.3376919839377238
E00474,Kaffrine,IEF041,IA10,0.55,-1.7249192939776967,1,0.31771647692565824,0.5836347728737334,urbain,320,356,0.31370209253093445,112,244,3.801477782371908,44.76729194993478,8,-2.657636674616773,0.46804539460813194,0.13678990943461727,-2.9774516054470928
E00475,Saint-Louis,IEF027,IA06,0.35,-0.09886818526410894,0,0.949372149400778,0.3526239745807829,urbain,320,138,0.4194235835284439,58,80,3.792824646719388,44.38158569088661,3,-0.027038202519295212,0.7710852426078754,0.09629067654219742,-0.6028078845314091
E00476,Matam,IEF052,IA14,0.65,0.361886464303974,0,-0.6415822632825328,0.5669663852724637,rural,180,180,0.40828760685939436,73,107,3.7270757832211157,41.55740744297469,4,-0.037679621975159186,0.7717087138305219,-0.2002485937152928,-0.6129050059034289
E00477,Kolda,IEF045,IA12,0.7,0.8036427494500231,0,-1.432219330403182,0.6416911265292431,urbain,320,431,0.42360023457417934,183,248,3.6549277555773583,38.664727703328865,11,-0.041136805574839314,0.769130100305793,-0.5039805340478191,-0.46439172030764997
E00478,Diourbel,IEF021,IA05,0.3,-1.961883486465059,0,0.10955641117140437,0.29135807471679015,rural,180,210,0.3961867680579924,83,127,3.9144884632044263,50.12342497582753,4,-1.292731303887318,0.5973354146017251,0.6991849282598659,-1.0983783051995986
E00479,Saint-Louis,IEF028,IA06,0.35,-0.09886818526410894,0,-1.6584009589402293,0.33049022264258415,urbain,320,316,0.46293897213894125,146,170,3.8616281682336173,47.54269589401298,7,0.925982497122943,0.7855833447534664,0.4282078682179251,-0.4483460292874219
E00480,Ziguinchor,IEF044,IA11,0.55,0.5436260064330518,1,-0.6339810327435095,0.5608768708842462,rural,180,222,0.489713270006734,109,113,3.6303461310071325,37.7258724517635,6,-0.25476103032783415,0.8177827523425607,-0.6025605197064611,-0.013469083390236808
E00481,Thiès,IEF013,IA04,0.15,1.0504362281327961,0,-1.1304494696840526,0.04898342222663553,urbain,320,352,0.49020737348478644,173,179,3.74999781653179,42.52098915673335,8,0.4400137337187614,0.8817468318634502,-0.09907232467394654,0.7381162861576118
E00482,Kaffrine,IEF040,IA10,0.55,-1.7249192939776967,1,-0.1388397558109453,0.5090822020173784,rural,180,142,0.4081493571134968,58,84,3.9809798981483273,53.569501172167385,3,-1.766530178243372,0.5504480070356308,1.0610236051457447,-2.1573102071364625
E00483,Saint-Louis,IEF025,IA06,0.35,-0.09886818526410894,0,0.09534935373040888,0.4246803519797987,urbain,320,199,0.4112604898786486,82,117,3.7685130323718874,43.31560801821246,5,0.7395224333237576,0.801468221737836,-0.015637188279821263,0.06260162060203367
E00484,Dakar,IEF009,IA03,0.05,0.46256507759004684,0,0.5687463271242291,0.15959901067750393,urbain,320,298,0.5115749268525622,152,146,3.7706775161127406,43.40946548733255,7,0.7315136078337091,0.8886043911676883,-0.005782135603289919,0.8629640298328499
E00485,Thiès,IEF019,IA04,0.15,1.0504362281327961,0,0.4061865653228522,0.15703299655744643,urbain,320,492,0.493310184408501,243,249,3.5324064473455348,34.206184031102254,14,1.0880495431474344,0.8783516912995428,-0.9721284945920099,1.1797577390221916
E00486,Dakar,IEF009,IA03,0.05,0.46256507759004684,0,0.5687463271242291,0.07649941158352434,rural,180,85,0.516033900357069,44,41,3.5781962961420652,35.80889392251931,2,0.03512757899959572,0.911769814018575,-0.8038436414717551,0.84284742977647
E00487,Dakar,IEF011,IA03,0.05,0.46256507759004684,0,0.1990233856571336,0.0796301524098039,rural,180,246,0.48491615437207314,119,127,3.8069548712526413,45.0131590903479,5,0.6976965568985588,0.8816158143572408,0.16260600742783285,0.5478495144086258
E00488,Diourbel,IEF023,IA05,0.3,-1.961883486465059,0,0.1117959092790192,0.3683642105967092,urbain,320,312,0.39975493551047836,125,187,4.164741156771448,64.37601699060644,5,-1.5033360992872624,0.6082065025093911,2.195709886790773,-1.5284371712657931
E00489,Tambacounda,IEF048,IA13,0.75,-0.5950300302811243,1,-1.2870708589133515,0.6786194263245544,rural,180,233,0.4072762338654796,95,138,3.719052269845899,41.225305123853914,6,-0.2650655164138162,0.6072722438940155,-0.23511940239590953,-0.9584984520582484
E00490,Matam,IEF051,IA14,0.65,0.361886464303974,0,0.10403354045954573,0.6640732551646795,rural,180,273,0.4315919978450065,118,155,3.907693298337241,49.78398262888806,5,-0.26362106505118904,0.654073500760988,0.6635434152178533,-0.39238436530162074
E00491,Kédougou,IEF055,IA16,0.9,-0.4962851679537585,0,0.0755532240045896,0.8498012602745809,urbain,320,393,0.3643052078566688,143,250,4.130405682511836,62.203152547978135,6,-0.6895398260880327,0.6444117743897827,1.9675586939041887,-1.6247979634351144
E00492,Kaolack,IEF031,IA07,0.3,0.7594385270695994,0,0.014753903421311736,0.2777528624246641,urbain,320,238,0.4768789106926925,113,125,3.75211968976966,42.611309095515615,6,-0.5651755210244606,0.8718676151518223,-0.0895887133771041,-0.015190652656682381
E00493,Tambacounda,IEF049,IA13,0.75,-0.5950300302811243,1,0.10831608168981055,0.6861303973880375,urbain,320,407,0.3804627397211888,155,252,3.5208906559901245,33.81453217146755,12,-0.8091626873362779,0.6665390642667745,-1.0132520167128016,-0.713013730614982
E00494,Kaffrine,IEF039,IA10,0.55,-1.7249192939776967,1,-1.332630847294145,0.5369371476616015,rural,180,206,0.3569549460474353,74,132,3.779349043876482,43.78752869627349,5,-0.7442200503815127,0.5523727600452342,0.033914575527971905,-1.9663651651420861
E00495,Thiès,IEF015,IA04,0.15,1.0504362281327961,0,-1.0960478553026407,0.17430602693994102,urbain,320,192,0.4891616164204053,94,98,3.6639791360228,39.01628550511334,5,0.5890898111725656,0.9029642464021005,-0.46706689586950156,-0.23554110361627628
E00496,Dakar,IEF007,IA02,0.05,-0.6770804424361538,1,0.35653495020654297,0,rural,180,140,0.4766763871011429,67,73,3.4488404932850343,31.463888559602818,4,-0.17267712600656349,0.8461783795378695,-1.2600700572572237,0.5397434307399559
E00497,Kaolack,IEF029,IA07,0.3,0.7594385270695994,0,-1.481619640758723,0.2750836910268456,urbain,320,378,0.47702004283068755,180,198,3.651746487351364,38.54192027887057,10,0.4013589644561457,0.8455676966840233,-0.5168753377161037,0.26797977815971996
E00498,Dakar,IEF010,IA03,0.05,0.46256507759004684,0,0.028674535806565937,0.014605777824270486,urbain,320,216,0.48418396134616865,105,111,3.466031545055508,32.00946195079232,7,0.31343330857376545,0.85646480466717,-1.2027847441170718,1.1501454265393962
E00499,Kaolack,IEF032,IA07,0.3,0.7594385270695994,0,0.3376374748206235,0.2905738442211459,urbain,320,359,0.4929404116868968,177,182,3.6041640370218477,36.75094857983234,10,0.3121631854226904,0.8767750339747837,-0.7049277175817455,1.0126000865075986
E00500,Ziguinchor,IEF042,IA11,0.55,0.5436260064330518,1,0.09332094674687035,0.5221170117272693,urbain,320,335,0.4288011372049454,144,191,3.7525546029751697,42.62984534708343,8,0.475425337589202,0.7897012702413164,-0.08764240332486373,0.8142299387197202
E00501,Diourbel,IEF020,IA05,0.3,-1.961883486465059,0,0.3932217475238377,0.34453731626325734,rural,180,86,0.3738560630501952,32,54,4.006400183466378,54.94870883395987,2,-1.4701571771503907,0.5243038101351111,1.2058406802945505,-2.269348594390456
E00502,Fatick,IEF036,IA09,0.4,1.508379536169013,1,1.1669515787289226,0.4319179499302804,urbain,320,228,0.47658076576361097,109,119,3.3940535619154573,29.786449100364397,8,1.143674665242853,0.8942889530386384,-1.4362015296639166,1.9645175377630495
E00503,Kolda,IEF047,IA12,0.7,0.8036427494500231,0,0.8692594740041972,0.7644375735175358,rural,180,146,0.4224942868396138,62,84,3.9697488353168353,52.97122466786535,3,0.5071108739803695,0.8281297692643214,0.9982044547861315,0.607813135435445
E00504,Dakar,IEF009,IA03,0.05,0.46256507759004684,0,0.5687463271242291,0.05134178520794562,urbain,320,353,0.45648960529844407,161,192,3.9039912115651787,49.600018740584666,7,-0.21149048691312675,0.8981351286566179,0.6442271708442721,0.08524938241013238
E00505,Diourbel,IEF022,IA05,0.3,-1.961883486465059,0,-0.4134188533806319,0.29796332050985097,urbain,320,274,0.37741272559706635,103,171,4.200181011271218,66.69840311103717,4,-1.500081360452333,0.6360271491942808,2.439560885189274,-2.5148117761501876
E00506,Thiès,IEF019,IA04,0.15,1.0504362281327961,0,0.4061865653228522,0.06136161630491774,rural,180,139,0.5069861160867181,70,69,3.750561289106298,42.544955319467704,3,1.2908178967731623,0.9268971443264548,-0.09655587288363476,1.6658246351112345
E00507,Diourbel,IEF021,IA05,0.3,-1.961883486465059,0,0.10955641117140437,0.34194059683403394,urbain,320,250,0.3883028386811906,97,153,4.0855970035226585,59.477435392529145,4,-1.245765809984542,0.5577599782130915,1.681357857677659,-1.8277775773129386
E00508,Ziguinchor,IEF044,IA11,0.55,0.5436260064330518,1,-0.6339810327435095,0.5494599171097244,urbain,320,183,0.4369476177825202,80,103,3.6156268102442555,37.174640069601956,5,0.8005103579213635,0.801790673348166,-0.6604400280092176,0.6687983738458274
E00509,Thiès,IEF018,IA04,0.15,1.0504362281327961,0,1.839675695915115,0.03719905253994814,urbain,320,197,0.5115606199550695,101,96,3.538297434678446,34.40828693628716,6,1.178714591776636,0.9228667864219603,-0.9509076498862048,2.1426980591656477
E00510,Kaffrine,IEF039,IA10,0.55,-1.7249192939776967,1,-1.332630847294145,0.574814192259649,urbain,320,267,0.37602541081781266,100,167,3.788193558639667,44.17652585001945,6,-1.241606400616136,0.5244174945620722,0.07475935300947664,-1.9360663543195429
E00511,Dakar,IEF011,IA03,0.05,0.46256507759004684,0,0.1990233856571336,0.09475394894851749,urbain,320,399,0.47946616672950565,191,208,3.5914184208126247,36.2855075611243,11,-0.30715580625252026,0.8628580119705086,-0.7537991158858833,-0.3795621702966306
E00512,Fatick,IEF038,IA09,0.4,1.508379536169013,1,-1.390946513569097,0.39672282792089913,rural,180,225,0.48952288015429274,110,115,3.4004328775465913,29.97707364129751,8,0.649823095061007,0.8968377407503283,-1.416185915457105,0.4924417906688087
E00513,Louga,IEF035,IA08,0.45,-0.5589055756131087,0,0.9958108211774965,0.5028957796254867,urbain,320,262,0.402110402883565,105,157,3.85000728877031,46.993405754471624,6,-0.5598494164278512,0.6695158241113097,0.3705322957714409,-0.37088428432489795
E00514,Diourbel,IEF024,IA05,0.3,-1.961883486465059,0,-2.89232139833262,0.37083580208924527,rural,180,133,0.381782428324691,51,82,4.337773747306973,76.53695892027831,2,-1.8076334392907227,0.5122763655614404,3.4726111759126215,-4.011874541141074
E00515,Fatick,IEF037,IA09,0.4,1.508379536169013,1,-0.8651748349735274,0.4204329463845165,urbain,320,241,0.5139563195118899,124,117,3.3926601195608606,29.744972305067787,8,1.3769925416287552,0.8791639523994164,-1.4405566013096138,1.213626935816588
E00516,Kolda,IEF046,IA12,0.7,0.8036427494500231,0,-0.3584819723018034,0.746993468231455,urbain,320,306,0.4315341821601709,132,174,3.888746389797803,48.849609754003986,6,-0.07815123851960579,0.8617085555879325,0.5654340799903841,-0.5175634703150109
E00517,Fatick,IEF037,IA09,0.4,1.508379536169013,1,-0.8651748349735274,0.3482495907576312,rural,180,215,0.48910926067835114,105,110,3.584837885872736,36.047513433971076,6,1.4058716766055845,0.8482489342689057,-0.7787885459417818,0.7807672627375736
E00518,Ziguinchor,IEF042,IA11,0.55,0.5436260064330518,1,0.09332094674687035,0.5046638458524881,rural,180,166,0.5022567302640684,83,83,3.568912922499402,35.478004840358025,5,-0.31114982038937977,0.778450956469589,-0.8385870600335351,-0.24082478192157125
E00519,Kaffrine,IEF041,IA10,0.55,-1.7249192939776967,1,0.31771647692565824,0.6188283898303725,rural,180,153,0.3425574083855658,52,101,3.9560494080846555,52.25049727814252,3,-2.088247474182063,0.4965569798229379,0.9225279374271392,-1.6793919373492483
E00520,Tambacounda,IEF049,IA13,0.75,-0.5950300302811243,1,0.10831608168981055,0.7778665941855412,urbain,320,270,0.3724737983095531,101,169,3.6765576752810096,39.510152937884136,7,-1.0651112003056857,0.6293530534272441,-0.4152107185102741,-0.9715626593806261
E00521,Louga,IEF035,IA08,0.45,-0.5589055756131087,0,0.9958108211774965,0.5437356330506131,urbain,320,196,0.3877336126686671,76,120,4.06031362412813,57.992496073202815,3,-0.5578158706183384,0.7611497315654971,1.5254389377386448,-0.7663679250622535
E00522,Fatick,IEF038,IA09,0.4,1.508379536169013,1,-1.390946513569097,0.3968005666496344,urbain,320,321,0.4457726767706359,143,178,3.3852188115168036,29.524452299600565,11,2.028844481832578,0.8840146808626376,-1.4637112451592988,1.3064843691088743
E00523,Kolda,IEF045,IA12,0.7,0.8036427494500231,0,-1.432219330403182,0.6700642631590187,rural,180,176,0.40063902084664715,71,105,3.9167961775862845,50.23922909453401,4,0.45404600405612544,0.8107049042011374,0.7113443834498563,-0.5504020749201166
E00524,Thiès,IEF015,IA04,0.15,1.0504362281327961,0,-1.0960478553026407,0.12019495409691529,urbain,320,192,0.48308160145815204,93,99,3.6184452659434925,37.27956293654313,5,0.40839729627038673,0.9362195829951055,-0.6494231063899595,0.4264021627530103
E00525,Saint-Louis,IEF025,IA06,0.35,-0.09886818526410894,0,0.09534935373040888,0.47905973372718835,urbain,320,140,0.434918698219548,61,79,3.653117396467465,38.594793982973535,4,0.16533658233753537,0.6857112481403277,-0.5113235884091696,-0.5332150393798535
E00526,Diourbel,IEF021,IA05,0.3,-1.961883486465059,0,0.10955641117140437,0.27031969474836876,urbain,320,257,0.3909116113103756,100,157,4.01933160520548,55.66388793711942,5,-1.630272245772929,0.6893984741785568,1.2809346264755828,-1.1357363035637578
E00527,Diourbel,IEF020,IA05,0.3,-1.961883486465059,0,0.3932217475238377,0.3667993718300264,urbain,320,351,0.3952379800861489,139,212,4.122987324236975,61.74341463518388,6,-1.6294063255716327,0.6703836000142855,1.9192861228401963,-1.2322526757598817
E00528,Matam,IEF052,IA14,0.65,0.361886464303974,0,-0.6415822632825328,0.6062945965701908,rural,180,187,0.4692162852798816,88,99,3.872954162030851,48.084225061960645,4,0.6538615919740304,0.7452706849216443,0.48506853712403125,-0.21500251157313457
E00529,Dakar,IEF002,IA01,0.05,1.1358119908378483,0,-0.5868971362215678,0.003145949411146834,urbain,320,511,0.46316357298191557,237,274,3.712774162953203,40.96729899406728,12,1.149022358761954,0.8937148986138933,-0.2622100966555428,0.4561648913345092
E00530,Saint-Louis,IEF028,IA06,0.35,-0.09886818526410894,0,-1.6584009589402293,0.3156490146259181,urbain,320,436,0.4432759988772202,193,243,3.7519058196668538,42.60219678491879,10,-0.29453694101936845,0.7562677631335551,-0.09054550777800296,-0.5000643585606621
E00531,Thiès,IEF013,IA04,0.15,1.0504362281327961,0,-1.1304494696840526,0.15905480593137936,urbain,320,408,0.4957068070996081,202,206,3.630829414654579,37.74410915540046,11,1.4293912527404944,0.892113720880218,-0.6006456622457451,1.0455269436349561
E00532,Tambacounda,IEF048,IA13,0.75,-0.5950300302811243,1,-1.2870708589133515,0.7669582256545314,rural,180,290,0.37662646851597725,109,181,3.773290410150129,43.52303813289941,7,-0.8120130628717367,0.6249196355642493,0.00614301446912866,-1.4669343385798754
E00533,Thiès,IEF014,IA04,0.15,1.0504362281327961,0,0.597248963746674,0.19962471241583082,rural,180,189,0.46325919592404496,88,101,3.5247287009163437,33.94456323801886,6,0.5529615757302827,0.8538594320839091,-0.9995987292071571,1.2810910256911743
E00534,Matam,IEF052,IA14,0.65,0.361886464303974,0,-0.6415822632825328,0.7035052797128477,urbain,320,308,0.4218786744203884,130,178,3.6708869880808663,39.286737278196505,8,-0.26128485252609696,0.7240286257033554,-0.4386694066213555,-0.34211234450574857
E00535,Dakar,IEF009,IA03,0.05,0.46256507759004684,0,0.5687463271242291,0.010279547289914953,urbain,320,234,0.46952750461783427,110,124,3.6556307935513344,38.6919200326578,6,1.1470703109584897,0.8463566624865287,-0.501125334131962,1.4697570917873795
E00536,Tambacounda,IEF050,IA13,0.75,-0.5950300302811243,1,-0.9304449072754517,0.6806752527513815,rural,180,218,0.39138453389106226,85,133,3.6420811212812434,38.17119300382838,6,-0.4081284003126219,0.6239049811292311,-0.555801774348367,-0.5895972281386757
E00537,Kaolack,IEF032,IA07,0.3,0.7594385270695994,0,0.3376374748206235,0.36198000787542484,rural,180,380,0.4699499916382928,179,201,3.650217723650061,38.48304380574398,10,0.367850465246737,0.8849620360977194,-0.5230573789485231,0.2395756087737705
E00538,Kaffrine,IEF040,IA10,0.55,-1.7249192939776967,1,-0.1388397558109453,0.4956133567512652,rural,180,305,0.37657730131465555,115,190,3.690512591239525,40.06537885681149,8,-2.5168472081657196,0.5532639699027686,-0.3569118880634015,-2.097294434946673
E00539,Kaolack,IEF029,IA07,0.3,0.7594385270695994,0,-1.481619640758723,0.2645021780763736,urbain,320,228,0.494962066973124,113,115,3.7559497597364495,42.77482633206423,5,0.40901764105798644,0.8513999078636323,-0.07241937145029814,0.8122470784499823
E00540,Dakar,IEF010,IA03,0.05,0.46256507759004684,0,0.028674535806565937,0,urbain,320,543,0.48496996372707046,263,280,3.8452682934453777,46.771231082465675,12,0.10119428998608355,0.8917546242493805,0.34720391161047204,-0.014243741755512018
E00541,Fatick,IEF037,IA09,0.4,1.508379536169013,1,-0.8651748349735274,0.4159294946120199,rural,180,187,0.4871001940039095,91,96,3.2108640502990125,24.80050585393525,8,1.2095738375071372,0.8685050242557314,-1.9597265489981337,0.839186257571715
E00542,Kaffrine,IEF041,IA10,0.55,-1.7249192939776967,1,0.31771647692565824,0.5555731719379192,urbain,320,433,0.37406547195585826,162,271,3.836503756431041,46.36309407504693,9,-1.3649583365950795,0.6063157970963875,0.3043494457372524,-0.8063257106305559
E00543,Thiès,IEF018,IA04,0.15,1.0504362281327961,0,1.839675695915115,0.10052884290197159,urbain,320,231,0.4827676031621335,112,119,3.6390799106483223,38.05680495069495,6,0.9139643375650602,0.8652976271138098,-0.5678125423752932,0.9719545399656236
E00544,Dakar,IEF009,IA03,0.05,0.46256507759004684,0,0.5687463271242291,0.08900011035192393,urbain,320,408,0.47791418375176903,195,213,3.7702481130856262,43.39082933294378,9,0.7959339801851925,0.8542613656859407,-0.0077389354713352345,0.04382770434359773
E00545,Saint-Louis,IEF025,IA06,0.35,-0.09886818526410894,0,0.09534935373040888,0.38021773744721293,rural,180,189,0.4427546622594781,84,105,3.853326887050139,47.14966419751301,4,-0.476430685060105,0.7702837065720517,0.38693946295549675,-0.4939665860787737
E00546,Diourbel,IEF023,IA05,0.3,-1.961883486465059,0,0.1117959092790192,0.3034267757884605,urbain,320,560,0.41807435750343613,234,326,4.089852102955182,59.731057004033524,9,-1.7087815093955654,0.6098887432858837,1.707988176657222,-2.153914783701726
E00547,Kaffrine,IEF040,IA10,0.55,-1.7249192939776967,1,-0.1388397558109453,0.5598442394198766,urbain,320,200,0.4027304631181412,81,119,3.9091885729620417,49.85847903724887,4,-1.2468190909076953,0.6066068147964984,0.6713655527151772,-1.334878250151917
E00548,Kolda,IEF045,IA12,0.7,0.8036427494500231,0,-1.432219330403182,0.7721257207026109,urbain,320,406,0.40690899103637607,165,241,3.8010132269781125,44.746499892898875,9,0.586553675915348,0.811309526496569,0.13460673936554035,-0.6309763627413097
E00549,Dakar,IEF011,IA03,0.05,0.46256507759004684,0,0.1990233856571336,0,urbain,320,212,0.4894596663548885,104,108,3.777057021181684,43.687281614931514,5,-0.1289219771836892,0.8649588675450978,0.023388612314222214,0.38015173534869606
E00550,Thiès,IEF019,IA04,0.15,1.0504362281327961,0,0.4061865653228522,0.17744713046363178,urbain,320,272,0.4740124885688437,129,143,3.708717259367425,40.80143528590327,7,1.055899453199302,0.8928570083700045,-0.27962581856244534,1.0008517898227183
E00551,Fatick,IEF036,IA09,0.4,1.508379536169013,1,1.1669515787289226,0.4134935553305346,urbain,320,250,0.43560684336006505,109,141,3.169415436661427,23.79357144077665,11,1.7917487885541248,0.8525810180370664,-2.065454859984161,2.2090052610731554
E00552,Saint-Louis,IEF027,IA06,0.35,-0.09886818526410894,0,0.949372149400778,0.3606239638212042,rural,180,385,0.4134877490381087,159,226,3.6561261326408445,38.71109040062251,10,-0.829728788851383,0.7566195767487088,-0.4991124417336064,-0.14815257447875393
E00553,Kaffrine,IEF040,IA10,0.55,-1.7249192939776967,1,-0.1388397558109453,0.5185703955532642,urbain,320,256,0.36949571765464845,95,161,3.639240851424109,38.06293033530654,7,-2.418353733120723,0.6008628287858951,-0.5671693757890095,-2.429613661800181
E00554,Thiès,IEF018,IA04,0.15,1.0504362281327961,0,1.839675695915115,0.1920335279101677,urbain,320,309,0.46558292176056754,144,165,3.916184309839875,50.208498733063834,6,1.6862457243041507,0.8142235843103671,0.7081176894648529,1.56308101368373
E00555,Kaffrine,IEF039,IA10,0.55,-1.7249192939776967,1,-1.332630847294145,0.5564098478611555,rural,180,118,0.33539619174501034,40,78,3.7203175622101536,41.27750020169438,3,-2.2447116884892435,0.4549085303547156,-0.22963890897971376,-2.876701938747825
E00556,Kédougou,IEF055,IA16,0.9,-0.4962851679537585,0,0.0755532240045896,0.9016859331914365,rural,180,83,0.3869017156723454,32,51,4.235078927445694,69.06712981053292,1,-0.7586381802011521,0.7776036633008296,2.6882776534836426,-1.3545033295740345
E00557,Kaolack,IEF032,IA07,0.3,0.7594385270695994,0,0.3376374748206235,0.34731441473179525,urbain,320,277,0.4561882567884162,126,151,3.916723884306529,50.23559726717032,6,-0.05689375515308958,0.8127604512229072,0.7109630408639461,-0.18122136580822984
E00558,Dakar,IEF011,IA03,0.05,0.46256507759004684,0,0.1990233856571336,0.06750519991665435,rural,180,197,0.49742802484791215,98,99,3.6516544705064886,38.538373936135216,5,1.6936604410124714,0.8744989910542555,-0.5172477043992628,1.1550137947288153
E00559,Dakar,IEF008,IA02,0.05,-0.6770804424361538,1,-0.3621203918588307,0.02017297436512773,urbain,320,674,0.46716001736672325,315,359,3.3366666013029267,28.125217710233503,24,-0.2969882388184114,0.7890406324413853,-1.6106311516335905,0.37111303325437467
E00560,Kolda,IEF047,IA12,0.7,0.8036427494500231,0,0.8692594740041972,0.7292204730833889,rural,180,161,0.4342255847456444,70,91,4.177355661275022,65.19323209201184,2,-0.4887067138602166,0.8457340067970383,2.2815176328115245,-0.538124995484376
E00561,Matam,IEF052,IA14,0.65,0.361886464303974,0,-0.6415822632825328,0.6821049440715196,rural,180,147,0.42711366972947185,63,84,4.070173435559857,58.567119332227534,3,0.5213844807175261,0.7330577020927938,1.5857744927023432,-0.18891975566753427
E00562,Thiès,IEF016,IA04,0.15,1.0504362281327961,0,0.01909654917514469,0.2283556919932245,urbain,320,165,0.4761640709598519,79,86,3.587076795246045,36.128310965106536,5,0.9113321777182226,0.8820935715040106,-0.770304789316565,0.9682264967294103
E00563,Fatick,IEF038,IA09,0.4,1.508379536169013,1,-1.390946513569097,0.35537194090201,rural,180,181,0.49536434283534986,90,91,3.4499288992125052,31.498152685668813,6,1.2014903283629041,0.8566382258831052,-1.2564723172961807,0.8996582242679442
E00564,Kaolack,IEF030,IA07,0.3,0.7594385270695994,0,-0.4906862327461932,0.2897609177227899,rural,180,204,0.5176816059007252,106,98,3.7364652902236504,41.94944866779576,5,0.932455490264992,0.8528644777701034,-0.15908418817352304,0.6886138174400894
E00565,Diourbel,IEF023,IA05,0.3,-1.961883486465059,0,0.1117959092790192,0.2809435805581406,rural,180,93,0.4045476971249764,38,55,4.005272443889534,54.88677592896918,2,-1.955130752194102,0.5910584925134867,1.1993377131165954,-1.7803059782293114
E00566,Kaffrine,IEF041,IA10,0.55,-1.7249192939776967,1,0.31771647692565824,0.5109832962245309,rural,180,124,0.35929963137626764,45,79,3.757977112514018,42.86163396014874,3,-2.20779263441724,0.5869673096894908,-0.06330455346598857,-1.3125868668050957
E00567,Matam,IEF052,IA14,0.65,0.361886464303974,0,-0.6415822632825328,0.6814473876624827,rural,180,207,0.45381428930553364,94,113,4.083823326449803,59.37203512966784,3,-0.5839494096356351,0.6437098303294904,1.6702908093931017,-1.268566899637045
E00568,Dakar,IEF003,IA01,0.05,1.1358119908378483,0,-1.5898776485547115,0.051529452530511125,rural,180,217,0.5085354017261878,110,107,3.661253788367705,38.910097328476795,6,1.4695394861646127,0.889973207830463,-0.4782166752550824,0.3143174252616213
E00569,Dakar,IEF001,IA01,0.05,1.1358119908378483,0,-0.3499273505312711,0.07415893315304686,rural,180,283,0.5083107692589786,144,139,3.470326879081795,32.14724899070687,9,1.731581727707639,0.9175318439847686,-1.1883170778862275,0.907059553550873
E00570,Kolda,IEF047,IA12,0.7,0.8036427494500231,0,0.8692594740041972,0.688916817473539,rural,180,201,0.4686144180656914,94,107,3.762470694468459,43.054669610989485,5,0.5857104768604875,0.8216345238263895,-0.043035772245710376,0.5029398070964408
E00571,Sédhiou,IEF053,IA15,0.7,-0.5128143979953421,1,-1.6637734035387284,0.6929764613257227,rural,180,145,0.3851269431029719,56,89,3.9049066772105596,49.6454466444219,3,-1.1852505702372285,0.6385062415300977,0.6489971096621145,-1.5942360959411288
E00572,Kaolack,IEF031,IA07,0.3,0.7594385270695994,0,0.014753903421311736,0.3249980447182832,urbain,320,221,0.48068207413016034,106,115,3.655950104637898,38.70427676440039,6,1.3273095201607068,0.8638872168880862,-0.49982787487406105,1.6417721739813564
E00573,Tambacounda,IEF048,IA13,0.75,-0.5950300302811243,1,-1.2870708589133515,0.8129550952047918,rural,180,92,0.3764136422651309,35,57,3.91101648825296,49.9496994596661,2,-1.8947512803380755,0.6848098773911179,0.680943714970405,-1.5430854400606857
E00574,Fatick,IEF037,IA09,0.4,1.508379536169013,1,-0.8651748349735274,0.46516076454695454,rural,180,200,0.4855351219684682,97,103,3.1131871683913577,22.4926180427991,9,1.3937887705790692,0.8743937980691036,-2.2020552220755047,0.9641728496331392
E00575,Diourbel,IEF020,IA05,0.3,-1.961883486465059,0,0.3932217475238377,0.3024010110021672,rural,180,185,0.39647022180820407,73,112,4.098543813891839,60.25248485288393,3,-1.4256350029894032,0.5385009455438837,1.762738203113362,-1.8171330399560588
E00576,Tambacounda,IEF049,IA13,0.75,-0.5950300302811243,1,0.10831608168981055,0.7353353366728451,urbain,320,290,0.34351556815477474,100,190,3.750946142219007,42.56133202906418,7,-1.2003743630800086,0.6663649550235049,-0.09483631516218104,-0.8770847567114372
E00577,Saint-Louis,IEF027,IA06,0.35,-0.09886818526410894,0,0.949372149400778,0.33793805424030265,rural,180,200,0.420840809507034,84,116,3.8448560803335323,46.751955340885985,4,-0.3371997589233316,0.7515840736786878,0.34517995496186477,-0.36175203842880155
E00578,Saint-Louis,IEF028,IA06,0.35,-0.09886818526410894,0,-1.6584009589402293,0.3528746001269142,rural,180,133,0.44654553921601486,59,74,3.820143176799264,45.61073825288531,3,-0.29120904749089666,0.7207552607828818,0.22535193676531207,-0.9443256050343312
E00579,Fatick,IEF036,IA09,0.4,1.508379536169013,1,1.1669515787289226,0.39247270146925095,rural,180,231,0.4725461478790669,109,122,3.5605918626641406,35.18401508872269,7,1.3262840584904183,0.875415757257829,-0.8694560416488353,1.3674141326706655
E00580,Dakar,IEF009,IA03,0.05,0.46256507759004684,0,0.5687463271242291,0,rural,180,89,0.47334453189807774,42,47,3.655164484812663,38.67388185823663,2,0.2878679505628154,0.8870365642724388,-0.5030193459860596,0.3861645883040897
E00581,Kédougou,IEF055,IA16,0.9,-0.4962851679537585,0,0.0755532240045896,0.8971580308392313,rural,180,149,0.3489450599421935,52,97,4.15057904204133,63.47074188758157,2,-1.1676950963111048,0.6147912074881888,2.1006558233187693,-1.7209059638879094
E00582,Thiès,IEF016,IA04,0.15,1.0504362281327961,0,0.01909654917514469,0.20473868853492028,urbain,320,260,0.4841455991422296,126,134,3.6199033978536903,37.33396110707507,7,1.300807993589822,0.8336494234562227,-0.6437112878088163,0.8322483036852845
E00583,Fatick,IEF038,IA09,0.4,1.508379536169013,1,-1.390946513569097,0.45099807915745693,urbain,320,272,0.4867429240143094,132,140,3.4674048964785937,32.053452391167426,8,0.9820896648906599,0.8754544808623406,-1.1981657392448462,0.575249130324135
E00584,Diourbel,IEF023,IA05,0.3,-1.961883486465059,0,0.1117959092790192,0.2940770482658775,rural,180,126,0.40649353943585903,51,75,4.177284314657632,65.18858094134926,2,-1.7926201735584428,0.5414165636662696,2.2810292610791953,-1.8131466562367566
E00585,Dakar,IEF012,IA03,0.05,0.46256507759004684,0,-0.8514222791158281,0.08846569378821417,rural,180,133,0.4950406329643017,66,67,3.7998307665196127,44.69362019635579,3,1.0379150663817802,0.8553047828659763,0.12905436085121733,0.7094490481978979
E00586,Dakar,IEF001,IA01,0.05,1.1358119908378483,0,-0.3499273505312711,0.09091709065529663,urbain,320,289,0.5420861358341731,157,132,3.605706119952285,36.807665310025975,8,1.1467014700947644,0.892954539440377,-0.6989724497811218,1.0605407541139442
E00587,Kolda,IEF046,IA12,0.7,0.8036427494500231,0,-0.3584819723018034,0.7917735337885072,urbain,320,393,0.4313003483028786,170,223,3.986321126889529,53.85639362854081,7,-0.35646998364176036,0.7366299533482009,1.0911473693657454,-0.46267128732380836
E00588,Dakar,IEF012,IA03,0.05,0.46256507759004684,0,-0.8514222791158281,0.07361560816843177,urbain,320,277,0.4601613783597528,127,150,3.665302112889882,39.06793730781242,7,0.7075278525210232,0.9099819632928133,-0.4616434464497651,0.6936304108708298
E00589,Kolda,IEF046,IA12,0.7,0.8036427494500231,0,-0.3584819723018034,0.6582116192954733,rural,180,198,0.46502374365906185,92,106,3.8743959265444876,48.15360119132381,4,0.07515315490208642,0.7770073772107098,0.49235304432178073,-0.2569248742604484
E00590,Thiès,IEF013,IA04,0.15,1.0504362281327961,0,-1.1304494696840526,0.09920518709327293,urbain,320,370,0.5148402571471172,190,180,3.5639862673136355,35.30364679747577,10,1.3581193312256536,0.8593854195423994,-0.8568946887528114,0.6891100085924433
E00591,Saint-Louis,IEF026,IA06,0.35,-0.09886818526410894,0,0.49988989751365537,0.4624804524153426,rural,180,193,0.4462112810777913,86,107,4.001135604582022,54.660187160648036,4,-0.02494993960318814,0.6747422369605045,1.1755458479762932,-0.09054714120275026
E00592,Tambacounda,IEF048,IA13,0.75,-0.5950300302811243,1,-1.2870708589133515,0.8305852690979234,rural,180,210,0.37349757060029243,78,132,3.8615923747440357,47.54099420547768,4,-1.6424323323713492,0.631253034078909,0.42802919058777333,-1.3254586598464664
E00593,Tambacounda,IEF048,IA13,0.75,-0.5950300302811243,1,-1.2870708589133515,0.7008948905204795,urbain,320,349,0.3735757052037028,130,219,3.7990400923680054,44.65829607290074,8,-0.6132674056831391,0.6670310485806843,0.1253453209563062,-1.7112890384619677
E00594,Saint-Louis,IEF025,IA06,0.35,-0.09886818526410894,0,0.09534935373040888,0.34282596945532373,urbain,320,184,0.44162390523310624,81,103,3.8749456831066538,48.18008122769063,4,-0.3559558390511178,0.8249621307649475,0.49513345333683295,-0.6995995438866618
E00595,Ziguinchor,IEF043,IA11,0.55,0.5436260064330518,1,0.03781619554363153,0.5177011972465582,urbain,320,306,0.4675905942485362,143,163,3.464400993031286,31.957311386472703,10,0.4504354581336615,0.8365706081847106,-1.2082605636048431,0.8417766540464038
E00596,Kolda,IEF045,IA12,0.7,0.8036427494500231,0,-1.432219330403182,0.6990780554766624,rural,180,213,0.43321393822117743,92,121,3.8570226713625537,47.32424158827075,5,0.6464295437419988,0.8506207386254288,0.40527012324474476,0.2030305189317757
E00597,Dakar,IEF008,IA02,0.05,-0.6770804424361538,1,-0.3621203918588307,0.07725744039121053,rural,180,317,0.45524410796647746,144,173,3.460387581536889,31.829310577397507,10,0.08131699127374001,0.8105156578626249,-1.2217006736770706,0.09402970093101859
E00598,Dakar,IEF002,IA01,0.05,1.1358119908378483,0,-0.5868971362215678,0,urbain,320,376,0.48825488516806503,184,192,3.588504187492387,36.17991705835817,10,1.1364291525093648,0.889498014990074,-0.7648861393977808,0.9482388899110106
E00599,Tambacounda,IEF048,IA13,0.75,-0.5950300302811243,1,-1.2870708589133515,0.7820314813726778,rural,180,216,0.37826241256870374,82,134,3.7792754575790477,43.78430665271352,5,-0.6845531080291339,0.5829265528544663,0.03357626032186955,-1.1456390642251666
E00600,Thiès,IEF013,IA04,0.15,1.0504362281327961,0,-1.1304494696840526,0.17281076122788436,urbain,320,352,0.49137735689638623,173,179,3.5705011361747934,35.53439626178085,10,1.109838430171535,0.8925435197953266,-0.8326659497176864,0.36539246136040765
E00601,Saint-Louis,IEF027,IA06,0.35,-0.09886818526410894,0,0.949372149400778,0.37735252784343404,urbain,320,264,0.45940373446930033,121,143,3.599264260402204,36.57131757650507,7,-1.0063399556164894,0.769236111665924,-0.7237890081825326,0.12749293491232838
E00602,Ziguinchor,IEF042,IA11,0.55,0.5436260064330518,1,0.09332094674687035,0.5918939657970705,urbain,320,559,0.4403030123341015,246,313,3.5059393389941667,33.31272109806491,17,-0.35128378237677166,0.7794409433223576,-1.0659422778972603,6.388874817027379e-6
E00603,Matam,IEF051,IA14,0.65,0.361886464303974,0,0.10403354045954573,0.640694506531752,urbain,320,290,0.45110324357048237,131,159,3.8280650621791943,45.97349625998555,6,0.09191222127258879,0.7921832996925389,0.263441598699753,-0.04381376739017728
E00604,Thiès,IEF019,IA04,0.15,1.0504362281327961,0,0.4061865653228522,0.1446672397718133,urbain,320,369,0.4543034521008469,168,201,3.8438174889482313,46.70342436910998,8,1.0910257012481401,0.8937294501586985,0.3400841934014947,1.5637604964022132
E00605,Tambacounda,IEF050,IA13,0.75,-0.5950300302811243,1,-0.9304449072754517,0.8778208318753096,rural,180,107,0.37107200457401623,40,67,3.777243556470807,43.69543159474434,2,-0.9356485895481953,0.5788909699889345,0.02424436179395002,-1.4169943773956233
E00606,Fatick,IEF036,IA09,0.4,1.508379536169013,1,1.1669515787289226,0.3212579496951342,rural,180,135,0.4936403314550538,67,68,3.557282460358059,35.067769485878785,4,0.7782710470888459,0.8975293921602169,-0.8816618527598938,0.8654671114449166
E00607,Dakar,IEF002,IA01,0.05,1.1358119908378483,0,-0.5868971362215678,0,urbain,320,189,0.4729303083681108,89,100,3.204799098553826,24.650547188378617,8,0.7963076438536417,0.8880910594481969,-1.9754722383099994,0.4753822635036068
E00608,Dakar,IEF001,IA01,0.05,1.1358119908378483,0,-0.3499273505312711,0.05590659639671096,urbain,320,283,0.5088329329828007,144,139,3.5127074025418574,33.538948408249304,8,1.016590184552648,0.8733558517967303,-1.0421883659322506,0.7794705024428088
E00609,Diourbel,IEF023,IA05,0.3,-1.961883486465059,0,0.1117959092790192,0.28360749852707773,rural,180,255,0.3919451926339952,100,155,3.9268916870511803,50.74898851839103,5,-2.4790040459259197,0.6270103439111975,0.7648692229918377,-1.2067384499966924
E00610,Diourbel,IEF023,IA05,0.3,-1.961883486465059,0,0.1117959092790192,0.3061066685285379,rural,180,153,0.4129159107979469,63,90,4.289921394835579,72.96073318379484,2,-2.2041714504007692,0.6868839983583492,3.097106771770657,-2.5382379601618337
E00611,Thiès,IEF017,IA04,0.15,1.0504362281327961,0,0.4161989798572152,0.2438579742973784,rural,180,171,0.5072356360855148,87,84,3.6691763070319134,39.21958765343049,4,0.34690306378499625,0.9004967646816684,-0.44572013039946745,0.9956552112667947
E00612,Dakar,IEF002,IA01,0.05,1.1358119908378483,0,-0.5868971362215678,0,urbain,320,358,0.49908689985167976,179,179,3.4212885026923807,30.60882918178237,12,0.5950122316930807,0.9158838863757554,-1.3498514597282507,1.2869940397244215
E00613,Sédhiou,IEF053,IA15,0.7,-0.5128143979953421,1,-1.6637734035387284,0.6842339688058047,urbain,320,160,0.40350458362667274,65,95,3.5697788605319842,35.5087398994772,5,-0.6216626264551337,0.5884140530492787,-0.835359872794465,-1.5269431300474516
E00614,Kaolack,IEF032,IA07,0.3,0.7594385270695994,0,0.3376374748206235,0.35692638618581807,rural,180,173,0.4848013630542382,84,89,3.8056682584042325,44.95528182231716,4,1.0840670136594364,0.8707640546318549,0.15652888292656547,0.6983556925044708
E00615,Dakar,IEF002,IA01,0.05,1.1358119908378483,0,-0.5868971362215678,0.03965561289485013,urbain,320,196,0.489541991572782,96,100,3.7899758316230288,44.25533068354332,4,2.0354957187657057,0.9066019183770225,0.0830338759944224,1.517151015421428
E00616,Tambacounda,IEF049,IA13,0.75,-0.5950300302811243,1,0.10831608168981055,0.757421066392891,urbain,320,303,0.3821143201779369,116,187,3.8757052782714494,48.216692487538275,6,-0.23413781172758472,0.6807006119970507,0.49897764280555906,-0.576915480727201
E00617,Dakar,IEF002,IA01,0.05,1.1358119908378483,0,-0.5868971362215678,0.10594117925400778,urbain,320,229,0.5064151533224468,116,113,3.6040005547607277,36.744940942744634,6,0.7836238440163453,0.923204511992509,-0.7055585206549145,1.3168475734690768
E00618,Ziguinchor,IEF043,IA11,0.55,0.5436260064330518,1,0.03781619554363153,0.5594325846340142,rural,180,90,0.48442075783052824,44,46,3.5035634680954066,33.233668320232844,3,-0.5697075395361318,0.8279913436247532,-1.0742428350832243,0.334096168640141
E00619,Louga,IEF033,IA08,0.45,-0.5589055756131087,0,-1.965905696172405,0.5738736190892278,rural,180,198,0.3996095805102203,79,119,4.055693107295391,57.725158862583775,3,-0.6337926996974923,0.7702539248062166,1.4973684781604448,-1.1348087097924906
E00620,Kaolack,IEF029,IA07,0.3,0.7594385270695994,0,-1.481619640758723,0.3308676477523019,urbain,320,378,0.4788181460860908,181,197,3.6099776781375894,36.965227672887096,10,0.5682585734491012,0.8604218200057419,-0.6824283707601082,-0.14348204766011918
E00621,Louga,IEF035,IA08,0.45,-0.5589055756131087,0,0.9958108211774965,0.43630933315697956,urbain,320,340,0.41839810426204,142,198,3.8316670109087476,46.1393890256925,7,0.6587692189410131,0.7189793615674033,0.28086037165436645,0.15368722980454397
E00622,Fatick,IEF038,IA09,0.4,1.508379536169013,1,-1.390946513569097,0.4642395435766431,rural,180,131,0.4529374283036439,59,72,3.563376784823566,35.282136398688685,4,0.6787786221793407,0.9190853472182592,-0.8591532848467323,0.6116628284072095
E00623,Diourbel,IEF020,IA05,0.3,-1.961883486465059,0,0.3932217475238377,0.21121703541308007,rural,180,213,0.35352942210750204,75,138,3.93838336582248,51.335543387524005,4,-1.1690431829455472,0.6146927881368494,0.8264575993584043,-1.7016247947272425
E00624,Thiès,IEF013,IA04,0.15,1.0504362281327961,0,-1.1304494696840526,0.17718248890168278,urbain,320,439,0.504884107018691,222,217,3.847759927672681,46.88791318688051,9,0.46472054360898846,0.8886576903391343,0.35945555547213903,-0.47827829937836913
E00625,Thiès,IEF016,IA04,0.15,1.0504362281327961,0,0.01909654917514469,0.13064431148184252,urbain,320,436,0.49875780470932585,217,219,3.633709618242991,37.85297657894345,12,0.6095178318166302,0.9063324355744218,-0.5892145614092026,0.8127462580500554
E00626,Diourbel,IEF022,IA05,0.3,-1.961883486465059,0,-0.4134188533806319,0.20892776431407317,rural,180,114,0.3891387391853859,44,70,3.9816445154024445,53.6051162208178,2,-0.8765317448003584,0.6914702411179978,1.0647631922432614,-1.388619478271551
E00627,Thiès,IEF019,IA04,0.15,1.0504362281327961,0,0.4061865653228522,0.13777009799029805,rural,180,161,0.50134149597381406,81,80,3.810825462659738,45.1877242544043,4,0.8967838382430806,0.8442251949094073,0.18093538391104108,0.7699461073177302
E00628,Dakar,IEF007,IA02,0.05,-0.6770804424361538,1,0.35653495020654297,0.019479799811719035,urbain,320,205,0.48330057476428967,99,106,3.3074704662763996,27.315941412092972,8,-0.03427265764973149,0.7420301993572197,-1.6956053217535925,0.15594467077585505
E00629,Dakar,IEF007,IA02,0.05,-0.6770804424361538,1,0.35653495020654297,0.1309897285934985,urbain,320,299,0.4283804167923647,128,171,3.4437635486828464,31.3045529516879,10,-0.4846765800651546,0.7634154817532911,-1.276800327356874,0.5244209449225616
E00630,Dakar,IEF004,IA01,0.05,1.1358119908378483,0,1.689559554478078,0.013443591755815429,urbain,320,235,0.512576509025584,120,115,3.780608323187933,43.84270415862803,5,1.0509437411800964,0.8678449867441089,0.03970800990302677,1.657260054905569
E00631,Dakar,IEF012,IA03,0.05,0.46256507759004684,0,-0.8514222791158281,0,urbain,320,305,0.5012330219399411,153,152,3.516989807639741,33.68288374663484,9,0.4803627905588497,0.8658288909285664,-1.0270751271553886,0.873324879731856
E00632,Tambacounda,IEF049,IA13,0.75,-0.5950300302811243,1,0.10831608168981055,0.7204537612022193,rural,180,148,0.3877482009910684,57,91,3.5591253790575714,35.132456121811785,4,-0.8960684759912687,0.7133203820877263,-0.8748697432925944,-0.8717684934958561
E00633,Kaffrine,IEF041,IA10,0.55,-1.7249192939776967,1,0.31771647692565824,0.5020803108975969,rural,180,125,0.37810436067848907,47,78,3.8580743414216894,47.37403725593728,3,-2.270834687123495,0.4823888169107456,0.4104986781218085,-2.0439891420260388
E00634,Tambacounda,IEF048,IA13,0.75,-0.5950300302811243,1,-1.2870708589133515,0.7250274399980529,urbain,320,374,0.39746364837050996,149,225,3.919053745505392,50.352775687766375,7,-0.9917829060088004,0.6423655884432088,0.7232667980220401,-1.3198958796320461
E00635,Kaolack,IEF032,IA07,0.3,0.7594385270695994,0,0.3376374748206235,0.3066837490778958,urbain,320,228,0.4854946382052358,111,117,3.8607076718015105,47.49895314767942,5,0.9914278257521424,0.8424147932115186,0.42361487126867026,0.9170268944887269
E00636,Saint-Louis,IEF028,IA06,0.35,-0.09886818526410894,0,-1.6584009589402293,0.3010474986111384,urbain,320,344,0.4341976503772111,149,195,4.078963421105666,59.084192668943466,6,-0.8371001298682224,0.7254304802242934,1.6400672945298185,-1.597243238654907
E00637,Ziguinchor,IEF044,IA11,0.55,0.5436260064330518,1,-0.6339810327435095,0.5457821284374973,urbain,320,967,0.4566516014408637,442,525,3.6228820699328086,37.445332521744135,26,0.15535775479098884,0.8004693994480241,-0.6320172674126436,-0.1935644668755942
E00638,Sédhiou,IEF054,IA15,0.7,-0.5128143979953421,1,0.5471627551526171,0.6682331981804881,rural,180,246,0.42122220075852523,104,142,3.6555085574050676,38.687190770510625,6,-0.1762834907941414,0.6922140952924036,-0.5016219075855023,-0.5579000460233833
E00639,Kolda,IEF045,IA12,0.7,0.8036427494500231,0,-1.432219330403182,0.6909235645551766,rural,180,337,0.4080799146294406,138,199,4.024071390688343,55.92834907450782,6,0.459357207327922,0.8105749710070053,1.3087030978001548,-0.4262553048233513
E00640,Dakar,IEF001,IA01,0.05,1.1358119908378483,0,-0.3499273505312711,0,rural,180,169,0.5061310259751984,86,83,3.6643768223036104,39.03180483229412,4,0.8477426557559161,0.8860217166700879,-0.4654373634699516,1.1305442785773112
E00641,Diourbel,IEF023,IA05,0.3,-1.961883486465059,0,0.1117959092790192,0.2946446853291991,urbain,320,267,0.37136253700314326,99,168,3.79764332284093,44.5959622689282,6,-1.4100353515007404,0.6515563640870818,0.11880025930658285,-1.0251231789069617
E00642,Thiès,IEF014,IA04,0.15,1.0504362281327961,0,0.597248963746674,0.07776986929464236,urbain,320,311,0.4926421833229613,153,158,3.6130914280850486,37.08050753179796,8,1.6025572906921093,0.8915998273600623,-0.6703239629515395,1.9878142025969758
E00643,Dakar,IEF003,IA01,0.05,1.1358119908378483,0,-1.5898776485547115,0.05020426957853905,urbain,320,231,0.5054672341570097,117,114,3.560633974172314,35.18549677185941,7,1.304916512870867,0.9315450872390839,-0.8693004646287085,0.9055589010802224
E00644,Dakar,IEF006,IA02,0.05,-0.6770804424361538,1,2.6676333910661167,0.0805448349317236,urbain,320,357,0.46422881748502837,166,191,3.663057195422632,38.980331383767215,9,-0.4809779786783189,0.7885706097080933,-0.47084208566660857,0.8494774190953681
E00645,Louga,IEF035,IA08,0.45,-0.5589055756131087,0,0.9958108211774965,0.4922093585885327,rural,180,147,0.40018641694352536,59,88,3.9903544995724873,54.07405519543567,3,-0.6573999300790254,0.599096021445296,1.1140018766043824,-1.4333973803459028
E00646,Kaffrine,IEF039,IA10,0.55,-1.7249192939776967,1,-1.332630847294145,0.6024465874954554,rural,180,112,0.32172445023313617,36,76,3.939029223723873,51.368709563008494,2,-1.1269026380002352,0.6224508786850957,0.8299400542929234,-1.5982334271705518
E00647,Tambacounda,IEF049,IA13,0.75,-0.5950300302811243,1,0.10831608168981055,0.7595631357435665,rural,180,203,0.36668331859372927,74,129,3.6176584371381217,37.25024183942765,5,-0.6672942952838482,0.5599362253029087,-0.6525018273411606,-1.1654843394143142
E00648,Kolda,IEF045,IA12,0.7,0.8036427494500231,0,-1.432219330403182,0.70379566015021,rural,180,186,0.4370362553473409,81,105,3.9578481101892327,52.34456493204378,4,0.05873523875306099,0.7118087588768591,0.9324050595469413,-0.5807137270661407
E00649,Sédhiou,IEF054,IA15,0.7,-0.5128143979953421,1,0.5471627551526171,0.7275738440134243,rural,180,353,0.3954718540609931,140,213,3.955984721296912,52.24711747063121,7,-0.7699482215661945,0.5896252198084782,0.9221730569751865,-1.4002569513862815
E00650,Louga,IEF033,IA08,0.45,-0.5589055756131087,0,-1.965905696172405,0.4675316323425259,urbain,320,140,0.4198591274560292,59,81,4.123586087245056,61.78039537810561,2,-1.3738843455519165,0.6152730319531367,1.9231691081042097,-2.7872496018759048
E00651,Thiès,IEF018,IA04,0.15,1.0504362281327961,0,1.839675695915115,0.2049703681143306,urbain,320,395,0.4833188092852725,191,204,3.6622440218071772,38.948646491169555,10,1.121342837997454,0.8875445588682513,-0.47416900560731834,1.417635567459854
E00652,Kolda,IEF045,IA12,0.7,0.8036427494500231,0,-1.432219330403182,0.6736692351107644,rural,180,229,0.4621988753903377,106,123,3.9269635315829383,50.75263468668538,5,0.6791646377425961,0.8100885323938696,0.7652520713782817,-0.1875836723440392
E00653,Thiès,IEF016,IA04,0.15,1.0504362281327961,0,0.01909654917514469,0.25815748423277834,urbain,320,215,0.4865587162621874,105,110,3.8499753096357723,46.99190297005561,5,1.2860267467348805,0.9317692970034568,0.370374503112848,0.8397232216787149
E00654,Saint-Louis,IEF025,IA06,0.35,-0.09886818526410894,0,0.09534935373040888,0.32282850099713906,rural,180,129,0.4147538593770435,54,75,3.8244320604164295,45.80677749518832,3,-0.45647136683185335,0.8369128948484367,0.24593609567856298,-0.11057240881642613
E00655,Thiès,IEF019,IA04,0.15,1.0504362281327961,0,0.4061865653228522,0.10279393350176,urbain,320,305,0.47790972854248703,146,159,3.6696082029384978,39.23653009121733,8,1.1450188068486884,0.868093391538414,-0.4439411711070047,0.5342907723626481
E00656,Kolda,IEF045,IA12,0.7,0.8036427494500231,0,-1.432219330403182,0.629256019749865,rural,180,130,0.4190152431762749,54,76,3.747595189126659,42.418949693383844,3,0.5953553519934554,0.7373190583666549,-0.10978648835023024,-0.08864885239664613
E00657,Matam,IEF051,IA14,0.65,0.361886464303974,0,0.10403354045954573,0.6089485114161158,rural,180,149,0.45696940120689583,68,81,4.159127701738788,64.0156574912404,2,-0.1305347854666,0.7110986876250078,2.1578720686391146,-1.1521304852546506
E00658,Kaolack,IEF030,IA07,0.3,0.7594385270695994,0,-0.4906862327461932,0.3484854975502559,rural,180,237,0.5024742109084611,119,118,3.792019143098696,44.34585055724251,5,0.558514604245509,0.8403629724302609,0.09253848049677749,-0.26475770402589194
E00659,Dakar,IEF012,IA03,0.05,0.46256507759004684,0,-0.8514222791158281,0,urbain,320,229,0.510815163219145,117,112,3.512741530067649,33.54009302910756,7,0.47567330196755936,0.9006061346109131,-1.0420681805175094,0.31932063754334555
E00660,Diourbel,IEF022,IA05,0.3,-1.961883486465059,0,-0.4134188533806319,0.3683543940164816,rural,180,164,0.3820749458974986,63,101,4.218305352959209,67.91828918168653,2,-1.970421966053511,0.5394876820017237,2.567649162002219,-2.476905700593964
E00661,Dakar,IEF007,IA02,0.05,-0.6770804424361538,1,0.35653495020654297,0.07369696413158303,urbain,320,293,0.45305260710445333,133,160,3.5924294071324425,36.32221026271471,8,-0.41747298000588884,0.8083856934145401,-0.7499453250162218,0.5594332527756087
E00662,Louga,IEF035,IA08,0.45,-0.5589055756131087,0,0.9958108211774965,0.37911325374054367,urbain,320,481,0.3995676178823761,192,289,3.987166989439517,53.901968007101345,9,-0.09559084008775293,0.7805440830870559,1.0959326880582794,-0.2605097036001478
E00663,Kaolack,IEF032,IA07,0.3,0.7594385270695994,0,0.3376374748206235,0.21946062701177324,urbain,320,308,0.4388669461659787,135,173,3.8717515031021326,48.0264308996581,6,0.5775893522219717,0.8869907106598421,0.47900013874053327,0.3899994238918941
E00664,Fatick,IEF037,IA09,0.4,1.508379536169013,1,-0.8651748349735274,0.3483536684641407,rural,180,154,0.46582588585911233,72,82,3.506950716815491,33.3464298886397,5,1.4301180931249033,0.9132724277673749,-1.0624028482717753,1.0831197443121403
E00665,Fatick,IEF037,IA09,0.4,1.508379536169013,1,-0.8651748349735274,0.5700571081778864,urbain,320,383,0.5078434610772822,195,188,3.442867638938132,31.27651945726007,12,0.3546838259794462,0.8619744192650401,-1.2797438497731883,0.6976660025928498
E00666,Dakar,IEF010,IA03,0.05,0.46256507759004684,0,0.028674535806565937,0.016149221021343307,rural,180,124,0.4605859048365972,57,67,3.708220290397896,40.781163276351,3,0.8415617083099044,0.9230302098056044,-0.2817543835436841,0.7982349362602998
E00667,Thiès,IEF017,IA04,0.15,1.0504362281327961,0,0.4161989798572152,0.05829030467568777,urbain,320,347,0.48790716763922676,169,178,3.453040614927035,31.596318635413812,11,0.9357133506652923,0.8892682825939668,-1.2461648733085222,1.1854884380837136
E00668,Kolda,IEF046,IA12,0.7,0.8036427494500231,0,-0.3584819723018034,0.6911994665327053,rural,180,186,0.4140612294141378,77,109,3.976232388485391,53.315782190915705,3,0.7531669419455543,0.7580329643016023,1.034383062323607,-0.07143821866183332
E00669,Tambacounda,IEF049,IA13,0.75,-0.5950300302811243,1,0.10831608168981055,0.7658807832897256,rural,180,227,0.40999863713007717,93,134,3.839622764071941,46.507926669293376,5,-1.0258744681545278,0.5621053769951657,0.3195568965555902,-1.48341837519082
E00670,Dakar,IEF002,IA01,0.05,1.1358119908378483,0,-0.5868971362215678,0.13820401185272735,urbain,320,174,0.5134513907152864,89,85,3.487101215985386,32.69104594143102,5,0.06666812068477115,0.9027827652705044,-1.1312182913435527,0.776358691087211
E00671,Thiès,IEF019,IA04,0.15,1.0504362281327961,0,0.4061865653228522,0.24091483197348545,urbain,320,197,0.4664120425573964,92,105,3.6250031745824707,37.524842285118446,5,1.0020214395057578,0.8874065381347683,-0.6236687266550635,0.7597830631640041
E00672,Diourbel,IEF021,IA05,0.3,-1.961883486465059,0,0.10955641117140437,0.29210886809639564,rural,180,168,0.382661551217653,64,104,3.8516049403518675,47.06854485056323,4,-0.4588398621855133,0.5806614543671202,0.37842191560662164,-1.0519118225393824
E00673,Dakar,IEF008,IA02,0.05,-0.6770804424361538,1,-0.3621203918588307,0.12042602523262223,urbain,320,467,0.45699509979052416,213,254,3.5824559487818606,35.96175270356906,13,-0.26191803368078065,0.7697536358776546,-0.7877934394639828,0.006747773448037925
E00674,Diourbel,IEF021,IA05,0.3,-1.961883486465059,0,0.10955641117140437,0.3263548383996648,rural,180,230,0.42801513911570155,98,132,3.8667625927205265,47.787428017647166,5,-1.7645940304515766,0.6076270413756412,0.45390478922661315,-2.0433536634130522
E00675,Matam,IEF051,IA14,0.65,0.361886464303974,0,0.10403354045954573,0.5990262898390596,rural,180,235,0.41354504434015454,97,138,4.092206661061366,59.871862951333924,4,0.6296527846937269,0.7625443473950431,1.7227728287560218,-0.22752702233334035
E00676,Kolda,IEF045,IA12,0.7,0.8036427494500231,0,-1.432219330403182,0.7554790550464714,rural,180,262,0.4447179682596535,117,145,4.018595288991597,55.62291679961108,5,-0.1704771256195414,0.7461755570927951,1.2766326489968862,-0.8184592433717419
E00677,Tambacounda,IEF050,IA13,0.75,-0.5950300302811243,1,-0.9304449072754517,0.7013003021234288,rural,180,277,0.4106526711731261,114,163,3.7587649845474895,42.89541674936472,6,-1.045782606150168,0.6265694112286979,-0.05975735396865611,-1.7343330185633876
E00678,Kolda,IEF046,IA12,0.7,0.8036427494500231,0,-0.3584819723018034,0.6742422524876627,rural,180,187,0.47473033490815686,89,98,3.812634606854757,45.26954935781289,4,0.450437399333457,0.7362858659634595,0.18952703582659108,-0.17479913033576
E00679,Dakar,IEF008,IA02,0.05,-0.6770804424361538,1,-0.3621203918588307,0,rural,180,132,0.4755797422087483,63,69,3.1728529803134156,23.875503623287273,6,-0.7601873000966328,0.8144040963432531,-2.056851964741884,-0.06031119491892026
E00680,Kaffrine,IEF039,IA10,0.55,-1.7249192939776967,1,-1.332630847294145,0.5415551939690992,rural,180,95,0.37261876648173287,35,60,3.9309639928223516,50.956075291357706,2,-1.8610603132688524,0.5430195910806059,0.7866133747927802,-2.300707037654967
E00681,Kaffrine,IEF041,IA10,0.55,-1.7249192939776967,1,0.31771647692565824,0.552540903644833,urbain,320,529,0.3423667208341315,181,348,3.897624259914792,49.28522103373499,11,-0.9608656649304994,0.6008423992358904,0.6111733498480396,-1.2672199075723367
E00682,Louga,IEF034,IA08,0.45,-0.5589055756131087,0,-2.3207746068026323,0.36077983010597964,urbain,320,221,0.4105241463327606,91,130,3.8131428436432837,45.29256285585434,5,-0.49756606913572465,0.7197622898087673,0.19194345763719373,-1.4581731672939162
E00683,Thiès,IEF016,IA04,0.15,1.0504362281327961,0,0.01909654917514469,0.14621770752548166,rural,180,161,0.5031924620443514,81,80,3.682173794674534,39.73267093298761,4,1.0867373361927388,0.8856164614738027,-0.39184628535669014,0.7895846933655987
E00684,Dakar,IEF003,IA01,0.05,1.1358119908378483,0,-1.5898776485547115,0.09566537846931948,urbain,320,328,0.51084409852023,168,160,3.6593385823114803,38.83564779028504,8,1.1832317807818853,0.9037527299573118,-0.4860338913754579,0.6193752736297796
E00685,Saint-Louis,IEF027,IA06,0.35,-0.09886818526410894,0,0.949372149400778,0.35096015976542966,rural,180,94,0.4428397665656743,42,52,3.7144762494249544,41.037088256299974,2,-0.04134115270628731,0.7695119198830739,-0.2548822104254178,0.14403624970193618
E00686,Louga,IEF034,IA08,0.45,-0.5589055756131087,0,-2.3207746068026323,0.42754455274820957,rural,180,135,0.39568001927099966,53,82,3.913833151083552,50.09058924790145,3,-1.1929423901990908,0.7040949482352381,0.6957371703838274,-1.614744336620174
E00687,Saint-Louis,IEF028,IA06,0.35,-0.09886818526410894,0,-1.6584009589402293,0.34122340262023765,urbain,320,331,0.4412828298560125,146,185,4.161276961206691,64.15339170946397,5,-0.1092773792352795,0.6755244476219362,2.1723341885820404,-1.426872200861149
E00688,Kolda,IEF046,IA12,0.7,0.8036427494500231,0,-0.3584819723018034,0.6217385017425454,rural,180,156,0.4373152156853539,68,88,4.028632444648741,56.184023922704036,3,0.10436871544630946,0.728214227218772,1.3355490070352949,-0.8970166583691741
E00689,Kolda,IEF047,IA12,0.7,0.8036427494500231,0,0.8692594740041972,0.6837649971590773,rural,180,196,0.4248788527087157,83,113,3.9013574389754693,49.46955545151002,4,-0.35338430586623865,0.7997868239273267,0.6305284998888563,-0.31512672343123216
E00690,Kaolack,IEF029,IA07,0.3,0.7594385270695994,0,-1.481619640758723,0.31396440154032595,rural,180,187,0.4979552378935805,93,94,3.838284497205425,46.445728280305964,4,0.5822218954945694,0.8696865110789787,0.3130260535058799,-0.22722889511805636
E00691,Kaolack,IEF029,IA07,0.3,0.7594385270695994,0,-1.481619640758723,0.25893495404372474,rural,180,214,0.47662839541983965,102,112,3.8816200307739437,48.50272736896267,4,0.06667761240834023,0.8771530003022641,0.5290113614876182,-0.2518906020751356
E00692,Thiès,IEF016,IA04,0.15,1.0504362281327961,0,0.01909654917514469,0.15034870257707447,rural,180,146,0.4559526581291983,67,79,3.5666810286044415,35.39890999643236,4,0.9785845817698358,0.9377710695993509,-0.8468920341675823,1.1437329512613668
E00693,Louga,IEF034,IA08,0.45,-0.5589055756131087,0,-2.3207746068026323,0.3353464682226214,urbain,320,257,0.3876508330691032,100,157,3.6882154515817303,39.97344871474762,6,-0.8776380317511372,0.7279639724596164,-0.36656457102080475,-1.2805731054994582
E00694,Tambacounda,IEF049,IA13,0.75,-0.5950300302811243,1,0.10831608168981055,0.6572497851144316,rural,180,145,0.33592455219491524,49,96,3.975609350476997,53.28257477797793,3,-0.6035097216153935,0.6251020519993147,1.0308962774484,-1.4278243378137279
E00695,Dakar,IEF010,IA03,0.05,0.46256507759004684,0,0.028674535806565937,0.12034716005745442,urbain,320,221,0.4471586898906049,99,122,3.7825600902538756,43.928358466124,5,0.44717290274830124,0.86154385971412,0.048701728999208375,0.061379489805459375
E00696,Thiès,IEF018,IA04,0.15,1.0504362281327961,0,1.839675695915115,0.16460561094230025,urbain,320,273,0.5138517353388465,140,133,3.699201722729028,40.41502908034972,7,1.1251025535001729,0.9247007810344667,-0.32019854597528985,1.794185949664189
E00697,Kaolack,IEF031,IA07,0.3,0.7594385270695994,0,0.014753903421311736,0.42116098126713863,urbain,320,460,0.4317957357358729,199,261,3.729414165510177,41.65469825574295,11,1.2424183017193815,0.8290747574184032,-0.19003303928193221,1.0518174487388716
E00698,Dakar,IEF011,IA03,0.05,0.46256507759004684,0,0.1990233856571336,0.10040305881231244,urbain,320,447,0.4940044321981749,221,226,3.8194327609957934,45.57834717055319,10,-0.24851236987529382,0.842023023350557,0.2219508667638982,-0.06731987350501323
E00699,Louga,IEF035,IA08,0.45,-0.5589055756131087,0,0.9958108211774965,0.5181679650174134,rural,180,156,0.44718219085109057,70,86,3.947329245235444,51.79684526731528,3,0.020779578079030813,0.6762900587493093,0.874894387264002,-0.0830763059855725
E00700,Thiès,IEF017,IA04,0.15,1.0504362281327961,0,0.4161989798572152,0.13935462643647284,rural,180,145,0.5015474734568613,73,72,3.7080659495282817,40.774869561848234,4,1.393632210673214,0.9074540514356976,-0.2824152248015755,1.1366951775968273
E00701,Kolda,IEF046,IA12,0.7,0.8036427494500231,0,-0.3584819723018034,0.7926518205645794,urbain,320,295,0.42378950822050243,125,170,4.088312113751599,59.63914261287886,5,0.5327474154780834,0.7484289544268933,1.6983371475483764,-0.4298511497539862
E00702,Kolda,IEF045,IA12,0.7,0.8036427494500231,0,-1.432219330403182,0.6762094342008536,rural,180,264,0.44238789915422866,117,147,3.715882293195074,41.09482878192721,6,0.7217420229348429,0.8276694346392782,-0.24881944390335256,0.16575039508141445
E00703,Thiès,IEF014,IA04,0.15,1.0504362281327961,0,0.597248963746674,0.08489304563735717,urbain,320,307,0.5454840120681088,167,140,3.740418171307153,42.115598017865544,7,1.3624100367745697,0.9249514913375377,-0.14163847381045863,1.3332549978077564
E00704,Dakar,IEF006,IA02,0.05,-0.6770804424361538,1,2.6676333910661167,0,urbain,320,329,0.46077235601991817,152,177,3.5015679016541656,33.16741445599451,10,-0.5532923235313387,0.7638360113365962,-1.0811995038301423,0.5683846162979781
E00705,Dakar,IEF009,IA03,0.05,0.46256507759004684,0,0.5687463271242291,0.10096366827365866,urbain,320,282,0.4317468463847395,122,160,3.4777142403347514,32.38561168393696,9,0.45180738992597347,0.867750424462662,-1.1632889483199296,0.8624766458111729
E00706,Kaolack,IEF031,IA07,0.3,0.7594385270695994,0,0.014753903421311736,0.3025241349203934,urbain,320,630,0.4373054788203055,276,354,3.7686829650489524,43.32296938089201,15,0.443223951561828,0.8545340593955568,-0.014864243753848275,0.3147746472433155
E00707,Saint-Louis,IEF027,IA06,0.35,-0.09886818526410894,0,0.949372149400778,0.4018418495218501,urbain,320,331,0.41422485089721967,137,194,4.062047132054951,58.09311371038087,6,0.006905563709015404,0.6428108758654117,1.5360038093879018,-0.47787456592230104
E00708,Fatick,IEF037,IA09,0.4,1.508379536169013,1,-0.8651748349735274,0.3469356114709403,urbain,320,385,0.4681548447708907,180,205,3.44372807238787,31.303442401832495,12,1.6825116382264467,0.8697732753833336,-1.2769169353096297,0.7926806442957561
E00709,Matam,IEF051,IA14,0.65,0.361886464303974,0,0.10403354045954573,0.7857685626365434,rural,180,203,0.4270416304578549,87,116,3.8640119274908598,47.65616141898352,4,-0.06898998066373861,0.6708339555916113,0.4401217706067085,-0.9568993323552973
E00710,Dakar,IEF004,IA01,0.05,1.1358119908378483,0,1.689559554478078,0.017184902627448782,urbain,320,195,0.4994344160452703,97,98,3.520009321341119,33.7847433814995,6,1.3066415159757088,0.9042700911819327,-1.016379845505304,1.5650809098878136
E00711,Ziguinchor,IEF043,IA11,0.55,0.5436260064330518,1,0.03781619554363153,0.5759169226165542,urbain,320,338,0.4447312427394049,150,188,3.6446577425772033,38.26967253035326,9,0.017992141308513097,0.724684029996459,-0.5454614047372833,-0.37782584378225526
E00712,Dakar,IEF005,IA02,0.05,-0.6770804424361538,1,0.5635836405531154,0,urbain,320,277,0.45559532772800576,126,151,3.493798874774871,32.91073429017543,8,0.2618301851440526,0.7745355107947518,-1.1081509716129707,0.49404166539775457
E00713,Diourbel,IEF022,IA05,0.3,-1.961883486465059,0,-0.4134188533806319,0.37264107751655284,urbain,320,702,0.36323211623749235,255,447,4.087947850202461,59.61742220334003,12,-2.113740766021586,0.6415554467715006,1.6960565002843093,-2.0817576755311364
E00714,Thiès,IEF013,IA04,0.15,1.0504362281327961,0,-1.1304494696840526,0.059408955924564785,urbain,320,352,0.45957943205757956,162,190,3.385420968280105,29.530421470649515,12,0.4565473125809537,0.8852810895837435,-1.463084481027748,0.2705851784941664
E00715,Kolda,IEF047,IA12,0.7,0.8036427494500231,0,0.8692594740041972,0.6632852654813863,rural,180,256,0.42750626461144003,109,147,3.796273329260796,44.53490791850326,6,0.4934389154697626,0.8057770440271556,0.11238954053044233,0.47449071414179045
E00716,Thiès,IEF014,IA04,0.15,1.0504362281327961,0,0.597248963746674,0.1593725140620945,urbain,320,275,0.5048778512425296,139,136,3.765169323761775,43.17101511970658,6,0.5709579715790173,0.8921902806836642,-0.030819470998360722,0.3564048436103227
E00717,Dakar,IEF004,IA01,0.05,1.1358119908378483,0,1.689559554478078,0.032917880728342994,urbain,320,249,0.5007073862978803,125,124,3.531917752289887,34.18947172203768,7,1.3571331962564661,0.894895523373896,-0.9738832903234728,2.386034919837284
E00718,Thiès,IEF013,IA04,0.15,1.0504362281327961,0,-1.1304494696840526,0.1633589928999536,urbain,320,451,0.46191106602905174,208,243,3.692271703754657,40.135920393241044,11,0.9621017698810415,0.850560469361733,-0.3495050128949777,0.08767419359883499
E00719,Tambacounda,IEF049,IA13,0.75,-0.5950300302811243,1,0.10831608168981055,0.779565845176204,rural,180,124,0.3968811164189402,49,75,3.9317647267363474,50.996893889204436,2,-1.1287835664383872,0.5959524021077207,0.790899335577073,-1.5686674612023694
E00720,Dakar,IEF012,IA03,0.05,0.46256507759004684,0,-0.8514222791158281,0.04901121910352356,urbain,320,286,0.42701982590960874,122,164,3.654025375797826,38.62985317227058,7,0.995450301355248,0.8476814991905901,-0.5076423666528405,0.35318672908692367
E00721,Dakar,IEF005,IA02,0.05,-0.6770804424361538,1,0.5635836405531154,0.13942160557887723,rural,180,110,0.41638213329367063,46,64,3.534000659757498,34.26075944509305,3,0.06429637377112575,0.8175374535806168,-0.9663980654129037,1.0811721792124966
E00722,Dakar,IEF009,IA03,0.05,0.46256507759004684,0,0.5687463271242291,0.007321072869322605,rural,180,220,0.4972838041561199,109,111,3.693255555224233,40.175427608932026,5,0.46331443300531,0.8309567296542151,-0.3453567474943887,0.25185549980769667
E00723,Sédhiou,IEF053,IA15,0.7,-0.5128143979953421,1,-1.6637734035387284,0.6847785793888532,rural,180,122,0.3852213226936125,47,75,3.7441911774310555,42.274800574347424,3,-0.9295294883578595,0.5967041275388189,-0.12492217413738788,-1.3410233483924634
E00724,Kaffrine,IEF039,IA10,0.55,-1.7249192939776967,1,-1.332630847294145,0.5460167524555846,urbain,320,345,0.34653118879730666,120,225,3.540927067182745,34.498887156465884,10,-0.9103648475464723,0.5314305049773596,-0.941394608987731,-1.0496321223121932
E00725,Saint-Louis,IEF027,IA06,0.35,-0.09886818526410894,0,0.949372149400778,0.33789697915862704,rural,180,261,0.4130603118373105,108,153,3.798034382460593,44.613405359393454,6,-0.8232327096109981,0.7758162320356398,0.12063178722852863,-0.02654406448589755
E00726,Thiès,IEF015,IA04,0.15,1.0504362281327961,0,-1.0960478553026407,0.19120184555409536,urbain,320,390,0.488221733180944,190,200,3.6457946575076,38.31320663503194,10,1.6413758410019275,0.8832877001742141,-0.5408903152027353,1.023518499055563
E00727,Dakar,IEF008,IA02,0.05,-0.6770804424361538,1,-0.3621203918588307,0.03756214961391504,urbain,320,346,0.48785005518816416,169,177,3.4167998637369,30.471745089396734,11,-0.6399306911090944,0.7997157847423599,-1.3642453163306099,0.25541006937871574
E00728,Dakar,IEF007,IA02,0.05,-0.6770804424361538,1,0.35653495020654297,0.013915233660522282,urbain,320,285,0.46368055340583936,132,153,3.5535749216172094,34.93799509240523,8,0.01566794743500639,0.7999199327028208,-0.8952881895420034,0.47781442262235085
E00729,Thiès,IEF017,IA04,0.15,1.0504362281327961,0,0.4161989798572152,0.2249572890403253,urbain,320,430,0.4828850485219396,208,222,3.7534605709012516,42.66848411976327,10,1.6362033751745046,0.8805219920339453,-0.08358532461087108,1.6560210282358994
E00730,Dakar,IEF009,IA03,0.05,0.46256507759004684,0,0.5687463271242291,0.040885821148579145,urbain,320,159,0.4670157254041515,74,85,3.5563567998130092,35.035323654492544,5,1.032655323712006,0.8698052448163979,-0.8850686714227339,1.25416396749153
E00731,Matam,IEF052,IA14,0.65,0.361886464303974,0,-0.6415822632825328,0.7168024681984788,rural,180,228,0.4648980077183955,106,122,3.9336280980525693,51.09200862801094,4,0.38493138088425094,0.8357240950726234,0.8008864018174088,-0.7506107726469585
E00732,Ziguinchor,IEF043,IA11,0.55,0.5436260064330518,1,0.03781619554363153,0.6491941602984397,rural,180,135,0.4451745230464077,60,75,3.6342522533912844,37.87352250847031,4,0.6617917027281481,0.7452043586310755,-0.5870572347768762,0.6016226023548212
E00733,Kolda,IEF045,IA12,0.7,0.8036427494500231,0,-1.432219330403182,0.7467076059742018,urbain,320,188,0.4308326987745336,81,107,4.0718372115272405,58.66464300412547,3,0.2743442269072388,0.8047699140834701,1.5960144973900174,-0.5769906169451496
E00734,Kaolack,IEF029,IA07,0.3,0.7594385270695994,0,-1.481619640758723,0.23658370728732958,urbain,320,290,0.4832525989907117,140,150,3.717161682113989,41.14743869759092,7,0.6654128994942355,0.8823871348553736,-0.243295392434307,0.3596381766155533
E00735,Thiès,IEF013,IA04,0.15,1.0504362281327961,0,-1.1304494696840526,0.14458634020483577,urbain,320,187,0.4582299995432669,86,101,3.7228040921014407,41.38026565151644,5,0.14687625982440564,0.9072783388450794,-0.21884851658134186,0.29909544448495173
E00736,Kaffrine,IEF039,IA10,0.55,-1.7249192939776967,1,-1.332630847294145,0.6510416264489817,urbain,320,277,0.31717192451093223,88,189,4.003653265461072,54.797976355954475,5,-2.2416246139480056,0.545717314102045,1.1900137405237088,-2.2745888530374003
E00737,Sédhiou,IEF054,IA15,0.7,-0.5128143979953421,1,0.5471627551526171,0.5634149667345347,urbain,320,322,0.4188559291414414,135,187,3.609713878188483,36.95547753380792,9,-1.348367828166887,0.6702385263460958,-0.6834521372768232,-1.0750660840458461
E00738,Saint-Louis,IEF025,IA06,0.35,-0.09886818526410894,0,0.09534935373040888,0.389382669021323,urbain,320,367,0.43115197829883756,158,209,3.7641539921766283,43.12720446942489,9,0.007479738505043887,0.7623837798599115,-0.035419597875495534,-0.07297817376953056
E00739,Dakar,IEF011,IA03,0.05,0.46256507759004684,0,0.1990233856571336,0.06127265233856653,urbain,320,406,0.5393998550493104,219,187,3.67379664135747,39.40121452582994,10,0.3472866060040045,0.8642981397995488,-0.42664927315442414,0.9239565530631015
E00740,Matam,IEF052,IA14,0.65,0.361886464303974,0,-0.6415822632825328,0.7097841962083697,urbain,320,450,0.4322247045349269,195,255,3.9580736860709553,52.356373935294805,9,-0.28698335709855827,0.7224954355556121,0.9336450072057395,-1.0572692270902753
E00741,Saint-Louis,IEF028,IA06,0.35,-0.09886818526410894,0,-1.6584009589402293,0.3890750792004044,rural,180,102,0.4362636047514305,44,58,4.031771357819076,56.36065776948362,2,-0.31856214987316234,0.8382168004331376,1.354095595610403,-0.8766936252878725
E00742,Diourbel,IEF020,IA05,0.3,-1.961883486465059,0,0.3932217475238377,0.30835714097772854,urbain,320,192,0.36802469487847206,71,121,4.2814934275391865,72.34840646985278,3,-2.7686727120863197,0.6573219012786637,3.032812346641577,-2.824238106716665
E00743,Sédhiou,IEF054,IA15,0.7,-0.5128143979953421,1,0.5471627551526171,0.6357572447374322,urbain,320,218,0.3923283906173608,86,132,3.705583625394935,40.67377864122636,5,-0.97789837254787,0.7016663822035603,-0.29302979130531215,-0.6412631568881845
E00744,Thiès,IEF018,IA04,0.15,1.0504362281327961,0,1.839675695915115,0.13116232887278143,rural,180,285,0.4902963194430392,140,145,3.705445067850116,40.66814337273283,7,1.741616882829138,0.907247779222047,-0.29362149560301837,1.7644139146517155
E00745,Diourbel,IEF021,IA05,0.3,-1.961883486465059,0,0.10955641117140437,0.2567772810742173,urbain,320,588,0.3746682367150334,220,368,4.2580014560044095,70.66860790669863,8,-1.448764555401446,0.5932572696109577,2.8564331678607737,-1.5655042978802078
E00746,Thiès,IEF019,IA04,0.15,1.0504362281327961,0,0.4061865653228522,0.19998629061606746,rural,180,140,0.5128166973777564,72,68,4.0163272297507815,55.49690368578483,3,0.41634449904870574,0.8817412250240795,1.26340124731587,0.4842979393372271
E00747,Kaolack,IEF031,IA07,0.3,0.7594385270695994,0,0.014753903421311736,0.3200223549558484,rural,180,60,0.4799528508587044,29,31,3.6126686052954002,37.06483236230477,2,0.5299690394360186,0.8253912805957322,-0.6719698588244755,0.5856378088473693
E00748,Kaffrine,IEF040,IA10,0.55,-1.7249192939776967,1,-0.1388397558109453,0.6439900816319217,rural,180,127,0.3561006932925696,45,82,3.742298406349684,42.19485973307207,3,-1.2753599154085276,0.44990377569617246,-0.1333159781591736,-1.9279245660186393
E00749,Louga,IEF034,IA08,0.45,-0.5589055756131087,0,-2.3207746068026323,0.4962668577486057,urbain,320,140,0.38677089207391957,54,86,3.8289951478111703,46.01627543937484,3,-1.1571390753800177,0.6088287444185636,0.26793342093076555,-2.0822042551869453
E00750,Saint-Louis,IEF028,IA06,0.35,-0.09886818526410894,0,-1.6584009589402293,0.45946315939621646,urbain,320,393,0.4585366478158599,180,213,4.074557847025001,58.824465425039875,7,0.6751018475295187,0.8148672906799946,1.6127958829501474,-0.3617350474344297
E00751,Saint-Louis,IEF026,IA06,0.35,-0.09886818526410894,0,0.49988989751365537,0.36318842889919056,rural,180,246,0.4264538242855525,105,141,3.7513936679435735,42.58038358273121,6,-0.1408178351015392,0.8096174864826482,-0.09283589828839893,0.8820853441626051
E00752,Tambacounda,IEF049,IA13,0.75,-0.5950300302811243,1,0.10831608168981055,0.7031701294751366,rural,180,187,0.37694332859883034,70,117,3.9260965205598297,50.70865066303216,4,-0.4595289588264339,0.653445482104191,0.7606337402631126,-1.2865579043845332
E00753,Dakar,IEF012,IA03,0.05,0.46256507759004684,0,-0.8514222791158281,0.03373153871599341,urbain,320,279,0.4508146041665776,126,153,3.770047615226604,43.3821304366455,6,0.27405488114382864,0.8377151687956651,-0.0086523212897573,0.3002974126224379
E00754,Sédhiou,IEF053,IA15,0.7,-0.5128143979953421,1,-1.6637734035387284,0.6840491474706649,urbain,320,314,0.4020326826736001,126,188,3.8489845949609065,46.945370456211506,7,-0.7550180459017772,0.5716362164020082,0.36548858002751156,-1.8106554811234836
E00755,Kédougou,IEF055,IA16,0.9,-0.4962851679537585,0,0.0755532240045896,0.877273220576595,rural,180,98,0.3,29,69,4.173802940211195,64.96202966518855,2,-0.7087322049190014,0.5029073950433093,2.2572413326230962,-1.8887262091790795
E00756,Kaffrine,IEF039,IA10,0.55,-1.7249192939776967,1,-1.332630847294145,0.5482722697623288,rural,180,136,0.346129623768597,47,89,3.691844320016955,40.1187706185957,3,-2.1630751125439676,0.43416371202478954,-0.35130574259827163,-2.6171432091359224
E00757,Dakar,IEF004,IA01,0.05,1.1358119908378483,0,1.689559554478078,0,rural,180,256,0.47985577054832806,123,133,3.4838753847177224,32.58576005181819,8,1.3796256330362444,0.8958875265899912,-1.1422733304145756,1.4752001927018625
E00758,Diourbel,IEF020,IA05,0.3,-1.961883486465059,0,0.3932217475238377,0.2528400977804746,rural,180,197,0.3911933366691645,77,120,4.1191869978803295,61.50921480895146,3,-0.8452527532264169,0.5815109513577682,1.8946950951255892,-1.763818101892344
E00759,Kolda,IEF045,IA12,0.7,0.8036427494500231,0,-1.432219330403182,0.6979014469618222,rural,180,134,0.467041919564184,63,71,3.908164946788507,49.80746870534323,3,0.14273366002070684,0.8405841905640895,0.6660094578546372,-0.42222612047512387
E00760,Thiès,IEF014,IA04,0.15,1.0504362281327961,0,0.597248963746674,0.16458009163072074,rural,180,144,0.494472297174923,71,73,3.588725738005646,36.187933625556624,4,1.0017660448728023,0.8596541963981772,-0.7640443982687437,1.070211290694098
E00761,Kolda,IEF047,IA12,0.7,0.8036427494500231,0,0.8692594740041972,0.8050589220872474,rural,180,165,0.42870502152251855,71,94,4.063369112158378,58.16996243590328,3,-0.276112297899068,0.7992882140747296,1.544072940648821,-0.7188236663542925
E00762,Dakar,IEF003,IA01,0.05,1.1358119908378483,0,-1.5898776485547115,0,urbain,320,246,0.5199963193717917,128,118,3.552686806145322,34.90697989298477,7,1.8002499003249195,0.9423560205316092,-0.8985447915676842,1.2175874634508284
E00763,Thiès,IEF013,IA04,0.15,1.0504362281327961,0,-1.1304494696840526,0.042180234418533163,urbain,320,243,0.5006742614923063,122,121,3.678570211368673,39.5897486142207,6,0.5240544726230963,0.9175255248715788,-0.40685315687479723,0.5680359071244072
E00764,Dakar,IEF006,IA02,0.05,-0.6770804424361538,1,2.6676333910661167,0.04021247140156467,urbain,320,348,0.49864462161735257,174,174,3.539695970253047,34.45644181493522,10,-0.4160866502594303,0.7983714225225172,-0.9458513781780751,0.9329243958333401
E00765,Kaolack,IEF031,IA07,0.3,0.7594385270695994,0,0.014753903421311736,0.3839529675373362,rural,180,184,0.4595950782595868,85,99,3.8481539252273325,46.906390549797734,4,0.5228551188804803,0.906270247469336,0.3613956822045107,0.8754008513690215
E00766,Saint-Louis,IEF025,IA06,0.35,-0.09886818526410894,0,0.09534935373040888,0.31846638376824216,urbain,320,368,0.442290204152814,163,205,3.892829892701504,49.049495115749444,8,0.20200572281723025,0.7202425912354595,0.5864220821998684,-0.9016135979068992
E00767,Saint-Louis,IEF028,IA06,0.35,-0.09886818526410894,0,-1.6584009589402293,0.3949257407395645,urbain,320,435,0.4325795249956675,188,247,3.983594183983807,53.70973038004517,8,-0.5452350212008303,0.7858226952426486,1.0757476994919886,-1.4363773440316514
E00768,Sédhiou,IEF053,IA15,0.7,-0.5128143979953421,1,-1.6637734035387284,0.7931131784830874,rural,180,123,0.39867271361429596,49,74,3.5863277819959207,36.10126051332711,3,-0.44556144298723727,0.5276789735220172,-0.7731450920618809,-1.4270810413861943
E00769,Fatick,IEF037,IA09,0.4,1.508379536169013,1,-0.8651748349735274,0.4303328627528933,rural,180,224,0.4895568581459758,110,114,3.343357282189779,28.314025488769012,8,0.6905829045761221,0.8642344467189771,-1.590806297835055,0.18963932962402757
E00770,Tambacounda,IEF049,IA13,0.75,-0.5950300302811243,1,0.10831608168981055,0.6814149508291023,rural,180,159,0.39777675907680976,63,96,3.8037326194784513,44.86834879152424,4,-0.0657660803569763,0.6278936890625912,0.14740089763326308,-0.6841112927987075
E00771,Kaolack,IEF032,IA07,0.3,0.7594385270695994,0,0.3376374748206235,0.33125327304826435,rural,180,218,0.4684302328871081,102,116,3.8017435554961345,44.7791914741963,5,0.853335385901838,0.8108837986680082,0.13803936181728194,0.5986633504836566
E00772,Diourbel,IEF021,IA05,0.3,-1.961883486465059,0,0.10955641117140437,0.31919012961133475,urbain,320,197,0.3947727103999552,78,119,4.0160700180325675,55.48263106745328,4,-1.3252147613508936,0.5554486111107972,1.2619026195901486,-1.4229040431901052
E00773,Thiès,IEF016,IA04,0.15,1.0504362281327961,0,0.01909654917514469,0.16817794533320551,urbain,320,359,0.5303127234736218,190,169,3.5705803817839272,35.5372123182364,10,0.6096049834388172,0.8956602685582501,-0.8323702632372207,0.40172420373934736
E00774,Matam,IEF052,IA14,0.65,0.361886464303974,0,-0.6415822632825328,0.6237769151454275,rural,180,193,0.4413726486959483,85,108,4.0993784000724505,60.30279173388347,3,0.22896262312085017,0.7586297209307932,1.7680204354907139,-0.47019511403612735
E00775,Thiès,IEF016,IA04,0.15,1.0504362281327961,0,0.01909654917514469,0.1777413914745075,urbain,320,444,0.4839641041094609,215,229,3.6974006842592346,40.34230556679898,11,0.5409063233603727,0.8842222360594497,-0.32783452916963746,0.6657987170978493
E00776,Dakar,IEF012,IA03,0.05,0.46256507759004684,0,-0.8514222791158281,0.09053573802445256,rural,180,203,0.47497021548136165,96,107,3.8209816493558004,45.648997642676434,4,0.07588418784324746,0.8933886143828984,0.229369180201538,-0.1319869821923684
E00777,Dakar,IEF009,IA03,0.05,0.46256507759004684,0,0.5687463271242291,0.06737482179336748,urbain,320,412,0.5037448400717046,208,204,3.5549238212865135,34.98515474209876,12,0.6543336421605368,0.8390466521461981,-0.8903364170694066,0.9556182774100621
E00778,Thiès,IEF013,IA04,0.15,1.0504362281327961,0,-1.1304494696840526,0.13925805024694993,urbain,320,423,0.4541960214963216,192,231,3.619063119581353,37.30260336719531,11,1.1054507647625542,0.8843760044242271,-0.6470038566499449,0.5824815311314658
E00779,Louga,IEF035,IA08,0.45,-0.5589055756131087,0,0.9958108211774965,0.49298367967313156,urbain,320,164,0.41241100830940197,68,96,3.76902608034998,43.33783670502989,4,-1.054911752547417,0.6739039997245043,-0.013303171801754377,-1.3824851862483956
E00780,Kaolack,IEF031,IA07,0.3,0.7594385270695994,0,0.014753903421311736,0.31637417331357903,rural,180,211,0.5022802505732882,106,105,3.803807900073204,44.871726634648255,5,0.2870254782874169,0.8613233404679145,0.1477555718241644,0.3699507852358518
E00781,Dakar,IEF006,IA02,0.05,-0.6770804424361538,1,2.6676333910661167,0.02129134789322734,urbain,320,364,0.4745969931647485,173,191,3.4848143382958656,32.61637093666632,11,-0.3271249320192037,0.77678890310548665,-1.1390591814983335,1.105159459563692
E00782,Dakar,IEF005,IA02,0.05,-0.6770804424361538,1,0.5635836405531154,0,rural,180,158,0.4739642405324115,75,83,3.3896596852462006,29.655858226799133,5,-0.402724141872048,0.7933290741048502,-1.4499135970158847,0.7615556114508595
E00783,Kaffrine,IEF041,IA10,0.55,-1.7249192939776967,1,0.31771647692565824,0.5140019196553343,rural,180,140,0.37055995940590836,52,88,3.9786325419254247,53.443901940973404,3,-1.8445038004951835,0.7092705124852724,1.047835661222339,-1.1153304615975561
E00784,Kolda,IEF046,IA12,0.7,0.8036427494500231,0,-0.3584819723018034,0.6802263158958551,rural,180,138,0.46393940169053843,64,74,3.9838650566830194,53.7242808502608,3,0.9155660722800255,0.8067049301123079,1.077275501720065,-0.07477537191697367
E00785,Dakar,IEF010,IA03,0.05,0.46256507759004684,0,0.028674535806565937,0.04932565854947228,urbain,320,220,0.5216204544024226,115,105,3.6078376105575796,36.88620417552895,6,0.6029776170028702,0.8345273476465437,-0.6907258534905641,1.068505778216975
E00786,Dakar,IEF007,IA02,0.05,-0.6770804424361538,1,0.35653495020654297,0.07045312902858333,urbain,320,253,0.4868899110317367,123,130,3.559740556508582,35.15407546580119,7,-0.2018715882418755,0.7379801689214871,-0.87259970793105,0.0628646961470769
E00787,Kaolack,IEF032,IA07,0.3,0.7594385270695994,0,0.3376374748206235,0.3485143643058187,rural,180,222,0.4569012145311781,101,121,3.800259908942031,44.71280424084274,5,0.537573104907475,0.8205688852469868,0.13106868928709245,0.45526680846248885
E00788,Dakar,IEF001,IA01,0.05,1.1358119908378483,0,-0.3499273505312711,0.05094852746449422,rural,180,239,0.4932571011993203,118,121,3.6251315271452453,37.52965900390594,6,1.1260016082181161,0.8947397404046078,-0.6231629702371265,0.8582053989101136
E00789,Diourbel,IEF022,IA05,0.3,-1.961883486465059,0,-0.4134188533806319,0.3808527601565524,urbain,320,414,0.3644958320269152,151,263,4.133505972146964,62.396299588271,7,-0.9305474292419671,0.5337732799333832,1.9878391710387986,-2.2107440880443274
E00790,Kaolack,IEF030,IA07,0.3,0.7594385270695994,0,-0.4906862327461932,0.2988816238224084,urbain,320,489,0.4474290535395957,219,270,3.8509667422894154,47.03851537983142,10,0.3992389715168221,0.8538162670527474,0.3752688152866925,-0.2220243707678357
E00791,Saint-Louis,IEF028,IA06,0.35,-0.09886818526410894,0,-1.6584009589402293,0.25685900065462636,rural,180,94,0.44116412416006195,41,53,3.7661959309972555,43.2153575534287,2,-0.06056502358212494,0.7383070723303946,-0.026163506755621752,-0.8259466687067004
E00792,Ziguinchor,IEF044,IA11,0.55,0.5436260064330518,1,-0.6339810327435095,0.5367653076399035,urbain,320,216,0.4407115749495003,95,121,3.6108898500015028,36.99896169678813,6,0.5480622729396497,0.7879523754282791,-0.6788862916304154,0.036639019943105255
E00793,Kaolack,IEF032,IA07,0.3,0.7594385270695994,0,0.3376374748206235,0.2723648509890898,rural,180,346,0.45229766806100724,156,190,3.75749371657972,42.84091982752215,8,0.6567145709813061,0.8930495931458021,-0.06547954145679492,0.5337202079000241
E00794,Kaolack,IEF030,IA07,0.3,0.7594385270695994,0,-0.4906862327461932,0.30759043294998484,urbain,320,338,0.47740580594043747,161,177,3.76144425604731,43.01049931681246,8,0.4241272650843949,0.856031518019248,-0.04767366180243332,0.2608172291882551
E00795,Dakar,IEF005,IA02,0.05,-0.6770804424361538,1,0.5635836405531154,0,urbain,320,320,0.44764678665540636,143,177,3.5923158385407796,36.31808543467898,9,-0.17115491344230427,0.8124818160742953,-0.7503784327694448,0.2408434701648785
E00796,Kédougou,IEF055,IA16,0.9,-0.4962851679537585,0,0.0755532240045896,0.8086692323546483,rural,180,51,0.37594636176688706,19,32,4.0951710180764636,60.04960784778625,1,-0.9594882687807812,0.5422189377789984,1.7414360777648035,-2.075972829186744
E00797,Saint-Louis,IEF025,IA06,0.35,-0.09886818526410894,0,0.09534935373040888,0.39846093974886226,urbain,320,363,0.42804626554189246,155,208,4.077910444250584,59.02201112517045,6,0.3340829489512092,0.7311310912457798,1.6335382202309257,-0.7710281130641664
E00798,Louga,IEF035,IA08,0.45,-0.5589055756131087,0,0.9958108211774965,0.574463253096047,urbain,320,230,0.433055058282766,100,130,3.9964370017251034,54.4039630681072,4,-0.9833144984893478,0.6492034306577792,1.1486422679771826,-0.5752906713287755
E00799,Kédougou,IEF055,IA16,0.9,-0.4962851679537585,0,0.0755532240045896,0.9421248268478551,rural,180,171,0.38445666518901406,66,105,4.210726269338559,67.40547656821451,3,-1.7499687899629897,0.6147397403572955,2.513803736951494,-1.8061999800120194
E00800,Matam,IEF052,IA14,0.65,0.361886464303974,0,-0.6415822632825328,0.6790441989397533,rural,180,91,0.42021236725237554,38,53,4.1012966700108215,60.41857978733149,2,-0.8751272160747844,0.67948902576905,1.7801782038254137,-1.1747842699656068
E00801,Diourbel,IEF022,IA05,0.3,-1.961883486465059,0,-0.4134188533806319,0.27803706383841187,rural,180,106,0.3975441452570467,42,64,4.058834226621592,57.9067655495116,2,-0.9491031502023582,0.5400252430992274,1.5164372159270054,-1.6635834489928796
E00802,Tambacounda,IEF049,IA13,0.75,-0.5950300302811243,1,0.10831608168981055,0.7427628714221496,urbain,320,175,0.38104107021790706,67,108,3.971281439135878,53.05247081226321,3,-1.526217363315677,0.6368095879398468,1.0067353158919377,-1.830968159074599
E00803,Tambacounda,IEF048,IA13,0.75,-0.5950300302811243,1,-1.2870708589133515,0.7975446618311007,urbain,320,224,0.37356854791652694,84,140,3.8394683691733147,46.500746636964394,5,0.011113953232646146,0.5351207938718658,0.31880299175201215,-1.1968690553802606
E00804,Matam,IEF052,IA14,0.65,0.361886464303974,0,-0.6415822632825328,0.6255732811880221,urbain,320,376,0.42487621673793935,160,216,3.9120906537162705,50.003382528816076,8,0.9167595366700291,0.7346291663960747,0.686580447766108,0.14460641417776957
E00805,Sédhiou,IEF054,IA15,0.7,-0.5128143979953421,1,0.5471627551526171,0.7886942413819469,rural,180,257,0.3710648680131358,95,162,3.6694843798464367,39.231672003517616,7,-0.2597584309801322,0.5418249975142834,-0.44445127126884326,-0.2233568866648284
E00806,Thiès,IEF015,IA04,0.15,1.0504362281327961,0,-1.0960478553026407,0.25204061076730644,urbain,320,277,0.48932894606932653,136,141,3.4772905765257356,32.37189397838651,9,0.8621750433256684,0.8736865824702973,-1.1647293100947376,0.9721207092754671
E00807,Kaolack,IEF029,IA07,0.3,0.7594385270695994,0,-1.481619640758723,0.3146820912738492,urbain,320,271,0.4878835951473511,132,139,4.06161134239976,58.06780284789467,5,1.1384700993067598,0.8701260089398297,1.5333461638597574,0.09328072225897446
E00808,Louga,IEF035,IA08,0.45,-0.5589055756131087,0,0.9958108211774965,0.4145733300820326,urbain,320,219,0.3777613600047668,83,136,3.9589524420313698,52.40240263198992,4,0.26171246766419276,0.6922398395503891,0.9384780293915612,-0.007286204463285942
E00809,Kaolack,IEF030,IA07,0.3,0.7594385270695994,0,-0.4906862327461932,0.2879993211609043,urbain,320,308,0.4783125918209646,147,161,3.936638314623643,51.24603835413899,6,0.5418479724154907,0.882676716376019,0.8170595532881929,0.6915883037370548
E00810,Thiès,IEF017,IA04,0.15,1.0504362281327961,0,0.4161989798572152,0.11719227691831383,urbain,320,274,0.5357418185196752,147,127,3.555300805931103,34.99834609453755,8,0.7611737207962445,0.8940747650280726,-0.8889513224746153,1.5118933828896828
E00811,Kaffrine,IEF040,IA10,0.55,-1.7249192939776967,1,-0.1388397558109453,0.49887929949745696,urbain,320,223,0.3994165807246641,89,134,3.8855484996590475,48.69364358294546,5,-1.5483942350733382,0.5408511314193338,0.5490576014218855,-2.118286947304182
E00812,Dakar,IEF006,IA02,0.05,-0.6770804424361538,1,2.6676333910661167,0.10422349035307106,rural,180,207,0.47310040437014467,98,109,3.580031207760066,35.87466039738747,6,-0.5611059969303659,0.8406340974159487,-0.7969381487043522,0.7099015629104599
E00813,Kaffrine,IEF041,IA10,0.55,-1.7249192939776967,1,0.31771647692565824,0.5134423446981027,urbain,320,283,0.38638158755226776,109,174,3.8867550330602954,48.75242954683989,6,-0.8959714304202826,0.5411067430165863,0.5552301391671662,-1.0441690139049817
E00814,Diourbel,IEF024,IA05,0.3,-1.961883486465059,0,-2.89232139833262,0.1996866739069852,urbain,320,252,0.4202905384144523,106,146,4.009495400831141,55.11905051798852,5,-1.1526978919226931,0.6869780023969463,1.223726590546014,-2.2084164211717052
E00815,Tambacounda,IEF048,IA13,0.75,-0.5950300302811243,1,-1.2870708589133515,0.7130611077527812,urbain,320,476,0.3874892686672844,184,292,3.7985182713381715,44.634998513960106,11,-0.3269126485266385,0.5255980536010746,0.12289907269554422,-1.3304317021908805
E00816,Diourbel,IEF022,IA05,0.3,-1.961883486465059,0,-0.4134188533806319,0.37186614060667256,urbain,320,423,0.392974469171165,166,257,4.208249180870053,67.23871386774523,6,-1.7714823819190213,0.5130452966119196,2.496293620676117,-2.6877044522921802
E00817,Thiès,IEF014,IA04,0.15,1.0504362281327961,0,0.597248963746674,0.05973248628983813,rural,180,96,0.5205572939746135,50,46,3.536899742878365,34.36022834915176,3,0.5619029416170729,0.9127486074974358,-0.9559538109666091,0.8136479087530363
E00818,Diourbel,IEF023,IA05,0.3,-1.961883486465059,0,0.1117959092790192,0.25316592528245385,urbain,320,411,0.4034200612314799,166,245,4.036292130811573,56.61602831016353,7,-0.8342967364910129,0.5220697982364697,1.3809095524966122,-2.1563425030231596
E00819,Dakar,IEF003,IA01,0.05,1.1358119908378483,0,-1.5898776485547115,0,rural,180,132,0.4732828108204793,62,70,3.370395452386865,29.090028504716035,5,1.1366183989472491,0.9287419438692367,-1.5093258288750382,0.4595818055079424
E00820,Dakar,IEF007,IA02,0.05,-0.6770804424361538,1,0.35653495020654297,0.04667485242386414,urbain,320,245,0.5024744926779882,123,122,3.300583268684797,27.12845748669116,9,0.1547342433770179,0.8115254776424092,-1.7152911707132918,0.5319290800606725
E00821,Ziguinchor,IEF043,IA11,0.55,0.5436260064330518,1,0.03781619554363153,0.520842707597886,rural,180,134,0.48257277327423487,65,69,3.556422400213939,35.03762206115835,4,-0.35631048307914176,0.7955265246097775,-0.8848273382717766,0.13213863127127395
E00822,Ziguinchor,IEF042,IA11,0.55,0.5436260064330518,1,0.09332094674687035,0.583578987250965,rural,180,134,0.4202268937700482,56,78,3.49614437436625,32.9880170018593,4,-0.3177752504343734,0.7452588232368829,-1.1000362717199312,-0.18586857362686257
E00823,Ziguinchor,IEF044,IA11,0.55,0.5436260064330518,1,-0.6339810327435095,0.5233424487102232,urbain,320,200,0.4525164908061687,91,109,3.5823562403068236,35.95816719080331,6,0.2822590384634492,0.7685565864901861,-0.7881699190080206,-0.16450676987331825
E00824,Tambacounda,IEF048,IA13,0.75,-0.5950300302811243,1,-1.2870708589133515,0.6979648190137702,rural,180,185,0.3650587805763795,68,117,3.516861024472373,33.678546237484944,5,-0.5165203296763875,0.5342885264792973,-1.0275305664673362,-0.9797497961962023
E00825,Tambacounda,IEF048,IA13,0.75,-0.5950300302811243,1,-1.2870708589133515,0.8450529661970547,urbain,320,357,0.3944476552417277,141,216,3.9987401988049975,54.52941052663515,7,-1.0954353182820913,0.6215652476219883,1.16181427574087,-1.326261130600872
E00826,Louga,IEF033,IA08,0.45,-0.5589055756131087,0,-1.965905696172405,0.39236840291771324,urbain,320,535,0.4458163527640944,239,296,3.9059353905079344,49.69654385322206,11,-0.48550984489877486,0.7260434905994616,0.6543623266136283,-1.1734285576469643
E00827,Matam,IEF051,IA14,0.65,0.361886464303974,0,0.10403354045954573,0.6093100857064748,urbain,320,325,0.42992224587946876,140,185,4.031637382633605,56.353107345701694,6,-0.5709516850446608,0.7967565791802624,1.3533027996315787,-1.1858683089245239
E00828,Dakar,IEF003,IA01,0.05,1.1358119908378483,0,-1.5898776485547115,0.0647005923798026,rural,180,108,0.509456714621337,55,53,3.7318870643424082,41.75783357946933,3,0.6306941611692424,0.9004875639453416,-0.1792038100510215,-0.17017414154272942
E00829,Kolda,IEF047,IA12,0.7,0.8036427494500231,0,0.8692594740041972,0.6580741694439027,rural,180,143,0.47445726690722756,68,75,3.9765624427564163,53.333382196859674,3,-0.36017362061445735,0.8167628351594848,1.0362310664016112,-0.8191896620634045
E00830,Louga,IEF034,IA08,0.45,-0.5589055756131087,0,-2.3207746068026323,0.4600324501320596,rural,180,195,0.4364437099454794,85,110,4.006219643605764,54.93878929718889,4,-0.9140115659786725,0.7156076415011531,1.2047991269869527,-2.021934468157197
E00831,Sédhiou,IEF053,IA15,0.7,-0.5128143979953421,1,-1.6637734035387284,0.6824738347530468,rural,180,203,0.3674632303887795,75,128,3.643980736982774,38.24377251616972,5,-0.46557499914909317,0.6569180220055868,-0.5481809113092656,-1.3696911936028098
E00832,Saint-Louis,IEF025,IA06,0.35,-0.09886818526410894,0,0.09534935373040888,0.419992436748263,urbain,320,245,0.42627333518032745,104,141,3.716707719227921,41.128763526803404,6,-0.36493843933340725,0.8044332461961972,-0.245256289031878,0.2716306109608715
E00833,Kaffrine,IEF041,IA10,0.55,-1.7249192939776967,1,0.31771647692565824,0.4806508391472959,rural,180,166,0.37060986173568744,62,104,3.871838235948201,48.030596549343244,3,-1.7403463548790963,0.602463903722576,0.479437532774955,-1.2439201323903692
E00834,Thiès,IEF015,IA04,0.15,1.0504362281327961,0,-1.0960478553026407,0.13255019274133978,urbain,320,119,0.5108128872432356,61,58,3.57692672026575,35.76346066122654,3,1.1306553812276778,0.9000509770661538,-0.8086141428234802,1.0278120462756128
E00835,Kaffrine,IEF041,IA10,0.55,-1.7249192939776967,1,0.31771647692565824,0.5097154429939734,rural,180,147,0.3911952608713529,58,89,3.7533663672323283,42.66446478133298,3,-1.0303133610552504,0.5383350993105971,-0.08400735593482068,-1.734930417067633
E00836,Fatick,IEF036,IA09,0.4,1.508379536169013,1,1.1669515787289226,0.39451306974554845,urbain,320,185,0.4954877747875453,92,93,3.2036710793148595,24.6227565740197,8,0.9058379142062108,0.8748054471671788,-1.9783902582714143,1.78798177409519
E00837,Kaolack,IEF032,IA07,0.3,0.7594385270695994,0,0.3376374748206235,0.38249518804388005,rural,180,178,0.4786727701951474,85,93,3.616332850013171,37.20089611170046,5,0.37489015071431164,0.8084655270348282,-0.6576831384362962,0.7648276440934872
E00838,Kaffrine,IEF039,IA10,0.55,-1.7249192939776967,1,-1.332630847294145,0.5820962844636879,urbain,320,243,0.35498237260395826,86,157,3.873178651348019,48.09502066851519,5,-1.9385720173744507,0.5304113946711144,0.4862020779308266,-2.758145664520644
E00839,Dakar,IEF011,IA03,0.05,0.46256507759004684,0,0.1990233856571336,0.08371862654178935,urbain,320,195,0.47876112308796487,93,102,3.7145556538921083,41.04034691380078,5,0.5387629811997608,0.8039637753354342,-0.25454005074834246,0.4271497402192116
E00840,Thiès,IEF016,IA04,0.15,1.0504362281327961,0,0.01909654917514469,0.09484957882986328,urbain,320,325,0.48345923659292844,157,168,3.825085157621783,45.836703544802646,7,0.9288622567687326,0.897469593042921,0.24907833676086102,0.5564468573433341
E00841,Dakar,IEF011,IA03,0.05,0.46256507759004684,0,0.1990233856571336,0.11888009363954122,urbain,320,377,0.4770334500996426,180,197,3.7550388820789125,42.7358814381629,9,-0.09288795780763084,0.8431939723720594,-0.07650859295262172,0.0488316431992806
E00842,Ziguinchor,IEF043,IA11,0.55,0.5436260064330518,1,0.03781619554363153,0.5418958407041634,urbain,320,288,0.47099540551774016,136,152,3.7076986513390535,40.759895776182674,7,0.2211102861295993,0.805043928106178,-0.28398747523496803,0.21851070822179341
E00843,Thiès,IEF016,IA04,0.15,1.0504362281327961,0,0.01909654917514469,0.13260265928005027,urbain,320,220,0.46523908163235417,102,118,3.6810365703096672,39.68751165450425,6,1.032535439152915,0.9291489101669115,-0.39658801845965974,0.9655915031606496
E00844,Thiès,IEF017,IA04,0.15,1.0504362281327961,0,0.4161989798572152,0.09621569383797621,rural,180,157,0.5118380651231612,80,77,3.5801036788003646,35.87726036555689,4,0.9873585490008948,0.8923803516666521,-0.7966651515363361,0.9707177109233094
E00845,Fatick,IEF037,IA09,0.4,1.508379536169013,1,-0.8651748349735274,0.38927105262871725,rural,180,150,0.46775153656619956,70,80,3.30615490474351,27.280029237853494,5,0.827109969886542,0.8798690715395908,-1.6993761070962699,0.505719453705314
E00846,Kolda,IEF045,IA12,0.7,0.8036427494500231,0,-1.432219330403182,0.6747005608094246,rural,180,340,0.4475045652389021,152,188,4.125312753075813,61.88716162410423,5,0.046281639560614964,0.8101242286056668,1.934379584886251,-0.7925819840299377
E00847,Kaffrine,IEF040,IA10,0.55,-1.7249192939776967,1,-0.1388397558109453,0.6242145799998959,rural,180,200,0.37596767714895907,75,125,3.797497938690547,44.589479194122795,4,-2.2239075586599295,0.45840459612307605,0.11811953517975407,-2.368214879431913
E00848,Ziguinchor,IEF043,IA11,0.55,0.5436260064330518,1,0.03781619554363153,0.5579777012508905,urbain,320,396,0.4226344996910617,167,229,3.5522057247474237,34.890190833077455,11,0.06605748469510087,0.7765348800666918,-0.9003076461526971,-0.2857752505729313
E00849,Saint-Louis,IEF028,IA06,0.35,-0.09886818526410894,0,-1.6584009589402293,0.2749597678676294,rural,180,238,0.4742137083886,113,125,3.7458843132257873,42.3464381813997,6,0.8192633614081871,0.8410087074919803,-0.11740021133848143,0.06679148065702503
E00850,Louga,IEF035,IA08,0.45,-0.5589055756131087,0,0.9958108211774965,0.46833168260430635,urbain,320,234,0.40591918007224775,95,139,3.977065855233907,53.36023764604129,4,-0.7176846117531755,0.7599906683589428,1.0390508938358896,-0.4462571154848789
E00851,Diourbel,IEF020,IA05,0.3,-1.961883486465059,0,0.3932217475238377,0.2860600033271258,urbain,320,327,0.3800693950167419,124,203,4.286036218601625,72.67781782111325,4,-1.669323423565877,0.5810615887936182,3.067400603168777,-1.4198057797307415
E00852,Dakar,IEF001,IA01,0.05,1.1358119908378483,0,-0.3499273505312711,0.02880844809760721,urbain,320,319,0.48025912522015823,153,166,3.4860287068022253,32.65600328959371,10,1.809504653276597,0.8958803525706185,-1.1348977766633641,1.3869124992902804
E00853,Dakar,IEF003,IA01,0.05,1.1358119908378483,0,-1.5898776485547115,0.09339157588255502,urbain,320,350,0.47382349691817593,166,184,3.555211154784801,34.995208593333885,10,0.47766115315140834,0.8981565891132564,-0.8892807607167148,0.247128495999363
E00854,Louga,IEF033,IA08,0.45,-0.5589055756131087,0,-1.965905696172405,0.41929797489895254,urbain,320,277,0.41046855124631526,114,163,4.042669796719325,56.9782602932309,5,-0.6965796246815449,0.7862439003090957,1.4189439818043734,-0.6784541322936002
E00855,Ziguinchor,IEF042,IA11,0.55,0.5436260064330518,1,0.09332094674687035,0.5045840576178413,rural,180,158,0.46292955335644026,73,85,3.6242486820560553,37.49654075005033,4,0.3792564673955583,0.7861865147716361,-0.6266403933912092,0.4195736750028046
E00856,Thiès,IEF014,IA04,0.15,1.0504362281327961,0,0.597248963746674,0.24699406220390718,urbain,320,407,0.4614661089195555,188,219,3.9130719675155956,50.05247562202982,8,0.8207248310505796,0.8838481067363437,0.6917352321877533,0.5115474788547053
E00857,Louga,IEF033,IA08,0.45,-0.5589055756131087,0,-1.965905696172405,0.44615400073766853,rural,180,272,0.41844544994329136,114,158,4.058493713578465,57.88705089729532,5,-1.379560494943415,0.7140618743922766,1.514367173575423,-1.7479842827083751
E00858,Diourbel,IEF022,IA05,0.3,-1.961883486465059,0,-0.4134188533806319,0.295294561907993,urbain,320,191,0.4179135727981723,80,111,3.9503717730564323,51.954678594470074,4,-1.7263884991593361,0.5727867157387911,0.8914669175890269,-2.1635509761008445
E00859,Fatick,IEF037,IA09,0.4,1.508379536169013,1,-0.8651748349735274,0.37608845751160497,rural,180,175,0.5131563601737089,90,85,3.4273075426250355,30.793620522250386,6,0.5810300992326896,0.8935924114892473,-1.3304483327150018,0.33146221766355793
E00860,Kédougou,IEF055,IA16,0.9,-0.4962851679537585,0,0.0755532240045896,0.8663503804911468,rural,180,193,0.3943720431871276,76,117,4.091994318226128,59.859150939903905,3,-0.7824711967483987,0.6388925344141941,1.7214380650612195,-1.9874117968703868
E00861,Thiès,IEF014,IA04,0.15,1.0504362281327961,0,0.597248963746674,0.056557808138117116,urbain,320,342,0.5083853193635723,174,168,3.752178858137617,42.613830411721665,8,2.195756779661916,0.888224589500877,-0.08932397468067688,1.463802551555209
E00862,Diourbel,IEF021,IA05,0.3,-1.961883486465059,0,0.10955641117140437,0.3403747003525305,rural,180,62,0.39324171025485516,24,38,4.000389398630796,54.61941461794255,1,-2.0360607874485606,0.4342824588169714,1.1712647229908695,-2.0440302568781092
E00863,Kaffrine,IEF041,IA10,0.55,-1.7249192939776967,1,0.31771647692565824,0.47257530291133737,rural,180,142,0.3301000170681332,47,95,3.64590723504196,38.31752008416252,4,-0.5225721107605884,0.523713905216005,-0.5404374021975381,-1.1209033143243374
E00864,Louga,IEF033,IA08,0.45,-0.5589055756131087,0,-1.965905696172405,0.4794268038210402,urbain,320,198,0.3895481513098204,77,121,4.1799568672733445,65.36303386733412,3,-1.408957785488342,0.7398263208692335,2.299346852542866,-2.210030028241896
E00865,Sédhiou,IEF053,IA15,0.7,-0.5128143979953421,1,-1.6637734035387284,0.7450692309710201,urbain,320,242,0.3672488939724058,89,153,3.910008861416753,49.89939415077599,5,-0.8619072018475425,0.7860152780892115,0.6756616476648515,-0.9976378382619641
E00866,Dakar,IEF005,IA02,0.05,-0.6770804424361538,1,0.5635836405531154,0.08253699121809888,urbain,320,276,0.4500207799157868,124,152,3.51119947250823,33.48841213280799,8,-0.21395433353359483,0.7120974025119817,-1.0474946847710065,-0.04764195250060185
E00867,Sédhiou,IEF054,IA15,0.7,-0.5128143979953421,1,0.5471627551526171,0.7672728113062799,urbain,320,338,0.43438481668419665,147,191,3.8704918787008715,47.965973720054464,7,-1.2180151343826122,0.60758936412153,0.4726521230178203,-0.9869273341874226
E00868,Diourbel,IEF022,IA05,0.3,-1.961883486465059,0,-0.4134188533806319,0.27836486726732523,rural,180,222,0.3973718622404115,88,134,3.96371680508214,52.65266239365188,4,-1.1825790823565985,0.6267848662086952,0.9647553534779285,-1.499713058522296
E00869,Kaolack,IEF032,IA07,0.3,0.7594385270695994,0,0.3376374748206235,0.23746056811488936,urbain,320,332,0.45431844431322466,151,181,3.8117135164308533,45.22787120702443,7,1.3220728389665324,0.8776208179246816,0.18515082181473452,0.5100822032578131
E00870,Louga,IEF033,IA08,0.45,-0.5589055756131087,0,-1.965905696172405,0.4477513048795432,rural,180,302,0.4090492584875317,124,178,4.1687691733679,64.63584760516117,5,-0.9223018497769141,0.6707582673253573,2.222992152309099,-1.8579772199853177
E00871,Thiès,IEF017,IA04,0.15,1.0504362281327961,0,0.4161989798572152,0.036807107329033126,urbain,320,188,0.5057432270071225,95,93,3.34242607543435,28.28767154934809,7,0.8030323138110451,0.9039589019722367,-1.5935734666460422,1.1507992185535951
E00872,Thiès,IEF016,IA04,0.15,1.0504362281327961,0,0.01909654917514469,0.11746974309401967,urbain,320,294,0.4891421296458827,144,150,3.669058979590808,39.21498638950245,7,0.18379485329242987,0.8859055765873971,-0.44620326401487975,0.501003259255534
E00873,Fatick,IEF038,IA09,0.4,1.508379536169013,1,-1.390946513569097,0.40005599861024593,urbain,320,291,0.5036262406122325,147,144,3.7760273998024725,43.6423234047201,7,0.47630093634833626,0.8714904489196522,0.018667991419265586,-0.3382697005206832
E00874,Kolda,IEF045,IA12,0.7,0.8036427494500231,0,-1.432219330403182,0.6446690690033866,rural,180,135,0.44883478684050543,61,74,3.7477807253109683,42.42682067360561,3,-0.5449098876079262,0.7644957533082247,-0.10896003388231564,-0.8049433418191355
E00875,Tambacounda,IEF050,IA13,0.75,-0.5950300302811243,1,-0.9304449072754517,0.8572816514871257,urbain,320,461,0.38463291642561775,177,284,3.774175085774676,43.561558940539236,11,-0.1873935741573661,0.6418208942264966,0.01018770683077019,-1.367886182182356
E00876,Dakar,IEF008,IA02,0.05,-0.6770804424361538,1,-0.3621203918588307,0.06653333030898843,urbain,320,320,0.46295137821246757,148,172,3.415963606039987,30.446273509913972,11,-0.1590051715014854,0.7759152614368132,-1.366919837174933,0.12007274874700401
E00877,Diourbel,IEF022,IA05,0.3,-1.961883486465059,0,-0.4134188533806319,0.31945204197978583,urbain,320,226,0.40353237745960824,91,135,4.053139401683411,57.577933865104654,4,-0.8927918743380558,0.6145689598017847,1.4819098245331823,-1.607848645461502
E00878,Saint-Louis,IEF027,IA06,0.35,-0.09886818526410894,0,0.949372149400778,0.33496577096446073,rural,180,258,0.43360633602627074,112,146,4.032978628278596,56.4287414161062,5,0.20794333659227499,0.7639219777912523,1.3612443918667494,0.3689300201879108
E00879,Kaolack,IEF031,IA07,0.3,0.7594385270695994,0,0.014753903421311736,0.33379130580461625,rural,180,164,0.49095818376516964,81,83,3.810438931936404,45.17026118588611,4,0.4003561284058155,0.8994492179451768,0.17910175828961677,0.9500501211640339
E00880,Dakar,IEF005,IA02,0.05,-0.6770804424361538,1,0.5635836405531154,0.12499199536832824,rural,180,126,0.4574576305053183,58,68,3.6746893450243574,39.436403838994494,3,-0.7037619863141438,0.744079400159963,-0.4229543883664708,-0.255551149895135
E00881,Kolda,IEF047,IA12,0.7,0.8036427494500231,0,0.8692594740041972,0.7466958495874377,rural,180,285,0.399234722236353,114,171,3.961215020324165,52.52110140266886,5,-0.001279626013238618,0.7385299188624594,0.9509414236067169,0.09707461703433645
E00882,Thiès,IEF014,IA04,0.15,1.0504362281327961,0,0.597248963746674,0.12938823898104743,urbain,320,466,0.5117568857177166,238,228,3.4989340716458837,33.0801720657497,14,1.3804566365724245,0.9114901396897939,-1.090359971926603,1.2199719701277174
E00883,Diourbel,IEF020,IA05,0.3,-1.961883486465059,0,0.3932217475238377,0.37702014641353754,rural,180,340,0.3778268361240929,128,212,4.101516483652091,60.43186207511541,6,-1.6384056828559341,0.5300310049511278,1.7815728466492888,-1.8486396221780483
E00884,Saint-Louis,IEF027,IA06,0.35,-0.09886818526410894,0,0.949372149400778,0.3946946761505677,urbain,320,241,0.4122687614066872,99,142,3.949120706000905,51.88972044967004,5,-0.8164282851223162,0.793313070110222,0.8846462996374065,-0.3393099502226364
E00885,Thiès,IEF016,IA04,0.15,1.0504362281327961,0,0.01909654917514469,0.17175760645929805,urbain,320,225,0.47858386215773835,108,117,3.7496244736907105,42.50511721285873,5,0.27997660931248447,0.90902365892611,-0.10073888189554828,0.04229739136985333
E00886,Thiès,IEF014,IA04,0.15,1.0504362281327961,0,0.597248963746674,0.19817962720506396,rural,180,269,0.4855927518192852,131,138,3.5670322554519016,35.41134522765962,8,0.9716441985055682,0.8573041607325428,-0.8455863324483857,0.8287233693689052
E00887,Dakar,IEF009,IA03,0.05,0.46256507759004684,0,0.5687463271242291,0.11470362573076812,urbain,320,242,0.47972775333711776,116,126,3.69655843183905,40.30834146747974,6,0.7735073603966415,0.7887995724493752,-0.3314007662633922,1.1590385054737176
E00888,Kolda,IEF046,IA12,0.7,0.8036427494500231,0,-0.3584819723018034,0.7784222509629722,urbain,320,289,0.44466443829608265,129,160,3.769661899986589,43.36540051449216,7,-0.2439325640800005,0.7530113738455692,-0.010408966398996987,-0.7378590266859038
E00889,Kédougou,IEF055,IA16,0.9,-0.4962851679537585,0,0.0755532240045896,0.7936209497039133,rural,180,143,0.38312477447024784,55,88,4.059613581559531,57.95191306386663,2,-1.428958828177228,0.6455784423559975,1.5211777137941915,-1.691161626784773
E00890,Dakar,IEF002,IA01,0.05,1.1358119908378483,0,-0.5868971362215678,0.11232318314774259,rural,180,238,0.5003402309393481,119,119,3.5208836153460834,33.81429409622121,7,1.8036154227275938,0.916424749703447,-1.0132770146603878,1.240520506781785
E00891,Thiès,IEF015,IA04,0.15,1.0504362281327961,0,-1.0960478553026407,0.10820951846863174,urbain,320,389,0.5005118058315446,195,194,3.7676645855318287,43.27887261368683,9,1.5488050249517986,0.9055808652289971,-0.019494412964098182,0.35262520948560605
E00892,Tambacounda,IEF048,IA13,0.75,-0.5950300302811243,1,-1.2870708589133515,0.7766169151438416,rural,180,134,0.38852176973440766,52,82,3.828723287586395,46.00376714472149,3,-1.0477436273462741,0.6210313183032536,0.2666200475374924,-1.2442302811371513
E00893,Dakar,IEF003,IA01,0.05,1.1358119908378483,0,-1.5898776485547115,0.056673709452052176,urbain,320,365,0.5062647918352017,185,180,3.7416265362488015,42.16651978985281,9,0.9788392649252854,0.9124050080054238,-0.1362916777587265,0.18634845470483416
E00894,Matam,IEF051,IA14,0.65,0.361886464303974,0,0.10403354045954573,0.5763966884621541,rural,180,144,0.427438941831348,62,82,3.8908983760591265,48.954846636615336,3,-0.39344559316196553,0.7481197843349316,0.5764839733166344,-0.5607220280660161
E00895,Dakar,IEF004,IA01,0.05,1.1358119908378483,0,1.689559554478078,0.02351713239150289,rural,180,203,0.4869524332445483,99,104,3.5837230151300727,36.00734750996486,6,1.0679753881115517,0.9064699476582021,-0.7830059758447379,1.4790852411940572
E00896,Diourbel,IEF024,IA05,0.3,-1.961883486465059,0,-2.89232139833262,0.3492977380136343,urbain,320,246,0.3412602927970446,84,162,4.030641721269695,56.297026657301586,4,-1.2651595425422353,0.5662595900275935,1.3474143163440944,-1.8557921118307372
E00897,Fatick,IEF036,IA09,0.4,1.508379536169013,1,1.1669515787289226,0.4668649071662749,urbain,320,202,0.4834468247022558,98,104,3.549775354307173,34.80549770414863,6,1.2089645187775744,0.8877762226504418,-0.9092004413107033,1.651023457039042
E00898,Ziguinchor,IEF042,IA11,0.55,0.5436260064330518,1,0.09332094674687035,0.5730780112802728,rural,180,174,0.46824143096364373,81,93,3.5994661233172995,36.57870071444575,5,0.4119922549168512,0.7664562760429192,-0.7230137772498682,0.5706758225020486
E00899,Matam,IEF051,IA14,0.65,0.361886464303974,0,0.10403354045954573,0.6599418302311125,urbain,320,333,0.41271147448333884,137,196,3.881591205583716,48.50132928876976,7,-0.3050001203645938,0.7591807602563178,0.5288645627929988,-0.7312313624180733
E00900,Matam,IEF051,IA14,0.65,0.361886464303974,0,0.10403354045954573,0.7048335867652347,rural,180,217,0.3955282868644276,86,131,3.9790123508100828,53.46420426501884,4,-0.1693601652173082,0.7793016460390391,1.0499674092313098,-0.21424458878146452
E00901,Matam,IEF052,IA14,0.65,0.361886464303974,0,-0.6415822632825328,0.6347872316185214,rural,180,205,0.445795400344389,91,114,3.8742090186684073,48.14460174505941,4,0.5072342141685366,0.7554331579272934,0.49140810069793583,-0.536462370205167
E00902,Thiès,IEF019,IA04,0.15,1.0504362281327961,0,0.4061865653228522,0.17616003195559674,rural,180,231,0.48764484255565255,113,118,3.682548047438687,39.74754377783952,6,1.2421469880867435,0.8732683493504664,-0.39028463372854005,0.4678666789013586
E00903,Kaolack,IEF032,IA07,0.3,0.7594385270695994,0,0.3376374748206235,0.16489143695873384,urbain,320,807,0.48199130531902645,389,418,3.84160704304073,46.60030298995045,17,1.1498065283277223,0.8529116993859152,0.32925642835283925,0.489640752779939
E00904,Kaolack,IEF029,IA07,0.3,0.7594385270695994,0,-1.481619640758723,0.23635462811586277,rural,180,164,0.46833679490236596,77,87,3.7005153572771405,40.46815454489584,4,0.028880359114184077,0.8856766971503194,-0.3146203617724179,-0.4158237366040642
E00905,Thiès,IEF018,IA04,0.15,1.0504362281327961,0,1.839675695915115,0.25555344540253194,rural,180,253,0.45829067211450697,116,137,3.755573919333627,42.758752844827086,6,1.7586434105304538,0.8710336003647466,-0.07410709076451626,1.398869081386755
E00906,Ziguinchor,IEF042,IA11,0.55,0.5436260064330518,1,0.09332094674687035,0.47035243884451206,urbain,320,563,0.4399839302088297,248,315,3.532029441736397,34.193290538467565,16,0.381913214890716,0.8144074096206568,-0.9734823138489168,1.2276063290225327
E00907,Saint-Louis,IEF026,IA06,0.35,-0.09886818526410894,0,0.49988989751365537,0.4518139636692907,rural,180,209,0.41052524241536836,86,123,4.022828214181203,55.85886346524287,4,-0.6852527161170102,0.8073455243516109,1.3014070951912329,-0.31092138260246516
E00908,Diourbel,IEF020,IA05,0.3,-1.961883486465059,0,0.3932217475238377,0.1973651483535584,rural,180,147,0.41883759631385964,62,85,3.942719428851861,51.558620828707845,3,-1.6867002247369616,0.5920367970687107,0.8498807744602144,-1.7085845871037524
E00909,Dakar,IEF002,IA01,0.05,1.1358119908378483,0,-0.5868971362215678,0.04814413203956069,urbain,320,226,0.5020546561506831,113,113,3.601695669051251,36.660345582239955,6,0.5810932949465109,0.9112453256817215,-0.7144410501091989,0.5749656970788146
E00910,Dakar,IEF001,IA01,0.05,1.1358119908378483,0,-0.3499273505312711,0,urbain,320,157,0.5370329902754565,84,73,3.7014988310878967,40.50797349229687,4,1.1185171430205827,0.8971428802805054,-0.3104393644810985,1.0618377527612233
E00911,Tambacounda,IEF049,IA13,0.75,-0.5950300302811243,1,0.10831608168981055,0.7930693056613454,rural,180,197,0.3544119331642737,70,127,3.7591991948228403,42.914046424388204,5,-0.18023331213859942,0.588793722875586,-0.057801234435237,-0.8961701885462804
E00912,Sédhiou,IEF054,IA15,0.7,-0.5128143979953421,1,0.5471627551526171,0.7439805171597045,rural,180,243,0.36409628985349207,88,155,3.721087831659473,41.30930724746921,6,-0.07687338952672534,0.6726012153027141,-0.2262991629314297,-0.13873544049842965
E00913,Diourbel,IEF020,IA05,0.3,-1.961883486465059,0,0.3932217475238377,0.14582213506052932,rural,180,112,0.39676523796319224,44,68,3.975195017800661,53.260502639088045,2,-0.925216385008824,0.630582729121067,1.0285786985334477,-0.9610724377457758
E00914,Kédougou,IEF055,IA16,0.9,-0.4962851679537585,0,0.0755532240045896,0.9527235067967239,rural,180,226,0.3641838708299586,82,144,4.027834743580643,56.13922373776416,4,-1.0602323548389712,0.6789840689739323,1.3308449788248613,-1.6278886398968364
E00915,Kaolack,IEF029,IA07,0.3,0.7594385270695994,0,-1.481619640758723,0.2710117968317218,rural,180,223,0.4750483825043718,106,117,3.638230307918052,38.02448551658729,6,0.535193916905584,0.8295713584646316,-0.5712060892990779,0.11566022010603227
E00916,Thiès,IEF016,IA04,0.15,1.0504362281327961,0,0.01909654917514469,0.14305472777454306,urbain,320,387,0.4970169831673963,192,195,3.603710887045505,36.73429866109287,11,0.6634970356824257,0.8820761955015344,-0.7066759623168286,0.8594195889807035
E00917,Thiès,IEF013,IA04,0.15,1.0504362281327961,0,-1.1304494696840526,0.1708682944606398,urbain,320,132,0.45606137226113236,60,72,3.6886058886177775,39.989058876778785,3,0.6773420489851272,0.8311753414883429,-0.3649255009441389,0.25700555892433236
E00918,Dakar,IEF004,IA01,0.05,1.1358119908378483,0,1.689559554478078,0.026801817289335277,urbain,320,340,0.49064405052369486,167,173,3.4063765217225632,30.155777249702126,11,1.1104703039505008,0.9222577027734011,-1.3974220015051915,2.030051090048093
E00919,Louga,IEF034,IA08,0.45,-0.5589055756131087,0,-2.3207746068026323,0.5551716461543797,rural,180,156,0.40950400133115955,64,92,4.090162549124135,59.74960316049061,3,-1.3460247550949211,0.7157081344842178,1.7099355267247793,-2.0948931697256765
E00920,Sédhiou,IEF053,IA15,0.7,-0.5128143979953421,1,-1.6637734035387284,0.6140873230203723,urbain,320,353,0.4090967456910735,144,209,3.70807268036885,40.775144011918094,9,-1.2201909606610417,0.6459990901821588,-0.2823864074903812,-1.8249940956073525
E00921,Saint-Louis,IEF028,IA06,0.35,-0.09886818526410894,0,-1.6584009589402293,0.32332151054089414,rural,180,217,0.4375352449900166,95,122,3.758159570880496,42.86945513736359,5,0.7911244099145113,0.8210651071286866,-0.06248332832357374,0.21483616355886326
E00922,Saint-Louis,IEF028,IA06,0.35,-0.09886818526410894,0,-1.6584009589402293,0.25051622171975524,rural,180,158,0.4544244620214269,72,86,3.7671653842314226,43.25727313589022,4,-0.47853202388441346,0.7954306867840815,-0.02176236237149981,-0.5810973689408037
E00923,Thiès,IEF013,IA04,0.15,1.0504362281327961,0,-1.1304494696840526,0.11833791721362476,urbain,320,373,0.49449127507844215,184,189,3.9147574792327506,50.136910794409886,7,1.1051427421168512,0.8960454910492599,0.7006009418575178,0.7163159721799988
E00924,Kédougou,IEF055,IA16,0.9,-0.4962851679537585,0,0.0755532240045896,0.8516318357452851,rural,180,213,0.36942671749371253,79,134,4.335528009500009,76.36526983449363,3,-0.9449554118953284,0.656950334800317,3.4545837882123562,-2.142451680213659
E00925,Saint-Louis,IEF028,IA06,0.35,-0.09886818526410894,0,-1.6584009589402293,0.3783009663768313,urbain,320,296,0.47377526787506485,140,156,3.9075739226853363,49.77803998821768,6,0.1825195117969663,0.7217369735013663,0.6629194367812582,-0.46478769956972804
E00926,Louga,IEF035,IA08,0.45,-0.5589055756131087,0,0.9958108211774965,0.3865569872811321,rural,180,198,0.4738765223906306,94,104,3.9446754877390555,51.659571227465904,4,-0.7787903938684411,0.6146201969893474,0.8604805861406742,-0.905409102650455
E00927,Kaolack,IEF029,IA07,0.3,0.7594385270695994,0,-1.481619640758723,0.3370927688165087,urbain,320,290,0.44291479270573286,128,162,3.744785697902745,42.29994128131745,7,0.41860356718405767,0.8256827137008813,-0.1222823949718336,0.3582988333491668
E00928,Dakar,IEF001,IA01,0.05,1.1358119908378483,0,-0.3499273505312711,0.1833969237364826,urbain,320,324,0.46057619061789074,149,175,3.5053406707016372,33.29278379671617,10,0.9898862017691303,0.8935202329476718,-1.0680356984514445,1.1429693598752866
E00929,Dakar,IEF003,IA01,0.05,1.1358119908378483,0,-1.5898776485547115,0,urbain,320,273,0.5106264379652717,139,134,3.6478910160566027,38.393609100052934,7,0.5306685186998379,0.9237905556554746,-0.5324480405970664,0.346757604684987
E00930,Kolda,IEF047,IA12,0.7,0.8036427494500231,0,0.8692594740041972,0.6039830264102439,rural,180,193,0.4613961706639194,89,104,3.939018926987951,51.36818063569461,4,-0.05008490135672918,0.8632032899414457,0.8298845168211667,0.151511122488639
E00931,Dakar,IEF007,IA02,0.05,-0.6770804424361538,1,0.35653495020654297,0.07279238406316751,urbain,320,178,0.4318615334480568,77,101,3.30378275788196,27.21539369492319,7,-0.7017884302523624,0.8216327664278069,-1.7061628517882594,0.6409171541664272
E00932,Saint-Louis,IEF025,IA06,0.35,-0.09886818526410894,0,0.09534935373040888,0.38181025460264584,urbain,320,223,0.4351942336855084,97,126,3.78349968239619,43.969652603349,5,0.4112406931030787,0.7701569768854641,0.05303762151154051,-0.0944762346089518
E00933,Dakar,IEF011,IA03,0.05,0.46256507759004684,0,0.1990233856571336,0.020248349555450802,urbain,320,298,0.5079035077811342,151,147,3.6861747657495187,39.89195864039066,7,0.03293190136362507,0.8649490977480504,-0.37512104482018593,0.3897223002565161
E00934,Ziguinchor,IEF044,IA11,0.55,0.5436260064330518,1,-0.6339810327435095,0.49174901810981625,urbain,320,143,0.4535649698716804,65,78,3.332419716269108,28.006026419067105,5,0.32058683611224287,0.7701597654370046,-1.6231462605965832,0.17097724596580588
E00935,Saint-Louis,IEF027,IA06,0.35,-0.09886818526410894,0,0.949372149400778,0.3220014527250168,rural,180,122,0.4495964481684829,55,67,3.9053899695385677,49.6694457067199,2,-0.6185015936282843,0.7829413207991571,0.6515170159130651,-0.1357177427906979
E00936,Dakar,IEF011,IA03,0.05,0.46256507759004684,0,0.1990233856571336,0.10338050705127984,urbain,320,232,0.4923350990321912,114,118,3.6783629442726484,39.5815438123152,6,-0.22646321998796515,0.8431930515427177,-0.40771466268501405,0.29986471716011365
E00937,Diourbel,IEF023,IA05,0.3,-1.961883486465059,0,0.1117959092790192,0.32767467101153347,urbain,320,200,0.3933935713637917,79,121,4.136480489547628,62.582174774573204,3,-1.6351484969816865,0.6043283904436301,2.0073561020773347,-1.6936906643864122
E00938,Kaolack,IEF031,IA07,0.3,0.7594385270695994,0,0.014753903421311736,0.3173014550906279,rural,180,172,0.497285777244206,86,86,3.6411825920166465,38.136910474084495,5,0.223411857842393,0.8543855643268364,-0.5594014466991998,0.8640031669484298
E00939,Thiès,IEF015,IA04,0.15,1.0504362281327961,0,-1.0960478553026407,0.11943655296771635,urbain,320,290,0.46367143711999664,134,156,3.469330356816763,32.115229498046546,9,0.5324482955271665,0.8884904238826956,-1.1916791308991803,0.30248061560006656
E00940,Kolda,IEF046,IA12,0.7,0.8036427494500231,0,-0.3584819723018034,0.6833816239739144,rural,180,184,0.42746589060437623,79,105,3.926844383852708,50.746587985691754,4,-0.48941296314171967,0.7988244388973399,0.7646171665873246,-0.45083649503470136
E00941,Kaffrine,IEF041,IA10,0.55,-1.7249192939776967,1,0.31771647692565824,0.5406675658513326,rural,180,93,0.39171119293619733,36,57,3.766475884090476,43.22745752008294,2,-1.1953069134040126,0.5888969614098414,-0.024893007882386225,-1.135838880439257
E00942,Kaffrine,IEF040,IA10,0.55,-1.7249192939776967,1,-0.1388397558109453,0.6719851604755638,rural,180,181,0.3794244478189686,69,112,3.904103212928924,49.60557432143591,4,-1.0621107313703275,0.5808156384564227,0.6448105079238995,-1.6785406090044295
E00943,Kaffrine,IEF039,IA10,0.55,-1.7249192939776967,1,-1.332630847294145,0.6163940714418688,rural,180,292,0.34760838061374477,102,190,3.855109034367782,47.23376676441289,6,-1.4408448570035364,0.5843670851441551,0.39577024898456964,-1.3920505536909127
E00944,Louga,IEF035,IA08,0.45,-0.5589055756131087,0,0.9958108211774965,0.4794841544243476,urbain,320,353,0.4392798368745017,155,198,4.018286511176445,55.60574432826484,6,-0.037268601478483085,0.6314149548065474,1.2748295361355442,0.17358874504920963
E00945,Matam,IEF052,IA14,0.65,0.361886464303974,0,-0.6415822632825328,0.5539350294494088,urbain,320,251,0.42822610539203076,107,144,4.090187357940944,59.75108549583724,4,1.0967716053641603,0.7527485929686493,1.7100911722270742,-0.7983767765079115
E00946,Fatick,IEF037,IA09,0.4,1.508379536169013,1,-0.8651748349735274,0.41749636344813873,rural,180,218,0.49779421486278735,109,109,3.3055874530937372,27.264553531529433,8,1.105966640779024,0.9059139479205831,-1.7010010592973035,1.0824066072660654
E00947,Diourbel,IEF021,IA05,0.3,-1.961883486465059,0,0.10955641117140437,0.2909117190985104,urbain,320,545,0.3997431109124697,218,327,3.7260187011676074,41.51350106378763,13,-1.7163376686393743,0.5930545692809281,-0.20485877214627782,-1.4738017951949591
E00948,Thiès,IEF015,IA04,0.15,1.0504362281327961,0,-1.0960478553026407,0.2808407253821673,rural,180,142,0.4284559434536866,61,81,3.690490156792743,40.064480022284194,4,1.1863575395512842,0.8853908474098223,-0.35700626586515827,0.35090631590478516
E00949,Kolda,IEF046,IA12,0.7,0.8036427494500231,0,-0.3584819723018034,0.7020780085173379,urbain,320,399,0.4479344231581169,179,220,3.940663302791798,51.45271871615754,8,0.8752217692025029,0.737337152321764,0.838761031859827,0.16691949913774734
E00950,Thiès,IEF018,IA04,0.15,1.0504362281327961,0,1.839675695915115,0.16412134968474973,rural,180,235,0.5264033316709336,124,111,3.788310938330583,44.18171158131328,5,0.06517892857546442,0.9023075505738337,0.07530385581299488,0.8237755928998447
E00951,Sédhiou,IEF054,IA15,0.7,-0.5128143979953421,1,0.5471627551526171,0.769864325839001,rural,180,188,0.3836543647550045,72,116,3.6723705466757472,39.34506471033407,5,-1.3025921671800194,0.6261395080921437,-0.4325450148005292,-0.44696393157709924
E00952,Sédhiou,IEF054,IA15,0.7,-0.5128143979953421,1,0.5471627551526171,0.6539169886495473,urbain,320,354,0.4007616447939031,142,212,3.9496857803713366,51.91905028677418,7,-0.7670962863120437,0.6031200216241953,0.8877259382891326,-0.8573476085759033
E00953,Louga,IEF035,IA08,0.45,-0.5589055756131087,0,0.9958108211774965,0.4636005614657647,urbain,320,199,0.4177459672004035,83,116,3.9837274005505834,53.71688588253405,4,-0.14120983032878268,0.7628735489713534,1.076499028657542,0.12549139169475448
E00954,Dakar,IEF008,IA02,0.05,-0.6770804424361538,1,-0.3621203918588307,0.002328436797684949,rural,180,241,0.4745966956012448,114,127,3.445028289371193,31.344170140991164,8,-1.6196448989985863,0.8435321911579494,-1.2726405147054136,-0.5319374101158109
E00955,Tambacounda,IEF048,IA13,0.75,-0.5950300302811243,1,-1.2870708589133515,0.7026341701714645,rural,180,202,0.37113988608505377,75,127,3.8713325912287115,48.006316270938754,4,-1.47504210221666,0.6538255408925036,0.47688809877763577,-1.62819939295326
E00956,Tambacounda,IEF050,IA13,0.75,-0.5950300302811243,1,-0.9304449072754517,0.7388689028242239,rural,180,149,0.4073956001680442,61,88,3.7716908129200557,43.45347445342494,3,-0.374879679334977,0.6161976228503423,-0.0011611855271134622,-1.5280139143833367
E00957,Kédougou,IEF055,IA16,0.9,-0.4962851679537585,0,0.0755532240045896,0.8156235187821074,rural,180,136,0.34268633703478496,47,89,3.9137215038098487,50.08499708235456,3,-1.2262656000318222,0.7864546881814249,0.6951499919039781,-0.28325148133040134
E00958,Tambacounda,IEF048,IA13,0.75,-0.5950300302811243,1,-1.2870708589133515,0.6643465226570316,urbain,320,168,0.4122806339331418,69,99,3.7190489800249296,41.225169500203734,4,-1.1738153188237235,0.5582987213202738,-0.23513364290579378,-0.9774983203272593
E00959,Saint-Louis,IEF025,IA06,0.35,-0.09886818526410894,0,0.09534935373040888,0.3579231309357554,urbain,320,621,0.4270483666925807,265,356,3.960614058648007,52.48954771576417,12,-0.5348496638319511,0.7901706371196608,0.9476282802895168,-0.5130773114478193
E00960,Tambacounda,IEF049,IA13,0.75,-0.5950300302811243,1,0.10831608168981055,0.7977152483873917,rural,180,208,0.38184509897673996,79,129,3.832944579064532,46.19837290978238,5,-1.3150560285120558,0.4864513294837121,0.2870536910590097,-1.2796706580621957
E00961,Dakar,IEF009,IA03,0.05,0.46256507759004684,0,0.5687463271242291,0.12400281852679267,urbain,320,568,0.470663986865787,267,301,3.9006667234273977,49.43539785835183,11,0.4424589907082744,0.865305775076557,0.6269419459040391,0.5871044827079934
E00962,Fatick,IEF038,IA09,0.4,1.508379536169013,1,-1.390946513569097,0.47658306512949666,urbain,320,291,0.47877359967964933,139,152,3.2960127494412257,27.004749270442968,11,1.4910780389004705,0.8624588102928841,-1.7282805576962905,0.38696164172029057
E00963,Ziguinchor,IEF042,IA11,0.55,0.5436260064330518,1,0.09332094674687035,0.5601902036077588,rural,180,85,0.43810504820067075,37,48,3.4270541348523484,30.78581816809122,3,0.5420006196773987,0.7581024316025223,-1.3312675814328758,1.2365375660236642
E00964,Sédhiou,IEF054,IA15,0.7,-0.5128143979953421,1,0.5471627551526171,0.5928877368383684,rural,180,212,0.35833312092742486,76,136,3.8797537540930995,48.41229227461918,4,-0.8050971325745234,0.704094990097119,0.5195156588342492,-1.0741322900259929
E00965,Kédougou,IEF055,IA16,0.9,-0.4962851679537585,0,0.0755532240045896,0.8347429145639302,urbain,320,239,0.3465247968115541,83,156,4.002429117988697,54.73093659335686,4,-1.6261208335678647,0.6101858076139787,1.1829745522948387,-1.7412895334309524
E00966,Diourbel,IEF020,IA05,0.3,-1.961883486465059,0,0.3932217475238377,0.33002938593170905,urbain,320,159,0.40092835513453384,64,95,4.051955831525239,57.50982665359489,3,-2.369177816604463,0.6628012163816005,1.474758553959057,-2.156201696612888
E00967,Louga,IEF035,IA08,0.45,-0.5589055756131087,0,0.9958108211774965,0.4997412425346972,urbain,320,324,0.44004809611912027,143,181,3.9257332527860993,50.69023318983671,6,-0.9429992394106149,0.633804939733835,0.7586999019632804,-0.7307002640647976
E00968,Dakar,IEF004,IA01,0.05,1.1358119908378483,0,1.689559554478078,0.09386231648172677,urbain,320,202,0.5011835341554278,101,101,3.7336981442392383,41.83352887682583,5,0.48965711840101667,0.860762762874552,-0.17125578897387547,0.8328278414849294
E00969,Thiès,IEF017,IA04,0.15,1.0504362281327961,0,0.4161989798572152,0.06517388121368718,urbain,320,226,0.5047600992915237,114,112,3.695835402956431,40.27920790586073,6,0.9734688593740275,0.9179653889940919,-0.33445979595066183,1.4317087908453818
E00970,Diourbel,IEF023,IA05,0.3,-1.961883486465059,0,0.1117959092790192,0.2912916436122608,urbain,320,252,0.38220479420692216,96,156,4.074519525085041,58.82221120060108,4,-1.222375752160885,0.6476827494776721,1.6125591889416973,-1.38482127162504
E00971,Kaolack,IEF030,IA07,0.3,0.7594385270695994,0,-0.4906862327461932,0.311970907059558,urbain,320,263,0.46177596920275865,121,142,3.6483059516726666,38.40954328149886,7,0.2955150839508726,0.8703424469280794,-0.5307749484182637,-0.004656205903348032
E00972,Kaolack,IEF029,IA07,0.3,0.7594385270695994,0,-1.481619640758723,0.302151127243937,urbain,320,494,0.48331315525825674,239,255,3.7166748244956893,41.12741062939188,12,0.8092759806409296,0.8518949764804062,-0.24539834352558515,-0.023978420300996894
E00973,Kaolack,IEF029,IA07,0.3,0.7594385270695994,0,-1.481619640758723,0.4023124156961587,rural,180,256,0.506715737087556,130,126,3.841195241279726,46.58111685382932,5,0.7565831150801525,0.8462024397433081,0.32724188029496554,0.14367522264563767
E00974,Sédhiou,IEF054,IA15,0.7,-0.5128143979953421,1,0.5471627551526171,0.663773123818109,rural,180,253,0.383603751143634,97,156,3.9797106959417237,53.50155377168955,5,-0.8267255568957154,0.6402468908342818,1.0538891147613336,-0.6619804504637652
E00975,Dakar,IEF006,IA02,0.05,-0.6770804424361538,1,2.6676333910661167,0,urbain,320,491,0.46142795222190947,227,264,3.3587053770383752,28.751943847317524,17,-0.5027833251195301,0.8269232523498516,-1.544824784248812,0.9186309309832736
E00976,Dakar,IEF007,IA02,0.05,-0.6770804424361538,1,0.35653495020654297,0.025182534284005735,urbain,320,577,0.4646356242577523,268,309,3.6048753308146573,36.77709860050821,16,-0.12841857328475326,0.8043141720319908,-0.7021819602790064,0.2417579668008658
E00977,Tambacounda,IEF050,IA13,0.75,-0.5950300302811243,1,-0.9304449072754517,0.7073111456454728,rural,180,129,0.38265604808854553,49,80,3.7689788445387946,43.33578965550551,3,-1.1184545698724333,0.6036724002522591,-0.013518112403535112,-1.764927221892157
E00978,Dakar,IEF012,IA03,0.05,0.46256507759004684,0,-0.8514222791158281,0.06806732475922596,urbain,320,387,0.4860900521194794,188,199,3.5020413387322615,33.18312085748559,12,0.2959072635772121,0.8858584362349079,-1.079550328591299,0.5635577498359284
E00979,Ziguinchor,IEF044,IA11,0.55,0.5436260064330518,1,-0.6339810327435095,0.527732010274895,rural,180,128,0.46629112263660977,60,68,3.7120738762269068,40.93862018123751,3,0.9681419986516973,0.8120912398529037,-0.26522137763070014,0.12487221502533183
E00980,Dakar,IEF006,IA02,0.05,-0.6770804424361538,1,2.6676333910661167,0.06855578114547911,urbain,320,484,0.4722771785780357,229,255,3.4613388687226014,31.859603799172202,15,-0.17915914351897028,0.8038743422626115,-1.2185198794458785,1.552533221721415
E00981,Matam,IEF051,IA14,0.65,0.361886464303974,0,0.10403354045954573,0.648247104975977,rural,180,147,0.43100891631723587,63,84,3.9945313750371705,54.30038814306958,3,0.058527914912038285,0.8441510874510102,1.1377668805223224,-0.482612543303656
E00982,Dakar,IEF003,IA01,0.05,1.1358119908378483,0,-1.5898776485547115,0.02755843174646157,rural,180,128,0.49872360202009675,64,64,3.7815622540637914,43.884547022232816,3,1.1409924875634818,0.9147971581739337,0.044101518792920895,-0.007517821328368757
E00983,Dakar,IEF012,IA03,0.05,0.46256507759004684,0,-0.8514222791158281,0.0023985302113694873,urbain,320,361,0.49819021802997204,180,181,3.3876397036524835,29.596014401096845,12,1.0683672191648588,0.862857122429437,-1.4561972104585892,0.9483671277137103
E00984,Kaffrine,IEF040,IA10,0.55,-1.7249192939776967,1,-0.1388397558109453,0.5225404870355036,rural,180,292,0.3998469502713093,117,175,3.944488295218702,51.64990184717353,6,-1.8044078133875265,0.6110382859951563,0.8594652993124218,-1.7369522483697444
E00985,Kolda,IEF047,IA12,0.7,0.8036427494500231,0,0.8692594740041972,0.6743470023017253,urbain,320,342,0.4469091935639585,153,189,3.8192046729331155,45.567952479144566,8,0.3700008190400373,0.783950529215597,0.22085942212610193,0.02889799815283156
E00986,Ziguinchor,IEF042,IA11,0.55,0.5436260064330518,1,0.09332094674687035,0.5648631695686935,rural,180,156,0.4608802326543453,72,84,3.6277094590272823,37.6265327216471,4,-0.15494030839005687,0.8632271038060826,-0.6129912108634633,0.3001463645084357
E00987,Saint-Louis,IEF025,IA06,0.35,-0.09886818526410894,0,0.09534935373040888,0.35202456163319806,urbain,320,346,0.42740191932479443,148,198,3.852805352081945,47.12508041010502,7,-0.11109438143889848,0.7154929967954178,0.3843581604532482,-0.6215430388357978
E00988,Dakar,IEF005,IA02,0.05,-0.6770804424361538,1,0.5635836405531154,0.0506917952107492,urbain,320,464,0.4709363338801106,219,245,3.4720407592084697,32.20239276328907,14,-0.9637172665526499,0.793664651611379,-1.1825269709434876,-0.07669087903561769
E00989,Ziguinchor,IEF042,IA11,0.55,0.5436260064330518,1,0.09332094674687035,0.5434664411540158,urbain,320,256,0.4510238630140806,115,141,3.658170472633727,38.79030997918255,7,-0.4134344721410234,0.790362609638661,-0.49079437043847135,-0.0019937008192210393
E00990,Thiès,IEF014,IA04,0.15,1.0504362281327961,0,0.597248963746674,0.2641782544982158,rural,180,272,0.49353453632628386,134,138,3.6832904346671325,39.77706280262,7,0.8939019282724466,0.8644001849456456,-0.3871851303336713,1.0111098114409751
E00991,Dakar,IEF004,IA01,0.05,1.1358119908378483,0,1.689559554478078,0.14098376870190535,urbain,320,334,0.5057969194549589,169,165,3.571717880873454,35.577658864486324,9,0.674730382342843,0.8618303330594157,-0.8281233679436052,1.6204642135852434
E00992,Matam,IEF051,IA14,0.65,0.361886464303974,0,0.10403354045954573,0.6665247415046717,rural,180,200,0.4372891821558935,87,113,3.940487126120794,51.443654745913506,4,0.3139141335674223,0.7595154105068163,0.8378093132054576,-0.02590896776341678
E00993,Tambacounda,IEF050,IA13,0.75,-0.5950300302811243,1,-0.9304449072754517,0.8534419031018425,urbain,320,326,0.36266034530264757,118,208,3.9163118372834,50.21490210284449,6,-0.6364482502252001,0.6009358687229922,0.7087900445484417,-1.6115430116112577
E00994,Louga,IEF034,IA08,0.45,-0.5589055756131087,0,-2.3207746068026323,0.46270798970403343,rural,180,229,0.4049464531346918,93,136,3.874331085676111,48.15047897123192,5,-1.35408788044217,0.7049423675480914,0.4920252105994169,-2.4334669981837873
E00995,Kolda,IEF045,IA12,0.7,0.8036427494500231,0,-1.432219330403182,0.5913545305398465,urbain,320,318,0.4502524853344841,143,175,3.8412830656983714,46.5852079929852,7,0.3243590163444475,0.8168217385001585,0.32767145070919207,-0.16593713944745037
E00996,Saint-Louis,IEF026,IA06,0.35,-0.09886818526410894,0,0.49988989751365537,0.38703564710698235,urbain,320,445,0.44650034421917184,199,246,3.863263211648912,47.620493850065856,9,-0.09865964390719523,0.7633498461877141,0.4363766688708235,-0.2612202466875895
E00997,Diourbel,IEF023,IA05,0.3,-1.961883486465059,0,0.1117959092790192,0.3853575416675314,rural,180,234,0.36482295964829115,85,149,4.058404946816851,57.88191267930263,4,-1.7894099327214903,0.6250955797742168,1.5138276596778486,-1.7949377727879714
E00998,Kédougou,IEF055,IA16,0.9,-0.4962851679537585,0,0.0755532240045896,0.9197185314495516,rural,180,129,0.40530515064979666,52,77,4.328877878118343,75.8591156184719,2,-1.3970981686622719,0.5765562750464693,3.4014374962005793,-2.5677557055957907
E00999,Dakar,IEF011,IA03,0.05,0.46256507759004684,0,0.1990233856571336,0.05157983114580601,urbain,320,274,0.5269166090068456,144,130,3.6942905871953173,40.21703198817639,7,0.4282979295017578,0.8907973103795526,-0.34098827950914,0.08263763876643826
E01000,Saint-Louis,IEF025,IA06,0.35,-0.09886818526410894,0,0.09534935373040888,0.3211662518857979,urbain,320,659,0.4666341687083395,308,351,3.859257171989282,47.430105868611264,14,-0.07189759807277152,0.7759381502086695,0.4163858934556798,-0.09725503381880529
E01001,Kaffrine,IEF040,IA10,0.55,-1.7249192939776967,1,-0.1388397558109453,0.5606658802532094,rural,180,188,0.40528354097843566,76,112,3.7519581357977048,42.60442562532197,4,-1.493176195490392,0.6142990676811982,-0.09031147909827311,-1.273936453506434
E01002,Dakar,IEF009,IA03,0.05,0.46256507759004684,0,0.5687463271242291,0.027757384053235926,rural,180,251,0.4881383487198036,123,128,3.703249697642731,40.57895967381999,6,1.1726892090563807,0.8496819518672486,-0.3029858014905915,1.0730530848314972
E01003,Dakar,IEF012,IA03,0.05,0.46256507759004684,0,-0.8514222791158281,0.058985584053462846,urbain,320,278,0.49532900881677716,138,140,3.531969711572807,34.19124822862438,8,-0.5616801281576429,0.9014791242330599,-0.9736967567832412,-0.034285326999896254
E01004,Dakar,IEF003,IA01,0.05,1.1358119908378483,0,-1.5898776485547115,0.055583427165664626,urbain,320,381,0.513332165530871,196,185,3.4681562988483554,32.07754648229814,12,0.760374329418657,0.8877485073090388,-1.1956358549478114,0.6247222709794644
E01005,Kaolack,IEF031,IA07,0.3,0.7594385270695994,0,0.014753903421311736,0.24588674980743896,urbain,320,398,0.49630376821183897,198,200,3.8301046651462967,46.06735962882914,9,0.848021724842149,0.8866151943013021,0.2732972708484093,1.2088562659441426
E01006,Diourbel,IEF021,IA05,0.3,-1.961883486465059,0,0.10955641117140437,0.3013368820878369,rural,180,210,0.3935892645638352,83,127,4.100817681910233,60.38964693635776,3,-1.3364335469836912,0.6484200403355493,1.7771402487952868,-1.5522135932326704
E01007,Dakar,IEF004,IA01,0.05,1.1358119908378483,0,1.689559554478078,0.006479921284044468,rural,180,285,0.46558608017909464,133,152,3.4178548139035043,30.503908224224826,9,0.5805985998938542,0.9164906569104525,-1.3608681808618528,1.5409175781660507
E01008,Dakar,IEF004,IA01,0.05,1.1358119908378483,0,1.689559554478078,0.04600661071527127,urbain,320,473,0.5139897745739901,243,230,3.579513042291687,35.856076202439574,13,0.8554942093510083,0.9107597152227338,-0.7988894928209097,1.3979323397268595
E01009,Dakar,IEF005,IA02,0.05,-0.6770804424361538,1,0.5635836405531154,0.12487738164365483,urbain,320,276,0.44497467314760464,123,153,3.68602350836712,39.88592514346494,7,0.16809440775218168,0.7538966093263558,-0.37575456318142175,0.7806822169915629
E01010,Tambacounda,IEF050,IA13,0.75,-0.5950300302811243,1,-0.9304449072754517,0.7037060219914563,rural,180,239,0.36882268138205226,88,151,3.6969174458641154,40.32281532539724,6,-1.779980452777039,0.6499261196239497,-0.32988100834165424,-1.9588634088249703
E01011,Dakar,IEF008,IA02,0.05,-0.6770804424361538,1,-0.3621203918588307,0.005428486041983982,urbain,320,258,0.46458707171741537,120,138,3.5957982620324676,36.44478086410054,7,-0.16542792191503197,0.7902363657435058,-0.7370753878170214,0.26945022252150364
E01012,Kaffrine,IEF040,IA10,0.55,-1.7249192939776967,1,-0.1388397558109453,0.5811192740794668,rural,180,134,0.37227394241328493,50,84,3.574274142728825,35.668721016510915,4,-0.865133099872097,0.5849878221555561,-0.818561824110664,-0.4307310533607515
E01013,Thiès,IEF014,IA04,0.15,1.0504362281327961,0,0.597248963746674,0.12769922398168382,urbain,320,266,0.5131475216293512,136,130,3.801560756619892,44.77100663642813,6,0.7389870237188204,0.9085369938021143,0.13717995224540258,0.8842569575640924
E01014,Diourbel,IEF022,IA05,0.3,-1.961883486465059,0,-0.4134188533806319,0.3291719569212911,urbain,320,263,0.3836701034268283,101,162,4.0583717009407065,57.879988376390436,5,-0.7647544627666908,0.6417462923732801,1.5136256074944363,-1.4843716687338455
E01015,Sédhiou,IEF053,IA15,0.7,-0.5128143979953421,1,-1.6637734035387284,0.7021636455790211,urbain,320,347,0.38590044022003833,134,213,3.751829211836808,42.598933248075745,8,-1.5696499246561457,0.6927349772874475,-0.09088817978697054,-1.4637176031758985
E01016,Fatick,IEF037,IA09,0.4,1.508379536169013,1,-0.8651748349735274,0.25611302884832493,rural,180,89,0.5173280867410468,46,43,3.501980592839819,33.18110518041775,3,1.3467138872829805,0.8935821397819594,-1.0797619750789857,0.7429913689868625
E01017,Thiès,IEF014,IA04,0.15,1.0504362281327961,0,0.597248963746674,0.1643748545289538,urbain,320,308,0.46723791800662856,144,164,3.4343477399167774,31.01117861340258,10,0.4200754010715141,0.8977930394988133,-1.3076046904496512,0.9768990026724393
E01018,Sédhiou,IEF053,IA15,0.7,-0.5128143979953421,1,-1.6637734035387284,0.6930469372574585,rural,180,182,0.3760499757533724,68,114,3.8967087514524614,49.24012064485471,4,-0.4377455552685195,0.5935793257154476,0.6064378001649503,-0.9361058769798106
E01019,Saint-Louis,IEF027,IA06,0.35,-0.09886818526410894,0,0.949372149400778,0.42271978112917447,rural,180,327,0.40562346044696296,133,194,3.8482697888281217,46.91182560796348,7,-0.34106249242819614,0.7576749912214479,0.36196636437850893,-0.1990424917891209
E01020,Louga,IEF035,IA08,0.45,-0.5589055756131087,0,0.9958108211774965,0.39374739728652874,rural,180,196,0.3926775549834255,77,119,3.684439459090371,39.8227938873001,5,-0.7955542118728227,0.7217475721191671,-0.3823833574678309,-0.4893780364918133
E01021,Thiès,IEF019,IA04,0.15,1.0504362281327961,0,0.4061865653228522,0.11569705912542586,urbain,320,270,0.4609138831607235,124,146,3.7484839778650714,42.45666793745895,6,0.9660973005590862,0.927676186198344,-0.10582606532038208,0.8234054231153483
E01022,Dakar,IEF006,IA02,0.05,-0.6770804424361538,1,2.6676333910661167,0.06781667031791011,urbain,320,420,0.48841952960969076,205,215,3.5251604202906757,33.95922092739853,12,-0.28320755574051754,0.7744890057806258,-0.9980596689458144,0.8351767110772513
E01023,Thiès,IEF013,IA04,0.15,1.0504362281327961,0,-1.1304494696840526,0.20686084355488246,rural,180,313,0.49537257484748826,155,158,3.818615115734017,45.541095482358116,7,0.4690841392039535,0.8888158850418872,0.2180394321930126,0.48666466590944746
E01024,Louga,IEF035,IA08,0.45,-0.5589055756131087,0,0.9958108211774965,0.4255881445045578,rural,180,122,0.4705624348395616,57,65,4.0426423502393085,56.97669646200931,2,-0.6536185008522477,0.6162839539312657,1.418779779219214,-0.5868723525019319
E01025,Sédhiou,IEF053,IA15,0.7,-0.5128143979953421,1,-1.6637734035387284,0.7559579628988854,urbain,320,347,0.376445056788858,131,216,3.727422849811979,41.57183313389392,8,-1.2030208713809392,0.7047863441145318,-0.1987338933378255,-1.5734357830886263
E01026,Kolda,IEF047,IA12,0.7,0.8036427494500231,0,0.8692594740041972,0.631584111399337,rural,180,151,0.45140211123583335,68,83,3.9731087052949965,53.149500419297055,3,0.26845050245779123,0.8521024251978152,1.0169234436719252,0.0661118780997342
E01027,Fatick,IEF038,IA09,0.4,1.508379536169013,1,-1.390946513569097,0.44370918662605213,urbain,320,332,0.4800123351018854,159,173,3.4916381906016047,32.83970135496861,10,0.9359606521014823,0.880813276917745,-1.115609443749441,0.8143533971898338
E01028,Dakar,IEF001,IA01,0.05,1.1358119908378483,0,-0.3499273505312711,0,urbain,320,230,0.5230571064530894,120,110,3.6790814874175664,39.60999507979429,6,1.072899753921548,0.9177506191571545,-0.4047272740163327,1.1564837200590814
E01029,Thiès,IEF015,IA04,0.15,1.0504362281327961,0,-1.0960478553026407,0.13306207591856947,rural,180,135,0.5001763762158159,68,67,3.6107927081830216,36.995367724932294,4,1.222892437729628,0.893248319055137,-0.6792636593805719,0.44828085023694564
E01030,Diourbel,IEF023,IA05,0.3,-1.961883486465059,0,0.1117959092790192,0.33743286116528987,urbain,320,185,0.39368650461683724,73,112,4.207735126808568,67.20415841623854,3,-1.49641300747237,0.6605301820239755,2.49266529148663,-1.7112093689796182
E01031,Dakar,IEF008,IA02,0.05,-0.6770804424361538,1,-0.3621203918588307,0.061392695918546694,urbain,320,536,0.4649201284348524,249,287,3.432385373557599,30.950382990885107,17,0.4796377181214232,0.7622348868112215,-1.3139882427447342,0.32607756142919
E01032,Dakar,IEF009,IA03,0.05,0.46256507759004684,0,0.5687463271242291,0.08387053193615845,urbain,320,389,0.5136230935842105,200,189,3.6988008362059217,40.39883048697628,10,0.9069165550773369,0.8666140410896138,-0.3218994014583702,1.397073149065027
E01033,Tambacounda,IEF049,IA13,0.75,-0.5950300302811243,1,0.10831608168981055,0.7587386587557919,rural,180,198,0.3655386861571623,72,126,3.643735591044057,38.23439835972132,5,-1.1562125069973375,0.612828838730466,-0.5491651995759654,-1.2896265111960767
E01034,Kaolack,IEF030,IA07,0.3,0.7594385270695994,0,-0.4906862327461932,0.24740833056523634,rural,180,117,0.4822645169168045,56,61,3.915366042171975,50.16743154616381,2,-0.03681240260072315,0.7467444451140443,0.7038056267811803,0.3583422671893557
E01035,Sédhiou,IEF054,IA15,0.7,-0.5128143979953421,1,0.5471627551526171,0.7329356453973276,rural,180,161,0.4024642084790573,65,96,3.7022886067200496,40.53997833932956,4,-1.2439997685315616,0.5858037002964647,-0.3070788492619217,-1.0320316667683322
E01036,Saint-Louis,IEF027,IA06,0.35,-0.09886818526410894,0,0.949372149400778,0.2955973643528341,urbain,320,370,0.4352193445443146,161,209,3.805981295940246,44.96935671583967,8,-0.2671816369194778,0.7896862061789698,0.1580067495085362,-0.6452431392604812
E01037,Dakar,IEF002,IA01,0.05,1.1358119908378483,0,-0.5868971362215678,0.11892314138975513,urbain,320,341,0.5231147703543503,178,163,3.6293236590627083,37.687318519118726,9,0.9494594010951859,0.8881673483031874,-0.6066086902001226,0.36927345846523824
E01038,Matam,IEF051,IA14,0.65,0.361886464303974,0,0.10403354045954573,0.6222701454623043,rural,180,121,0.4384789987424409,53,68,3.9663105610390494,52.78940781584557,2,-0.37437004308724037,0.80338443165476,0.9791136496436719,-0.5436808015285582
E01039,Diourbel,IEF021,IA05,0.3,-1.961883486465059,0,0.10955641117140437,0.29192232026742104,rural,180,127,0.36261079012105846,46,81,4.041587060266495,56.91660124006848,2,-1.7963704576946584,0.6895280482014012,1.4124697691221282,-1.839447549046172
E01040,Kaolack,IEF029,IA07,0.3,0.7594385270695994,0,-1.481619640758723,0.29019938698164033,urbain,320,491,0.4712482789951394,231,260,3.5247909645738247,33.94667681647653,14,0.7084372898959589,0.8308525992560915,-0.9993768030543252,0.2791141012014364
E01041,Ziguinchor,IEF043,IA11,0.55,0.5436260064330518,1,0.03781619554363153,0.5611646185313106,rural,180,77,0.4511754253699674,35,42,3.4690703596745402,32.10688071553205,2,0.1381575312802808,0.8065090440798794,-1.192555754701597,0.6344546997755681
E01042,Sédhiou,IEF054,IA15,0.7,-0.5128143979953421,1,0.5471627551526171,0.6780029582694795,rural,180,200,0.35967656159189226,72,128,3.70183292758682,40.52150932543044,5,-0.6735041472158653,0.6754030775915439,-0.3090180993457534,-0.0373452052524883
E01043,Thiès,IEF014,IA04,0.15,1.0504362281327961,0,0.597248963746674,0.11064087696013239,urbain,320,422,0.4698945532600477,198,224,3.5894900208143223,36.21560201299776,12,0.2611189085368252,0.923304958012995,-0.7611392121576818,0.6421456908815861
E01044,Dakar,IEF001,IA01,0.05,1.1358119908378483,0,-0.3499273505312711,0.0702509300265238,rural,180,161,0.5210090786939512,84,77,3.9626630800491545,52.59721018605488,3,1.2732332514729097,0.9335356538981862,0.958932860798106,0.7825880871400669
E01045,Dakar,IEF002,IA01,0.05,1.1358119908378483,0,-0.5868971362215678,0.019381315137686112,urbain,320,506,0.508348066721312,257,249,3.563611364710694,35.290413849086455,14,1.31838319458092,0.8866033764418076,-0.8582841509305702,0.926542338830437
E01046,Thiès,IEF017,IA04,0.15,1.0504362281327961,0,0.4161989798572152,0.11300713360798806,urbain,320,228,0.48157511237873096,110,118,3.5188907067852555,33.74697240530728,7,0.7380507056120572,0.8735307385088487,-1.0203458054177972,0.7285298861648837
E01047,Thiès,IEF019,IA04,0.15,1.0504362281327961,0,0.4061865653228522,0.1902820284965429,urbain,320,377,0.4785249185708335,180,197,3.6343750862767634,37.878174908251275,10,0.865492627236918,0.8925534143850413,-0.5865687318868714,1.1950023611974347
E01048,Kolda,IEF046,IA12,0.7,0.8036427494500231,0,-0.3584819723018034,0.7834983103425105,rural,180,194,0.4317237517134181,84,110,3.9386521626138884,51.349344071578486,4,0.8821420908612185,0.8083213919759448,0.8279066738924199,-0.16763283746697433
E01049,Kédougou,IEF055,IA16,0.9,-0.4962851679537585,0,0.0755532240045896,0.9805227036437913,rural,180,287,0.359621554595737,103,184,4.172333300696521,64.86662901888975,4,-1.040509245605549,0.5756228196464827,2.247224246039962,-1.5360277218817018
E01050,Kaolack,IEF030,IA07,0.3,0.7594385270695994,0,-0.4906862327461932,0.2805259486391136,rural,180,194,0.43371446227798144,84,110,3.8400459154155535,46.52761072532578,4,0.31228124833969434,0.879394330280915,0.3216237263018615,0.4853532308969027
E01051,Tambacounda,IEF048,IA13,0.75,-0.5950300302811243,1,-1.2870708589133515,0.7248653209397088,rural,180,108,0.3787216063646514,41,67,3.8302796599065516,46.07542188078831,2,-1.062701131970816,0.6832322362891998,0.2741438088862875,-1.5936086204036493
E01052,Ziguinchor,IEF044,IA11,0.55,0.5436260064330518,1,-0.6339810327435095,0.4706985386494644,urbain,320,241,0.45591248294774717,110,131,3.620342003135225,37.3503395711751,6,0.30890276595635974,0.8302437647532384,-0.6419915458641454,0.010532129818652453
E01053,Tambacounda,IEF048,IA13,0.75,-0.5950300302811243,1,-1.2870708589133515,0.7360708251199425,urbain,320,359,0.3623440816855891,130,229,3.7127909034876057,40.967984814285956,9,-0.6019263244919961,0.6933819480852732,-0.2621380853979939,-1.063153964805593
E01054,Kaolack,IEF029,IA07,0.3,0.7594385270695994,0,-1.481619640758723,0.38275224870697433,rural,180,207,0.49225964080065704,102,105,3.941057903524591,51.47302600303876,4,0.9169048926423744,0.7997246071506464,0.840893300967529,-0.5882371500844155
E01055,Dakar,IEF008,IA02,0.05,-0.6770804424361538,1,-0.3621203918588307,0.03826373721326193,rural,180,139,0.4669136912088964,65,74,3.6156076470058522,37.17392768993752,4,0.05399108360214119,0.8456719414521895,-0.6605148280137833,0.719647787995918
E01056,Kaolack,IEF030,IA07,0.3,0.7594385270695994,0,-0.4906862327461932,0.29003641702394994,urbain,320,663,0.47499295910957817,315,348,3.709170756561694,40.81994281856746,16,0.10739953499997762,0.8704265908124739,-0.2776825240007211,0.6935268038615712
E01057,Diourbel,IEF022,IA05,0.3,-1.961883486465059,0,-0.4134188533806319,0.36800742040039075,urbain,320,277,0.39358288651293327,109,168,3.9718019541757625,53.080092609380785,5,-1.8868549908161123,0.5807195455617253,1.0096356100098824,-1.3456877673781698
E01058,Dakar,IEF004,IA01,0.05,1.1358119908378483,0,1.689559554478078,0.06588655722744637,urbain,320,336,0.4756448359813505,160,176,3.656611153238708,38.729870630863644,9,0.282270931138306,0.9175403531738682,-0.49714051387278846,1.3748053983802062
E01059,Saint-Louis,IEF027,IA06,0.35,-0.09886818526410894,0,0.949372149400778,0.3499065151245757,urbain,320,232,0.4569213778323235,106,126,3.76528500450783,43.17600946381274,5,-0.14819679802718974,0.785891328249138,-0.0302950638871063,-0.08541067005385988
E01060,Dakar,IEF002,IA01,0.05,1.1358119908378483,0,-0.5868971362215678,0.07649366889539598,urbain,320,205,0.5252210694031553,108,97,3.474814799331338,32.29184751103143,6,1.3779600471811604,0.9153781592228475,-1.1731342048756235,1.1283038303937236
E01061,Sédhiou,IEF053,IA15,0.7,-0.5128143979953421,1,-1.6637734035387284,0.712841209369113,urbain,320,277,0.3924383646285293,109,168,3.6135492127947693,37.09748630719007,7,-0.8328364005462433,0.6373726192267521,-0.6685411882033935,-1.1317946487998325
E01062,Dakar,IEF005,IA02,0.05,-0.6770804424361538,1,0.5635836405531154,0.051100004638124426,urbain,320,235,0.4718567363044651,111,124,3.6033860213222177,36.72236688480639,6,-0.08515245958594134,0.8175846687081839,-0.7079288011684431,0.24633798306781188
E01063,Saint-Louis,IEF027,IA06,0.35,-0.09886818526410894,0,0.949372149400778,0.3317851212170682,urbain,320,269,0.42251552754921934,114,155,3.9284286682981584,50.82704873522473,5,0.7313296205051405,0.7542270590497218,0.7730655610781894,0.27949924647297214
E01064,Fatick,IEF038,IA09,0.4,1.508379536169013,1,-1.390946513569097,0.387186875584396,urbain,320,207,0.502894584061468,104,103,3.3325257266157307,28.00899550500945,7,1.6957946267166153,0.8863515841368337,-1.622834505989973,0.9628304440796224
E01065,Saint-Louis,IEF027,IA06,0.35,-0.09886818526410894,0,0.949372149400778,0.25748114736219213,rural,180,266,0.40815483426596083,109,157,3.7168876837633125,41.13616591168612,6,-0.19845089217389694,0.7922197184365157,-0.2444790371665225,0.17708327214042435
E01066,Kédougou,IEF055,IA16,0.9,-0.4962851679537585,0,0.0755532240045896,0.9472365071321399,rural,180,106,0.3429497707382924,36,70,4.041360897218257,56.9037302635612,2,-1.0703374446633542,0.5525310227676619,1.411118314063018,-1.9585399187379844
E01067,Kolda,IEF045,IA12,0.7,0.8036427494500231,0,-1.432219330403182,0.6641731426172538,rural,180,189,0.45826636615386834,87,102,3.952127529188632,52.04597846671003,4,0.6144592226939953,0.7372286793930652,0.9010534220912326,-0.9964375271292873
E01068,Fatick,IEF037,IA09,0.4,1.508379536169013,1,-0.8651748349735274,0.36323962681108657,urbain,320,363,0.5164919715348758,187,176,3.444294809419489,31.321188249998436,12,0.5623035835969137,0.8727234695129688,-1.2750536177696978,0.15134312177723047
E01069,Kaolack,IEF030,IA07,0.3,0.7594385270695994,0,-0.4906862327461932,0.3484441535147108,urbain,320,262,0.42967416606640446,113,149,3.710641171416897,40.880009219317834,6,0.6184004876873336,0.7978817668207724,-0.27137554013428883,-0.210363453808821
E01070,Tambacounda,IEF049,IA13,0.75,-0.5950300302811243,1,0.10831608168981055,0.7741275841107891,rural,180,85,0.38015644145000943,32,53,3.7294407041781445,41.6558037306181,2,-0.43751820498866095,0.6497614001153589,-0.1899169642030988,-0.7943073267660428
E01071,Sédhiou,IEF053,IA15,0.7,-0.5128143979953421,1,-1.6637734035387284,0.6686584894191072,rural,180,158,0.388749995036864,61,97,3.5950401840008417,36.41716334579961,4,0.1576650366605178,0.6199644567525291,-0.7399752326583785,-0.6111954722743201
E01072,Saint-Louis,IEF025,IA06,0.35,-0.09886818526410894,0,0.09534935373040888,0.34619190368033,urbain,320,217,0.4620728608053112,100,117,4.008916269776783,55.08713860562849,4,-0.2798152094198274,0.7508078998803267,1.220375833485704,-0.10235118739812188
E01073,Dakar,IEF012,IA03,0.05,0.46256507759004684,0,-0.8514222791158281,0.052575726147169585,rural,180,186,0.5300980684356832,99,87,3.6641580925726127,39.0232683497481,5,0.6599914949679572,0.8548366815519963,-0.4663336958125133,0.823745117318752
E01074,Thiès,IEF016,IA04,0.15,1.0504362281327961,0,0.01909654917514469,0.1852793003239873,urbain,320,415,0.47963870933360725,199,216,3.466910958499247,32.0376238831347,13,0.2992506158734048,0.8623435084463661,-1.1998277356945248,0.2561554350927509
E01075,Diourbel,IEF023,IA05,0.3,-1.961883486465059,0,0.1117959092790192,0.31648867991013724,urbain,320,477,0.3856337386808841,184,293,4.0018829751078,54.701053842840054,9,-2.2419803290710876,0.5899414600707947,1.1798368576262774,-2.214999910234298
E01076,Thiès,IEF014,IA04,0.15,1.0504362281327961,0,0.597248963746674,0.1803911672274048,urbain,320,151,0.49958409525209874,75,76,3.5677800626122673,35.43783598893503,4,-0.12053915495625904,0.8168705731502773,-0.8428047973158275,0.44272804461454984
E01077,Tambacounda,IEF048,IA13,0.75,-0.5950300302811243,1,-1.2870708589133515,0.7433278131033885,rural,180,122,0.4102519274454094,50,72,3.845829916985467,46.79750628453589,3,0.12233155295015873,0.5725851665313532,0.34996281298418347,-1.1494170951704303
E01078,Louga,IEF034,IA08,0.45,-0.5589055756131087,0,-2.3207746068026323,0.39625847272586057,urbain,320,173,0.4338633487904146,75,98,3.9218213034312903,50.49232292467241,3,-0.6236822393448175,0.8277609121990172,0.7379192852824173,-1.5221360409969134
E01079,Tambacounda,IEF049,IA13,0.75,-0.5950300302811243,1,0.10831608168981055,0.770055399890833,rural,180,249,0.37031440324500503,92,157,3.7335754894119866,41.82839810723137,6,-1.5534034277444535,0.5453481365311382,-0.17179452078817403,-1.1864286214986155
E01080,Diourbel,IEF023,IA05,0.3,-1.961883486465059,0,0.1117959092790192,0.23754032507823625,urbain,320,335,0.38540974394816185,129,206,3.7284685977434218,41.61532953157,8,-1.1127184755965898,0.6370037004701692,-0.19416676304595004,-0.9948819543622078
E01081,Dakar,IEF007,IA02,0.05,-0.6770804424361538,1,0.35653495020654297,0.00874820398619193,urbain,320,261,0.47339783907556243,124,137,3.4950032429431346,32.95039480908797,8,-0.3354801640569365,0.7834321287487667,-1.1039866093440331,0.07205877237331523
E01082,Tambacounda,IEF048,IA13,0.75,-0.5950300302811243,1,-1.2870708589133515,0.7757963722390464,rural,180,319,0.3607157190866231,115,204,3.7998218100930314,44.69321990302045,7,-1.2996643200021178,0.6060310139725323,0.12901232997245174,-1.459559268952769
E01083,Sédhiou,IEF053,IA15,0.7,-0.5128143979953421,1,-1.6637734035387284,0.7419117334339398,rural,180,222,0.40284607249453847,89,133,3.617854286761692,37.25753799972161,6,-2.077283529972863,0.6564235383392514,-0.6517357290784703,-2.172310238069106
E01084,Kaffrine,IEF040,IA10,0.55,-1.7249192939776967,1,-0.1388397558109453,0.5997686359585962,urbain,320,134,0.3455353527496269,46,88,3.8372153491131713,46.39609745460071,3,-0.799253985428915,0.6044671736216172,0.30781480706709896,-1.5714261185970173
E01085,Kaolack,IEF032,IA07,0.3,0.7594385270695994,0,0.3376374748206235,0.2262876268610168,urbain,320,339,0.4538199800988398,154,185,3.6788719337561524,39.60169552992763,9,0.4159104992779202,0.8661246999711572,-0.40559872838106464,1.1325158706987963
E01086,Sédhiou,IEF054,IA15,0.7,-0.5128143979953421,1,0.5471627551526171,0.7000277107415978,rural,180,144,0.40403034447366426,58,86,3.775476438480177,43.6182847952891,3,-0.6673159378877146,0.7671319718001478,0.01614393271158849,-0.07802567016577122
E01087,Tambacounda,IEF049,IA13,0.75,-0.5950300302811243,1,0.10831608168981055,0.7689007292289847,rural,180,214,0.34233229042928753,73,141,3.7683588733179607,43.308931039731675,5,-1.8581553913941526,0.5738197411051164,-0.0163382723306174,-1.8210877649029067
E01088,Dakar,IEF010,IA03,0.05,0.46256507759004684,0,0.028674535806565937,0.029600756685638115,urbain,320,304,0.49143930987998113,149,155,3.7614202540423776,43.0094669909847,7,-0.13431900723555817,0.8280606018551218,-0.04778205621693519,0.08025041536680468
E01089,Kolda,IEF045,IA12,0.7,0.8036427494500231,0,-1.432219330403182,0.7172566392486751,rural,180,206,0.47194197312376085,97,109,3.865096976978462,47.70789877623276,4,0.7283372094872906,0.8115097527223862,0.4455542032710006,-0.11764263013600083
E01090,Louga,IEF035,IA08,0.45,-0.5589055756131087,0,0.9958108211774965,0.5167316935899446,rural,180,234,0.42646531055488424,100,134,3.942985041053468,51.572317246385275,5,0.016948119170305597,0.687518544563285,0.8513189010041781,0.18530368817614518
E01091,Tambacounda,IEF050,IA13,0.75,-0.5950300302811243,1,-0.9304449072754517,0.7699803239821281,rural,180,169,0.40354405269802646,68,101,3.913431785358271,50.07048863633633,3,-0.9238832222528363,0.5574284130530127,0.6936266022248747,-1.3747524414540322
E01092,Fatick,IEF038,IA09,0.4,1.508379536169013,1,-1.390946513569097,0.3987154457921243,rural,180,192,0.46888383368449266,90,102,3.4791995667842794,32.43375063173114,6,0.9695904772142813,0.8806284424498112,-1.158234349354583,0.8509819565484953
E01093,Tambacounda,IEF049,IA13,0.75,-0.5950300302811243,1,0.10831608168981055,0.7091098647384563,rural,180,266,0.4052758680873665,108,158,3.929361446297555,50.87448120660294,5,-0.7346350879693944,0.672845786289826,0.7780459798812173,-1.1436977398760053
E01094,Dakar,IEF002,IA01,0.05,1.1358119908378483,0,-0.5868971362215678,0.08862163134865844,rural,180,370,0.5192526552844032,192,178,3.5264526345754534,34.003131882852514,11,0.9214865590035284,0.8864780682523018,-0.993449010005905,0.8437239676063654
E01095,Dakar,IEF004,IA01,0.05,1.1358119908378483,0,1.689559554478078,0.15130776808919405,urbain,320,429,0.478136953272608,205,224,3.7673493789425354,43.265232977626326,10,1.6598712577478052,0.8958177890520277,-0.020926577427141508,1.580650136871564
E01096,Matam,IEF052,IA14,0.65,0.361886464303974,0,-0.6415822632825328,0.7149440126284908,urbain,320,264,0.4005068992491495,106,158,3.9647917124502543,52.70928955743508,5,0.1859131795511364,0.7129336834911203,0.9707012167878794,-1.1692340735133278
E01097,Diourbel,IEF022,IA05,0.3,-1.961883486465059,0,-0.4134188533806319,0.249094109752314,urbain,320,374,0.4054038933128114,152,222,4.250969289684905,70.17339774318046,5,-1.0038392704956955,0.6006758271006416,2.8044360035095703,-1.4400984809263548
E01098,Dakar,IEF011,IA03,0.05,0.46256507759004684,0,0.1990233856571336,0.07062726792830254,urbain,320,210,0.46659074803956957,98,112,3.7758441781974574,43.63432792067438,5,1.1634507952606983,0.8798507049791507,0.017828464025402682,1.1954943499361217
E01099,Thiès,IEF014,IA04,0.15,1.0504362281327961,0,0.597248963746674,0.17402652761761064,rural,180,167,0.4890065346142312,82,85,3.7300957398245216,41.68309870555496,4,0.8840400018880197,0.8692822962487545,-0.1870509864782662,1.2996643228708025
E01100,Dakar,IEF012,IA03,0.05,0.46256507759004684,0,-0.8514222791158281,0.10920735444537939,urbain,320,459,0.4862400329037072,223,236,3.684931886179765,39.84240853878208,12,0.05222209404643719,0.8833195897043277,-0.3803238152129743,-0.23486075987348087
E01101,Kaolack,IEF029,IA07,0.3,0.7594385270695994,0,-1.481619640758723,0.3025356458106415,urbain,320,236,0.4825002478826319,114,122,3.7903684917415177,44.27271139906688,5,0.8289316706488772,0.8733982371072467,0.08485885453524913,-0.1041698321391521
E01102,Saint-Louis,IEF028,IA06,0.35,-0.09886818526410894,0,-1.6584009589402293,0.40210350473776524,rural,180,216,0.4363029874773732,94,122,3.9870476878212573,53.895537798665465,4,-0.018283932095178826,0.7966132058841314,1.0952575149106252,-1.0700401622170617
E01103,Thiès,IEF013,IA04,0.15,1.0504362281327961,0,-1.1304494696840526,0.07177376142517344,urbain,320,372,0.47236924438475963,176,196,3.5334646169747876,34.24239913365818,11,0.8409683293818074,0.9163139086035584,-0.9683259017166574,0.870499840750377
E01104,Thiès,IEF014,IA04,0.15,1.0504362281327961,0,0.597248963746674,0.15257329333284111,urbain,320,515,0.5044788092384577,260,255,3.7214548148775615,41.32446985202042,12,0.6974011779940582,0.8702172957932377,-0.22470708647798898,1.3530356020452483
E01105,Sédhiou,IEF054,IA15,0.7,-0.5128143979953421,1,0.5471627551526171,0.6960283971306225,rural,180,195,0.41449070019124107,81,114,3.7605329138522916,42.97131988960052,5,-2.0468792835739897,0.659507108283794,-0.05178750934839592,-1.2388395314849006
E01106,Dakar,IEF004,IA01,0.05,1.1358119908378483,0,1.689559554478078,0,urbain,320,389,0.48533609670638256,189,200,3.642378670283866,38.18255249415428,10,1.4684075749317416,0.9344098049874597,-0.5546090256349208,2.3721298534671424
E01107,Louga,IEF034,IA08,0.45,-0.5589055756131087,0,-2.3207746068026323,0.41659763853201803,urbain,320,360,0.4411798457643294,159,201,3.8332186591658712,46.21103669987837,8,-0.14308967122894645,0.7219817513493985,0.2883833915042759,-1.0981813470378656
E01108,Saint-Louis,IEF026,IA06,0.35,-0.09886818526410894,0,0.49988989751365537,0.3762593263724384,rural,180,147,0.41022410414407146,60,87,4.042286628770947,56.956432232305914,3,-0.5697454466515521,0.812047192856809,1.4166520311236337,0.012744454293713792
E01109,Ziguinchor,IEF043,IA11,0.55,0.5436260064330518,1,0.03781619554363153,0.7230287813025751,rural,180,100,0.42500997141020824,43,57,3.894417187913429,49.12741296745094,2,0.1259456801540634,0.6377096106057909,0.5946034719194001,-0.42127827951224783
E01110,Saint-Louis,IEF027,IA06,0.35,-0.09886818526410894,0,0.949372149400778,0.31667812900189896,rural,180,149,0.43167361984684166,64,85,3.7170458255463443,41.142671772721165,4,-0.6230287307134548,0.7495876587868288,-0.2437959204811096,-0.21140686256500624
E01111,Fatick,IEF036,IA09,0.4,1.508379536169013,1,1.1669515787289226,0.4306999654217039,urbain,320,140,0.5241610347074113,73,67,3.246193458164265,25.692354520411897,5,1.5523368877504553,0.8507318199864362,-1.8660822639985455,1.4403571130366186
E01112,Diourbel,IEF022,IA05,0.3,-1.961883486465059,0,-0.4134188533806319,0.3628556700393351,urbain,320,340,0.3874502497986755,132,208,4.103897248220683,60.57590751225646,6,-1.4156706841635873,0.5533449403199565,1.7966976458170851,-2.2247666421207395
E01113,Diourbel,IEF022,IA05,0.3,-1.961883486465059,0,-0.4134188533806319,0.2614376888311407,rural,180,196,0.40803189284218355,80,116,4.085892601681523,59.49501941169895,3,-1.3149802065251703,0.5359244759102613,1.6832041831412388,-2.212185571215061
E01114,Ziguinchor,IEF043,IA11,0.55,0.5436260064330518,1,0.03781619554363153,0.5672387733927078,rural,180,142,0.4289248938422533,61,81,3.5356927783847216,34.31878179083448,4,1.0963003808956433,0.8419530307452998,-0.9603057077235432,1.3151076262130632
E01115,Kolda,IEF046,IA12,0.7,0.8036427494500231,0,-0.3584819723018034,0.6367391621249752,urbain,320,274,0.4540222780925182,124,150,3.9778763483268134,53.403503280969964,5,0.6075080213550363,0.7863499534973453,1.0435937939940017,-0.029571640206915842
E01116,Thiès,IEF016,IA04,0.15,1.0504362281327961,0,0.01909654917514469,0.18490684202567625,rural,180,203,0.4742245676913789,96,107,3.583832405066473,36.01128656686157,6,0.6207986766014502,0.8974666898149314,-0.7825923740975685,1.337755701229577
E01117,Thiès,IEF016,IA04,0.15,1.0504362281327961,0,0.01909654917514469,0.17898881904090203,urbain,320,291,0.47553454189837174,138,153,3.897572219782803,49.282656291062644,6,1.4813373284571547,0.8724208727978213,0.6109040513641288,0.746451738923354
E01118,Kédougou,IEF055,IA16,0.9,-0.4962851679537585,0,0.0755532240045896,0.8940702114792137,rural,180,138,0.36107896814960083,50,88,4.102953091441937,60.51874134970666,2,-1.2310305588778054,0.5725385961550375,1.790695187530866,-2.0758450102639
E01119,Kaffrine,IEF040,IA10,0.55,-1.7249192939776967,1,-0.1388397558109453,0.5708144304996835,rural,180,275,0.32706175776058277,90,185,3.9364415392067267,51.23595538564924,5,-1.5790549102788911,0.5581634864552023,0.816000839618052,-1.5606786507280748
E01120,Diourbel,IEF021,IA05,0.3,-1.961883486465059,0,0.10955641117140437,0.3857007268376177,urbain,320,199,0.4077708585867896,81,118,4.267349714134512,71.3323338020311,3,-2.2217041695267143,0.626981422901585,2.926124517122603,-2.3504253321687525
E01121,Thiès,IEF017,IA04,0.15,1.0504362281327961,0,0.4161989798572152,0.15169925257129388,urbain,320,147,0.5142397203876171,76,71,3.6939398196863444,40.202927633866835,4,0.41509697762318376,0.8879669035371379,-0.3424692394795314,0.4124916660613917
E01122,Dakar,IEF007,IA02,0.05,-0.6770804424361538,1,0.35653495020654297,0.0018119970959371012,urbain,320,457,0.45057957773046525,206,251,3.6030410006308635,36.7096990938463,12,-0.017983836053566998,0.779868462366435,-0.7092589217052252,0.43086388514137985
E01123,Saint-Louis,IEF025,IA06,0.35,-0.09886818526410894,0,0.09534935373040888,0.4683771657557099,urbain,320,278,0.4128723958923169,115,163,3.887288036361375,48.7784216790548,6,-0.16717368163987711,0.7629777305658858,0.5579593181505198,-0.6678028277793575
E01124,Kaffrine,IEF039,IA10,0.55,-1.7249192939776967,1,-1.332630847294145,0.5537623120372251,rural,180,215,0.3504867882865881,75,140,4.033655152629935,56.466929750001974,4,-1.1660367453764136,0.5232308626738738,1.3652541744200195,-2.1390385783522103
E01125,Kaffrine,IEF041,IA10,0.55,-1.7249192939776967,1,0.31771647692565824,0.5309793651764432,rural,180,184,0.34327665122667983,63,121,3.686840796324944,39.918536754494575,5,-2.483273948231357,0.6702475313548378,-0.3723303376234919,-1.160676390554435
E01126,Fatick,IEF037,IA09,0.4,1.508379536169013,1,-0.8651748349735274,0.37447081640062496,rural,180,117,0.488555920391172,57,60,3.4189228117291166,30.5365037347499,4,0.35285348136512845,0.9148034139995392,-1.3574456458600617,0.6674269597206207
E01127,Diourbel,IEF024,IA05,0.3,-1.961883486465059,0,-2.89232139833262,0.3402387888871432,urbain,320,574,0.388920720385216,223,351,4.0904972416790075,59.76960425474697,10,-1.2336296045533142,0.515152595386027,1.7120356455467831,-2.7369838966249813
E01128,Tambacounda,IEF049,IA13,0.75,-0.5950300302811243,1,0.10831608168981055,0.792959260223951,rural,180,163,0.3262470247713619,53,110,4.070912742558974,58.61043442306998,3,-0.494247016334597,0.6250222401128851,1.5903225857411072,-1.3084583219556336
E01129,Dakar,IEF009,IA03,0.05,0.46256507759004684,0,0.5687463271242291,0.09346110681279185,urbain,320,673,0.48902870080891875,329,344,3.5118897964015146,33.51153796509034,20,0.8831748363641937,0.8726969939946584,-1.0450664678430643,1.0682687382228877
E01130,Dakar,IEF001,IA01,0.05,1.1358119908378483,0,-0.3499273505312711,0.11599231537874755,urbain,320,453,0.492437561806723,223,230,3.6217699107222052,37.40371049973373,12,1.4033345680148488,0.920824339874619,-0.6363875878917895,1.466348625764677
E01131,Dakar,IEF003,IA01,0.05,1.1358119908378483,0,-1.5898776485547115,0.13376450677733334,rural,180,163,0.4808479204014443,78,85,3.551787075026419,34.875587121552556,5,1.5551104135794356,0.8560719420251529,-0.9018410387286955,0.4434680036125515
E01132,Dakar,IEF003,IA01,0.05,1.1358119908378483,0,-1.5898776485547115,0.009239778402404017,rural,180,118,0.4663976136251111,55,63,3.5933192266403573,36.35454485782032,3,1.1441094217819245,0.9336499059972818,-0.7465501861846773,1.0060794944867426
E01133,Tambacounda,IEF050,IA13,0.75,-0.5950300302811243,1,-0.9304449072754517,0.7588363306706271,rural,180,233,0.33906278588791355,79,154,3.8729074409581687,48.08197856786637,5,-0.717508840560962,0.6489777853728559,0.4848326548032727,-1.5823170192150333
E01134,Kédougou,IEF055,IA16,0.9,-0.4962851679537585,0,0.0755532240045896,0.9044312433035671,rural,180,134,0.36260132433227293,49,85,4.075655074813989,58.889044685777385,2,-1.151342029246531,0.6949590012618723,1.619576718000849,-1.4761749206850827
E01135,Fatick,IEF037,IA09,0.4,1.508379536169013,1,-0.8651748349735274,0.4297035513365538,urbain,320,288,0.4672593741249319,135,153,3.616446986750999,37.20514234294781,8,0.6995748304826124,0.8429318970935651,-0.6572372833220289,-0.17889366418997765
E01136,Dakar,IEF006,IA02,0.05,-0.6770804424361538,1,2.6676333910661167,0.11355945137643701,rural,180,171,0.42538088900440324,73,98,3.590785302870715,36.262541826032646,5,0.17340863282147037,0.7907598817698418,-0.7562105225773841,1.1078358314569623
E01137,Kaffrine,IEF041,IA10,0.55,-1.7249192939776967,1,0.31771647692565824,0.5358611550801538,rural,180,342,0.3566356205643137,122,220,3.8314204598537795,46.128014712884664,7,-1.0584461876933373,0.5191945184129112,0.279666066577408,-1.5228698684041584
E01138,Sédhiou,IEF054,IA15,0.7,-0.5128143979953421,1,0.5471627551526171,0.8012931520086366,rural,180,226,0.3555473557606462,80,146,3.6056513054232244,36.805647770481926,6,-0.3374311284260796,0.5647651404807854,-0.6991842918291761,-0.3903825206745979
E01139,Kaolack,IEF032,IA07,0.3,0.7594385270695994,0,0.3376374748206235,0.2634387839765235,rural,180,151,0.49349631335295796,75,76,3.8530553346112946,47.13686232947739,3,0.6617473844662691,0.9024160031921373,0.3855952642994724,0.4177315336670291
E01140,Dakar,IEF008,IA02,0.05,-0.6770804424361538,1,-0.3621203918588307,0.06401768077230495,urbain,320,426,0.45806726584174917,195,231,3.3161527282771694,27.55413811903549,15,0.13594053494369315,0.7872991200944585,-1.670594620780063,0.3603519726288311
E01141,Diourbel,IEF024,IA05,0.3,-1.961883486465059,0,-2.89232139833262,0.27890984090170634,urbain,320,191,0.4208156177954703,80,111,3.9400330459350386,51.420300504361,4,-1.6212402818927774,0.566747732485161,0.8353571132593257,-2.5691990088900343
E01142,Dakar,IEF004,IA01,0.05,1.1358119908378483,0,1.689559554478078,0.07202914090685383,urbain,320,286,0.4893355111567682,140,146,3.5764538349473067,35.7465526438348,8,1.4290175748844989,0.8798132530339002,-0.8103894879677023,1.7379837363696564
E01143,Kaolack,IEF032,IA07,0.3,0.7594385270695994,0,0.3376374748206235,0.23096381111413905,rural,180,170,0.481545308838047,82,88,3.658131167566376,38.78878535339921,4,0.9112020256672952,0.8827688931906592,-0.49095445644492,0.9045582405001107
E01144,Kolda,IEF045,IA12,0.7,0.8036427494500231,0,-1.432219330403182,0.6683355129994119,rural,180,166,0.4445752080000348,74,92,4.018060103929088,55.59315620982862,3,1.1648145427415604,0.8932026909723603,1.2735077812294042,-0.29129162619923665
E01145,Saint-Louis,IEF028,IA06,0.35,-0.09886818526410894,0,-1.6584009589402293,0.3259475555986469,rural,180,104,0.44808005640514914,47,57,3.8409735753523946,46.570792551681066,2,0.354282369518432,0.8039018825061368,0.3261578265433211,-0.787476648746172
E01146,Tambacounda,IEF050,IA13,0.75,-0.5950300302811243,1,-0.9304449072754517,0.8187648809556562,rural,180,252,0.37531931380579187,95,157,3.7814061120687597,43.87769533644156,6,-1.3411687758582271,0.5552505503334797,0.04338209044024013,-1.517977218745889
E01147,Thiès,IEF017,IA04,0.15,1.0504362281327961,0,0.4161989798572152,0.14332061622692874,urbain,320,367,0.4927292400477516,181,186,3.756257291835082,42.78798298711795,9,0.905263851576178,0.8960143857084415,-0.07103792008774895,0.9455658416866183
E01148,Diourbel,IEF021,IA05,0.3,-1.961883486465059,0,0.10955641117140437,0.232294034439731,rural,180,123,0.39265762446671754,48,75,3.9595774894772675,52.43516685844528,2,-0.9525853701840783,0.7551379828666724,0.9419182795991414,-0.2989620946052089
E01149,Dakar,IEF001,IA01,0.05,1.1358119908378483,0,-0.3499273505312711,0.0783058675882638,urbain,320,108,0.4855112912847679,52,56,3.8617387420232636,47.547953160720574,2,0.8399288943322128,0.9535162686914112,0.4287598822539272,0.48893855712442824
E01150,Kaffrine,IEF041,IA10,0.55,-1.7249192939776967,1,0.31771647692565824,0.5595238629515749,rural,180,106,0.34177886705294236,36,70,3.628818471611381,37.66828416709141,3,-2.167914133518153,0.6268236025203567,-0.6086073008983598,-1.6613735737246347
E01151,Thiès,IEF019,IA04,0.15,1.0504362281327961,0,0.4061865653228522,0.11059929910817903,urbain,320,256,0.49105615366205013,126,130,3.565602764300315,35.360761186324474,7,0.6232341139285243,0.8956288155047737,-0.8508976667153677,0.8584411111503912
E01152,Thiès,IEF019,IA04,0.15,1.0504362281327961,0,0.4061865653228522,0.21425705419033436,rural,180,147,0.4761430023089747,70,77,3.7726480825417443,43.49509106045486,3,0.6381024860835035,0.9139006818014457,0.003208566378018732,1.0228460839707074
E01153,Kolda,IEF046,IA12,0.7,0.8036427494500231,0,-0.3584819723018034,0.7003355932567936,urbain,320,396,0.4435105103252619,176,220,3.913480837749336,50.072944773764945,8,0.20047009440454802,0.7736104965158841,0.6938844971368806,0.23133485344195592
E01154,Thiès,IEF015,IA04,0.15,1.0504362281327961,0,-1.0960478553026407,0.16173386520557256,rural,180,247,0.510745066854104,126,121,3.5892532378567887,36.207027790799174,7,0.36820906483150295,0.899411906878058,-0.7620395071711694,-0.01936140215567317
E01155,Dakar,IEF001,IA01,0.05,1.1358119908378483,0,-0.3499273505312711,0.11269388110473572,rural,180,179,0.48216159886291,86,93,3.5972354465205587,36.49719639420168,5,1.0341948583056564,0.9147980428135626,-0.7315717468701921,0.4111775410816919
E01156,Kaffrine,IEF040,IA10,0.55,-1.7249192939776967,1,-0.1388397558109453,0.5312579352806834,rural,180,245,0.4036700695884589,99,146,3.8067722182471004,45.00493805237266,5,-2.048620603054879,0.5822741966034357,0.16174279682710707,-1.6572444103118926
E01157,Thiès,IEF013,IA04,0.15,1.0504362281327961,0,-1.1304494696840526,0.08566237491686703,urbain,320,254,0.48749516705035034,124,130,3.5016338660130355,33.16960239538669,8,1.1185845023729375,0.915071783452524,-1.0809697697645946,0.684057454825014
E01158,Fatick,IEF036,IA09,0.4,1.508379536169013,1,1.1669515787289226,0.3630776578205713,rural,180,186,0.5018484209840164,93,93,3.3368322478069787,28.129876940104825,7,0.8492122398192787,0.8718330302198949,-1.6101419315827579,1.6658495293435194
E01159,Ziguinchor,IEF042,IA11,0.55,0.5436260064330518,1,0.09332094674687035,0.5225410796497711,rural,180,167,0.4408419708735341,74,93,3.7082816850922518,40.7836671002658,4,-0.42936339415939073,0.8011168970101264,-0.2814914815412708,-0.014470619041642457
E01160,Fatick,IEF037,IA09,0.4,1.508379536169013,1,-0.8651748349735274,0.38023629791813157,urbain,320,429,0.5132963709176485,220,209,3.4206194926102804,30.58835841479674,14,0.8689930436693575,0.8624359049166956,-1.3520008942789974,0.9487864490969189
E01161,Kédougou,IEF055,IA16,0.9,-0.4962851679537585,0,0.0755532240045896,0.9320845482466569,rural,180,158,0.3692776454679351,58,100,4.086038483483075,59.50369928541654,3,-1.6558270717965236,0.6225589516215283,1.6841155715849547,-1.9848427623983584
E01162,Kolda,IEF047,IA12,0.7,0.8036427494500231,0,0.8692594740041972,0.7177121801659117,rural,180,258,0.43915505259119536,113,145,4.051230969163902,57.46815504975988,4,-0.7534377095365709,0.6989715574859815,1.4703830273785976,-1.4673770329095217
E01163,Diourbel,IEF021,IA05,0.3,-1.961883486465059,0,0.10955641117140437,0.3174561843533235,rural,180,162,0.37433196307613453,61,101,4.011584497184446,55.234319887910715,3,-1.1788248328036648,0.5507929638075176,1.2358298970087138,-1.5738289579843658
E01164,Kaolack,IEF032,IA07,0.3,0.7594385270695994,0,0.3376374748206235,0.22981736472519426,urbain,320,186,0.4858497322417694,90,96,3.865386588517008,47.72171753513757,4,0.26108627705577575,0.8412943465088716,0.44700517566784803,0.3152201332077432
E01165,Tambacounda,IEF048,IA13,0.75,-0.5950300302811243,1,-1.2870708589133515,0.7770317480303068,rural,180,167,0.3756663076958403,63,104,3.8825812600116945,48.54937202313157,3,-0.9741350035762157,0.6088906858903227,0.5339090593290649,-1.7532595006316447
E01166,Dakar,IEF010,IA03,0.05,0.46256507759004684,0,0.028674535806565937,0.020165719099937376,urbain,320,434,0.4911825192476952,213,221,3.717682239021647,41.16886385706095,11,0.4283270816449432,0.8733794395176937,-0.241045746485405,0.6820707912272648
E01167,Dakar,IEF004,IA01,0.05,1.1358119908378483,0,1.689559554478078,0.14689741088926256,urbain,320,248,0.48749851495593366,121,127,3.6835100605488083,39.78579983451255,6,0.7822162418714126,0.9138069702595673,-0.3862677402703674,1.3176062859778566
E01168,Fatick,IEF038,IA09,0.4,1.508379536169013,1,-1.390946513569097,0.33491802545793636,rural,180,166,0.4861678436693243,81,85,3.4235027062538035,30.6766784486915,5,0.489495534897417,0.9113694977747523,-1.3427272733878113,0.3034865541506201
E01169,Thiès,IEF015,IA04,0.15,1.0504362281327961,0,-1.0960478553026407,0.19686925561243465,urbain,320,351,0.46562288568433635,163,188,3.6151723948737358,37.157751179337076,9,1.0718666985202612,0.8015605367451025,-0.6622133648013657,-0.13268612238283212
E01170,Diourbel,IEF024,IA05,0.3,-1.961883486465059,0,-2.89232139833262,0.300235162055399,rural,180,134,0.3868826849705365,52,82,4.02780973240323,56.137819647238494,2,-1.2495098219926257,0.5031111841671643,1.3306975490441224,-2.7813225048932257
E01171,Thiès,IEF016,IA04,0.15,1.0504362281327961,0,0.01909654917514469,0.09989210553804656,urbain,320,328,0.49954436668856034,164,164,3.9063151483959575,49.71542009173119,7,0.0848658427966308,0.8882591910694458,0.6563443353614268,0.2746427371887707
E01172,Dakar,IEF001,IA01,0.05,1.1358119908378483,0,-0.3499273505312711,0.007543695678911076,urbain,320,354,0.4869802374714003,172,182,3.6994924224515833,40.42677942591878,9,1.974392215157713,0.9090163758673299,-0.3189647573846089,1.2205760401441779
E01173,Sédhiou,IEF054,IA15,0.7,-0.5128143979953421,1,0.5471627551526171,0.6920827814585911,urbain,320,276,0.40456204609183133,112,164,3.6805141115155244,39.66678198069443,7,0.648258101886784,0.7024487252535105,-0.3987646382777552,0.20827368929712153
E01174,Tambacounda,IEF048,IA13,0.75,-0.5950300302811243,1,-1.2870708589133515,0.8379838849243947,rural,180,111,0.3543592458610694,39,72,3.873149131583756,48.09360093579803,2,-0.9338839952003124,0.5488357300782324,0.4860530057169114,-1.3310068411472618
E01175,Thiès,IEF019,IA04,0.15,1.0504362281327961,0,0.4061865653228522,0.1533335706466556,urbain,320,173,0.4859012224564422,84,89,3.7597052143422065,42.935767264655034,4,0.8687879802544876,0.9297775249086896,-0.05552054194464519,0.8710575006182142
E01176,Thiès,IEF016,IA04,0.15,1.0504362281327961,0,0.01909654917514469,0.14947768414121498,urbain,320,334,0.5342738984677929,178,156,3.782013419424705,43.90435067675417,8,0.6217552196906866,0.8255014716282962,0.046180906404002346,0.757189378552114
E01177,Sédhiou,IEF053,IA15,0.7,-0.5128143979953421,1,-1.6637734035387284,0.6899955986709969,rural,180,302,0.3841647477210598,116,186,3.797592992281754,44.593717785693734,7,-0.051727461030936235,0.6214998508729717,0.11856458812649887,-1.3245688065611696
E01178,Fatick,IEF036,IA09,0.4,1.508379536169013,1,1.1669515787289226,0.37225804961254205,rural,180,247,0.4979886313466048,123,124,3.3596347168390985,28.77867659306127,9,0.39742511955218746,0.8654697136941005,-1.5420178406995901,0.8290416895320705
E01179,Saint-Louis,IEF026,IA06,0.35,-0.09886818526410894,0,0.49988989751365537,0.409420381103047,rural,180,95,0.41079687634351536,39,56,4.0402242986860415,56.83909030906354,2,0.2355496061991394,0.8142304205421784,1.4043311061555903,0.01722541639561881
E01180,Dakar,IEF011,IA03,0.05,0.46256507759004684,0,0.1990233856571336,0.055193692429061844,urbain,320,449,0.4956983860912148,223,226,3.5844759500193386,36.03446890721686,12,-0.10675372529815172,0.8793638853119312,-0.7801582238108785,0.4387110349488319
E01181,Dakar,IEF007,IA02,0.05,-0.6770804424361538,1,0.35653495020654297,0.06804390448617645,urbain,320,281,0.4247976341435393,119,162,3.4515279363290383,31.548559691511507,9,-0.5312857229681797,0.7599513651903675,-1.2511795717906486,0.17449627452993352
E01182,Diourbel,IEF023,IA05,0.3,-1.961883486465059,0,0.1117959092790192,0.2511016360990062,urbain,320,252,0.41351143995507195,104,148,3.837620021461478,46.41487647172814,5,-1.664336963396342,0.5356422709069907,0.3097866075507405,-1.6755392797732331
E01183,Saint-Louis,IEF025,IA06,0.35,-0.09886818526410894,0,0.09534935373040888,0.2910469293750707,rural,180,104,0.4499456195308804,47,57,3.675464186964204,39.46697266011859,3,-0.6228564736888655,0.8047264767966626,-0.41974465614950673,-0.013812690832263746
E01184,Dakar,IEF003,IA01,0.05,1.1358119908378483,0,-1.5898776485547115,0.032344677957430804,urbain,320,376,0.5087391326807893,191,185,3.5011401889123954,33.153231363581,11,1.3799655619622604,0.9067308560085527,-1.0826887313169011,1.049160112570869
E01185,Kédougou,IEF055,IA16,0.9,-0.4962851679537585,0,0.0755532240045896,0.948001965718577,rural,180,242,0.3656291612819568,88,154,4.05553636517532,57.716111607863695,4,-0.6198600522217417,0.5822659054287053,1.4964185146393711,-1.5382353948773437
E01186,Saint-Louis,IEF026,IA06,0.35,-0.09886818526410894,0,0.49988989751365537,0.24852164120044562,urbain,320,408,0.44813405452024185,183,225,3.915938622740847,50.19616466788595,8,0.2413051488956228,0.8209964351951008,0.7068226102006946,0.4224840908836466
E01187,Dakar,IEF006,IA02,0.05,-0.6770804424361538,1,2.6676333910661167,0.02290036795527179,urbain,320,229,0.4459354752012404,102,127,3.348065463000505,28.447647351361805,8,0.17548021916224046,0.7747268964344761,-1.5767759760403843,1.7989066206457416
E01188,Kaolack,IEF031,IA07,0.3,0.7594385270695994,0,0.014753903421311736,0.32313189213819515,rural,180,140,0.4882777058310964,68,72,3.7911536079413235,44.307484270581796,3,0.0019684228077211353,0.878190346071408,0.08851001286826687,-0.12647169126870889
E01189,Ziguinchor,IEF043,IA11,0.55,0.5436260064330518,1,0.03781619554363153,0.5923587034424989,rural,180,182,0.4267481066144391,78,104,3.3969554859724096,29.873012653261092,6,0.23934945105071856,0.7829913053385089,-1.4271123396222256,0.06889354394887603
E01190,Kaolack,IEF032,IA07,0.3,0.7594385270695994,0,0.3376374748206235,0.3637268215611087,rural,180,115,0.4669567158458468,54,61,3.775849212353623,43.63454758324823,3,0.47674258012574194,0.8444954722456024,0.01785152863876406,0.6715887997864975
E01191,Dakar,IEF007,IA02,0.05,-0.6770804424361538,1,0.35653495020654297,0,rural,180,262,0.4918483440790702,129,133,3.4708913080081367,32.1653989496386,8,-0.6061256117942156,0.8155737180368529,-1.1864113286365836,0.4489254265415647
E01192,Diourbel,IEF024,IA05,0.3,-1.961883486465059,0,-2.89232139833262,0.30367723676558955,urbain,320,290,0.3798867216686304,110,180,4.043117981687527,57.00380281646856,5,-1.6368769121647233,0.6086274277769269,1.4216259517568823,-2.8799374002811966
E01193,Sédhiou,IEF054,IA15,0.7,-0.5128143979953421,1,0.5471627551526171,0.7441835259370875,urbain,320,295,0.34918848196399205,103,192,3.811222541182172,45.205670892059764,7,-0.27970465150606244,0.6590187290729547,0.1828197843867764,-0.8412337974030517
E01194,Dakar,IEF012,IA03,0.05,0.46256507759004684,0,-0.8514222791158281,0.08227830975008454,rural,180,161,0.4681266063690996,75,86,3.609047948863688,36.93087598996025,4,0.29348125514469453,0.8642327244263376,-0.6860353042087229,0.05990694519886619
E01195,Kaffrine,IEF039,IA10,0.55,-1.7249192939776967,1,-1.332630847294145,0.5271934592620159,rural,180,258,0.35240366616487967,91,167,3.836891140515643,46.381057879025754,6,-1.5299954739415098,0.610690705414734,0.30623564868030934,-2.317331785030608
E01196,Fatick,IEF037,IA09,0.4,1.508379536169013,1,-0.8651748349735274,0.3909602868897393,rural,180,239,0.468688526174494,112,127,3.38160456581904,29.417936278383134,8,1.6828689302290356,0.8910686394076346,-1.4748954482902101,1.1181506925253437
E01197,Dakar,IEF004,IA01,0.05,1.1358119908378483,0,1.689559554478078,0.08068882707086886,urbain,320,234,0.4872478157242386,114,120,3.606094501711082,36.821963512217025,6,0.8555929499237792,0.9345164930936563,-0.6974711357451319,1.7790316561825654
E01198,Dakar,IEF003,IA01,0.05,1.1358119908378483,0,-1.5898776485547115,0.01382697015066569,urbain,320,273,0.4885012612562671,133,140,3.4980785560599332,33.051883565313425,8,1.4800783588667084,0.9052625106613712,-1.0933302700238474,0.8979158482988232
E01199,Tambacounda,IEF049,IA13,0.75,-0.5950300302811243,1,0.10831608168981055,0.7575741740293096,rural,180,264,0.3927588488104094,104,160,3.6902409292865066,40.05449609602579,7,-1.402484427703988,0.7036765852478046,-0.35805458008157204,-1.0299646128826154
E01200,Dakar,IEF003,IA01,0.05,1.1358119908378483,0,-1.5898776485547115,0,urbain,320,431,0.5101210187913476,220,211,3.8455778520206674,46.78571175931732,9,1.270003430690921,0.9167545846683537,0.3487243855216343,0.4959920801410757
E01201,Tambacounda,IEF048,IA13,0.75,-0.5950300302811243,1,-1.2870708589133515,0.7043182710067228,urbain,320,365,0.37942632521801006,138,227,3.628731096212684,37.664993029528404,10,-0.9086932372582809,0.6696235161577572,-0.6089528709883396,-1.354208895005177
E01202,Thiès,IEF018,IA04,0.15,1.0504362281327961,0,1.839675695915115,0.18001295487046,rural,180,163,0.5183346051570106,84,79,3.774238847691374,43.56433659758507,4,0.7512143300442538,0.8763071459018132,0.010479361365679897,0.9701128438854244
E01203,Ziguinchor,IEF044,IA11,0.55,0.5436260064330518,1,-0.6339810327435095,0.5980203597108371,rural,180,142,0.4577550805426605,65,77,3.820743261412953,45.63811676902141,3,0.2973615083526394,0.8029825454493518,0.2282266863324591,-0.5157048350698781
E01204,Diourbel,IEF022,IA05,0.3,-1.961883486465059,0,-0.4134188533806319,0.2374397808612303,urbain,320,391,0.41397426147891186,162,229,3.948300421773689,51.84717358307801,8,-1.816834460176818,0.572171244137576,0.880178870295696,-2.2347882886177333
E01205,Kolda,IEF047,IA12,0.7,0.8036427494500231,0,0.8692594740041972,0.6750212937423651,urbain,320,266,0.46104227337105014,123,143,4.05988772015443,57.96780209768487,5,-0.7843799111804474,0.7399243619422144,1.522846065463227,-0.11263127176700172
E01206,Thiès,IEF019,IA04,0.15,1.0504362281327961,0,0.4061865653228522,0.2509467047584458,rural,180,155,0.49218871966754374,76,79,3.648394507767046,38.41294483125052,4,0.790419697540355,0.9110134537354116,-0.5304177850268075,0.9694106366919041
E01207,Kaffrine,IEF039,IA10,0.55,-1.7249192939776967,1,-1.332630847294145,0.5537091306924539,urbain,320,384,0.35717586031641707,137,247,3.6453087374455455,38.29459400177853,10,-1.6279726109885297,0.5627375943672944,-0.5428446453469525,-1.7266734069982737
E01208,Louga,IEF035,IA08,0.45,-0.5589055756131087,0,0.9958108211774965,0.4441602569117665,urbain,320,401,0.43793128420132527,176,225,3.92879448654989,50.84564559866237,8,0.27352772714387713,0.7471998428985294,0.7750182353886562,0.023644181607864488
E01209,Saint-Louis,IEF027,IA06,0.35,-0.09886818526410894,0,0.949372149400778,0.3181161520947297,urbain,320,218,0.43521655631384726,95,123,3.7758716762041162,43.635527794211086,5,-1.0869999910489898,0.8146063561120955,0.017954450982224226,-0.541278598300662
E01210,Thiès,IEF013,IA04,0.15,1.0504362281327961,0,-1.1304494696840526,0.2236730146396274,urbain,320,303,0.47618388140280726,144,159,3.616443865010121,37.20502619831538,8,1.2867630401065207,0.874852417104341,-0.6572494785312266,0.8793767005258663
E01211,Fatick,IEF037,IA09,0.4,1.508379536169013,1,-0.8651748349735274,0.4409271488370629,rural,180,162,0.4755565669094458,77,85,3.5414644889819007,34.51743259338505,5,1.8100027817197888,0.9193049666374313,-0.9394473344717961,0.9030590987914937
E01212,Diourbel,IEF020,IA05,0.3,-1.961883486465059,0,0.3932217475238377,0.2817883541122544,urbain,320,187,0.40742760784064325,76,111,4.000574452420159,54.62952308286643,3,-1.8001775820928692,0.5275533114111048,1.1723261137915972,-2.0052792353605486
E01213,Kaolack,IEF032,IA07,0.3,0.7594385270695994,0,0.3376374748206235,0.2752057303507807,rural,180,137,0.4484858142585597,61,76,3.7153922351138102,41.07469486278231,3,0.13032955416706174,0.8137618871022695,-0.25093350936471903,0.5476131309155552
E01214,Louga,IEF033,IA08,0.45,-0.5589055756131087,0,-1.965905696172405,0.3471622591123252,urbain,320,180,0.42430749923371525,76,104,3.7817786135711984,43.89404288843274,4,-1.013518752237263,0.7143511230163643,0.04509858660741565,-1.3828322200130139
E01215,Ziguinchor,IEF044,IA11,0.55,0.5436260064330518,1,-0.6339810327435095,0.6318243170823072,urbain,320,325,0.45647432370904234,148,177,3.580733075017357,35.89984848519988,9,-0.207085339862425,0.7785601329847808,-0.7942933945410496,-0.07533002262940722
E01216,Matam,IEF051,IA14,0.65,0.361886464303974,0,0.10403354045954573,0.6327479001265505,urbain,320,229,0.41770417754182154,96,133,3.975656287433912,53.28507575858835,4,-0.6265202029475977,0.7481266757054763,1.0311588809032957,-1.197468320588725
E01217,Dakar,IEF003,IA01,0.05,1.1358119908378483,0,-1.5898776485547115,0.07435629299146582,urbain,320,189,0.5191942336168285,98,91,3.559523513883922,35.14644636094502,5,1.381827469009503,0.9145518316091096,-0.8734007654381105,0.704393532907263
E01218,Dakar,IEF007,IA02,0.05,-0.6770804424361538,1,0.35653495020654297,0.013395743310946416,urbain,320,248,0.4635553067909315,115,133,3.318015444534412,27.605511492218593,9,0.12774279374892691,0.7841857361415238,-1.6652004065141444,0.46210353173028007
E01219,Kédougou,IEF055,IA16,0.9,-0.4962851679537585,0,0.0755532240045896,0.9126883362485195,rural,180,179,0.34906867807023523,62,117,4.288697539464448,72.87149441741664,2,-0.6020988940285771,0.5262942337538559,3.087736683788414,-1.6251596500093766
E01220,Diourbel,IEF023,IA05,0.3,-1.961883486465059,0,0.1117959092790192,0.33029568787007924,urbain,320,617,0.3437979786999159,212,405,4.203312249285897,66.9075790052246,9,-2.5243461977978776,0.5639432977471788,2.461524395128373,-2.458191314332486
E01221,Louga,IEF033,IA08,0.45,-0.5589055756131087,0,-1.965905696172405,0.41458403769241625,rural,180,271,0.41251461666608374,112,159,4.044592000549234,57.08788945442943,5,-0.29298227715373304,0.614896042275619,1.4304550652442336,-1.6511125020732826
E01222,Matam,IEF051,IA14,0.65,0.361886464303974,0,0.10403354045954573,0.7217012196355984,rural,180,224,0.39890106747080717,89,135,3.7940339453858734,44.43528874825232,5,0.8544520362073886,0.6998964888305916,0.101929508104475,0.15977190847665038
E01223,Louga,IEF035,IA08,0.45,-0.5589055756131087,0,0.9958108211774965,0.4789597571152007,rural,180,201,0.39496949992997415,79,122,3.9538621768152424,52.13633824826451,4,-0.8288575605071686,0.6852357484944673,0.910541216886976,-0.775250640516891
E01224,Kolda,IEF045,IA12,0.7,0.8036427494500231,0,-1.432219330403182,0.7154186642364915,rural,180,137,0.4320692998072527,59,78,3.9376432001877713,51.29756064096538,3,0.38204322073387187,0.7461258482617238,0.8224694035158799,-0.6180969104961356
E01225,Kaolack,IEF029,IA07,0.3,0.7594385270695994,0,-1.481619640758723,0.26894770829761766,urbain,320,367,0.5177090683588048,190,177,3.551830988512494,34.87711866378941,11,0.15928381178087148,0.8565312530498586,-0.9016802264932705,-0.1012432025860732
E01226,Matam,IEF052,IA14,0.65,0.361886464303974,0,-0.6415822632825328,0.6256361692761023,rural,180,135,0.4468989286358455,60,75,3.868795829157391,47.88469000231511,3,-1.043743096156164,0.7995355633435999,0.46411731670378364,-9.277020613837061e-4
E01227,Saint-Louis,IEF025,IA06,0.35,-0.09886818526410894,0,0.09534935373040888,0.34664311244575663,rural,180,172,0.4482545559215175,77,95,4.0268203658632045,56.0823062329351,3,0.21637406475807483,0.7959962035236433,1.3248686296481174,-0.07560672724031788
E01228,Diourbel,IEF024,IA05,0.3,-1.961883486465059,0,-2.89232139833262,0.32639345558567673,urbain,320,258,0.367224256100816,95,163,3.9605967637956483,52.48863992463613,5,-1.8165578629367127,0.6917887931646438,0.9475329620429249,-1.5747465600171169
E01229,Kolda,IEF047,IA12,0.7,0.8036427494500231,0,0.8692594740041972,0.742455462067129,rural,180,194,0.4329150747894098,84,110,3.987050285062439,53.89567777855753,4,-0.8067467702454914,0.8472626301187172,1.0952722128267618,-0.15268114632089944
E01230,Kaffrine,IEF041,IA10,0.55,-1.7249192939776967,1,0.31771647692565824,0.5586840035085601,urbain,320,357,0.3589202534783075,128,229,3.5696652656506376,35.50470651747166,10,-0.8583910457767021,0.5327635703471748,-0.8357833786965717,-1.2264453163184306
E01231,Dakar,IEF005,IA02,0.05,-0.6770804424361538,1,0.5635836405531154,0.013807562949414286,rural,180,188,0.4389044806134477,83,105,3.511721314657299,33.505892358326825,6,-0.49545742932190967,0.8690310938984955,-1.0456592576611472,0.14118520366597537
E01232,Thiès,IEF019,IA04,0.15,1.0504362281327961,0,0.4061865653228522,0.19180801242865678,rural,180,145,0.48708333386514263,71,74,3.666070918903899,39.09798452172931,4,0.3967788743028993,0.8647375699150095,-0.4584884830919203,0.9268836111688628
E01233,Dakar,IEF005,IA02,0.05,-0.6770804424361538,1,0.5635836405531154,0.013074663522575788,urbain,320,196,0.45654874623596714,89,107,3.6063516149322683,36.83143214306898,5,-0.08480237303559746,0.8106191728429092,-0.6964769276475188,0.15053140364683204
E01234,Kaffrine,IEF040,IA10,0.55,-1.7249192939776967,1,-0.1388397558109453,0.5344502230304613,rural,180,156,0.36707919994133636,57,99,3.948339043035581,51.849176025015495,3,-1.532878837818523,0.6245931897212043,0.8803891270920983,-2.036873279336271
E01235,Dakar,IEF011,IA03,0.05,0.46256507759004684,0,0.1990233856571336,0.11755938798065108,rural,180,153,0.49024828394372466,75,78,3.4733665613494713,32.245115078970876,5,0.43604165221245617,0.825907500327586,-1.1780411194129192,0.8784159853473213
E01236,Thiès,IEF014,IA04,0.15,1.0504362281327961,0,0.597248963746674,0.12900985543139756,rural,180,150,0.4777513992585793,72,78,3.778970273796326,43.77094643115058,3,1.5248014015228748,0.9005104678407791,0.03217343443590357,1.0461881838546787
E01237,Kaolack,IEF029,IA07,0.3,0.7594385270695994,0,-1.481619640758723,0.24952525151764823,rural,180,133,0.4734055318163034,63,70,3.722112091689179,41.351640396112664,3,0.5230539247556485,0.9217670405905457,-0.22185417401625965,-0.006062527490383773
E01238,Dakar,IEF005,IA02,0.05,-0.6770804424361538,1,0.5635836405531154,0.06942326418820018,rural,180,88,0.4668796206425872,41,47,3.3875953346959493,29.594701285951288,3,-0.6429733725947068,0.8203629875974757,-1.456335087806563,0.1441861249850299
E01239,Kolda,IEF047,IA12,0.7,0.8036427494500231,0,0.8692594740041972,0.6003372732139535,rural,180,109,0.4551543839173512,50,59,3.9894105096621075,54.02303391849201,2,0.7265767557465032,0.8447146276906408,1.1086446325127024,0.9233453943689194
E01240,Saint-Louis,IEF026,IA06,0.35,-0.09886818526410894,0,0.49988989751365537,0.3424533537373999,urbain,320,594,0.440372446304954,262,332,3.801013816954391,44.746526292280144,13,0.08268885883489119,0.7889263046730463,0.13460951130575435,0.34466078200368044
E01241,Kédougou,IEF055,IA16,0.9,-0.4962851679537585,0,0.0755532240045896,1,rural,180,153,0.3381231127613104,52,101,4.142667813401009,62.97059134777217,2,-0.40898015520268227,0.5886820417828483,2.04813991848747,-1.4299065971668072
E01242,Thiès,IEF013,IA04,0.15,1.0504362281327961,0,-1.1304494696840526,0.2701965654574703,urbain,320,429,0.4469798772159777,192,237,3.6927268441769585,40.15419203076327,11,0.12422457701076747,0.8974205173395075,-0.34758648736945313,-0.02146123048045795
E01243,Dakar,IEF006,IA02,0.05,-0.6770804424361538,1,2.6676333910661167,0.00954842616819817,urbain,320,190,0.4649500343292998,88,102,3.3255175675574153,27.81339022648292,7,-0.7194497651577538,0.7995889060906376,-1.6433730986215311,0.919474653481662
E01244,Louga,IEF034,IA08,0.45,-0.5589055756131087,0,-2.3207746068026323,0.49569169482643405,rural,180,120,0.41644864048385716,50,70,4.006751201846662,54.968000226352,2,-0.02932105585143305,0.794552129798185,1.207866280281535,-1.1071210927386943
E01245,Saint-Louis,IEF028,IA06,0.35,-0.09886818526410894,0,-1.6584009589402293,0.41856859153837955,rural,180,189,0.4314309699848773,82,107,3.8748997417857503,48.17786782196157,4,0.5421149376267722,0.7698104006848706,0.4949010453009152,-0.6281794443769798
E01246,Diourbel,IEF020,IA05,0.3,-1.961883486465059,0,0.3932217475238377,0.2728736755166916,urbain,320,298,0.3910032619989296,117,181,4.094268902555686,59.99546059174233,5,-1.110356412510458,0.5790155586659149,1.735750605254143,-1.7060611963464565
E01247,Kaffrine,IEF039,IA10,0.55,-1.7249192939776967,1,-1.332630847294145,0.6451612558887474,rural,180,137,0.36414130248103377,50,87,3.9192014179002133,50.36021195179003,3,-1.8793677318156705,0.4855925210958211,0.7240476072038424,-2.330235845747082
E01248,Dakar,IEF008,IA02,0.05,-0.6770804424361538,1,-0.3621203918588307,0.07724933256146016,urbain,320,246,0.46955280738746036,116,130,3.36367107330748,28.895072339813517,9,-0.13199169899636032,0.75309609576546,-1.5297962644486907,0.3535165573578706
E01249,Ziguinchor,IEF043,IA11,0.55,0.5436260064330518,1,0.03781619554363153,0.5147813132492587,urbain,320,455,0.4336808923212715,197,258,3.3592009512409415,28.766196100194627,16,0.7139857382134246,0.8000722294799179,-1.5433282948998037,1.3261513091266326
E01250,Diourbel,IEF024,IA05,0.3,-1.961883486465059,0,-2.89232139833262,0.27498804201575255,rural,180,254,0.3965769954304576,101,153,3.902667496328891,49.534405876012556,5,-1.4140794512222818,0.617337981734445,0.6373378071880996,-2.6949530933411
E01251,Dakar,IEF004,IA01,0.05,1.1358119908378483,0,1.689559554478078,0.07576338733221055,urbain,320,308,0.5211315675938086,161,147,3.594866450304834,36.410837006978454,8,1.2687915394136913,0.8794998512375207,-0.7406394994761027,1.383358954545641
E01252,Saint-Louis,IEF027,IA06,0.35,-0.09886818526410894,0,0.949372149400778,0.3427256806321492,urbain,320,545,0.42937611263955033,234,311,3.7711013201354335,43.42786649236359,13,0.09638194541181792,0.8037573473397889,-0.0038500264639518343,0.7341669115194593
E01253,Kaolack,IEF029,IA07,0.3,0.7594385270695994,0,-1.481619640758723,0.27212402700475785,rural,180,146,0.48258943212641975,70,76,3.896567747710864,49.23317809308147,3,0.5451712574002214,0.8560788837053431,0.6057088308663289,-0.26388945143953263
E01254,Ziguinchor,IEF043,IA11,0.55,0.5436260064330518,1,0.03781619554363153,0.4789808319832794,rural,180,135,0.408679967574934,55,80,3.675971753687141,39.487009866775416,3,0.7729024157850994,0.8344875110348696,-0.4176407455183679,0.42326103564186973
E01255,Dakar,IEF001,IA01,0.05,1.1358119908378483,0,-0.3499273505312711,0,urbain,320,245,0.5195397120908276,127,118,3.7245444588084973,41.45234519240878,6,1.183186161147827,0.9302276439830783,-0.2112801506425019,1.2631479455623262
E01256,Saint-Louis,IEF027,IA06,0.35,-0.09886818526410894,0,0.949372149400778,0.30413549469879325,urbain,320,241,0.41866867661433443,101,140,3.929506531394423,50.881862871108716,5,-0.6024485651632153,0.8610211126323556,0.7788210561029281,0.27466052395529533
E01257,Fatick,IEF038,IA09,0.4,1.508379536169013,1,-1.390946513569097,0.4463112909972954,urbain,320,279,0.5285409310580654,147,132,3.4676554167340505,32.06148343617645,9,1.8230158972691362,0.909916815017586,-1.1973224779428575,1.498397213516769
E01258,Tambacounda,IEF048,IA13,0.75,-0.5950300302811243,1,-1.2870708589133515,0.6857318139797555,rural,180,114,0.38345690763334506,44,70,3.8816701096382866,48.50515639128768,2,-0.643628154883556,0.705752322835965,0.5292664093084242,-0.9509397732693312
E01259,Diourbel,IEF024,IA05,0.3,-1.961883486465059,0,-2.89232139833262,0.2664541534653191,rural,180,234,0.3995119582431677,93,141,3.85568146316924,47.26081247304296,5,-1.530612910102282,0.5648835504071589,0.39861005369827257,-2.1662516404937473
E01260,Diourbel,IEF024,IA05,0.3,-1.961883486465059,0,-2.89232139833262,0.2748804418118773,rural,180,130,0.4027825997273593,52,78,4.026610241143474,56.07052319205349,2,-1.6694879476407358,0.6155457552807184,1.3236314080432026,-2.444230778490279
E01261,Kolda,IEF046,IA12,0.7,0.8036427494500231,0,-0.3584819723018034,0.7678707213371312,urbain,320,233,0.42998903335110616,100,133,3.9530325823843855,52.09310416826404,4,0.3681660088063865,0.808297465272448,0.9060016300025181,0.14895233706189004
E01262,Kolda,IEF046,IA12,0.7,0.8036427494500231,0,-0.3584819723018034,0.6054286661194279,rural,180,120,0.408775911881177,49,71,3.795005880006902,44.47849793863471,3,-0.6543697875250327,0.7295600455743583,0.10646648157415065,-0.41674031341872586
E01263,Kaffrine,IEF039,IA10,0.55,-1.7249192939776967,1,-1.332630847294145,0.4868975432291178,rural,180,211,0.4015130473185104,85,126,3.753943864049908,42.68911048969207,5,-1.9236483575736034,0.5818578936849318,-0.08141955172055534,-2.221044115431091
E01264,Kaolack,IEF032,IA07,0.3,0.7594385270695994,0,0.3376374748206235,0.3426895835978481,rural,180,108,0.4530470751688291,49,59,3.9594600371418673,52.4290085872994,2,0.8104314740488388,0.8718394710595032,0.9412716599203033,0.5751932104564832
E01265,Diourbel,IEF024,IA05,0.3,-1.961883486465059,0,-2.89232139833262,0.26372284499500276,urbain,320,431,0.39903569754446405,172,259,3.9977656266730714,54.47629357012247,8,-1.745087762028678,0.5486733203068749,1.1562369848831797,-2.698200991413289
E01266,Diourbel,IEF021,IA05,0.3,-1.961883486465059,0,0.10955641117140437,0.36600986456447954,rural,180,104,0.35769504155607096,37,67,3.9547802342368654,52.18422437827478,2,-1.9294804837511177,0.6322412087104134,0.915569269935398,-2.0130347659608616
E01267,Kolda,IEF045,IA12,0.7,0.8036427494500231,0,-1.432219330403182,0.7313365692243997,rural,180,252,0.43228802265796457,109,143,3.964418770372721,52.689635710583254,5,0.6292905698322523,0.7391564438516568,0.9686375590114974,-0.3739283515705425
E01268,Dakar,IEF005,IA02,0.05,-0.6770804424361538,1,0.5635836405531154,0,urbain,320,201,0.42864182558616737,86,115,3.415741213113559,30.4395032269087,7,-0.4772644940121906,0.8130684779705543,-1.367630718219111,0.7424904199436972
E01269,Dakar,IEF001,IA01,0.05,1.1358119908378483,0,-0.3499273505312711,0.04825202151032853,urbain,320,220,0.5375650651990717,118,102,3.708623600452056,40.79761404667824,5,0.8371873401170903,0.9375537127088037,-0.28002704943096657,0.7839807969961091
E01270,Saint-Louis,IEF025,IA06,0.35,-0.09886818526410894,0,0.09534935373040888,0.309130777677664,rural,180,201,0.48125893460038427,97,104,3.786838135986054,44.11668854770289,5,0.39073147388714047,0.7637424442256698,0.06847642452355385,0.012650572126952489
E01271,Louga,IEF035,IA08,0.45,-0.5589055756131087,0,0.9958108211774965,0.44028467171178404,urbain,320,272,0.417188993442644,113,159,4.103121406955895,60.52892845006046,4,-0.08161214602327047,0.7045239493614508,1.7917648350671682,-0.7874772986702597
E01272,Kédougou,IEF055,IA16,0.9,-0.4962851679537585,0,0.0755532240045896,0.9220752344791866,rural,180,173,0.3691789124179817,64,109,4.4219683920688935,83.2600125141508,2,-0.8033449803343501,0.6263926399925226,4.178533122625075,-1.9845397421435929
E01273,Kédougou,IEF055,IA16,0.9,-0.4962851679537585,0,0.0755532240045896,0.9701721691426125,rural,180,216,0.3721971931007588,80,136,4.166469044339734,64.4873476658061,3,-0.7382305566200443,0.5816212475215242,2.2073996295346623,-1.7884804038304165
E01274,Matam,IEF051,IA14,0.65,0.361886464303974,0,0.10403354045954573,0.7958664085043661,rural,180,175,0.41940798559100456,73,102,4.128614505430274,62.091835410847416,3,-0.10797400958468693,0.6609818486304045,1.955870372660194,-0.7309510063735651
E01275,Dakar,IEF007,IA02,0.05,-0.6770804424361538,1,0.35653495020654297,0.058395378711860305,urbain,320,210,0.4577216570289115,96,114,3.460012771307205,31.817382861643882,7,0.18909102355096788,0.7926656926112968,-1.2229530861719384,0.22626292415942767
E01276,Kaolack,IEF032,IA07,0.3,0.7594385270695994,0,0.3376374748206235,0.3036007987136049,urbain,320,238,0.43952031639329436,105,133,3.877313637356372,48.29430464032033,5,0.23302522030225947,0.8880207036621104,0.5071269340785582,-0.0247766469190559
E01277,Fatick,IEF038,IA09,0.4,1.508379536169013,1,-1.390946513569097,0.3771660476637896,urbain,320,450,0.48981200389663304,220,230,3.566325486173915,35.38632641906463,13,0.9120864584699276,0.8841642365674504,-0.8482133122606396,0.28185388069816364
E01278,Diourbel,IEF023,IA05,0.3,-1.961883486465059,0,0.1117959092790192,0.3291848974090745,rural,180,229,0.4365214835862189,100,129,3.925543252618581,50.680602951941474,5,-1.9886131056216962,0.5640023975580404,0.7576887250944084,-2.0466620353176004
E01279,Dakar,IEF011,IA03,0.05,0.46256507759004684,0,0.1990233856571336,0,urbain,320,190,0.5176333703451536,98,92,3.858667294889262,47.40213618545666,4,0.5382103262564406,0.890437714815498,0.4134490712355769,0.9200633549150632
E01280,Dakar,IEF005,IA02,0.05,-0.6770804424361538,1,0.5635836405531154,0,urbain,320,277,0.43037393929824924,119,158,3.3732058327670655,29.171897537762185,9,-0.0046965677050845615,0.8089537564587914,-1.5007295643389236,0.6177940534434236
E01281,Dakar,IEF007,IA02,0.05,-0.6770804424361538,1,0.35653495020654297,0.1466523751412282,rural,180,108,0.4374738939425259,47,61,3.3637860757144717,28.89839553376678,4,0.008533300365817755,0.7106395587306062,-1.5294473284314427,-0.0839881562010602
E01282,Dakar,IEF005,IA02,0.05,-0.6770804424361538,1,0.5635836405531154,0.051348214512949596,urbain,320,416,0.4552035389668019,189,227,3.629815652589601,37.70586499787571,11,-0.22455653363403985,0.7325437143637393,-0.6046613062910129,0.09418802542394848
E01283,Dakar,IEF006,IA02,0.05,-0.6770804424361538,1,2.6676333910661167,0.08465389928696751,urbain,320,442,0.4360789957128077,193,249,3.5540796815037385,34.9556348423882,13,-1.0789058052895075,0.7711725995011715,-0.8934360123321047,0.35641512147176657
E01284,Tambacounda,IEF050,IA13,0.75,-0.5950300302811243,1,-0.9304449072754517,0.7062261777016412,rural,180,152,0.38906688767654873,59,93,3.84165444456036,46.60251196748144,3,-0.75413521533095,0.6124507427552994,0.32948837142709086,-1.3044442327752042
E01285,Kaffrine,IEF040,IA10,0.55,-1.7249192939776967,1,-0.1388397558109453,0.5473843912264286,urbain,320,305,0.367924329714061,112,193,3.8253447405182306,45.84860351351978,7,-2.031756459398389,0.5691278079632875,0.2503278358114518,-1.7742284759836469
E01286,Dakar,IEF001,IA01,0.05,1.1358119908378483,0,-0.3499273505312711,0.18540502921745056,urbain,320,251,0.49658621137313136,125,126,3.545483133986686,34.65642499495977,7,2.1790169648663325,0.8855122090013905,-0.9248531050300897,1.7858369232409361
E01287,Dakar,IEF012,IA03,0.05,0.46256507759004684,0,-0.8514222791158281,0.030380603002225774,urbain,320,290,0.4710541790520247,137,153,3.5262735279015156,33.997042240361594,9,0.5400175719600419,0.8593551496185631,-0.9940884236625046,0.9008791971244201
E01288,Matam,IEF051,IA14,0.65,0.361886464303974,0,0.10403354045954573,0.7186734210190866,urbain,320,276,0.4607692714311415,127,149,3.996770186584379,54.42209266497197,5,-0.3106665156320922,0.6725089960090186,1.1505458792057994,-1.0295594726966515
E01289,Louga,IEF033,IA08,0.45,-0.5589055756131087,0,-1.965905696172405,0.42064393065067823,urbain,320,433,0.4471576669418758,194,239,3.912242488371808,50.01097535159027,9,-0.15737179457550182,0.7439675366767966,0.6873776956474407,-0.7460494319700783
E01290,Kaolack,IEF030,IA07,0.3,0.7594385270695994,0,-0.4906862327461932,0.19994986128144412,urbain,320,212,0.5379840972463779,114,98,3.778880893767025,43.767034357509246,5,0.7030331057896844,0.8629356885993512,0.03176266593584463,0.4770686170703262
E01291,Dakar,IEF011,IA03,0.05,0.46256507759004684,0,0.1990233856571336,0.05679219261894782,urbain,320,192,0.46534124020646006,89,103,3.7309837896145046,41.720131813794474,5,0.6937932679080847,0.8288058207095894,-0.18316250284560912,0.5406791399316503
E01292,Kaolack,IEF031,IA07,0.3,0.7594385270695994,0,0.014753903421311736,0.4056716214247567,rural,180,246,0.4874501007938344,120,126,4.013825409315184,55.358233933770094,4,0.5178716260704177,0.8508566402470532,1.2488408961412798,0.04376993733055309
E01293,Diourbel,IEF023,IA05,0.3,-1.961883486465059,0,0.1117959092790192,0.2742963354847259,urbain,320,286,0.38038029847456073,109,177,4.057491595413527,57.82907028863923,5,-1.4266043325655304,0.6819272274322944,1.5082791982882138,-1.2205629230431456
E01294,Sédhiou,IEF054,IA15,0.7,-0.5128143979953421,1,0.5471627551526171,0.6807315812263623,rural,180,191,0.4151746026396953,79,112,3.7477865845547464,42.42706926341894,5,-0.36521039386871784,0.6323972443295002,-0.10893393190313168,-0.14057878442328664
E01295,Sédhiou,IEF053,IA15,0.7,-0.5128143979953421,1,-1.6637734035387284,0.726682727783195,urbain,320,230,0.3946804355177517,91,139,3.6408357460876837,38.12368513565332,6,-1.5942707066140944,0.6646128620791932,-0.5607901098298606,-1.474290996621446
E01296,Tambacounda,IEF050,IA13,0.75,-0.5950300302811243,1,-0.9304449072754517,0.8008200908596916,urbain,320,382,0.3579923210780291,137,245,3.900627872899583,49.433477304359805,8,-0.7407431998675151,0.5306108158206555,0.6267402873579805,-1.4842231576899647
E01297,Thiès,IEF018,IA04,0.15,1.0504362281327961,0,1.839675695915115,0.17374213992243775,urbain,320,404,0.4715927145334598,191,213,3.5870973275010583,36.12905276841589,11,1.4681997185252724,0.8914218069782118,-0.7702268998235088,1.7235993549603952
E01298,Thiès,IEF018,IA04,0.15,1.0504362281327961,0,1.839675695915115,0.19909765683150385,urbain,320,237,0.48882061002284904,116,121,3.8338969575152575,46.242392202786064,5,1.0712931137642874,0.8801122692624973,0.29167572546289866,0.9796650914095126
E01299,Dakar,IEF012,IA03,0.05,0.46256507759004684,0,-0.8514222791158281,0.045165854396500685,urbain,320,183,0.49265322804710715,90,93,3.8801806208871312,48.43296228597105,4,0.7293782001970303,0.8369704345230868,0.5216860140825516,0.25709719971626943
E01300,Dakar,IEF004,IA01,0.05,1.1358119908378483,0,1.689559554478078,0.10639244178999707,urbain,320,175,0.5020748726639074,88,87,3.4815070697836954,32.5086780229398,5,1.0712647897595553,0.9139077871661766,-1.1503669585736571,1.4558695625598244
E01301,Thiès,IEF014,IA04,0.15,1.0504362281327961,0,0.597248963746674,0.1611182150012766,urbain,320,256,0.4841025946492127,124,132,3.8752068126769172,48.19266411440727,5,0.5592968762369337,0.9064922558783096,0.49645465891139073,1.1067454040410667
E01302,Saint-Louis,IEF025,IA06,0.35,-0.09886818526410894,0,0.09534935373040888,0.4031653661904316,rural,180,212,0.4482636875986305,95,117,4.015972334076209,55.47721156924476,4,-0.7231946851194352,0.7372935665940685,1.2613335712147118,-0.6464103123580103
E01303,Tambacounda,IEF049,IA13,0.75,-0.5950300302811243,1,0.10831608168981055,0.7489086138594864,rural,180,170,0.3690049474972392,63,107,3.9036516728260673,49.583180471545674,3,-1.6046920955334276,0.7071806303773608,0.6424591492907763,-1.7450767043201214
E01304,Sédhiou,IEF053,IA15,0.7,-0.5128143979953421,1,-1.6637734035387284,0.6845476640789294,rural,180,211,0.42046805054326136,89,122,3.469773877707741,32.129476432420454,7,-0.7923925653033602,0.6531244044080242,-1.190183199994051,-1.1968444505031266
E01305,Saint-Louis,IEF028,IA06,0.35,-0.09886818526410894,0,-1.6584009589402293,0.3729976495549455,urbain,320,221,0.44468019473090914,98,123,3.971751531052392,53.077416212799335,4,-0.18044596541281183,0.6664881669112356,1.0093545878436048,-1.3464755526196346
E01306,Dakar,IEF010,IA03,0.05,0.46256507759004684,0,0.028674535806565937,0.09888380225102042,rural,180,155,0.4918865329730412,76,79,3.668078601155084,39.176559701914684,4,0.6691610895896472,0.8590759528287775,-0.45023807375258434,0.5958760338434869
E01307,Tambacounda,IEF048,IA13,0.75,-0.5950300302811243,1,-1.2870708589133515,0.8941549965644228,urbain,320,662,0.35073569156684353,232,430,3.8660439227204395,47.75309696457615,14,-0.5988217898805199,0.5741613945595129,0.45030002191690927,-1.780587032299234
E01308,Dakar,IEF001,IA01,0.05,1.1358119908378483,0,-0.3499273505312711,0.09264399892383046,urbain,320,428,0.47898021141873853,205,223,3.4145639327997825,30.403688485130314,14,0.752228843353011,0.907167248990449,-1.371391273134253,1.024340987412771
E01309,Dakar,IEF001,IA01,0.05,1.1358119908378483,0,-0.3499273505312711,0.0384726722590132,urbain,320,266,0.4684763361892881,125,141,3.567542633156472,35.429423001606644,8,1.2049916436965398,0.8990655701887416,-0.8436881626363022,0.5048437759486596
E01310,Kaolack,IEF031,IA07,0.3,0.7594385270695994,0,0.014753903421311736,0.3334836176678544,rural,180,145,0.44739925670736397,65,80,3.7807330893573736,43.848174586138875,3,0.12994144262395882,0.8487152404081715,0.0402824058652014,0.15067541726578618
E01311,Saint-Louis,IEF028,IA06,0.35,-0.09886818526410894,0,-1.6584009589402293,0.3865905698036266,urbain,320,538,0.4263831061534492,229,309,4.054101316887507,57.633345601533186,9,-0.3583629671658112,0.7797042043947393,1.4877280677323736,-1.2922128452402442
E01312,Kaolack,IEF030,IA07,0.3,0.7594385270695994,0,-0.4906862327461932,0.3139775803847601,rural,180,90,0.48488533022445607,44,46,3.93699796545669,51.26447234922556,2,0.2911642500663299,0.8899983777723179,0.8189951263898351,-0.033849313103042275
E01313,Fatick,IEF038,IA09,0.4,1.508379536169013,1,-1.390946513569097,0.44950605829253715,urbain,320,252,0.4568972757741649,115,137,3.494725645605082,32.94124913666708,8,0.728994866195914,0.8962364574609416,-1.1049469067430053,0.3713196656355062
E01314,Matam,IEF051,IA14,0.65,0.361886464303974,0,0.10403354045954573,0.6936077734382384,urbain,320,235,0.4022373413383929,95,140,3.738871050763788,42.05049048856075,6,0.11259060023724109,0.7654486062368678,-0.14847477716439436,0.4164947626344563
E01315,Ziguinchor,IEF044,IA11,0.55,0.5436260064330518,1,-0.6339810327435095,0.5533665194862661,rural,180,162,0.43752351137224443,71,91,3.4578584784856257,31.7489126810336,5,0.6856208136846332,0.7901844446198549,-1.2301424685728486,0.17719659655318257
E01316,Ziguinchor,IEF043,IA11,0.55,0.5436260064330518,1,0.03781619554363153,0.5198878697185723,urbain,320,290,0.44638411037548537,129,161,3.456681265078147,31.711559426042694,9,1.1577952035137251,0.7529459584874514,-1.2340645676772288,0.6562924242271141
E01317,Diourbel,IEF024,IA05,0.3,-1.961883486465059,0,-2.89232139833262,0.36645695782355997,urbain,320,235,0.3830866282576802,90,145,3.8424430725767684,46.6392785097111,5,-1.613380761289056,0.539125309185408,0.33334886557640125,-2.233651202893737
E01318,Dakar,IEF001,IA01,0.05,1.1358119908378483,0,-0.3499273505312711,0.024828001574702066,urbain,320,213,0.47437581244986693,101,112,3.528879382394495,34.08574911403748,6,0.9028504114350624,0.8973215217302509,-0.9847741845183853,1.0551479711235086
E01319,Louga,IEF033,IA08,0.45,-0.5589055756131087,0,-1.965905696172405,0.5325129456191384,urbain,320,247,0.3860655910177102,95,152,3.990766762625002,54.09635252635944,5,-0.8914270403304245,0.7108155345937812,1.1163431007270856,-1.467200851234137
E01320,Saint-Louis,IEF028,IA06,0.35,-0.09886818526410894,0,-1.6584009589402293,0.28134283669216975,urbain,320,271,0.4873872318921072,132,139,3.690874144244763,40.07986723394349,7,0.8952905866710306,0.72571693328516,-0.35539060562129143,-0.4468388529300029
E01321,Kolda,IEF047,IA12,0.7,0.8036427494500231,0,0.8692594740041972,0.6833591333048711,urbain,320,468,0.4214288363690092,197,271,3.992223247065753,54.175200428548166,9,0.42093565707393815,0.7355071742167899,1.1246221459302934,-0.054744808716158284
E01322,Diourbel,IEF024,IA05,0.3,-1.961883486465059,0,-2.89232139833262,0.34602557671821854,rural,180,173,0.3730433541040634,65,108,3.9611713564265307,52.51880817673952,3,-1.795192628416515,0.6010413107597218,0.9507006344341051,-2.4984769539772156
E01323,Louga,IEF034,IA08,0.45,-0.5589055756131087,0,-2.3207746068026323,0.46154264490586266,rural,180,134,0.4504851747166471,60,74,3.9468379768443165,51.77140536389719,3,-0.24936026880337472,0.7900778574229201,0.872223192412686,-0.4812246191966624
E01324,Diourbel,IEF023,IA05,0.3,-1.961883486465059,0,0.1117959092790192,0.22131999341551223,urbain,320,421,0.4159594635053502,175,246,3.9740842079981813,53.201373197533165,8,-1.7210589293080258,0.6409074780775559,1.0223700955664143,-1.4761915164262636
E01325,Dakar,IEF009,IA03,0.05,0.46256507759004684,0,0.5687463271242291,0.03543079835996483,urbain,320,267,0.505366866147247,135,132,3.702747546817279,40.55858803097049,7,0.5174454025100873,0.9063082938802278,-0.305124827987592,0.8998908622545005
E01326,Diourbel,IEF024,IA05,0.3,-1.961883486465059,0,-2.89232139833262,0.23525115587490625,urbain,320,271,0.3906220237118513,106,165,3.8485101086443447,46.92310080404454,6,-1.5010290724750956,0.6282789901777008,0.3631502621797044,-2.1020019788237274
E01327,Dakar,IEF002,IA01,0.05,1.1358119908378483,0,-0.5868971362215678,3.611600269772808e-4,rural,180,213,0.4959041732091251,106,107,3.572773339816424,35.61522944632029,6,1.7654310655396388,0.9081165908754762,-0.8241784494780545,1.3812389281934412
E01328,Thiès,IEF015,IA04,0.15,1.0504362281327961,0,-1.0960478553026407,0.10985917249544636,rural,180,193,0.5056431628616608,98,95,3.6559648295678966,38.70484668636241,5,0.5309895964122271,0.8142437980949153,-0.49976803295620564,0.01381647517503809
E01329,Louga,IEF034,IA08,0.45,-0.5589055756131087,0,-2.3207746068026323,0.4440190905357563,urbain,320,202,0.41658516873477913,84,118,4.017924898049753,55.58564019637431,4,-1.2547111204959276,0.7665378214125266,1.2727185983417322,-1.5141852939558786
E01330,Fatick,IEF036,IA09,0.4,1.508379536169013,1,1.1669515787289226,0.29846239309621353,rural,180,167,0.4642173148069495,78,89,3.504094566649335,33.25132336128785,5,1.6721342476179788,0.9413837822440341,-1.0723890523077608,1.7244908529756595
E01331,Ziguinchor,IEF042,IA11,0.55,0.5436260064330518,1,0.09332094674687035,0.5291964091608355,urbain,320,311,0.43278564220041105,135,176,4.06490431941305,58.25933396859851,5,0.30451849760624183,0.7904399973389249,1.5534569691204063,-0.04237022818731265
E01332,Dakar,IEF010,IA03,0.05,0.46256507759004684,0,0.028674535806565937,0.057910129409890924,urbain,320,451,0.4986087772655499,225,226,3.5257329443240697,33.978668964237826,13,0.7722181388274777,0.8766558311137078,-0.996017621261137,0.9863389458321455
E01333,Dakar,IEF002,IA01,0.05,1.1358119908378483,0,-0.5868971362215678,0.08052820297260502,urbain,320,485,0.4891921084545299,237,248,3.7611102363690607,42.99613536272452,11,0.822312220196312,0.8973369449148383,-0.04918187980049954,0.39908613103729745
E01334,Louga,IEF033,IA08,0.45,-0.5589055756131087,0,-1.965905696172405,0.42517765678042385,rural,180,142,0.40750116278836984,58,84,4.148862326149447,63.361874130555,2,-1.0750172784496812,0.7647998930335684,2.089224687466386,-1.5447568478162834
E01335,Louga,IEF034,IA08,0.45,-0.5589055756131087,0,-2.3207746068026323,0.4007974179116155,urbain,320,439,0.45923138260329,202,237,3.84719766997935,46.86155750700318,9,-0.22573298561578292,0.7073906426076292,0.356688203912887,-1.1390991468145726
E01336,Tambacounda,IEF048,IA13,0.75,-0.5950300302811243,1,-1.2870708589133515,0.7802572913359799,rural,180,178,0.3742368265336103,67,111,3.8908248983222182,48.95124967742361,4,-0.5916388447730963,0.6689704135100663,0.5761062918956232,-0.9997488976937164
E01337,Thiès,IEF013,IA04,0.15,1.0504362281327961,0,-1.1304494696840526,0.06537916096322502,rural,180,135,0.5087131350373606,69,66,3.7461488025206076,42.357639842266835,3,0.16579443325988752,0.9280181035511463,-0.11622403474917847,-0.29855851271575556
E01338,Diourbel,IEF024,IA05,0.3,-1.961883486465059,0,-2.89232139833262,0.22479670656477455,urbain,320,195,0.396830046100745,77,118,3.8946474857000712,49.13872820480784,4,-1.4306489982340007,0.5610522670944913,0.5957915740624173,-2.668687442888534
E01339,Kolda,IEF046,IA12,0.7,0.8036427494500231,0,-0.3584819723018034,0.7114920962203423,rural,180,452,0.46420845144733136,210,242,3.7931641624968857,44.39665649770262,10,-0.5896619252776663,0.827422652753774,0.09787311421542726,-0.4357114382702666
E01340,Fatick,IEF037,IA09,0.4,1.508379536169013,1,-0.8651748349735274,0.419778409233146,rural,180,132,0.4978127532692914,66,66,3.270160730355424,26.315568714075244,5,1.0801873279456147,0.8610065417488344,-1.8006446513621341,0.9691993964391272
E01341,Saint-Louis,IEF028,IA06,0.35,-0.09886818526410894,0,-1.6584009589402293,0.41783906222989176,urbain,320,471,0.41602901544151866,196,275,3.867813075880522,47.83765428234303,10,0.5168915804490676,0.8003842292057428,0.459178556876259,-0.21341951321591526
E01342,Sédhiou,IEF053,IA15,0.7,-0.5128143979953421,1,-1.6637734035387284,0.8198976262773685,urbain,320,320,0.3762347970477219,120,200,3.67716279352616,39.53406848743345,8,-1.1864120596149792,0.583946588095006,-0.41269958111432387,-1.9364536250060431
E01343,Matam,IEF052,IA14,0.65,0.361886464303974,0,-0.6415822632825328,0.6519485446215167,urbain,320,608,0.42159099231124325,256,352,3.7809313626064425,43.85686936812266,14,0.49352897671264473,0.7695976585016245,0.041195359679793576,-0.2411830728692602
E01344,Kaolack,IEF032,IA07,0.3,0.7594385270695994,0,0.3376374748206235,0.20840886313439447,urbain,320,244,0.5194117389815912,127,117,3.767110674024906,43.25490658628141,6,0.87042509213202,0.834966035916852,-0.02201085054484553,0.5200443368860472
E01345,Fatick,IEF036,IA09,0.4,1.508379536169013,1,1.1669515787289226,0.36933089157283816,urbain,320,142,0.49927995648620066,71,71,3.396656957360666,29.86409603526413,5,1.1531653430398425,0.9019272943443509,-1.4280485862617354,1.4010023369839555
E01346,Dakar,IEF008,IA02,0.05,-0.6770804424361538,1,-0.3621203918588307,0.05744458120262127,urbain,320,249,0.46013810301604813,115,134,3.53098318299712,34.15753421786027,7,-0.5324019022544273,0.7888155883007357,-0.9772367345296301,0.09688514964081221
E01347,Thiès,IEF017,IA04,0.15,1.0504362281327961,0,0.4161989798572152,0.16467367564041102,urbain,320,265,0.4911268343040337,130,135,3.8820210299679876,48.52218082369571,5,1.0026709173287254,0.9261577439183539,0.5310539780522028,0.8422312017970615
E01348,Diourbel,IEF024,IA05,0.3,-1.961883486465059,0,-2.89232139833262,0.3416813624299388,urbain,320,295,0.3938332128945043,116,179,3.89514957300198,49.1634063310399,6,-0.8131554649006085,0.5479736912676952,0.5983827821597065,-1.9946146203794686
E01349,Kaolack,IEF032,IA07,0.3,0.7594385270695994,0,0.3376374748206235,0.3061387636909474,rural,180,136,0.46526485091371994,63,73,3.9839716843272797,53.73000964918617,3,0.9954821896381569,0.8920918167144801,1.0778770267314692,0.5334802028403306
E01350,Tambacounda,IEF049,IA13,0.75,-0.5950300302811243,1,0.10831608168981055,0.7356442041984333,rural,180,111,0.37076228840274156,41,70,3.9626003871873805,52.593912819788734,2,-0.12452824576645556,0.6690676226742576,0.9585866366930738,-1.4191091608325457
E01351,Dakar,IEF001,IA01,0.05,1.1358119908378483,0,-0.3499273505312711,0.038399227288391,urbain,320,162,0.4808783705182903,78,84,3.790416273677766,44.27482688548109,4,1.105420433538682,0.8672431746010503,0.08508098102389192,0.574682427104886
E01352,Matam,IEF052,IA14,0.65,0.361886464303974,0,-0.6415822632825328,0.6837848674921432,rural,180,137,0.43844098524768493,60,77,3.7779503979838585,43.726328257961896,3,0.17030385471659984,0.7391644251025575,0.027488517495063775,-0.04516555657946464
E01353,Dakar,IEF006,IA02,0.05,-0.6770804424361538,1,2.6676333910661167,0.08332851927269808,urbain,320,425,0.4227151238753249,180,245,3.7322684204253154,41.77376122017218,10,-0.28781315511485506,0.774757537334232,-0.17753140465152506,0.7038879060311654
E01354,Thiès,IEF016,IA04,0.15,1.0504362281327961,0,0.01909654917514469,0.11528709953313017,urbain,320,218,0.4963504879393243,108,110,3.4925657177136777,32.870175198801164,7,0.7888598269525497,0.8870396075325968,-1.112409684166728,0.4769153871096169
E01355,Kédougou,IEF055,IA16,0.9,-0.4962851679537585,0,0.0755532240045896,0.8746405873263325,rural,180,189,0.3579541526031515,68,121,4.069234348520593,58.512145526170016,3,-1.3309034415496444,0.7399473182631456,1.5800022322780496,-1.4624901417722311
E01356,Matam,IEF051,IA14,0.65,0.361886464303974,0,0.10403354045954573,0.6303141759665901,rural,180,177,0.4285705971295409,76,101,3.801981558852778,44.7898503404476,4,0.40335365828746916,0.7523721091118287,0.13915854486540183,-0.09451445383368635
E01357,Ziguinchor,IEF043,IA11,0.55,0.5436260064330518,1,0.03781619554363153,0.5818953706884139,urbain,320,358,0.4264350501196688,153,205,3.4712863759540387,32.17810897822788,11,-0.1477419268948425,0.7968447081215208,-1.1850767731404481,0.37419895408036347
E01358,Matam,IEF051,IA14,0.65,0.361886464303974,0,0.10403354045954573,0.6288899151198466,rural,180,100,0.40560055573818654,41,59,3.969703289309455,52.96881209501763,2,-0.1503503835855288,0.7856293426314425,0.9979511341636693,-0.6734641069115028
E01359,Dakar,IEF010,IA03,0.05,0.46256507759004684,0,0.028674535806565937,0.09862451473906668,rural,180,108,0.487599254229007,53,55,3.8146812528211527,45.362294974753915,2,0.9555987685212373,0.8258484623382348,0.19926534380612682,1.047245718516709
E01360,Thiès,IEF015,IA04,0.15,1.0504362281327961,0,-1.0960478553026407,0.15317739459963836,urbain,320,229,0.4761040113560215,109,120,3.6179974374011485,37.26287182187176,6,1.510097499905067,0.914351266751378,-0.6511756767059765,0.7593399927448031
E01361,Ziguinchor,IEF044,IA11,0.55,0.5436260064330518,1,-0.6339810327435095,0.5088844855384119,rural,180,99,0.42114324417824117,42,57,3.665835550671648,39.088783181121954,3,0.18914050294642637,0.7064886760132739,-0.4594546256613962,0.11101999422485131
E01362,Fatick,IEF037,IA09,0.4,1.508379536169013,1,-0.8651748349735274,0.39115960663427485,rural,180,169,0.4700278175346734,79,90,3.405118591595537,30.117867238067735,6,1.3205756512804012,0.8919958855644404,-1.4014025601663973,0.9792232277292681
E01363,Kaffrine,IEF041,IA10,0.55,-1.7249192939776967,1,0.31771647692565824,0.5546202699544064,urbain,320,348,0.36227219362847546,126,222,3.957393950875846,52.3207975578704,7,-1.3855999096617033,0.6043075837574328,0.9299094805945426,-1.645126777647679
E01364,Dakar,IEF008,IA02,0.05,-0.6770804424361538,1,-0.3621203918588307,0,urbain,320,329,0.4885938047319031,161,168,3.3177987146264947,27.599529200549057,12,-0.08491685940572216,0.8273385628003539,-1.6658285483134319,0.06778736400511548
E01365,Dakar,IEF001,IA01,0.05,1.1358119908378483,0,-0.3499273505312711,0,urbain,320,232,0.5276652901851804,122,110,3.8506721746425803,47.02466139561331,5,0.7888250580968084,0.9090095120567903,0.3738141442250354,0.49172309937049374
E01366,Diourbel,IEF024,IA05,0.3,-1.961883486465059,0,-2.89232139833262,0.32043202425955375,urbain,320,385,0.39480686986225016,152,233,4.062741807355832,58.133483581979654,7,-2.2116057593091374,0.6130953232716008,1.5402426538281009,-3.123410011264259
E01367,Thiès,IEF014,IA04,0.15,1.0504362281327961,0,0.597248963746674,0.06673704034004366,rural,180,118,0.47932750941006036,57,61,3.4456855971478957,31.364779680442375,4,0.8601726484268637,0.9352321686054268,-1.2704765090185475,0.9402406282704668
E01368,Kaolack,IEF030,IA07,0.3,0.7594385270695994,0,-0.4906862327461932,0.26806120901837793,urbain,320,193,0.48811160193806574,94,99,3.8084690910800907,45.08137053886926,4,1.1341673162222068,0.9011986138751662,0.16976822290863186,0.48067807804547674
E01369,Thiès,IEF019,IA04,0.15,1.0504362281327961,0,0.4061865653228522,0.05283352092771296,rural,180,149,0.5487325027961698,82,67,3.66099428375584,38.90000128881301,4,0.9550908858445141,0.9336530542004176,-0.47927676140106246,0.9283380093350784
E01370,Ziguinchor,IEF043,IA11,0.55,0.5436260064330518,1,0.03781619554363153,0.5020262426114542,rural,180,217,0.482805108225729,105,112,3.364092225835691,28.907244135493613,8,0.4919313087611573,0.8240081530883955,-1.5285182235136443,0.997049709263945
E01371,Thiès,IEF015,IA04,0.15,1.0504362281327961,0,-1.0960478553026407,0.15527938252297172,urbain,320,231,0.48414143889704647,112,119,3.962714622433927,52.5999212415668,4,1.4325801976400787,0.9188386207789409,0.9592175221588843,0.4772278496320914
E01372,Matam,IEF052,IA14,0.65,0.361886464303974,0,-0.6415822632825328,0.6258107876680189,rural,180,224,0.4287861634520221,96,128,4.092660144557021,59.899020010210094,4,-0.5566625479478345,0.7715786666292114,1.725624325267417,-0.6285286384658366
E01373,Ziguinchor,IEF044,IA11,0.55,0.5436260064330518,1,-0.6339810327435095,0.499611744390028,rural,180,189,0.448338851997708,85,104,3.4796875010960626,32.449580033064144,6,0.5318262938102106,0.8148125192847967,-1.1565722591081995,0.4837187690428254
E01374,Louga,IEF034,IA08,0.45,-0.5589055756131087,0,-2.3207746068026323,0.46315611148357566,rural,180,316,0.4473418666461851,141,175,4.075053783907244,58.85364588225677,5,-0.6937230757507077,0.6756896010575284,1.6158598366843977,-1.508283418410808
E01375,Louga,IEF034,IA08,0.45,-0.5589055756131087,0,-2.3207746068026323,0.4967061887449271,urbain,320,433,0.3952257996273671,171,262,3.9957179093682518,54.36485565668799,8,-0.2806244538162389,0.7107541482518748,1.1445359821035888,-1.300702270442272
E01376,Ziguinchor,IEF043,IA11,0.55,0.5436260064330518,1,0.03781619554363153,0.4942233125137699,rural,180,125,0.4608146412169346,58,67,3.6130468372700975,37.078854118612114,3,0.4970938925945549,0.7844190365246053,-0.6704975716605253,0.7253276247153749
E01377,Dakar,IEF012,IA03,0.05,0.46256507759004684,0,-0.8514222791158281,0.1465809304346129,urbain,320,174,0.47712573592186425,83,91,3.677375199192932,39.542466639486705,4,0.1580382977863857,0.8446502894437553,-0.4118177735006492,-0.1570087824738971
E01378,Sédhiou,IEF053,IA15,0.7,-0.5128143979953421,1,-1.6637734035387284,0.7012242578986085,rural,180,214,0.41962818520032363,90,124,3.978063116531149,53.413478288861135,4,-1.0013022513764396,0.6582255287640131,1.0446411717801054,-1.3330879289126372
E01379,Sédhiou,IEF054,IA15,0.7,-0.5128143979953421,1,0.5471627551526171,0.7141051464091215,urbain,320,191,0.4037515419147909,77,114,3.6058578321760906,36.813249906398305,5,-1.0157074336276524,0.5997879598876772,-0.6983860660660862,-1.0002171149197672
E01380,Ziguinchor,IEF044,IA11,0.55,0.5436260064330518,1,-0.6339810327435095,0.5040029295811469,rural,180,216,0.44324850274222916,96,120,3.5811392694594693,35.914433766156726,6,0.6788672421473197,0.7597406094792586,-0.7927619371783138,0.29431242313438377
E01381,Sédhiou,IEF053,IA15,0.7,-0.5128143979953421,1,-1.6637734035387284,0.6800860564935641,rural,180,134,0.394284838516667,53,81,3.746574150120743,42.375660394948866,3,-0.6589596713009398,0.7101691718325837,-0.1143318731811481,-1.261676477088034
E01382,Kaffrine,IEF041,IA10,0.55,-1.7249192939776967,1,0.31771647692565824,0.5944155357694888,rural,180,134,0.33938541406833544,45,89,3.6656809616239263,39.082740950396776,3,-1.0606215818608948,0.5973058109757686,-0.4600890610732887,-1.2282189641929668
E01383,Tambacounda,IEF050,IA13,0.75,-0.5950300302811243,1,-0.9304449072754517,0.7187937567286424,rural,180,108,0.37404216461509543,40,68,3.695870367284175,40.28061626590825,3,-1.3726762995226367,0.49623807679351434,-0.3343119178692906,-2.042686044696705
E01384,Dakar,IEF005,IA02,0.05,-0.6770804424361538,1,0.5635836405531154,0.18002205167093188,rural,180,144,0.45231857247089746,65,79,3.6225401595318605,37.432531761569216,4,-0.4174802231388786,0.76463437217056,-0.6333613497430767,0.6128438684218356
E01385,Ziguinchor,IEF042,IA11,0.55,0.5436260064330518,1,0.09332094674687035,0.5382826718918078,urbain,320,315,0.4296624170024032,135,180,3.6580174473135028,38.784374533724694,8,-0.08696421924311384,0.8452592922549564,-0.4914175933763393,0.024262657353722683
E01386,Thiès,IEF013,IA04,0.15,1.0504362281327961,0,-1.1304494696840526,0.22469503863500173,urbain,320,564,0.4731464193656706,267,297,3.6288579530870635,37.66977139589555,15,-0.05619708994968172,0.8671102234175462,-0.6084511415820655,-0.38970311674781866
E01387,Ziguinchor,IEF042,IA11,0.55,0.5436260064330518,1,0.09332094674687035,0.6330696738191207,urbain,320,254,0.43077502863139894,109,145,3.6931425706172756,40.17088866045477,6,0.4564918332629675,0.7732149586105238,-0.3458333379752397,0.11608990838615774
E01388,Matam,IEF051,IA14,0.65,0.361886464303974,0,0.10403354045954573,0.5581310514434599,rural,180,323,0.42360566804384436,137,186,4.038114475648572,56.71929630341424,6,-0.2542023203254094,0.729348026575402,1.3917527120536135,-0.8733167277146608
E01389,Tambacounda,IEF049,IA13,0.75,-0.5950300302811243,1,0.10831608168981055,0.748570767343936,urbain,320,328,0.3863773544816265,127,201,3.6808890258760742,39.68165641504108,8,-0.46389652528879033,0.6138562643371389,-0.3972028197523451,-1.0192850788785834
E01390,Thiès,IEF014,IA04,0.15,1.0504362281327961,0,0.597248963746674,0.17053705209888656,urbain,320,168,0.48822561829639416,82,86,3.7439661459136286,42.265288482125676,4,1.2894175076419405,0.8889485801652268,-0.12592094568735804,0.7067813541046282
E01391,Louga,IEF033,IA08,0.45,-0.5589055756131087,0,-1.965905696172405,0.43883561544637306,urbain,320,567,0.4265032750361921,242,325,3.9895115373495176,54.02849201638053,10,-0.7937927225978832,0.7029417864645805,1.1092177338621136,-0.9588437073453879
E01392,Saint-Louis,IEF028,IA06,0.35,-0.09886818526410894,0,-1.6584009589402293,0.3940897831755785,urbain,320,332,0.4337402194983123,144,188,3.8933816253716307,49.07656479158359,7,-0.08377752746276926,0.730095246615402,0.589264403474703,-0.8467266149783452
E01393,Dakar,IEF008,IA02,0.05,-0.6770804424361538,1,-0.3621203918588307,0.11821150167199805,rural,180,189,0.461307499587222,87,102,3.672849493445154,39.36391341537207,5,0.07691244846760152,0.7642429957502977,-0.430565897072603,-0.09936974631586705
E01394,Saint-Louis,IEF027,IA06,0.35,-0.09886818526410894,0,0.949372149400778,0.3249096389746468,rural,180,264,0.4424176546237325,117,147,3.5436795194171022,34.59397449715245,8,0.10281393646293512,0.7701409770783559,-0.931410419555365,1.1274751034630195
E01395,Tambacounda,IEF049,IA13,0.75,-0.5950300302811243,1,0.10831608168981055,0.7368596492919013,urbain,320,248,0.3694014096462321,92,156,3.801132570676312,44.751840424350625,6,-1.3877612438086655,0.6970103588407272,0.13516749621601895,-1.0964364294102606
E01396,Diourbel,IEF023,IA05,0.3,-1.961883486465059,0,0.1117959092790192,0.2622546211048382,urbain,320,334,0.4087126973716517,137,197,3.70896696069812,40.81162473069444,8,-1.0620318101056088,0.5905066621578485,-0.2785559248597594,-1.1084267189950647
E01397,Kaolack,IEF032,IA07,0.3,0.7594385270695994,0,0.3376374748206235,0.20224072485554218,urbain,320,310,0.4608814959616298,143,167,3.7649389943341522,43.16107270956294,7,1.0711465148450707,0.8830052943308428,-0.03186342601457712,1.0670577409432238
E01398,Saint-Louis,IEF028,IA06,0.35,-0.09886818526410894,0,-1.6584009589402293,0.40696212092311307,rural,180,231,0.4618686716362283,107,124,3.712751597756016,40.96637456931722,6,-0.38211587321990714,0.7774659654757647,-0.26230716143571153,-0.6067783326147821
E01399,Diourbel,IEF024,IA05,0.3,-1.961883486465059,0,-2.89232139833262,0.3473536415052295,rural,180,137,0.39976216980574136,55,82,3.9733900180362993,53.16445415419835,3,-1.4710833255189026,0.7186538064191925,1.0184935887711353,-2.291421282787165
E01400,Ziguinchor,IEF043,IA11,0.55,0.5436260064330518,1,0.03781619554363153,0.5269502944263917,urbain,320,285,0.45729310200102535,130,155,3.4856306157982924,32.64300581572009,9,-0.07942529235728174,0.7985111636504455,-1.1362625139707652,0.30143725967641466
E01401,Kaffrine,IEF041,IA10,0.55,-1.7249192939776967,1,0.31771647692565824,0.5390774815890746,urbain,320,204,0.3483513618892,71,133,3.590459819663563,36.250740898225715,6,-1.7848974284893564,0.6244394914257343,-0.7574496223129676,-1.1356695871009328
E01402,Dakar,IEF006,IA02,0.05,-0.6770804424361538,1,2.6676333910661167,0,urbain,320,413,0.466992566398563,193,220,3.2671511737943333,26.23648957784742,16,-0.646326778539085,0.8219539255443118,-1.8089479761848255,1.373103795290887
E01403,Diourbel,IEF020,IA05,0.3,-1.961883486465059,0,0.3932217475238377,0.26635522404144885,rural,180,173,0.4099944036181551,71,102,3.958700954725289,52.38922574989858,3,-2.052230108677893,0.6184758665609875,0.9370944541860922,-1.6073332866924648
E01404,Ziguinchor,IEF043,IA11,0.55,0.5436260064330518,1,0.03781619554363153,0.6055165091158645,rural,180,149,0.4447177587290002,66,83,3.4523588255574937,31.574783943147853,5,-0.021494440636590263,0.8041878375325033,-1.2484260202224922,-0.017488738546681593
E01405,Saint-Louis,IEF028,IA06,0.35,-0.09886818526410894,0,-1.6584009589402293,0.37489144449075873,urbain,320,247,0.40480320519503055,100,147,3.8573877563276233,47.341522111595644,5,-0.21116289792589707,0.7595852696051935,0.40708458158504957,-0.817924902423395
E01406,Saint-Louis,IEF026,IA06,0.35,-0.09886818526410894,0,0.49988989751365537,0.33881187906774685,rural,180,157,0.4250324504252258,67,90,3.7885807208820226,44.193632644165724,4,0.45678529148181946,0.7171711930199032,0.0765555697519331,0.1515140269280686
E01407,Louga,IEF033,IA08,0.45,-0.5589055756131087,0,-1.965905696172405,0.368313678105944,rural,180,90,0.4067048603989517,37,53,3.886009532231677,48.7160981144547,2,-0.08834535770314655,0.6657192035390497,0.5514153316369125,-1.460052267126633
E01408,Fatick,IEF036,IA09,0.4,1.508379536169013,1,1.1669515787289226,0.4009382897580429,urbain,320,240,0.4781585758591937,115,125,3.422235167478517,30.637819202264385,8,2.0349149248378215,0.8891127757489038,-1.3468075018885346,1.484795350811914
E01409,Kaolack,IEF031,IA07,0.3,0.7594385270695994,0,0.014753903421311736,0.30707454419884933,urbain,320,261,0.47726061067079656,125,136,3.862955221836136,47.60582948143467,5,0.652597401947139,0.8138602933085484,0.43483690728676117,-0.351112753751557
E01410,Ziguinchor,IEF044,IA11,0.55,0.5436260064330518,1,-0.6339810327435095,0.5831498060148034,rural,180,335,0.4558307712051798,153,182,3.6974393390610656,40.34386502076606,8,0.34360040188226215,0.7824824960792462,-0.32767078619706097,-0.03182922181495214
E01411,Kolda,IEF045,IA12,0.7,0.8036427494500231,0,-1.432219330403182,0.6682107305657168,urbain,320,548,0.3982826660245091,218,330,3.8921244214993505,49.01490431230757,11,-0.13364434523762825,0.7675666319787471,0.5827900410502499,-1.1211365328877145
E01412,Fatick,IEF036,IA09,0.4,1.508379536169013,1,1.1669515787289226,0.42024144192199037,rural,180,238,0.5056275895414295,120,118,3.4769343707191744,32.36036497525286,7,1.4076066185117464,0.893330093113435,-1.1659398576862636,1.471059658084754
E01413,Saint-Louis,IEF025,IA06,0.35,-0.09886818526410894,0,0.09534935373040888,0.3240474724835874,urbain,320,347,0.4551118608839244,158,189,3.795556348937628,44.5029887099212,8,0.051782615006409155,0.7899402775626172,0.10903801736538747,-0.012426881621185538
E01414,Ziguinchor,IEF042,IA11,0.55,0.5436260064330518,1,0.09332094674687035,0.5634905033123634,urbain,320,811,0.44920186180054794,364,447,3.531328958637929,34.169347103329216,24,0.3724201926518145,0.8094161309905927,-0.975996379237188,0.449181419816327
E01415,Thiès,IEF019,IA04,0.15,1.0504362281327961,0,0.4061865653228522,0.1945924093834041,urbain,320,379,0.5077435923555721,192,187,3.7288528714007056,41.631324279431475,9,1.3174114285418888,0.8988039828347856,-0.19248731138162903,1.3578243426373422
E01416,Matam,IEF051,IA14,0.65,0.361886464303974,0,0.10403354045954573,0.6519067217755175,urbain,320,385,0.3793625979966297,146,239,4.000619056788143,54.63195985256164,7,0.7392159395446685,0.7515349340276319,1.172581975087795,-0.5549524592875672
E01417,Kaolack,IEF029,IA07,0.3,0.7594385270695994,0,-1.481619640758723,0.38826215139497194,urbain,320,395,0.45934241011962473,181,214,3.772931620296224,43.50742530943503,9,-0.01406106018474617,0.8892065223289689,0.004503664941452982,-0.049820479928394584
E01418,Ziguinchor,IEF043,IA11,0.55,0.5436260064330518,1,0.03781619554363153,0.5148871358301994,rural,180,199,0.43362599284869174,86,113,3.613486787070298,37.09517054201368,5,-0.009983654321484679,0.8515381596752781,-0.6687843440013678,0.4419774352768139
E01419,Kolda,IEF046,IA12,0.7,0.8036427494500231,0,-0.3584819723018034,0.7413356233508781,rural,180,125,0.4512422857975007,56,69,3.7631571178138525,43.084233486845136,3,0.0013210404004452877,0.8067643639443547,-0.03993155947914737,0.4357965534048245
E01420,Dakar,IEF005,IA02,0.05,-0.6770804424361538,1,0.5635836405531154,0.058356050688211564,urbain,320,276,0.46881955203134595,129,147,3.527089250876255,34.02478572274985,8,-0.4785656539189468,0.8069030038215993,-0.9911753525672589,0.02137010420226093
E01421,Dakar,IEF011,IA03,0.05,0.46256507759004684,0,0.1990233856571336,0.046393096750576505,urbain,320,227,0.48023546794932576,109,118,3.4197872834659324,30.56291309259682,7,0.259267543463273,0.9055604151185308,-1.3546726581034692,1.1416318761675393
E01422,Saint-Louis,IEF028,IA06,0.35,-0.09886818526410894,0,-1.6584009589402293,0.25898899062119296,urbain,320,415,0.42323301477817055,176,239,3.8243894628495667,45.80482627948002,9,-0.7490261236091272,0.7989037454694129,0.24573121764627773,-1.199210406974961
E01423,Ziguinchor,IEF043,IA11,0.55,0.5436260064330518,1,0.03781619554363153,0.5716408109098322,rural,180,175,0.43571036155716764,76,99,3.6489521760002184,38.43437248453097,5,-0.5194853558266914,0.8426933985130332,-0.528167877227322,0.13418510280860643
E01424,Thiès,IEF018,IA04,0.15,1.0504362281327961,0,1.839675695915115,0.15801027602375156,urbain,320,199,0.49157099531058474,98,101,3.700262224997862,40.45791204510604,5,1.7587272395738045,0.8863139223998283,-0.315695826260371,1.4986146870746688
E01425,Fatick,IEF036,IA09,0.4,1.508379536169013,1,1.1669515787289226,0.3438400833512603,rural,180,187,0.5119918299701665,96,91,3.3031634518358013,27.19854425507786,7,0.5701354696207781,0.867216272336737,-1.707932046278613,1.4924842542773489
E01426,Dakar,IEF010,IA03,0.05,0.46256507759004684,0,0.028674535806565937,0.054010912614712,urbain,320,391,0.47278553732003537,185,206,3.602593472612907,36.69327415055634,11,0.2106981686086552,0.861881631995857,-0.7109835439739596,0.4753092392379756
E01427,Sédhiou,IEF053,IA15,0.7,-0.5128143979953421,1,-1.6637734035387284,0.64287215507988,rural,180,113,0.373556083415124,42,71,3.8390208925138696,46.47994329305013,2,-0.28903885305285404,0.5952768079136777,0.31661863655849226,-0.7630399607858438
E01428,Kaolack,IEF030,IA07,0.3,0.7594385270695994,0,-0.4906862327461932,0.3676084322856277,urbain,320,329,0.46081689259313857,152,177,3.6922335398171287,40.134388677710845,8,2.3857400065922216,0.8264780593059237,-0.3496658433262378,1.057649380282983
E01429,Dakar,IEF007,IA02,0.05,-0.6770804424361538,1,0.35653495020654297,0.040921694568357356,urbain,320,285,0.4889204692989604,139,146,3.652992652095583,38.58997979991758,7,-0.2977919699648613,0.7381929927916119,-0.5118290785747973,0.2592369176051327
E01430,Dakar,IEF010,IA03,0.05,0.46256507759004684,0,0.028674535806565937,0.1730717986854836,urbain,320,299,0.4589303106353752,137,162,3.6096091436776976,36.95160722262869,8,-0.019514932253539737,0.8751074909184763,-0.6838585207101664,0.2297857434542411
E01431,Matam,IEF052,IA14,0.65,0.361886464303974,0,-0.6415822632825328,0.6411588932971214,rural,180,165,0.4169400379670976,69,96,4.0627418817342145,58.133487905854295,3,-0.10290984548452875,0.8127405599766085,1.5402431078357868,-0.7034382709856276
E01432,Kaolack,IEF029,IA07,0.3,0.7594385270695994,0,-1.481619640758723,0.4036550906859131,urbain,320,369,0.45860521642469126,169,200,3.9755955294707688,53.281838364269056,7,0.7796398336617801,0.8582066529717991,1.0308189538644523,-0.27850117969732135
E01433,Dakar,IEF008,IA02,0.05,-0.6770804424361538,1,-0.3621203918588307,0.031150597396749725,urbain,320,306,0.48318897527403976,148,158,3.353991400124229,28.61672680319123,11,-0.8805761093330001,0.7704028395952532,-1.5590226004175443,-0.5994879319993346
E01434,Dakar,IEF003,IA01,0.05,1.1358119908378483,0,-1.5898776485547115,0.0522716032137634,urbain,320,292,0.5084477063609572,148,144,3.5122650008878176,33.52411400362326,9,0.8537755733782947,0.8893347285315238,-1.0437459813291414,0.46029411156030997
E01435,Ziguinchor,IEF042,IA11,0.55,0.5436260064330518,1,0.09332094674687035,0.5818475542242063,urbain,320,367,0.43647156895152117,160,207,3.567948308407171,35.44379875741195,10,1.0999910796664087,0.7900309272294013,-0.842178705455596,1.0685524889798783
E01436,Dakar,IEF010,IA03,0.05,0.46256507759004684,0,0.028674535806565937,0,urbain,320,712,0.46335982510339957,330,382,3.4215920866267644,30.618122941218903,23,1.2737436855448185,0.8855954520717539,-1.3488756131635742,1.3191883467398173
E01437,Diourbel,IEF022,IA05,0.3,-1.961883486465059,0,-0.4134188533806319,0.22547153486138805,urbain,320,573,0.38255277995050435,219,354,3.993403935364186,54.23920222941309,11,-0.6226065886911152,0.6658455475743347,1.1313423475810502,-1.3227461181931943
E01438,Kolda,IEF045,IA12,0.7,0.8036427494500231,0,-1.432219330403182,0.7058007864389266,urbain,320,277,0.427676437623088,118,159,3.70929356387947,40.82495611408516,7,0.5784946546272466,0.8610304321529393,-0.27715612698753583,-0.1898139043831679
E01439,Kédougou,IEF055,IA16,0.9,-0.4962851679537585,0,0.0755532240045896,0.9039886624594844,urbain,320,189,0.33518517007179094,63,126,4.0240773035507935,55.92867977212065,3,-0.7070194482874199,0.5507149648240814,1.3087378211143994,-1.2701366539960943
E01440,Saint-Louis,IEF028,IA06,0.35,-0.09886818526410894,0,-1.6584009589402293,0.27677541325591115,rural,180,140,0.4522923404016476,63,77,4.009622975806282,55.126082778048826,3,-0.18348168531446715,0.7316580482720554,1.2244649792323816,-1.0053287316030761
E01441,Matam,IEF051,IA14,0.65,0.361886464303974,0,0.10403354045954573,0.6687539301492043,rural,180,115,0.4411853502175835,51,64,3.918459121155809,50.32284360132899,2,-0.3775742462762874,0.6152399592335448,0.7201239230721361,-0.9947669326389154
E01442,Kaolack,IEF030,IA07,0.3,0.7594385270695994,0,-0.4906862327461932,0.30089168689057194,rural,180,238,0.4509138513759351,107,131,3.635470850747163,37.91970321498559,6,0.5314643039716233,0.8162874609392405,-0.5822082515301066,0.6442669510514143
E01443,Kaolack,IEF029,IA07,0.3,0.7594385270695994,0,-1.481619640758723,0.2125374131423711,urbain,320,432,0.45776300499486267,198,234,4.045228480692184,57.12423632827477,8,0.3050161811277327,0.874066765010284,1.4342714941308334,-0.8093649404695089
E01444,Kaolack,IEF030,IA07,0.3,0.7594385270695994,0,-0.4906862327461932,0.32762380266016927,urbain,320,373,0.45406589278394577,169,204,3.794587316622534,44.459884763674395,8,0.5652937942736497,0.8317460287626075,0.10451209455060222,0.15976852846285386
E01445,Dakar,IEF008,IA02,0.05,-0.6770804424361538,1,-0.3621203918588307,0.12800824885842296,rural,180,175,0.4777697815043486,84,91,3.3258388718330507,27.822328223514038,6,-0.5900628182185595,0.7964639353781424,-1.6424346071792395,0.18462344925195595
E01446,Tambacounda,IEF049,IA13,0.75,-0.5950300302811243,1,0.10831608168981055,0.8210868942776307,rural,180,274,0.3887760519361086,107,167,3.678565842943699,39.5895756697519,7,-0.449104904397057,0.6427146080408795,-0.40687131607796057,-0.8709417556176482
E01447,Tambacounda,IEF048,IA13,0.75,-0.5950300302811243,1,-1.2870708589133515,0.7841444690542226,urbain,320,225,0.40215124749189873,90,135,3.899214658990734,49.36366656704168,5,-0.48198420709775536,0.6144580638828784,0.6194101462396714,-1.2257166238923132
E01448,Thiès,IEF017,IA04,0.15,1.0504362281327961,0,0.4161989798572152,0.14518134788776585,urbain,320,201,0.5032622625375296,101,100,3.5206244702905303,33.80553242442016,6,0.6128188338853954,0.8471569274085627,-1.01419699191892,0.9651900671181394
E01449,Thiès,IEF019,IA04,0.15,1.0504362281327961,0,0.4061865653228522,0.11660116934063634,urbain,320,288,0.4655356322612051,134,154,3.7111105520937526,40.89920200972516,7,0.33681109689655053,0.8945115864499911,-0.2693602933750587,1.216544058812751
E01450,Tambacounda,IEF048,IA13,0.75,-0.5950300302811243,1,-1.2870708589133515,0.7999085383596594,rural,180,150,0.3901784507168332,59,91,3.8498262467716584,46.98489874445667,3,0.3790990311666914,0.5216896903787354,0.3696390580504252,-1.0302221161810243
E01451,Kaolack,IEF031,IA07,0.3,0.7594385270695994,0,0.014753903421311736,0.31307202407858126,rural,180,185,0.4619710992485048,85,100,4.057431322468506,57.825584865304535,3,-0.043059928831274394,0.8510210228708979,1.507913228154079,-0.35229106391176696
E01452,Thiès,IEF014,IA04,0.15,1.0504362281327961,0,0.597248963746674,0.043890185308617866,urbain,320,340,0.4887089139036055,166,174,3.5578781920389204,35.08866669108423,10,0.9666148046786849,0.9166616263777523,-0.8794676421123807,1.3907462146335514
E01453,Dakar,IEF012,IA03,0.05,0.46256507759004684,0,-0.8514222791158281,0.043572765996400906,rural,180,207,0.4653722423069632,96,111,3.7498425816943,42.514388930197484,5,1.457665116005904,0.8567843879692144,-0.09976534975546432,0.40888064237220734
E01454,Dakar,IEF003,IA01,0.05,1.1358119908378483,0,-1.5898776485547115,0.08902482977921179,urbain,320,268,0.48332069847065007,130,138,3.636280702492824,37.950424991192136,7,1.7194465802691634,0.9061044839689336,-0.5789824589994689,1.7281641958156166
E01455,Saint-Louis,IEF025,IA06,0.35,-0.09886818526410894,0,0.09534935373040888,0.39137782379546093,urbain,320,482,0.4240528855127342,204,278,3.7892302821569435,44.22234844185486,11,-0.3058453432106318,0.7873017231848803,0.07957073414458239,-0.510117712401694
E01456,Dakar,IEF005,IA02,0.05,-0.6770804424361538,1,0.5635836405531154,0.0011002660741798592,urbain,320,310,0.4358445828524876,135,175,3.3758650983794447,29.249576600585616,11,0.17692702586537828,0.8050619408984713,-1.492573247498449,1.0787569061796312
E01457,Tambacounda,IEF049,IA13,0.75,-0.5950300302811243,1,0.10831608168981055,0.7689390974537436,rural,180,171,0.37043127020719524,63,108,3.8595948443377344,47.44612440820401,4,-0.7687040648064997,0.7300577490613489,0.4180678432564527,-0.7922092974478441
E01458,Ziguinchor,IEF044,IA11,0.55,0.5436260064330518,1,-0.6339810327435095,0.5108496514622769,urbain,320,394,0.46054272305300664,181,213,3.6123770358711296,37.05402696581037,11,0.14471015791443254,0.7692097756323305,-0.6731044275768765,-0.18041956650179014
E01459,Matam,IEF052,IA14,0.65,0.361886464303974,0,-0.6415822632825328,0.6110314000888064,rural,180,166,0.4093482431068685,68,98,3.965122427732715,52.72672420781313,3,-0.6182107573227763,0.7923330552831217,0.9725318584990121,-0.49854097108732837
E01460,Thiès,IEF015,IA04,0.15,1.0504362281327961,0,-1.0960478553026407,0.12498041572442731,urbain,320,217,0.4535379884853074,98,119,3.836548295105413,46.36515907178259,5,1.0600784240591745,0.9182785296906183,0.3045662707997392,0.07716899593164855
E01461,Thiès,IEF019,IA04,0.15,1.0504362281327961,0,0.4061865653228522,0.19395870963867576,rural,180,164,0.5070121886939538,83,81,3.5448410626219102,34.63418023898962,5,1.1421516790067907,0.8987433469905886,-0.927188808772345,1.1386058015742493
E01462,Kaffrine,IEF041,IA10,0.55,-1.7249192939776967,1,0.31771647692565824,0.492868473966297,rural,180,202,0.3678875552886719,74,128,3.7542924560260573,42.70399416509191,5,-1.7416600415355397,0.5501051538444781,-0.07985676288274658,-1.276994297660605
E01463,Kaolack,IEF030,IA07,0.3,0.7594385270695994,0,-0.4906862327461932,0.27451783600618196,urbain,320,280,0.4628431026716902,130,150,3.8069032385681307,45.010835000105786,6,1.0628237664683677,0.8433531683909625,0.16236197749632336,0.36962705437732474
E01464,Louga,IEF035,IA08,0.45,-0.5589055756131087,0,0.9958108211774965,0.4829326207258688,rural,180,222,0.38499938954650725,85,137,3.8530453352531975,47.13639099346791,5,-0.9735282316170036,0.6497671285819725,0.38554577392598083,-1.0818526641795745
E01465,Thiès,IEF017,IA04,0.15,1.0504362281327961,0,0.4161989798572152,0.2683474432240619,urbain,320,153,0.47195745769147823,72,81,3.874533584313826,48.16023036491759,3,0.7306657870788518,0.8911431208911169,0.4930491088500601,0.5086602256098045
E01466,Thiès,IEF014,IA04,0.15,1.0504362281327961,0,0.597248963746674,0.06065176551661408,urbain,320,332,0.4748613111830854,158,174,3.5271372177088027,34.02641782309212,10,0.418247661554955,0.896166645090496,-0.9910039817110313,0.9573612696661957
E01467,Saint-Louis,IEF027,IA06,0.35,-0.09886818526410894,0,0.949372149400778,0.39711361472554085,urbain,320,350,0.4256957965207164,149,201,3.818723811007129,45.54604585320547,8,-0.31739461441770583,0.7398862232886039,0.21855922210346307,-7.257560379747424e-4
E01468,Kaolack,IEF031,IA07,0.3,0.7594385270695994,0,0.014753903421311736,0.35905252956530953,urbain,320,233,0.48503281704180684,113,120,3.629926361367637,37.710039599192655,6,0.6712934475591966,0.863969392035247,-0.6042229723334949,0.24700724816761765
E01469,Thiès,IEF014,IA04,0.15,1.0504362281327961,0,0.597248963746674,0.13070694709028338,urbain,320,255,0.4865885831305307,124,131,3.676836379383559,39.5211661142377,6,1.0383677764760655,0.8908780195868402,-0.41405433283188503,1.4612261280318866
E01470,Tambacounda,IEF048,IA13,0.75,-0.5950300302811243,1,-1.2870708589133515,0.7747870101295508,rural,180,126,0.31494086717376,40,86,3.933675137136485,51.09441200581811,2,-1.0370067795009597,0.5734444410338828,0.8011387569588089,-1.8726910685518638
E01471,Louga,IEF035,IA08,0.45,-0.5589055756131087,0,0.9958108211774965,0.4471291603898131,urbain,320,354,0.41371444463634927,146,208,3.8505390956224193,47.01840381613688,8,0.0595259128822214,0.71272218281898,0.3731570971520011,-0.02563735069911222
E01472,Dakar,IEF008,IA02,0.05,-0.6770804424361538,1,-0.3621203918588307,0.0815863262540495,urbain,320,384,0.41560627656693316,160,224,3.6522307336360207,38.56058858023214,10,-0.5669195532091583,0.7357046514327609,-0.5149151624096051,-0.12016286658000197
E01473,Kolda,IEF047,IA12,0.7,0.8036427494500231,0,0.8692594740041972,0.6201830625290949,urbain,320,259,0.4772099045379454,124,135,3.9531379895648895,52.098595444903026,5,0.24167298724146774,0.814686270089843,0.906578215127239,0.2264798230042434
E01474,Kaffrine,IEF041,IA10,0.55,-1.7249192939776967,1,0.31771647692565824,0.5003506096246573,rural,180,402,0.3429352248929333,138,264,3.7777786995211797,43.71882115911853,9,-1.8926893369473154,0.5395440942494263,0.02670027064329033,-1.658195675602714
E01475,Dakar,IEF008,IA02,0.05,-0.6770804424361538,1,-0.3621203918588307,0.016833246685376543,urbain,320,329,0.4660092458316172,153,176,3.4348971852650787,31.028222243079803,11,-0.3134406812747285,0.8198050868053607,-1.3058151059888408,0.11728770109782889
E01476,Kaolack,IEF029,IA07,0.3,0.7594385270695994,0,-1.481619640758723,0.396399930496783,urbain,320,250,0.49099621217837935,123,127,3.8829855492230214,48.56900397868373,5,0.6612697125385404,0.8567153093943944,0.5359704185146865,-0.275663253852366
E01477,Kaffrine,IEF039,IA10,0.55,-1.7249192939776967,1,-1.332630847294145,0.6059752969437122,urbain,320,370,0.32465203554429656,120,250,3.6918789879837055,40.120161478910596,9,-2.153323175090497,0.5214668986294978,-0.3511597019922598,-2.011364674625867
E01478,Dakar,IEF010,IA03,0.05,0.46256507759004684,0,0.028674535806565937,0.0641655648251713,urbain,320,473,0.45894853139273023,217,256,3.480040010378731,32.46102082761916,15,0.5275810668928498,0.8767153838343612,-1.155370973434741,0.7815722465035222
E01479,Diourbel,IEF020,IA05,0.3,-1.961883486465059,0,0.3932217475238377,0.3195878021815771,rural,180,160,0.38334378671859304,61,99,3.9538829560747395,52.137421614021925,3,-2.0123344858109573,0.5008969291158002,0.9106549705041083,-1.515098758024078
E01480,Thiès,IEF014,IA04,0.15,1.0504362281327961,0,0.597248963746674,0.062483088077534416,urbain,320,311,0.5119449654009471,159,152,3.531902764833298,34.18895931265432,9,1.2861702941953892,0.9155796584703308,-0.9739370934092827,1.274934898212301
E01481,Dakar,IEF003,IA01,0.05,1.1358119908378483,0,-1.5898776485547115,0.11963597263872988,rural,180,133,0.5072702647194446,67,66,3.619024326199714,37.30115630113523,4,1.2526685218462372,0.9012113279603171,-0.6471557988702307,0.6843443502618153
E01482,Thiès,IEF017,IA04,0.15,1.0504362281327961,0,0.4161989798572152,0.2595930894975826,urbain,320,307,0.4965252106059244,152,155,3.6699532432910886,39.250070613273365,8,0.3350063005699673,0.8799309296134283,-0.44251941363388125,0.6235829523452832
E01483,Dakar,IEF012,IA03,0.05,0.46256507759004684,0,-0.8514222791158281,0.023155094090614475,urbain,320,226,0.4521373401661969,102,124,3.6472309724290186,38.36827600442037,6,0.5159478737793263,0.8815106215038694,-0.5351080206099417,0.40120237222663546
E01484,Dakar,IEF001,IA01,0.05,1.1358119908378483,0,-0.3499273505312711,0.10769289424842317,urbain,320,851,0.5016343973534587,427,424,3.708445941253379,40.79036661906394,21,0.5306338304597189,0.8970668613229908,-0.2807880307527292,0.6182568545675622
E01485,Ziguinchor,IEF043,IA11,0.55,0.5436260064330518,1,0.03781619554363153,0.5408438844203297,urbain,320,267,0.4604377436005084,123,144,3.5107344740322928,33.4728436921358,8,0.39937749619793544,0.8743071302265804,-1.0491293740967924,0.6301610972281714
E01486,Tambacounda,IEF050,IA13,0.75,-0.5950300302811243,1,-0.9304449072754517,0.7207857244628303,rural,180,115,0.3927550074003765,45,70,3.6829464694426717,39.763383229068374,3,-0.5318808297585159,0.5142447371490427,-0.38862148824112014,-0.7275085194794422
E01487,Thiès,IEF014,IA04,0.15,1.0504362281327961,0,0.597248963746674,0.10435350339359131,urbain,320,285,0.4920687901367957,140,145,3.7200874956677668,41.26800472228254,7,1.5105644165310192,0.8977822515062837,-0.23063593618138337,1.6714110655511123
E01488,Kolda,IEF045,IA12,0.7,0.8036427494500231,0,-1.432219330403182,0.5927835225528331,rural,180,218,0.45787173842381806,100,118,4.0309317549167805,56.313357057331345,4,0.18245327473458756,0.8110510986971371,1.3491290115519545,-0.7233375824012638
E01489,Kaffrine,IEF041,IA10,0.55,-1.7249192939776967,1,0.31771647692565824,0.5726308433233025,urbain,320,179,0.3587738707407828,64,115,3.9089951205138633,49.84883472530462,4,-1.9636622092844276,0.6495129789527656,0.670352898068397,-2.010960126686247
E01490,Kolda,IEF046,IA12,0.7,0.8036427494500231,0,-0.3584819723018034,0.6786869185851926,urbain,320,421,0.44576385457382756,188,233,3.8174028480864077,45.4859209355842,9,0.2833808941278389,0.769601237776089,0.21224609395410265,0.17039540278866527
E01491,Sédhiou,IEF053,IA15,0.7,-0.5128143979953421,1,-1.6637734035387284,0.7472387637783381,rural,180,183,0.38868821696121175,71,112,3.7982846010159594,44.624569857956565,4,-0.42186263536868707,0.5332071542591339,0.12180406176861608,-2.0678291221764553
E01492,Kolda,IEF047,IA12,0.7,0.8036427494500231,0,0.8692594740041972,0.7715943566216588,urbain,320,279,0.4320212442910188,121,158,4.0584055006047075,57.88194473361186,5,-0.09600859339871738,0.7591824264845385,1.5138310253866083,-0.4106450515082822
E01493,Thiès,IEF016,IA04,0.15,1.0504362281327961,0,0.01909654917514469,0.15879510580747588,urbain,320,293,0.4926035693842621,144,149,3.699201633904932,40.41502549052145,7,0.23574317945605344,0.8892060786302398,-0.3201989229079624,0.23995259393428492
E01494,Kaolack,IEF032,IA07,0.3,0.7594385270695994,0,0.3376374748206235,0.29003652973316485,rural,180,100,0.48317222738284443,48,52,3.6286871056536265,37.66333616187167,3,1.5288052348986283,0.8169847903114555,-0.6091268424174463,1.3197022472906053
E01495,Matam,IEF051,IA14,0.65,0.361886464303974,0,0.10403354045954573,0.693652823214097,rural,180,225,0.4127009798443916,93,132,4.012425089270444,55.280768939701595,4,0.8822527707158265,0.7363176118812874,1.2407070565620826,0.14984155376379296
E01496,Ziguinchor,IEF044,IA11,0.55,0.5436260064330518,1,-0.6339810327435095,0.5500918177702355,rural,180,214,0.42797681031167667,92,122,3.589088921270688,36.201078864366764,6,0.33903727239223136,0.7737317752594551,-0.7626641456140109,-0.16685493195599957
E01497,Dakar,IEF005,IA02,0.05,-0.6770804424361538,1,0.5635836405531154,0.09117926038642868,urbain,320,408,0.42465821631596845,173,235,3.385000805251966,29.518016485582724,14,0.12317631307806441,0.7549047635900304,-1.4643870068941591,0.5151276662798027
E01498,Fatick,IEF037,IA09,0.4,1.508379536169013,1,-0.8651748349735274,0.32883746813269676,urbain,320,347,0.5061011336192226,176,171,3.327398244145451,27.865747436373148,12,1.024781120907389,0.9099581487138543,-1.637875581308293,0.97274745292099
E01499,Saint-Louis,IEF025,IA06,0.35,-0.09886818526410894,0,0.09534935373040888,0.4334172157242969,rural,180,191,0.41140928991381276,79,112,3.711442143483117,40.912766081683905,5,-1.020688066210521,0.7881923220253759,-0.2679360631575287,-0.5104599324019694
E01500,Tambacounda,IEF048,IA13,0.75,-0.5950300302811243,1,-1.2870708589133515,0.6534945514785453,rural,180,114,0.4057029287115804,46,68,3.7771595133469997,43.69175944848849,3,-0.5517939589440504,0.5672460134947171,0.0238587857164506,-1.9112806387097923
E01501,Diourbel,IEF023,IA05,0.3,-1.961883486465059,0,0.1117959092790192,0.2871446166121612,urbain,320,274,0.4121261603039176,113,161,3.9902820953452034,54.070140146987875,5,-1.6347011937259555,0.6188830540596496,1.1135907957490612,-1.6211292542216
E01502,Dakar,IEF002,IA01,0.05,1.1358119908378483,0,-0.5868971362215678,0.08566427484569,urbain,320,214,0.4858480483253389,104,110,3.701245240350716,40.49770234782585,5,1.9526727645516762,0.857056277350151,-0.31151783666620125,0.692124226282455
E01503,Kaffrine,IEF039,IA10,0.55,-1.7249192939776967,1,-1.332630847294145,0.5210836497059482,rural,180,97,0.3593961606790564,35,62,3.8314095057654725,46.127509425305554,2,-1.4761072675767406,0.6318737285485816,0.2796130112824421,-1.8407578055817109
E01504,Dakar,IEF008,IA02,0.05,-0.6770804424361538,1,-0.3621203918588307,0.07229259885040012,urbain,320,361,0.4684792243294266,169,192,3.526763117901445,34.01369092745245,11,-0.8231336259898443,0.7736642523608058,-0.9923403082507674,0.1594136823384032
E01505,Ziguinchor,IEF044,IA11,0.55,0.5436260064330518,1,-0.6339810327435095,0.617551924034801,rural,180,201,0.4813473413354252,97,104,3.8798857688528026,48.41868383363127,4,-0.042025178413020385,0.7950427612975997,0.5201867737848206,-0.2353344542127144
E01506,Ziguinchor,IEF044,IA11,0.55,0.5436260064330518,1,-0.6339810327435095,0.4789591535091581,urbain,320,338,0.46590216482960073,157,181,3.5543972269306603,34.966736606941545,10,0.5488847661868996,0.8222851285288333,-0.8922703248753538,0.3576956511666846
E01507,Dakar,IEF005,IA02,0.05,-0.6770804424361538,1,0.5635836405531154,0,urbain,320,404,0.4531002625305087,183,221,3.5590016471702492,35.12810938563005,12,-0.5614335687081318,0.8152304601938036,-0.8753261514446957,-0.13104586927550993
E01508,Thiès,IEF016,IA04,0.15,1.0504362281327961,0,0.01909654917514469,0.1566848996656968,rural,180,167,0.5026293444006462,84,83,3.6750584930028696,39.450964395086025,4,1.1688094650384306,0.8392431627681795,-0.421425527119445,1.326292808917469
E01509,Saint-Louis,IEF028,IA06,0.35,-0.09886818526410894,0,-1.6584009589402293,0.3493026718119098,rural,180,211,0.4479088517190702,95,116,3.811354024474967,45.211615073293366,5,0.5237388318083686,0.8416137055615908,0.18344392458281178,-0.660928773464406
E01510,Kaolack,IEF032,IA07,0.3,0.7594385270695994,0,0.3376374748206235,0.30366452953099243,urbain,320,588,0.5347970628424801,314,274,3.783621786467068,43.97502180472095,13,0.6878904325873451,0.8160148611657174,0.05360138870926693,0.3609594204497366
E01511,Dakar,IEF006,IA02,0.05,-0.6770804424361538,1,2.6676333910661167,0.03636062861673986,urbain,320,526,0.4540396429848322,239,287,3.529393555099781,34.10327958232909,15,-0.6453920804134856,0.7674730812152432,-0.9829334819075257,1.031106025247977
E01512,Diourbel,IEF022,IA05,0.3,-1.961883486465059,0,-0.4134188533806319,0.26241719443740164,urbain,320,229,0.4358598664598051,100,129,4.0531874209829954,57.580698783544584,4,-1.892334651012915,0.5749123616296613,1.4822001415119723,-1.5933419425840036
E01513,Dakar,IEF010,IA03,0.05,0.46256507759004684,0,0.028674535806565937,0.012884158877808395,urbain,320,244,0.501712514725273,122,122,3.585954332119,36.08778101914611,7,0.09518036414580283,0.857610663728732,-0.7745604415961502,0.784450947526826
E01514,Sédhiou,IEF054,IA15,0.7,-0.5128143979953421,1,0.5471627551526171,0.7315757619317195,urbain,320,322,0.38146544938497595,123,199,3.94012806311741,51.42518654855702,6,-0.785597932555799,0.6084792013933734,0.8358701488587624,-1.192267228628104
E01515,Tambacounda,IEF050,IA13,0.75,-0.5950300302811243,1,-0.9304449072754517,0.7670537102842132,rural,180,155,0.33868704632395796,52,103,3.7336687380453424,41.832298730051384,4,-0.860170137119904,0.6439771550635879,-0.1713849546266007,-1.4719966528209756
E01516,Matam,IEF051,IA14,0.65,0.361886464303974,0,0.10403354045954573,0.7156106834234456,urbain,320,600,0.42170616946157374,253,347,3.925491989606411,50.67800497816612,12,-0.8501473961436993,0.7393521362242982,0.757415937338161,-0.8546573427188229
E01517,Fatick,IEF037,IA09,0.4,1.508379536169013,1,-0.8651748349735274,0.34250838843086884,rural,180,160,0.5322995423696498,85,75,3.2971145688137904,27.034520024325253,6,1.1044617484771415,0.8673114577788578,-1.7251546226963324,0.9140339706373642
E01518,Thiès,IEF016,IA04,0.15,1.0504362281327961,0,0.01909654917514469,0.04492460433272824,rural,180,352,0.445481308055022,157,195,3.6407417614574498,38.12010226357278,9,1.9150173874829266,0.9043365168269151,-0.5611663121014323,1.1825023518882598
E01519,Kaolack,IEF032,IA07,0.3,0.7594385270695994,0,0.3376374748206235,0.39489482698451506,rural,180,127,0.45318869576081144,58,69,3.9061111948165004,49.70528148778669,3,0.7219567370697217,0.779990731286848,0.655279779957619,0.22881265035040066
E01520,Kolda,IEF045,IA12,0.7,0.8036427494500231,0,-1.432219330403182,0.6732233740082458,rural,180,213,0.4562622010889355,97,116,3.9375239900971084,51.291445818592095,4,0.9339322415041171,0.7721769624286078,0.8218273459666907,-0.3888100085480015
E01521,Kaffrine,IEF039,IA10,0.55,-1.7249192939776967,1,-1.332630847294145,0.5615182466069242,rural,180,126,0.31823133810398974,40,86,3.649991453717365,38.474337235066855,3,-2.026922711031616,0.5698256823045733,-0.5239715705782296,-2.082383728976406
E01522,Dakar,IEF010,IA03,0.05,0.46256507759004684,0,0.028674535806565937,0.045783139152771934,urbain,320,377,0.5262489910721383,198,179,3.5405885842449507,34.48721184784838,11,0.150656663238766,0.8507410114237849,-0.942620518683773,0.5021165669256398
E01523,Dakar,IEF004,IA01,0.05,1.1358119908378483,0,1.689559554478078,0.06951326321539605,rural,180,115,0.49599228438690113,57,58,3.5634887142942766,35.28608573056052,3,0.9907743161732859,0.9091729074575746,-0.8587386042251586,1.6424277354733021
E01524,Thiès,IEF016,IA04,0.15,1.0504362281327961,0,0.01909654917514469,0.2605858282052216,rural,180,122,0.48764143553751144,59,63,3.580571983318422,35.894065783401025,3,-0.1767965435705031,0.8736410141664678,-0.7949005793647475,0.5769467150105364
E01525,Tambacounda,IEF048,IA13,0.75,-0.5950300302811243,1,-1.2870708589133515,0.845804951835842,rural,180,439,0.33409770957090096,147,292,3.9640941868421886,52.67253629784585,8,-0.9878298357466463,0.5871844810209431,0.9668421173184208,-1.7867381957537471
E01526,Saint-Louis,IEF026,IA06,0.35,-0.09886818526410894,0,0.49988989751365537,0.35343971479546304,urbain,320,131,0.43142331444683185,57,74,3.767992675443773,43.2930743047801,3,-0.9423749491048511,0.7767878911518397,-0.018003232612314728,0.10141412006185574
E01527,Dakar,IEF001,IA01,0.05,1.1358119908378483,0,-0.3499273505312711,0.13298200652650732,urbain,320,208,0.4717908303790522,98,110,3.774953060629701,43.59546192416508,5,0.18042159742468047,0.9362713767907124,0.013747526764725286,0.42917115677918516
E01528,Fatick,IEF037,IA09,0.4,1.508379536169013,1,-0.8651748349735274,0.45615029605620877,rural,180,153,0.4480889541760927,69,84,3.3497252782041826,28.494904397076557,5,1.060087313017621,0.8762933597553608,-1.5718139769664454,1.1154016819104564
E01529,Dakar,IEF002,IA01,0.05,1.1358119908378483,0,-0.5868971362215678,0.06963382046665499,urbain,320,405,0.483467575648742,196,209,3.5249876485100313,33.953354239143295,12,1.268206721873022,0.9094599430000297,-0.9986756723639142,1.3092703762195157
E01530,Ziguinchor,IEF042,IA11,0.55,0.5436260064330518,1,0.09332094674687035,0.5272816826457065,urbain,320,240,0.4387743015941469,105,135,3.590439492220747,36.25000402085252,7,-0.13279806289281454,0.7831685774735624,-0.7575269945817603,-0.06275793305522417
E01531,Diourbel,IEF024,IA05,0.3,-1.961883486465059,0,-2.89232139833262,0.2531257695062677,urbain,320,219,0.40622324686158995,89,130,4.0583323426090825,57.87771036144325,4,-1.9428092582362555,0.6211616441515957,1.513386415477936,-2.7365450466000207
E01532,Dakar,IEF009,IA03,0.05,0.46256507759004684,0,0.5687463271242291,0,urbain,320,292,0.4623129588047085,135,157,3.7680371262217656,43.29499875838605,7,0.40563760663657955,0.8741098731948941,-0.017801164606028205,0.7589241774169218
E01533,Kolda,IEF045,IA12,0.7,0.8036427494500231,0,-1.432219330403182,0.6514485335196257,urbain,320,334,0.47075296223965923,157,177,3.8661139974115613,47.75644336534368,7,-0.050967248487492754,0.7764372986132707,0.45065139465420906,-1.2350501109778247
E01534,Kaolack,IEF032,IA07,0.3,0.7594385270695994,0,0.3376374748206235,0.277299413974857,rural,180,283,0.4717159237245066,133,150,3.70963900492866,40.83906116585002,7,0.3348413356726965,0.8346150283168402,-0.27567509378420046,0.9097938801060024
E01535,Saint-Louis,IEF025,IA06,0.35,-0.09886818526410894,0,0.09534935373040888,0.37479895526380586,urbain,320,293,0.45316544765044614,133,160,3.8169692403111566,45.46620216201779,6,-0.1906784892450577,0.802895508603299,0.21017561885994765,-0.10893373872243416
E01536,Louga,IEF034,IA08,0.45,-0.5589055756131087,0,-2.3207746068026323,0.45224814772418065,urbain,320,213,0.40887114051147955,87,126,3.912068049458359,50.002252252235515,4,-0.7663730298273997,0.7035791036356978,0.6864617685033396,-2.4494324557550646
E01537,Thiès,IEF017,IA04,0.15,1.0504362281327961,0,0.4161989798572152,0.2153502239528604,rural,180,109,0.4799627362544326,52,57,3.8350557312195885,46.29600772902761,2,0.15314905822566197,0.8686861334170258,0.2973053662399614,0.41534885797161225
E01538,Dakar,IEF004,IA01,0.05,1.1358119908378483,0,1.689559554478078,0.02981329301831727,rural,180,321,0.49207232517588945,158,163,3.5200342645699423,33.78558609259433,10,1.049217342733522,0.9069138308503142,-1.0162913606749706,2.1426162314157984
E01539,Dakar,IEF012,IA03,0.05,0.46256507759004684,0,-0.8514222791158281,0.08301894548712856,urbain,320,852,0.4638448066850489,395,457,3.5408599581894094,34.49657204856076,25,-0.1832351317266023,0.8885311056571958,-0.9416376957720942,-0.31223886253429617
E01540,Kaffrine,IEF040,IA10,0.55,-1.7249192939776967,1,-0.1388397558109453,0.5148128501213673,rural,180,151,0.3729334855285467,56,95,3.8778292527003133,48.31921234566355,3,-1.5990465328046783,0.6028810065013431,0.5097422480275731,-1.6829833781832213
E01541,Kolda,IEF046,IA12,0.7,0.8036427494500231,0,-0.3584819723018034,0.6666656433624244,rural,180,226,0.41780135444744826,94,132,3.9868580501663122,53.8853181443116,4,-0.23496068531940492,0.7307080806066518,1.0941844491979278,-0.567549926237527
E01542,Fatick,IEF037,IA09,0.4,1.508379536169013,1,-0.8651748349735274,0.3077182550002988,rural,180,162,0.4930383609514789,80,82,3.5710118924392886,35.552550313029656,5,0.40280944275885494,0.9037675972584541,-0.8307597707739464,0.7143403536472508
E01543,Kaolack,IEF031,IA07,0.3,0.7594385270695994,0,0.014753903421311736,0.24901550517848098,urbain,320,263,0.5064679521066396,133,130,3.782939205760527,43.945015545279254,6,1.0335107614398438,0.8804885459101724,0.05045072557935398,1.0165959610598305
E01544,Dakar,IEF007,IA02,0.05,-0.6770804424361538,1,0.35653495020654297,0.08354140262258963,rural,180,170,0.4747676047960554,81,89,3.606864093082007,36.85031228468269,5,-0.07541963003894418,0.7939228946357324,-0.6944945090729738,0.46298707094010316
E01545,Kaolack,IEF032,IA07,0.3,0.7594385270695994,0,0.3376374748206235,0.26386546400276634,urbain,320,245,0.44839558096862764,110,135,3.854091730055015,47.18574008279233,5,0.850481251344535,0.8584164253143634,0.3907274379894845,0.5710150982339625
E01546,Thiès,IEF015,IA04,0.15,1.0504362281327961,0,-1.0960478553026407,0.17843282758424667,urbain,320,223,0.5060054931149173,113,110,3.5922769761571596,36.316674054735444,6,1.5033571504983516,0.8870627894253663,-0.7505266279404901,1.09402986947761
E01547,Saint-Louis,IEF025,IA06,0.35,-0.09886818526410894,0,0.09534935373040888,0.3828548352006903,rural,180,105,0.4477158276811096,47,58,3.916379266619256,50.218288174502376,2,-0.11441685067486869,0.8709982044191585,0.7091455827370144,-0.059338246124082186
E01548,Dakar,IEF006,IA02,0.05,-0.6770804424361538,1,2.6676333910661167,0.10139677091143781,urbain,320,460,0.44536820267869215,205,255,3.595115445524618,36.41990426014602,13,0.3284783525365875,0.8110291468307796,-0.7396874361141186,1.5120101088076223
E01549,Thiès,IEF013,IA04,0.15,1.0504362281327961,0,-1.1304494696840526,0.14032790440899215,rural,180,244,0.49295543479425846,120,124,3.606970323118768,36.8542271026433,7,1.097136580582968,0.9165200511627447,-0.6940834524188517,1.0197042199407178
E01550,Dakar,IEF010,IA03,0.05,0.46256507759004684,0,0.028674535806565937,0.009472339516683602,urbain,320,237,0.4944834192523866,117,120,3.8766439434832503,48.26197306773243,5,0.4067350428561945,0.8594775102806135,0.5037321126119665,-0.007200088408141347
E01551,Fatick,IEF037,IA09,0.4,1.508379536169013,1,-0.8651748349735274,0.3831617782513364,rural,180,220,0.49268211884432556,108,112,3.162868089550102,23.63829554681734,9,0.7290887890801709,0.9020033553882016,-2.0817588593217797,1.0145792056619125
E01552,Tambacounda,IEF049,IA13,0.75,-0.5950300302811243,1,0.10831608168981055,0.7247666821349361,rural,180,132,0.40812069218580715,54,78,3.8289828619939676,46.015710095299305,3,-0.8306941425110294,0.570139222933148,0.26787405969188954,-1.3442580051113648
E01553,Tambacounda,IEF049,IA13,0.75,-0.5950300302811243,1,0.10831608168981055,0.8047711528015766,urbain,320,322,0.37041673401468145,119,203,3.527404661430583,34.0355191919113,9,-1.3323619953515484,0.5648580253704943,-0.9900483361989325,-0.7488161265651847
E01554,Thiès,IEF017,IA04,0.15,1.0504362281327961,0,0.4161989798572152,0.1369205562684697,urbain,320,196,0.5001008898382633,98,98,3.815116400977286,45.382038589157325,4,0.35968775562305905,0.8818017028128247,0.20133842719304165,0.056801184736471444
E01555,Ziguinchor,IEF043,IA11,0.55,0.5436260064330518,1,0.03781619554363153,0.5172303876351451,rural,180,131,0.4313850968716952,57,74,3.7507891465618095,42.55465060926174,3,0.7247541414392562,0.7434099827449788,-0.09553786555262274,0.27068345917847475
E01556,Thiès,IEF016,IA04,0.15,1.0504362281327961,0,0.01909654917514469,0.14751525248359043,urbain,320,311,0.5377855250845558,167,144,3.8087063521090196,45.092067860207386,7,1.1372883126048774,0.8855878477788289,0.1708914437484155,0.3702234381165247
E01557,Matam,IEF051,IA14,0.65,0.361886464303974,0,0.10403354045954573,0.684191043010746,rural,180,233,0.3902405773242197,91,142,3.926022804787662,50.70491277346535,5,-0.7829784158045338,0.8258960058898176,0.7602412611250612,-0.1565607146135895
E01558,Thiès,IEF017,IA04,0.15,1.0504362281327961,0,0.4161989798572152,0.08428171329992282,urbain,320,207,0.4930251910850976,102,105,3.7857898323267243,44.07046509400173,5,1.2075825157089997,0.9211272502080657,0.06362295281387786,1.1730717144243261
E01559,Dakar,IEF009,IA03,0.05,0.46256507759004684,0,0.5687463271242291,0,urbain,320,200,0.46776770435115833,94,106,3.79981069591961,44.69272317758403,4,0.8346563890425222,0.8768022540320018,0.12896017370414845,1.066873364242362
E01560,Louga,IEF033,IA08,0.45,-0.5589055756131087,0,-1.965905696172405,0.49722522685865755,rural,180,314,0.4111473988377039,129,185,4.122585875861845,61.71863281634688,5,-0.511529636019315,0.6226643589641943,1.9166840269990395,-1.9671955371926744
E01561,Sédhiou,IEF053,IA15,0.7,-0.5128143979953421,1,-1.6637734035387284,0.6687744569601147,rural,180,295,0.3844542458113487,113,182,3.483351233602087,32.56868466476572,9,-0.16121856584981661,0.6307241041714393,-1.1440662494060196,-0.1824496118065111
E01562,Fatick,IEF036,IA09,0.4,1.508379536169013,1,1.1669515787289226,0.3493036413099865,rural,180,117,0.5273537205599861,62,55,3.342821888485193,28.298870395103723,4,1.4099151740390183,0.9075958060408965,-1.5923975856439996,1.6839648529663291
E01563,Kaffrine,IEF041,IA10,0.55,-1.7249192939776967,1,0.31771647692565824,0.6124453251842034,urbain,320,310,0.34500336062860626,107,203,3.950061394470429,51.9385554770563,6,-1.633658058122305,0.44792373683303466,0.8897739870965226,-1.9522962893887006
E01564,Thiès,IEF017,IA04,0.15,1.0504362281327961,0,0.4161989798572152,0.08486873803933498,urbain,320,236,0.47449910800993894,112,124,3.627489158841591,37.61824450248324,6,0.8319120294064144,0.8580090158146002,-0.613861475502178,1.0993844100121042
E01565,Thiès,IEF018,IA04,0.15,1.0504362281327961,0,1.839675695915115,0.08836949209491118,urbain,320,440,0.4813440922500297,212,228,3.6373695562835375,37.991769960531386,12,0.3662007425635852,0.8928713464991357,-0.5746412291051646,1.4723310383874908
E01566,Tambacounda,IEF048,IA13,0.75,-0.5950300302811243,1,-1.2870708589133515,0.6912063957809845,rural,180,356,0.39659000656326415,141,215,3.5847429268861726,36.0440905611461,10,-0.805841925483965,0.6773731513649885,-0.7791479482601211,-1.0287886996113502
E01567,Dakar,IEF005,IA02,0.05,-0.6770804424361538,1,0.5635836405531154,0.03863096160794745,urbain,320,312,0.41898162259285193,131,181,3.558825614720309,35.12192624270599,9,0.2456734104841868,0.793340273550486,-0.8759753826651236,0.5554438516021112
E01568,Dakar,IEF009,IA03,0.05,0.46256507759004684,0,0.5687463271242291,0.04205240062208687,urbain,320,539,0.47887738004090274,258,281,3.5277304478998603,34.046609309945964,16,0.8889464698471564,0.8582237400790459,-0.9888838716289285,0.8274742035340326
E01569,Tambacounda,IEF048,IA13,0.75,-0.5950300302811243,1,-1.2870708589133515,0.7422056799078016,urbain,320,104,0.35548952826800584,37,67,4.008860593278223,55.08407163201521,2,-1.0372455581537487,0.5696091240330249,1.220053800654436,-2.3332799347367232
E01570,Dakar,IEF007,IA02,0.05,-0.6770804424361538,1,0.35653495020654297,0.06487925765867485,urbain,320,290,0.46073601859282187,134,156,3.4647427265158277,31.968234136077733,9,-0.6595657096435613,0.7253191216064049,-1.2071136727527958,-0.3248705264344634
E01571,Diourbel,IEF021,IA05,0.3,-1.961883486465059,0,0.10955641117140437,0.28495234904840006,rural,180,167,0.39377580212166235,66,101,3.9878815280563975,53.94049680828713,3,-2.0837681962051753,0.6128214683004695,1.099978219743815,-1.8830153594878234
E01572,Louga,IEF033,IA08,0.45,-0.5589055756131087,0,-1.965905696172405,0.48948785166149883,urbain,320,424,0.3817808603718007,162,262,4.096827689720478,60.149172780770655,7,-0.5423042845359755,0.7433888266021926,1.7518904152671413,-1.5819627585179497
E01573,Louga,IEF035,IA08,0.45,-0.5589055756131087,0,0.9958108211774965,0.48139339417530047,rural,180,130,0.4195995570101398,55,75,4.0444159294756785,57.077838813285716,2,-0.5605534253919837,0.6486007787267666,1.4293997459517702,-0.6567143176049233
E01574,Diourbel,IEF020,IA05,0.3,-1.961883486465059,0,0.3932217475238377,0.2947468494888149,rural,180,134,0.43753204154306297,59,75,4.0179247133646765,55.58562993053707,2,-1.599119646678948,0.462756194765235,1.2727175204268073,-2.2495102368213953
E01575,Matam,IEF052,IA14,0.65,0.361886464303974,0,-0.6415822632825328,0.635463245269021,rural,180,63,0.42345343499822946,27,36,4.013668755570361,55.34956253833859,1,-0.1051200780338789,0.7376080840393446,1.2479303979192662,-0.8732161615625373
E01576,Sédhiou,IEF054,IA15,0.7,-0.5128143979953421,1,0.5471627551526171,0.668677252457378,rural,180,153,0.3760845197715071,58,95,3.7913928644486883,44.31808639278128,3,-0.7615417787867688,0.6830149209862113,0.08962323777981096,-0.7778966343689483
E01577,Dakar,IEF011,IA03,0.05,0.46256507759004684,0,0.1990233856571336,0.07128047908491833,rural,180,188,0.4520303249836985,85,103,3.58862031310165,36.18411871722505,5,-0.08448735781746748,0.8754499123081795,-0.7644449643922104,0.3405560066115142
E01578,Louga,IEF035,IA08,0.45,-0.5589055756131087,0,0.9958108211774965,0.4029174181257962,urbain,320,190,0.4327033135858364,82,108,3.9680777638776408,52.882779886579385,4,0.08866944919242147,0.6496449799291986,0.9889177353943881,-1.0790373662968413
E01579,Saint-Louis,IEF027,IA06,0.35,-0.09886818526410894,0,0.949372149400778,0.46493371852167054,rural,180,160,0.45328967696705236,73,87,3.8937560999505423,49.09494615898095,3,-0.5088762155318025,0.7706708144218357,0.5911944506586504,-0.5007508409409115
E01580,Thiès,IEF017,IA04,0.15,1.0504362281327961,0,0.4161989798572152,0.13970125939893854,urbain,320,511,0.48442424084785246,248,263,3.7357807857542555,41.920743908082954,12,1.3692158527381908,0.8994547210919774,-0.16209819357649097,1.460551805271342
E01581,Diourbel,IEF020,IA05,0.3,-1.961883486465059,0,0.3932217475238377,0.269935773913706,urbain,320,347,0.38016604787534314,132,215,3.89651049008119,49.23035919870492,7,-1.1966977256170945,0.62112388075348,0.605412846403601,-0.9939466536269563
E01582,Thiès,IEF015,IA04,0.15,1.0504362281327961,0,-1.0960478553026407,0.1936994294768704,urbain,320,717,0.5135185936135028,368,349,3.524542985209081,33.938259784792635,21,1.0831095467534042,0.8943041739433076,-1.0002605930329225,0.7259110778309645
E01583,Louga,IEF035,IA08,0.45,-0.5589055756131087,0,0.9958108211774965,0.47638537102119316,rural,180,315,0.453616406779208,143,172,3.771556650450271,43.44764501902594,7,-0.03192568240463194,0.6963884890443334,-0.0017732772829970023,0.18257123286998583
E01584,Dakar,IEF009,IA03,0.05,0.46256507759004684,0,0.5687463271242291,0.04934742406702587,rural,180,150,0.4767054403856643,72,78,3.728291698370881,41.60796845699173,4,0.6534947109130914,0.9145972605233046,-0.19493967732123174,1.4682170267516519
E01585,Kolda,IEF046,IA12,0.7,0.8036427494500231,0,-0.3584819723018034,0.6539279063258566,rural,180,188,0.4462071877003461,84,104,3.9017071551789138,49.48685878207979,4,0.6926414287759359,0.6942599895594569,0.6323453529943494,0.19658834174840856
E01586,Matam,IEF051,IA14,0.65,0.361886464303974,0,0.10403354045954573,0.6404260704946135,urbain,320,254,0.4309058623377357,109,145,4.121977440389993,61.68109243247589,4,-0.417654851941401,0.7009843838933385,1.9127422793255278,-0.8899203678435206
E01587,Diourbel,IEF021,IA05,0.3,-1.961883486465059,0,0.10955641117140437,0.3296232457368661,urbain,320,446,0.3771984516721142,168,278,4.030537248337987,56.29114544909917,8,-1.6639355709201114,0.6209654314356305,1.3467967883286915,-2.101260673984342
E01588,Diourbel,IEF023,IA05,0.3,-1.961883486465059,0,0.1117959092790192,0.34944099404462825,rural,180,154,0.3758863107067869,58,96,4.10355613089444,60.55524754458796,3,-1.5754913084924775,0.5075851330609344,1.7945283451575074,-2.302796856059598
E01589,Dakar,IEF006,IA02,0.05,-0.6770804424361538,1,2.6676333910661167,0.026325231991992687,urbain,320,408,0.43136270988295605,176,232,3.4427087160231764,31.27154929656493,13,0.3658990770497178,0.8197409240956594,-1.2802657176215397,1.5189718363405553
E01590,Sédhiou,IEF053,IA15,0.7,-0.5128143979953421,1,-1.6637734035387284,0.7425998379931245,rural,180,133,0.38097819913527387,51,82,3.668158139168884,39.17967585158543,3,-1.2937199347945807,0.5952844248021723,-0.44991087742563185,-1.1479242140212818
E01591,Dakar,IEF002,IA01,0.05,1.1358119908378483,0,-0.5868971362215678,0.029120534791976502,urbain,320,494,0.521550008066057,258,236,3.5784972195929434,35.81967127994907,14,0.8347133432034531,0.9204619470822482,-0.8027120168266436,1.1515275059428094
E01592,Thiès,IEF017,IA04,0.15,1.0504362281327961,0,0.4161989798572152,0.1376759528500817,urbain,320,110,0.46335693775051395,51,59,3.7578715999297954,42.857111756964464,3,1.2869095479678294,0.8887535267720654,-0.06377938568779036,0.9829848026789841
E01593,Saint-Louis,IEF028,IA06,0.35,-0.09886818526410894,0,-1.6584009589402293,0.3685296494223855,rural,180,241,0.41982882516980713,101,140,3.752965681242397,42.64737315244397,6,-0.019524017351686292,0.7550407768651642,-0.08580198032228878,-0.8294114008519006
E01594,Dakar,IEF007,IA02,0.05,-0.6770804424361538,1,0.35653495020654297,0.10794607992051627,rural,180,81,0.45966790023533505,37,44,3.5314346929276037,34.17296016598278,2,-0.4911762831202603,0.780470154831951,-0.9756170069495236,-0.008230342425393888
E01595,Kaffrine,IEF041,IA10,0.55,-1.7249192939776967,1,0.31771647692565824,0.5903584019261258,rural,180,105,0.37213066514854465,39,66,3.7593223207999897,42.919330583589606,2,-1.2418430594660663,0.5401098767054687,-0.05724639668210769,-1.489768170167469
E01596,Dakar,IEF012,IA03,0.05,0.46256507759004684,0,-0.8514222791158281,0,urbain,320,418,0.49239565577460354,206,212,3.6265141824099962,37.58158547444346,11,0.5956091924034465,0.8788648404079707,-0.6177106806404529,0.7848326648289696
E01597,Louga,IEF034,IA08,0.45,-0.5589055756131087,0,-2.3207746068026323,0.37349921377469003,urbain,320,327,0.44477410438316195,145,182,3.9287186588193275,50.84179023492123,6,-0.208887359413418,0.6750835810135881,0.7746134214392457,-0.8011564927713779
E01598,Dakar,IEF001,IA01,0.05,1.1358119908378483,0,-0.3499273505312711,0.03175986522528504,urbain,320,339,0.5031842415318417,171,168,3.680711555044842,39.674614703360135,9,0.7262744853605938,0.9060002382696477,-0.39794220086073506,0.5833362882310316
E01599,Dakar,IEF002,IA01,0.05,1.1358119908378483,0,-0.5868971362215678,0,urbain,320,374,0.5022652739485537,188,186,3.5800485549791867,35.87528272838011,10,0.9112148192001224,0.9270877774981927,-0.7968728038279971,0.8144656408486315
E01600,Thiès,IEF015,IA04,0.15,1.0504362281327961,0,-1.0960478553026407,0.202780893208644,urbain,320,353,0.4458323263664618,157,196,3.5798798428428515,35.86923064333383,10,0.5137991769999328,0.8538729690265794,-0.7975082739455389,0.16779785386131416
E01601,Kolda,IEF045,IA12,0.7,0.8036427494500231,0,-1.432219330403182,0.6937230226585265,urbain,320,185,0.4617252305158582,85,100,3.8655207817191832,47.72812189492807,4,-0.030326059985026656,0.816076226003043,0.44767763470266486,-0.30659486015413523
E01602,Saint-Louis,IEF025,IA06,0.35,-0.09886818526410894,0,0.09534935373040888,0.333730769066495,rural,180,82,0.4629008566287747,38,44,3.8988898746624314,49.347636625031036,2,0.6429376834367827,0.890648289228215,0.617726999182781,-0.29102597096940713
E01603,Kédougou,IEF055,IA16,0.9,-0.4962851679537585,0,0.0755532240045896,0.7607403574111263,urbain,320,482,0.395182509072085,190,292,3.905225079308686,49.661256375588124,10,-1.4680947454343922,0.619473547955929,0.6506571345371254,-1.1809810646861059
E01604,Thiès,IEF013,IA04,0.15,1.0504362281327961,0,-1.1304494696840526,0.20407189311861113,rural,180,195,0.4692464198461056,92,103,3.695053814093275,40.24773842524456,5,1.3569566432580495,0.8768144294715822,-0.33776409759104165,0.6063267206426872
E01605,Diourbel,IEF024,IA05,0.3,-1.961883486465059,0,-2.89232139833262,0.32115569722059306,rural,180,222,0.40988630652242664,91,131,3.9128467172061074,50.04120255608377,4,-2.027278071507369,0.5690590411880396,0.6905515580511518,-2.328118304531712
E01606,Kaolack,IEF029,IA07,0.3,0.7594385270695994,0,-1.481619640758723,0.3966558125917048,urbain,320,510,0.447824356486467,228,282,3.9628316332200213,52.60607635980035,10,-0.0632849488945578,0.8399556425709391,0.9598638107813093,-0.662162139533119
E01607,Kaffrine,IEF040,IA10,0.55,-1.7249192939776967,1,-0.1388397558109453,0.551955396067324,rural,180,205,0.3335691409418728,68,137,4.092520448063184,59.89065291157119,3,-1.0956221636836163,0.5043310952306148,1.7247457782683426,-2.1641179257728917
E01608,Ziguinchor,IEF042,IA11,0.55,0.5436260064330518,1,0.09332094674687035,0.5578004044814672,rural,180,182,0.4424773818642187,81,101,3.7379522546683117,42.01187240587553,4,0.4238181160756011,0.780160320573826,-0.15252968342489157,0.47992958283090226
E01609,Ziguinchor,IEF044,IA11,0.55,0.5436260064330518,1,-0.6339810327435095,0.6442210778215918,rural,180,159,0.40770713352220994,65,94,3.6403788359975344,38.1062700181156,4,-0.9814562975284723,0.7708041048029568,-0.5626187005889252,-0.33254603970514646
E01610,Kaffrine,IEF040,IA10,0.55,-1.7249192939776967,1,-0.1388397558109453,0.5130500020124457,rural,180,262,0.3820522448044999,100,162,3.888499881507841,48.83756940432218,5,-1.0249213338523893,0.64821952274322725,0.5641698409109538,-1.123079628374485
E01611,Tambacounda,IEF050,IA13,0.75,-0.5950300302811243,1,-0.9304449072754517,0.7247426792333622,urbain,320,417,0.37148818250093923,155,262,3.9628777284975736,52.60850130737998,8,-0.5702126087116837,0.6443234480357964,0.9601184307530513,-1.875681075429203
E01612,Thiès,IEF014,IA04,0.15,1.0504362281327961,0,0.597248963746674,0.15849617372073285,urbain,320,518,0.483693530861208,251,267,3.611739862744967,37.03042465578901,14,1.6420517566848682,0.8910128901357449,-0.6755826747609202,1.7766213181362764
E01613,Dakar,IEF005,IA02,0.05,-0.6770804424361538,1,0.5635836405531154,0.07214588586568169,urbain,320,221,0.4291810444872004,95,126,3.7112340667526746,40.90425397270089,5,-0.36036329614397805,0.772062548827892,-0.26882983627119145,-0.13829732548188373
E01614,Kaolack,IEF032,IA07,0.3,0.7594385270695994,0,0.3376374748206235,0.2860893076083828,rural,180,125,0.48970673432767264,61,64,3.778835021156496,43.765026695436866,3,0.40595799983772296,0.8370550701062077,0.03155186102425403,0.43428324546324004
E01615,Diourbel,IEF021,IA05,0.3,-1.961883486465059,0,0.10955641117140437,0.20894054122146832,urbain,320,501,0.4104359895612617,206,295,4.1170729547580445,61.37931902744648,8,-1.5787508093023255,0.5885618829160657,1.8810560125763578,-1.8093354769593046
E01616,Diourbel,IEF024,IA05,0.3,-1.961883486465059,0,-2.89232139833262,0.2958769860324923,urbain,320,271,0.40753158276058415,110,161,3.9893829371416314,54.02154438781826,5,-1.3503690106969235,0.5723994467292355,1.1084882314996478,-2.6392571753048846
E01617,Tambacounda,IEF049,IA13,0.75,-0.5950300302811243,1,0.10831608168981055,0.7543590649976284,urbain,320,450,0.3512390646228629,158,292,3.837202123992569,46.39548386467381,10,-0.47114825556580775,0.5987575008522898,0.3077503800043614,-0.9017707596168434
E01618,Diourbel,IEF020,IA05,0.3,-1.961883486465059,0,0.3932217475238377,0.3263709428150451,rural,180,136,0.40261564043270776,55,81,4.001216842191847,54.66462780397673,2,-1.0310036615725957,0.49189799716519056,1.1760121163972534,-1.9432419064807571
E01619,Dakar,IEF006,IA02,0.05,-0.6770804424361538,1,2.6676333910661167,0.05601710290431154,urbain,320,202,0.5047839329187497,102,100,3.5319481668745554,34.19051159643374,6,0.09093104941027932,0.7476673755093672,-0.9737741033078182,0.8409867060124163
E01620,Diourbel,IEF023,IA05,0.3,-1.961883486465059,0,0.1117959092790192,0.31400069179435136,urbain,320,356,0.39325753422531795,140,216,4.079358667171159,59.10755007928692,6,-1.8080103888386159,0.6009818152946924,1.6425198271996224,-2.1912751506517103
E01621,Tambacounda,IEF050,IA13,0.75,-0.5950300302811243,1,-0.9304449072754517,0.6926795628329502,rural,180,97,0.3642712178937701,35,62,3.793423306594469,44.40816312005868,2,-0.28677986553475576,0.640877483788917,0.09908131182091376,-0.5828970077055005
E01622,Diourbel,IEF023,IA05,0.3,-1.961883486465059,0,0.1117959092790192,0.22500313673911587,rural,180,128,0.39156083059688257,50,78,3.8427201401163678,46.65220253018707,3,-1.6392657833108804,0.5503762457263378,0.33470589026263375,-2.1600578065602996
E01623,Thiès,IEF015,IA04,0.15,1.0504362281327961,0,-1.0960478553026407,0.16271148156899237,urbain,320,417,0.45803674255373134,191,226,3.7629409288333835,43.07492015708923,10,0.5488671597418259,0.877825927718947,-0.040909460931198204,0.46000855033151455
E01624,Kolda,IEF047,IA12,0.7,0.8036427494500231,0,0.8692594740041972,0.6838350877511828,rural,180,171,0.46452033097027706,79,92,3.729085708651966,41.64101873111397,4,0.4151100454587396,0.8245780674376876,-0.19146939205249383,1.0591396491044915
E01625,Thiès,IEF016,IA04,0.15,1.0504362281327961,0,0.01909654917514469,0.10240500094769911,urbain,320,460,0.47586848527683606,219,241,3.7253112867637665,41.48414420013961,11,0.8763258280271836,0.8962106348733628,-0.20794124859041466,0.3711188379434289
E01626,Ziguinchor,IEF042,IA11,0.55,0.5436260064330518,1,0.09332094674687035,0.5572219965411759,rural,180,148,0.431251511279426,64,84,3.505558542070051,33.30003813130747,4,0.20116305765459605,0.8093039298020196,-1.0672739918957423,0.6831178296523082
E01627,Thiès,IEF018,IA04,0.15,1.0504362281327961,0,1.839675695915115,0.1611373724501585,urbain,320,346,0.5017331778342738,174,172,3.702508380991302,40.548888962652676,9,1.3782441862176948,0.9025988401045337,-0.3061432320643421,2.0445598070775097
E01628,Fatick,IEF037,IA09,0.4,1.508379536169013,1,-0.8651748349735274,0.42119702867938347,urbain,320,313,0.4973298886435302,156,157,3.6199713183298536,37.336496933606824,8,1.349964439397382,0.8835490323777798,-0.6434450255253424,0.38895322126632803
E01629,Dakar,IEF006,IA02,0.05,-0.6770804424361538,1,2.6676333910661167,0.06242580527203301,rural,180,149,0.457227444690009,68,81,3.520386924135605,33.79750300389428,4,0.020264272788714274,0.868404705546787,-1.0150400826498591,1.4056780636333797
E01630,Diourbel,IEF024,IA05,0.3,-1.961883486465059,0,-2.89232139833262,0.27567482014643496,urbain,320,221,0.38781221638386476,86,135,4.090499055175821,59.7697126468321,4,-1.3902945590958604,0.5557829854845521,1.7120470267369925,-2.5777785383728675
E01631,Diourbel,IEF021,IA05,0.3,-1.961883486465059,0,0.10955641117140437,0.29391035195721865,urbain,320,243,0.39040024382611344,95,148,4.049220570784588,57.35273722076751,4,-2.758354621588462,0.61577309825184,1.4582641326843953,-2.230914983005233
E01632,Diourbel,IEF020,IA05,0.3,-1.961883486465059,0,0.3932217475238377,0.39566756110464407,rural,180,161,0.36111916504619157,58,103,4.099528345652994,60.311834548946514,3,-1.882443850670153,0.5330255953607729,1.7689699328469277,-1.741036257280185
E01633,Tambacounda,IEF050,IA13,0.75,-0.5950300302811243,1,-0.9304449072754517,0.763268836788579,rural,180,207,0.4011765029468251,83,124,3.8638652620156866,47.649172417959186,4,-1.2449719473128387,0.7203499302134273,0.4393879241276068,-1.2204703430386197
E01634,Saint-Louis,IEF027,IA06,0.35,-0.09886818526410894,0,0.949372149400778,0.3260358422526756,rural,180,186,0.45620317370831764,85,101,3.892460191892208,49.03136482930688,4,0.1238446179662557,0.8209650656949676,0.5845183985654476,-0.29437762582045224
E01635,Thiès,IEF015,IA04,0.15,1.0504362281327961,0,-1.0960478553026407,0.08711084552834004,urbain,320,565,0.49111871188857054,277,288,3.7841377317033134,43.99771636180575,13,0.5065914030652003,0.8608940669609129,0.05598432165683089,0.37840197745409954
E01636,Diourbel,IEF021,IA05,0.3,-1.961883486465059,0,0.10955641117140437,0.37958137176634316,urbain,320,304,0.35410933621701846,108,196,4.055013376907908,57.685934650437304,5,-0.9623618350101034,0.5931685617998727,1.493249928187567,-1.764503163231545
E01637,Kaolack,IEF029,IA07,0.3,0.7594385270695994,0,-1.481619640758723,0.26510601806414763,urbain,320,301,0.461123531451861,139,162,3.65290319990594,38.5865279961142,8,0.003987307503015661,0.8610718049963165,-0.5121915186515463,-0.2695555543940974
E01638,Diourbel,IEF023,IA05,0.3,-1.961883486465059,0,0.1117959092790192,0.22366957462177234,urbain,320,519,0.3919179452340946,203,316,3.978733447248431,53.449294987250425,10,-0.9778596631197062,0.63525365392126,1.0484019321397766,-1.038615676502498
E01639,Ziguinchor,IEF042,IA11,0.55,0.5436260064330518,1,0.09332094674687035,0.4606223079315,urbain,320,413,0.44268203517518445,183,230,3.49049471012821,32.80217125927225,13,0.5780959111596278,0.7853325311195959,-1.1195501111625978,0.4318878363222484
E01640,Louga,IEF035,IA08,0.45,-0.5589055756131087,0,0.9958108211774965,0.4113621551635899,urbain,320,232,0.4081954592865952,95,137,4.085649614849753,59.48056466165413,4,-0.9610526220031157,0.6597033321985238,1.6816864315498814,-1.0125985522107304
E01641,Louga,IEF035,IA08,0.45,-0.5589055756131087,0,0.9958108211774965,0.43102041534908603,urbain,320,209,0.4493517619039229,94,115,3.984743748423903,53.77150867844141,4,-1.1058023180581344,0.7449349357722495,1.0822344329471854,-0.4995847204277568
E01642,Saint-Louis,IEF028,IA06,0.35,-0.09886818526410894,0,-1.6584009589402293,0.3337209368710695,urbain,320,285,0.4308042958637552,123,162,3.826134643299424,45.88483376025146,6,1.1783069086499416,0.8186875296061762,0.2541320188282305,0.15458190527667057
E01643,Dakar,IEF001,IA01,0.05,1.1358119908378483,0,-0.3499273505312711,0.050351594355653215,urbain,320,253,0.49954940332349274,126,127,3.676238836668918,39.497557583607225,6,1.311006066604135,0.9042374637484707,-0.41653323318110663,1.2920499627371829
E01644,Dakar,IEF001,IA01,0.05,1.1358119908378483,0,-0.3499273505312711,0,urbain,320,414,0.5315585174194895,220,194,3.365902961430012,28.95963493000696,14,1.3838452706113282,0.9201813474059493,-1.5230171798083878,1.803748750357988
E01645,Kaolack,IEF031,IA07,0.3,0.7594385270695994,0,0.014753903421311736,0.2945019264304195,rural,180,162,0.43443035417986803,70,92,3.790646121012327,44.28500450603355,4,1.0303671404361463,0.8852486551276719,0.08614963317919268,0.7299172756912269
E01646,Thiès,IEF013,IA04,0.15,1.0504362281327961,0,-1.1304494696840526,0.17338301377591073,urbain,320,247,0.5075801987091796,125,122,3.5753231056248955,35.70615581183065,7,0.3791025391775268,0.88934223848813,-0.8146311632557552,0.20497669707034114
E01647,Kaolack,IEF030,IA07,0.3,0.7594385270695994,0,-0.4906862327461932,0.2959262642794634,urbain,320,255,0.5321969093770412,136,119,3.592542904518772,36.326332972599204,7,0.21731498645235647,0.8471867006770758,-0.749512439669295,0.9094284597001193
E01648,Louga,IEF034,IA08,0.45,-0.5589055756131087,0,-2.3207746068026323,0.44408195660908556,urbain,320,405,0.44043391342434685,178,227,4.0421692308270005,56.94974605674662,7,-0.5107658173235918,0.6396387990986843,1.415949981377789,-2.064966709201821
E01649,Thiès,IEF019,IA04,0.15,1.0504362281327961,0,0.4061865653228522,0.15304853201134433,urbain,320,504,0.4698714794839007,237,267,3.7591869627046877,42.91352149791242,12,1.2209047667478337,0.8941601698458608,-0.05785635181820771,1.5408188963969376
E01650,Ziguinchor,IEF043,IA11,0.55,0.5436260064330518,1,0.03781619554363153,0.5080425260324997,rural,180,122,0.4492368214407802,55,67,3.455738607191883,31.681680359545396,4,0.23316230176380537,0.7848472031922828,-1.237201875523019,0.24633892834852833
E01651,Fatick,IEF038,IA09,0.4,1.508379536169013,1,-1.390946513569097,0.39919080940252544,urbain,320,299,0.48919850963174316,146,153,3.63078012956184,37.74224897932024,8,1.6296734676845226,0.9018131588185052,-0.6008409810992159,0.7151186807519692
E01652,Kaolack,IEF031,IA07,0.3,0.7594385270695994,0,0.014753903421311736,0.3103943266580917,rural,180,187,0.4761481534682123,89,98,3.867689730047345,47.83175407090909,4,0.3169528826308304,0.867012474033572,0.45855903351781707,-0.04922154841176163
E01653,Dakar,IEF005,IA02,0.05,-0.6770804424361538,1,0.5635836405531154,0.10413027981549983,urbain,320,216,0.45421844671001693,98,118,3.3245392707648405,27.786193781300327,8,-0.855491037783245,0.8112745937620905,-1.6462287307028303,0.16432689434151437
E01654,Thiès,IEF019,IA04,0.15,1.0504362281327961,0,0.4061865653228522,0.18026399494259537,urbain,320,424,0.5094024403395818,216,208,3.7468546810406402,42.38754974552798,10,1.3615093474504958,0.8907822577704461,-0.11308348903713322,1.1464682641097987
E01655,Fatick,IEF037,IA09,0.4,1.508379536169013,1,-0.8651748349735274,0.45636348583788866,urbain,320,301,0.5218909424966408,157,144,3.3073176935334017,27.31176859955,11,1.4087579195541131,0.8933630625283182,-1.696043467889492,0.969123849702021
E01656,Thiès,IEF013,IA04,0.15,1.0504362281327961,0,-1.1304494696840526,0.16385085139208672,urbain,320,287,0.5145996695919905,148,139,3.5775700157605343,35.786474535915104,8,1.1472376240283173,0.8986868918869543,-0.8061976814648565,1.0558537189057937
E01657,Diourbel,IEF024,IA05,0.3,-1.961883486465059,0,-2.89232139833262,0.3621301620672783,urbain,320,247,0.3831220429955097,95,152,4.0169763918909736,55.53294187060254,4,-2.0847386249066795,0.5474511694138579,1.2671852637939909,-3.022194936516487
E01658,Dakar,IEF004,IA01,0.05,1.1358119908378483,0,1.689559554478078,0.08528967308361897,rural,180,118,0.5123719199549787,60,58,3.728659746381683,41.62328500545553,3,1.352276009609512,0.886383549923766,-0.19333143672675895,1.969586480512146
E01659,Fatick,IEF036,IA09,0.4,1.508379536169013,1,1.1669515787289226,0.4233556717800713,rural,180,183,0.4769848511783158,87,96,3.396057804411895,29.846208233361978,6,2.2871757925198133,0.8461185426833796,-1.429926808971827,1.9991735217048463
E01660,Louga,IEF035,IA08,0.45,-0.5589055756131087,0,0.9958108211774965,0.4659967024478694,rural,180,123,0.4243969826857917,52,71,3.927559658916504,50.78289873919082,2,-0.3987826024828072,0.6074019775660116,0.7684298028304773,-1.2541596182039583
E01661,Kaffrine,IEF041,IA10,0.55,-1.7249192939776967,1,0.31771647692565824,0.5318307646510809,urbain,320,369,0.3695615140787183,136,233,4.097370473597948,60.18182964400687,6,-0.6578832807284902,0.508709826657435,1.755319392315642,-1.5511350709043452
E01662,Ziguinchor,IEF042,IA11,0.55,0.5436260064330518,1,0.09332094674687035,0.5111304384273218,urbain,320,560,0.4306911517812247,241,319,3.5641578300869483,35.30970410861809,16,0.7915314509790154,0.7985153087604485,-0.8562586698941596,0.6525536885569497
E01663,Kédougou,IEF055,IA16,0.9,-0.4962851679537585,0,0.0755532240045896,0.8752553491268814,rural,180,131,0.3371292236524264,44,87,4.1706940798411525,64.7603853899608,2,-0.382504009550131,0.6238163776888013,2.2360686441527964,-1.3763878931602131
E01664,Dakar,IEF007,IA02,0.05,-0.6770804424361538,1,0.35653495020654297,0.059881644536888504,urbain,320,258,0.45879599379733554,118,140,3.671589188536639,39.314334131146474,7,-0.2648193734222024,0.7810373875489182,-0.4357717316459046,0.5265213584057068
E01665,Dakar,IEF012,IA03,0.05,0.46256507759004684,0,-0.8514222791158281,0.056922339383417744,urbain,320,218,0.46751454032414064,102,116,3.5050298004709557,33.28243566988288,7,0.33484341491546726,0.8788951242180512,-1.0691222537996934,0.781010233042692
E01666,Diourbel,IEF021,IA05,0.3,-1.961883486465059,0,0.10955641117140437,0.2804630937132677,rural,180,102,0.39807007782884585,41,61,3.9575370334731903,52.32828428907782,2,-0.9601372732526163,0.4590854864494314,0.9306955888405446,-1.7581572436741244
E01667,Diourbel,IEF020,IA05,0.3,-1.961883486465059,0,0.3932217475238377,0.3500851894507996,urbain,320,295,0.39827108598188826,117,178,4.098763117885569,60.26569991244904,5,-0.9774869233096131,0.5595621042342767,1.7641257869610683,-1.8703778484206701
E01668,Thiès,IEF014,IA04,0.15,1.0504362281327961,0,0.597248963746674,0.2582854418414579,urbain,320,341,0.45031180698806195,154,187,3.8808479377365668,48.465293204055975,7,1.434209011858431,0.8746286071316097,0.5250807668262024,0.5209308332654681
E01669,Diourbel,IEF020,IA05,0.3,-1.961883486465059,0,0.3932217475238377,0.36567538049880466,urbain,320,281,0.4065844650432473,114,167,4.126899348283145,61.985429433135835,5,-1.569857527280595,0.6512237347695897,1.9446977241189922,-1.8766361859665812
E01670,Thiès,IEF013,IA04,0.15,1.0504362281327961,0,-1.1304494696840526,0.10353756795031374,urbain,320,451,0.47816861066568817,216,235,3.5943303884856688,36.391323778070934,12,1.1205204693433939,0.8953146894196408,-0.7426883923407376,1.0899189913756269
E01671,Thiès,IEF016,IA04,0.15,1.0504362281327961,0,0.01909654917514469,0.12979280129021556,urbain,320,376,0.4648945949682193,175,201,3.7300841866261063,41.68261713522689,9,1.3584867874428035,0.9015183315354611,-0.1871015514572186,1.1419335461070768
E01672,Fatick,IEF036,IA09,0.4,1.508379536169013,1,1.1669515787289226,0.41676133321651715,rural,180,151,0.45016576543331005,68,83,3.3791985260224333,29.347240635333534,5,0.6839904927177837,0.8346603794307801,-1.4823185046839815,1.3471617295157818
E01673,Sédhiou,IEF054,IA15,0.7,-0.5128143979953421,1,0.5471627551526171,0.6782818443496144,rural,180,199,0.3855793161036192,77,122,3.6866546969295193,39.91110863014449,5,-0.8109867753467126,0.6875171349021156,-0.3731102921379722,-0.4395443282744987
E01674,Dakar,IEF006,IA02,0.05,-0.6770804424361538,1,2.6676333910661167,0.031969124291801196,urbain,320,438,0.46929207516831367,206,232,3.4388129809810186,31.149960618561277,14,0.8492804899446151,0.8004134756893906,-1.293032552672916,1.3333142560769113
E01675,Thiès,IEF017,IA04,0.15,1.0504362281327961,0,0.4161989798572152,0,urbain,320,417,0.5022562945591077,209,208,3.5974889429164185,36.506449474708326,11,1.099920257661549,0.9129402811655041,-0.730600171601137,1.3928398422166688
E01676,Saint-Louis,IEF025,IA06,0.35,-0.09886818526410894,0,0.09534935373040888,0.39936902493335247,rural,180,119,0.4061752305557988,48,71,3.9962598253055606,54.39432482258198,2,-0.5200377795628082,0.6578067277388716,1.1476302503055906,-0.9815502478208971
E01677,Kaolack,IEF029,IA07,0.3,0.7594385270695994,0,-1.481619640758723,0.24456294884702207,rural,180,190,0.49685809097245276,94,96,3.700930963174844,40.484976844075106,5,1.216830070480608,0.8271325904143336,-0.3128540170573273,-0.009177388830024225
E01678,Louga,IEF035,IA08,0.45,-0.5589055756131087,0,0.9958108211774965,0.5732061758921789,urbain,320,345,0.4032311502031346,139,206,3.9229579717573797,50.549748579630204,7,-1.6429166129514228,0.6574089305035492,0.7439489903223999,-1.3198817524526325
E01679,Kolda,IEF046,IA12,0.7,0.8036427494500231,0,-0.3584819723018034,0.7160752072744675,rural,180,113,0.4315779879595583,49,64,3.842597065516539,46.64646118234383,2,0.5452794991084042,0.8221494942384192,0.334103047612391,-0.05843640428324738
E01680,Dakar,IEF002,IA01,0.05,1.1358119908378483,0,-0.5868971362215678,0.02008244349509248,urbain,320,309,0.49482120299396354,153,156,3.5068237359721945,33.34219579968129,9,1.2385158507597873,0.8798576644155175,-1.0628474284433205,1.4384791881818177
E01681,Diourbel,IEF022,IA05,0.3,-1.961883486465059,0,-0.4134188533806319,0.23763737231666712,rural,180,242,0.37515893188359706,91,151,3.875516494510518,48.207590818141526,5,-1.1213008084005283,0.5906440985461487,0.4980219657327566,-1.6828147187990248
E01682,Kaolack,IEF032,IA07,0.3,0.7594385270695994,0,0.3376374748206235,0.3114915663204934,rural,180,197,0.4886380444081759,96,101,3.7209956206713657,41.30549825104824,5,0.9247303020227606,0.8087481379262109,-0.22669910830312193,0.35637905998345837
E01683,Kaolack,IEF031,IA07,0.3,0.7594385270695994,0,0.014753903421311736,0.2714316716055994,urbain,320,290,0.4823181367059511,140,150,3.7649029538931935,43.159517193501145,7,1.128566514294368,0.8496152265988243,-0.03202675550632528,0.35123765301558446
E01684,Diourbel,IEF020,IA05,0.3,-1.961883486465059,0,0.3932217475238377,0.2875177365180802,urbain,320,224,0.3948591909429018,88,136,4.1259937593342615,61.92932152243578,4,-0.531799813692636,0.6418685055497093,1.9388063824846713,-1.2318508334281908
E01685,Matam,IEF051,IA14,0.65,0.361886464303974,0,0.10403354045954573,0.5970444168374891,urbain,320,296,0.42243682861599186,125,171,3.9714946918474072,53.06378560192915,6,-0.20353164561400222,0.803957644674224,1.0079233710273157,-0.7578016713044589
E01686,Kolda,IEF045,IA12,0.7,0.8036427494500231,0,-1.432219330403182,0.7455507166664812,urbain,320,463,0.4232982315853496,196,267,3.973958719451532,53.194697453404324,9,0.838405938686589,0.7334903092289674,1.0216691411228145,-0.2785111972214802
E01687,Ziguinchor,IEF044,IA11,0.55,0.5436260064330518,1,-0.6339810327435095,0.5713815037862948,rural,180,218,0.4427387842385651,97,121,3.571605296985787,35.573653618804556,6,0.9006950555918072,0.8462280256862783,-0.8285439195261944,0.5784935070779378
E01688,Dakar,IEF010,IA03,0.05,0.46256507759004684,0,0.028674535806565937,0,urbain,320,546,0.5065938316501035,277,269,3.4777230111935946,32.38589573481127,17,1.0536831255426333,0.8898548484271503,-1.1632591229223834,1.7585300660526806
E01689,Dakar,IEF002,IA01,0.05,1.1358119908378483,0,-0.5868971362215678,0,urbain,320,340,0.4819217757776718,164,176,3.6287328069377387,37.665057464030774,9,0.5455420418211716,0.8972214507189056,-0.6089461053529459,1.1677874581608294
E01690,Dakar,IEF006,IA02,0.05,-0.6770804424361538,1,2.6676333910661167,0.045703238673524944,urbain,320,216,0.4514392868269607,98,118,3.4455183993800707,31.359535997669724,7,-1.0445586747201163,0.7975470207825572,-1.2710270967387147,0.9741308678493508
E01691,Dakar,IEF008,IA02,0.05,-0.6770804424361538,1,-0.3621203918588307,0.03705011447134695,rural,180,127,0.4539895216822266,58,69,3.2893030965210937,26.82416328776562,5,-0.301075932040453,0.8136669469586424,-1.7472421213162446,0.4754793216614669
E01692,Sédhiou,IEF053,IA15,0.7,-0.5128143979953421,1,-1.6637734035387284,0.8231696113613269,rural,180,348,0.35788063939180353,125,223,3.8279736557033774,45.96929417676318,8,-0.6170604664293611,0.6233747921701476,0.263000379136772,-1.384689229258085
E01693,Dakar,IEF011,IA03,0.05,0.46256507759004684,0,0.1990233856571336,0.07700427294543351,urbain,320,291,0.4872263320232468,142,149,3.459286896282028,31.794295798233183,9,1.109975230765586,0.886009821561422,-1.225377232360749,1.396443841096169
E01694,Kaffrine,IEF041,IA10,0.55,-1.7249192939776967,1,0.31771647692565824,0.5592134318679559,rural,180,205,0.38783949085422076,80,125,3.7825540125063406,43.92809148146296,5,-1.7805616975154566,0.6642353247535673,0.048673695557404535,-1.6094314070639626
E01695,Saint-Louis,IEF028,IA06,0.35,-0.09886818526410894,0,-1.6584009589402293,0.34213251789406157,urbain,320,428,0.4292439569216918,184,244,3.7536272142507796,42.67559513136121,10,0.2362032261097479,0.7664207899072575,-0.08283866699759705,-0.6230083828797526
E01696,Saint-Louis,IEF028,IA06,0.35,-0.09886818526410894,0,-1.6584009589402293,0.3138777277863455,urbain,320,358,0.44604416349146364,160,198,3.895707224966289,49.190830046886354,7,-0.32088590217824864,0.8471593710467128,0.6012622777053113,-0.6664341466506214
E01697,Thiès,IEF016,IA04,0.15,1.0504362281327961,0,0.01909654917514469,0.19476189934696447,rural,180,258,0.5070871114458535,131,127,3.5309611230343587,34.15678071223858,8,1.0904034820151014,0.8903658665264509,-0.977315852767778,1.7206865642257747
E01698,Kédougou,IEF055,IA16,0.9,-0.4962851679537585,0,0.0755532240045896,0.9311482138921987,rural,180,132,0.3743268947692924,49,83,4.024275868114194,55.93978632864896,2,-0.9675554294197816,0.7899752332569898,1.3099040117294614,-1.032732227130487
E01699,Saint-Louis,IEF028,IA06,0.35,-0.09886818526410894,0,-1.6584009589402293,0.5055890474866058,urbain,320,334,0.4157759008911225,139,195,4.0256652824201,56.01756388815794,6,-0.11417132974693685,0.6982103447275131,1.318070670741248,-1.2322669672119992
E01700,Ziguinchor,IEF043,IA11,0.55,0.5436260064330518,1,0.03781619554363153,0.5721681070392162,urbain,320,198,0.48587546000256127,96,102,3.50852393386564,33.39893234875614,6,0.761608629551041,0.789435552454175,-1.0568900796562801,0.05965205374257332
E01701,Ziguinchor,IEF044,IA11,0.55,0.5436260064330518,1,-0.6339810327435095,0.5477911893032171,rural,180,112,0.44160813146627337,49,63,3.5546639898487644,34.97606567990543,3,0.12521081897226713,0.7946924052040496,-0.8912907703833755,0.7031900213860586
E01702,Thiès,IEF016,IA04,0.15,1.0504362281327961,0,0.01909654917514469,0.18949483486866872,rural,180,218,0.48860808180497534,107,111,3.592682605151915,36.33140813880896,6,1.0687263817438808,0.9064983420126052,-0.7489795462213019,0.9616537953634946
E01703,Kolda,IEF047,IA12,0.7,0.8036427494500231,0,0.8692594740041972,0.7037407448493093,rural,180,218,0.42057798039367017,92,126,3.9894217594385064,54.023641668962505,4,-0.45020454034120044,0.7267428610918174,1.1087084464313712,-0.92414012303514
E01704,Fatick,IEF036,IA09,0.4,1.508379536169013,1,1.1669515787289226,0.42294017322236455,urbain,320,140,0.49863059653982483,70,70,3.4584786679776958,31.768609130197103,4,1.6489761239260228,0.8950164745314985,-1.22807433754538,1.3581724042924717
E01705,Dakar,IEF007,IA02,0.05,-0.6770804424361538,1,0.35653495020654297,0.10839066666362629,rural,180,98,0.45951918006262543,45,53,3.3153520499293343,27.532084947177086,4,-0.3508268301735377,0.8059942467186835,-1.6729102081529879,0.020415968917958938
E01706,Kaolack,IEF032,IA07,0.3,0.7594385270695994,0,0.3376374748206235,0.27076861764245025,rural,180,140,0.4587081043110533,64,76,3.5624954735616017,35.251055552495984,4,0.7957877169579615,0.8725623814017536,-0.8624167797963812,1.3406636005335855
E01707,Fatick,IEF036,IA09,0.4,1.508379536169013,1,1.1669515787289226,0.47780208912822125,urbain,320,233,0.45825869722366996,107,126,3.3695661291793946,29.065913469932237,8,0.6796394614347545,0.8915724441641721,-1.5118579122597569,1.069621474548959
E01708,Dakar,IEF002,IA01,0.05,1.1358119908378483,0,-0.5868971362215678,0.12850765459019037,rural,180,107,0.514739423380818,55,52,3.6816308825686073,39.71110543955073,3,1.7190185018731614,0.8416331075723875,-0.3941106663996515,0.9349672577165564
E01709,Kaolack,IEF029,IA07,0.3,0.7594385270695994,0,-1.481619640758723,0.3389637705394156,rural,180,132,0.5092426894468686,67,65,3.5742186062244112,35.666740155434304,4,1.2948833908044597,0.8575132361891606,-0.8187698149124393,0.2833105671430153
E01710,Matam,IEF051,IA14,0.65,0.361886464303974,0,0.10403354045954573,0.6573720610521562,urbain,320,246,0.389274334015739,96,150,4.17360233107517,64.94899899562233,4,0.2505266714481068,0.6992286648265844,2.255873109761459,-0.7540528460782349
E01711,Diourbel,IEF020,IA05,0.3,-1.961883486465059,0,0.3932217475238377,0.29068495851124915,urbain,320,386,0.3585508781979007,138,248,3.8679586056149384,47.844616590064966,8,-1.6309005358798754,0.5310311973704147,0.4599096005533701,-2.164037932038141
E01712,Tambacounda,IEF048,IA13,0.75,-0.5950300302811243,1,-1.2870708589133515,0.7448677727981879,urbain,320,246,0.40472803179884304,100,146,3.881157597792393,48.480303293347774,5,-1.431178143096332,0.6780810394808774,0.5266568291474744,-2.143316200687549
E01713,Kaolack,IEF032,IA07,0.3,0.7594385270695994,0,0.3376374748206235,0.2633925371862251,urbain,320,392,0.49196960950020924,193,199,3.846320708803178,46.8204797548441,8,0.940299215723901,0.8527212192081998,0.3523750318749405,0.5999459683712498
E01714,Louga,IEF034,IA08,0.45,-0.5589055756131087,0,-2.3207746068026323,0.5370909585385952,urbain,320,226,0.3934451394683833,89,137,3.6226695496005905,37.43737547278389,6,-0.6663464028975122,0.624327797614143,-0.6328527591149886,-1.8347965508634796
E01715,Louga,IEF033,IA08,0.45,-0.5589055756131087,0,-1.965905696172405,0.37485592275116,urbain,320,260,0.44971618819272247,117,143,3.827075727422022,45.928035573853265,6,-0.2368464124876991,0.7586210384402395,0.25866821773449683,-0.36707812214689717
E01716,Thiès,IEF015,IA04,0.15,1.0504362281327961,0,-1.0960478553026407,0.14009389177415063,urbain,320,266,0.4592257403984488,122,144,3.7200376868751435,41.26594926398373,6,1.1594750430046865,0.9001892169120925,-0.23085175970612912,0.7428023639403988
E01717,Dakar,IEF002,IA01,0.05,1.1358119908378483,0,-0.5868971362215678,0.06909285776339794,urbain,320,359,0.5132928310312029,184,175,3.626704971294689,37.58875630725696,10,1.3357768192906847,0.8911162444640945,-0.6169577417878057,1.3767543206466029
E01718,Kolda,IEF047,IA12,0.7,0.8036427494500231,0,0.8692594740041972,0.7313769417534077,urbain,320,476,0.44942562840110983,214,262,3.8132542859969014,45.297610646924014,11,-0.04857558969289915,0.7486772564940689,0.19247347669010562,-0.23833445873550324
E01719,Thiès,IEF014,IA04,0.15,1.0504362281327961,0,0.597248963746674,0.17427982574582251,urbain,320,254,0.4704553397328411,119,135,3.811463227029784,45.21655256675532,6,0.60798491141520306,0.9295962125320439,0.18396236236526795,0.9651412790487418
E01720,Fatick,IEF037,IA09,0.4,1.508379536169013,1,-0.8651748349735274,0.4467021518430943,rural,180,130,0.48370668390808796,63,67,3.3313064196752875,27.974864754554353,5,1.0876723066343108,0.880958973737488,-1.6264182414856976,0.8326326873313445
E01721,Ziguinchor,IEF042,IA11,0.55,0.5436260064330518,1,0.09332094674687035,0.5956876085747806,rural,180,176,0.4607435528065881,81,95,3.764771531708178,43.15384544815211,4,0.29759279926735077,0.820633878792968,-0.03262228988101719,-0.06096538411727362
E01722,Dakar,IEF012,IA03,0.05,0.46256507759004684,0,-0.8514222791158281,0.049858224286815085,urbain,320,415,0.4701401742507432,195,220,3.732390573235828,41.77886431418319,10,0.3535983330793464,0.8535522187681208,-0.17699557877892025,0.10552817290573449
E01723,Diourbel,IEF022,IA05,0.3,-1.961883486465059,0,-0.4134188533806319,0.36767322821696313,urbain,320,245,0.3801832339402177,93,152,4.164828741369984,64.38165558513336,4,-2.1620756476036815,0.6027402491104625,2.1963019403226367,-2.3796589101282897
E01724,Thiès,IEF014,IA04,0.15,1.0504362281327961,0,0.597248963746674,0.07561481238338245,urbain,320,214,0.48557017606006264,104,110,3.6620558971396036,38.94131997916639,5,0.9035571441700085,0.883745869660736,-0.47493829080543165,1.5052024106176067
E01725,Kolda,IEF045,IA12,0.7,0.8036427494500231,0,-1.432219330403182,0.7088209291407327,rural,180,212,0.43797516404134923,93,119,4.0285717614982355,56.18061460256952,4,0.0758126442679233,0.79757855872382,1.3351910277521137,-0.4948914889856572
E01726,Dakar,IEF004,IA01,0.05,1.1358119908378483,0,1.689559554478078,0.03345563687996218,urbain,320,203,0.5149473567560366,105,98,3.659995908698392,38.861183878183134,5,1.1315814709992165,0.8835858180554381,-0.48335259713486545,1.1506150773068753
E01727,Dakar,IEF005,IA02,0.05,-0.6770804424361538,1,0.5635836405531154,0.03996370999983835,urbain,320,576,0.4531058250020308,261,315,3.6958479814240683,40.279714559760286,14,-0.20935952974145394,0.736073280059921,-0.33440659719178084,0.22972280722981783
E01728,Louga,IEF035,IA08,0.45,-0.5589055756131087,0,0.9958108211774965,0.4384748954433762,urbain,320,206,0.41063597598884205,85,121,3.7906518145097303,44.28525664330948,5,-0.33354026719251245,0.6724238633916833,0.08617610764264554,-0.24387988600114954
E01729,Kaffrine,IEF041,IA10,0.55,-1.7249192939776967,1,0.31771647692565824,0.55404986222177,urbain,320,243,0.3793497360840868,92,151,3.914657358348979,50.131891293874176,5,-2.508085155596125,0.5412375764777838,0.7000738933162236,-1.8601669733685084
E01730,Louga,IEF034,IA08,0.45,-0.5589055756131087,0,-2.3207746068026323,0.43908055825749576,rural,180,266,0.416199583483312,111,155,3.8017422759475172,44.77913417708043,6,-0.6424599391909203,0.6418393054745063,0.13803334560887104,-1.5119722793493064
E01731,Kaffrine,IEF041,IA10,0.55,-1.7249192939776967,1,0.31771647692565824,0.5933925573844592,urbain,320,308,0.3211328322510197,99,209,3.9422799801443964,51.53596843707267,6,-1.946463600219593,0.54235165544803,0.8475022688931353,-1.8227222469299016
E01732,Dakar,IEF011,IA03,0.05,0.46256507759004684,0,0.1990233856571336,0,urbain,320,318,0.4770956749567133,152,166,3.812021701764683,45.241811921662325,7,0.46929877024465055,0.8599254566587827,0.18661459958748894,0.6269237420806715
E01733,Louga,IEF033,IA08,0.45,-0.5589055756131087,0,-1.965905696172405,0.48654791208058357,rural,180,237,0.4151773210167325,98,139,3.882734028425784,48.55678940025663,5,-0.4881950619543865,0.7109699623278404,0.5346878853828091,-1.1575085147074442
E01734,Thiès,IEF014,IA04,0.15,1.0504362281327961,0,0.597248963746674,0.1124665926053995,urbain,320,355,0.5042757561670426,179,176,3.5569605272112,35.056481825528365,10,0.48319893045781526,0.90121545043849,-0.8828470593118183,1.0356771319451088
E01735,Dakar,IEF010,IA03,0.05,0.46256507759004684,0,0.028674535806565937,0.08519535361830324,urbain,320,211,0.47760233938493907,101,110,3.8540323849832805,47.182939924750876,4,0.4466702405459434,0.8864170862971759,0.39043342084561905,0.7685945256191054
E01736,Fatick,IEF036,IA09,0.4,1.508379536169013,1,1.1669515787289226,0.5700654594914284,urbain,320,287,0.4764276407714726,137,150,3.5936265859459726,36.365720482861974,8,1.467741631015334,0.8020633934809165,-0.7453767433621596,1.9833022757933647
E01737,Dakar,IEF005,IA02,0.05,-0.6770804424361538,1,0.5635836405531154,0.051231467925712496,rural,180,152,0.4695472981506928,71,81,3.455797208059855,31.68353698791276,5,-0.9819179983759928,0.8407189961583447,-1.2370069291800945,0.12456833082470592
E01738,Dakar,IEF010,IA03,0.05,0.46256507759004684,0,0.028674535806565937,0.015743397163511808,urbain,320,379,0.5106716708465435,194,185,3.5853532642363244,36.06609633065623,11,0.3096433441391827,0.8577485918334296,-0.7768373381430673,1.3591876514117458
E01739,Tambacounda,IEF048,IA13,0.75,-0.5950300302811243,1,-1.2870708589133515,0.7592891808078458,rural,180,134,0.36852594120514504,49,85,3.585258963705875,36.06269543899648,4,-0.8083080618849325,0.5731813995778919,-0.7771944324347443,-1.2474311360554287
E01740,Fatick,IEF037,IA09,0.4,1.508379536169013,1,-0.8651748349735274,0.39988342535448085,urbain,320,232,0.4748684210152095,110,122,3.473455945523576,32.24799741076662,7,1.6450451082658413,0.8950525154427817,-1.1777384740087269,1.238671401881665
E01741,Diourbel,IEF024,IA05,0.3,-1.961883486465059,0,-2.89232139833262,0.3097001374096999,rural,180,291,0.37793671813440816,110,181,4.031902244701126,56.368035123038226,5,-1.3938372522560991,0.5900178288437263,1.3548702191813944,-2.1400873383941796
E01742,Kaolack,IEF030,IA07,0.3,0.7594385270695994,0,-0.4906862327461932,0.24229117935804176,rural,180,188,0.48124376426967047,90,98,3.697825030939738,40.35942832298552,5,0.16777530623110729,0.8297981997592128,-0.32603663640981995,0.2759779880555363
E01743,Thiès,IEF019,IA04,0.15,1.0504362281327961,0,0.4061865653228522,0.23502425799226717,rural,180,154,0.46870226905571427,72,82,3.6156588663344866,37.175831762318744,4,0.6892092350127375,0.8496093723100786,-0.660314900040093,0.6103263480098247
E01744,Ziguinchor,IEF044,IA11,0.55,0.5436260064330518,1,-0.6339810327435095,0.6245530512456875,urbain,320,249,0.450934742435997,112,137,3.8243607955290324,45.80351319666442,5,0.5193981091803513,0.8310478459635195,0.24559334369295577,0.19958298471819452
E01745,Kaffrine,IEF039,IA10,0.55,-1.7249192939776967,1,-1.332630847294145,0.5263790388618002,rural,180,223,0.36127384597421497,81,142,3.9334910592073,51.08500751786905,4,-1.7270880332170033,0.6063335368356855,0.8001512838785881,-2.1965368765824476
E01746,Kédougou,IEF055,IA16,0.9,-0.4962851679537585,0,0.0755532240045896,0.8866034121305555,rural,180,121,0.3598964278620996,44,77,4.056705887655113,57.7836513847807,2,-0.4149028294134577,0.6784554116338894,1.5035102044699014,-1.1024159654387997
E01747,Kaolack,IEF032,IA07,0.3,0.7594385270695994,0,0.3376374748206235,0.2759636930261,urbain,320,386,0.49462358392256695,191,195,3.7563805970895077,42.79325929553812,9,0.31855512288519916,0.823663815555122,-0.0704839066681895,0.4011313772743589
E01748,Thiès,IEF018,IA04,0.15,1.0504362281327961,0,1.839675695915115,0.24274264963173325,rural,180,81,0.4911664896926279,40,41,3.824659380266703,45.81719146859663,2,0.3374336521623794,0.8361275699889713,0.24702956493011075,0.6096918637048997
E01749,Fatick,IEF036,IA09,0.4,1.508379536169013,1,1.1669515787289226,0.38406686840762566,urbain,320,261,0.5117715332633999,134,127,3.543526208187333,34.58867125891307,8,1.5786766364371245,0.872756654843831,-0.9319672606112266,1.3802949756303338
E01750,Dakar,IEF007,IA02,0.05,-0.6770804424361538,1,0.35653495020654297,0.00923480021693511,urbain,320,365,0.474684241846843,173,192,3.49912872396096,33.08661182456207,11,-0.6149294360441275,0.7887711232254517,-1.0896837959875432,-0.30229517055310295
E01751,Thiès,IEF017,IA04,0.15,1.0504362281327961,0,0.4161989798572152,0.2423755597295387,urbain,320,625,0.4481602004056573,280,345,3.657062351565721,38.74734942660289,16,1.2811965516218593,0.869444360761315,-0.49530523689006706,0.5006462228465087
E01752,Louga,IEF033,IA08,0.45,-0.5589055756131087,0,-1.965905696172405,0.451999429890897,urbain,320,429,0.4416763892542972,189,240,3.9043058795415315,49.61562873396254,9,-0.4988857706263194,0.7239608805855219,0.6458662232123089,-1.3039457416775544
E01753,Louga,IEF034,IA08,0.45,-0.5589055756131087,0,-2.3207746068026323,0.4183612228558808,rural,180,175,0.4186869659701447,73,102,3.935299335139817,51.177466878300045,3,-0.6949963960447716,0.629011829233918,0.8098595348683947,-1.8937037306299993
E01754,Dakar,IEF012,IA03,0.05,0.46256507759004684,0,-0.8514222791158281,0.07442446544944716,urbain,320,425,0.47742575353143674,203,222,3.726338068186992,41.52676122420285,10,0.18854582981681944,0.8714002477833998,-0.20346645270045874,0.4204172495188752
E01755,Diourbel,IEF022,IA05,0.3,-1.961883486465059,0,-0.4134188533806319,0.37016981632199586,urbain,320,226,0.3783667263360775,86,140,3.928105145285895,50.810607674987516,4,-1.6845255000165535,0.6796523436651392,0.7713392465268301,-1.5385186983335575
E01756,Thiès,IEF019,IA04,0.15,1.0504362281327961,0,0.4061865653228522,0.08036611068877551,urbain,320,233,0.48213774604070814,112,121,3.5446054996890166,34.62602267076223,7,0.7485200660770388,0.889416994548481,-0.928045355037091,1.1411695772020376
E01757,Saint-Louis,IEF026,IA06,0.35,-0.09886818526410894,0,0.49988989751365537,0.29709898210285435,rural,180,175,0.4438650829426435,78,97,3.8632515158180123,47.61993689207947,4,0.6984874134923317,0.7928250031599832,0.43631818817295387,0.41196784345669096
E01758,Ziguinchor,IEF042,IA11,0.55,0.5436260064330518,1,0.09332094674687035,0.5726657347429667,urbain,320,214,0.4590535094960337,98,116,3.5568599045939804,35.05295452804249,6,0.5259374595518851,0.754891842465362,-0.8832174262400444,0.40188535180892077
E01759,Tambacounda,IEF050,IA13,0.75,-0.5950300302811243,1,-0.9304449072754517,0.7604922462420716,urbain,320,216,0.39785483223653484,86,130,3.781112100598629,43.8647966869981,5,-0.10435030478216346,0.570750212458071,0.04202772971739975,-0.9493347480396449
E01760,Kaolack,IEF031,IA07,0.3,0.7594385270695994,0,0.014753903421311736,0.3120446316163251,urbain,320,442,0.4815328142154898,213,229,3.7585298994443805,42.88533386111014,10,0.3626349756211325,0.8776734954737184,-0.06081605921408868,0.532117262316162
E01761,Diourbel,IEF024,IA05,0.3,-1.961883486465059,0,-2.89232139833262,0.33662015458063116,urbain,320,378,0.38963676490582017,147,231,4.206204052785858,67.1013426044636,6,-1.949514455995102,0.6696446553560031,2.481869611073322,-2.8153006929059132
E01762,Thiès,IEF013,IA04,0.15,1.0504362281327961,0,-1.1304494696840526,0.19563689143403,rural,180,199,0.4633964541153593,92,107,3.6233148338588275,37.46154101783056,5,0.8128705792020562,0.8652016873199698,-0.6303153721427561,0.4590231984217819
E01763,Dakar,IEF002,IA01,0.05,1.1358119908378483,0,-0.5868971362215678,0.09110530087663263,urbain,320,425,0.5019478958570016,213,212,3.6300930731838985,37.71632683244901,11,0.7247062094726011,0.9059607471608989,-0.6035628116077484,0.8469676368597827
E01764,Ziguinchor,IEF042,IA11,0.55,0.5436260064330518,1,0.09332094674687035,0.6338179695942195,rural,180,279,0.45203574268536617,126,153,3.5782513651185375,35.810865935954105,8,0.3177460037902421,0.7751115988102358,-0.8036365796741067,-0.05835903479693638
E01765,Kaolack,IEF029,IA07,0.3,0.7594385270695994,0,-1.481619640758723,0.22933371264187818,urbain,320,353,0.48807044063721755,172,181,3.5685918112539348,35.46661428295297,10,0.8723268301164575,0.8638714970560509,-0.8397830707963895,0.1905744318762498
E01766,Kolda,IEF046,IA12,0.7,0.8036427494500231,0,-0.3584819723018034,0.8197259454508955,rural,180,158,0.45345923313008274,72,86,3.9529108395972794,52.08676259460185,3,-0.49881779831593814,0.7751668990506231,0.9053357635234952,-0.5663141607781027
E01767,Thiès,IEF018,IA04,0.15,1.0504362281327961,0,1.839675695915115,0.14072588325127278,urbain,320,204,0.4929268460446467,101,103,3.6369959590700724,37.9775789921577,5,1.3577388885841815,0.8848504769917037,-0.5761312835692871,1.5642303114175722
E01768,Dakar,IEF003,IA01,0.05,1.1358119908378483,0,-1.5898776485547115,0.05407745724491892,rural,180,113,0.5229486728788917,59,54,3.52765293882704,34.04397049109319,3,1.6238584655241832,0.9036501477482676,-0.9891609481263209,0.9913761045681947
E01769,Fatick,IEF036,IA09,0.4,1.508379536169013,1,1.1669515787289226,0.3840193571876595,urbain,320,324,0.49691825470910883,161,163,3.445457993016298,31.357641739343705,10,0.6802057047948418,0.864934870604247,-1.2712259942346826,1.2012048946176344
E01770,Tambacounda,IEF050,IA13,0.75,-0.5950300302811243,1,-0.9304449072754517,0.8544167804397919,rural,180,83,0.3721082663536231,31,52,3.67269452549473,39.35781374302849,2,-0.5569126900977419,0.5680272779818991,-0.43120636386570027,-1.375444912753511
E01771,Louga,IEF035,IA08,0.45,-0.5589055756131087,0,0.9958108211774965,0.4239351378837444,rural,180,106,0.42964160441523724,46,60,3.909576641393972,49.87783129378435,2,0.0215891049228022,0.6894785993499479,0.6733975434491576,0.0311222033114624
E01772,Thiès,IEF019,IA04,0.15,1.0504362281327961,0,0.4061865653228522,0.11595409679528382,rural,180,72,0.5221498123846565,38,34,3.6538879585388893,38.62454512845129,2,0.5284673135672869,0.8817736399520614,-0.5081997122955353,0.6964119306164362
E01773,Louga,IEF033,IA08,0.45,-0.5589055756131087,0,-1.965905696172405,0.4105092039259719,rural,180,168,0.4276532124534791,72,96,3.9451569708054053,51.68445042520239,3,-0.3170730237053445,0.6493064890077912,0.8630929067853874,-1.524132415535385
E01774,Kaolack,IEF030,IA07,0.3,0.7594385270695994,0,-0.4906862327461932,0.3858448749620002,rural,180,155,0.453937522360062,70,85,3.66516762984036,39.062683685734214,4,0.7461173355660595,0.8613465724891665,-0.4621950777989663,0.7550227003808794
E01775,Diourbel,IEF023,IA05,0.3,-1.961883486465059,0,0.1117959092790192,0.37542020799658227,urbain,320,274,0.3738358393756254,102,172,4.151070839757768,63.50196433043625,4,-0.6568269084997015,0.5754908523150762,2.103934185945714,-1.5429777191269776
E01776,Diourbel,IEF021,IA05,0.3,-1.961883486465059,0,0.10955641117140437,0.36660970813807336,urbain,320,338,0.3615647810249441,122,216,3.9894282965237164,54.02399482726576,6,-1.5391469684972248,0.5567639404101186,1.1087455281225183,-1.4716845513961436
E01777,Dakar,IEF003,IA01,0.05,1.1358119908378483,0,-1.5898776485547115,0.012984105255277732,rural,180,184,0.5132019076629001,94,90,3.4171865891357136,30.483531566087034,6,1.4216309507866103,0.9303422031669601,-1.3630077339651085,0.8677275906519809
E01778,Dakar,IEF010,IA03,0.05,0.46256507759004684,0,0.028674535806565937,0.11201403830971414,rural,180,230,0.4730537425275131,109,121,3.725640832190708,41.49781736299175,6,1.0553960743501658,0.8465577443765866,-0.20650556380766974,0.7422645367418399
E01779,Fatick,IEF038,IA09,0.4,1.508379536169013,1,-1.390946513569097,0.46380601457910553,urbain,320,684,0.5008895366112133,343,341,3.4312741130003435,30.91600815427288,22,1.0045304127729853,0.8898401491704505,-1.3175976073348576,1.054767341823966
E01780,Louga,IEF035,IA08,0.45,-0.5589055756131087,0,0.9958108211774965,0.4418432085042817,rural,180,198,0.41332625296893905,82,116,3.8384901519354524,46.45528104626845,4,-0.32124859363819325,0.7416444294935257,0.3140290958066099,-0.4540309689525541
E01781,Tambacounda,IEF048,IA13,0.75,-0.5950300302811243,1,-1.2870708589133515,0.80481958519616,rural,180,176,0.39102169262970166,69,107,3.9328700325863752,51.053292217312595,3,-1.728288645676854,0.6609342193184814,0.7968211710962373,-2.1044268227833167
E01782,Kolda,IEF045,IA12,0.7,0.8036427494500231,0,-1.432219330403182,0.688352115879277,urbain,320,215,0.4556352849521794,98,117,4.018608871187466,55.6236722860924,4,-0.35268967381804983,0.7254071080846825,1.276711975225684,-0.7990070490008638
E01783,Dakar,IEF004,IA01,0.05,1.1358119908378483,0,1.689559554478078,0.09139510124750937,urbain,320,321,0.5015858882009663,161,160,3.633817725843095,37.857068994604816,8,1.3773610005141614,0.8966020317172928,-0.5887848569616488,2.0140600243706355
E01784,Diourbel,IEF022,IA05,0.3,-1.961883486465059,0,-0.4134188533806319,0.2948989153891708,urbain,320,263,0.3617113416160773,95,168,3.965318662304992,52.737072029252566,5,-1.6349812553332694,0.5946837951397284,0.9736183817808463,-1.7403820942886834
E01785,Kolda,IEF047,IA12,0.7,0.8036427494500231,0,0.8692594740041972,0.7051867729866537,rural,180,199,0.41561720835474564,83,116,3.9851013315694943,53.79073990183358,4,0.5368841106529362,0.7599177213737025,1.084253715177367,-0.07592364520931144
E01786,Sédhiou,IEF054,IA15,0.7,-0.5128143979953421,1,0.5471627551526171,0.5867456406041905,rural,180,190,0.38098795316672973,72,118,3.5193752166902836,33.76332710939049,6,-0.8776253535063558,0.6437041726838809,-1.0186285582795556,-0.19519189878442827
E01787,Ziguinchor,IEF042,IA11,0.55,0.5436260064330518,1,0.09332094674687035,0.513483072951204,rural,180,144,0.4245832073354608,61,83,3.7407060717668026,42.12772486347176,3,0.10767292410745187,0.8291076490948243,-0.1403651526419906,0.27325222812527145
E01788,Ziguinchor,IEF042,IA11,0.55,0.5436260064330518,1,0.09332094674687035,0.536993925063986,urbain,320,357,0.4314563720690375,154,203,3.7035439781150465,40.590903026500406,9,0.896717264026841,0.7695320530993963,-0.30173174711534173,0.717052504458341
E01789,Diourbel,IEF020,IA05,0.3,-1.961883486465059,0,0.3932217475238377,0.3067299734796633,urbain,320,273,0.4051728727736562,111,162,4.078024453719152,59.02874057689597,5,-1.3127282715240434,0.6073204666954841,1.6342448139827166,-1.3391174338202843
E01790,Dakar,IEF001,IA01,0.05,1.1358119908378483,0,-0.3499273505312711,0.07942211761019198,urbain,320,408,0.48526675612202047,198,210,3.6461822619594946,38.32805988289658,11,-0.15759243517501126,0.8866709691301448,-0.5393307212620938,0.18841753454045423
E01791,Kolda,IEF046,IA12,0.7,0.8036427494500231,0,-0.3584819723018034,0.6815495263015322,rural,180,170,0.4541167400137665,77,93,3.8871788293384064,48.7730950236975,3,0.18815914593448932,0.7354943345401399,0.5574000182926815,-0.1732191130295857
E01792,Tambacounda,IEF048,IA13,0.75,-0.5950300302811243,1,-1.2870708589133515,0.7815039606446329,rural,180,100,0.39509946558182446,40,60,4.035364528158963,56.563535482130014,2,-1.272830438643603,0.6333021060791664,1.3753977952517147,-2.396173756044947
E01793,Matam,IEF052,IA14,0.65,0.361886464303974,0,-0.6415822632825328,0.5638933620928688,rural,180,168,0.4747954788012623,80,88,4.002104682644099,54.713182823213984,3,0.10901050552919639,0.8116755597412478,1.1811104029457742,-0.42803273226831395
E01794,Kolda,IEF045,IA12,0.7,0.8036427494500231,0,-1.432219330403182,0.7155012091723573,urbain,320,285,0.4074868164268035,116,169,3.8587836283616204,47.40765096132662,6,0.285646358958647,0.719089943851841,0.4140281237841613,-0.6361339679969701
E01795,Kaolack,IEF031,IA07,0.3,0.7594385270695994,0,0.014753903421311736,0.2306975252771699,urbain,320,318,0.4757118836867087,151,167,3.714189758071232,41.025333169278404,8,1.2109709831125999,0.8843122231526261,-0.25611649686954246,0.772249910545096
E01796,Fatick,IEF036,IA09,0.4,1.508379536169013,1,1.1669515787289226,0.433276785624163,rural,180,147,0.4572045094365666,67,80,3.433853518478365,30.995856010792643,5,1.3290791577485064,0.8755072044307991,-1.3092135667306566,1.6013641448245837
E01797,Kaffrine,IEF039,IA10,0.55,-1.7249192939776967,1,-1.332630847294145,0.5712718502503167,rural,180,130,0.36179743350643456,47,83,3.6523841303505846,38.566504101531166,3,-1.5153528975546047,0.5170547923026252,-0.5142940315123248,-1.995018049122779
E01798,Matam,IEF051,IA14,0.65,0.361886464303974,0,0.10403354045954573,0.6374233220214067,urbain,320,510,0.36870236190622413,188,322,3.953273113088178,52.105635666316985,10,-0.6701988493133045,0.7343300877932669,0.9073174397573027,-1.2093718088519494
E01799,Diourbel,IEF022,IA05,0.3,-1.961883486465059,0,-0.4134188533806319,0.254689403138716,rural,180,185,0.4372603806316009,81,104,3.955248368664777,52.208659329274774,4,-2.468687506822509,0.5404774086216285,0.9181349445855989,-2.547238716411746
E01800,Thiès,IEF016,IA04,0.15,1.0504362281327961,0,0.01909654917514469,0.059454489065427024,urbain,320,197,0.4769199663700657,94,103,3.708253943267729,40.78253570262329,5,0.5426483020483303,0.8984294191233472,-0.2816102785157638,0.4137403660831832
E01801,Kaolack,IEF032,IA07,0.3,0.7594385270695994,0,0.3376374748206235,0.3510823206649067,rural,180,154,0.5007550392807607,77,77,3.731310311888345,41.733756590374696,4,0.16552877383010275,0.8203928995073921,-0.18173189863091135,0.10681955176524469
E01802,Dakar,IEF012,IA03,0.05,0.46256507759004684,0,-0.8514222791158281,0.004412275304975823,rural,180,199,0.4832432656500219,96,103,3.617350925153894,37.238788704724996,5,1.2059984578783964,0.8918312061204907,-0.6537044087325432,0.9766127731597496
E01803,Dakar,IEF009,IA03,0.05,0.46256507759004684,0,0.5687463271242291,0,urbain,320,271,0.47536518853386267,129,142,3.5729036639835106,35.61987127389806,8,0.1891846168699982,0.9097993704091862,-0.8236910566714599,1.0722987836336146
E01804,Sédhiou,IEF054,IA15,0.7,-0.5128143979953421,1,0.5471627551526171,0.714208024427736,urbain,320,252,0.386120794892445,97,155,3.6373295400398042,37.990249703022485,7,-1.1343743568083842,0.6848322402264801,-0.5748008564419398,-0.86822626637468
E01805,Kédougou,IEF055,IA16,0.9,-0.4962851679537585,0,0.0755532240045896,0.8441802857690507,urbain,320,128,0.3864077368514732,49,79,4.1654595768244045,64.42228262923335,2,-1.0258917998568677,0.6564553955520096,2.2005677879259307,-2.2322607546037925
E01806,Kaolack,IEF032,IA07,0.3,0.7594385270695994,0,0.3376374748206235,0.2731807802294343,rural,180,94,0.4891557032265244,46,48,3.7460116731474398,42.35183176390458,2,0.2712540609373019,0.8432450083721508,-0.11683388411701334,0.894776989628281
E01807,Thiès,IEF013,IA04,0.15,1.0504362281327961,0,-1.1304494696840526,0.07326055232955332,urbain,320,378,0.4801784627522952,182,196,3.558063009561296,35.09515229083331,11,1.1382400939740396,0.8773603540407882,-0.8787866528659699,0.6573470772556107
E01808,Saint-Louis,IEF026,IA06,0.35,-0.09886818526410894,0,0.49988989751365537,0.4092795292611552,urbain,320,376,0.4266700617873754,160,216,3.715166836201816,41.06543771456451,9,0.44583298871238336,0.7887886566790188,-0.2519055117442434,-0.3896075890423408
E01809,Dakar,IEF010,IA03,0.05,0.46256507759004684,0,0.028674535806565937,0.04013914745734036,rural,180,117,0.49447202584675476,58,59,3.640435901515193,38.10844463418742,3,0.6302895326559629,0.8245449460654544,-0.5623903654746297,0.8561298318375723
E01810,Tambacounda,IEF049,IA13,0.75,-0.5950300302811243,1,0.10831608168981055,0.6564592782615656,rural,180,124,0.36484839349842846,45,79,3.693203246922839,40.17332615551824,3,-0.8635687364772955,0.566214278099064,-0.3455774005152329,-1.2260478152722947
E01811,Tambacounda,IEF048,IA13,0.75,-0.5950300302811243,1,-1.2870708589133515,0.7909721364929052,rural,180,120,0.38864423945835197,47,73,3.783279690470564,43.959980698713146,3,-1.1283126527171954,0.5161885361993949,0.052022069626727285,-1.3868585661655646
E01812,Kédougou,IEF055,IA16,0.9,-0.4962851679537585,0,0.0755532240045896,0.9031191523343953,rural,180,139,0.4014553042009986,56,83,4.082898766262907,59.31716747790359,2,-0.09174898833315771,0.6429066788668394,1.6645296951904327,-0.6990341859577605
E01813,Thiès,IEF014,IA04,0.15,1.0504362281327961,0,0.597248963746674,0.19885259056098906,rural,180,137,0.49964286785423123,68,69,3.828561182808611,45.996310318681175,3,0.9998843283852925,0.9056088153834402,0.265837079339905,1.126660294972658
E01814,Saint-Louis,IEF027,IA06,0.35,-0.09886818526410894,0,0.949372149400778,0.26749144883114356,rural,180,198,0.43111861020960773,85,113,3.7711285333800744,43.4290483215993,5,0.6415525246789531,0.8178492578206434,-0.0037259341622757234,0.8698235569426617
E01815,Matam,IEF052,IA14,0.65,0.361886464303974,0,-0.6415822632825328,0.7038999873039233,rural,180,298,0.3799894582183015,113,185,4.146764139229913,63.229068449350514,5,0.11720684497927053,0.7619289270645905,2.0752800648776577,-0.2851610362824514
E01816,Louga,IEF033,IA08,0.45,-0.5589055756131087,0,-1.965905696172405,0.5092408695193454,urbain,320,478,0.4205905908652643,201,277,3.8902276970201175,48.92202465485615,10,0.5513521818656305,0.6199641668062523,0.573037658790818,-0.9897143659304558
E01817,Saint-Louis,IEF028,IA06,0.35,-0.09886818526410894,0,-1.6584009589402293,0.2863053421188455,rural,180,125,0.45138562285285183,56,69,3.944478495467349,51.64939569345811,2,-0.22324516517221454,0.7874973255963487,0.8594121530729731,-0.4703498528448327
E01818,Tambacounda,IEF049,IA13,0.75,-0.5950300302811243,1,0.10831608168981055,0.7228221893165607,urbain,320,169,0.3784514325126327,64,105,3.6900924809305313,40.048550513247825,4,-0.6409157346357176,0.579245585258086,-0.35867886744004024,-1.5496867691469802
E01819,Kolda,IEF047,IA12,0.7,0.8036427494500231,0,0.8692594740041972,0.715923389725309,rural,180,225,0.46816144374598856,105,120,3.981706448470265,53.60843625292505,4,0.5504925571779321,0.7936714583547962,1.065111796266058,0.35056584359385046
E01820,Kolda,IEF045,IA12,0.7,0.8036427494500231,0,-1.432219330403182,0.7231886702526429,urbain,320,278,0.423518333585172,118,160,3.7549074792440598,42.730266191129765,7,0.9267896555294873,0.7503597970899686,-0.07709819499305676,-0.6789005000523005
E01821,Thiès,IEF015,IA04,0.15,1.0504362281327961,0,-1.0960478553026407,0.1383040478127396,urbain,320,388,0.4852376308245041,188,200,3.454147078261437,31.631298151693418,12,0.3581354287247462,0.8705311539185389,-1.2424920172346596,0.47262696063423115
E01822,Kédougou,IEF055,IA16,0.9,-0.4962851679537585,0,0.0755532240045896,0.8998885922327059,rural,180,285,0.4134403978222992,118,167,4.055469289081202,57.71224036636468,5,-1.7499260315957748,0.6232309454384706,1.4960120335222686,-1.3814386113075638
E01823,Ziguinchor,IEF042,IA11,0.55,0.5436260064330518,1,0.09332094674687035,0.6131808269013899,rural,180,124,0.4460231500891855,55,69,3.618267982459527,37.27295447154818,3,1.2591409848029242,0.7378967439520077,-0.6501169965112976,0.4134993854832443
E01824,Sédhiou,IEF053,IA15,0.7,-0.5128143979953421,1,-1.6637734035387284,0.7737404136704125,rural,180,256,0.3701926800319103,95,161,3.755253485851367,42.74505370370488,6,-1.3003104891465047,0.5660116373940164,-0.0755455032707155,-1.8064848853449198
E01825,Fatick,IEF038,IA09,0.4,1.508379536169013,1,-1.390946513569097,0.5154984859991434,urbain,320,414,0.49162753533771636,204,210,3.5409373983511783,34.499243572120946,12,0.2921552782681791,0.8285371493350465,-0.9413571852740052,-0.04301662258490384
E01826,Louga,IEF035,IA08,0.45,-0.5589055756131087,0,0.9958108211774965,0.4074060772548165,urbain,320,285,0.4281500223839793,122,163,4.1029677882821085,60.51963079051163,5,-0.41235905316610266,0.6644218163013059,1.790788578989935,-0.3461655882586901
E01827,Dakar,IEF003,IA01,0.05,1.1358119908378483,0,-1.5898776485547115,0.18296072737158897,urbain,320,378,0.4750973682788642,180,198,3.7229280552346493,41.38539559685509,9,0.7990505616312725,0.9137790302254866,-0.21830987131406476,0.12612401764853576
E01828,Saint-Louis,IEF025,IA06,0.35,-0.09886818526410894,0,0.09534935373040888,0.39393638012149956,rural,180,73,0.4025410826086323,29,44,3.994727978281679,54.31106482505735,1,-0.06070541961311544,0.8735170376015046,1.1388879342262679,-0.4925818061049303
E01829,Dakar,IEF004,IA01,0.05,1.1358119908378483,0,1.689559554478078,0.033709982708146985,urbain,320,309,0.517697128140641,160,149,3.5534096848727583,34.932222528771455,9,1.2985031290640858,0.8931177061016025,-0.8958943098563783,1.951337618633582
E01830,Dakar,IEF006,IA02,0.05,-0.6770804424361538,1,2.6676333910661167,0.03276410019101232,urbain,320,178,0.45688019982462325,81,97,3.6526592641588835,38.5771165105267,5,0.1815324342336046,0.8129519521208977,-0.513179726485177,0.9152195205602096
E01831,Saint-Louis,IEF028,IA06,0.35,-0.09886818526410894,0,-1.6584009589402293,0.25087735414879175,rural,180,202,0.4159363941432878,84,118,3.6479979141602,38.39771352342962,5,0.3724939322781903,0.7511506086473537,-0.5320170753370476,0.11695540347106093
E01832,Fatick,IEF037,IA09,0.4,1.508379536169013,1,-0.8651748349735274,0.4826876022920775,rural,180,209,0.49774939127067813,104,105,3.3955611541090733,29.83138878535108,7,0.8882297581830774,0.9170129405081984,-1.431482853921192,0.8765750099622515
E01833,Diourbel,IEF023,IA05,0.3,-1.961883486465059,0,0.1117959092790192,0.3330670695687381,rural,180,236,0.3573376670759589,84,152,4.034527296225054,56.51619850271008,4,-1.3897637440320356,0.6865730027420575,1.3704274031230455,-1.6250957487570772
E01834,Kolda,IEF047,IA12,0.7,0.8036427494500231,0,0.8692594740041972,0.7275681042060748,rural,180,136,0.44432150865228137,60,76,3.995048006403877,54.3284486746599,3,0.5129863405982612,0.7332468181502593,1.1407132418460042,-0.4732355118356419
E01835,Dakar,IEF001,IA01,0.05,1.1358119908378483,0,-0.3499273505312711,0.04629628740177534,urbain,320,309,0.523737066658821,162,147,3.6899867505780772,40.044316389728415,8,1.0328660380219732,0.9289175026661066,-0.3591234512404977,0.6775879413609389
E01836,Kolda,IEF045,IA12,0.7,0.8036427494500231,0,-1.432219330403182,0.7164314122261864,urbain,320,186,0.4334998134029238,81,105,3.5940818262467142,36.382279393246975,5,-0.17351003620389838,0.787170053806333,-0.7436380545221554,-0.8296011084506667
E01837,Thiès,IEF015,IA04,0.15,1.0504362281327961,0,-1.0960478553026407,0.17816774769029353,urbain,320,212,0.46164801489597157,98,114,3.5229648097389386,33.884741497433005,6,0.5565824252887182,0.8920062223987566,-1.0058800237083019,0.7573296680268898
E01838,Dakar,IEF005,IA02,0.05,-0.6770804424361538,1,0.5635836405531154,0.11939531898097133,urbain,320,167,0.4458896413333065,74,93,3.51068049535655,33.47103692112393,5,-0.8563538566930121,0.7919889673077255,-1.0493190854076053,-0.14372903564917264
E01839,Thiès,IEF014,IA04,0.15,1.0504362281327961,0,0.597248963746674,0.11294621996257057,urbain,320,361,0.4954021145818007,179,182,3.6123182575335306,37.05184905571157,10,0.7014893839504006,0.9019903807269551,-0.6733331085646515,1.1840861900725121
E01840,Thiès,IEF013,IA04,0.15,1.0504362281327961,0,-1.1304494696840526,0.13139409749706765,urbain,320,375,0.48471639488392665,182,193,3.652271241168643,38.562150606168686,10,1.1137135037441055,0.9029110424602687,-0.5147511493797305,0.9466652450375647
E01841,Saint-Louis,IEF026,IA06,0.35,-0.09886818526410894,0,0.49988989751365537,0.41735381307249336,urbain,320,282,0.4285489226000743,121,161,3.738470433911666,42.033647727403284,7,-0.23067956938045336,0.7477689453661946,-0.15024327039121105,0.3049124969986444
E01842,Ziguinchor,IEF044,IA11,0.55,0.5436260064330518,1,-0.6339810327435095,0.6265933737513094,rural,180,77,0.4508362843403591,35,42,3.8502875834453065,47.00657960205797,2,-0.49780988284149097,0.7409052703235616,0.37191555235328955,-1.1966518297592907
E01843,Saint-Louis,IEF025,IA06,0.35,-0.09886818526410894,0,0.09534935373040888,0.30506526423453956,urbain,320,492,0.4530641160742879,223,269,3.857330724649248,47.33882222212311,10,0.5641035817475586,0.8420028110260493,0.40680109266059794,0.5409257223879514
E01844,Fatick,IEF036,IA09,0.4,1.508379536169013,1,1.1669515787289226,0.43122313026913545,rural,180,248,0.4443140271139923,110,138,3.2331091257392583,25.3583769148195,10,1.751237729450432,0.8659737215330878,-1.901149978126695,2.419685953524392
E01845,Dakar,IEF004,IA01,0.05,1.1358119908378483,0,1.689559554478078,0.06298054715224335,rural,180,118,0.5095361702446538,60,58,3.6985463121151776,40.38854931983732,3,1.1256602600054644,0.9327119742189984,-0.322978926025574,1.674349661546764
E01846,Kolda,IEF046,IA12,0.7,0.8036427494500231,0,-0.3584819723018034,0.6707077787306936,urbain,320,281,0.4556220288862612,128,153,3.9240344719074547,50.60419469192854,6,0.9373367348796114,0.7619512247197849,0.7496658427984231,0.30666660261995227
E01847,Dakar,IEF002,IA01,0.05,1.1358119908378483,0,-0.5868971362215678,0.007989320862560045,urbain,320,167,0.5205343851261541,87,80,3.672007631013237,39.33078836082033,4,1.8138030432425651,0.9116713555110862,-0.4340440343011136,1.1174466941956178
E01848,Kaolack,IEF032,IA07,0.3,0.7594385270695994,0,0.3376374748206235,0.2440961483057133,urbain,320,204,0.4670392985748316,95,109,3.914725264335855,50.13529566501374,4,0.9510819286434489,0.9033113675211332,0.700431352953964,0.7794287840833476
E01849,Thiès,IEF014,IA04,0.15,1.0504362281327961,0,0.597248963746674,0.2118340301105684,rural,180,374,0.4763800009403017,178,196,3.449041488109945,31.470213273971005,12,0.9729086834877178,0.8745273519279092,-1.2594059610073796,1.48676679440725
E01850,Tambacounda,IEF049,IA13,0.75,-0.5950300302811243,1,0.10831608168981055,0.6473938271739846,rural,180,178,0.36414509508608556,65,113,3.9143785513105342,50.11791611801012,4,-0.23993997559890712,0.7174724562789028,0.69860649710796,-0.21929177264149707
E01851,Matam,IEF052,IA14,0.65,0.361886464303974,0,-0.6415822632825328,0.6393288174379402,rural,180,205,0.4559523498937763,93,112,3.929125599827382,50.862484054587064,4,0.21869208933125828,0.7703550405332684,0.7767862765651871,-0.29474358885691704
E01852,Dakar,IEF001,IA01,0.05,1.1358119908378483,0,-0.3499273505312711,0.05211217717435938,urbain,320,215,0.4890543874011003,105,110,3.4290966344235283,30.848762448448188,7,1.4517167983640984,0.8918279586874283,-1.3246584196429858,1.2620884939550518
E01853,Dakar,IEF010,IA03,0.05,0.46256507759004684,0,0.028674535806565937,0,urbain,320,203,0.4914990857194025,100,103,3.653993547420941,38.62862366631148,5,0.2258968941191475,0.9089340777760131,-0.5077714650198282,1.0370754909797364
E01854,Dakar,IEF003,IA01,0.05,1.1358119908378483,0,-1.5898776485547115,0.11981123709088275,rural,180,124,0.47924795723502006,59,65,3.5816962158479893,35.934441751508935,3,0.775073216579354,0.887524715278322,-0.790661094789894,0.5267752238042601
E01855,Kolda,IEF045,IA12,0.7,0.8036427494500231,0,-1.432219330403182,0.6614654100818189,rural,180,60,0.41999992492064164,25,35,3.9452435105636834,51.68892337859029,1,0.8289484388178501,0.5308339279798544,0.8635625677689048,-1.8418142351943108
E01856,Dakar,IEF002,IA01,0.05,1.1358119908378483,0,-0.5868971362215678,0.05529176761338457,urbain,320,192,0.5049180613779648,97,95,3.631577602271793,37.772359397416096,5,1.2950356102183345,0.9108567985518696,-0.5976793812901757,0.8372747954542639
E01857,Sédhiou,IEF054,IA15,0.7,-0.5128143979953421,1,0.5471627551526171,0.7293740348144279,rural,180,238,0.3599097064707253,86,152,3.699271804583385,40.41786153978239,6,-1.4197605978141494,0.5837358262100214,-0.31990113717900714,-0.902917974828558
E01858,Dakar,IEF009,IA03,0.05,0.46256507759004684,0,0.5687463271242291,0.0676359253103715,urbain,320,325,0.46185588183705556,150,175,3.670842802586805,39.285001412650125,8,0.913447330747468,0.8353326231710908,-0.43885167284437776,0.7911812303588135
E01859,Kolda,IEF047,IA12,0.7,0.8036427494500231,0,0.8692594740041972,0.7157941227133057,rural,180,155,0.42989165898664095,67,88,4.066473530468398,58.350826926645354,3,0.6673424997848605,0.7892896047673146,1.5630637476702267,-0.4853334864530845
E01860,Saint-Louis,IEF028,IA06,0.35,-0.09886818526410894,0,-1.6584009589402293,0.3781232908496863,urbain,320,358,0.4524875426227997,162,196,3.8253790108344963,45.85017478658638,8,-0.23607228477842004,0.7549594365375958,0.2504928197917972,-0.6104436070448005
E01861,Dakar,IEF005,IA02,0.05,-0.6770804424361538,1,0.5635836405531154,0.13258751017569004,urbain,320,207,0.47355647903519593,98,109,3.5934656848350084,36.35986966874914,6,-1.366859016820113,0.8211359606736697,-0.7459910799921916,-0.3125487406931616
E01862,Louga,IEF034,IA08,0.45,-0.5589055756131087,0,-2.3207746068026323,0.49944287792231845,urbain,320,621,0.4241822163827392,263,358,4.092726192915991,59.902976372839845,10,-0.5923873228256881,0.7494154053436556,1.7260397441199513,-1.2949514851069646
E01863,Kaolack,IEF030,IA07,0.3,0.7594385270695994,0,-0.4906862327461932,0.3602149260595489,urbain,320,309,0.4733568225724129,146,163,3.9201349979522813,50.407249194185376,6,0.2765325533781678,0.8165606690519958,0.7289865268861089,0.3300540211931952
E01864,Dakar,IEF012,IA03,0.05,0.46256507759004684,0,-0.8514222791158281,0.08558672222663063,urbain,320,510,0.5083676218306925,259,251,3.7528047381520393,42.64050990472415,12,0.18457079288364386,0.8674316157589665,-0.086522622679738,0.04962306365517944
E01865,Thiès,IEF019,IA04,0.15,1.0504362281327961,0,0.4061865653228522,0.1384457433244718,urbain,320,364,0.49957555402604975,182,182,3.4716480517210604,32.18974912532657,11,1.0182011321651738,0.9204143604146521,-1.183854555410782,1.6493181138538011
E01866,Thiès,IEF015,IA04,0.15,1.0504362281327961,0,-1.0960478553026407,0.16865941968556544,urbain,320,484,0.4512347019275539,218,266,3.5303128378400137,34.134644553063744,14,0.6849272757997783,0.8815111955484987,-0.9796401538252139,0.17034630921026567
E01867,Diourbel,IEF024,IA05,0.3,-1.961883486465059,0,-2.89232139833262,0.2947881232956612,urbain,320,245,0.4009184469021767,98,147,4.184769334630903,65.67834944862811,4,-1.6450062785384576,0.6067308656610476,2.332455050457381,-2.7546070933772007
E01868,Dakar,IEF010,IA03,0.05,0.46256507759004684,0,0.028674535806565937,0.04480740437479656,urbain,320,165,0.4819038063266224,80,85,3.713227286988962,40.98586646828836,4,0.7391786691290472,0.87480124654215,-0.2602605082185826,0.8296005738605501
E01869,Tambacounda,IEF049,IA13,0.75,-0.5950300302811243,1,0.10831608168981055,0.716186858224243,urbain,320,293,0.38114176488790313,112,181,3.8636772260124634,47.640213500346746,6,-0.9258271752433849,0.5904288031125708,0.438447236020171,-1.6624245264382653
E01870,Thiès,IEF016,IA04,0.15,1.0504362281327961,0,0.01909654917514469,0.09690137053171394,urbain,320,183,0.5064724938710866,93,90,3.757215652868755,42.82900897843794,4,0.6804534777087581,0.9061708661764263,-0.06673018294806411,0.7173384211297099
E01871,Dakar,IEF004,IA01,0.05,1.1358119908378483,0,1.689559554478078,0.0589104994456947,urbain,320,297,0.4910495796972508,146,151,3.7270526415528504,41.55644574636536,7,0.9300383033680673,0.9379798896578617,-0.20034957204799925,1.2905308278003529
E01872,Dakar,IEF001,IA01,0.05,1.1358119908378483,0,-0.3499273505312711,0.10283676459510127,rural,180,230,0.5246835502574217,121,109,3.547488311519858,34.725986998515516,7,1.6027157951587778,0.9180052508623858,-0.9175490810056425,1.7003143063156219
E01873,Dakar,IEF012,IA03,0.05,0.46256507759004684,0,-0.8514222791158281,0.07466519594000821,rural,180,151,0.45235123903439145,68,83,3.810858346975006,45.189210246207715,3,0.4509472845322417,0.8202909788499289,0.18109141334201578,-0.3870334610129302
E01874,Thiès,IEF014,IA04,0.15,1.0504362281327961,0,0.597248963746674,0.06898441156440202,urbain,320,424,0.503414827803614,213,211,3.6171100816392405,37.22982106391432,11,1.0088811841994045,0.9229139185649893,-0.6546460127775056,1.6788749967467862
E01875,Thiès,IEF017,IA04,0.15,1.0504362281327961,0,0.4161989798572152,0.16129957728695704,rural,180,136,0.49306540530676773,67,69,3.6501208920072306,38.47931760980091,4,1.0671830681697365,0.93457667151087,-0.5234486302537876,1.402411451181981
E01876,Dakar,IEF004,IA01,0.05,1.1358119908378483,0,1.689559554478078,0.0462832275409509,urbain,320,377,0.4923976253127678,186,191,3.512970675277511,33.54777946138444,11,1.372340179884944,0.9071093444160054,-1.0412611036200246,2.149794896313867
E01877,Dakar,IEF011,IA03,0.05,0.46256507759004684,0,0.1990233856571336,0.06854057158302765,rural,180,236,0.4879281586340886,115,121,3.6185051371772,37.28179497678506,6,0.3855930594806271,0.8866183891588904,-0.6491887417265336,0.6560927083530856
E01878,Saint-Louis,IEF028,IA06,0.35,-0.09886818526410894,0,-1.6584009589402293,0.2663277961391865,urbain,320,245,0.43913074452701245,108,137,3.7783946236066703,43.745756928402685,6,-0.670429687504739,0.8357984146840833,0.029528531704097666,-0.23347933785499742
E01879,Fatick,IEF036,IA09,0.4,1.508379536169013,1,1.1669515787289226,0.44583164138579723,rural,180,300,0.5039649065915403,151,149,3.1860765516454927,24.193319749474302,12,1.0948569094465281,0.8869722334868061,-2.023481209122884,1.3026205412827445
E01880,Matam,IEF052,IA14,0.65,0.361886464303974,0,-0.6415822632825328,0.6030634836246601,urbain,320,282,0.42395388469335693,120,162,3.8803772022830425,48.4424842411943,6,0.19435027106071626,0.7550690920291462,0.5226858212496149,0.13903626038414063
E01881,Ziguinchor,IEF043,IA11,0.55,0.5436260064330518,1,0.03781619554363153,0.523943493265363,rural,180,204,0.45461999600921654,93,111,3.816107358179831,45.42703253701977,4,0.16416315581982582,0.8497342069285515,0.20606280054836995,-0.20305263635575896
E01882,Sédhiou,IEF053,IA15,0.7,-0.5128143979953421,1,-1.6637734035387284,0.7201963622032937,rural,180,246,0.4021616287962637,99,147,3.888274002184942,48.826539253001556,5,-1.4314434794784239,0.7153647623319622,0.5630116728576922,-1.581675948949971
E01883,Kaffrine,IEF041,IA10,0.55,-1.7249192939776967,1,0.31771647692565824,0.5413909144000755,rural,180,176,0.35150532264733914,62,114,4.020117168853719,55.70763264387861,3,-2.191187461149721,0.4282867936297785,1.285527829269914,-1.9635190998256555
E01884,Dakar,IEF011,IA03,0.05,0.46256507759004684,0,0.1990233856571336,0.018995200624374587,rural,180,223,0.47934874432778624,107,116,3.6667157382732003,39.123203789511905,6,1.7389007095073936,0.8613558321972353,-0.4558404550256293,0.9563887192892035
E01885,Diourbel,IEF023,IA05,0.3,-1.961883486465059,0,0.1117959092790192,0.35279029300897313,urbain,320,171,0.4357370660775376,75,96,3.8976741432960003,49.28767960852426,3,-1.9281784417834302,0.6725549846721103,0.6114315006833919,-1.4257996164766575
E01886,Diourbel,IEF022,IA05,0.3,-1.961883486465059,0,-0.4134188533806319,0.26761949729093026,rural,180,89,0.36305423409874826,32,57,3.9914713341052566,54.13448070397127,2,-1.0747720329471324,0.5957814676230251,1.1203465668587365,-1.3354341937987027
E01887,Diourbel,IEF022,IA05,0.3,-1.961883486465059,0,-0.4134188533806319,0.28703095383416344,rural,180,174,0.39354926250225436,68,106,4.031419077244467,56.34080650139264,3,-1.6248605402220875,0.6217431563192473,1.3520112085651668,-1.616287913229228
E01888,Tambacounda,IEF048,IA13,0.75,-0.5950300302811243,1,-1.2870708589133515,0.7130011357053364,rural,180,103,0.4188892780343917,43,60,3.7092398729694627,40.822764243882666,3,-0.7612752298216114,0.6734542560285678,-0.27738627378893815,-1.1644584197164811
E01889,Kaolack,IEF029,IA07,0.3,0.7594385270695994,0,-1.481619640758723,0.24962845103573994,rural,180,153,0.47463616604483644,73,80,3.6996330756518683,40.43246598172902,4,0.1605648198835083,0.862285691868828,-0.31836766790858423,0.06804272975357892
E01890,Kédougou,IEF055,IA16,0.9,-0.4962851679537585,0,0.0755532240045896,0.8952743598106219,urbain,320,231,0.365762427963059,84,147,4.235220215915643,69.076888889034,3,-0.5905884392965193,0.589923166821969,2.6893023586414118,-1.5230160557038193
E01891,Dakar,IEF010,IA03,0.05,0.46256507759004684,0,0.028674535806565937,0.059006788733392504,urbain,320,284,0.4576633360913783,130,154,3.499984637550049,33.114943228126684,9,0.8851842521013441,0.8578037412048868,-1.0867089930534037,0.9772559787157162
E01892,Kaolack,IEF030,IA07,0.3,0.7594385270695994,0,-0.4906862327461932,0.2960760998582306,rural,180,135,0.44901135565478323,61,74,3.79236534683424,44.36120591424892,3,0.34423526567811885,0.8062882987089066,0.0941507959958405,0.37750458124868314
E01893,Matam,IEF052,IA14,0.65,0.361886464303974,0,-0.6415822632825328,0.722852381971964,rural,180,217,0.418515659723692,91,126,3.950150763045171,51.943197359149536,4,-0.8151779901195207,0.7259581152108772,0.890261385627252,-0.46640425749847514
E01894,Ziguinchor,IEF042,IA11,0.55,0.5436260064330518,1,0.09332094674687035,0.5350591164798645,urbain,320,238,0.4776637502502595,114,124,3.3991926216839703,29.939917446326902,8,0.02026029866655981,0.7565698307773575,-1.420087323220682,0.8207494244753331
E01895,Ziguinchor,IEF043,IA11,0.55,0.5436260064330518,1,0.03781619554363153,0.5450840795393358,rural,180,152,0.41829424019198796,64,88,3.603554125970808,36.72854060428789,4,-0.6015482238439726,0.8126346326435349,-0.7072805594113328,0.2052997438213591
E01896,Fatick,IEF036,IA09,0.4,1.508379536169013,1,1.1669515787289226,0.4277888175961443,urbain,320,185,0.49912187024756877,92,93,3.29363355590134,26.940576115881218,7,0.7602499933661608,0.8744629246066193,-1.7350187515188413,1.9119709291743874
E01897,Thiès,IEF019,IA04,0.15,1.0504362281327961,0,0.4061865653228522,0.18970305163176676,urbain,320,439,0.46979037946142477,206,233,3.549569116069078,34.79832021978741,13,1.2048524137858487,0.8803224473819806,-0.9099540785771658,1.5599647154366942
E01898,Dakar,IEF001,IA01,0.05,1.1358119908378483,0,-0.3499273505312711,0.1106889378640495,urbain,320,365,0.49189029013105984,180,185,3.461189443443626,31.854843524647993,11,0.6604602033218345,0.928841303436529,-1.2190197092050936,0.9519488685523955
E01899,Diourbel,IEF023,IA05,0.3,-1.961883486465059,0,0.1117959092790192,0.33439091814963806,rural,180,143,0.4025582382731618,58,85,4.073854813019509,58.78312435928151,2,-2.163183233720784,0.4176102466443652,1.6084550629326018,-2.3915131749153313
E01900,Dakar,IEF005,IA02,0.05,-0.6770804424361538,1,0.5635836405531154,0.0384825239657712,rural,180,145,0.48703652824995913,71,74,3.3676261245209114,29.00958012354281,5,0.12338656120510062,0.8150297567803375,-1.517772924685702,0.7474944012822776
E01901,Matam,IEF052,IA14,0.65,0.361886464303974,0,-0.6415822632825328,0.7470312796533055,rural,180,303,0.41400966827458985,125,178,4.168211832842587,64.59983346490506,5,-0.8409515680976698,0.7331904337379276,2.219210660514665,-1.8674961069640736
E01902,Tambacounda,IEF050,IA13,0.75,-0.5950300302811243,1,-0.9304449072754517,0.7838021859011447,rural,180,159,0.3514908591402997,56,103,3.879361578322864,48.39330986907058,3,-0.9622770947976105,0.6512194411076178,0.5175225025264711,-1.2775372995461645
E01903,Thiès,IEF016,IA04,0.15,1.0504362281327961,0,0.01909654917514469,0.07907740432682488,urbain,320,331,0.4667481120116813,154,177,3.5132850359234653,33.55832722081962,10,0.30156802939436034,0.919839853351751,-1.0401535868094007,0.5909401116608826
E01904,Thiès,IEF019,IA04,0.15,1.0504362281327961,0,0.4061865653228522,0.14838976475723661,urbain,320,753,0.4740746696475958,357,396,3.967427416268738,52.84839887814312,14,0.677578169693467,0.8401590453755357,0.9853077227615297,0.009694670490481172
E01905,Tambacounda,IEF048,IA13,0.75,-0.5950300302811243,1,-1.2870708589133515,0.7301503197821059,rural,180,191,0.38619899626967297,74,117,4.021076947999956,55.7611253344545,3,-0.511210547937736,0.6514888622175683,1.291144572277977,-1.4170966581117879
E01906,Kaffrine,IEF039,IA10,0.55,-1.7249192939776967,1,-1.332630847294145,0.5650733044625337,urbain,320,176,0.36743943407245977,65,111,3.81467913753952,45.36219902082603,4,-1.1165560193710091,0.5863612498178188,0.1992552686248688,-2.1520941974083994
E01907,Fatick,IEF037,IA09,0.4,1.508379536169013,1,-0.8651748349735274,0.41880754441861756,urbain,320,276,0.5203547516435821,144,132,3.2449646315219765,25.660802460650256,11,1.5326338391510217,0.8560372851259184,-1.8693952364654058,1.223514347063157
E01908,Kaolack,IEF032,IA07,0.3,0.7594385270695994,0,0.3376374748206235,0.2670568356957371,urbain,320,243,0.46391166852088606,113,130,3.695864258762321,40.280370211635024,6,-0.3106518718109409,0.8846383862570812,-0.334337753616266,0.21368391253937496
E01909,Sédhiou,IEF054,IA15,0.7,-0.5128143979953421,1,0.5471627551526171,0.6451268295459034,urbain,320,356,0.36930565594676884,131,225,3.4460620818326193,31.376590262743964,11,-0.3722001364911197,0.681264645071892,-1.2692363955591301,0.2651933274049757
E01910,Kaolack,IEF032,IA07,0.3,0.7594385270695994,0,0.3376374748206235,0.37368715521372337,rural,180,68,0.4646869015638148,32,36,3.7030621628878735,40.57135042208706,2,1.0271670688031915,0.8186180707224567,-0.30378477441581564,0.9124159482246887
E01911,Louga,IEF035,IA08,0.45,-0.5589055756131087,0,0.9958108211774965,0.4896668419631361,urbain,320,412,0.43167504983286903,178,234,3.9917724427721444,54.15078351962507,8,-0.8295574470937757,0.6418511588440654,1.1220583657017078,-1.055194514094936
E01912,Thiès,IEF016,IA04,0.15,1.0504362281327961,0,0.01909654917514469,0.1961355694842776,rural,180,194,0.5168189161293212,100,94,3.636297074759645,37.951046330762416,5,1.2806773855550506,0.9123070286581887,-0.5789172182226556,1.6999284354030917
E01913,Thiès,IEF017,IA04,0.15,1.0504362281327961,0,0.4161989798572152,0.14844445844614504,urbain,320,275,0.4855825556441389,134,141,3.5056523634759227,33.30316253426618,8,1.1520965770429528,0.8580156203457939,-1.0669459289719336,1.6637722316751573
E01914,Diourbel,IEF021,IA05,0.3,-1.961883486465059,0,0.10955641117140437,0.33804105941725066,urbain,320,407,0.38641547946742955,157,250,3.890528321142657,48.93673400647307,8,-2.2504539832115973,0.5947031267630255,0.5745821435972094,-1.8315598743565806
E01915,Thiès,IEF016,IA04,0.15,1.0504362281327961,0,0.01909654917514469,0.07235668489563976,urbain,320,209,0.499942580818702,104,105,3.9747387054052696,53.236204755683346,4,0.9509785267156309,0.9100068373415676,1.0260274160076517,0.9837576463217248
E01916,Thiès,IEF013,IA04,0.15,1.0504362281327961,0,-1.1304494696840526,0.13391720211918137,urbain,320,272,0.4760902641420835,129,143,3.6242685046206415,37.49728403501799,7,0.8510771898516006,0.9345420980559372,-0.6265623483237398,0.5835467631941017
E01917,Dakar,IEF004,IA01,0.05,1.1358119908378483,0,1.689559554478078,0.006710071802202899,rural,180,305,0.501297337738567,153,152,3.567173727388367,35.41635529362533,9,0.2548139268662625,0.9245958787646782,-0.8450602745387935,0.9961002908143444
E01918,Thiès,IEF018,IA04,0.15,1.0504362281327961,0,1.839675695915115,0.21097641444802,rural,180,136,0.4929641083290979,67,69,3.639510251242314,38.073185863175866,4,0.9635306624722833,0.840366130683128,-0.5660925433501491,1.5087155545582425
E01919,Ziguinchor,IEF044,IA11,0.55,0.5436260064330518,1,-0.6339810327435095,0.5910690376321803,rural,180,189,0.43362655959766805,82,107,3.6004731056970494,36.615553373414365,5,0.01127240905812377,0.7738831737620749,-0.7191442408260676,0.1677570867258996
E01920,Tambacounda,IEF048,IA13,0.75,-0.5950300302811243,1,-1.2870708589133515,0.7438875882957744,rural,180,201,0.42103150071786977,85,116,3.961132344186793,52.51675934036929,4,-0.8679297516976284,0.7034066929445101,0.9504855062131602,-1.5170528772843512
E01921,Thiès,IEF017,IA04,0.15,1.0504362281327961,0,0.4161989798572152,0.16033639771384198,rural,180,191,0.46551461182303894,89,102,3.652743121089066,38.5803516047332,5,0.41466112450784726,0.8798321099181083,-0.5128400409586279,0.8872887336000195
E01922,Thiès,IEF013,IA04,0.15,1.0504362281327961,0,-1.1304494696840526,0.12615139687396565,urbain,320,234,0.4872333120393586,114,120,3.602695974340101,36.6970354673006,6,1.334027128280905,0.9228321750955298,-0.7105886049776781,1.147892050330721
E01923,Dakar,IEF012,IA03,0.05,0.46256507759004684,0,-0.8514222791158281,0,urbain,320,333,0.4703708233126905,157,176,3.4265281342891765,30.769629068508106,11,0.4755829223590009,0.8482329150605874,-1.3329674400661091,0.6861640459353726
E01924,Thiès,IEF015,IA04,0.15,1.0504362281327961,0,-1.0960478553026407,0.12239054342110059,urbain,320,220,0.5108434930595895,112,108,3.580992918858119,35.90917805177576,6,1.0250178747896508,0.9089858312448257,-0.7933137882197151,0.19233187235155957
E01925,Fatick,IEF038,IA09,0.4,1.508379536169013,1,-1.390946513569097,0.3880771730168793,rural,180,101,0.5028809379796192,51,50,3.192223157556139,24.34248451051592,4,1.2763278817752866,0.9092691301069278,-2.0078188799408934,0.9931851451535216
E01926,Dakar,IEF004,IA01,0.05,1.1358119908378483,0,1.689559554478078,0.006186261845715982,urbain,320,397,0.4955536698174478,197,200,3.594393943120686,36.393636688868774,11,1.6016733917448513,0.9032260143096993,-0.7424455362530705,1.8781753563019352
E01927,Fatick,IEF036,IA09,0.4,1.508379536169013,1,1.1669515787289226,0.4217877821388745,urbain,320,203,0.5198461387368016,106,97,3.484878714690054,32.618470728606525,6,1.5437006135088787,0.8801228003264813,-1.1388387029325415,2.2112115928715346
E01928,Thiès,IEF019,IA04,0.15,1.0504362281327961,0,0.4061865653228522,0.1497801759986123,rural,180,98,0.4600186363365001,45,53,3.757466052259839,42.83973467900528,2,0.5170748053379887,0.8505473366232947,-0.06560398228364378,0.31106968518198586
E01929,Dakar,IEF010,IA03,0.05,0.46256507759004684,0,0.028674535806565937,0,urbain,320,233,0.5101911988015526,119,114,3.843289447815192,46.6787695499415,5,0.29581567417303767,0.8986562616666662,0.33749543255045505,0.22477283361158548
E01930,Saint-Louis,IEF028,IA06,0.35,-0.09886818526410894,0,-1.6584009589402293,0.3259513560307081,urbain,320,864,0.4807658215511474,415,449,3.9741234691420924,53.20346198530637,16,0.3700419770437182,0.7999595777111497,1.022589418692512,-0.7893510888118624
E01931,Thiès,IEF015,IA04,0.15,1.0504362281327961,0,-1.0960478553026407,0.16257549016442935,rural,180,239,0.482851584404493,115,124,3.6970053708552943,40.32636086444749,6,0.10563118916319855,0.901737282317024,-0.3295087260455888,-0.1284391462865767
E01932,Saint-Louis,IEF028,IA06,0.35,-0.09886818526410894,0,-1.6584009589402293,0.4109151739031436,urbain,320,415,0.4255787789752125,177,238,3.7636473625564104,43.10536048407572,10,0.365191477392376,0.760945809849208,-0.037713220623899583,-0.21553905139486318
E01933,Fatick,IEF037,IA09,0.4,1.508379536169013,1,-0.8651748349735274,0.36604531070496926,rural,180,180,0.46764330173429397,84,96,3.476699687134238,32.35277141986686,6,1.000994044064312,0.9087242685388488,-1.1667371824919792,1.3860894550879417
E01934,Kaffrine,IEF041,IA10,0.55,-1.7249192939776967,1,0.31771647692565824,0.6052780906500148,urbain,320,185,0.33297330663068486,62,123,3.7698229760571347,43.372386205403394,4,-1.8969754292842853,0.594661007985579,-0.009675467482420486,-1.9640755805513341
E01935,Dakar,IEF009,IA03,0.05,0.46256507759004684,0,0.5687463271242291,0.11345173956782947,urbain,320,409,0.49706058026743594,203,206,3.776156135606392,43.64794209596414,9,0.7291379747621625,0.857383616310707,0.019257955102521453,0.7001219897144699
E01936,Sédhiou,IEF054,IA15,0.7,-0.5128143979953421,1,0.5471627551526171,0.7419163917251577,rural,180,223,0.3754849422638169,84,139,3.7455522540501907,42.33237899241826,5,-1.135370975295919,0.7041787240520196,-0.11887642894055708,-0.7859879760802665
E01937,Thiès,IEF017,IA04,0.15,1.0504362281327961,0,0.4161989798572152,0.17933361408351386,urbain,320,309,0.5125832394341656,158,151,3.5865658153362316,36.10985483978407,9,0.4115571675447364,0.8734919583755424,-0.7722426860973193,0.5909632697266853
E01938,Thiès,IEF015,IA04,0.15,1.0504362281327961,0,-1.0960478553026407,0.12442583038643755,rural,180,126,0.4904924488584696,62,64,3.5982041769327364,36.53256946902836,3,1.4466238730769259,0.900665507442037,-0.7278575670716533,0.7969295778112798
E01939,Louga,IEF033,IA08,0.45,-0.5589055756131087,0,-1.965905696172405,0.5033256205433964,rural,180,231,0.40934734633863595,95,136,3.8910239820285533,48.9609960437783,5,-0.4607379442576504,0.6849540691555306,0.5771296622755271,-1.5852120962446374
E01940,Kaffrine,IEF041,IA10,0.55,-1.7249192939776967,1,0.31771647692565824,0.6111654172028778,rural,180,130,0.34898239365718325,45,85,3.796424420776632,44.541637273609695,3,-1.30665346388059,0.62383986015321935,0.11309612413721065,-1.5275827949180008
E01941,Kaolack,IEF032,IA07,0.3,0.7594385270695994,0,0.3376374748206235,0.2339471542032034,rural,180,179,0.4780799065705736,86,93,3.8383035925948197,46.446615188041086,4,1.315150734365508,0.8792283268114952,0.31311917899211766,0.8709593149121516
E01942,Ziguinchor,IEF044,IA11,0.55,0.5436260064330518,1,-0.6339810327435095,0.5781530093265586,rural,180,235,0.4573827348531301,107,128,3.68420760801184,39.81356199984012,6,-0.6073686983328593,0.7987216498694202,-0.38335270746282735,-0.5730041118812516
E01943,Tambacounda,IEF048,IA13,0.75,-0.5950300302811243,1,-1.2870708589133515,0.7638917239758574,rural,180,153,0.3728559756076588,57,96,3.870709107653272,47.976394450077684,3,-1.0763178918786822,0.6833192503978134,0.4737463017152594,-1.182391276315043
E01944,Dakar,IEF001,IA01,0.05,1.1358119908378483,0,-0.3499273505312711,0,rural,180,119,0.5127723905496329,61,58,3.711830826077168,40.928671252565636,3,0.8960370554193066,0.872724766548522,-0.26626601709366,0.2891214723913319
E01945,Kolda,IEF045,IA12,0.7,0.8036427494500231,0,-1.432219330403182,0.698523700089971,urbain,320,253,0.4439424016562025,112,141,3.7848015937345085,44.026934472481734,6,-0.014531837143080595,0.78293076680191,0.059052229011674714,-0.6304770694658773
E01946,Dakar,IEF011,IA03,0.05,0.46256507759004684,0,0.1990233856571336,0.052527282116021125,urbain,320,421,0.487865399083642,205,216,3.619295668087442,37.31127904059993,11,0.36325521326372756,0.8700738996911963,-0.6460929092399151,0.6829885302567976
E01947,Thiès,IEF015,IA04,0.15,1.0504362281327961,0,-1.0960478553026407,0.14850306858329007,rural,180,134,0.4996373646284451,67,67,3.825289130550617,45.846053945054635,3,0.851017000799727,0.8794499251053589,0.25006013062227556,0.4579144424682494
E01948,Dakar,IEF011,IA03,0.05,0.46256507759004684,0,0.1990233856571336,0.06116204409891019,rural,180,126,0.4632551072530818,58,68,3.573017391789888,35.62392247408418,4,0.1374377276476615,0.8057680937389802,-0.8232656798568956,0.35761538173382657
E01949,Sédhiou,IEF054,IA15,0.7,-0.5128143979953421,1,0.5471627551526171,0.7081781222145452,rural,180,143,0.38999064021559177,56,87,3.819993038610829,45.60389085331179,3,-1.4877186971697203,0.5491712676623424,0.2246329584663342,-1.5786659306869626
E01950,Tambacounda,IEF050,IA13,0.75,-0.5950300302811243,1,-0.9304449072754517,0.6560834956681489,rural,180,160,0.3662314737473206,59,101,3.4929492309016843,32.882783762102605,5,-0.4137403451570567,0.6382964828393863,-1.1110857825457277,-0.4762393720103271
E01951,Saint-Louis,IEF025,IA06,0.35,-0.09886818526410894,0,0.09534935373040888,0.30871731470316144,rural,180,165,0.477622720838787,79,86,3.917480397471294,50.273615536690265,3,0.21135264373534124,0.7331873796162738,0.7149549666243802,0.21854534413333027
E01952,Thiès,IEF018,IA04,0.15,1.0504362281327961,0,1.839675695915115,0.14640926572382915,urbain,320,308,0.5096542524685118,157,151,3.6368866245092124,37.97342695722066,8,0.7761199945513696,0.9017461003536463,-0.5765672480524866,1.5057443118883045
E01953,Tambacounda,IEF050,IA13,0.75,-0.5950300302811243,1,-0.9304449072754517,0.8741284328251706,rural,180,162,0.37180204319345483,60,102,3.9306383221537216,50.93948309418943,3,-1.5317616078994702,0.653777447009926,0.7848711908339994,-2.1753310568197177
E01954,Kaolack,IEF030,IA07,0.3,0.7594385270695994,0,-0.4906862327461932,0.26576959082127605,urbain,320,618,0.4893372557387065,302,316,3.759589379273686,42.930794085151796,14,1.406724125114116,0.8727066923655739,-0.0560427267684396,1.1485724412677827
E01955,Tambacounda,IEF049,IA13,0.75,-0.5950300302811243,1,0.10831608168981055,0.7027834962967439,rural,180,114,0.3803258975363507,43,71,3.758721389580268,42.893546765838806,3,-1.0827258236487365,0.6879755393164179,-0.05995370260584929,-0.5879805147617716
E01956,Kédougou,IEF055,IA16,0.9,-0.4962851679537585,0,0.0755532240045896,0.9267540404232839,urbain,320,389,0.3531131269197398,137,252,3.957858719195333,52.34512025879819,7,-0.8027918434012504,0.515251644661582,0.9324633689651336,-1.6893015321774492
E01957,Ziguinchor,IEF044,IA11,0.55,0.5436260064330518,1,-0.6339810327435095,0.5147925641818041,urbain,320,352,0.44682640203250806,157,195,3.5055051921123113,33.29826162306917,11,-0.37883341062076586,0.7988480063037785,-1.0674605256093914,-0.1716162736076006
E01958,Louga,IEF035,IA08,0.45,-0.5589055756131087,0,0.9958108211774965,0.5117642189161568,urbain,320,201,0.42950796208733033,86,115,3.991350540466516,54.12794199799071,4,-0.2623826799931954,0.6621345575223776,1.1196600014475988,-0.420611237297521
E01959,Fatick,IEF038,IA09,0.4,1.508379536169013,1,-1.390946513569097,0.36347896548510455,urbain,320,242,0.500951682818302,121,121,3.4115032870127666,30.31077582296291,8,1.6335276524158646,0.8743091557517945,-1.3811471208953403,1.1778386332186483
E01960,Louga,IEF033,IA08,0.45,-0.5589055756131087,0,-1.965905696172405,0.4648294151429613,urbain,320,236,0.394319078606305,93,143,3.9032838677610533,49.564946880037944,5,-0.32461305894117154,0.7815515189112727,0.6405446186042401,-0.4062195473232576
E01961,Thiès,IEF013,IA04,0.15,1.0504362281327961,0,-1.1304494696840526,0.09263962479442711,urbain,320,296,0.5252040838011278,155,141,3.5159477803609827,33.64780354338221,9,1.1233689078681046,0.9302839889692338,-1.0307585553811784,1.124301822976859
E01962,Dakar,IEF006,IA02,0.05,-0.6770804424361538,1,2.6676333910661167,0.11431442857749491,urbain,320,414,0.4718612635929098,195,219,3.660148140873366,38.86710025104669,11,-1.1095814068390344,0.7895466703338804,-0.4827313768231417,0.18970301457075714
E01963,Dakar,IEF004,IA01,0.05,1.1358119908378483,0,1.689559554478078,0.05969250892001618,urbain,320,228,0.49823263330490025,114,114,3.8643926329005245,47.67430783143911,5,1.187048978505874,0.922857930157749,0.44202714747566124,1.5504139422575178
E01964,Ziguinchor,IEF044,IA11,0.55,0.5436260064330518,1,-0.6339810327435095,0.6212311287251353,rural,180,237,0.44768456144845337,106,131,3.5449228229657366,34.63701205723775,7,-0.21423473764053003,0.7799988105679854,-0.9268914673005657,-0.7783456509125588
E01965,Dakar,IEF006,IA02,0.05,-0.6770804424361538,1,2.6676333910661167,0.11629564613864413,urbain,320,246,0.46583544822850664,115,131,3.6524246852765256,38.56806819496444,6,-0.35947549003230883,0.7928435238897846,-0.5141298013948878,0.3729170684971512
E01966,Kédougou,IEF055,IA16,0.9,-0.4962851679537585,0,0.0755532240045896,0.8280871478138918,rural,180,249,0.38004951747165516,95,154,4.109480844272584,60.915084943968594,4,-1.306827777538937,0.6211265567598452,1.8323113427082396,-2.0913675905252087
E01967,Saint-Louis,IEF027,IA06,0.35,-0.09886818526410894,0,0.949372149400778,0.37073046403173365,urbain,320,399,0.4324358567530131,173,226,3.881978260506265,48.52010560051869,8,0.8357703980615787,0.8017122476095415,0.5308360792113662,0.9593923271435262
E01968,Kaffrine,IEF040,IA10,0.55,-1.7249192939776967,1,-0.1388397558109453,0.5339002986901668,urbain,320,272,0.36318794667528553,99,173,4.058170248642337,57.86832949409618,5,-1.059822442890993,0.5734871467773963,1.512401422565559,-1.714861478285606
E01969,Dakar,IEF004,IA01,0.05,1.1358119908378483,0,1.689559554478078,0.05461502492979071,urbain,320,410,0.5100412365096738,209,201,3.796087658644122,44.5266398622778,9,0.9088525148641106,0.9061125193546544,0.1115213930042163,1.3913949846239886
E01970,Fatick,IEF038,IA09,0.4,1.508379536169013,1,-1.390946513569097,0.3791365354430459,urbain,320,233,0.4666780029043721,109,124,3.5304781742789637,34.14028872021937,7,0.4545973398633848,0.8895918621020935,-0.9790475151662421,0.3708621130876877
E01971,Thiès,IEF018,IA04,0.15,1.0504362281327961,0,1.839675695915115,0.07161191754592772,urbain,320,418,0.4841296716533214,202,216,3.710214065974371,40.86255287300537,10,0.2883138453362581,0.8982412483184014,-0.2732084599227928,0.9822478710088599
E01972,Dakar,IEF010,IA03,0.05,0.46256507759004684,0,0.028674535806565937,0,urbain,320,506,0.4683758212915198,237,269,3.5234945750925224,33.902697215232145,15,0.8710388148441957,0.8938249483494181,-1.0039946698156985,1.4746482198448831
E01973,Thiès,IEF017,IA04,0.15,1.0504362281327961,0,0.4161989798572152,0.17661639932560885,rural,180,198,0.4946470212421239,98,100,3.658130489444965,38.788759049902275,5,0.4245799434969155,0.8954705006189709,-0.49095721831726036,0.7502328412929373
E01974,Matam,IEF052,IA14,0.65,0.361886464303974,0,-0.6415822632825328,0.6624251948689114,urbain,320,501,0.4129420877826544,207,294,3.8988814337423086,49.347220087330015,10,-0.5840018760145099,0.7592418894073368,0.6176832626424309,-0.4465568451740682
E01975,Matam,IEF052,IA14,0.65,0.361886464303974,0,-0.6415822632825328,0.5856975166676281,rural,180,225,0.42862070376174477,96,129,3.81393748365249,45.32856844226421,5,0.11559926712226222,0.7464010543677291,0.19572405127609396,-0.49437671922104487
E01976,Kolda,IEF045,IA12,0.7,0.8036427494500231,0,-1.432219330403182,0.6172574895995391,urbain,320,399,0.43676739861822983,174,225,3.9529546500837176,52.08904459099543,8,0.7563812186352638,0.8583037120395616,0.9055753735926478,-0.4437318766390927
E01977,Ziguinchor,IEF044,IA11,0.55,0.5436260064330518,1,-0.6339810327435095,0.5439914824824128,rural,180,255,0.4194631890162605,107,148,3.3867461089236084,29.569579371492924,9,-0.349216034101921,0.8097656151190632,-1.4589728937547046,-0.4204126503003858
E01978,Thiès,IEF013,IA04,0.15,1.0504362281327961,0,-1.1304494696840526,0.13983483566361915,urbain,320,486,0.4623500318271383,225,261,3.5222432066589775,33.860298983562046,14,0.11135653006324996,0.9004028056525347,-1.008446492461438,0.38545484470228536
E01979,Kolda,IEF046,IA12,0.7,0.8036427494500231,0,-0.3584819723018034,0.5999909242079225,rural,180,187,0.41906341619479165,78,109,3.880112672074039,48.429671435475136,4,-0.6063995720479681,0.709914428092564,0.5213404741346723,-1.0832193299799115
E01980,Kaffrine,IEF041,IA10,0.55,-1.7249192939776967,1,0.31771647692565824,0.6525656099903565,rural,180,141,0.388039971614477,55,86,4.016522039227999,55.507716061721496,3,-1.7190897186157938,0.5414340422841968,1.264536548911079,-2.1393886341434802
E01981,Fatick,IEF038,IA09,0.4,1.508379536169013,1,-1.390946513569097,0.37111186039315336,rural,180,194,0.5122438177107632,99,95,3.2996024926248673,27.1018635885065,7,1.187605409822834,0.8836802928464612,-1.718083535241562,0.9671995037937461
E01982,Kaolack,IEF032,IA07,0.3,0.7594385270695994,0,0.3376374748206235,0.33023912208673334,rural,180,193,0.43970749782417184,85,108,3.757633314833665,42.8469007625818,5,0.4253020333748378,0.8513615619609416,-0.06485154210181215,0.5857981924856499
E01983,Kolda,IEF047,IA12,0.7,0.8036427494500231,0,0.8692594740041972,0.7069452748806865,urbain,320,331,0.42444007722466187,140,191,3.729537096107095,41.65981920741834,8,0.21595537173249496,0.7374354074753998,-0.1894953383510629,0.2365717078429178
E01984,Dakar,IEF001,IA01,0.05,1.1358119908378483,0,-0.3499273505312711,0.007416848833673231,urbain,320,335,0.5094808987790604,171,164,3.58463503191404,36.040201794792395,9,0.7981267640492749,0.9192570700384178,-0.7795562694904054,1.235148138984176
E01985,Thiès,IEF018,IA04,0.15,1.0504362281327961,0,1.839675695915115,0.17994929732830076,rural,180,160,0.4959972265226677,79,81,3.825795937004337,45.86929490990961,3,0.9846436130605071,0.8805024661927476,0.25250043649293746,0.894925686311093
E01986,Thiès,IEF013,IA04,0.15,1.0504362281327961,0,-1.1304494696840526,0.1474877162916947,urbain,320,708,0.4964004060390864,351,357,3.565055928133448,35.34142992921682,20,1.0021912626810112,0.9211684120874564,-0.85292745250530555,0.3784717164937107
E01987,Dakar,IEF011,IA03,0.05,0.46256507759004684,0,0.1990233856571336,0.01767596426420117,urbain,320,352,0.46734498017173287,165,187,3.5942691144374685,36.38909400265807,10,-0.004205548828277907,0.8688164459090569,-0.7429225191966673,0.8630789264852075
E01988,Ziguinchor,IEF043,IA11,0.55,0.5436260064330518,1,0.03781619554363153,0.5355510762872944,rural,180,159,0.43012041596809175,68,91,3.5952452505498917,36.424632053578016,4,-0.765148103718072,0.7403248173357297,-0.73919101687596,-0.37662546608348796
E01989,Sédhiou,IEF054,IA15,0.7,-0.5128143979953421,1,0.5471627551526171,0.6161355255212005,rural,180,184,0.4152718291582267,76,108,3.737207792953307,41.98060781438336,4,-0.6662907179444794,0.6970102950431246,-0.15581247166704326,-0.5171227619463271
E01990,Tambacounda,IEF050,IA13,0.75,-0.5950300302811243,1,-0.9304449072754517,0.7301825710139002,rural,180,144,0.39548186145051095,57,87,3.91968451445625,50.38454667428227,3,-0.6905614794101899,0.5260262946744185,0.7266027578410599,-1.2488328941078408
E01991,Kolda,IEF047,IA12,0.7,0.8036427494500231,0,0.8692594740041972,0.6614005672046754,urbain,320,255,0.4942071216826951,126,129,3.826550744849713,45.9039304835264,6,-0.1480738982589357,0.8309076613036193,0.2561371785197079,0.38239981825906455
E01992,Tambacounda,IEF048,IA13,0.75,-0.5950300302811243,1,-1.2870708589133515,0.822602277785154,rural,180,205,0.34919603195495524,72,133,3.756719940178283,42.80778335650672,5,-0.07722349825727624,0.5269637889391445,-0.06895887741623366,-0.8660861579926421
E01993,Saint-Louis,IEF026,IA06,0.35,-0.09886818526410894,0,0.49988989751365537,0.3653543226208751,urbain,320,194,0.4318077676106778,84,110,3.714801506393008,41.050438026139105,5,0.13224686316231926,0.7769738405493781,-0.25348048197250295,0.1333026978458388
E01994,Fatick,IEF036,IA09,0.4,1.508379536169013,1,1.1669515787289226,0.3992914244751855,urbain,320,304,0.49148729798006896,149,155,3.275220043109848,26.449044770355783,11,1.8957342648748934,0.8893372977889442,-1.7866296392588636,1.8420456135943393
E01995,Fatick,IEF037,IA09,0.4,1.508379536169013,1,-0.8651748349735274,0.48033592529961483,rural,180,151,0.5022617647050535,76,75,3.5221827791356817,33.85825295137536,4,1.0771473978606139,0.896630345794657,-1.0086613262425603,0.500759032992214
E01996,Tambacounda,IEF050,IA13,0.75,-0.5950300302811243,1,-0.9304449072754517,0.7242842514197753,rural,180,126,0.3885725680706755,49,77,3.876766330886276,48.267880086746075,3,-0.5647782942418086,0.6317734990137964,0.5043523507676139,-1.3113590766068282
E01997,Tambacounda,IEF049,IA13,0.75,-0.5950300302811243,1,0.10831608168981055,0.738779439311106,urbain,320,325,0.40066413608233603,130,195,3.6335116344368488,37.84548304439025,9,-1.4689766641131377,0.588895499408869,-0.5900013840078462,-1.0870575943192327
E01998,Dakar,IEF002,IA01,0.05,1.1358119908378483,0,-0.5868971362215678,0.02729399801385488,urbain,320,273,0.46284565331429595,126,147,3.4121522950771963,30.33045414591555,9,1.4704124612064837,0.8982848707922529,-1.3790808931235694,1.100032621697839
E01999,Matam,IEF051,IA14,0.65,0.361886464303974,0,0.10403354045954573,0.6234143483428611,rural,180,99,0.4305190691775978,43,56,4.08019735680149,59.157143762559585,2,0.8824187174780272,0.7378091807521114,1.6477271736756918,0.021045431280727472
E02000,Louga,IEF035,IA08,0.45,-0.5589055756131087,0,0.9958108211774965,0.4253339771345187,urbain,320,499,0.42938145849707354,214,285,3.908143348277386,49.806392949793896,10,0.2007664530368111,0.6769875361798483,0.6658965033108467,-0.272065179375346
E02001,Kaffrine,IEF040,IA10,0.55,-1.7249192939776967,1,-0.1388397558109453,0.5294745301051577,rural,180,163,0.38936005921433503,63,100,3.6209686022293606,37.373750594012925,4,-1.9341100605671893,0.5022147104602253,-0.6395333838719116,-1.0471654529491294
E02002,Thiès,IEF018,IA04,0.15,1.0504362281327961,0,1.839675695915115,0.17791898646296164,urbain,320,210,0.5114878986685405,107,103,3.599796445262405,36.59078545783327,6,0.929604451693357,0.8706338557265257,-0.7217448768226259,0.9631051745086885
E02003,Dakar,IEF003,IA01,0.05,1.1358119908378483,0,-1.5898776485547115,0.002682254822349614,urbain,320,531,0.5001920107970387,266,265,3.4993469897434695,33.09383428796219,16,1.169135409229928,0.90476551813611406,-1.0889254359131688,1.1287644973791369
E02004,Saint-Louis,IEF026,IA06,0.35,-0.09886818526410894,0,0.49988989751365537,0.3570037853181537,rural,180,130,0.46816834855637063,61,69,3.9150200266763706,50.15007584031891,3,1.4833724548977911,0.8029831900535003,0.7019832742615207,0.6568175744357169
E02005,Ziguinchor,IEF043,IA11,0.55,0.5436260064330518,1,0.03781619554363153,0.5203828267070434,urbain,320,437,0.45238488943648697,198,239,3.423005837526872,30.6614399526038,14,-0.14972686682093658,0.7828499950099086,-1.3443273184674764,0.6966186848543444
E02006,Tambacounda,IEF050,IA13,0.75,-0.5950300302811243,1,-0.9304449072754517,0.7299353614230987,rural,180,251,0.4073666870747861,102,149,3.70648326781549,40.710386962626636,6,-0.6138184901382531,0.5997318471125292,-0.28918591037413693,-1.2050596406801657
E02007,Kolda,IEF047,IA12,0.7,0.8036427494500231,0,0.8692594740041972,0.6885653927111028,rural,180,115,0.45072766155768534,52,63,4.157438710227903,63.90762684627665,2,-0.2777909938030257,0.7293802333665098,2.146528829717604,-0.6479431571753784
E02008,Saint-Louis,IEF028,IA06,0.35,-0.09886818526410894,0,-1.6584009589402293,0.39896664636524914,urbain,320,327,0.4639318834196843,152,175,4.021917894391071,55.80803717397546,6,0.5546057472999553,0.7828445524047742,1.2960703246338232,-0.6047636802675667
E02009,Tambacounda,IEF048,IA13,0.75,-0.5950300302811243,1,-1.2870708589133515,0.7818855501638536,rural,180,158,0.3892877181831708,62,96,3.8454708176198102,46.78070434667797,3,-0.6626874918885681,0.6220676653466667,0.3481986062118301,-1.7881281568230643
E02010,Kaolack,IEF031,IA07,0.3,0.7594385270695994,0,0.014753903421311736,0.21000592268895668,urbain,320,263,0.5310751544987293,140,123,3.6506845263723915,38.50101198882818,7,0.920860304544131,0.8763970728761384,-0.5211707161985422,1.0184242543790631
E02011,Saint-Louis,IEF025,IA06,0.35,-0.09886818526410894,0,0.09534935373040888,0.34182867730997163,urbain,320,326,0.39106776025825807,127,199,3.811007599697037,45.19595536219432,7,0.0737152116038384,0.738416572031436,0.18179965184429464,0.05758171231675213
E02012,Dakar,IEF007,IA02,0.05,-0.6770804424361538,1,0.35653495020654297,0,urbain,320,559,0.4478711199101839,250,309,3.647733660612277,38.38756813193581,15,0.1819648802950875,0.821725718040881,-0.5330823434348656,0.4942771348376767
E02013,Fatick,IEF037,IA09,0.4,1.508379536169013,1,-0.8651748349735274,0.3827978928291341,urbain,320,207,0.4985854181647683,103,104,3.5773822971784286,35.77975738014386,6,1.6575614589621566,0.8580588207499817,-0.8069029841390353,0.94594095633590225
E02014,Dakar,IEF001,IA01,0.05,1.1358119908378483,0,-0.3499273505312711,0.07061539426606392,urbain,320,224,0.5084743785536592,114,110,3.624566282285667,37.50845155133868,6,0.9823400959693938,0.9276701764315591,-0.6253897569185145,1.2678653371407487
E02015,Thiès,IEF014,IA04,0.15,1.0504362281327961,0,0.597248963746674,0.23581664711558384,rural,180,146,0.4683245690149481,68,78,3.5965897660724484,36.473638474341676,4,0.936341098798604,0.8938438726933849,-0.7340453330785821,1.6167053853140751
E02016,Dakar,IEF005,IA02,0.05,-0.6770804424361538,1,0.5635836405531154,0.1040117568916841,urbain,320,237,0.4073201896609529,97,140,3.623954514294601,37.48551209881196,6,-1.4258031626083445,0.7815424778082241,-0.6277984039355395,-0.1894960786237213
E02017,Fatick,IEF038,IA09,0.4,1.508379536169013,1,-1.390946513569097,0.4502521759608502,rural,180,165,0.475843432117137,79,86,3.3387283948845257,28.183265924744045,6,1.4498581234581513,0.8882237618438099,-1.6045360777183963,1.0929059114134125
E02018,Dakar,IEF010,IA03,0.05,0.46256507759004684,0,0.028674535806565937,0.18033628562325338,urbain,320,370,0.45214477116970514,167,203,3.8362452421326663,46.351110101392656,8,0.34959707992090994,0.8651778262117453,0.3030911261517762,0.1775001887079568
E02019,Dakar,IEF001,IA01,0.05,1.1358119908378483,0,-0.3499273505312711,0.08178336309564882,urbain,320,406,0.4820625454704848,196,210,3.4752096197933366,32.30459951039401,13,1.2045171309401137,0.8917319544303165,-1.1717952424400544,1.23821701968858
E02020,Sédhiou,IEF053,IA15,0.7,-0.5128143979953421,1,-1.6637734035387284,0.6924372458084052,rural,180,136,0.3727909905842236,51,85,3.7186150975003014,41.20728649942407,3,-0.8838899510477827,0.7158939078225682,-0.23701136149708166,-1.3201103412524418
E02021,Dakar,IEF012,IA03,0.05,0.46256507759004684,0,-0.8514222791158281,0.02192358409103263,urbain,320,202,0.4883395968178354,99,103,3.8704644792950047,47.96465949887723,4,0.5190432082560225,0.8579427918476412,0.4725141295363035,0.39756274412884146
E02022,Diourbel,IEF023,IA05,0.3,-1.961883486465059,0,0.1117959092790192,0.3004880656598285,rural,180,157,0.39503712102576455,62,95,4.278075073784328,72.10151624241878,2,-2.8988845304353235,0.6477017266978895,3.0068888243103955,-2.6105059423936776
E02023,Fatick,IEF038,IA09,0.4,1.508379536169013,1,-1.390946513569097,0.4642677130272612,rural,180,201,0.44110796450747364,89,112,3.5526786223209843,34.90669422156211,6,1.4706968839679753,0.8811317058016124,-0.8985747871231246,0.6037690400936422
E02024,Kaolack,IEF030,IA07,0.3,0.7594385270695994,0,-0.4906862327461932,0.29119769980263693,rural,180,247,0.4712033767899168,116,131,3.7429366380490117,42.22179842575177,6,1.0808615496349856,0.8577968999388788,-0.1304874101412607,0.8311958341908289
E02025,Diourbel,IEF020,IA05,0.3,-1.961883486465059,0,0.3932217475238377,0.32586950029842443,urbain,320,133,0.4026123973998231,54,79,4.15017731582324,63.44524914737759,2,-1.8409398817928027,0.6615817488202982,2.0979790805945657,-1.6353218828485334
E02026,Diourbel,IEF024,IA05,0.3,-1.961883486465059,0,-2.89232139833262,0.28333364599195066,urbain,320,463,0.3460721621226785,160,303,3.9958644540442334,54.37282312062544,9,-0.5069030422291372,0.6371790780689467,1.1453725673805841,-2.0955503071944728
E02027,Kaolack,IEF029,IA07,0.3,0.7594385270695994,0,-1.481619640758723,0.37665556746814144,rural,180,109,0.4746552613505738,52,57,3.7090754217614017,40.81605144296561,3,1.598436477051828,0.8421588061492955,-0.278091119202573,0.951172579061979
E02028,Dakar,IEF007,IA02,0.05,-0.6770804424361538,1,0.35653495020654297,0,urbain,320,587,0.476931265427606,280,307,3.312554612191194,27.455173281690964,21,1.0846683322242237,0.7711128003414461,-1.680985948122448,0.9203058789905354
E02029,Ziguinchor,IEF044,IA11,0.55,0.5436260064330518,1,-0.6339810327435095,0.5086999374001643,rural,180,163,0.44586646700935545,73,90,3.396129274895082,29.848341432515188,5,-0.11493761309958343,0.8441642232123094,-1.4297028226421131,0.1307754519633665
E02030,Kaolack,IEF032,IA07,0.3,0.7594385270695994,0,0.3376374748206235,0.286405148247987,urbain,320,419,0.4872483136738642,204,215,3.776311289865096,43.654714785456214,10,1.0426727388956416,0.8530603231134994,0.019969088828285776,0.3758095125562124
E02031,Fatick,IEF037,IA09,0.4,1.508379536169013,1,-0.8651748349735274,0.38219507795722557,rural,180,177,0.5238657162469854,93,84,3.403486994308639,30.06876707433442,6,1.1530726102711057,0.9118207517236452,-1.4065580869939853,1.2789470970436834
E02032,Kaolack,IEF032,IA07,0.3,0.7594385270695994,0,0.3376374748206235,0.2854641597482725,urbain,320,291,0.4686354165118169,136,155,3.6730823178909144,39.373079363682976,7,0.0744614070756839,0.8614694961284804,-0.4296034707011995,0.44628044035939246
E02033,Dakar,IEF006,IA02,0.05,-0.6770804424361538,1,2.6676333910661167,0.09965090071325533,rural,180,231,0.44620901788002537,103,128,3.367382875638412,29.0025244337751,8,0.3886560709306484,0.7826132818821608,-1.518513773495945,1.5646376279593097
E02034,Tambacounda,IEF048,IA13,0.75,-0.5950300302811243,1,-1.2870708589133515,0.7844979368480114,rural,180,203,0.3571895949130481,73,130,3.6075612198148024,36.87601057893141,6,-2.0389172165106886,0.5968173360979454,-0.6917961831337339,-1.9276771639480423
E02035,Dakar,IEF008,IA02,0.05,-0.6770804424361538,1,-0.3621203918588307,0.09158597532074944,urbain,320,286,0.43537813173300915,125,161,3.354775425038156,28.639171827539375,10,-0.5096387423793476,0.8037848743375279,-1.5566658684562982,0.1892374858942584
E02036,Kaffrine,IEF039,IA10,0.55,-1.7249192939776967,1,-1.332630847294145,0.5253219078158275,rural,180,115,0.3515615416663838,40,75,3.720913565796753,41.30210907261964,3,-1.8564558694278857,0.6399828171999383,-0.22705497270322914,-1.3986187991469388
E02037,Kaolack,IEF029,IA07,0.3,0.7594385270695994,0,-1.481619640758723,0.3076931214620726,rural,180,231,0.41501068315625833,96,135,3.8371261245495107,46.391957967724466,5,0.2467755155435248,0.8852324881244302,0.30738016013274605,-0.17021844821557036
E02038,Diourbel,IEF023,IA05,0.3,-1.961883486465059,0,0.1117959092790192,0.37490284906262095,urbain,320,411,0.3881211641741135,160,251,3.964247791765347,52.68062768015861,8,-1.8326365064881813,0.5553475287529503,0.9676917140491418,-1.463538510156856
E02039,Thiès,IEF019,IA04,0.15,1.0504362281327961,0,0.4061865653228522,0.10294958669508053,rural,180,95,0.5055125933241822,48,47,3.7303049174290535,41.691818788282866,2,1.1760422202556997,0.940888769286431,-0.18613537608057631,1.3444209637129891
E02040,Saint-Louis,IEF025,IA06,0.35,-0.09886818526410894,0,0.09534935373040888,0.2724653026170428,urbain,320,416,0.4448679397922452,185,231,3.758208527514898,42.87155393298035,10,-0.9544575551693905,0.7915830792171679,-0.062262954371938836,-0.2061575167219914
E02041,Thiès,IEF019,IA04,0.15,1.0504362281327961,0,0.4061865653228522,0.12579545285714885,rural,180,172,0.4806535977417458,83,89,3.9186765954524723,50.33378871644476,3,1.0929112954691664,0.8841242890378901,0.7212731623071998,0.6718261453042226
E02042,Sédhiou,IEF053,IA15,0.7,-0.5128143979953421,1,-1.6637734035387284,0.7567294776983754,rural,180,234,0.4059724419065975,95,139,3.8662351443772,47.76222926401205,5,-0.20397589846704506,0.5936931638974198,0.4512589151498333,-1.4434749394443842
E02043,Sédhiou,IEF054,IA15,0.7,-0.5128143979953421,1,0.5471627551526171,0.655861694780564,rural,180,156,0.40841381860929227,64,92,3.804326188383287,44.89498915384138,3,-0.5052026889006287,0.6990214065861058,0.15019814090456166,-0.3486216364859004
E02044,Dakar,IEF005,IA02,0.05,-0.6770804424361538,1,0.5635836405531154,0.10085299530484457,urbain,320,228,0.44288860534919433,101,127,3.5166850010364756,33.67261854578183,7,-0.006372378446215263,0.8212895744720656,-1.0281529752594343,0.2878307247218338
E02045,Louga,IEF035,IA08,0.45,-0.5589055756131087,0,0.9958108211774965,0.49815300923038486,urbain,320,711,0.4095041980098451,291,420,4.145647367211435,63.15849540928482,11,-0.8945184787241933,0.7143731164743894,2.067869881821256,-1.302063786881953
E02046,Kaolack,IEF032,IA07,0.3,0.7594385270695994,0,0.3376374748206235,0.29792981077660896,urbain,320,321,0.5030114073450959,161,160,3.7184180130824527,41.19916598559286,8,0.7964615952542594,0.8929971979962725,-0.23786401704295695,0.5744491051578369
E02047,Dakar,IEF008,IA02,0.05,-0.6770804424361538,1,-0.3621203918588307,0.08210607580816642,urbain,320,367,0.4382958795377756,161,206,3.3092218734317336,27.36382466663424,13,-0.4953819794277675,0.7891887631690232,-1.6905775706299797,0.38424576161849505
E02048,Thiès,IEF017,IA04,0.15,1.0504362281327961,0,0.4161989798572152,0.17765578923116063,urbain,320,232,0.46508163018030313,108,124,3.7226703181392646,41.37473041966754,6,0.5213655230957217,0.8772352064285764,-0.21942971701172942,0.3093663155484756
E02049,Louga,IEF034,IA08,0.45,-0.5589055756131087,0,-2.3207746068026323,0.4978871275192071,rural,180,164,0.4105146924937893,67,97,4.0554340767057635,57.710208217068114,3,-0.9942026945260609,0.6802668352073371,1.4957986574473328,-1.9795067455824846
E02050,Fatick,IEF036,IA09,0.4,1.508379536169013,1,1.1669515787289226,0.3863894979110183,urbain,320,279,0.5091019240857637,142,137,3.292405362043611,26.90750817684863,10,1.1296024471365018,0.8831766025770383,-1.7384908916066326,1.8948761557203848
E02051,Dakar,IEF009,IA03,0.05,0.46256507759004684,0,0.5687463271242291,0.07565033361620949,rural,180,154,0.5096774797680529,78,76,3.536600100878355,34.34993412397655,4,0.007104846208374674,0.91600001296853,-0.9570347066301813,1.3339705816312581
E02052,Kaffrine,IEF039,IA10,0.55,-1.7249192939776967,1,-1.332630847294145,0.6512046447471469,urbain,320,152,0.3422411597272401,52,100,3.7750109469161823,43.59798557660505,3,-1.356986850720793,0.45832192949359146,0.014012510766172498,-1.844357714197542
E02053,Thiès,IEF019,IA04,0.15,1.0504362281327961,0,0.4061865653228522,0.17190244340897012,urbain,320,407,0.44451816767296987,181,226,3.641860596690065,38.16277624518165,11,1.434010578815778,0.874251405703078,-0.5566855356580084,1.4365932505549508
E02054,Fatick,IEF036,IA09,0.4,1.508379536169013,1,1.1669515787289226,0.3861562738116734,urbain,320,315,0.48246236799593084,152,163,3.3200396518481354,27.661447364281514,11,0.6071147516471576,0.9108827793636396,-1.659327128970484,1.1393829453838393
E02055,Saint-Louis,IEF026,IA06,0.35,-0.09886818526410894,0,0.49988989751365537,0.30629518859335625,urbain,320,163,0.4141071678178154,67,96,3.7947259729572345,44.4660498357402,4,-0.03396273549033097,0.7762183381840522,0.10515942832736733,0.5133878236545077
E02056,Dakar,IEF006,IA02,0.05,-0.6770804424361538,1,2.6676333910661167,0.03873484215503818,urbain,320,312,0.4560520290563792,142,170,3.676348298162449,39.50188128188607,8,-0.6145467136432199,0.8150057594637067,-0.41607924401333,0.5776826281038878
E02057,Dakar,IEF005,IA02,0.05,-0.6770804424361538,1,0.5635836405531154,0.11841621383668549,urbain,320,245,0.44844118914183045,110,135,3.6169923467759517,37.22543807404151,7,-0.37070160884096776,0.7546529939545635,-0.6551062275742839,-0.11533602567179951
E02058,Saint-Louis,IEF027,IA06,0.35,-0.09886818526410894,0,0.949372149400778,0.34543377935986896,urbain,320,301,0.4737603077684957,143,158,3.993456489931757,54.24205282213684,6,-0.16603240423583918,0.7917049335442038,1.1316416603764547,-0.1143742066560223
E02059,Thiès,IEF014,IA04,0.15,1.0504362281327961,0,0.597248963746674,0.10789555886202673,rural,180,184,0.5072937177824572,93,91,3.8583990876061076,47.38942429208205,4,0.7830910895196697,0.8718177047329564,0.4121143199366154,0.5269874552311342
E02060,Diourbel,IEF022,IA05,0.3,-1.961883486465059,0,-0.4134188533806319,0.32334941819986845,urbain,320,255,0.3636754322406999,93,162,3.817190039604812,45.47624217571353,6,-2.0184300917159104,0.5349624286412366,0.21122982226828851,-2.4280611239364083
E02061,Ziguinchor,IEF044,IA11,0.55,0.5436260064330518,1,-0.6339810327435095,0.5446495129827179,urbain,320,318,0.43241763349275597,138,180,3.624050603498838,37.48911422489989,8,0.21443093562565713,0.8011604389250387,-0.6274201799894126,-0.24238493910727021
E02062,Dakar,IEF002,IA01,0.05,1.1358119908378483,0,-0.5868971362215678,0.06247308450166002,urbain,320,169,0.5079081823411581,86,83,3.587081404414404,36.12847748695806,5,1.1605018367822408,0.9269220394395682,-0.7702873044894759,1.0747059367139788
E02063,Fatick,IEF036,IA09,0.4,1.508379536169013,1,1.1669515787289226,0.4593263163661199,urbain,320,347,0.4953331369820344,172,175,3.4713706508797513,32.1808209002435,11,2.8481515609942583,0.8227661638260246,-1.1847920207966107,1.87759800932217
E02064,Dakar,IEF009,IA03,0.05,0.46256507759004684,0,0.5687463271242291,0,urbain,320,150,0.4817154056517698,72,78,3.5551525123732595,34.99315645008148,4,0.4290196814432616,0.8532776799241897,-0.8894962361609373,1.0037276481958173
E02065,Dakar,IEF004,IA01,0.05,1.1358119908378483,0,1.689559554478078,0,urbain,320,709,0.5252016598087228,372,337,3.5878664603316355,36.15685149812517,20,0.9377860524510432,0.9123428197178384,-0.7673080277487131,1.56733026376685
E02066,Tambacounda,IEF048,IA13,0.75,-0.5950300302811243,1,-1.2870708589133515,0.8120669041855701,urbain,320,289,0.3429900071769914,99,190,3.874438030207233,48.15562867699034,6,-1.2063600664743555,0.6323858602617566,0.4925659307146475,-1.9319622084696437
E02067,Fatick,IEF037,IA09,0.4,1.508379536169013,1,-0.8651748349735274,0.35509694651025747,rural,180,262,0.5079103325603076,133,129,3.6798215855282614,39.6393212130868,7,0.971808893550311,0.9033040606655108,-0.40164802426555446,0.6709976159488006
E02068,Ziguinchor,IEF044,IA11,0.55,0.5436260064330518,1,-0.6339810327435095,0.5715845400445495,rural,180,229,0.42091499896116014,96,133,3.5228084853336847,33.8794448993758,7,0.6368270530965917,0.7796215560710686,-1.0064361675437319,0.13272032882937457
E02069,Thiès,IEF019,IA04,0.15,1.0504362281327961,0,0.4061865653228522,0.11704832814118898,urbain,320,402,0.50050376160172,201,201,3.765570037421166,43.188317801633794,9,0.7392797734724111,0.9153133835173545,-0.029002686000463854,1.2903410661306263
E02070,Louga,IEF034,IA08,0.45,-0.5589055756131087,0,-2.3207746068026323,0.385073133880568,rural,180,237,0.4007252038273138,95,142,3.8841257430254856,48.624413638884754,5,-1.082278128026342,0.7140271408319211,0.5417884437095817,-1.877044984517622
E02071,Tambacounda,IEF048,IA13,0.75,-0.5950300302811243,1,-1.2870708589133515,0.7612302521077079,rural,180,210,0.3847996853721479,81,129,3.6040305476569485,36.74604304647253,6,-1.203880973778494,0.6515931536358572,-0.7054427995472048,-1.1327114578803466
E02072,Ziguinchor,IEF044,IA11,0.55,0.5436260064330518,1,-0.6339810327435095,0.5259329104715255,rural,180,145,0.45508817566886495,66,79,3.528609318150374,34.076545014872686,4,0.1872536284180708,0.8513391793147973,-0.985740616736934,-0.06351246432878965
E02073,Thiès,IEF014,IA04,0.15,1.0504362281327961,0,0.597248963746674,0.20340319239375357,rural,180,314,0.4932146990922016,155,159,3.736727581991114,41.96045310595464,7,0.5537502202000306,0.8759551978051212,-0.15792872000729022,1.1807750629087004
E02074,Saint-Louis,IEF026,IA06,0.35,-0.09886818526410894,0,0.49988989751365537,0.2887619390507614,urbain,320,367,0.45982867550472406,169,198,3.9236425451862247,50.58436544188275,7,0.18742617797486621,0.8343760934910516,0.7475837676522531,0.6305887520862383
E02075,Dakar,IEF002,IA01,0.05,1.1358119908378483,0,-0.5868971362215678,0.07687580558605189,urbain,320,352,0.48706331264877084,171,181,3.7927137170939313,44.37666273126484,8,0.9947451312544101,0.91406876670945,0.09577376481581225,1.4516752809929074
E02076,Louga,IEF034,IA08,0.45,-0.5589055756131087,0,-2.3207746068026323,0.44475066454209566,rural,180,173,0.41978924566358883,73,100,3.833769366409071,46.23649246119748,4,-0.639195530562188,0.5737060423197426,0.291056251438311,-1.7165053080498889
E02077,Thiès,IEF015,IA04,0.15,1.0504362281327961,0,-1.0960478553026407,0.14505371820829657,rural,180,161,0.4941860869734658,80,81,3.7395940897992332,42.08090562898545,4,0.6609936739564856,0.8907111421645953,-0.14528118145102592,-0.3603671873081162
E02078,Saint-Louis,IEF027,IA06,0.35,-0.09886818526410894,0,0.949372149400778,0.33656709831245624,urbain,320,234,0.48238545810405037,113,121,3.902405766284179,49.52144293021804,5,-0.432458144170472,0.8251040327520157,0.6359766953357814,-0.2461992803515643
E02079,Dakar,IEF007,IA02,0.05,-0.6770804424361538,1,0.35653495020654297,0.10985259294707388,urbain,320,249,0.4263708829557502,106,143,3.5797869235521143,35.86589785470573,7,-0.5663913826394732,0.849260411602415,-0.7978582174055276,0.1578686169456356
E02080,Matam,IEF052,IA14,0.65,0.361886464303974,0,-0.6415822632825328,0.6492684645378002,urbain,320,252,0.4348852888940896,110,142,4.017996907585076,55.58964303661509,5,-0.6987220227409066,0.7440582383358666,1.2731388973525455,-1.4462600289921117
E02081,Diourbel,IEF020,IA05,0.3,-1.961883486465059,0,0.3932217475238377,0.28086173067199643,rural,180,255,0.36041473256938084,92,163,3.9298380550494105,50.89873420872955,5,-1.6982534477380642,0.5516338125491506,0.7805925498640067,-1.6466956097539343
E02082,Thiès,IEF015,IA04,0.15,1.0504362281327961,0,-1.0960478553026407,0.1676399559872558,urbain,320,287,0.5231986622051346,150,137,3.649634728134162,38.460614902377415,7,0.4200507117224859,0.9146029403979984,-0.52541241820354,0.6938742320763938
E02083,Fatick,IEF037,IA09,0.4,1.508379536169013,1,-0.8651748349735274,0.3822000016361767,urbain,320,236,0.47371400828411014,112,124,3.4379141981657635,31.121976147126297,8,-0.019373066897448374,0.9087835398339335,-1.2959709276653608,-0.17277012462464159
E02084,Matam,IEF051,IA14,0.65,0.361886464303974,0,0.10403354045954573,0.6911529617379483,rural,180,211,0.4359194068156313,92,119,3.983993366091963,53.73117462324112,4,0.03763765383381487,0.7619925776930094,1.077999349235857,-1.051472450779785
E02085,Ziguinchor,IEF044,IA11,0.55,0.5436260064330518,1,-0.6339810327435095,0.6819359483005758,rural,180,240,0.46439263860371227,111,129,3.522454359420556,33.86744943409243,7,0.009395843999948146,0.7082793550967639,-1.007695693752518,-0.32231668274430203
E02086,Matam,IEF052,IA14,0.65,0.361886464303974,0,-0.6415822632825328,0.7663897238862658,urbain,320,372,0.4304187276352865,160,212,3.903225470757463,49.56205252016884,8,-0.15678607598794528,0.7835742536366568,0.6402407102499849,-0.6851659030963123
E02087,Tambacounda,IEF049,IA13,0.75,-0.5950300302811243,1,0.10831608168981055,0.7091347506828034,rural,180,196,0.4031865245186853,79,117,3.5729474029532993,35.621429284444226,6,-0.6871132208618297,0.6267016079592548,-0.8235274652583633,-1.0493727090326517
E02088,Dakar,IEF012,IA03,0.05,0.46256507759004684,0,-0.8514222791158281,0,rural,180,199,0.49032726091706086,98,101,3.6581499209872366,38.789512782636486,5,0.2584723449569187,0.8966069717618993,-0.49087807623225305,0.8257507806516741
E02089,Fatick,IEF037,IA09,0.4,1.508379536169013,1,-0.8651748349735274,0.3925411339900919,rural,180,149,0.5315868993195279,79,70,3.226130969027797,25.18203816204771,6,1.0196142128444186,0.9004572623294852,-1.9196655817730741,1.3706157529920933
E02090,Dakar,IEF003,IA01,0.05,1.1358119908378483,0,-1.5898776485547115,0.009590043113729449,urbain,320,361,0.4860015752581006,175,186,3.6308358492049684,37.74435202255409,10,1.277636379209305,0.8950457704151109,-0.6006201611469528,0.6070445110411824
E02091,Thiès,IEF014,IA04,0.15,1.0504362281327961,0,0.597248963746674,0.1859266140565251,urbain,320,401,0.4728181397899475,190,211,3.7925034959467485,44.36733479881601,9,1.2810206532506427,0.8857559519936161,0.09479433007813898,1.0724921647161765
E02092,Kaffrine,IEF040,IA10,0.55,-1.7249192939776967,1,-0.1388397558109453,0.5357590481580553,rural,180,197,0.35641242646446736,70,127,3.784685675926183,44.02183126251256,4,-1.6529702192293059,0.579214000698787,0.05851639096343977,-1.9987581704934754
E02093,Dakar,IEF005,IA02,0.05,-0.6770804424361538,1,0.5635836405531154,0,urbain,320,397,0.43770203119117906,174,223,3.5414258569873702,34.51609914187501,12,-0.8443347455805001,0.7868034489278809,-0.9395873471420317,-0.416565654219191
E02094,Thiès,IEF017,IA04,0.15,1.0504362281327961,0,0.4161989798572152,0.19623539366619625,urbain,320,377,0.4785691899631527,180,197,3.7207017690412734,41.293362346220434,9,1.0596642802327207,0.9095921566060327,-0.2279733806916347,1.4630696948401418
E02095,Thiès,IEF013,IA04,0.15,1.0504362281327961,0,-1.1304494696840526,0.18073465091535243,rural,180,147,0.5082661032224001,75,72,3.775968151097318,43.63973773016813,3,0.19095929627318173,0.905697123186824,0.018396495083886466,-0.09719888080606107
E02096,Fatick,IEF036,IA09,0.4,1.508379536169013,1,1.1669515787289226,0.41175930583208786,rural,180,322,0.47074694827592134,152,170,3.4131444448613792,30.360561432449806,11,0.6725904986416843,0.8941110561520665,-1.375919622129112,1.698763439644446
E02097,Dakar,IEF010,IA03,0.05,0.46256507759004684,0,0.028674535806565937,0.059457851514866794,rural,180,122,0.5126036075759708,63,59,3.6404286728373303,38.108169161512976,3,1.121920862645833,0.8791430966113952,-0.5624192901595062,0.7348999956408488
E02098,Kaffrine,IEF040,IA10,0.55,-1.7249192939776967,1,-0.1388397558109453,0.46371960568381454,rural,180,243,0.3591076780566294,87,156,3.782403560786086,43.92148292167912,6,-1.8217507463184945,0.5172409564070101,0.04797979548321467,-1.8268276798818253
E02099,Dakar,IEF009,IA03,0.05,0.46256507759004684,0,0.5687463271242291,0.021729276776399804,urbain,320,245,0.47834198777080056,117,128,3.572492573933553,35.6052313086148,7,1.687295151321859,0.8900537496469474,-0.8252282558992013,1.5594829519247595
E02100,Dakar,IEF012,IA03,0.05,0.46256507759004684,0,-0.8514222791158281,0.14877122163115697,rural,180,110,0.49201505092068254,54,56,3.7057025633710827,40.67861658584221,3,0.4717944740258903,0.909078184197085,-0.2925218061712332,0.4164458842876832
E02101,Thiès,IEF018,IA04,0.15,1.0504362281327961,0,1.839675695915115,0.1926468318702469,urbain,320,344,0.48099398454350256,165,179,3.525978846080585,33.98702540600993,10,0.7527810942492822,0.8669831234016746,-0.9951401932351688,1.5401572435126267
E02102,Kaolack,IEF031,IA07,0.3,0.7594385270695994,0,0.014753903421311736,0.2311955778125458,urbain,320,628,0.47438833249851514,298,330,3.880715447544967,48.458872453426054,13,-0.026733718125119352,0.8655350199678453,0.5244065867500298,0.2548786528912731
E02103,Diourbel,IEF023,IA05,0.3,-1.961883486465059,0,0.1117959092790192,0.35039756250248943,rural,180,102,0.3815937344426596,39,63,3.9539019370633777,52.13841124322124,2,-2.2616034230807576,0.4987260975025841,0.9107588817642449,-2.101054585208449
E02104,Tambacounda,IEF050,IA13,0.75,-0.5950300302811243,1,-0.9304449072754517,0.8763744036785026,rural,180,220,0.4055580646917105,89,131,3.9902938833059807,54.07077752743585,4,-1.9194001140089996,0.6243730784584672,1.1136577208211804,-2.2154975630938685
E02105,Thiès,IEF017,IA04,0.15,1.0504362281327961,0,0.4161989798572152,0.1164862303876551,urbain,320,667,0.4788642450029974,319,348,3.779001895813441,43.7723305786524,15,1.3657131199061772,0.8866480565997997,0.03231877019522509,1.332851514827921
E02106,Dakar,IEF012,IA03,0.05,0.46256507759004684,0,-0.8514222791158281,0.018400862391022448,urbain,320,244,0.4682741558212693,114,130,3.7334897576987753,41.824812240714195,6,0.9258665308311739,0.8104401213829302,-0.1721710374761808,0.15821699156947225
E02107,Fatick,IEF037,IA09,0.4,1.508379536169013,1,-0.8651748349735274,0.3487889176761338,rural,180,308,0.4916143740413658,151,157,3.477638929192579,32.38317277837063,10,1.1301031812672202,0.8908861233967624,-1.1635450338830136,1.073890068885324
E02108,Thiès,IEF014,IA04,0.15,1.0504362281327961,0,0.597248963746674,0.13356374156502845,urbain,320,396,0.492993392771587,195,201,3.4774917004846158,32.37840539663905,12,1.9152045445444352,0.8667083158320132,-1.1640456099003968,2.068653388028744
E02109,Saint-Louis,IEF026,IA06,0.35,-0.09886818526410894,0,0.49988989751365537,0.28428038810624384,rural,180,149,0.39906984996173456,59,90,3.7773596032871044,43.70050260469924,3,-0.6886275990370101,0.6869083651536223,0.0247768188343671,-0.3842504206860314
E02110,Dakar,IEF010,IA03,0.05,0.46256507759004684,0,0.028674535806565937,0.07426927724040044,rural,180,173,0.4907544788893455,85,88,3.772829403141974,43.50297833151373,4,0.7114162303026982,0.8404026305941282,0.004036731387026057,0.4827749645378837
E02111,Sédhiou,IEF053,IA15,0.7,-0.5128143979953421,1,-1.6637734035387284,0.7537412573496434,rural,180,158,0.38190979283737986,60,98,3.700766364305831,40.47831361106991,4,-0.7015923119312235,0.5860353715534838,-0.3135536578304896,-1.694966281676336
E02112,Fatick,IEF038,IA09,0.4,1.508379536169013,1,-1.390946513569097,0.31679415578253944,rural,180,124,0.4509458353950511,56,68,3.4108371863036706,30.290592516497618,4,0.005581838006976839,0.9179523369546491,-1.3832663720350393,0.4014915521111788
E02113,Dakar,IEF006,IA02,0.05,-0.6770804424361538,1,2.6676333910661167,0.003177515577102122,rural,180,168,0.4801770048342948,81,87,3.2759296353041187,26.46781946647186,6,-1.093136193123082,0.8358450349482637,-1.784658292482263,0.6615065069892383
E02114,Kaolack,IEF031,IA07,0.3,0.7594385270695994,0,0.014753903421311736,0.36612116211989193,rural,180,103,0.44916630398566515,46,57,3.761090948319752,42.99530605914341,2,-0.675978334624666,0.8857800691998791,-0.04926895683926193,-0.04904322520291965
E02115,Thiès,IEF015,IA04,0.15,1.0504362281327961,0,-1.0960478553026407,0.2903511289660413,rural,180,118,0.43101588877517494,51,67,3.695249606703526,40.25561940650131,3,0.5307375797121426,0.8864500396747569,-0.3369365930124915,0.4878229830723665
E02116,Sédhiou,IEF053,IA15,0.7,-0.5128143979953421,1,-1.6637734035387284,0.6319547062457802,urbain,320,290,0.4334085634255845,126,164,3.9821184895938995,53.630529684623625,5,-0.7063005896351546,0.6813000364215948,1.0674316109301012,-1.2807968118558526
E02117,Diourbel,IEF021,IA05,0.3,-1.961883486465059,0,0.10955641117140437,0.3955197448610522,urbain,320,271,0.38995541454252,106,165,4.147161033641613,63.254168694018965,4,-1.7736148709349657,0.5922353575699545,2.077915595493606,-1.883331168638383
E02118,Diourbel,IEF023,IA05,0.3,-1.961883486465059,0,0.1117959092790192,0.27662425684408215,rural,180,146,0.3724352613092054,54,92,3.9568969758904586,52.29480189040191,3,-1.524286799069723,0.4577169723390369,0.927179930408869,-1.9249786815597052
E02119,Diourbel,IEF020,IA05,0.3,-1.961883486465059,0,0.3932217475238377,0.3642781129081573,urbain,320,205,0.3873344782254841,79,126,3.9272457599526702,50.76696054151884,4,-1.9835867492555148,0.6257598649378485,0.7667562889471513,-1.3206090885732318
E02120,Diourbel,IEF022,IA05,0.3,-1.961883486465059,0,-0.4134188533806319,0.26806074259629437,urbain,320,318,0.39834847470694457,127,191,4.31059616907133,74.48488128886412,4,-1.2694967367074952,0.4822891387992333,3.257142621907151,-2.9356231214602984
E02121,Kolda,IEF045,IA12,0.7,0.8036427494500231,0,-1.432219330403182,0.7884440013398444,rural,180,204,0.4093811743384944,84,120,3.9665036208806486,52.79960031440603,4,-0.9016781122661605,0.8201842540651807,0.9801838639927319,-1.0255983365137624
E02122,Tambacounda,IEF050,IA13,0.75,-0.5950300302811243,1,-0.9304449072754517,0.7161198656304063,rural,180,254,0.4226976739929613,107,147,3.8349215569167177,46.2897964111738,5,-0.3965875618974439,0.6658868617788997,0.29665317664638097,-1.433221192329853
E02123,Thiès,IEF016,IA04,0.15,1.0504362281327961,0,0.01909654917514469,0.18169774080637932,urbain,320,216,0.47222557380763125,102,114,3.6199404671217197,37.33534507533713,6,0.5822719884596057,0.9004329517909044,-0.643565970869705,0.8302239388365581
E02124,Thiès,IEF015,IA04,0.15,1.0504362281327961,0,-1.0960478553026407,0.05463444857868534,rural,180,202,0.4738123009623913,96,106,3.4418516129269134,31.244757837999092,6,0.9238004439992945,0.8895546723824249,-1.2830788260286035,0.5159347366933695
E02125,Diourbel,IEF021,IA05,0.3,-1.961883486465059,0,0.10955641117140437,0.409193911614297,urbain,320,153,0.3863183109903662,59,94,4.106788271147831,60.75128724096336,3,-1.3106564317638778,0.6625179606382368,1.8151125517484485,-1.4410526203088219
E02126,Kaolack,IEF029,IA07,0.3,0.7594385270695994,0,-1.481619640758723,0.19725857262244795,urbain,320,203,0.4719834287938226,96,107,3.818594096427476,45.54013825017217,4,1.4681803463071845,0.8272235554273034,0.2179389226256376,0.9574107765843745
E02127,Ziguinchor,IEF042,IA11,0.55,0.5436260064330518,1,0.09332094674687035,0.5454833256822641,urbain,320,283,0.469251077950316,133,150,3.6329397677535322,37.82384666067629,7,-0.5351151377171056,0.7815273852766235,-0.5922732085438127,-0.1095553571015061
E02128,Louga,IEF033,IA08,0.45,-0.5589055756131087,0,-1.965905696172405,0.4513514231843929,urbain,320,342,0.42417164965204524,145,197,4.120963677753901,61.61859413018886,6,-0.8180461910000125,0.6882117357973874,1.9061799453205013,-1.9527596197819133
E02129,Dakar,IEF003,IA01,0.05,1.1358119908378483,0,-1.5898776485547115,0.08947858030435242,urbain,320,218,0.5281513602599609,115,103,3.769164109030493,43.34381898229999,5,1.205076314377931,0.9128871555130796,-0.012675031514410635,-0.0015559588307335614
E02130,Dakar,IEF006,IA02,0.05,-0.6770804424361538,1,2.6676333910661167,0.009321562832519593,urbain,320,606,0.46147216906955785,280,326,3.721944055093676,41.344692391017944,15,-0.45220362075191994,0.8085221636965846,-0.22258371591470644,0.3536454050924878
E02131,Fatick,IEF038,IA09,0.4,1.508379536169013,1,-1.390946513569097,0.40773841235715497,urbain,320,511,0.48951954146699517,250,261,3.515192120851551,33.622386865049954,15,1.2193849186217038,0.8920038761596735,-1.0334273115939243,1.2329472784384385
E02132,Thiès,IEF013,IA04,0.15,1.0504362281327961,0,-1.1304494696840526,0.1333130288695277,urbain,320,278,0.4954837880078325,138,140,3.4956220091869077,32.97078971030232,8,2.0915845979190792,0.8953172382305884,-1.1018451407141585,1.2573483051784873
E02133,Dakar,IEF008,IA02,0.05,-0.6770804424361538,1,-0.3621203918588307,0.06278175629525873,urbain,320,326,0.4671126280281346,152,174,3.373755763905106,29.187944484527357,11,-0.6904774585164156,0.7617471111594268,-1.4990446317794708,0.030510427805410273
E02134,Dakar,IEF010,IA03,0.05,0.46256507759004684,0,0.028674535806565937,0.07154161597428094,rural,180,138,0.532470256321209,73,65,3.6275489983571623,37.62049562736335,4,0.6579081953113443,0.8393364016710357,-0.6136251069479983,0.8605804877411168
E02135,Dakar,IEF002,IA01,0.05,1.1358119908378483,0,-0.5868971362215678,0.036086798276501145,urbain,320,208,0.48957076540361644,102,106,3.9319609310589914,51.006900681882804,4,1.014155908586226,0.9091631154167121,0.79195005077207,0.7724294578403856
E02136,Kédougou,IEF055,IA16,0.9,-0.4962851679537585,0,0.0755532240045896,0.8871575036310699,urbain,320,405,0.3627477328234971,147,258,4.173926509636737,64.97005748186244,6,-1.4066125884973046,0.6343188091421323,2.258084254949262,-1.4452161868726383
E02137,Tambacounda,IEF050,IA13,0.75,-0.5950300302811243,1,-0.9304449072754517,0.831026367216476,rural,180,202,0.3727623054672158,75,127,3.806189620258964,44.97872590232149,4,-1.392641838351368,0.5674715224591073,0.15899051592776958,-1.7733266086607888
E02138,Thiès,IEF018,IA04,0.15,1.0504362281327961,0,1.839675695915115,0.13881575065287097,urbain,320,260,0.47709070611321713,124,136,3.612197553541284,37.04737701951217,7,0.7734202098833394,0.8827006408291679,-0.6738026732431969,1.7455537683897466
E02139,Kaffrine,IEF040,IA10,0.55,-1.7249192939776967,1,-0.1388397558109453,0.6652505406873114,urbain,320,200,0.31826395060066226,64,136,4.002784798621724,54.75040678991121,4,-1.925994343405676,0.4748071085236835,1.185018926753946,-2.739226959529416
E02140,Kolda,IEF047,IA12,0.7,0.8036427494500231,0,0.8692594740041972,0.7261617672676097,rural,180,214,0.4241109092420068,91,123,3.987713307054129,53.93142364702072,4,-0.3312248807312564,0.7355123836938182,1.099025536030293,-0.3724244700998027
E02141,Fatick,IEF036,IA09,0.4,1.508379536169013,1,1.1669515787289226,0.43799572966515926,rural,180,191,0.5002415788044073,96,95,3.4542116011593373,31.633339160559704,6,0.27036354292506354,0.8825294257409222,-1.2422777109031646,1.0578946926384056
E02142,Thiès,IEF014,IA04,0.15,1.0504362281327961,0,0.597248963746674,0.1258505695809013,urbain,320,234,0.4738456776348876,111,123,3.3951247644384837,29.81837351549702,8,1.092954880165573,0.9115922976833697,-1.4328494598100312,1.3263553365596816
E02143,Dakar,IEF006,IA02,0.05,-0.6770804424361538,1,2.6676333910661167,0.08730782448313794,urbain,320,704,0.44140299268789507,311,393,3.619278537852285,37.310639895090326,19,-0.3750163983556408,0.8004784136801346,-0.6461600196438516,0.8913734295508683
E02144,Diourbel,IEF020,IA05,0.3,-1.961883486465059,0,0.3932217475238377,0.3622653303373413,urbain,320,507,0.39005215905383134,198,309,4.111453038180459,61.03533984740864,8,-1.3883848011385467,0.6103130975362554,1.8449381311686928,-1.5151760558815153
E02145,Kaffrine,IEF041,IA10,0.55,-1.7249192939776967,1,0.31771647692565824,0.5691164816124212,urbain,320,317,0.3421642096945266,108,209,4.040565012791841,56.858459488381605,6,-1.7713741407234875,0.44700919653896176,1.4063648737850631,-2.9397620732844265
E02146,Diourbel,IEF022,IA05,0.3,-1.961883486465059,0,-0.4134188533806319,0.38446900554195307,urbain,320,416,0.4024469991714577,167,249,4.258259615366973,70.68685402457082,6,-2.1458758237855644,0.5298390016741342,2.858349013818037,-2.1970801217360303
E02147,Fatick,IEF036,IA09,0.4,1.508379536169013,1,1.1669515787289226,0.4250343543606209,rural,180,271,0.4741990843125064,129,142,3.5361291774314054,34.33376174287201,8,0.9053497987417128,0.8999835760021937,-0.958732809819884,0.9924929610442932
E02148,Tambacounda,IEF048,IA13,0.75,-0.5950300302811243,1,-1.2870708589133515,0.79844166862507,rural,180,288,0.3751614396887836,108,180,3.9403396858168387,51.436070436951354,6,-1.14200529228027,0.6751263949440975,0.8370129592760601,-1.169602319026932
E02149,Saint-Louis,IEF026,IA06,0.35,-0.09886818526410894,0,0.49988989751365537,0.33189444314934397,rural,180,131,0.4400293649328135,58,73,3.984246853486837,53.744796525137154,2,-0.5932520342452445,0.8500140144598938,1.0794296516081512,-0.3089934640577634
E02150,Kaffrine,IEF041,IA10,0.55,-1.7249192939776967,1,0.31771647692565824,0.47742021518434163,rural,180,203,0.3804739423052681,77,126,3.7000257747581164,40.44834689298919,5,-2.1940511294278253,0.47804668851712456,-0.3167001691097395,-1.8860112787016106
E02151,Kolda,IEF047,IA12,0.7,0.8036427494500231,0,0.8692594740041972,0.7450288569903198,rural,180,126,0.39566715177407874,50,76,4.126204962103754,61.94240254797992,2,0.59447652831316,0.6942985216493083,1.9401798927338727,-0.5442939263112881
E02152,Diourbel,IEF021,IA05,0.3,-1.961883486465059,0,0.10955641117140437,0.38421362445152474,urbain,320,325,0.3441856468662353,112,213,3.9977262231163073,54.47414705268697,6,-0.4230645570655113,0.5269473163471043,1.1560116001312122,-1.0345370035952837
E02153,Saint-Louis,IEF026,IA06,0.35,-0.09886818526410894,0,0.49988989751365537,0.29774330042338387,urbain,320,396,0.44426248929653844,176,220,3.723817356428196,41.42221604836386,10,0.14173966306666289,0.800259447631603,-0.21444371667986847,0.11546917962524739
E02154,Diourbel,IEF020,IA05,0.3,-1.961883486465059,0,0.3932217475238377,0.33995486084387844,urbain,320,309,0.4078736022621101,126,183,3.8094187573325238,45.12420313019759,7,-1.3558860517817592,0.491022845003409,0.17426565340372635,-1.629927840063095
E02155,Sédhiou,IEF054,IA15,0.7,-0.5128143979953421,1,0.5471627551526171,0.7055226337460553,rural,180,164,0.3745465939581102,61,103,3.9578355634845943,52.343908184368175,3,-0.1155147285745618,0.6579378870175373,0.9323361009121203,-1.2761093292229893
E02156,Thiès,IEF017,IA04,0.15,1.0504362281327961,0,0.4161989798572152,0.1477289143262595,urbain,320,462,0.5145741001870489,238,224,3.714653327211172,41.0443556564698,11,1.9575506196156205,0.9020361490850479,-0.254119131981406,1.7396234329987457
E02157,Fatick,IEF037,IA09,0.4,1.508379536169013,1,-0.8651748349735274,0.45741233350785854,rural,180,82,0.4811255327702054,39,43,3.449748935572279,31.49248467348444,3,0.5180460440217906,0.8813449301467908,-1.2570674596878506,0.3546601411609738
E02158,Dakar,IEF009,IA03,0.05,0.46256507759004684,0,0.5687463271242291,0,urbain,320,295,0.5192791259420322,153,142,3.596831395580784,36.482452646512606,8,1.191335939258756,0.8616241459001263,-0.7331198432709102,0.8193467052019752
E02159,Dakar,IEF002,IA01,0.05,1.1358119908378483,0,-0.5868971362215678,0.019356586049780074,urbain,320,441,0.5163757703738587,228,213,3.6772193716866832,39.53630531558369,11,0.5719564062209129,0.9111137587472771,-0.4124647137195858,0.8736362158098645
E02160,Fatick,IEF038,IA09,0.4,1.508379536169013,1,-1.390946513569097,0.38982186571148303,rural,180,113,0.5212599359574668,59,54,3.5142895785224986,33.59205492768816,3,0.9637659321305486,0.8992026299274205,-1.0366121709693594,0.9040869990422253
E02161,Sédhiou,IEF054,IA15,0.7,-0.5128143979953421,1,0.5471627551526171,0.722848690516871,rural,180,191,0.39905571695394904,76,115,3.6607713598026614,38.89133051324475,5,-0.8988871562177874,0.5860052940089935,-0.48018719453731296,-1.4053604255087215
E02162,Louga,IEF034,IA08,0.45,-0.5589055756131087,0,-2.3207746068026323,0.4428294508756171,rural,180,163,0.41062954372970834,67,96,4.039989359685786,56.825738158542784,3,-0.5637902268123192,0.6056690230883639,1.4029291277306373,-1.789711676515474
E02163,Kaolack,IEF032,IA07,0.3,0.7594385270695994,0,0.3376374748206235,0.34146142484215564,urbain,320,433,0.4758776995422408,206,227,3.8013597672233055,44.76200904306043,10,1.2708760428718704,0.8617967147180787,0.13623520317607424,0.5408360201865177
E02164,Diourbel,IEF022,IA05,0.3,-1.961883486465059,0,-0.4134188533806319,0.31095460113764484,urbain,320,389,0.3756185326919975,146,243,4.1776940236453495,65.2152947609298,6,-1.9639075872721652,0.5893251980323254,2.283834217377566,-1.8029696500506158
E02165,Dakar,IEF001,IA01,0.05,1.1358119908378483,0,-0.3499273505312711,0.06507679480715621,urbain,320,248,0.5126367908904086,127,121,3.5673006671792553,35.42085132371686,7,1.4735570026382498,0.9259271547708109,-0.8445881904968658,1.4376384320528262
E02166,Dakar,IEF004,IA01,0.05,1.1358119908378483,0,1.689559554478078,0.004019077113908212,urbain,320,506,0.4974166554591145,252,254,3.683608425440683,39.78971355289451,13,1.3527199903105382,0.9254820546096467,-0.38585679907221976,1.9322238131440006
E02167,Dakar,IEF001,IA01,0.05,1.1358119908378483,0,-0.3499273505312711,0,urbain,320,489,0.5089220162730679,249,240,3.549201923531059,34.785544881915015,14,1.402960988066755,0.8932226213532541,-0.9112954915608451,1.6934239609443371
E02168,Louga,IEF034,IA08,0.45,-0.5589055756131087,0,-2.3207746068026323,0.4011784708436435,rural,180,132,0.4350307289871192,57,75,3.980910756107595,53.56579739558014,2,-1.1461327288682663,0.8125460433212104,1.0606347078772418,-1.6884198166719981
E02169,Fatick,IEF036,IA09,0.4,1.508379536169013,1,1.1669515787289226,0.3698095462158244,rural,180,113,0.4917620551854921,56,57,3.533657444922944,34.24900266187502,3,0.9837773461532371,0.9140297169762079,-0.9676325299579899,1.4569019919264365
E02170,Tambacounda,IEF050,IA13,0.75,-0.5950300302811243,1,-0.9304449072754517,0.6843290544188666,rural,180,169,0.40096457239609423,68,101,3.7821506002680634,43.91037392573486,4,-0.5601807692525697,0.6413914308553739,0.04681334872899843,-1.2583444411807476
E02171,Diourbel,IEF021,IA05,0.3,-1.961883486465059,0,0.10955641117140437,0.3128361743796998,urbain,320,164,0.3930703064331303,64,100,3.9684276245363526,52.9012847276542,3,-1.6544398004188006,0.6652833389527079,0.9908607473386992,-1.2694666412338302
E02172,Dakar,IEF006,IA02,0.05,-0.6770804424361538,1,2.6676333910661167,0.13779113774523682,rural,180,254,0.47405247161414504,120,134,3.3795949907941676,29.358878089160857,9,-0.10744710465674867,0.757892045636746,-1.4810965697483374,1.0818915869525
E02173,Dakar,IEF010,IA03,0.05,0.46256507759004684,0,0.028674535806565937,0.11335999955314108,urbain,320,314,0.4718542892372154,148,166,3.500799087592397,33.14192468107246,9,0.1669559689756693,0.8845318204552799,-1.0838759351991614,0.8767541957740025
E02174,Dakar,IEF003,IA01,0.05,1.1358119908378483,0,-1.5898776485547115,0.08800357261746489,urbain,320,325,0.46841677233242623,152,173,3.519614196639934,33.77139683181564,10,1.0559904955605146,0.9186010379218263,-1.0177812358412834,0.831125348496875
E02175,Dakar,IEF009,IA03,0.05,0.46256507759004684,0,0.5687463271242291,0.06357106495340055,urbain,320,242,0.4732543730766338,115,127,3.858583004382564,47.39814080376776,5,0.11169771488791702,0.8675759215724376,0.4130295553741743,-0.10941706230742432
E02176,Dakar,IEF012,IA03,0.05,0.46256507759004684,0,-0.8514222791158281,0.049301828823562356,rural,180,317,0.5160544770704194,164,153,3.7570813786152772,42.8232585313073,7,1.6919109827799383,0.8872061969220033,-0.06733398102526915,1.4478627878865515
E02177,Kaolack,IEF029,IA07,0.3,0.7594385270695994,0,-1.481619640758723,0.2761986810045219,urbain,320,316,0.4442862370578643,140,176,3.571443949576693,35.56791436498048,9,-0.04697593274938898,0.8537354959868662,-0.8291465423040137,-0.41456472288100776
E02178,Dakar,IEF009,IA03,0.05,0.46256507759004684,0,0.5687463271242291,0.08409399962475553,urbain,320,236,0.4864883794410986,115,121,3.5347657633434664,34.28698250540201,7,0.4098539112816505,0.8477397575335065,-0.9636446389343569,0.6416507661177194
E02179,Diourbel,IEF023,IA05,0.3,-1.961883486465059,0,0.1117959092790192,0.2763305004142581,rural,180,265,0.3744883387582963,99,166,4.050602934130271,57.43207436622308,5,-1.8327766706667254,0.6048911756118555,1.4665945485266323,-2.228961587369596
E02180,Kaffrine,IEF040,IA10,0.55,-1.7249192939776967,1,-0.1388397558109453,0.5910043930123081,rural,180,219,0.3247309280602839,71,148,3.6936890681592116,40.19284795216804,5,-0.8566911076991258,0.6204908483975868,-0.34352760803597765,-1.0639264712132692
E02181,Kaolack,IEF029,IA07,0.3,0.7594385270695994,0,-1.481619640758723,0.2898014053671864,urbain,320,609,0.4637324389576012,282,327,3.864303419704697,47.67005484379272,13,1.1107083469035968,0.878540785579207,0.4415805829381691,0.48743765490565383
E02182,Tambacounda,IEF050,IA13,0.75,-0.5950300302811243,1,-0.9304449072754517,0.7902559646432953,rural,180,139,0.3787426434873665,53,86,3.947527991729106,51.80714073175476,3,-1.1805097838468912,0.7416140927832939,0.8759754130505659,-1.0297125378892975
E02183,Fatick,IEF036,IA09,0.4,1.508379536169013,1,1.1669515787289226,0.4470705696519771,rural,180,256,0.4833569250438649,124,132,3.488989750267672,32.752842436448134,8,1.1586627704132912,0.8425063867233323,-1.124729647239593,1.3498252299534885
E02184,Tambacounda,IEF048,IA13,0.75,-0.5950300302811243,1,-1.2870708589133515,0.7143243169643548,rural,180,115,0.37836829820320234,44,71,3.7299957810338427,41.67893232165342,3,-0.6709664352021543,0.6693188657692991,-0.187488457605554,-0.4413055389766042
E02185,Thiès,IEF018,IA04,0.15,1.0504362281327961,0,1.839675695915115,0.17887307145518858,urbain,320,470,0.48437155930764997,228,242,3.6734861456344094,39.38898251632787,12,0.5612326375518868,0.9193630091089467,-0.4279336365525944,1.4685563259459313
E02186,Dakar,IEF011,IA03,0.05,0.46256507759004684,0,0.1990233856571336,0.09256323602200132,urbain,320,204,0.48758125383412276,99,105,3.5996598542615947,36.585787827150604,6,-0.10087710235438502,0.8749228744145701,-0.7222696290250586,0.9574674726670407
E02187,Louga,IEF035,IA08,0.45,-0.5589055756131087,0,0.9958108211774965,0.4783193344885911,urbain,320,447,0.3753813155408508,168,279,4.036343408163842,56.6189315046247,8,-0.5991355136154514,0.6785074199662712,1.381214388484768,-0.22473065350731608
E02188,Louga,IEF034,IA08,0.45,-0.5589055756131087,0,-2.3207746068026323,0.45709874020111746,urbain,320,345,0.3742605963392495,129,216,3.8014995884350036,44.76826815897126,8,-0.510162628340361,0.7315427523223291,0.1368924115750224,-1.214914608938429
E02189,Thiès,IEF018,IA04,0.15,1.0504362281327961,0,1.839675695915115,0.09441927073435363,rural,180,192,0.507291833360858,97,95,3.624826106945593,37.5181984381933,5,0.2003770416269175,0.9042577242925787,-0.6243663318860156,1.543960496105328
E02190,Dakar,IEF004,IA01,0.05,1.1358119908378483,0,1.689559554478078,0.05274616900994396,urbain,320,284,0.5001801114219724,142,142,3.4326907277730236,30.959835263872634,9,0.6825376421386502,0.8956478114643948,-1.3129957522260964,1.6792263924842916
E02191,Fatick,IEF037,IA09,0.4,1.508379536169013,1,-0.8651748349735274,0.3925927666654184,rural,180,134,0.4778777856346518,64,70,3.3312938989358365,27.97451449075437,5,1.4332929106373362,0.8974537910209874,-1.6264550192534328,0.48454033523777695
E02192,Kaolack,IEF030,IA07,0.3,0.7594385270695994,0,-0.4906862327461932,0.3665015421191718,rural,180,227,0.4450721546921704,101,126,3.65906654250032,38.82508438489243,6,1.0339293339248994,0.8067974031123145,-0.48714305101468197,-0.35199389866658093
E02193,Saint-Louis,IEF028,IA06,0.35,-0.09886818526410894,0,-1.6584009589402293,0.2882629742010322,rural,180,150,0.47604372492233216,71,79,3.9036265108225203,49.581932875078856,3,0.17398147388036855,0.8056234616435439,0.6423281514169277,-0.5388586648036333
E02194,Dakar,IEF006,IA02,0.05,-0.6770804424361538,1,2.6676333910661167,0.16760235100105816,urbain,320,211,0.41448943358383883,87,124,3.3809081700123964,29.39745688262908,7,-0.4702671109336913,0.7664098709381666,-1.477045788863335,0.9660916497292009
E02195,Ziguinchor,IEF044,IA11,0.55,0.5436260064330518,1,-0.6339810327435095,0.5190340047075728,rural,180,92,0.4649012274416076,43,49,3.6350612047039004,37.9041727398179,2,-0.3302882781528219,0.785598621735268,-0.5838389544704691,-0.2929097780078938
E02196,Kaffrine,IEF040,IA10,0.55,-1.7249192939776967,1,-0.1388397558109453,0.48157924304937944,rural,180,77,0.3627189809282882,28,49,3.7009610969390456,40.486196827202285,2,-1.36396209154721,0.5223695093692533,-0.3127259185895597,-1.3504777636047356
E02197,Kaffrine,IEF040,IA10,0.55,-1.7249192939776967,1,-0.1388397558109453,0.5995933350468479,urbain,320,196,0.3242262848699363,64,132,3.711923042942906,40.93244574038042,5,-1.7379243883546518,0.5871955615226458,-0.26586969513238845,-1.9423119217094427
E02198,Dakar,IEF002,IA01,0.05,1.1358119908378483,0,-0.5868971362215678,0.06499908053499288,urbain,320,299,0.5226618323402583,156,143,3.631630246533199,37.77434794772056,8,0.24995782563907626,0.9058254263873627,-0.5974705831179672,0.38242604586337364
E02199,Ziguinchor,IEF042,IA11,0.55,0.5436260064330518,1,0.09332094674687035,0.4545633629081942,rural,180,160,0.48343121397195593,77,83,3.6901425631871083,40.05055628525654,4,0.4904135650056695,0.7858530591603688,-0.3584682609855053,-0.2945220776155178
E02200,Louga,IEF035,IA08,0.45,-0.5589055756131087,0,0.9958108211774965,0.42738167849560993,rural,180,205,0.41348561335563727,85,120,3.9829633079109517,53.67585688238197,4,-0.9530859502570811,0.702692788018001,1.0721909755898975,-0.4478687773567262
E02201,Tambacounda,IEF049,IA13,0.75,-0.5950300302811243,1,0.10831608168981055,0.8265438910407479,rural,180,158,0.39165804906195156,62,96,3.8559645161456717,47.2741916801049,3,-1.0856697941699687,0.6272134297452263,0.400014873065359,-1.2153109296875941
E02202,Kaolack,IEF031,IA07,0.3,0.7594385270695994,0,0.014753903421311736,0.2870255112388952,urbain,320,384,0.46300987216048295,178,206,3.793450770215843,44.409382745784114,9,0.4880126679874268,0.8740799695965137,0.09920937276142791,0.5632324086412184
E02203,Tambacounda,IEF048,IA13,0.75,-0.5950300302811243,1,-1.2870708589133515,0.7425092592501669,urbain,320,230,0.3539493415145049,81,149,3.6318675969522656,37.78331476913323,6,0.06779432958863625,0.6906229920122532,-0.596529065109956,-0.5161841033755941
E02204,Matam,IEF052,IA14,0.65,0.361886464303974,0,-0.6415822632825328,0.6896487781824989,rural,180,96,0.4309325451984224,41,55,3.815726468736025,45.4097331546482,2,0.6276590693786778,0.7959239132355866,0.2042463620044632,0.22442312894009325
E02205,Diourbel,IEF024,IA05,0.3,-1.961883486465059,0,-2.89232139833262,0.3269405373903214,urbain,320,433,0.38362447497180713,166,267,4.156635268692106,63.856301425662494,7,-1.4919552464693158,0.5819139614846595,2.1411396504808353,-2.946439965494917
E02206,Kolda,IEF047,IA12,0.7,0.8036427494500231,0,0.8692594740041972,0.6967294887663864,rural,180,74,0.45280292485044416,34,40,3.7883763410295592,44.18460127899207,2,0.7607788316865671,0.6433402215754465,0.07560727463635224,-0.3363688990791778
E02207,Kaolack,IEF032,IA07,0.3,0.7594385270695994,0,0.3376374748206235,0.3051003917488142,rural,180,220,0.4690731285296826,103,117,3.5845043947852577,36.035493913827914,6,0.6554908516585437,0.8761523851340586,-0.7800505979155671,1.2299347653643882
E02208,Ziguinchor,IEF044,IA11,0.55,0.5436260064330518,1,-0.6339810327435095,0.5916124858654371,rural,180,223,0.4483678829083988,100,123,3.538562371157209,34.417404154356824,6,0.11717751561716097,0.8203613893705012,-0.9499503401996952,0.4442329581916443
E02209,Kaolack,IEF030,IA07,0.3,0.7594385270695994,0,-0.4906862327461932,0.32842871704570537,urbain,320,253,0.45915793122875603,116,137,3.710925462179851,40.89163268047139,6,0.31483594559684414,0.8470234907963599,-0.27015507443213643,0.3225718631647052
E02210,Fatick,IEF036,IA09,0.4,1.508379536169013,1,1.1669515787289226,0.3264116824562819,urbain,320,287,0.5217870906218065,150,137,3.4084082027244937,30.217106449027508,9,1.5985506483519387,0.8784278665980897,-1.390982423540567,1.6627287235173822
E02211,Matam,IEF051,IA14,0.65,0.361886464303974,0,0.10403354045954573,0.6918254061832829,rural,180,210,0.391882308275179,82,128,4.013360432006332,55.3324995945383,4,0.016299269869697156,0.832926578275549,1.2461387854717432,-0.01784879171196216
E02212,Louga,IEF033,IA08,0.45,-0.5589055756131087,0,-1.965905696172405,0.48825554386684666,urbain,320,425,0.3968314728900069,169,256,3.9005585686256374,49.43005147182041,9,-1.0682258889934833,0.6729333700849452,0.6263805742690468,-1.815187522396901
E02213,Louga,IEF033,IA08,0.45,-0.5589055756131087,0,-1.965905696172405,0.5137944633441489,urbain,320,328,0.424973796924059,139,189,3.9261835309153392,50.7130630327119,6,-1.6197190449851366,0.6910404678778823,0.7610970399453845,-2.3477467573641695
E02214,Fatick,IEF037,IA09,0.4,1.508379536169013,1,-0.8651748349735274,0.3766673839619725,urbain,320,291,0.501336476434041,146,145,3.4036399255703365,30.073365880462436,10,1.3911835509051032,0.892695550888558,-1.4060752114480577,1.196114324055856
E02215,Dakar,IEF003,IA01,0.05,1.1358119908378483,0,-1.5898776485547115,0.018077264973786304,rural,180,210,0.4971124714472389,104,106,3.575658610879387,35.718137424557824,6,1.0544799390713362,0.9385388588754272,-0.8133730915680877,0.5468206041588148
E02216,Tambacounda,IEF050,IA13,0.75,-0.5950300302811243,1,-0.9304449072754517,0.8160950993415477,urbain,320,333,0.3900758849763872,130,203,3.7319905915475173,41.76215687505671,8,-0.758374733549758,0.5982593719085514,-0.17874986316592742,-1.4327300551346538
E02217,Diourbel,IEF024,IA05,0.3,-1.961883486465059,0,-2.89232139833262,0.31099392343165533,rural,180,226,0.3734487584501057,84,142,3.9692235049820446,52.9434045846829,4,-1.6114540432186282,0.5212410469621884,0.9952833405924628,-2.2386817915272665
E02218,Sédhiou,IEF053,IA15,0.7,-0.5128143979953421,1,-1.6637734035387284,0.6364825192217932,urbain,320,254,0.4225038168284204,107,147,4.027586859263604,56.1253094292695,5,-0.46400563682500173,0.7415938381444689,1.3293839737023285,-1.3269992627180396
E02219,Fatick,IEF038,IA09,0.4,1.508379536169013,1,-1.390946513569097,0.4312964124231685,urbain,320,458,0.47223890815958913,216,242,3.287401789273112,26.773210765235067,17,0.8120576114246275,0.8611151943673121,-1.7525921461810563,0.3693678773436302
E02220,Thiès,IEF019,IA04,0.15,1.0504362281327961,0,0.4061865653228522,0.20324189696605635,urbain,320,485,0.5084037060117143,247,238,3.8150254398617407,45.37791077603961,11,1.1069319681266563,0.8959114755941578,0.2009050060056252,0.7629716183834865
E02221,Thiès,IEF017,IA04,0.15,1.0504362281327961,0,0.4161989798572152,0.10409665077895124,urbain,320,206,0.4437089866607328,91,115,3.6203051648564064,37.34896367429501,6,0.15768332280664427,0.932681086940848,-0.6421360153065659,0.736074717467581
E02222,Kolda,IEF047,IA12,0.7,0.8036427494500231,0,0.8692594740041972,0.6696816886489434,rural,180,187,0.4448254734771128,83,104,3.924542639353727,50.6299166312884,4,0.8371509675611849,0.8127529063630607,0.752366651478973,0.47512843903931634
E02223,Dakar,IEF003,IA01,0.05,1.1358119908378483,0,-1.5898776485547115,0.04882970708501736,urbain,320,265,0.46264454629853985,123,142,3.7095908265193893,40.83709365224316,6,1.661770137943837,0.8839397863745673,-0.27588168309903227,0.7937344215948506
E02224,Louga,IEF034,IA08,0.45,-0.5589055756131087,0,-2.3207746068026323,0.4830989742831848,rural,180,278,0.4316126269758612,120,158,3.8482183569691553,46.90941290761032,6,-0.6720035041762915,0.6835592377483906,0.36171303036795005,-1.4685494210851935
E02225,Tambacounda,IEF048,IA13,0.75,-0.5950300302811243,1,-1.2870708589133515,0.84342931304742,urbain,320,256,0.3678835800652739,94,162,3.893554407065122,49.08504505615516,5,-1.4934692566454968,0.5108485917163748,0.5901548329189147,-2.089438606306016
E02226,Dakar,IEF005,IA02,0.05,-0.6770804424361538,1,0.5635836405531154,0,rural,180,199,0.49177006624180375,98,101,3.2600794138202516,26.051605917922206,8,-0.5270670667693659,0.7900164070546372,-1.8283607967591968,0.508693246652501
E02227,Saint-Louis,IEF027,IA06,0.35,-0.09886818526410894,0,0.949372149400778,0.3224505231590549,urbain,320,256,0.4729154311898247,121,135,4.080844153557591,59.195418787992196,4,-0.2854048921557264,0.8213009038687868,1.6517460588573425,-0.002628959570079442
E02228,Dakar,IEF007,IA02,0.05,-0.6770804424361538,1,0.35653495020654297,0.028447392275084343,urbain,320,362,0.4715528681623086,171,191,3.3573345368346,28.712556529782198,13,-1.0942369632015028,0.83113588634827,-1.548960460319528,0.3190114905317505
E02229,Thiès,IEF017,IA04,0.15,1.0504362281327961,0,0.4161989798572152,0.16946753085545474,urbain,320,322,0.4573962916703522,147,175,3.6797219162150823,39.63537058604802,8,1.0229982613278878,0.897412005166806,-0.40206284087991173,1.1130751692592171
E02230,Louga,IEF033,IA08,0.45,-0.5589055756131087,0,-1.965905696172405,0.4135442251920339,rural,180,146,0.4273811491706728,62,84,4.1139151442619175,61.18580047784019,2,-1.5367585370544803,0.6967623824464821,1.860736526890932,-1.8825771058285616
E02231,Kaolack,IEF029,IA07,0.3,0.7594385270695994,0,-1.481619640758723,0.32593265445331365,urbain,320,236,0.4686974349742437,111,125,3.7650860128972226,43.16741865492773,5,0.3729072853649743,0.8586403096961577,-0.031197100505923142,-0.17408518826912972
E02232,Saint-Louis,IEF028,IA06,0.35,-0.09886818526410894,0,-1.6584009589402293,0.44340528625392445,urbain,320,249,0.46589463106958573,116,133,3.8817845937215925,48.51070977753384,5,-0.37452345746264304,0.7586508722625125,0.5298495159540875,-0.6342767324491712
E02233,Kédougou,IEF055,IA16,0.9,-0.4962851679537585,0,0.0755532240045896,0.9518430348096281,rural,180,210,0.361113893108357,76,134,3.989401256819201,54.02253405415841,4,-0.7659193130887572,0.6355148453609187,1.1085921466595794,-1.6362474451696647
E02234,Fatick,IEF037,IA09,0.4,1.508379536169013,1,-0.8651748349735274,0.3996876095353746,rural,180,113,0.4510304046675901,51,62,3.4676166906760426,32.0602418453502,4,1.1261204749442013,0.8337971805694877,-1.1974528452232684,0.28705125419895683
E02235,Kaolack,IEF029,IA07,0.3,0.7594385270695994,0,-1.481619640758723,0.31344529848670744,urbain,320,396,0.4757499776603013,188,208,3.63348403168504,37.84443841933203,10,1.276358997157471,0.8502728765828329,-0.5901110698439603,0.703011706395659
E02236,Matam,IEF052,IA14,0.65,0.361886464303974,0,-0.6415822632825328,0.5928318018103034,rural,180,142,0.41421509117494254,59,83,3.843100914144152,46.66996985970364,3,0.6513732843463932,0.8294700714284728,0.3365714633485976,0.052682419015175355
E02237,Diourbel,IEF023,IA05,0.3,-1.961883486465059,0,0.1117959092790192,0.28917529742149617,rural,180,174,0.3667663565886735,64,110,3.8986189690903856,49.33426988594582,4,-1.7702053106256648,0.5032780692998173,0.6163234889556972,-1.3964034722075565
E02238,Diourbel,IEF022,IA05,0.3,-1.961883486465059,0,-0.4134188533806319,0.2490619415034876,rural,180,265,0.419749138558413,111,154,3.8206274757732914,45.63283283638603,6,-1.3560076733605466,0.660410413897307,0.22767187236880665,-1.1075302943421128
E02239,Thiès,IEF015,IA04,0.15,1.0504362281327961,0,-1.0960478553026407,0.22527126692857646,urbain,320,311,0.5396850225103929,168,143,3.7820145536655665,43.904400474890956,7,0.8235447563657077,0.9085996616359561,0.046186135218137414,0.28673433754318733
E02240,Thiès,IEF014,IA04,0.15,1.0504362281327961,0,0.597248963746674,0.2039199829361431,rural,180,127,0.5051438526627735,64,63,3.6336035144441414,37.84896044739783,3,0.5374624160615276,0.887587404322785,-0.5896362560096325,0.7595067953910841
E02241,Dakar,IEF005,IA02,0.05,-0.6770804424361538,1,0.5635836405531154,0.010336523662989108,urbain,320,249,0.43781934838394593,109,140,3.3939968442799904,29.784759731311432,8,-0.33322019411308007,0.8083669231582978,-1.4363789137460057,0.6495303645884023
E02242,Dakar,IEF001,IA01,0.05,1.1358119908378483,0,-0.3499273505312711,0.03429611552054549,urbain,320,468,0.5190308884944954,243,225,3.5947943596840806,36.4082122217488,13,0.5972906775869491,0.9205761432198514,-0.7409151024403139,0.8065812376109736
E02243,Matam,IEF051,IA14,0.65,0.361886464303974,0,0.10403354045954573,0.6599538855270614,urbain,320,438,0.46227313377248785,202,236,4.1794809450926085,65.33193355096869,7,-0.2883297425153082,0.6842921233938523,2.2960813132212587,-1.406558315324757
E02244,Thiès,IEF015,IA04,0.15,1.0504362281327961,0,-1.0960478553026407,0.13720313882352525,rural,180,94,0.45350729053618083,43,51,3.5408586030205984,34.49652529991391,3,1.0542471605890258,0.8761328749548689,-0.9416426043891871,1.1670776013789206
E02245,Fatick,IEF036,IA09,0.4,1.508379536169013,1,1.1669515787289226,0.4018537230116637,urbain,320,238,0.4697510679921085,112,126,3.593081209123838,36.34589286904236,7,1.0237967811997313,0.8822316548637807,-0.7474586467042603,0.9570503554174704
E02246,Kaffrine,IEF040,IA10,0.55,-1.7249192939776967,1,-0.1388397558109453,0.5250974522421853,rural,180,159,0.35990582897239365,57,102,3.8277220504854634,45.95772951740981,3,-1.8956237219940864,0.5926323957514182,0.26178608763517863,-1.1354263454933913
E02247,Sédhiou,IEF053,IA15,0.7,-0.5128143979953421,1,-1.6637734035387284,0.6978115045239018,rural,180,236,0.4075339016863109,96,140,3.652849903394406,38.5844715235817,6,-0.39386494635828534,0.6088951737188254,-0.5124074486710284,-0.990217025529335
E02248,Sédhiou,IEF054,IA15,0.7,-0.5128143979953421,1,0.5471627551526171,0.7705088656665211,urbain,320,229,0.38720870238000454,89,140,3.6340467235231535,37.865739168265335,6,-0.7175819733047447,0.6191801061759974,-0.5878744870258287,-0.18185207605272685
E02249,Ziguinchor,IEF044,IA11,0.55,0.5436260064330518,1,-0.6339810327435095,0.5986724225921515,rural,180,171,0.42875831602096426,73,98,3.712573390525848,40.95907471563786,4,-0.3715181263816014,0.7358148300070527,-0.26307364750459306,-0.3424019553534824
E02250,Dakar,IEF010,IA03,0.05,0.46256507759004684,0,0.028674535806565937,0.03816717177580324,rural,180,117,0.4734773840403767,55,62,3.820221641151072,45.614317210306254,3,0.31255061701574133,0.8706963292826921,0.22572772799685822,1.2563304259427666
E02251,Saint-Louis,IEF026,IA06,0.35,-0.09886818526410894,0,0.49988989751365537,0.23412629153972492,urbain,320,251,0.4598271313879257,115,136,3.8848890102000597,48.661541225029644,5,-0.07910835055761213,0.8343421333657831,0.5456868475408442,0.18734315781379457
E02252,Diourbel,IEF020,IA05,0.3,-1.961883486465059,0,0.3932217475238377,0.3362112154323774,urbain,320,331,0.3882772872184683,129,202,4.258898728425827,70.73204535571386,5,-1.4306148203418698,0.6516258198600664,2.8630941124565634,-1.6130979695485805
E02253,Kaolack,IEF030,IA07,0.3,0.7594385270695994,0,-0.4906862327461932,0.2891866332554818,urbain,320,263,0.464416345333896,122,141,3.55377452792196,34.94496963255896,8,0.92420997644186,0.8480833790983804,-0.8945558614571536,0.807918586574635
E02254,Louga,IEF035,IA08,0.45,-0.5589055756131087,0,0.9958108211774965,0.3579403924843355,urbain,320,190,0.453888363339139,86,104,4.020805529005807,55.74599275963066,3,-1.0888855037526575,0.7458161185151762,1.289555648951804,-0.5148014485665944
E02255,Thiès,IEF013,IA04,0.15,1.0504362281327961,0,-1.1304494696840526,0.07072550446958828,rural,180,103,0.49006965805014896,50,53,3.488008054573992,32.7207048892993,3,1.0594194388006148,0.9051131916102478,-1.1281040959970066,0.920515804091933
E02256,Ziguinchor,IEF043,IA11,0.55,0.5436260064330518,1,0.03781619554363153,0.4998377932516244,urbain,320,466,0.48198437207379907,225,241,3.51172376668411,33.50597451577394,14,0.050552032621712636,0.7797890032964323,-1.045650631113077,0.3805699160495605
E02257,Fatick,IEF037,IA09,0.4,1.508379536169013,1,-0.8651748349735274,0.4319850712455265,rural,180,336,0.4742889576609458,159,177,3.5610304780973916,35.19945072565116,10,0.45381345632315173,0.8637014661378101,-0.8678352967422016,0.03369245420339506
E02258,Fatick,IEF037,IA09,0.4,1.508379536169013,1,-0.8651748349735274,0.37644019728882216,urbain,320,144,0.5033889790648189,72,72,3.2951128577863615,26.980458852944007,5,1.1504745092565851,0.8923509377161147,-1.730831056300519,1.060533510527651
E02259,Dakar,IEF004,IA01,0.05,1.1358119908378483,0,1.689559554478078,0.05020755074513164,urbain,320,406,0.5098169564808218,207,199,3.902126830293472,49.50763154380899,8,1.6303586007425188,0.8787361516392238,0.6345264970524355,1.352436191565272
E02260,Diourbel,IEF024,IA05,0.3,-1.961883486465059,0,-2.89232139833262,0.33631399617920427,rural,180,198,0.4145166948760854,82,116,4.15720571330233,63.892738300260895,3,-2.3017402732081944,0.5185103094048377,2.144965529464169,-3.3419625051883233
E02261,Dakar,IEF007,IA02,0.05,-0.6770804424361538,1,0.35653495020654297,0.06196105404763448,rural,180,117,0.4845951430029873,57,60,3.6943318050470713,40.21868968200191,3,-0.046557546820189546,0.8110547340059405,-0.34081422133214856,0.1822979677959772
E02262,Dakar,IEF003,IA01,0.05,1.1358119908378483,0,-1.5898776485547115,0.041373727378915225,rural,180,148,0.5032974476593337,74,74,3.6568043167190836,38.73735255006272,4,1.6082571693352334,0.8993970538024172,-0.4963549108886075,1.35078086230653
E02263,Dakar,IEF004,IA01,0.05,1.1358119908378483,0,1.689559554478078,0.15216894037323037,rural,180,137,0.4788389703655065,66,71,3.7055445874382187,40.67219085100853,3,1.1711691636824193,0.9286995686719776,-0.2931965095897782,1.7867181073920666
E02264,Thiès,IEF017,IA04,0.15,1.0504362281327961,0,0.4161989798572152,0.059971123834417134,urbain,320,219,0.5011768057899104,110,109,3.6042091116646824,36.75260515304785,6,0.6582362447476734,0.8894915448851101,-0.7047537770690249,1.0840368909824438
E02265,Kaolack,IEF032,IA07,0.3,0.7594385270695994,0,0.3376374748206235,0.35128685856761066,rural,180,268,0.4926966377330356,132,136,3.578920694922373,35.834843239292915,7,0.23387402565472662,0.8550004698734994,-0.8011189581181407,0.14692772000218918
E02266,Fatick,IEF038,IA09,0.4,1.508379536169013,1,-1.390946513569097,0.343273203726143,rural,180,111,0.44223998719174185,49,62,3.367357773070872,29.0017964050844,4,0.715772949957945,0.8047960533419861,-1.5185902166513396,0.15559961854246748
E02267,Thiès,IEF013,IA04,0.15,1.0504362281327961,0,-1.1304494696840526,0.10525484722540952,rural,180,109,0.4726824583867669,52,57,3.5855852054296604,36.07446251427193,3,-0.0603917600072503,0.9061353013798321,-0.7759588872216094,0.5424538910809625
E02268,Thiès,IEF016,IA04,0.15,1.0504362281327961,0,0.01909654917514469,0.11210228834955083,urbain,320,230,0.4810684487918966,111,119,3.6162009150695966,37.195988337331634,6,0.5747489365857704,0.8946032000503917,-0.6581984557081417,1.3876978831597957
E02269,Kaolack,IEF030,IA07,0.3,0.7594385270695994,0,-0.4906862327461932,0.3011275523466449,urbain,320,402,0.45711767413873744,184,218,3.671243744802466,39.30075558620434,10,-0.10592800122832616,0.8523815243712529,-0.43719748152953053,-0.2545743772808361
E02270,Diourbel,IEF023,IA05,0.3,-1.961883486465059,0,0.1117959092790192,0.37597202940858443,urbain,320,488,0.4061504805656364,198,290,3.912026359445348,50.00016770114134,10,-1.6829894070884823,0.6186125269097053,0.686242890229372,-1.7509931215698484
E02271,Thiès,IEF013,IA04,0.15,1.0504362281327961,0,-1.1304494696840526,0.2065759851573779,urbain,320,188,0.49309369051552054,93,95,3.565628942687472,35.361686886137576,5,0.6237194905180771,0.905879988408516,-0.8508004680533294,0.36445618419978687
E02272,Fatick,IEF037,IA09,0.4,1.508379536169013,1,-0.8651748349735274,0.4275969498473165,urbain,320,448,0.489500943036578,219,229,3.5461861663040763,34.68079814828979,13,0.8377480071838803,0.8699286286644122,-0.9222939191473638,0.7122924256420737
E02273,Louga,IEF033,IA08,0.45,-0.5589055756131087,0,-1.965905696172405,0.5209906373305222,rural,180,145,0.4226859528107716,61,84,3.919979772102272,50.39942529333412,3,-0.3943242284219995,0.7091107796420166,0.728165015761337,-1.4749529188529473
E02274,Louga,IEF034,IA08,0.45,-0.5589055756131087,0,-2.3207746068026323,0.4336425253696857,urbain,320,350,0.4330176765161713,152,198,3.998412593578101,54.51154933259704,6,-1.513892056370115,0.7206208194352415,1.159938846861725,-2.408286110827059
E02275,Fatick,IEF038,IA09,0.4,1.508379536169013,1,-1.390946513569097,0.42934610185674876,rural,180,311,0.5086582236758078,158,153,3.300480021428025,27.12565669246485,11,1.0308618332714787,0.8882479291265649,-1.7155852546566923,0.7263408736000633
E02276,Diourbel,IEF021,IA05,0.3,-1.961883486465059,0,0.10955641117140437,0.26048400788215453,urbain,320,262,0.4112085774526457,108,154,4.126956910714891,61.98899756788107,4,-0.46385567224342994,0.547031219556505,1.9450723789674655,-1.7203544489368925
E02277,Diourbel,IEF021,IA05,0.3,-1.961883486465059,0,0.10955641117140437,0.17186116433951734,urbain,320,476,0.4278303593602137,204,272,4.2177443344563414,67.88019645113492,7,-1.6803559268437782,0.6877576001166443,2.563649417818848,-1.5034856928227414
E02278,Fatick,IEF037,IA09,0.4,1.508379536169013,1,-0.8651748349735274,0.4801418806929043,urbain,320,273,0.4964670471512245,136,137,3.2771582486938637,26.500358168515156,10,0.5400280892924127,0.8580236301152534,-1.7812417223822066,0.21462888865589197
E02279,Saint-Louis,IEF025,IA06,0.35,-0.09886818526410894,0,0.09534935373040888,0.407196355479178,rural,180,220,0.44356397785287544,98,122,3.9457220175646026,51.71366280882015,4,-0.12884293182167958,0.7987072675460203,0.8661602127979939,-0.9492750924529542
E02280,Dakar,IEF010,IA03,0.05,0.46256507759004684,0,0.028674535806565937,0.07635812378309942,urbain,320,209,0.4344030533342477,91,118,3.802021245020974,44.79162791325398,5,-0.2619844456456752,0.8728257463957554,0.13934519035890916,0.2771966147186533
E02281,Fatick,IEF038,IA09,0.4,1.508379536169013,1,-1.390946513569097,0.3639362775623255,rural,180,206,0.4971332688580505,102,104,3.482024498291402,32.52550329225833,6,1.379043741502319,0.9209915812651774,-1.148600301993361,0.5733112713353786
E02282,Saint-Louis,IEF028,IA06,0.35,-0.09886818526410894,0,-1.6584009589402293,0.3560913624677464,rural,180,211,0.4148560216538309,88,123,3.8859275837415805,48.71210606734418,4,-0.13889785336539975,0.697175166267079,0.5509961659068942,-1.0150013378357137
E02283,Saint-Louis,IEF027,IA06,0.35,-0.09886818526410894,0,0.949372149400778,0.3220186864307178,rural,180,198,0.41683501965543446,83,115,3.8972797612473435,49.268245264996715,4,-0.18849305318160486,0.7852900388763567,0.6093908907991356,0.1716284025238781
E02284,Thiès,IEF013,IA04,0.15,1.0504362281327961,0,-1.1304494696840526,0.07284523247790443,urbain,320,221,0.48556969821312446,107,114,3.772277739738537,43.478985948895925,5,1.351130561930007,0.8973206376245224,0.0015175265038063462,0.37564788513518677
E02285,Dakar,IEF006,IA02,0.05,-0.6770804424361538,1,2.6676333910661167,0,urbain,320,289,0.45527455626909213,132,157,3.5452333646460867,34.647769963467,8,-0.3513263975690674,0.8347100077274161,-0.9257618850353247,1.1015204814319413
E02286,Thiès,IEF013,IA04,0.15,1.0504362281327961,0,-1.1304494696840526,0.15039288549429575,rural,180,322,0.4706028615417867,152,170,3.492900834531815,32.88119239324587,10,0.4928419906299266,0.8848953433539418,-1.1112528765879808,0.6639670029785525
E02287,Fatick,IEF037,IA09,0.4,1.508379536169013,1,-0.8651748349735274,0.35398735390054115,urbain,320,226,0.4600692833743765,104,122,3.1548960872245932,23.45060014787211,10,1.4121503847943429,0.8718986577702302,-2.101466913045039,1.1591454285639975
E02288,Matam,IEF052,IA14,0.65,0.361886464303974,0,-0.6415822632825328,0.644027733588874,rural,180,161,0.44111617529398944,71,90,3.80965037940121,45.134656101997166,4,-0.13541912987816346,0.7045220166395489,0.17536321749400974,-0.7657158799274577
E02289,Thiès,IEF014,IA04,0.15,1.0504362281327961,0,0.597248963746674,0.1970893196214375,urbain,320,539,0.4433607437495749,239,300,3.6811252866576365,39.691032741784916,14,0.7080870533737518,0.8830965510633257,-0.396218303604199,1.5268360325332435
E02290,Sédhiou,IEF053,IA15,0.7,-0.5128143979953421,1,-1.6637734035387284,0.6605916203671698,urbain,320,454,0.390301679654237,177,277,3.8745533940226315,48.1611844145068,9,-0.45527866511348686,0.6710599485521308,0.49314928424415333,-1.0764157184051841
E02291,Tambacounda,IEF050,IA13,0.75,-0.5950300302811243,1,-0.9304449072754517,0.6326677310846179,rural,180,193,0.3876770544290634,75,118,3.624184671960067,37.4941406696932,5,-1.4141263147190657,0.6475463876528592,-0.6268924022997078,-1.932410922892017
E02292,Dakar,IEF006,IA02,0.05,-0.6770804424361538,1,2.6676333910661167,0.09412973210732425,urbain,320,359,0.48957457248003167,176,183,3.3765517181962905,29.269666835901486,12,0.05114009642184297,0.8245277605970116,-1.4904637688477036,1.1770989926339928
E02293,Kaolack,IEF030,IA07,0.3,0.7594385270695994,0,-0.4906862327461932,0.25110906972429115,urbain,320,266,0.4731531373314936,126,140,3.6927759132292195,40.15616240725238,7,0.7333540569760539,0.8629778140101152,-0.3473795974514228,0.8962775722968892
E02294,Dakar,IEF001,IA01,0.05,1.1358119908378483,0,-0.3499273505312711,0.05922358204892926,urbain,320,320,0.5113771782447464,164,156,3.7611329694580617,42.99711280880656,7,0.5451671126995977,0.8741369528072199,-0.04907924777006791,0.47924069242720124
E02295,Fatick,IEF038,IA09,0.4,1.508379536169013,1,-1.390946513569097,0.3802186876633624,urbain,320,521,0.49293108630114457,257,264,3.6076623616554384,36.87974047513777,14,0.6487032277123983,0.8883563817644721,-0.6914045433000975,0.7751059110338374
E02296,Saint-Louis,IEF028,IA06,0.35,-0.09886818526410894,0,-1.6584009589402293,0.35949414878378205,rural,180,191,0.4736942544349475,90,101,3.992580491184412,54.19455765770071,4,-0.24087811451941074,0.8036734005082855,1.1266546587900421,-1.4220904016018676
E02297,Thiès,IEF019,IA04,0.15,1.0504362281327961,0,0.4061865653228522,0.22220868628326762,urbain,320,281,0.4803436402254975,135,146,3.814521611641518,45.35505386247844,6,1.2056250524938363,0.9150271273045133,0.19850502559618063,0.9233315825006616
E02298,Dakar,IEF001,IA01,0.05,1.1358119908378483,0,-0.3499273505312711,0.06682086754262313,rural,180,287,0.5349682774011966,154,133,3.565314602664592,35.350573039527625,8,0.9429309626653123,0.9029513492559424,-0.851967424128395,1.0578222386037315
E02299,Kaolack,IEF032,IA07,0.3,0.7594385270695994,0,0.3376374748206235,0.21239702823928602,rural,180,246,0.4572627236756901,112,134,3.805175563282974,44.93313802980571,5,0.5081597555906361,0.872930708870878,0.154203780367287,1.1208194506061582
E02300,Thiès,IEF013,IA04,0.15,1.0504362281327961,0,-1.1304494696840526,0.17300147722256246,urbain,320,242,0.4417255326248972,107,135,3.5100809310432193,33.45097489669379,7,0.8166726169891808,0.8720542515875878,-1.0514256019098127,0.29833259954418156
E02301,Dakar,IEF009,IA03,0.05,0.46256507759004684,0,0.5687463271242291,0.025365258088589877,rural,180,93,0.45725611961828966,43,50,3.508606172044968,33.40167912908755,3,-0.09213981545501954,0.9026495015019865,-1.0566016671824445,1.001086153635649
E02302,Dakar,IEF009,IA03,0.05,0.46256507759004684,0,0.5687463271242291,0.020842287947547534,rural,180,100,0.47717824441479145,48,52,3.696516443271142,40.30664901347889,2,0.5635346358545869,0.8946330912441807,-0.331578474265615,1.2235813553494586
E02303,Dakar,IEF008,IA02,0.05,-0.6770804424361538,1,-0.3621203918588307,0,urbain,320,413,0.49639121852326784,205,208,3.502969805756653,33.21394459816727,12,0.20197546687318862,0.7820162836233129,-1.076313829770763,0.5029526134054219
E02304,Fatick,IEF038,IA09,0.4,1.508379536169013,1,-1.390946513569097,0.3459065495329679,urbain,320,248,0.5028573340388628,125,123,3.388601701469353,29.624499401396022,8,1.6547818469075397,0.8598552845844376,-1.4532062798371783,1.4148296480319869
E02305,Dakar,IEF003,IA01,0.05,1.1358119908378483,0,-1.5898776485547115,0.05247559281408339,urbain,320,194,0.46133675787954925,89,105,3.645778919115751,38.31260365151794,5,1.5395275588905442,0.8868950817729085,-0.5409536285900369,0.9121665614106744
E02306,Dakar,IEF008,IA02,0.05,-0.6770804424361538,1,-0.3621203918588307,0.0156523937732475,urbain,320,309,0.49329294633317344,152,157,3.536634634839231,34.351120383740685,9,0.2759256646428694,0.827986327577303,-0.9569101491221516,0.1626593538949478
E02307,Diourbel,IEF021,IA05,0.3,-1.961883486465059,0,0.10955641117140437,0.3185391609402506,rural,180,147,0.38737985182113366,57,90,3.9145301024140835,50.12551211908203,3,-1.2024397049507165,0.6574674446996577,0.6994040787111766,-1.7001976665787433
E02308,Sédhiou,IEF053,IA15,0.7,-0.5128143979953421,1,-1.6637734035387284,0.7087340744133033,rural,180,167,0.36511152554222204,61,106,3.7645413266372887,43.14391235746936,4,-1.2959385540682111,0.6396977080485065,-0.03366526635201087,-1.9531125640044111
E02309,Kolda,IEF045,IA12,0.7,0.8036427494500231,0,-1.432219330403182,0.7033925743085521,urbain,320,283,0.43742032032607664,124,159,3.922923477958997,50.54800495686667,6,0.46954056090317037,0.8012645283666862,0.7437659095900541,-0.8602944464659259
E02310,Saint-Louis,IEF025,IA06,0.35,-0.09886818526410894,0,0.09534935373040888,0.29931699971471537,urbain,320,194,0.4263010919386504,83,111,3.73741758836096,41.98941607704752,5,-0.04278281480785205,0.7707689970921596,-0.15488760235874174,0.13493700674998177
E02311,Dakar,IEF003,IA01,0.05,1.1358119908378483,0,-1.5898776485547115,0.07733298049567944,rural,180,143,0.49552157248682777,71,72,3.5519882930270623,34.88260542354509,4,1.2355620184308453,0.8817006096813198,-0.9011041156421833,0.5943082145329113
E02312,Matam,IEF052,IA14,0.65,0.361886464303974,0,-0.6415822632825328,0.6039024993907174,rural,180,271,0.4446312358917857,120,151,3.953488083462969,52.11683803839081,5,0.23508604711461698,0.7760225277364253,0.9084936910234475,-0.41194871972503716
E02313,Dakar,IEF011,IA03,0.05,0.46256507759004684,0,0.1990233856571336,0.011860214004089792,urbain,320,280,0.47501851380934407,133,147,3.571352678834124,35.56466820316681,8,1.0430010725189087,0.8943317009473806,-0.8294873899314874,1.5100229239387688
E02314,Thiès,IEF014,IA04,0.15,1.0504362281327961,0,0.597248963746674,0.0705598843334469,urbain,320,356,0.49529875282254954,176,180,3.6175844932203645,37.24748751244276,10,1.816095359310864,0.912157714602836,-0.6527910322150932,2.1221109971762617
E02315,Dakar,IEF003,IA01,0.05,1.1358119908378483,0,-1.5898776485547115,0.06968099857237686,urbain,320,207,0.4697299716069219,97,110,3.4513213270495418,31.54204213964102,7,0.6756372975239714,0.9046193677889499,-1.2518639160160772,0.4042902726257913
E02316,Thiès,IEF019,IA04,0.15,1.0504362281327961,0,0.4061865653228522,0.13986453203802934,urbain,320,229,0.4947494539136842,113,116,3.673923110697761,39.406197886552214,6,1.7355330054715596,0.9057135478621997,-0.4261260193006333,1.5855393365323616
E02317,Dakar,IEF006,IA02,0.05,-0.6770804424361538,1,2.6676333910661167,0.08172446855787022,urbain,320,192,0.45070425984730295,87,105,3.58931804043739,36.20937417566099,5,-0.5801196704986862,0.815932739948927,-0.7617931363002158,0.5813072071745973
E02318,Dakar,IEF006,IA02,0.05,-0.6770804424361538,1,2.6676333910661167,0.07158339380307774,urbain,320,257,0.4541187578080549,117,140,3.6149881589630475,37.15090601779107,7,-0.3781760739288995,0.797918362922976,-0.6629321081070148,0.5865027002936297
E02319,Dakar,IEF012,IA03,0.05,0.46256507759004684,0,-0.8514222791158281,0.14533664415852565,rural,180,184,0.49973905774426813,92,92,3.6774388280713763,39.54498276233809,5,0.13577474528093986,0.8401124678614582,-0.41155358010748117,0.06493649166231082
E02320,Matam,IEF051,IA14,0.65,0.361886464303974,0,0.10403354045954573,0.6768446225110825,rural,180,212,0.4366125477758799,93,119,3.8375804181334394,46.41303832454797,5,-0.01457478467878129,0.7598863982856787,0.3095936017360978,-0.5330707097014642
E02321,Dakar,IEF011,IA03,0.05,0.46256507759004684,0,0.1990233856571336,0.07066375793139605,urbain,320,320,0.4431692439223654,142,178,3.674653353704689,39.43498449631951,8,0.8330990458499036,0.8643199085895988,-0.42310341962588116,0.5041140388212177
E02322,Diourbel,IEF024,IA05,0.3,-1.961883486465059,0,-2.89232139833262,0.28098123832934885,rural,180,118,0.41233960620147503,49,69,4.036607024847956,56.63385916711001,2,-1.0659632492662816,0.4177437426577639,1.3827817959751834,-2.8264788066291513
E02323,Louga,IEF035,IA08,0.45,-0.5589055756131087,0,0.9958108211774965,0.43678949120468713,urbain,320,226,0.397412269029893,90,136,3.6978200736443743,40.35922824987453,6,-0.15243301263074527,0.7547152667794459,-0.32605764412573685,0.12519984319447147
E02324,Louga,IEF034,IA08,0.45,-0.5589055756131087,0,-2.3207746068026323,0.39517856862175615,urbain,320,360,0.42668537349088315,154,206,3.940708164914253,51.45502704610311,7,0.1300821281135417,0.6861104282042875,0.8390034069571067,-0.96347614135748
E02325,Dakar,IEF004,IA01,0.05,1.1358119908378483,0,1.689559554478078,0,urbain,320,381,0.5074418426041943,193,188,3.735891211992537,41.9253733137379,9,1.4069541272155943,0.8891019931006244,-0.1616121050742307,1.6062150637121841
E02326,Dakar,IEF008,IA02,0.05,-0.6770804424361538,1,-0.3621203918588307,0.0852132542373912,rural,180,172,0.47552907498550284,82,90,3.4478692026746462,31.433342816876547,5,-0.3497525344858072,0.7579567311749754,-1.263277366237887,-0.3980322707180699
E02327,Ziguinchor,IEF042,IA11,0.55,0.5436260064330518,1,0.09332094674687035,0.5560306233041029,rural,180,208,0.4576929042741582,95,113,3.8262173108100077,45.888627102022866,5,-0.9089518774761973,0.8033794959994854,0.2545303204586469,-0.610715284251444
E02328,Kaffrine,IEF041,IA10,0.55,-1.7249192939776967,1,0.31771647692565824,0.5978722359631853,rural,180,303,0.35245401004988364,107,196,3.8563883744843253,47.29423348759518,6,-2.2498992167584473,0.5633374208205119,0.40211926678491366,-2.1203917562368084
E02329,Ziguinchor,IEF043,IA11,0.55,0.5436260064330518,1,0.03781619554363153,0.5178416264101221,rural,180,194,0.45448318274135996,88,106,3.41316457877748,30.361172715600194,6,-0.09704623589170812,0.7493914900883615,-1.3758554372783607,0.4741944113581742
E02330,Dakar,IEF002,IA01,0.05,1.1358119908378483,0,-0.5868971362215678,0.10875565412427339,urbain,320,281,0.5149505161037463,145,136,3.3595502572568963,28.776246060702203,10,1.8355773753029738,0.8735324226840704,-1.5422730470742685,1.5089651285673307
E02331,Thiès,IEF013,IA04,0.15,1.0504362281327961,0,-1.1304494696840526,0.20453348105050453,urbain,320,274,0.46526412536801154,127,147,3.4714554030031892,32.18354840872821,9,0.4238243086769617,0.8711859997324831,-1.184505631870461,0.36740854364206993
E02332,Matam,IEF051,IA14,0.65,0.361886464303974,0,0.10403354045954573,0.6406562235039818,urbain,320,294,0.4526177744179436,133,161,4.162269920301077,64.21712504025624,5,-0.10152488823922602,0.760316989304487,2.179026200822482,-0.5098660942036679
E02333,Dakar,IEF010,IA03,0.05,0.46256507759004684,0,0.028674535806565937,0.04984823883235284,urbain,320,275,0.4507429731199873,124,151,3.7026669711860745,40.55532012879754,7,0.9142558735704441,0.8700863583330107,-0.30546795835705653,0.49479847106503777
E02334,Dakar,IEF007,IA02,0.05,-0.6770804424361538,1,0.35653495020654297,0,urbain,320,304,0.4831714121853017,147,157,3.4164626012131194,30.461469844568786,10,-1.2170903447710055,0.7674244869019542,-1.365324219053995,-0.69369285397692515
E02335,Thiès,IEF014,IA04,0.15,1.0504362281327961,0,0.597248963746674,0.24559210050766725,rural,180,155,0.46728313072501626,72,83,3.673026886269908,39.37089691055884,4,0.2980002144788471,0.8454185939466238,-0.429832628707526,0.4992136732717019
E02336,Kolda,IEF045,IA12,0.7,0.8036427494500231,0,-1.432219330403182,0.6994835439038833,rural,180,85,0.4363233399328311,37,48,3.9166437572604265,50.231572198412685,2,0.7446966360827381,0.8130419131458582,0.7105404078545008,-0.5570050019294956
E02337,Dakar,IEF009,IA03,0.05,0.46256507759004684,0,0.5687463271242291,0.042617174731966086,urbain,320,195,0.45799656862497873,89,106,3.8132482879482086,45.29733895046451,4,-0.18337463609910234,0.9031313633105813,0.19244494850853874,1.1457324229540244
E02338,Dakar,IEF012,IA03,0.05,0.46256507759004684,0,-0.8514222791158281,0.05123158999373945,urbain,320,666,0.4705225618579446,313,353,3.6194623786120297,37.31749974201561,18,0.8128291063763783,0.8864156989674343,-0.6454397343704957,1.0373765675963824
E02339,Louga,IEF034,IA08,0.45,-0.5589055756131087,0,-2.3207746068026323,0.43100543081192894,rural,180,188,0.4272297297840902,80,108,3.9639773894146044,52.66638464035781,4,-0.26972720758702395,0.7198560458207196,0.9661961920749537,-1.3955793002969121
E02340,Dakar,IEF010,IA03,0.05,0.46256507759004684,0,0.028674535806565937,0.08369510059738826,urbain,320,368,0.5002445148550468,184,184,3.740158317447469,42.10465553895197,9,0.27977201032867427,0.8469480457998662,-0.14278743624377505,0.32251235250603205
E02341,Diourbel,IEF021,IA05,0.3,-1.961883486465059,0,0.10955641117140437,0.40276935366479455,rural,180,155,0.40250056641134163,62,93,4.215465306799898,67.7256717560079,2,-2.2055955512885372,0.5630680392639166,2.547424294506037,-1.968952236152054
E02342,Dakar,IEF003,IA01,0.05,1.1358119908378483,0,-1.5898776485547115,0,urbain,320,415,0.5013322112784209,208,207,3.7179932973768324,41.18167176803777,10,0.839307990374658,0.9063244685343708,-0.23970091331936857,0.23706972039995555
E02343,Sédhiou,IEF053,IA15,0.7,-0.5128143979953421,1,-1.6637734035387284,0.641047214791329,rural,180,143,0.3980409363860832,57,86,3.8427598956850835,46.65405725189801,3,-0.9399367425521821,0.7633560414415277,0.3349006364062598,-0.8757128517767807
E02344,Saint-Louis,IEF026,IA06,0.35,-0.09886818526410894,0,0.49988989751365537,0.42663874671065144,urbain,320,504,0.4008931383666502,202,302,3.844561002833281,46.738161925935415,11,-0.07584898424674189,0.7943510423041089,0.3437316436851864,-0.17933454737812535
E02345,Matam,IEF051,IA14,0.65,0.361886464303974,0,0.10403354045954573,0.6890084149165165,rural,180,168,0.4178736469376735,70,98,3.8329368616635424,46.19801637978932,4,0.02325325054095396,0.7464537154646387,0.28701625533977215,-0.2858371410884253
E02346,Diourbel,IEF020,IA05,0.3,-1.961883486465059,0,0.3932217475238377,0.27830376688489394,urbain,320,193,0.3718384728096288,72,121,4.279189958792696,72.181945968575,3,-0.5289599631444571,0.5657404106368903,3.0153339613406116,-2.1230563365169304
E02347,Tambacounda,IEF050,IA13,0.75,-0.5950300302811243,1,-0.9304449072754517,0.7407348483486527,urbain,320,161,0.3943460650954008,63,98,3.7313420162355424,41.73507975285838,4,-1.1735877596472966,0.5257288242913616,-0.1815929663104622,-1.6588950181557036
E02348,Ziguinchor,IEF043,IA11,0.55,0.5436260064330518,1,0.03781619554363153,0.48535476466542515,rural,180,149,0.44857042232157307,67,82,3.4208401780489535,30.59510956500467,5,0.17836932907616024,0.7788483706238684,-1.3512920221822953,0.09151691276384993
E02349,Dakar,IEF011,IA03,0.05,0.46256507759004684,0,0.1990233856571336,0.04619245798285136,urbain,320,277,0.4877911671141403,135,142,3.6352431526320648,37.91106995296449,7,0.48557567928111556,0.8659250537134632,-0.5831147457365439,0.5987819631681093
E02350,Kaolack,IEF029,IA07,0.3,0.7594385270695994,0,-1.481619640758723,0.344057507752851,urbain,320,245,0.4647599670420127,114,131,3.6240953746490865,37.49079269323874,7,-0.054982643002096356,0.8890526399757884,-0.6272439404844452,-0.09584932299468726
E02351,Kaolack,IEF029,IA07,0.3,0.7594385270695994,0,-1.481619640758723,0.24100339005592267,urbain,320,351,0.46058428828386444,162,189,3.7765109872140683,43.66343338678082,8,1.1940547174096816,0.8847706043215716,0.020884543678338238,0.35949636208003827
E02352,Kaffrine,IEF041,IA10,0.55,-1.7249192939776967,1,0.31771647692565824,0.5720828261119448,urbain,320,370,0.3340237518288093,124,246,3.8986379081702784,49.33520424047252,7,-2.2138256466889326,0.45851783497772236,0.6164215963643617,-2.8798896452409313
E02353,Kaffrine,IEF040,IA10,0.55,-1.7249192939776967,1,-0.1388397558109453,0.577404105476174,urbain,320,762,0.3781747950543222,288,474,4.007426211448704,55.005116679881795,14,-2.052858144588905,0.5575842221028068,1.211763515186028,-2.4512770870053844
E02354,Dakar,IEF008,IA02,0.05,-0.6770804424361538,1,-0.3621203918588307,0.10550151298490226,urbain,320,319,0.445748965519175,142,177,3.5442370933598895,34.613268574346996,9,0.2552149728369566,0.8007932837336634,-0.9293845376635997,0.1644487295165448
E02355,Diourbel,IEF020,IA05,0.3,-1.961883486465059,0,0.3932217475238377,0.36380338062389184,rural,180,312,0.39490693728412213,123,189,4.131783572375237,62.28892071732136,5,-2.214198794393925,0.5235771292078272,1.9765643685166767,-1.7480303536794413
E02356,Sédhiou,IEF054,IA15,0.7,-0.5128143979953421,1,0.5471627551526171,0.6462638779368537,rural,180,193,0.4184690818253358,81,112,3.728889655309412,41.6328556704282,5,-0.47344633962792787,0.7261791903100965,-0.19232651502644732,-0.36862352574138
E02357,Fatick,IEF037,IA09,0.4,1.508379536169013,1,-0.8651748349735274,0.4794237177659173,urbain,320,439,0.4867586810427814,214,225,3.601101450502408,36.63856779591109,12,0.2099206499573578,0.8823312676485358,-0.71672772194748,0.14538239976378248
E02358,Thiès,IEF013,IA04,0.15,1.0504362281327961,0,-1.1304494696840526,0.08138029012365246,urbain,320,309,0.49811032234875463,154,155,3.5984733855307653,36.54240567477368,8,1.0520364591688385,0.8820744080582065,-0.7268247635381025,0.7121418395761467
E02359,Thiès,IEF019,IA04,0.15,1.0504362281327961,0,0.4061865653228522,0.2807200529908791,rural,180,144,0.520747949196179,75,69,3.551176684610487,34.85430589301327,4,1.2574730361350224,0.9017891099033282,-0.9040755719016242,1.3387311188442903
E02360,Louga,IEF034,IA08,0.45,-0.5589055756131087,0,-2.3207746068026323,0.584990465442138,rural,180,255,0.4024942419284103,103,152,3.957727361031316,52.33824475149265,5,-0.7621791475475764,0.6858882515265047,0.9317414393487783,-1.316569531886834
E02361,Saint-Louis,IEF028,IA06,0.35,-0.09886818526410894,0,-1.6584009589402293,0.297131152610597,urbain,320,215,0.4517441463006642,97,118,3.7407208876634184,42.128349028111764,5,-0.2611471206683979,0.7683607062475815,-0.14029961523230217,-1.4678727311206867
E02362,Dakar,IEF002,IA01,0.05,1.1358119908378483,0,-0.5868971362215678,0,urbain,320,316,0.4929972992160672,156,160,3.495569399726792,32.969055180482805,10,1.5463740220177942,0.9185638098871532,-1.102027266685598,0.8570667854048235
E02363,Kolda,IEF046,IA12,0.7,0.8036427494500231,0,-0.3584819723018034,0.6571221437669068,urbain,320,197,0.4048553076490624,80,117,4.052391706854685,57.53489923209615,3,0.18413542349158069,0.7754076140914721,1.4773911796220207,-0.6840946408586511
E02364,Saint-Louis,IEF026,IA06,0.35,-0.09886818526410894,0,0.49988989751365537,0.31502707072461583,urbain,320,225,0.4390414019195502,99,126,3.7201876680034283,41.272138841762406,5,-0.3929742190483068,0.8317833281451986,-0.23020185282470335,-0.20235456518371578
E02365,Diourbel,IEF023,IA05,0.3,-1.961883486465059,0,0.1117959092790192,0.32607005661260985,rural,180,272,0.3426251522853762,93,179,4.185959290333311,65.7565502936223,4,-1.8980806972641138,0.5172864809322725,2.340666154528181,-2.2154963584119565
E02366,Thiès,IEF019,IA04,0.15,1.0504362281327961,0,0.4061865653228522,0.2378653055905726,urbain,320,346,0.4858730400104709,168,178,3.935460839452891,51.18573292741643,7,0.8210942522960959,0.9087616403396128,0.8107274716477739,0.8018468845568901
E02367,Saint-Louis,IEF025,IA06,0.35,-0.09886818526410894,0,0.09534935373040888,0.3278813715649932,rural,180,108,0.44076915805122113,48,60,4.008142247441247,55.04451642733392,2,-0.10186275224299049,0.7523296645680595,1.215900496400447,-0.5801176627572259
E02368,Louga,IEF033,IA08,0.45,-0.5589055756131087,0,-1.965905696172405,0.4961911304396207,rural,180,298,0.43744322103046906,130,168,3.8359189404695453,46.335988124376364,6,-1.1105653309687376,0.681099390421495,0.3015033155974752,-1.7794902858381227
E02369,Saint-Louis,IEF028,IA06,0.35,-0.09886818526410894,0,-1.6584009589402293,0.3725444420900204,urbain,320,223,0.4741053408754997,106,117,3.9185709304800596,50.328470479029264,4,0.29034848393741836,0.8337857905160486,0.7207147463349032,-0.3255331766103455
E02370,Kaolack,IEF030,IA07,0.3,0.7594385270695994,0,-0.4906862327461932,0.3078739935361053,rural,180,173,0.4835644831573683,84,89,3.679261414249481,39.617122621919954,4,0.4128648810271209,0.8471404677943697,-0.4039788806944037,-0.0082858762701159
E02371,Kédougou,IEF055,IA16,0.9,-0.4962851679537585,0,0.0755532240045896,0.9129850511643205,rural,180,120,0.3736691042645024,45,75,4.203042381054601,66.88952521140044,2,-0.916430347941681,0.40583378959525995,2.4596287432338952,-2.176132718600859
E02372,Tambacounda,IEF049,IA13,0.75,-0.5950300302811243,1,0.10831608168981055,0.7607829605659051,rural,180,247,0.3552656156348682,88,159,3.8162310958352967,45.432653919301835,5,-1.1009540063056729,0.6729451744405793,0.20665304679114677,-0.913195907917821
E02373,Kaffrine,IEF039,IA10,0.55,-1.7249192939776967,1,-1.332630847294145,0.5658466650718773,urbain,320,515,0.3828616765556521,197,318,3.6724926692285274,39.349869923482274,13,-1.8292987951978736,0.5551838016821533,-0.4320404664769759,-1.5013748429014715
E02374,Fatick,IEF038,IA09,0.4,1.508379536169013,1,-1.390946513569097,0.43737216487445857,urbain,320,314,0.4640227092888821,146,168,3.1724384480877896,23.865608508696006,13,0.662146485865132,0.8911193325763346,-2.057890953715819,0.318966552441249
E02375,Sédhiou,IEF054,IA15,0.7,-0.5128143979953421,1,0.5471627551526171,0.6040867558713169,urbain,320,512,0.38932388087268693,199,313,3.5809061426827893,35.90606212584122,14,-0.47834414824088745,0.6621231086094627,-0.7936409610543226,-0.16587273659095245
E02376,Kaffrine,IEF041,IA10,0.55,-1.7249192939776967,1,0.31771647692565824,0.39857054045992146,urbain,320,281,0.4065041540597869,114,167,3.6279042610256247,37.63386315938075,7,-1.749813560092327,0.573243914154867,-0.612221513462879,-1.2948957609913163
E02377,Tambacounda,IEF048,IA13,0.75,-0.5950300302811243,1,-1.2870708589133515,0.7077428238290551,rural,180,133,0.3852985629140656,51,82,3.5693480882622572,35.493447013107726,4,-1.059619875156162,0.690435668741037,-0.8369656288643899,-1.1591332806137329
E02378,Dakar,IEF004,IA01,0.05,1.1358119908378483,0,1.689559554478078,0.12295780504303061,rural,180,105,0.4844677345722336,51,54,3.6935061792888946,40.18549779976227,3,1.2459931100427657,0.8547985605039455,-0.3442993754810035,0.9306488812607356
E02379,Ziguinchor,IEF042,IA11,0.55,0.5436260064330518,1,0.09332094674687035,0.616834607889234,rural,180,200,0.4300711144504175,86,114,3.718936431901048,41.22052994581126,5,0.29556762716204044,0.813707729752891,-0.23562079702748634,0.20766136746765002
E02380,Ziguinchor,IEF043,IA11,0.55,0.5436260064330518,1,0.03781619554363153,0.5474941946866688,urbain,320,187,0.4468408576876815,84,103,3.567676333725029,35.434160252285096,5,-0.29565500099008113,0.7878629576310495,-0.8431907503854098,0.16037315150533632
E02381,Kédougou,IEF055,IA16,0.9,-0.4962851679537585,0,0.0755532240045896,0.9480713518721056,urbain,320,196,0.3628831227300443,71,125,4.168515299553373,64.61944033875028,3,-1.3922581195415802,0.47169806713979817,2.2212693861161354,-1.9705446698064515
E02382,Diourbel,IEF021,IA05,0.3,-1.961883486465059,0,0.10955641117140437,0.3595578358523463,urbain,320,412,0.381654483680415,157,255,4.057639471770179,57.83762247317946,7,-1.7085237683329766,0.572478012451212,1.5091771793432487,-1.9722013264147924
E02383,Thiès,IEF015,IA04,0.15,1.0504362281327961,0,-1.0960478553026407,0.19229690005736172,urbain,320,335,0.5032353519751779,169,166,3.894106467011745,49.112150424714606,7,1.047466740658254,0.927482998237756,0.59300090193691,0.27224807834613174
E02384,Diourbel,IEF023,IA05,0.3,-1.961883486465059,0,0.1117959092790192,0.3193714860211871,urbain,320,263,0.4018083393042288,106,157,3.936333027569825,51.23039598989714,5,-1.9156386145284576,0.6688871974225634,0.8154171019730859,-1.52759845363765
E02385,Kaolack,IEF032,IA07,0.3,0.7594385270695994,0,0.3376374748206235,0.29382986156858454,urbain,320,285,0.47856327542173516,136,149,4.0080286494288115,55.03826383482004,5,0.5209779699819489,0.861957788621098,1.215243972959459,0.3956459345715081
E02386,Thiès,IEF017,IA04,0.15,1.0504362281327961,0,0.4161989798572152,0.06083778001114752,urbain,320,247,0.4788081134106691,118,129,3.582709152710874,35.970859513539196,7,0.9038681372633961,0.8995957000464465,-0.786837222629966,1.6944372219376098
E02387,Matam,IEF052,IA14,0.65,0.361886464303974,0,-0.6415822632825328,0.6800778148055027,rural,180,212,0.4080352834132032,87,125,3.978795442286455,53.45260868104074,4,-0.3565853796600672,0.7868329821040451,1.048749870638051,-0.5220567063658329
E02388,Louga,IEF034,IA08,0.45,-0.5589055756131087,0,-2.3207746068026323,0.4197413172084292,urbain,320,334,0.41595250059359923,139,195,4.036999101328651,56.656068324860144,6,-0.35666691605633843,0.6952658551172498,1.385113761897351,-1.935025962684262
E02389,Kaolack,IEF030,IA07,0.3,0.7594385270695994,0,-0.4906862327461932,0.3372303405200985,urbain,320,220,0.4540117813739992,100,120,3.885845731721418,48.70811904623128,5,0.46223885799383474,0.8668347709755768,0.5505775279076127,0.476567780384827
E02390,Thiès,IEF013,IA04,0.15,1.0504362281327961,0,-1.1304494696840526,0.16559522452646547,rural,180,231,0.4686784691447422,108,123,3.6659990762741983,39.095175720602306,6,0.529611356451165,0.8935817810225009,-0.4587834077614647,0.9091095049402194
E02391,Dakar,IEF007,IA02,0.05,-0.6770804424361538,1,0.35653495020654297,0,rural,180,133,0.4815585088326157,64,69,3.673421986780611,39.38645544542518,3,-0.21174007348083682,0.8514028459595162,-0.42819897949329866,-0.11951651891378556
E02392,Thiès,IEF014,IA04,0.15,1.0504362281327961,0,0.597248963746674,0.202854591128971,urbain,320,311,0.45988597661279224,143,168,3.6340625503109885,37.86633846602783,8,1.4482605492461054,0.8708122638639438,-0.5878115606431588,0.6827184153455387
E02393,Saint-Louis,IEF026,IA06,0.35,-0.09886818526410894,0,0.49988989751365537,0.3186438004226071,urbain,320,235,0.40584991040615737,95,140,4.023271253704956,55.8836166324207,4,-0.472440329124462,0.8166150757310746,1.304006182602554,-0.04191779685858543
E02394,Dakar,IEF008,IA02,0.05,-0.6770804424361538,1,-0.3621203918588307,0.06243693416515105,urbain,320,188,0.44084836776651926,83,105,3.3695437510596906,29.065263036719067,6,-0.3178403286086824,0.8434814643303824,-1.511926207874783,0.08568092665432081
E02395,Dakar,IEF012,IA03,0.05,0.46256507759004684,0,-0.8514222791158281,0.04323296345700069,urbain,320,304,0.49577065138455584,151,153,3.754510268494567,42.713296640537024,7,0.20477758612953817,0.914189958764897,-0.07888000113545923,0.3633979422676027
E02396,Diourbel,IEF021,IA05,0.3,-1.961883486465059,0,0.10955641117140437,0.2533704938969164,rural,180,200,0.408195026832214,82,118,4.255392315042098,70.48446388038586,3,-1.9568492477197377,0.6750033133173965,2.8370980089608575,-1.873186332155466
E02397,Kaffrine,IEF041,IA10,0.55,-1.7249192939776967,1,0.31771647692565824,0.6115913834656567,rural,180,202,0.3376586045264011,68,134,3.5490553048115636,34.780445043742496,6,-1.5661222278439384,0.5129526242808666,-0.91183097556977,-1.9543316790219056
E02398,Dakar,IEF005,IA02,0.05,-0.6770804424361538,1,0.5635836405531154,0.0906494487434475,rural,180,203,0.4703133741226576,95,108,3.201522761383319,24.5699158442143,8,0.25971332931332697,0.8230820880252895,-1.9839385452706333,0.36155645965054717
E02399,Dakar,IEF008,IA02,0.05,-0.6770804424361538,1,-0.3621203918588307,0.024642931159370076,urbain,320,375,0.44552384357027197,167,208,3.4851601983794116,32.62765358844042,11,0.11228090781168061,0.8218816352636815,-1.1378745008479059,0.7673744539885826
E02400,Kolda,IEF045,IA12,0.7,0.8036427494500231,0,-1.432219330403182,0.6987714007033501,urbain,320,174,0.42168978951080377,73,101,4.117290927115708,61.39269948055817,3,-0.11931892265312255,0.7852944237736004,1.882460962778913,-1.34782104798948
E02401,Fatick,IEF037,IA09,0.4,1.508379536169013,1,-0.8651748349735274,0.3504349077041694,rural,180,88,0.49641922013366835,44,44,3.3325035335249247,28.008373905726454,3,0.4603784443521606,0.9132855982802739,-1.6228997740366724,0.6603440107222114
E02402,Dakar,IEF003,IA01,0.05,1.1358119908378483,0,-1.5898776485547115,0.07972390090278157,urbain,320,294,0.5027459271972601,148,146,3.4945282914570694,32.93474868597579,9,0.6634780158333158,0.914693189941396,-1.1056294553412624,0.6878179788412746
E02403,Kaffrine,IEF039,IA10,0.55,-1.7249192939776967,1,-1.332630847294145,0.6327065745700736,rural,180,334,0.3884765078043263,130,204,3.860377065951048,47.48325231141512,7,-1.6047354006529468,0.40239377263010884,0.4219662803797309,-2.886996437902934
E02404,Diourbel,IEF024,IA05,0.3,-1.961883486465059,0,-2.89232139833262,0.3010476069134277,rural,180,189,0.4312452091499565,82,107,4.161854571608331,64.19045807974582,3,-2.2635249637095414,0.6089319462113237,2.17622616473567,-3.3967406678453167
E02405,Thiès,IEF013,IA04,0.15,1.0504362281327961,0,-1.1304494696840526,0.13091709070798574,rural,180,184,0.5108097049583377,94,90,3.5843687037434524,36.03060455184559,5,0.5230059282921772,0.9359034447313943,-0.7805639818832166,0.6710794243424127
E02406,Saint-Louis,IEF027,IA06,0.35,-0.09886818526410894,0,0.949372149400778,0.4364186536848869,urbain,320,282,0.45646838742581125,129,153,4.159711817678013,64.05306098006454,4,-0.3542339156235668,0.8050334197821067,2.1617994423058424,-0.22643795607384792
E02407,Ziguinchor,IEF042,IA11,0.55,0.5436260064330518,1,0.09332094674687035,0.5875017749693823,urbain,320,154,0.46717915188698655,72,82,3.4977697102965712,33.04167720727949,5,1.1886293363086542,0.8038580772224386,-1.0944019396203422,0.42204477726895384
E02408,Diourbel,IEF023,IA05,0.3,-1.961883486465059,0,0.1117959092790192,0.4032142682778675,rural,180,230,0.3744828375872816,86,144,4.178223567120952,65.24983824010974,4,-1.805211532840588,0.6079824094791708,2.2874612894703947,-1.6075756824723253
E02409,Thiès,IEF015,IA04,0.15,1.0504362281327961,0,-1.0960478553026407,0.21209880708942805,urbain,320,189,0.47016618193260995,89,100,3.557749499004395,35.084151314645275,5,1.5623536780015639,0.889326667527085,-0.8799417575245843,1.0524665642490363
E02410,Thiès,IEF016,IA04,0.15,1.0504362281327961,0,0.01909654917514469,0.15292437675897555,urbain,320,307,0.47490326870907223,146,161,3.5249324396625497,33.95147976533186,9,1.0724728842103166,0.8625809886581511,-0.9988724924819681,0.6248801989358126
E02411,Saint-Louis,IEF028,IA06,0.35,-0.09886818526410894,0,-1.6584009589402293,0.4157002501495713,rural,180,101,0.43198227416399,44,57,3.49799760482704,33.04920808288262,3,-0.5069611853893526,0.7713675719054174,-1.0936111962041277,-0.7945137443314441
E02412,Kolda,IEF046,IA12,0.7,0.8036427494500231,0,-0.3584819723018034,0.7597919724410191,rural,180,161,0.43185232573892246,70,91,4.002384809345257,54.728511593526804,3,-0.06824050616708403,0.725340022865566,1.1827199268367925,-1.0423900586156214
E02413,Tambacounda,IEF049,IA13,0.75,-0.5950300302811243,1,0.10831608168981055,0.8242735557057076,rural,180,103,0.3794366087325416,39,64,3.762725966661924,43.0656616738643,2,-0.9787004579800879,0.6621214833598087,-0.04188160348673369,-1.1311473305814688
E02414,Saint-Louis,IEF027,IA06,0.35,-0.09886818526410894,0,0.949372149400778,0.2784556439191508,rural,180,200,0.44791811397706366,90,110,4.016171963370084,55.488287551324945,4,0.291327772285585,0.7366507649818155,1.2624965515067215,0.18781222901900946
E02415,Dakar,IEF012,IA03,0.05,0.46256507759004684,0,-0.8514222791158281,0.023053810824096917,urbain,320,188,0.4649160644100168,87,101,3.4368049483015324,31.087473239021357,6,0.31116591619539963,0.8720744005567668,-1.2995937397873523,0.7882363782580188
E02416,Dakar,IEF003,IA01,0.05,1.1358119908378483,0,-1.5898776485547115,0.057024722327673874,rural,180,170,0.48327988291218676,82,88,3.6404935433288053,38.110641337360455,4,1.434998683620782,0.900502040116999,-0.5621597112103723,0.8784328035166191
E02417,Diourbel,IEF023,IA05,0.3,-1.961883486465059,0,0.1117959092790192,0.30151997206628783,urbain,320,566,0.39086109412384973,221,345,4.049705258951719,57.38054215166718,10,-1.7552944697422637,0.6117753909909984,1.4611836558853986,-1.7667078846225344
E02418,Thiès,IEF015,IA04,0.15,1.0504362281327961,0,-1.0960478553026407,0.18810413878538343,urbain,320,145,0.49787043823169225,72,73,3.7441535144756823,42.27320841040297,3,0.9465781812367392,0.8724647526622796,-0.12508935166400717,1.0432503657019716
E02419,Tambacounda,IEF049,IA13,0.75,-0.5950300302811243,1,0.10831608168981055,0.7043176396963438,urbain,320,256,0.4004420549235597,103,153,3.6918181277413846,40.117719830461446,6,-1.0531084619121849,0.6856537778205078,-0.3514160755585783,-0.7803566769609619
E02420,Dakar,IEF008,IA02,0.05,-0.6770804424361538,1,-0.3621203918588307,0.014453714696155993,urbain,320,281,0.48135591544230405,135,146,3.37655852294417,29.269866009282477,10,-1.0970072012784549,0.8088295045913856,-1.4904428556036131,-0.28875670312049545
E02421,Fatick,IEF036,IA09,0.4,1.508379536169013,1,1.1669515787289226,0.3777807379906851,rural,180,179,0.5278225650701337,94,85,3.5628146567754757,35.26230889354292,5,1.5974278504662351,0.8951081829946863,-0.8612351767780572,1.1312528234222108
E02422,Dakar,IEF007,IA02,0.05,-0.6770804424361538,1,0.35653495020654297,0,urbain,320,121,0.4646237578815288,56,65,3.4931221483154298,32.88847025966056,4,-0.46558538800428584,0.871588201092003,-1.1104886991862042,0.27269995813255354
E02423,Dakar,IEF006,IA02,0.05,-0.6770804424361538,1,2.6676333910661167,0.1273963315080755,rural,180,294,0.43198615891298564,127,167,3.5348165899525066,34.28872524074527,9,-0.4783990005627257,0.7794873696892797,-0.9634616513813137,0.8922359627504602
E02424,Thiès,IEF019,IA04,0.15,1.0504362281327961,0,0.4061865653228522,0.14376764897996264,urbain,320,215,0.5030723760820708,108,107,3.465530375407769,31.993423799275202,7,0.6158454926446655,0.9218415019371387,-1.2044687531737528,0.939527248054475
E02425,Fatick,IEF036,IA09,0.4,1.508379536169013,1,1.1669515787289226,0.39075928698532364,rural,180,203,0.48330708299563085,98,105,3.25196064403595,25.840955196395186,8,0.48641602660061795,0.90159914731559,-1.8504791638583775,1.607382849152534
E02426,Kolda,IEF047,IA12,0.7,0.8036427494500231,0,0.8692594740041972,0.7746033285423165,rural,180,153,0.4382644162229638,67,86,3.8752798752952993,48.19618532526715,3,0.3426950857245086,0.7475517167142391,0.496824386742693,0.21358219624949187
E02427,Dakar,IEF006,IA02,0.05,-0.6770804424361538,1,2.6676333910661167,0.07505199699391388,urbain,320,193,0.46506377822401296,90,103,3.6710026575397237,39.29128181666483,5,0.0664500434871609,0.83080350081794,-0.43819222919034523,0.8833281927294552
E02428,Saint-Louis,IEF026,IA06,0.35,-0.09886818526410894,0,0.49988989751365537,0.3672926580160219,urbain,320,240,0.43988497575191954,106,134,4.019278397942883,55.660926292807986,4,-0.14955387590573244,0.7301007547524496,1.2806236532416786,-0.25673908500015113
E02429,Dakar,IEF005,IA02,0.05,-0.6770804424361538,1,0.5635836405531154,0,urbain,320,209,0.43548009783574887,91,118,3.438551502357636,31.14181663452558,7,-0.1553637894420343,0.8291006814054716,-1.2938876725948687,0.49115817876895
E02430,Kaolack,IEF029,IA07,0.3,0.7594385270695994,0,-1.481619640758723,0.24468912547880622,rural,180,128,0.4756360714639084,61,67,3.6328817853147473,37.821653605382636,3,0.5173795674944354,0.8751416466520882,-0.5925034797800192,0.28225213352056433
E02431,Kaffrine,IEF040,IA10,0.55,-1.7249192939776967,1,-0.1388397558109453,0.5527904631166596,rural,180,167,0.36940820754976406,62,105,3.898059737787064,49.306688330852396,3,-1.5538183249727657,0.4946538135553675,0.6134274202581854,-1.5228005705281937
E02432,Dakar,IEF002,IA01,0.05,1.1358119908378483,0,-0.5868971362215678,0.009456895094741971,urbain,320,159,0.5143772660833235,82,77,3.571731977250318,35.578160384108415,4,0.8764248438130494,0.9106692828812297,-0.8280707082848656,0.8955565397580455
E02433,Louga,IEF033,IA08,0.45,-0.5589055756131087,0,-1.965905696172405,0.3995568834085872,urbain,320,316,0.42244295105525814,133,183,3.9489626304235004,51.88151860042169,6,0.1895207347793926,0.7646550776749578,0.8837851038567704,-0.8870084792817148
E02434,Kaolack,IEF030,IA07,0.3,0.7594385270695994,0,-0.4906862327461932,0.2964065688449253,rural,180,203,0.49447864244410655,100,103,3.630631077330591,37.736623832128295,5,0.7584401952393349,0.8810402833881211,-0.6014316226582687,1.1038560475533745
E02435,Diourbel,IEF020,IA05,0.3,-1.961883486465059,0,0.3932217475238377,0.20984412161061283,rural,180,102,0.44490711636685565,45,57,4.031605446521485,56.35130767528457,2,-1.2119788933549638,0.5151403133888118,1.3531138338846072,-1.8524164436049708
E02436,Dakar,IEF007,IA02,0.05,-0.6770804424361538,1,0.35653495020654297,0.1681914159222684,urbain,320,519,0.459984818117778,239,280,3.573136537015498,35.62816714722572,15,-1.1117924517679685,0.7811188081857413,-0.8228199883440447,-0.1633425276449883
E02437,Thiès,IEF013,IA04,0.15,1.0504362281327961,0,-1.1304494696840526,0.10245938854655276,urbain,320,655,0.5156667243380207,338,317,3.626303395421174,37.5736646000441,17,1.4296944360985255,0.8916354282900576,-0.6185423740068061,0.41683602759625066
E02438,Dakar,IEF003,IA01,0.05,1.1358119908378483,0,-1.5898776485547115,0.019183189641030697,rural,180,190,0.4832056581908289,92,98,3.6020841445878524,36.67458999628606,5,0.9457872919268595,0.8942026049275701,-0.7129453838389838,0.8902624336322678
E02439,Dakar,IEF006,IA02,0.05,-0.6770804424361538,1,2.6676333910661167,0.007215223581952396,rural,180,198,0.46170323859346973,91,107,3.544960636925192,34.638321844571294,6,-0.522073039483345,0.760733102248323,-0.926753939373506,0.8681085642408193
E02440,Dakar,IEF012,IA03,0.05,0.46256507759004684,0,-0.8514222791158281,0.020247926395320803,urbain,320,218,0.49373672677058394,108,110,3.517175159097184,33.68912749685439,6,-0.41693771311373307,0.8599373570927702,-1.0264195321570406,0.1257867838124907
E02441,Kolda,IEF047,IA12,0.7,0.8036427494500231,0,0.8692594740041972,0.6676634141877309,rural,180,160,0.47612080930282025,76,84,4.006690538537338,54.96466578669147,3,0.3524255076878164,0.7734190102880913,1.2075161634628173,-0.10224115629864983
E02442,Diourbel,IEF022,IA05,0.3,-1.961883486465059,0,-0.4134188533806319,0.3040101198772393,rural,180,153,0.4066770840559388,62,91,3.929821114071334,50.89787194169305,3,-1.497283118116102,0.596408204563921,0.7805020116559596,-1.3138193887417766
E02443,Thiès,IEF015,IA04,0.15,1.0504362281327961,0,-1.0960478553026407,0.25257372685783763,urbain,320,206,0.4627089620038522,95,111,3.664457970303474,39.03497231370299,5,1.0944204428708564,0.8684241490579868,-0.46510477730042293,0.8176899679610086
E02444,Kaolack,IEF029,IA07,0.3,0.7594385270695994,0,-1.481619640758723,0.3106475814399292,urbain,320,626,0.4645162651473109,291,335,3.7234265161902127,41.40602974292151,15,0.411509758555675,0.8749353998856497,-0.21614328192777274,0.3488643125718773
E02445,Thiès,IEF014,IA04,0.15,1.0504362281327961,0,0.597248963746674,0.05307228005914005,urbain,320,349,0.4908586700530816,171,178,3.56717053013209,35.41624205864209,10,1.1093039589305307,0.9037948469985726,-0.8450721642342551,1.7625022383253086
E02446,Saint-Louis,IEF026,IA06,0.35,-0.09886818526410894,0,0.49988989751365537,0.4272985594567309,urbain,320,350,0.4316948583759432,151,199,3.805305079509497,44.93895797716985,8,-0.2557670078023451,0.7830325435067226,0.15481487598264856,-0.2721050952345119
E02447,Fatick,IEF036,IA09,0.4,1.508379536169013,1,1.1669515787289226,0.3641329902657884,rural,180,241,0.5031006586742145,121,120,3.4789998276649903,32.42727298988548,7,0.9327166713408972,0.8559544776806739,-1.1589145030195724,1.1696220123237289
E02448,Kaolack,IEF029,IA07,0.3,0.7594385270695994,0,-1.481619640758723,0.3508756343952688,rural,180,141,0.48152428304570216,68,73,3.791300527511142,44.31399438533049,3,-0.3598739092019777,0.7302221699054492,0.0891935761944476,0.00605637793521141
E02449,Dakar,IEF004,IA01,0.05,1.1358119908378483,0,1.689559554478078,0.09453464783642429,rural,180,170,0.5259555849876267,89,81,3.569399064845561,35.495256393883764,5,1.053269529827439,0.8763590446188253,-0.8367756435278265,1.9564230394994646
E02450,Kaolack,IEF031,IA07,0.3,0.7594385270695994,0,0.014753903421311736,0.28058132962028515,urbain,320,299,0.47706096205750215,143,156,3.7668565097135094,43.243914129738634,7,1.3838427851319663,0.8352124919598566,-0.023165060639035315,0.26676878745344756
E02451,Ziguinchor,IEF042,IA11,0.55,0.5436260064330518,1,0.09332094674687035,0.6173698632657666,rural,180,153,0.37722945065471036,58,95,3.768540473734933,43.31679667384671,4,0.5597132637357672,0.7223320002019805,-0.015512379204958841,0.01121630861497444
E02452,Sédhiou,IEF053,IA15,0.7,-0.5128143979953421,1,-1.6637734035387284,0.6156384600858352,urbain,320,205,0.417932272774186,86,119,3.7843039780765952,44.005031430618565,5,-0.8902453138607387,0.6634335018151474,0.05675240531771149,-1.7851581707791353
E02453,Saint-Louis,IEF028,IA06,0.35,-0.09886818526410894,0,-1.6584009589402293,0.36989746386826766,urbain,320,454,0.47425119585635006,215,239,3.814851153373729,45.37000270849182,10,-0.05539189765632873,0.7509652802160205,0.2000746573611995,-0.24368375346310867
E02454,Louga,IEF033,IA08,0.45,-0.5589055756131087,0,-1.965905696172405,0.49658505141171333,urbain,320,216,0.39476152060268427,85,131,4.052755403931754,57.55582831246831,4,-0.3899812916530355,0.6866926471067419,1.479588737168294,-1.6417005202016288
E02455,Kaffrine,IEF039,IA10,0.55,-1.7249192939776967,1,-1.332630847294145,0.5674781059332603,rural,180,138,0.35913557233788906,50,88,3.7500920594832925,42.524996649088266,3,-1.9621920154203722,0.6366794226619447,-0.09865153719023591,-1.930118833651293
E02456,Tambacounda,IEF050,IA13,0.75,-0.5950300302811243,1,-0.9304449072754517,0.7787781309786855,rural,180,131,0.3868688356024042,51,80,3.843708635550239,46.69834081935538,3,-0.06986369288220345,0.7263123997588439,0.3395504196796477,-0.22710982930771118
E02457,Louga,IEF035,IA08,0.45,-0.5589055756131087,0,0.9958108211774965,0.4631674511677752,rural,180,108,0.39221055023757667,42,66,4.054619350466981,57.663209344395206,2,-0.9337247024589815,0.6958165630243623,1.4908637665934523,-0.9580859861756733
E02458,Diourbel,IEF023,IA05,0.3,-1.961883486465059,0,0.1117959092790192,0.35863836850708564,urbain,320,373,0.40238152553099393,150,223,4.029716281676818,56.2449512599056,7,-2.053091811468937,0.5775070072931983,1.3419463893980552,-1.9325749173919395
E02459,Dakar,IEF011,IA03,0.05,0.46256507759004684,0,0.1990233856571336,0.03259704439663399,urbain,320,296,0.5261363865582331,156,140,3.7835379586131372,43.97133562752082,7,0.402219616294786,0.8878919044841699,0.05321433937986479,0.7047924294439569
E02460,Dakar,IEF009,IA03,0.05,0.46256507759004684,0,0.5687463271242291,0.04993727635488332,rural,180,149,0.4774756220141273,71,78,3.778661551895517,43.7574354670407,3,0.3319139053971455,0.934805319642817,0.0307547805529271,0.7257116167035684
E02461,Tambacounda,IEF050,IA13,0.75,-0.5950300302811243,1,-0.9304449072754517,0.6797472530519268,urbain,320,360,0.3968850784060212,143,217,3.5737871912072325,35.65135630676771,10,-0.752484223461897,0.7078281920877081,-0.8203851220414127,-0.8271765937891218
E02462,Thiès,IEF015,IA04,0.15,1.0504362281327961,0,-1.0960478553026407,0.10370363269518185,urbain,320,475,0.46124114436670827,219,256,3.642136119551273,38.17329241113991,12,-0.07843031339553348,0.9108479264782399,-0.5555813361686609,0.38961945235886064
E02463,Dakar,IEF010,IA03,0.05,0.46256507759004684,0,0.028674535806565937,0.06115875560595934,urbain,320,226,0.5028162441382732,114,112,3.569095823205898,35.484494385961554,6,1.6946802179072782,0.8255972425102217,-0.8379056564716332,1.797013954593964
E02464,Thiès,IEF013,IA04,0.15,1.0504362281327961,0,-1.1304494696840526,0.1364383070424218,urbain,320,333,0.5148830164338054,171,162,3.610821206102406,36.99642203096201,9,0.017269555803447013,0.9010759606453229,-0.679152957040551,-0.02078150626363287
E02465,Dakar,IEF001,IA01,0.05,1.1358119908378483,0,-0.3499273505312711,0.03599576802999888,rural,180,171,0.4992147274936766,85,86,3.7020304280411405,40.5295131322837,4,0.5776385616273008,0.907967446005627,-0.3081776980554664,0.5327499435732695
E02466,Kolda,IEF045,IA12,0.7,0.8036427494500231,0,-1.432219330403182,0.7931107206711934,urbain,320,260,0.4319839696515007,112,148,3.8319757772496925,46.15363751562925,6,-0.6913159657366693,0.7845798317860846,0.282356465893899,-0.7090976878677255
E02467,Kaffrine,IEF041,IA10,0.55,-1.7249192939776967,1,0.31771647692565824,0.509614986270132,urbain,320,393,0.39440529441199645,155,238,3.645520899140465,38.30271950967849,10,-0.9299507924838513,0.6077897292180476,-0.5419914654228781,-0.7981694483645517
E02468,Dakar,IEF003,IA01,0.05,1.1358119908378483,0,-1.5898776485547115,0.03735264638416758,rural,180,259,0.5119462819553191,133,126,3.696462044498643,40.30445644088618,6,1.159046397331006,0.9380327957847383,-0.3318086948181279,0.6318526341365098
E02469,Dakar,IEF002,IA01,0.05,1.1358119908378483,0,-0.5868971362215678,0.07483499953935915,urbain,320,267,0.49256717029742214,132,135,3.615550569052259,37.171805938771136,7,0.8617499655919315,0.891435259628619,-0.6607376123026336,0.5172331979514935
E02470,Diourbel,IEF021,IA05,0.3,-1.961883486465059,0,0.10955641117140437,0.3775187336508491,rural,180,126,0.4045939233771478,51,75,4.106820952048883,60.75327268021326,2,-1.7948425637472836,0.6434390033953081,1.8153210232593178,-1.612881758895122
E02471,Dakar,IEF002,IA01,0.05,1.1358119908378483,0,-0.5868971362215678,0,urbain,320,602,0.4876111913149583,294,308,3.5026037242903945,33.20178781395099,18,1.1183346607547404,0.9209058787428762,-1.0775902944991622,0.9216876476862746
E02472,Matam,IEF051,IA14,0.65,0.361886464303974,0,0.10403354045954573,0.6718087485958956,rural,180,150,0.40951924452413335,61,89,4.06139002414925,58.05495280538432,3,-0.5586057761278075,0.7923904525626545,1.5319969068744328,-0.3334418450625133
E02473,Thiès,IEF016,IA04,0.15,1.0504362281327961,0,0.01909654917514469,0.14678480951814873,rural,180,230,0.5109781873300696,118,112,3.5967994832711265,36.48128842576327,6,0.753335984747829,0.8993566862172291,-0.7332420866780615,1.0947113460988915
E02474,Ziguinchor,IEF044,IA11,0.55,0.5436260064330518,1,-0.6339810327435095,0.5621091409001692,rural,180,205,0.4347068791633279,89,116,3.4839455418093213,32.58804625416668,6,-0.012125323423135534,0.7705844354109596,-1.1420332787193321,0.16764954692117473
E02475,Kolda,IEF046,IA12,0.7,0.8036427494500231,0,-0.3584819723018034,0.6579806083680748,urbain,320,422,0.46175791871299215,195,227,4.047335888618852,57.24474733504249,7,-0.0457295219789947,0.8081617372787218,1.4469251734909507,-0.6218699561675315
E02476,Tambacounda,IEF048,IA13,0.75,-0.5950300302811243,1,-1.2870708589133515,0.7521379012103857,urbain,320,582,0.3675699444707856,214,368,3.754475290714168,42.7118026503554,14,-1.3615919053539545,0.6629859004220855,-0.07903687039771547,-1.3100006850350732
E02477,Kolda,IEF047,IA12,0.7,0.8036427494500231,0,0.8692594740041972,0.68060712014092,urbain,320,350,0.45130866053427016,158,192,3.8499515166609832,46.990784906194044,7,-0.05260779039249239,0.769161546682378,0.3702571061879705,0.2209277496072774
E02478,Fatick,IEF036,IA09,0.4,1.508379536169013,1,1.1669515787289226,0.43413665968915743,urbain,320,330,0.48088950738739467,159,171,3.625216782651264,37.532858750371084,9,0.8229109855274253,0.8592580440158185,-0.622826996230357,0.7176562345723225
E02479,Thiès,IEF015,IA04,0.15,1.0504362281327961,0,-1.0960478553026407,0.1432825685153965,urbain,320,299,0.4892993009101689,146,153,3.670096675025863,39.255700722749964,8,-0.5644163126611138,0.8984344841778354,-0.4419282510339658,-0.263906644224039
E02480,Dakar,IEF009,IA03,0.05,0.46256507759004684,0,0.5687463271242291,0.05425808845695267,urbain,320,487,0.48477585883104574,236,251,3.548822501328202,34.772348977416236,14,0.5892208380677683,0.8673361480200765,-0.912681064122828,1.5949892587568977
E02481,Thiès,IEF016,IA04,0.15,1.0504362281327961,0,0.01909654917514469,0.09001786653561544,urbain,320,214,0.46537701190839353,100,114,3.7360035115577217,41.93008177930562,5,0.34903078154102507,0.8774747530107805,-0.1611177152656145,0.014168467681249741
E02482,Fatick,IEF038,IA09,0.4,1.508379536169013,1,-1.390946513569097,0.4088878880028768,urbain,320,346,0.44468231035800837,154,192,3.5662553646671196,35.38384516353188,10,1.041549067265217,0.886088987248136,-0.8484738445785086,1.0003361665075592
E02483,Louga,IEF035,IA08,0.45,-0.5589055756131087,0,0.9958108211774965,0.3430662761725853,rural,180,127,0.4277109835714486,54,73,3.9403325044826625,51.43570105866715,2,-0.5191005954241408,0.7025237695169124,0.8369741744837305,-0.283379168495816
E02484,Tambacounda,IEF050,IA13,0.75,-0.5950300302811243,1,-0.9304449072754517,0.6930993945580319,rural,180,119,0.415954596627912,49,70,3.8044360318274766,44.89992084492891,3,-0.96318968211375,0.6102793398315002,0.15071596943656457,-1.3680821518624946
E02485,Tambacounda,IEF049,IA13,0.75,-0.5950300302811243,1,0.10831608168981055,0.8382790781368037,rural,180,234,0.36873939785144594,86,148,3.599878106727028,36.59377363697334,6,-0.2438612872558067,0.6766839479094506,-0.7214311174265079,-0.23534208921526148
E02486,Diourbel,IEF024,IA05,0.3,-1.961883486465059,0,-2.89232139833262,0.32962192391876044,rural,180,373,0.36809885483868865,137,236,4.066713710957128,58.36484333994149,6,-1.460801360507595,0.5717310118993251,1.5645354738169512,-2.758446534376217
E02487,Diourbel,IEF021,IA05,0.3,-1.961883486465059,0,0.10955641117140437,0.3677720952752209,urbain,320,234,0.4080136475136952,95,139,3.9797827869806626,53.50541089331608,4,-1.4097443644269159,0.5834966190158668,1.0542941132890546,-1.247643610442851
E02488,Matam,IEF052,IA14,0.65,0.361886464303974,0,-0.6415822632825328,0.7181873127732099,rural,180,162,0.41351973656447283,67,95,4.045414641567361,57.13487161601,3,0.23857753473228163,0.7560949900047342,1.4353882014301393,-0.36486009832328176
E02489,Diourbel,IEF022,IA05,0.3,-1.961883486465059,0,-0.4134188533806319,0.2956905153749403,rural,180,341,0.3991415223377082,136,205,4.03391653617512,56.48169120540248,6,-1.7072334735506556,0.5274311209925995,1.3668041301339127,-1.9910386994065565
E02490,Louga,IEF033,IA08,0.45,-0.5589055756131087,0,-1.965905696172405,0.392187321726946,rural,180,196,0.40561625323043793,80,116,3.983487850817275,53.70401955797057,4,-0.27914562974779006,0.7676549032721327,1.0751480620534433,-1.3621434952681575
E02491,Thiès,IEF019,IA04,0.15,1.0504362281327961,0,0.4061865653228522,0.14760590696481854,urbain,320,108,0.5289382491923476,57,51,3.550729349271986,34.838717817096956,3,0.461576702076157,0.9101830422471796,-0.9057123229318963,1.0003925377169498
E02492,Kaolack,IEF032,IA07,0.3,0.7594385270695994,0,0.3376374748206235,0.19079400295328966,urbain,320,212,0.4836521743559626,103,109,3.740841609622676,42.133435151943964,5,-0.020596169248908957,0.8678465795078862,-0.13976557123180222,0.2905667233300171
E02493,Kédougou,IEF055,IA16,0.9,-0.4962851679537585,0,0.0755532240045896,0.9256938184764661,urbain,320,423,0.37833773948197585,160,263,4.170381767689631,64.74016309266526,7,-0.9278350241203579,0.6376255009562045,2.2339452989682687,-1.705690036054686
E02494,Diourbel,IEF021,IA05,0.3,-1.961883486465059,0,0.10955641117140437,0.28554832621653603,urbain,320,324,0.3884226311062055,126,198,4.06695940668851,58.37918509459471,6,-2.712232638379974,0.5800278628042039,1.5660413608700166,-2.7708057529639287
E02495,Matam,IEF052,IA14,0.65,0.361886464303974,0,-0.6415822632825328,0.6185205553198347,rural,180,185,0.40466817158901713,75,110,3.9870038767259337,53.89317662784457,3,0.41560445564628923,0.7671568806924679,1.0950095915110662,-0.5051951424332611
E02496,Dakar,IEF006,IA02,0.05,-0.6770804424361538,1,2.6676333910661167,0.01224685234657695,urbain,320,348,0.4696844333775824,163,185,3.5610658822519827,35.20069695450689,10,-0.4709173944333119,0.7716780640550164,-0.8677044424677859,1.0317327719163003
E02497,Louga,IEF033,IA08,0.45,-0.5589055756131087,0,-1.965905696172405,0.44787458521491835,urbain,320,250,0.4221681665667601,106,144,4.036964481425714,56.654106931225755,4,-0.6878778950034274,0.7492783445737633,1.3849078151808294,-1.244634772995927
E02498,Thiès,IEF019,IA04,0.15,1.0504362281327961,0,0.4061865653228522,0.2271860663008033,urbain,320,198,0.5073410878140093,100,98,3.6883512422787446,39.978877105764816,5,0.888585481794035,0.8626343115783534,-0.36599458889871234,0.9506606735756775
E02499,Ziguinchor,IEF044,IA11,0.55,0.5436260064330518,1,-0.6339810327435095,0.48933152512507894,rural,180,171,0.4448486599072569,76,95,3.60542970239757,36.797492431232115,5,0.16585525850918967,0.7703333746336793,-0.7000406040508389,-0.07997527593733689
E02500,Thiès,IEF014,IA04,0.15,1.0504362281327961,0,0.597248963746674,0.12468867982473901,urbain,320,372,0.507022884136636,189,183,3.686943756870585,39.92264700041297,9,0.8739163664917466,0.9092414565718828,-0.37189876099545094,0.9142858769063615
