eleve_id,atteint_seuil,theta_hat,milieu,langue_maison,genre,handicap,reform,g_ia,remoteness_s,ptr,att_school
S00001,0,-0.4682938556606302,urbain,français,H,0,0,-1.961883486465059,0.3622653303373413,61.03533984740864,0.6103130975362554
S00002,0,-2.1802024913369022,urbain,wolof,H,0,0,-0.5589055756131087,0.5073489228374313,49.87815684458967,0.7415979285710192
S00003,0,-0.3420298864964182,urbain,wolof,F,0,0,1.1358119908378483,0.11599231537874756,37.40371049973373,0.920824339874619
S00004,0,-1.2774995080246132,urbain,wolof,H,0,0,-0.09886818526410894,0.42663874671065144,46.738161925935415,0.7943510423041089
S00005,1,0.49232176599808375,urbain,wolof,F,0,0,1.1358119908378483,0.10769289424842315,40.79036661906394,0.8970668613229908
S00006,1,0.0547805667291178,rural,autre,F,0,0,-0.09886818526410894,0.4518139636692907,55.85886346524287,0.8073455243516109
S00007,0,-1.1000292244398968,rural,autre,H,0,1,0.5436260064330518,0.6442210778215918,38.1062700181156,0.7708041048029568
S00008,1,0.12647325415776844,rural,wolof,F,0,0,-0.09886818526410894,0.3220186864307178,49.268245264996715,0.7852900388763567
S00009,0,-0.3721641318850624,urbain,wolof,F,0,0,-1.961883486465059,0.2909117190985104,41.51350106378763,0.5930545692809281
S00010,1,0.3156526388554916,rural,wolof,H,0,1,1.508379536169013,0.4287447431146935,29.963220089903263,0.8588740274536606
S00011,1,0.03533328310189464,urbain,français,F,0,0,1.1358119908378483,0.10594117925400778,36.744940942744634,0.923204511992509
S00012,0,-0.7523232151522011,rural,autre,F,0,1,-1.7249192939776967,0.5097154429939734,42.66446478133298,0.5383350993105971
S00013,0,-0.7230835223185518,urbain,français,F,0,1,-0.5950300302811243,0.8160950993415477,41.76215687505671,0.5982593719085514
S00014,1,0.9241119411215317,urbain,français,H,0,1,-0.6770804424361538,0.00486743150751362,28.670932568860632,0.7965013603474164
S00015,1,0.11034125254904663,rural,wolof,H,0,0,-0.09886818526410894,0.3249096389746468,34.59397449715245,0.7701409770783559
S00016,1,0.029073090569270148,urbain,français,H,0,0,-0.5589055756131087,0.3579403924843355,55.74599275963066,0.7458161185151762
S00017,1,0.26003137865397513,rural,wolof,F,0,1,1.508379536169013,0.37111186039315336,27.1018635885065,0.8836802928464612
S00018,0,-1.0577090080509315,urbain,français,H,1,0,-0.09886818526410894,0.2564238461736586,59.872277676304854,0.8126381433249972
S00019,1,2.080455026203281,urbain,français,F,0,0,1.050436228132796,0.2049703681143306,38.948646491169555,0.8875445588682513
S00020,0,-0.5740393546748613,urbain,français,F,0,0,-0.09886818526410894,0.28134283669216975,40.07986723394349,0.72571693328516
S00021,0,-0.9489242497678,urbain,wolof,H,1,0,-0.09886818526410894,0.3437128755722031,41.495566816861135,0.8175306086367036
S00022,1,0.24675460265914093,urbain,autre,H,0,1,-0.6770804424361538,0,38.38756813193581,0.821725718040881
S00023,0,-1.4043530961293167,urbain,wolof,H,0,0,-1.961883486465059,0.2969100506288152,54.82962931442139,0.604942041732642
S00024,0,-0.0931444192656239,urbain,français,F,0,0,-0.5589055756131087,0.48452069301230694,63.861572154385755,0.7305278786394835
S00025,1,0.17853147667819158,urbain,wolof,H,0,0,0.4625650775900469,0.04398974111912341,47.42452795852671,0.8576744389153469
S00026,0,-1.386982644283539,rural,wolof,F,0,0,-0.4962851679537585,0.952723506796724,56.13922373776416,0.6789840689739323
S00027,1,2.139508369085869,urbain,français,F,0,1,-0.6770804424361538,0.01634701905894755,30.28384002833165,0.8041869225811339
S00028,0,-0.673318354262776,urbain,wolof,F,0,1,-0.5950300302811243,0.6649051546856647,45.809110042693405,0.6581162753644205
S00029,1,0.5542328426876352,urbain,français,F,0,0,0.8036427494500231,0.688352115879277,55.6236722860924,0.7254071080846825
S00030,1,0.8494106947101999,rural,wolof,H,0,0,0.7594385270695994,0.303984544980925,51.88147872792074,0.9244059690102492
S00031,0,-0.742966575796305,urbain,wolof,F,0,0,1.1358119908378483,0.09280830336837265,40.8404908347721,0.8942543108641501
S00032,1,1.0382773538640695,urbain,wolof,H,1,0,1.050436228132796,0.1970893196214375,39.69103274178491,0.8830965510633257
S00033,1,0.08303133035658924,rural,wolof,H,0,1,0.5436260064330518,0.5650546734970864,31.890128290654182,0.8049547418882033
S00034,1,0.4542589109409048,rural,wolof,F,0,0,0.8036427494500231,0.6885653927111028,63.90762684627665,0.7293802333665098
S00035,0,-0.07051414463896204,rural,français,F,0,0,-0.09886818526410894,0.34664311244575663,56.0823062329351,0.7959962035236433
S00036,0,-1.6829453385539657,urbain,wolof,F,1,0,-1.961883486465059,0.22479670656477457,49.13872820480784,0.5610522670944913
S00037,0,-2.1802024913369022,rural,autre,F,1,1,-0.5950300302811243,0.800264377709209,47.64286048559307,0.5144183556234754
S00038,1,1.5813894342560098,urbain,français,F,0,1,-0.6770804424361538,0.10085299530484455,33.67261854578183,0.8212895744720656
S00039,0,-0.5129506855502555,urbain,français,F,0,1,-0.5128143979953421,0.7441835259370875,45.20567089205976,0.6590187290729547
S00040,0,-1.103361267606242,rural,français,H,0,1,-1.7249192939776967,0.6242145799998959,44.589479194122795,0.4584045961230761
S00041,1,0.2643137798907654,urbain,wolof,H,0,0,1.1358119908378483,0.08902482977921179,37.950424991192136,0.9061044839689336
S00042,0,-0.1948959941236711,rural,wolof,H,0,0,-0.09886818526410894,0.27677541325591115,55.126082778048826,0.7316580482720554
S00043,1,0.4607314020950695,urbain,français,F,0,1,0.5436260064330518,0.5177011972465582,31.957311386472703,0.8365706081847106
S00044,0,-0.010317780038212666,urbain,wolof,F,0,1,1.508379536169013,0.4493789397980702,29.729154561003913,0.8587090567759078
S00045,0,-1.043867685862606,rural,français,F,0,0,-1.961883486465059,0.28360749852707773,50.74898851839103,0.6270103439111975
S00046,0,-1.3403537680533855,urbain,français,H,0,0,-1.961883486465059,0.22131999341551223,53.201373197533165,0.6409074780775559
S00047,1,0.45122429090916083,rural,autre,H,0,0,1.050436228132796,0.05463444857868534,31.244757837999092,0.8895546723824249
S00048,1,0.9696805669316505,rural,autre,F,0,1,-0.6770804424361538,0.1273963315080755,34.28872524074527,0.7794873696892797
S00049,1,1.6139073813788578,urbain,autre,F,0,0,1.1358119908378483,0,38.18255249415428,0.9344098049874596
S00050,0,-0.32346987025045393,urbain,français,F,0,1,-0.6770804424361538,0.08332851927269808,41.77376122017218,0.774757537334232
S00051,1,1.4028963591240062,rural,wolof,F,0,0,-0.09886818526410894,0.3570037853181537,50.15007584031891,0.8029831900535003
S00052,0,-1.8275421569609573,rural,autre,H,0,1,0.5436260064330518,0.6442210778215918,38.1062700181156,0.7708041048029568
S00053,1,0.6122180253525676,rural,français,H,0,1,1.508379536169013,0.45344772802413463,27.83192871208576,0.8806752392601351
S00054,1,0.2787885060177373,rural,français,F,0,0,0.361886464303974,0.6339757114947071,51.57689653741511,0.78546634713429
S00055,0,-0.3808998953015682,urbain,wolof,H,0,1,1.508379536169013,0.49311920824176186,33.12344409859635,0.872647373221816
S00056,1,0.8195134214991807,urbain,wolof,F,0,0,1.050436228132796,0.08489304563735717,42.115598017865544,0.9249514913375376
S00057,1,6.961276272267274e-4,urbain,wolof,F,1,1,0.5436260064330518,0.5446495129827179,37.48911422489989,0.8011604389250387
S00058,1,0.33082080424322313,urbain,wolof,H,0,0,0.4625650775900469,0.0094723395166836,48.26197306773243,0.8594775102806135
S00059,0,-0.8900719258841198,urbain,français,F,0,1,-0.5128143979953421,0.6539169886495473,51.91905028677418,0.6031200216241953
S00060,0,-0.35197359192005623,urbain,autre,H,0,0,1.050436228132796,0.06153838394641137,30.866185121525326,0.8886816680056123
S00061,0,-0.8483102990551511,urbain,français,F,0,0,0.361886464303974,0.6599538855270614,65.33193355096869,0.6842921233938523
S00062,1,0.5472368145500927,urbain,français,F,0,0,1.050436228132796,0.1223905434211006,35.90917805177576,0.9089858312448256
S00063,0,-0.991782250002374,rural,wolof,F,0,1,1.508379536169013,0.31679415578253944,30.290592516497615,0.9179523369546492
S00064,0,-0.01051191610518614,urbain,français,H,0,0,1.1358119908378483,0.01938131513768611,35.290413849086455,0.8866033764418076
S00065,1,0.9402543959845757,urbain,français,H,0,0,0.7594385270695994,0.30366452953099243,43.97502180472095,0.8160148611657174
S00066,0,-0.5956024165349648,rural,autre,H,1,1,0.5436260064330518,0.4545633629081942,40.05055628525654,0.7858530591603688
S00067,0,-0.32609799338459783,urbain,wolof,H,1,0,1.1358119908378483,0.05211217717435938,30.848762448448188,0.8918279586874283
S00068,1,0.6400108120371814,urbain,français,F,0,0,1.050436228132796,0.202780893208644,35.86923064333383,0.8538729690265794
S00069,1,0.43394022637262275,urbain,wolof,F,1,0,1.1358119908378483,0.03370998270814698,34.932222528771455,0.8931177061016025
S00070,0,-1.1880419642276454,urbain,wolof,F,0,0,-0.09886818526410894,0.4109151739031436,43.10536048407572,0.760945809849208
S00071,1,0.7198567482477911,urbain,français,F,0,0,1.1358119908378483,0.0122530388893069,34.23699428359266,0.9085883639370608
S00072,1,1.7042898304551601,urbain,wolof,H,0,0,0.4625650775900469,0.05252728211602112,37.31127904059993,0.8700738996911963
S00073,1,1.4081825377867634,urbain,français,H,0,0,1.1358119908378483,0.13298200652650732,43.59546192416508,0.9362713767907124
S00074,0,-0.22676579968089555,urbain,wolof,F,0,0,-0.5589055756131087,0.4471291603898131,47.01840381613688,0.71272218281898
S00075,1,0.45095536990010016,rural,autre,F,0,0,0.8036427494500231,0.7884440013398444,52.79960031440603,0.8201842540651807
S00076,1,0.08453066344718857,urbain,autre,F,0,1,0.5436260064330518,0.4998377932516244,33.50597451577394,0.7797890032964323
S00077,0,-0.9053149697887086,urbain,français,H,0,1,-1.7249192939776967,0.5658466650718773,39.349869923482274,0.5551838016821533
S00078,0,-0.6760342369251532,urbain,français,F,0,0,-0.5589055756131087,0.440284671711784,60.52892845006046,0.7045239493614508
S00079,0,-1.635291558751676,urbain,wolof,F,1,1,-1.7249192939776967,0.5997686359585962,46.39609745460071,0.6044671736216172
S00080,1,0.12681151238873614,urbain,français,H,0,0,1.050436228132796,0.07161191754592772,40.86255287300537,0.8982412483184014
S00081,0,-0.1516949781404851,urbain,autre,F,0,1,0.5436260064330518,0.5457821284374973,37.445332521744135,0.8004693994480241
S00082,1,0.37526894568990027,urbain,wolof,F,0,1,1.508379536169013,0.353533545960631,35.14239638141574,0.9043088322263934
S00083,0,-0.462388603677092,rural,autre,F,0,0,-0.09886818526410894,0.407196355479178,51.71366280882015,0.7987072675460203
S00084,1,0.8891452717398977,urbain,wolof,F,0,0,0.8036427494500231,0.6743470023017253,45.567952479144566,0.783950529215597
S00085,1,0.6661198234094318,urbain,wolof,F,0,0,0.4625650775900469,0.11345173956782947,43.64794209596414,0.857383616310707
S00086,0,-1.9869827456563838,rural,wolof,H,0,0,-1.961883486465059,0.37702014641353754,60.43186207511541,0.5300310049511278
S00087,1,0.530350100350878,rural,autre,F,0,0,-1.961883486465059,0.27662425684408215,52.29480189040191,0.4577169723390369
S00088,1,0.047929779045635945,rural,wolof,H,0,0,0.8036427494500231,0.7275681042060748,54.3284486746599,0.7332468181502593
S00089,0,-0.4343308341238273,urbain,autre,H,0,0,0.4625650775900469,0.0217292767763998,35.6052313086148,0.8900537496469474
S00090,1,0.40249838094594603,urbain,wolof,F,0,0,1.050436228132796,0.13064431148184252,37.85297657894345,0.9063324355744218
S00091,1,0.16560306372052747,urbain,français,H,1,0,0.361886464303974,0.5693974735253037,55.08814692077849,0.7601389088173831
S00092,1,1.91298346145506,urbain,français,F,0,0,1.1358119908378483,0.10639244178999709,32.5086780229398,0.9139077871661766
S00093,1,1.240697267718682,urbain,wolof,F,0,1,1.508379536169013,0.3863894979110183,26.90750817684863,0.8831766025770383
S00094,1,0.14899740045489476,urbain,wolof,H,0,0,1.1358119908378483,0,34.785544881915015,0.8932226213532541
S00095,0,-1.4007143088368688,rural,wolof,F,1,1,-0.5950300302811243,0.737346952384513,39.79303803171111,0.6819452072600267
S00096,0,-1.630289662823681,urbain,autre,F,1,0,0.4625650775900469,0.02844062319499572,45.5585406168821,0.8626964326507287
S00097,1,0.374308255422382,urbain,autre,F,0,0,1.050436228132796,0.2423755597295387,38.74734942660289,0.869444360761315
S00098,1,0.4576984409233806,urbain,français,F,0,1,-0.6770804424361538,0.08210607580816642,27.36382466663424,0.7891887631690232
S00099,0,-0.8706241997442781,rural,autre,F,0,0,-1.961883486465059,0.33631399617920427,63.892738300260895,0.5185103094048377
S00100,0,-0.6890298938422911,urbain,français,F,0,0,-1.961883486465059,0.3449060374620542,63.831258243263065,0.6069310201513235
S00101,0,-1.11815426105747,rural,wolof,F,1,0,0.7594385270695994,0.2339471542032034,46.446615188041086,0.8792283268114952
S00102,1,0.9052133031152855,urbain,wolof,H,0,0,1.1358119908378483,0.01718490262744878,33.7847433814995,0.9042700911819328
S00103,1,1.2414919027798066,urbain,français,H,0,1,1.508379536169013,0.42119702867938347,37.336496933606824,0.8835490323777798
S00104,1,0.807127432804132,rural,autre,H,0,0,0.7594385270695994,0.3485143643058187,44.71280424084274,0.8205688852469868
S00105,0,-1.0449286589537643,rural,autre,H,0,0,-0.4962851679537585,0.9126883362485196,72.87149441741664,0.5262942337538559
S00106,0,-0.182170472453212,rural,français,F,0,1,-0.5950300302811243,0.7588363306706271,48.08197856786637,0.6489777853728559
S00107,1,0.6781115811064362,urbain,français,H,0,0,0.7594385270695994,0.28058132962028515,43.243914129738634,0.8352124919598566
S00108,1,0.7160877593211241,urbain,français,F,0,0,0.8036427494500231,0.6682107305657168,49.01490431230757,0.7675666319787471
S00109,1,0.9117689821163507,rural,wolof,F,0,0,1.1358119908378483,0.06298054715224335,40.38854931983732,0.9327119742189984
S00110,0,-2.1283820167399363,urbain,français,F,0,1,-1.7249192939776967,0.5185703955532642,38.06293033530654,0.6008628287858951
S00111,1,0.8673921033300614,rural,français,H,0,0,0.4625650775900469,0.09888380225102042,39.17655970191469,0.8590759528287775
S00112,0,-0.555358424477236,rural,wolof,F,0,0,0.7594385270695994,0.29119769980263693,42.22179842575177,0.8577968999388788
S00113,1,0.03445846518569545,urbain,wolof,F,0,0,1.050436228132796,0.16467367564041102,48.52218082369571,0.926157743918354
S00114,1,1.0633201096291118,urbain,français,H,0,0,1.1358119908378483,0.02729399801385488,30.33045414591555,0.8982848707922529
S00115,1,0.8580967920174964,rural,français,H,0,0,0.361886464303974,0.6837848674921432,43.726328257961896,0.7391644251025575
S00116,0,-0.058442501513040895,urbain,français,H,0,0,-1.961883486465059,0.3628556700393351,60.57590751225646,0.5533449403199565
S00117,1,0.6462193216702375,urbain,français,F,1,0,1.050436228132796,0.11059929910817903,35.360761186324474,0.8956288155047737
S00118,0,-0.6368967392760986,rural,français,H,0,1,-0.5950300302811243,0.7301503197821059,55.7611253344545,0.6514888622175683
S00119,0,-0.5090696064094555,urbain,wolof,F,0,0,1.050436228132796,0.10746515387185795,34.32562313546777,0.8800598379060784
S00120,0,-0.6858815267315214,urbain,wolof,H,0,1,-0.6770804424361538,0.07724933256146016,28.895072339813517,0.75309609576546
S00121,0,-1.090534458216931,rural,wolof,H,0,1,0.5436260064330518,0.5611646185313106,32.10688071553205,0.8065090440798794
S00122,0,-0.5975813871659588,urbain,wolof,H,0,0,-1.961883486465059,0.2909117190985104,41.51350106378763,0.5930545692809281
S00123,1,0.7763900136666511,urbain,wolof,H,1,0,1.050436228132796,0.24091483197348543,37.524842285118446,0.8874065381347683
S00124,0,-0.10523186912026851,rural,wolof,H,0,0,-1.961883486465059,0.2528400977804746,61.50921480895146,0.5815109513577682
S00125,0,-0.7110874429057457,urbain,wolof,F,1,0,1.1358119908378483,0,34.90697989298477,0.9423560205316092
S00126,1,0.07511903654827652,urbain,wolof,F,0,0,0.7594385270695994,0.30366452953099243,43.97502180472095,0.8160148611657174
S00127,1,0.18962627483075994,urbain,wolof,H,0,0,0.4625650775900469,0.06737482179336748,34.98515474209876,0.8390466521461981
S00128,1,0.9319202342260541,rural,wolof,F,0,0,-1.961883486465059,0.32115569722059306,50.04120255608377,0.5690590411880396
S00129,0,-0.43044067558152604,urbain,wolof,F,0,1,-0.6770804424361538,0.06200327171789605,29.91935542437832,0.794600238561122
S00130,0,-2.112035898380929,rural,autre,F,1,0,0.8036427494500231,0.6446690690033866,42.42682067360561,0.7644957533082247
S00131,1,0.16531417387349348,rural,wolof,H,0,1,1.508379536169013,0.4642677130272612,34.90669422156211,0.8811317058016124
S00132,0,-1.084366473180007,rural,wolof,F,0,1,-0.5950300302811243,0.7037060219914563,40.32281532539724,0.6499261196239497
S00133,0,-1.025180016404941,rural,wolof,H,0,1,-0.5128143979953421,0.7275738440134243,52.24711747063121,0.5896252198084782
S00134,1,0.12631588886496906,urbain,autre,F,1,1,0.5436260064330518,0.5350591164798645,29.939917446326906,0.7565698307773575
S00135,0,-0.27651089055509115,rural,autre,F,0,1,-0.6770804424361538,0,29.655858226799133,0.7933290741048502
S00136,1,0.40617687826042104,rural,autre,F,1,0,-0.5589055756131087,0.4763853710211931,43.44764501902594,0.6963884890443334
S00137,0,-0.6910838100592169,urbain,français,H,0,0,0.7594385270695994,0.3106475814399292,41.40602974292151,0.8749353998856497
S00138,0,-1.1289270348402276,rural,autre,F,0,0,0.4625650775900469,0,34.055262714135694,0.8895285971296905
S00139,0,-0.6805930215510801,rural,wolof,H,0,1,-1.7249192939776967,0.551955396067324,59.89065291157119,0.5043310952306148
S00140,1,0.6116457410118311,urbain,français,F,0,1,1.508379536169013,0.3771660476637896,35.38632641906463,0.8841642365674504
S00141,1,0.12246598106047725,urbain,wolof,H,1,0,1.050436228132796,0.1005288429019716,38.05680495069495,0.8652976271138098
S00142,1,0.2780411088161295,urbain,autre,H,0,0,0.361886464303974,0.6093100857064748,56.353107345701694,0.7967565791802624
S00143,0,-0.17958600670666192,rural,wolof,F,0,0,-0.5589055756131087,0.44615400073766853,57.88705089729532,0.7140618743922766
S00144,0,-0.8903093464352,rural,wolof,H,1,1,-0.5950300302811243,0.8305852690979234,47.54099420547768,0.631253034078909
S00145,1,0.06715857391267999,urbain,français,H,0,0,1.1358119908378483,0.09280830336837265,40.8404908347721,0.8942543108641501
S00146,0,-0.30894544506945454,rural,français,H,0,1,-0.5950300302811243,0.7395160552435333,43.184649273209295,0.636091412365033
S00147,0,-0.1898489563489795,rural,wolof,H,0,0,0.361886464303974,0.7038999873039233,63.229068449350514,0.7619289270645905
S00148,0,-0.421656648981722,rural,wolof,F,0,0,1.050436228132796,0.13777009799029805,45.1877242544043,0.8442251949094073
S00149,1,1.027650409005329,urbain,wolof,F,0,0,0.4625650775900469,0.01186021400408979,35.56466820316681,0.8943317009473806
S00150,0,-0.28441657636451767,urbain,français,F,0,1,-0.6770804424361538,0,38.205165356568266,0.8370189095840534
S00151,1,0.6055648335401236,urbain,français,H,0,1,0.5436260064330518,0.5818475542242063,35.44379875741195,0.7900309272294013
S00152,0,-0.017060615986050895,rural,français,H,0,1,-1.7249192939776967,0.4806508391472959,48.03059654934325,0.602463903722576
S00153,0,-0.17406151038574375,rural,wolof,H,0,1,1.508379536169013,0.3482495907576312,36.04751343397107,0.8482489342689057
S00154,1,0.36383078356940973,urbain,wolof,H,0,0,0.361886464303974,0.6613286871636676,55.57293421505129,0.7612450401310005
S00155,1,0.11993281311216479,urbain,autre,F,0,1,1.508379536169013,0.3449367585643998,34.96689579368984,0.8983008557375368
S00156,0,-0.08179459157944029,urbain,français,H,0,0,0.361886464303974,0.6613286871636676,55.57293421505129,0.7612450401310005
S00157,1,0.26453308694556477,urbain,wolof,F,0,1,-0.6770804424361538,0.0103365236629891,29.784759731311432,0.8083669231582978
S00158,0,-0.46200203040572585,urbain,autre,H,0,0,0.7594385270695994,0.29019938698164033,33.94667681647653,0.8308525992560915
S00159,0,-0.9607549178290388,rural,wolof,H,0,1,-1.7249192939776967,0.5467529803313067,46.750564627742534,0.466513782084398
S00160,0,-1.4849193587294394,rural,autre,H,0,1,-0.5128143979953421,0.7087340744133033,43.14391235746936,0.6396977080485065
S00161,1,0.8255557441799483,urbain,français,F,0,0,1.050436228132796,0.11660116934063634,40.89920200972516,0.8945115864499911
S00162,0,-2.1283820167399363,urbain,français,H,0,1,-0.5950300302811243,0.7448677727981879,48.480303293347774,0.6780810394808774
S00163,1,1.1678123574878767,urbain,français,H,0,1,-0.6770804424361538,0,27.599529200549057,0.8273385628003539
S00164,0,-0.7167377420916974,rural,autre,H,0,0,-1.961883486465059,0.3683543940164816,67.91828918168653,0.5394876820017237
S00165,1,1.0865819445512772,urbain,wolof,F,0,0,-0.09886818526410894,0.2955973643528341,44.96935671583967,0.7896862061789698
S00166,1,0.3462804134510886,urbain,français,F,0,1,-0.6770804424361538,0,27.455173281690964,0.7711128003414461
S00167,0,-0.8369019920029018,urbain,wolof,F,0,1,-1.7249192939776967,0.5473843912264286,45.84860351351978,0.5691278079632875
S00168,0,-0.9747549444479855,urbain,français,F,0,0,-0.5589055756131087,0.4683316826043063,53.36023764604129,0.7599906683589428
S00169,0,-0.5980161193511393,rural,autre,F,0,0,0.8036427494500231,0.7313365692243997,52.689635710583254,0.7391564438516568
S00170,1,0.18603955108245035,rural,français,H,0,0,-0.09886818526410894,0.33789697915862704,44.613405359393454,0.7758162320356398
S00171,0,-1.6829453385539657,urbain,wolof,H,0,0,-1.961883486465059,0.37186614060667256,67.23871386774523,0.5130452966119196
S00172,1,1.2028108411324316,urbain,français,F,0,1,1.508379536169013,0.353533545960631,35.14239638141574,0.9043088322263934
S00173,0,-1.7023115614891886,rural,autre,F,0,0,-0.5589055756131087,0.5209906373305222,50.39942529333412,0.7091107796420166
S00174,0,-1.0287480265259172,urbain,wolof,F,0,0,1.1358119908378483,0,28.95963493000696,0.9201813474059491
S00175,1,0.4372855981853586,urbain,wolof,F,0,0,-0.09886818526410894,0.4109151739031436,43.10536048407572,0.760945809849208
S00176,0,-0.4638822765046966,rural,wolof,H,0,0,0.7594385270695994,0.3334836176678544,43.848174586138875,0.8487152404081715
S00177,1,0.24805920984017302,urbain,français,F,0,0,1.050436228132796,0.13391720211918137,37.49728403501799,0.9345420980559372
S00178,1,0.65601828036183,rural,français,F,0,0,-0.5589055756131087,0.4105092039259719,51.68445042520239,0.6493064890077912
S00179,0,-0.7304697177217572,urbain,français,H,0,0,-0.09886818526410894,0.3949257407395645,53.70973038004517,0.7858226952426486
S00180,1,0.9037659668079792,urbain,français,F,0,0,0.7594385270695994,0.27876378287884473,35.71083911185249,0.8393695754005116
S00181,1,1.8195980293498923,urbain,wolof,F,0,0,1.050436228132796,0.17175760645929805,42.50511721285873,0.90902365892611
S00182,1,1.0745938164594262,urbain,français,F,0,0,1.050436228132796,0.14793247297080783,37.961801432469066,0.9096490840110484
S00183,1,1.4485608508569925,urbain,wolof,F,0,0,1.050436228132796,0.11569705912542586,42.45666793745895,0.927676186198344
S00184,1,0.09874762252162606,urbain,wolof,F,0,0,0.8036427494500231,0.7313769417534077,45.297610646924014,0.7486772564940689
S00185,1,1.040055008067532,urbain,français,H,1,1,0.5436260064330518,0.5418958407041634,40.759895776182674,0.805043928106178
S00186,1,0.7282367207669569,urbain,français,H,0,0,-0.09886818526410894,0.39137782379546093,44.22234844185486,0.7873017231848803
S00187,1,1.2168501241120813,rural,autre,H,0,1,0.5436260064330518,0.5572219965411759,33.30003813130747,0.8093039298020196
S00188,0,-0.8701244752214653,rural,wolof,H,1,0,0.4625650775900469,0.07565033361620949,34.34993412397655,0.91600001296853
S00189,0,-1.4205642124017577,rural,autre,H,0,0,-0.09886818526410894,0.4031653661904316,55.47721156924476,0.7372935665940685
S00190,0,-0.03616298609002378,urbain,français,F,0,0,0.8036427494500231,0.698523700089971,44.026934472481734,0.78293076680191
S00191,1,1.2912086912846368,urbain,français,H,0,0,0.8036427494500231,0.63174275474609,43.0971391644685,0.8404574678638105
S00192,1,1.3523408378644926,urbain,français,F,0,0,1.050436228132796,0.10370363269518185,38.17329241113991,0.91084792647824
S00193,1,0.5357571110699502,urbain,wolof,F,0,0,0.4625650775900469,0.1097232270595343,43.87855357060233,0.8503164465557577
S00194,1,0.8940311627668884,urbain,wolof,H,0,0,0.7594385270695994,0.2879993211609043,51.24603835413899,0.882676716376019
S00195,0,-1.5309121792911717,rural,autre,H,0,0,-1.961883486465059,0.3330670695687381,56.51619850271008,0.6865730027420575
S00196,0,-0.24630053284172837,rural,wolof,H,0,1,1.508379536169013,0.35509694651025747,39.6393212130868,0.9033040606655108
S00197,1,0.10610951396437825,rural,autre,F,1,1,-0.5950300302811243,0.7757963722390464,44.69321990302045,0.6060310139725323
S00198,0,-0.37830310675594,urbain,wolof,H,0,1,-0.6770804424361538,0.06653333030898843,30.446273509913972,0.7759152614368132
S00199,0,-0.2213913511371094,urbain,wolof,H,0,0,-1.961883486465059,0.269935773913706,49.23035919870492,0.62112388075348
S00200,0,-0.8110973326310325,rural,wolof,H,1,0,0.8036427494500231,0.6837649971590773,49.46955545151002,0.7997868239273267
S00201,1,0.8283779027057641,urbain,français,F,0,0,1.1358119908378483,0.09110530087663264,37.71632683244901,0.9059607471608988
S00202,0,-0.7428718005647535,rural,wolof,H,0,0,-0.09886818526410894,0.4126707992216526,42.571325237929905,0.7290511321025426
S00203,0,-0.4416090731767888,rural,autre,H,1,0,-0.09886818526410894,0.309130777677664,44.11668854770289,0.7637424442256698
S00204,0,-1.0813470567022756,urbain,français,H,0,0,0.7594385270695994,0.3120446316163251,42.88533386111014,0.8776734954737184
S00205,1,1.5082413024454833,urbain,wolof,H,0,0,1.050436228132796,0.20324189696605635,45.37791077603961,0.8959114755941578
S00206,0,-0.5178993405304512,urbain,français,F,0,0,0.4625650775900469,0.08369510059738826,42.10465553895197,0.8469480457998662
S00207,1,0.3395765852243195,urbain,wolof,H,0,0,-0.09886818526410894,0.4683771657557099,48.7784216790548,0.7629777305658858
S00208,0,-0.25746642779407897,urbain,autre,F,1,1,1.508379536169013,0.35945421192888966,33.684825582057655,0.8822727579747351
S00209,0,-0.796995284548301,urbain,wolof,F,0,0,0.4625650775900469,0.01288415887780839,36.08778101914611,0.857610663728732
S00210,1,0.2649030788210409,urbain,français,F,0,0,0.7594385270695994,0.24588674980743896,46.06735962882914,0.8866151943013021
S00211,0,-0.3020006379950181,rural,wolof,H,0,1,0.5436260064330518,0.5190340047075728,37.9041727398179,0.785598621735268
S00212,0,-0.4643410951354123,urbain,français,H,0,0,-1.961883486465059,0.33029568787007924,66.9075790052246,0.5639432977471788
S00213,0,-2.2208863335450304,rural,autre,H,0,1,-0.5950300302811243,0.7301825710139002,50.38454667428227,0.5260262946744185
S00214,1,0.47056739533953085,urbain,français,F,0,1,0.5436260064330518,0.5382826718918078,38.784374533724694,0.8452592922549564
S00215,0,-1.4877323526921826,rural,autre,H,0,1,-1.7249192939776967,0.5225404870355036,51.64990184717353,0.6110382859951563
S00216,0,-0.1264980369845639,urbain,wolof,H,0,1,-1.7249192939776967,0.509614986270132,38.30271950967849,0.6077897292180476
S00217,0,-0.6377607265116464,rural,wolof,F,0,1,-0.5950300302811243,0.7687586192182965,47.02834632825955,0.680496677095124
S00218,0,-0.5567310636732443,urbain,wolof,F,0,0,1.1358119908378483,0.05020426957853905,35.18549677185941,0.931545087239084
S00219,0,-0.7814903700139947,urbain,français,H,0,1,-0.5950300302811243,0.716186858224243,47.640213500346746,0.5904288031125708
S00220,0,-1.257732087743307,urbain,wolof,H,0,0,-0.5589055756131087,0.4965850514117134,57.55582831246831,0.6866926471067419
S00221,0,-0.2833856174249659,rural,autre,F,0,1,0.5436260064330518,0.6212311287251353,34.63701205723775,0.7799988105679854
S00222,0,-0.7122056229319584,urbain,autre,H,0,1,-0.6770804424361538,0.11629564613864413,38.56806819496444,0.7928435238897846
S00223,0,-0.2763375536099655,urbain,français,F,0,0,-0.5589055756131087,0.4513514231843929,61.61859413018886,0.6882117357973874
S00224,0,-0.37874824681084474,urbain,wolof,F,0,0,1.050436228132796,0.1852793003239873,32.0376238831347,0.8623435084463661
S00225,1,0.5779325670543021,urbain,français,F,0,0,1.1358119908378483,0.120144540452139,39.29931361247099,0.8790955596536709
S00226,1,0.08900201377752127,urbain,wolof,H,1,0,0.8036427494500231,0.7020780085173379,51.45271871615754,0.737337152321764
S00227,0,-0.5003647925209993,urbain,wolof,F,0,0,0.4625650775900469,0.06585444382398234,38.65246861973917,0.8669442286362261
S00228,0,-0.007102711219813324,urbain,français,H,0,0,-0.09886818526410894,0.37489144449075873,47.34152211159565,0.7595852696051935
S00229,1,0.35525619516417384,urbain,français,F,0,1,1.508379536169013,0.4859675503469635,29.201330132357604,0.8644402364405188
S00230,0,-0.6975702785485941,urbain,autre,F,0,0,0.4625650775900469,0.1092073544453794,39.84240853878208,0.8833195897043277
S00231,1,1.6844445406915642,rural,wolof,F,0,0,1.050436228132796,0.2118340301105684,31.470213273971005,0.8745273519279092
S00232,0,-6.462914776513152e-4,urbain,wolof,H,0,0,0.7594385270695994,0.16489143695873384,46.60030298995045,0.8529116993859152
S00233,1,0.6472959007918256,urbain,wolof,H,0,1,1.508379536169013,0.39919080940252544,37.74224897932024,0.9018131588185052
S00234,0,-0.7645278913626055,urbain,wolof,H,0,0,0.8036427494500231,0.7231886702526429,42.730266191129765,0.7503597970899686
S00235,1,0.12965916760794918,urbain,wolof,H,0,1,0.5436260064330518,0.5457821284374973,37.445332521744135,0.8004693994480241
S00236,1,0.24335932066428195,urbain,wolof,H,0,0,1.050436228132796,0.19120184555409536,38.31320663503194,0.8832877001742141
S00237,0,-0.7359345431530594,urbain,autre,H,0,0,-0.09886818526410894,0.36913935856152263,51.43746094249682,0.7946706188602147
S00238,0,-0.7872741680527934,urbain,français,F,0,0,-1.961883486465059,0.3795813717663432,57.685934650437304,0.5931685617998727
S00239,1,1.872776620573736,urbain,français,F,0,0,1.050436228132796,0.1533335706466556,42.935767264655034,0.9297775249086896
S00240,0,-0.10262487312763928,urbain,français,F,0,0,1.050436228132796,0.05655780813811711,42.613830411721665,0.888224589500877
S00241,1,1.045385067443033,rural,autre,H,0,1,0.5436260064330518,0.4872567344509323,39.80839381084623,0.7974764127074507
S00242,1,1.2373962967086203,urbain,français,H,0,0,0.4625650775900469,0.05123158999373945,37.31749974201561,0.8864156989674343
S00243,1,1.5837559261117964,urbain,français,F,0,0,0.7594385270695994,0.26025762195437435,35.00352048789617,0.8713884835267558
S00244,1,0.6599251824624303,urbain,français,H,0,0,1.1358119908378483,0.02867132458095811,30.57587474767061,0.9204022875035376
S00245,0,-0.2280787683033435,urbain,français,F,0,0,0.4625650775900469,0.01288415887780839,36.08778101914611,0.857610663728732
S00246,0,-0.4271734589620994,rural,français,F,0,0,-1.961883486465059,0.3013368820878369,60.38964693635776,0.6484200403355493
S00247,1,0.7680751591759657,urbain,français,F,0,1,-0.6770804424361538,0.05744458120262127,34.15753421786027,0.7888155883007357
S00248,0,-0.05146047104723554,rural,wolof,H,0,0,-1.961883486465059,0.33631399617920427,63.892738300260895,0.5185103094048377
S00249,0,-1.1568955209719127,urbain,wolof,F,0,1,-1.7249192939776967,0.509614986270132,38.30271950967849,0.6077897292180476
S00250,1,0.5589291058404888,urbain,français,F,0,1,0.5436260064330518,0.5537798083502277,35.20232156661289,0.7930435237298572
S00251,0,-0.17254672570711496,urbain,wolof,F,0,0,0.7594385270695994,0.2714316716055994,43.159517193501145,0.8496152265988243
S00252,0,-0.07374340475482655,urbain,autre,F,0,0,0.4625650775900469,0,34.99315645008148,0.8532776799241897
S00253,1,0.648735071814276,urbain,français,H,0,1,-0.5950300302811243,0.7368596492919013,44.751840424350625,0.6970103588407272
S00254,0,-0.25267726454516315,rural,français,H,0,0,-1.961883486465059,0.29189526197280896,56.25034512759632,0.3901889048360628
S00255,0,-1.5852775061329414,rural,wolof,H,1,1,-0.5950300302811243,0.7995148411740067,51.78119048402212,0.6126613295286346
S00256,1,1.6168800418870368,urbain,wolof,H,0,1,-0.6770804424361538,0.04092169456835735,38.58997979991758,0.7381929927916119
S00257,1,1.7808904967082,urbain,français,F,0,1,1.508379536169013,0.4392112577863927,26.786766927027692,0.876404882081804
S00258,1,1.0412116626222836,urbain,français,F,0,1,-0.6770804424361538,0.01224685234657695,35.20069695450689,0.7716780640550164
S00259,1,0.40082710585016806,urbain,wolof,F,1,0,0.7594385270695994,0.3249980447182832,38.70427676440039,0.8638872168880862
S00260,0,-0.043849491517068157,urbain,autre,H,0,1,-0.5128143979953421,0.6451268295459034,31.376590262743964,0.681264645071892
S00261,0,-0.17285408421765708,rural,français,H,0,1,-0.5950300302811243,0.7595631357435665,37.25024183942765,0.5599362253029087
S00262,0,-1.0962259178910994,urbain,français,F,0,1,1.508379536169013,0.3822000016361767,31.121976147126297,0.9087835398339336
S00263,1,0.2828948309279512,urbain,français,H,0,0,-0.09886818526410894,0.36989746386826766,45.37000270849182,0.7509652802160205
S00264,1,0.28082172947981676,urbain,autre,H,0,0,-1.961883486465059,0.36567538049880466,61.985429433135835,0.6512237347695897
S00265,0,-0.43141558014965337,urbain,français,F,0,0,-0.5589055756131087,0.451999429890897,49.61562873396254,0.7239608805855219
S00266,0,-0.31509025263551177,urbain,français,F,0,1,1.508379536169013,0.4312964124231685,26.773210765235067,0.8611151943673121
S00267,0,-1.649092290070409,rural,wolof,F,1,0,0.8036427494500231,0.6742422524876627,45.26954935781289,0.7362858659634595
S00268,1,0.3997401263475969,rural,wolof,H,0,0,0.361886464303974,0.6640732551646795,49.78398262888806,0.654073500760988
S00269,0,-0.40693622488252895,rural,autre,H,1,0,-0.5589055756131087,0.477948712962453,42.63462886619914,0.670729816457602
S00270,0,-1.0296967324385968,urbain,français,F,0,0,-0.5589055756131087,0.48825554386684666,49.43005147182041,0.6729333700849452
S00271,0,-0.10134599016758708,rural,français,F,0,1,1.508379536169013,0.4319850712455265,35.19945072565116,0.8637014661378101
S00272,1,0.16144153045387852,rural,autre,H,0,1,1.508379536169013,0.4826876022920775,29.83138878535108,0.9170129405081984
S00273,0,-1.4003522462111075,urbain,wolof,H,0,0,-0.09886818526410894,0.39137782379546093,44.22234844185486,0.7873017231848803
S00274,1,0.6001508991286068,urbain,wolof,H,0,1,0.5436260064330518,0.5233424487102232,35.95816719080331,0.7685565864901861
S00275,0,-0.5027725769237273,urbain,autre,F,0,0,-0.09886818526410894,0.4325439926434064,49.027352171747985,0.7877361729863651
S00276,1,0.8496427580447634,urbain,français,F,0,0,1.050436228132796,0.12979280129021556,41.68261713522689,0.9015183315354612
S00277,0,-0.0500164856147835,urbain,français,F,0,0,-1.961883486465059,0.2946446853291991,44.5959622689282,0.6515563640870818
S00278,0,-1.1174452168225708,urbain,autre,F,0,0,1.1358119908378483,0.07649366889539598,32.29184751103143,0.9153781592228476
S00279,1,0.3797026111890467,urbain,français,F,0,0,1.1358119908378483,0.10769289424842315,40.79036661906394,0.8970668613229908
S00280,1,1.0074612101259768,rural,wolof,H,0,0,0.8036427494500231,0.7834983103425105,51.349344071578486,0.8083213919759448
S00281,0,-0.04962872259188793,urbain,français,H,1,0,-0.09886818526410894,0.3653543226208751,41.050438026139105,0.7769738405493781
S00282,1,0.08584221685833038,urbain,wolof,F,0,1,0.5436260064330518,0.4998377932516244,33.50597451577394,0.7797890032964323
S00283,1,0.812220730758825,urbain,français,H,0,0,1.1358119908378483,0.07201266338752471,41.76816077143502,0.9297611195526676
S00284,0,-1.4308254792417847,urbain,wolof,H,0,0,-0.09886818526410894,0.3010474986111384,59.084192668943466,0.7254304802242934
S00285,1,0.7549697116423367,urbain,français,H,1,0,1.050436228132796,0.09484957882986328,45.836703544802646,0.897469593042921
S00286,1,1.5281359225215452,urbain,français,H,0,0,1.050436228132796,0.14793247297080783,37.961801432469066,0.9096490840110484
S00287,0,-0.08340798308730508,urbain,français,F,0,0,-0.09886818526410894,0.31846638376824216,49.04949511574944,0.7202425912354595
S00288,1,0.5497642840167516,rural,wolof,H,0,0,1.050436228132796,0.2807200529908791,34.85430589301327,0.9017891099033282
S00289,0,-0.11324304579083265,rural,wolof,F,0,1,-0.5950300302811243,0.7299353614230987,40.71038696262664,0.5997318471125292
S00290,0,-0.13272613369932962,urbain,autre,F,0,0,-0.5589055756131087,0.440284671711784,60.52892845006046,0.7045239493614508
S00292,0,-1.052896278349002,urbain,wolof,H,0,0,0.4625650775900469,0.0157433971635118,36.06609633065623,0.8577485918334296
S00293,1,0.108636746361872,urbain,français,F,0,0,1.050436228132796,0.20473868853492028,37.33396110707507,0.8336494234562227
S00294,0,-0.5129126568167524,urbain,autre,H,0,0,0.8036427494500231,0.6579806083680748,57.24474733504249,0.8081617372787218
S00295,0,-0.5450915167213445,urbain,wolof,H,0,0,-1.961883486465059,0.25316592528245385,56.61602831016353,0.5220697982364697
S00296,0,-0.6565166624705973,rural,wolof,H,0,0,0.8036427494500231,0.6217385017425454,56.18402392270403,0.728214227218772
S00297,1,0.5540610005904907,urbain,français,H,0,0,0.4625650775900469,0.08301894548712856,34.49657204856076,0.8885311056571958
S00298,0,-0.7133886629629479,urbain,autre,H,0,0,0.7594385270695994,0.2633925371862251,46.8204797548441,0.8527212192081998
S00299,1,1.068682441419636,urbain,français,H,1,1,-0.6770804424361538,0.09117926038642868,29.518016485582724,0.7549047635900304
S00300,1,0.32420843463825605,rural,wolof,H,0,0,0.361886464303974,0.5763966884621541,48.954846636615336,0.7481197843349316
S00301,0,-0.7624596643276278,rural,wolof,H,0,0,-0.5589055756131087,0.44615400073766853,57.88705089729532,0.7140618743922766
S00302,0,-0.9315010685687775,urbain,français,H,0,0,-1.961883486465059,0.31982545773418974,69.78967611967293,0.5613377521255276
S00303,1,0.35797768302577165,urbain,wolof,H,0,0,1.050436228132796,0.17887307145518858,39.38898251632787,0.9193630091089467
S00304,0,-1.204174295734533,urbain,français,F,0,0,-1.961883486465059,0.2946446853291991,44.5959622689282,0.6515563640870818
S00305,1,0.18670866003708098,urbain,wolof,F,0,1,-0.6770804424361538,0.02632523199199268,31.27154929656493,0.8197409240956594
S00306,1,1.3695711460039852,urbain,français,F,0,1,-0.6770804424361538,0.01224685234657695,35.20069695450689,0.7716780640550164
S00307,0,-0.4815561054969294,rural,wolof,F,0,1,0.5436260064330518,0.6173698632657666,43.31679667384671,0.7223320002019805
S00308,0,-0.5910709963450738,rural,wolof,H,0,0,-0.5589055756131087,0.4829326207258688,47.13639099346791,0.6497671285819725
S00309,1,2.124015314475482,urbain,français,H,0,0,0.7594385270695994,0.26025762195437435,35.00352048789617,0.8713884835267558
S00310,1,0.923789484742307,urbain,wolof,F,0,0,-0.5589055756131087,0.435516646257339,45.334026363575006,0.6992934033502859
S00311,1,0.9922453440973549,urbain,wolof,H,0,0,1.1358119908378483,0.00959004311372944,37.74435202255409,0.8950457704151109
S00312,1,0.07974668105601829,urbain,wolof,H,0,0,1.050436228132796,0.12979280129021556,41.68261713522689,0.9015183315354612
S00313,0,-1.1142646409521881,urbain,autre,F,0,1,-0.6770804424361538,0.07279238406316751,27.21539369492319,0.8216327664278069
S00315,1,0.09417769887880015,urbain,français,F,0,0,1.1358119908378483,0.038399227288391,44.27482688548109,0.8672431746010503
S00316,1,2.1369360205040895,urbain,français,H,0,0,1.050436228132796,0.13881575065287097,37.04737701951217,0.8827006408291679
S00317,0,-0.7225298135708591,urbain,wolof,F,0,0,-1.961883486465059,0.3309676114406315,59.16695105398159,0.5527271957799679
S00318,1,0.5790308491803428,urbain,wolof,H,0,0,1.1358119908378483,0.08566427484569,40.49770234782585,0.857056277350151
S00319,0,-0.2919114063302023,rural,autre,H,0,0,1.1358119908378483,0,40.928671252565636,0.872724766548522
S00320,1,0.5950325064913321,urbain,wolof,F,0,1,1.508379536169013,0.36323962681108657,31.321188249998436,0.8727234695129688
S00321,0,-0.44942959504460966,rural,français,F,0,0,-1.961883486465059,0.32962192391876044,58.36484333994149,0.5717310118993251
S00322,0,-1.235362881524605,urbain,français,H,0,0,-1.961883486465059,0.23525115587490625,46.92310080404454,0.6282789901777008
S00323,1,0.42871505754696865,urbain,français,F,0,0,0.4625650775900469,0.01288415887780839,36.08778101914611,0.857610663728732
S00324,0,-1.340401064763997,urbain,français,F,1,1,-0.5950300302811243,0.6649051546856647,45.809110042693405,0.6581162753644205
S00325,1,0.9201751016371823,urbain,français,H,0,0,0.4625650775900469,0.03038060300222577,33.997042240361594,0.8593551496185631
S00326,0,-1.923533977975436,rural,autre,H,0,0,-0.4962851679537585,0.8907379755010497,57.5742217832861,0.6156366518000792
S00327,0,-0.1004239979003934,urbain,wolof,H,0,0,0.7594385270695994,0.29019938698164033,33.94667681647653,0.8308525992560915
S00328,1,0.8598240564474168,urbain,wolof,F,0,0,1.050436228132796,0.08428171329992282,44.07046509400173,0.9211272502080656
S00329,0,-0.14545931190096395,rural,wolof,H,0,0,1.1358119908378483,0.03599576802999888,40.5295131322837,0.907967446005627
S00330,1,0.5612330627362201,rural,wolof,F,0,0,1.1358119908378483,0.12996824454272454,37.218432989217895,0.9165317177568008
S00331,1,1.1607699412537598,urbain,autre,H,0,0,1.050436228132796,0.13139409749706765,38.562150606168686,0.9029110424602688
S00332,1,0.36652716802565066,rural,wolof,H,0,0,-0.09886818526410894,0.3784343689115359,55.914598428222746,0.8011083792629332
S00333,1,0.625047033702334,rural,wolof,H,0,1,-0.6770804424361538,0,23.875503623287273,0.8144040963432531
S00334,0,-0.7062324247053839,rural,autre,H,0,1,-0.5128143979953421,0.7000277107415978,43.6182847952891,0.7671319718001478
S00335,0,-1.0423177976026734,urbain,wolof,H,1,0,1.1358119908378483,0.08052820297260502,42.99613536272452,0.8973369449148383
S00336,1,0.5359840989871878,urbain,wolof,H,0,0,1.1358119908378483,0.00401907711390821,39.78971355289451,0.9254820546096468
S00337,0,-0.13207493306234974,urbain,wolof,F,0,0,1.050436228132796,0.13411353765455783,35.11264527975102,0.8762780217478963
S00338,1,1.6553629518013058,urbain,français,F,0,1,-0.6770804424361538,0.02017297436512773,28.125217710233503,0.7890406324413853
S00339,0,-1.4013330724143862,urbain,wolof,F,0,0,1.050436228132796,0.1936994294768704,33.938259784792635,0.8943041739433076
S00340,0,-0.5939274817280209,urbain,français,F,0,1,-1.7249192939776967,0.5933925573844592,51.53596843707267,0.54235165544803
S00341,0,-0.8694341035142583,urbain,wolof,F,1,1,1.508379536169013,0.353533545960631,35.14239638141574,0.9043088322263934
S00342,0,-0.3304241395680095,rural,wolof,F,0,0,0.7594385270695994,0.3824951880438801,37.20089611170046,0.8084655270348282
S00343,1,0.5445678259278598,urbain,français,H,0,0,1.050436228132796,0.13356374156502843,32.37840539663905,0.8667083158320132
S00344,1,0.20867366959031486,rural,wolof,H,0,1,-0.6770804424361538,0.12499199536832824,39.436403838994494,0.744079400159963
S00345,1,0.6998484675988381,urbain,wolof,F,0,1,-0.6770804424361538,0,36.31808543467898,0.8124818160742953
S00346,0,-0.9395960354361474,urbain,français,F,0,0,0.4625650775900469,0.05123158999373945,37.31749974201561,0.8864156989674343
S00347,1,0.7768257951262475,urbain,français,F,0,0,1.1358119908378483,0.02489424271576206,35.02244201302952,0.912915005657086
S00348,0,-2.125502679483723,rural,autre,F,0,1,1.508379536169013,0.4642395435766431,35.282136398688685,0.9190853472182592
S00349,1,0.07088007332252994,rural,wolof,H,0,0,0.7594385270695994,0.31637417331357903,44.871726634648255,0.8613233404679145
S00350,1,0.5051829090493033,urbain,français,H,0,1,0.5436260064330518,0.5357159674391783,37.73471850328863,0.7565641018388011
S00351,0,-0.3947904966339088,urbain,français,H,0,0,1.050436228132796,0.20016984725960207,42.088944717770126,0.879816214892787
S00352,0,-0.19093326565633914,urbain,français,H,1,0,1.050436228132796,0.10245938854655276,37.5736646000441,0.8916354282900576
S00353,0,-0.6420842262735437,urbain,français,H,0,1,0.5436260064330518,0.5759169226165542,38.26967253035326,0.724684029996459
S00354,0,-0.8474176929335483,urbain,français,F,0,0,0.4625650775900469,0.1730717986854836,36.95160722262869,0.8751074909184763
S00355,0,-0.5623175063741571,urbain,français,F,0,0,1.050436228132796,0.11660116934063634,40.89920200972516,0.8945115864499911
S00356,1,0.925731769756646,urbain,français,H,0,0,0.361886464303974,0.6519067217755175,54.63195985256164,0.7515349340276319
S00357,1,0.11704407359869855,urbain,français,F,0,0,1.050436228132796,0.1682371952975482,43.133526602826485,0.8882146838114701
S00358,0,-1.2525489422966243,rural,wolof,H,0,0,-1.961883486465059,0.311778106065222,63.20206008445516,0.5561003668307453
S00359,0,-1.2105325444999513,rural,wolof,F,0,1,-1.7249192939776967,0.5358611550801538,46.128014712884664,0.5191945184129112
S00360,0,-1.2705870792625842,rural,wolof,H,0,0,1.050436228132796,0.2153502239528604,46.29600772902761,0.8686861334170258
S00361,1,1.0050272592302192,rural,français,H,0,1,1.508379536169013,0.4319850712455265,35.19945072565116,0.8637014661378101
S00362,1,0.9090301023635514,urbain,wolof,F,0,0,1.050436228132796,0.19623539366619625,41.293362346220434,0.9095921566060328
S00363,1,0.8198201220944968,urbain,français,H,0,0,0.7594385270695994,0.34215633248804334,40.54023868072863,0.8925797029045878
S00364,0,-1.4580156031879001,urbain,français,F,1,1,-1.7249192939776967,0.574814192259649,44.17652585001945,0.5244174945620722
S00365,0,-0.13745409330212593,urbain,français,H,0,0,1.050436228132796,0.08138029012365246,36.54240567477368,0.8820744080582065
S00366,1,1.9656551137625766,urbain,français,F,0,1,-0.6770804424361538,0.12042602523262225,35.96175270356906,0.7697536358776546
S00367,0,-0.3756696819729077,rural,wolof,H,0,0,0.8036427494500231,0.7884440013398444,52.79960031440603,0.8201842540651807
S00368,1,0.09927943679133,urbain,wolof,H,0,0,0.8036427494500231,0.6336833346661503,44.94109311710871,0.782386871573919
S00369,1,0.1920228617437771,urbain,français,F,0,0,1.050436228132796,0.14751525248359043,45.092067860207386,0.8855878477788289
S00370,0,-0.7284075154378907,urbain,autre,H,0,0,0.8036427494500231,0.6987714007033501,61.39269948055817,0.7852944237736004
S00371,0,-0.5486329553368955,urbain,français,F,0,0,0.7594385270695994,0.32762380266016927,44.459884763674395,0.8317460287626075
S00372,0,-0.582175817702645,urbain,wolof,H,0,0,1.050436228132796,0.07907740432682488,33.55832722081962,0.919839853351751
S00373,0,-0.2581356345707083,urbain,français,F,0,1,-0.5950300302811243,0.7247426792333622,52.60850130737998,0.6443234480357964
S00374,1,1.1649256484562087,urbain,français,F,0,1,1.508379536169013,0.43413665968915743,37.53285875037109,0.8592580440158185
S00375,1,1.4594520110069265,urbain,wolof,H,0,0,1.050436228132796,0.10245938854655276,37.5736646000441,0.8916354282900576
S00376,1,0.16673333718266295,urbain,français,F,0,0,0.8036427494500231,0.698523700089971,44.026934472481734,0.78293076680191
S00377,0,-0.022613313070016634,urbain,français,F,1,1,0.5436260064330518,0.5454833256822641,37.82384666067629,0.7815273852766235
S00378,0,-0.07999096101759758,rural,autre,H,0,1,-0.5128143979953421,0.722848690516871,38.89133051324475,0.5860052940089935
S00379,0,-1.0384906921930628,rural,wolof,F,0,0,0.8036427494500231,0.7088209291407327,56.18061460256952,0.79757855872382
S00380,0,-0.2449303401951373,urbain,autre,F,0,0,1.1358119908378483,0.15130776808919405,43.265232977626326,0.8958177890520277
S00381,0,-0.915142849748146,urbain,wolof,H,0,0,-0.5589055756131087,0.5437356330506131,57.992496073202815,0.7611497315654971
S00382,1,0.3578460039681732,urbain,français,H,0,1,0.5436260064330518,0.5759169226165542,38.26967253035326,0.724684029996459
S00383,0,-0.12006091676926808,urbain,français,H,0,1,-0.6770804424361538,0.0018119970959371,36.7096990938463,0.779868462366435
S00384,1,0.01916366414818463,urbain,français,F,0,0,1.1358119908378483,0.01935658604978007,39.53630531558369,0.9111137587472772
S00385,0,-0.5064048788287844,urbain,français,H,0,1,-1.7249192939776967,0.39857054045992146,37.63386315938075,0.573243914154867
S00386,1,0.6990018932096739,urbain,wolof,F,0,1,1.508379536169013,0.3469356114709403,31.303442401832495,0.8697732753833336
S00387,0,-1.6785329853568496,urbain,wolof,H,0,0,-1.961883486465059,0.2909117190985104,41.51350106378763,0.5930545692809281
S00388,1,1.5482540272915404,urbain,français,H,0,1,-0.6770804424361538,0.02518253428400573,36.77709860050821,0.8043141720319908
S00389,0,-0.5385037519105905,urbain,français,F,0,0,-0.09886818526410894,0.39137782379546093,44.22234844185486,0.7873017231848803
S00390,0,-1.3978894024035389,rural,wolof,H,0,0,-1.961883486465059,0.4244948064891009,63.36940562834872,0.5604929862243752
S00391,0,-0.4071684071164981,urbain,français,F,0,0,-0.09886818526410894,0.39137782379546093,44.22234844185486,0.7873017231848803
S00392,0,-1.2138654860172464,urbain,wolof,F,0,0,-1.961883486465059,0.27830376688489394,72.181945968575,0.5657404106368903
S00393,1,2.1957754186306198,urbain,wolof,H,0,0,1.1358119908378483,0,36.15685149812517,0.9123428197178384
S00394,0,-0.16112887107127177,rural,français,F,0,0,0.361886464303974,0.6288899151198466,52.96881209501763,0.7856293426314425
S00395,0,-0.6535828091668037,urbain,wolof,F,1,0,-0.4962851679537585,0.925693818476466,64.74016309266526,0.6376255009562045
S00396,0,-2.1283820167399363,urbain,wolof,F,1,1,-1.7249192939776967,0.5318307646510809,60.18182964400687,0.508709826657435
S00397,1,0.6332180947439716,urbain,autre,H,0,0,1.050436228132796,0.25204061076730644,32.37189397838651,0.8736865824702973
S00398,1,1.1858663749929665,urbain,wolof,H,0,1,0.5436260064330518,0.5634905033123634,34.169347103329216,0.8094161309905927
S00399,1,1.802582001566841,urbain,wolof,F,0,1,1.508379536169013,0.4134935553305346,23.79357144077665,0.8525810180370664
S00400,1,0.6471590470774153,urbain,wolof,H,0,0,1.050436228132796,0.1419488621203619,39.06416785135383,0.909394657061946
S00401,1,1.0936396224960796,urbain,autre,H,0,0,-0.09886818526410894,0.3498165422705039,51.5818403019186,0.7389700443640549
S00402,0,-0.18122238204280036,urbain,français,F,0,0,1.050436228132796,0.11746974309401968,39.21498638950245,0.8859055765873971
S00403,0,-0.24871561334927692,rural,wolof,F,0,1,-0.5950300302811243,0.8265438910407479,47.2741916801049,0.6272134297452263
S00404,1,0.46856347871640386,rural,français,F,0,1,-0.6770804424361538,0.10422349035307106,35.87466039738747,0.8406340974159487
S00405,1,0.5893205728060469,urbain,wolof,H,0,0,0.4625650775900469,0.05123158999373945,37.31749974201561,0.8864156989674343
S00406,1,0.15515449286853714,urbain,wolof,H,0,1,1.508379536169013,0.4859675503469635,29.201330132357604,0.8644402364405188
S00407,0,-0.15938532386880255,urbain,wolof,F,0,0,-0.5589055756131087,0.5756833014458351,66.31652366355888,0.645607564661504
S00408,0,-0.5772260002830124,rural,français,H,0,0,-0.09886818526410894,0.33789697915862704,44.613405359393454,0.7758162320356398
S00409,1,1.0564186310133963,urbain,français,H,0,0,1.050436228132796,0.13139409749706765,38.562150606168686,0.9029110424602688
S00410,0,-0.1561389965552913,rural,autre,F,0,1,1.508379536169013,0.4037146545124525,24.116036204924285,0.8304509783068732
S00411,0,-0.03174123634820439,urbain,français,H,0,0,-0.09886818526410894,0.3259513560307081,53.20346198530637,0.7999595777111497
S00412,1,0.873552655087616,urbain,français,F,1,1,0.5436260064330518,0.5655798443634079,32.016339951871274,0.7363044134288299
S00413,0,-0.48927100883007213,urbain,wolof,F,0,1,-0.5128143979953421,0.714208024427736,37.990249703022485,0.6848322402264801
S00414,0,-0.5880698092305732,urbain,français,H,0,1,-0.6770804424361538,0.00486743150751362,28.670932568860632,0.7965013603474164
S00415,0,-0.7917895497392264,rural,autre,H,0,0,-0.5589055756131087,0.44275161985489786,58.84782085773711,0.6491324356587309
S00416,0,-0.6189937251453433,urbain,wolof,F,0,0,-1.961883486465059,0.249094109752314,70.17339774318046,0.6006758271006416
S00417,0,-0.3018804710261651,urbain,wolof,H,0,0,0.4625650775900469,0.0774684427971745,37.39741323442412,0.8522948694338375
S00418,1,0.017914978913209863,urbain,wolof,F,0,0,0.7594385270695994,0.26386546400276634,47.18574008279233,0.8584164253143634
S00419,1,0.6579330409691954,urbain,wolof,H,0,0,0.7594385270695994,0.2311955778125458,48.458872453426054,0.8655350199678453
S00420,0,-0.3619510741582051,urbain,wolof,F,0,0,0.4625650775900469,0.05001826632092768,42.45141699933983,0.8347444152787163
S00421,1,1.1199527509954075,urbain,français,F,0,0,1.1358119908378483,0.09280830336837265,40.8404908347721,0.8942543108641501
S00422,0,-1.3627960107054096,urbain,français,H,0,1,0.5436260064330518,0.5759169226165542,38.26967253035326,0.724684029996459
S00423,1,1.791461309665205,urbain,français,H,0,0,0.4625650775900469,0.15959901067750393,43.40946548733255,0.8886043911676883
S00424,0,-0.653824950181425,urbain,français,H,0,0,-0.5589055756131087,0.45709874020111746,44.76826815897126,0.7315427523223291
S00425,0,-0.4157225878706269,urbain,wolof,H,0,0,0.4625650775900469,0.06737482179336748,34.98515474209876,0.8390466521461981
S00426,1,0.685654550886317,urbain,wolof,F,0,1,-0.6770804424361538,0.02518253428400573,36.77709860050821,0.8043141720319908
S00427,0,-0.846641581739556,urbain,wolof,F,0,0,1.1358119908378483,0.13648387564472497,33.528143428855074,0.872412486918927
S00428,0,-0.04593012247866952,urbain,wolof,F,0,0,1.1358119908378483,0.07061539426606392,37.50845155133868,0.9276701764315592
S00429,0,-0.45606500476564615,urbain,français,F,0,0,0.7594385270695994,0.31515973737303926,44.80251589962285,0.8779713805887698
S00430,0,-0.8956981573061268,rural,wolof,F,0,0,-0.4962851679537585,1,56.22000431920895,0.6497944778928639
S00431,0,-1.1753258507804603,rural,autre,H,1,1,-0.5128143979953421,0.6800860564935641,42.375660394948866,0.7101691718325837
S00432,0,-0.06595944935235679,urbain,français,H,0,0,0.8036427494500231,0.7020780085173379,51.45271871615754,0.737337152321764
S00433,0,-0.06738804481288482,urbain,wolof,F,0,0,0.7594385270695994,0.24901550517848095,43.945015545279254,0.8804885459101724
S00434,1,0.793189252102958,urbain,français,H,0,1,-0.6770804424361538,0,30.461469844568786,0.7674244869019542
S00435,0,-0.5941629581841582,rural,wolof,F,0,0,0.8036427494500231,0.7128031300584609,53.656804199040415,0.6654147260954191
S00436,1,0.7676131098628607,urbain,autre,F,0,0,0.361886464303974,0.7663897238862658,49.56205252016884,0.7835742536366568
S00437,0,-0.0032972117446839954,urbain,wolof,H,0,0,0.4625650775900469,0.04901121910352356,38.62985317227058,0.8476814991905901
S00438,0,-0.8046722267178141,rural,wolof,H,0,0,-0.09886818526410894,0.26749144883114356,43.4290483215993,0.8178492578206434
S00439,0,-0.26157698425232756,urbain,wolof,F,0,0,-0.09886818526410894,0.3317851212170682,50.82704873522473,0.7542270590497218
S00440,1,0.5978700299204971,urbain,français,H,0,0,0.361886464303974,0.6624251948689114,49.347220087330015,0.7592418894073368
S00441,1,1.107543901667713,urbain,français,F,0,0,1.050436228132796,0.16865941968556544,34.134644553063744,0.8815111955484987
S00442,0,-0.6670557566307573,urbain,wolof,H,0,1,-0.6770804424361538,0,32.91073429017543,0.7745355107947518
S00443,0,-1.3937588238942997,urbain,autre,H,0,0,0.4625650775900469,0.04205240062208687,34.046609309945964,0.8582237400790459
S00444,1,0.15679947350481518,urbain,autre,H,0,1,-0.6770804424361538,0.01224685234657695,35.20069695450689,0.7716780640550164
S00445,0,-0.20064961579100718,urbain,français,F,0,0,0.4625650775900469,0,42.14625362002197,0.8927081489325046
S00446,0,-0.765361021622008,urbain,wolof,F,0,0,-0.09886818526410894,0.3579231309357554,52.48954771576417,0.7901706371196608
S00447,1,1.1065446333834084,urbain,français,H,0,1,1.508379536169013,0.36347896548510455,30.31077582296291,0.8743091557517945
S00448,0,-0.7131825505875597,urbain,wolof,H,1,0,-0.09886818526410894,0.3865905698036266,57.633345601533186,0.7797042043947393
S00449,0,-0.29008497528116173,urbain,français,F,0,0,-1.961883486465059,0.2946446853291991,44.5959622689282,0.6515563640870818
S00450,1,0.6820561617649245,urbain,wolof,H,0,1,1.508379536169013,0.3442162716715834,37.16971419570626,0.9043754790617542
S00451,0,-0.5877664154769991,rural,wolof,F,0,1,-1.7249192939776967,0.6248046012372405,48.28530332318264,0.5251666780602322
S00452,1,0.02145046674618862,rural,autre,F,0,0,-0.09886818526410894,0.407196355479178,51.71366280882015,0.7987072675460203
S00453,1,0.3151354077519489,urbain,français,F,0,0,-1.961883486465059,0.29391035195721865,57.35273722076751,0.61577309825184
S00454,0,-0.21505742262599137,urbain,wolof,F,0,1,-0.6770804424361538,0.1681914159222684,35.62816714722572,0.7811188081857413
S00455,0,-0.545688460266297,rural,wolof,F,0,1,-0.5950300302811243,0.7247666821349361,46.015710095299305,0.570139222933148
S00456,1,1.16439093484766,urbain,français,F,0,1,1.508379536169013,0.45099807915745693,32.053452391167426,0.8754544808623406
S00457,1,0.3827942909569422,urbain,français,F,0,1,1.508379536169013,0.5154984859991434,34.499243572120946,0.8285371493350465
S00458,1,0.1028375137579866,urbain,français,F,0,1,0.5436260064330518,0.5291964091608355,58.25933396859851,0.7904399973389249
S00459,0,-0.8747948510560446,rural,wolof,F,0,1,0.5436260064330518,0.5225410796497711,40.7836671002658,0.8011168970101264
S00460,1,0.4079058920079833,rural,wolof,H,0,0,0.8036427494500231,0.6217385017425454,56.18402392270403,0.728214227218772
S00461,1,0.9409145195911031,urbain,français,H,1,1,-0.6770804424361538,0.02017297436512773,28.125217710233503,0.7890406324413853
S00462,0,-0.05340787439400342,urbain,français,H,0,0,-1.961883486465059,0.2236695746217723,53.449294987250425,0.63525365392126
S00463,0,-1.0045226585860332,rural,wolof,F,0,0,-0.09886818526410894,0.42271978112917447,46.91182560796348,0.7576749912214479
S00464,1,1.2356687568161744,urbain,français,F,0,0,1.050436228132796,0.1477289143262595,41.0443556564698,0.902036149085048
S00465,1,0.6719744849926516,urbain,français,H,0,0,0.4625650775900469,0.0202483495554508,39.89195864039066,0.8649490977480504
S00466,1,0.3677848562970217,rural,wolof,H,0,1,1.508379536169013,0.45344772802413463,27.83192871208576,0.8806752392601351
S00467,0,-0.5080734330572069,urbain,autre,H,0,1,0.5436260064330518,0.6245530512456875,45.80351319666442,0.8310478459635195
S00468,0,-0.0058805033126434645,urbain,wolof,H,0,1,-0.5128143979953421,0.6605916203671698,48.1611844145068,0.6710599485521308
S00469,0,-0.5803661823588563,rural,autre,H,0,1,-1.7249192939776967,0.5406675658513326,43.22745752008294,0.5888969614098414
S00470,0,-1.5263859495203969,urbain,français,H,1,1,-1.7249192939776967,0.6052780906500148,43.372386205403394,0.594661007985579
S00471,0,-0.4077455436985367,urbain,français,H,0,0,-0.09886818526410894,0.3773525278434341,36.57131757650507,0.769236111665924
S00472,0,-1.1361480904140846,urbain,français,F,0,0,-0.4962851679537585,0.926754040423284,52.34512025879819,0.515251644661582
S00473,1,0.05162971829140579,rural,autre,F,0,1,-0.5128143979953421,0.6782818443496144,39.91110863014449,0.6875171349021156
S00474,0,-0.6037992854645307,rural,wolof,H,0,1,-0.5128143979953421,0.641047214791329,46.65405725189801,0.7633560414415277
S00475,1,0.4632158167407351,urbain,wolof,F,0,0,1.050436228132796,0.09484957882986328,45.836703544802646,0.897469593042921
S00476,0,-0.8845089268755639,rural,autre,F,0,0,-1.961883486465059,0.3195878021815771,52.137421614021925,0.5008969291158002
S00477,1,0.028338612257627686,rural,français,H,0,1,-0.6770804424361538,0.03891641977494491,36.005183546383314,0.8432235816909981
S00478,1,1.0597368088065335,rural,wolof,H,0,0,0.361886464303974,0.7168024681984788,51.09200862801094,0.8357240950726234
S00479,0,-0.18069876824552444,rural,wolof,H,0,1,-0.5950300302811243,0.7037060219914563,40.32281532539724,0.6499261196239497
S00480,0,-0.7418549345673926,urbain,wolof,H,0,1,-0.6770804424361538,0.03863096160794745,35.12192624270599,0.793340273550486
S00481,0,-0.6059225131367175,urbain,wolof,H,0,1,-0.5128143979953421,0.714208024427736,37.990249703022485,0.6848322402264801
S00482,0,-0.5413097095007271,urbain,français,H,0,1,-0.5950300302811243,0.7975446618311007,46.500746636964394,0.5351207938718658
S00483,1,0.7973568561251212,urbain,autre,H,0,1,1.508379536169013,0.4009382897580429,30.637819202264385,0.8891127757489038
S00484,0,-0.01901075076044965,rural,wolof,F,0,0,0.361886464303974,0.644027733588874,45.134656101997166,0.7045220166395489
S00485,1,2.4304863728157007,urbain,français,H,0,0,1.1358119908378483,0.07202914090685383,35.7465526438348,0.8798132530339002
S00486,0,-0.10245712680198103,urbain,français,F,0,0,0.4625650775900469,0.05425808845695267,34.772348977416236,0.8673361480200765
S00487,1,0.9101956182201785,urbain,wolof,H,0,0,1.1358119908378483,0.09091709065529664,36.807665310025975,0.892954539440377
S00488,0,-0.4821033852313381,rural,wolof,H,0,0,0.7594385270695994,0.3858448749620002,39.062683685734214,0.8613465724891665
S00489,1,0.9264887336548989,urbain,français,H,0,0,0.4625650775900469,0.06585444382398234,38.65246861973917,0.8669442286362261
S00490,0,-0.434183356379127,rural,autre,H,0,0,1.050436228132796,0.10525484722540952,36.07446251427193,0.906135301379832
S00491,1,0.0747587328247086,urbain,wolof,H,0,0,-1.961883486465059,0.3362112154323774,70.73204535571386,0.6516258198600664
S00492,0,-0.3949558724506704,urbain,wolof,H,0,0,-0.09886818526410894,0.30700976565187976,42.57297011866104,0.7477881342632726
S00493,1,0.747560877584778,urbain,français,H,0,1,1.508379536169013,0.3992914244751855,26.449044770355783,0.8893372977889442
S00494,1,1.3990127047310257,urbain,wolof,H,0,0,1.1358119908378483,0.07343809913323811,35.19872554288089,0.90518681905120435
S00495,0,-0.25997681863981537,rural,français,H,0,0,0.361886464303974,0.5910765691994567,43.53750180377538,0.709993961145262
S00496,0,-1.9519401757700656,rural,autre,H,0,1,-1.7249192939776967,0.6115913834656567,34.780445043742496,0.5129526242808666
S00497,0,-0.7406458195907241,urbain,wolof,H,0,0,1.1358119908378483,0.07942211761019198,38.32805988289658,0.8866709691301448
S00498,0,-1.7941188941238224,rural,autre,H,0,1,0.5436260064330518,0.4958591137065355,31.910556999348092,0.7649592763626649
S00499,1,0.4707868439677157,urbain,wolof,F,0,1,1.508379536169013,0.43737216487445857,23.86560850869601,0.8911193325763346
S00500,0,-1.4786505263309007,rural,autre,H,0,0,-1.961883486465059,0.2947468494888149,55.58562993053707,0.462756194765235
S00501,1,0.5943022247603614,urbain,français,H,1,1,0.5436260064330518,0.5766392767069767,37.009596649021766,0.7811780075881708
S00502,1,0.7000182457665522,urbain,wolof,F,0,0,-0.09886818526410894,0.30506526423453956,47.33882222212311,0.8420028110260493
S00503,0,-0.6235881911942966,urbain,autre,H,0,0,0.7594385270695994,0.30707454419884933,47.60582948143467,0.8138602933085484
S00504,1,0.5360430792461491,urbain,wolof,F,0,0,1.050436228132796,0.11393598086116884,40.008893516696965,0.8964408952756843
S00505,0,-0.019467388471108304,urbain,wolof,F,1,0,1.050436228132796,0.17374213992243775,36.12905276841589,0.8914218069782118
S00506,1,0.4316348198112852,urbain,français,H,0,0,1.050436228132796,0.06898441156440202,37.22982106391432,0.9229139185649892
S00507,1,0.8541429844574798,urbain,wolof,F,0,0,0.7594385270695994,0.2891866332554818,34.94496963255896,0.8480833790983804
S00508,1,1.1312133011066103,urbain,wolof,H,0,1,-0.5950300302811243,0.8170646377021236,38.45589031893058,0.6343509057988178
S00509,0,-1.4132115522288489,urbain,français,F,0,1,-1.7249192939776967,0.5658466650718773,39.349869923482274,0.5551838016821533
S00510,0,-2.1802024913369022,rural,wolof,H,0,1,-1.7249192939776967,0.4868975432291178,42.68911048969207,0.5818578936849318
S00511,0,-0.3993357819148982,rural,français,H,0,1,-0.6770804424361538,0.12800824885842296,27.82232822351404,0.7964639353781424
S00512,0,-0.7664928822888524,urbain,français,F,1,0,-0.5589055756131087,0.4253339771345187,49.806392949793896,0.6769875361798483
S00513,0,-0.6649968040927025,rural,autre,H,0,0,0.7594385270695994,0.3426895835978481,52.4290085872994,0.8718394710595032
S00514,1,0.8332899446493449,urbain,wolof,F,1,0,0.7594385270695994,0.2262876268610168,39.60169552992763,0.8661246999711572
S00515,0,-1.1649548016504867,rural,autre,F,0,0,-1.961883486465059,0.3013368820878369,60.38964693635776,0.6484200403355493
S00516,1,0.3555442251936709,urbain,wolof,F,0,0,1.050436228132796,0.13391720211918137,37.49728403501799,0.9345420980559372
S00517,1,0.2605008947111273,urbain,français,H,0,0,1.050436228132796,0.1874081948580609,45.76269725320688,0.8867002707200359
S00518,0,-0.22509652717718534,urbain,wolof,H,0,0,-0.09886818526410894,0.45946315939621646,58.824465425039875,0.8148672906799946
S00519,0,-0.9007417695750028,rural,autre,H,0,0,0.7594385270695994,0.35692638618581807,44.95528182231716,0.8707640546318549
S00520,1,0.6758250901765113,urbain,français,H,0,1,1.508379536169013,0.35945421192888966,33.684825582057655,0.8822727579747351
S00521,0,-0.4275116318080981,urbain,wolof,H,0,0,0.4625650775900469,0.0202479263953208,33.68912749685439,0.8599373570927702
S00522,0,-1.6404599231493946,urbain,wolof,F,0,0,-1.961883486465059,0.29796332050985097,66.69840311103717,0.6360271491942808
S00523,0,-1.6836886487118907,urbain,wolof,H,0,0,-0.4962851679537585,0.7607403574111263,49.66125637558813,0.619473547955929
S00524,0,-0.29821405701458276,urbain,autre,H,0,0,0.4625650775900469,0.04101415792182239,42.22400339579751,0.8759913645875584
S00525,0,-0.32688391317754356,rural,wolof,H,0,0,0.7594385270695994,0.3256701321545183,45.48731088376685,0.8324205454199524
S00526,1,1.3104625507164833,urbain,français,H,0,0,-0.09886818526410894,0.39137782379546093,44.22234844185486,0.7873017231848803
S00527,0,-1.1924157504252313,urbain,wolof,F,1,0,1.050436228132796,0.17718248890168278,46.88791318688051,0.8886576903391343
S00528,1,1.14488457883038,urbain,wolof,F,0,0,-0.09886818526410894,0.35202456163319806,47.12508041010502,0.7154929967954178
S00529,1,0.9276261124277652,urbain,français,H,0,1,-0.6770804424361538,0.05134821451294959,37.70586499787571,0.7325437143637393
S00530,0,-0.0014570601909302007,urbain,français,H,1,0,-0.09886818526410894,0.30506526423453956,47.33882222212311,0.8420028110260493
S00531,0,-2.2237331046317,urbain,français,H,0,1,-1.7249192939776967,0.5691164816124212,56.858459488381605,0.44700919653896176
S00532,1,0.7619246135589368,urbain,wolof,H,0,0,0.4625650775900469,0.09346110681279184,33.51153796509034,0.8726969939946584
S00533,1,0.799826324606005,urbain,français,H,0,1,1.508379536169013,0.4009382897580429,30.637819202264385,0.8891127757489038
S00534,1,0.6025073458494837,urbain,wolof,F,0,0,1.1358119908378483,0.04882970708501736,40.83709365224316,0.8839397863745673
S00535,0,-0.2881118713891332,rural,wolof,H,0,1,-0.5950300302811243,0.6673216138332677,45.3778125400916,0.6856796745534733
S00536,1,0.7671138565790724,rural,français,F,0,1,-1.7249192939776967,0.5518559479472402,47.16668616645048,0.5560048936436207
S00537,1,0.3132378914938805,rural,autre,F,0,0,0.7594385270695994,0.2960760998582306,44.36120591424892,0.8062882987089066
S00538,0,-0.679983715970014,rural,wolof,H,0,0,1.050436228132796,0.15039288549429575,32.88119239324587,0.8848953433539418
S00539,0,-0.8259882049827117,rural,wolof,H,1,0,-1.961883486465059,0.2956905153749403,56.48169120540248,0.5274311209925995
S00540,0,-0.8130155302827815,rural,wolof,F,0,0,-0.4962851679537585,0.9805227036437912,64.86662901888975,0.5756228196464827
S00541,1,0.2676057877301617,rural,wolof,F,0,1,0.5436260064330518,0.5916124858654371,34.417404154356824,0.8203613893705012
S00542,0,-1.0659985124506723,rural,français,F,0,1,-0.5950300302811243,0.7741275841107891,41.6558037306181,0.6497614001153589
S00543,1,1.7115934396782515,urbain,français,F,0,1,-0.6770804424361538,0.02632523199199268,31.27154929656493,0.8197409240956594
S00544,0,-0.6053134922273085,rural,wolof,F,0,0,1.1358119908378483,0.10140058757161104,44.25118114896586,0.9127740778271398
S00545,1,0.7370935565867998,rural,wolof,F,0,1,-1.7249192939776967,0.5811192740794668,35.668721016510915,0.5849878221555561
S00546,0,-0.18930813745387612,rural,français,H,0,0,0.7594385270695994,0.3078739935361053,39.617122621919954,0.8471404677943697
S00547,1,0.4324094417476826,urbain,français,F,0,0,0.4625650775900469,0.06599698237186967,32.759856530185075,0.8321208596541322
S00548,0,-0.07063040895592242,rural,français,H,0,0,0.4625650775900469,0.04013914745734036,38.10844463418742,0.8245449460654544
S00549,0,-0.822103160036099,urbain,français,H,0,0,-1.961883486465059,0.3759720294085844,50.00016770114134,0.6186125269097053
S00550,0,-1.7123197835764956,rural,wolof,F,0,1,-0.6770804424361538,0.0906494487434475,24.5699158442143,0.8230820880252895
S00551,1,0.5257924326279002,urbain,français,H,1,1,0.5436260064330518,0.5177011972465582,31.957311386472703,0.8365706081847106
S00552,1,0.15374890194061877,urbain,français,H,0,0,0.4625650775900469,0.0774684427971745,37.39741323442412,0.8522948694338375
S00553,1,0.6885915510188224,rural,français,F,0,1,0.5436260064330518,0.5621091409001692,32.58804625416668,0.7705844354109596
S00554,0,-0.6747486663971611,rural,wolof,F,0,1,-0.6770804424361538,0,23.875503623287273,0.8144040963432531
S00555,0,-1.6115394929264197,urbain,wolof,H,0,0,0.7594385270695994,0.3025241349203934,43.32296938089201,0.8545340593955568
S00556,1,0.9246878284435691,rural,wolof,H,0,1,1.508379536169013,0.4250343543606209,34.33376174287201,0.8999835760021937
S00557,0,-1.0972692190683568,urbain,français,F,0,1,-0.5950300302811243,0.8008200908596916,49.433477304359805,0.5306108158206555
S00558,1,0.1455495659733048,urbain,wolof,H,0,0,1.1358119908378483,0.02489424271576206,35.02244201302952,0.912915005657086
S00559,1,1.4715182527428838,urbain,wolof,H,0,0,0.4625650775900469,0.0157433971635118,36.06609633065623,0.8577485918334296
S00560,0,-1.0577155122468667,urbain,autre,H,1,0,-0.09886818526410894,0.33049022264258415,47.54269589401298,0.7855833447534664
S00561,0,-1.077600834678131,urbain,français,H,0,0,0.7594385270695994,0.30759043294998484,43.01049931681246,0.856031518019248
S00562,1,0.0983972146429331,urbain,français,H,1,0,0.4625650775900469,0.06127265233856653,39.40121452582994,0.8642981397995488
S00563,0,-0.4246330272048738,rural,autre,F,0,1,1.508379536169013,0.43122313026913545,25.3583769148195,0.8659737215330878
S00564,0,-1.0137417388167214,urbain,wolof,F,0,1,-1.7249192939776967,0.5537091306924539,38.29459400177853,0.5627375943672944
S00565,0,-0.7763919561453148,urbain,français,F,0,0,0.8036427494500231,0.6682107305657168,49.01490431230757,0.7675666319787471
S00566,1,0.41844853359468914,urbain,français,H,0,1,-0.6770804424361538,0.05835605068821156,34.02478572274985,0.8069030038215993
S00567,1,0.47792237370859264,urbain,wolof,H,0,0,1.1358119908378483,0,36.15685149812517,0.9123428197178384
S00568,1,0.9422117465896049,rural,autre,F,0,1,1.508379536169013,0.41175930583208786,30.360561432449806,0.8941110561520665
S00569,0,-0.7460022277526139,urbain,wolof,H,0,0,-0.09886818526410894,0.31846638376824216,49.04949511574944,0.7202425912354595
S00570,0,-0.3970710555178778,rural,wolof,F,0,0,0.361886464303974,0.6918254061832829,55.3324995945383,0.832926578275549
S00571,1,0.3394108602041552,urbain,français,F,0,0,1.1358119908378483,0,28.95963493000696,0.9201813474059491
S00572,0,-0.14638939999588357,urbain,wolof,F,0,0,0.8036427494500231,0.7231886702526429,42.730266191129765,0.7503597970899686
S00573,1,0.3882086094765775,urbain,wolof,H,0,0,-0.09886818526410894,0.38181025460264584,43.969652603349,0.7701569768854641
S00574,1,0.3767043858427769,urbain,français,F,0,0,0.361886464303974,0.6519485446215167,43.85686936812266,0.7695976585016245
S00575,0,-0.4036067299352286,urbain,autre,F,0,1,-0.5950300302811243,0.738779439311106,37.84548304439025,0.588895499408869
S00576,1,0.8427636770143945,urbain,français,H,0,0,1.050436228132796,0.08836949209491118,37.991769960531386,0.8928713464991357
S00577,0,-0.3390961818184457,urbain,wolof,F,0,0,1.050436228132796,0.2423755597295387,38.74734942660289,0.869444360761315
S00578,0,-0.31161716568234965,urbain,autre,H,0,0,-1.961883486465059,0.32767467101153347,62.5821747745732,0.6043283904436301
S00579,1,0.24353546018488403,urbain,français,H,0,0,1.1358119908378483,0.05558342716566462,32.07754648229814,0.8877485073090388
S00580,1,0.47566808937627847,urbain,wolof,H,1,1,-0.6770804424361538,0.00932156283251959,41.344692391017944,0.8085221636965846
S00581,1,0.09727657129582203,rural,wolof,H,0,1,-1.7249192939776967,0.6024465874954554,51.368709563008494,0.6224508786850957
S00582,1,0.22538367775034487,rural,wolof,H,0,1,-0.5950300302811243,0.7175075986246555,42.937253698890544,0.7019778454725111
S00583,1,0.6676131666196385,rural,wolof,F,0,1,1.508379536169013,0.4409271488370629,34.51743259338505,0.9193049666374312
S00584,0,-0.18851839019401312,rural,wolof,H,0,1,-0.5950300302811243,0.6560834956681489,32.882783762102605,0.6382964828393863
S00585,1,0.8087201976810017,rural,wolof,H,1,0,1.050436228132796,0.13116232887278145,40.66814337273283,0.907247779222047
S00586,1,0.9175542690297667,urbain,français,F,1,0,1.050436228132796,0.17744713046363178,40.80143528590327,0.8928570083700045
S00587,0,-0.07699794061790878,urbain,français,F,0,0,1.1358119908378483,0.04814413203956069,36.660345582239955,0.9112453256817216
S00588,0,-0.9648791883515896,urbain,wolof,F,0,0,-1.961883486465059,0.37542020799658227,63.50196433043625,0.5754908523150762
S00589,0,-1.571880517273414,rural,wolof,F,0,0,-0.5589055756131087,0.385073133880568,48.624413638884754,0.7140271408319211
S00590,0,-0.988211655680664,urbain,français,H,0,0,0.7594385270695994,0.2898014053671864,47.67005484379272,0.878540785579207
S00591,0,-1.2765577287072922,urbain,wolof,H,0,1,-0.5950300302811243,0.7247426792333622,52.60850130737998,0.6443234480357964
S00592,0,-0.09080753918727173,rural,wolof,H,0,1,-0.5950300302811243,0.7689390974537436,47.44612440820401,0.7300577490613489
S00593,0,-1.4314423593231536,rural,wolof,F,0,1,-1.7249192939776967,0.4956133567512652,40.06537885681149,0.5532639699027686
S00594,0,-0.1338472914545058,urbain,français,F,0,0,-0.5589055756131087,0.4425085537686979,53.36054936019463,0.8078515478381153
S00595,0,-0.9422286880148236,urbain,wolof,F,0,0,-1.961883486465059,0.3955197448610522,63.254168694018965,0.5922353575699545
S00596,1,0.14804536721414777,rural,wolof,F,0,0,1.050436228132796,0.2118340301105684,31.470213273971005,0.8745273519279092
S00597,1,0.517780961525845,urbain,autre,H,0,0,0.7594385270695994,0.27876378287884473,35.71083911185249,0.8393695754005116
S00598,0,-0.28669884438582766,rural,wolof,F,0,1,-0.5950300302811243,0.7882441182999141,47.952384336493715,0.5596178509911613
S00599,1,0.5608432872872133,rural,wolof,H,0,0,-0.5589055756131087,0.4763853710211931,43.44764501902594,0.6963884890443334
S00600,1,0.9644313701831935,urbain,français,F,0,0,0.7594385270695994,0.29003641702394994,40.81994281856746,0.8704265908124739
S00601,1,0.4018584301502897,urbain,autre,H,0,0,0.7594385270695994,0.2988816238224084,47.03851537983142,0.8538162670527474
S00602,0,-0.4728913031900625,urbain,français,F,0,1,-1.7249192939776967,0.577404105476174,55.005116679881795,0.5575842221028068
S00603,1,0.29485027845338824,urbain,wolof,F,0,0,-0.09886818526410894,0.4092795292611552,41.06543771456451,0.7887886566790188
S00604,0,-0.8327401179955464,urbain,wolof,H,0,0,0.4625650775900469,0.1730717986854836,36.95160722262869,0.8751074909184763
S00605,1,1.7055311364803145,urbain,français,H,0,0,-0.09886818526410894,0.39896664636524914,55.80803717397546,0.7828445524047742
S00606,1,1.3919460556677288,urbain,wolof,H,0,0,1.050436228132796,0.14072588325127278,37.9775789921577,0.8848504769917037
S00607,0,-0.34429361054047974,urbain,wolof,F,0,1,1.508379536169013,0.43413665968915743,37.53285875037109,0.8592580440158185
S00608,1,0.30241934413876265,rural,autre,H,0,0,-0.09886818526410894,0.3220014527250168,49.6694457067199,0.7829413207991571
S00609,0,-0.6508057885902964,urbain,autre,F,0,0,0.8036427494500231,0.7715943566216588,57.88194473361186,0.7591824264845385
S00610,1,1.629304547299421,rural,français,H,0,0,0.7594385270695994,0.2860893076083828,43.765026695436866,0.8370550701062077
S00611,0,-1.1047066356958621,rural,wolof,F,0,1,-1.7249192939776967,0.6248046012372405,48.28530332318264,0.5251666780602322
S00612,0,-0.47110896124030893,urbain,wolof,H,0,0,0.8036427494500231,0.6514485335196257,47.75644336534368,0.7764372986132707
S00613,1,1.2767684005423514,urbain,français,F,0,0,1.050436228132796,0.14640926572382915,37.97342695722066,0.9017461003536464
S00614,0,-1.034942292464503,urbain,français,F,0,0,1.050436228132796,0.24091483197348543,37.524842285118446,0.8874065381347683
S00615,1,0.29050650702972053,urbain,wolof,H,0,0,0.7594385270695994,0.2311955778125458,48.458872453426054,0.8655350199678453
S00616,0,-1.8275421569609573,rural,wolof,H,0,0,-1.961883486465059,0.39566756110464407,60.311834548946514,0.5330255953607729
S00617,1,0.7809914750044389,urbain,français,H,0,0,-1.961883486465059,0.3726410775165528,59.61742220334003,0.6415554467715006
S00618,1,0.8100657896851672,urbain,français,H,0,0,1.050436228132796,0.13064431148184252,37.85297657894345,0.9063324355744218
S00619,1,1.2483921458674796,urbain,français,F,0,1,-0.6770804424361538,0.0451004309343611,33.3094371972029,0.787498910968235
S00620,1,0.8170230666577654,rural,wolof,H,0,0,-0.5589055756131087,0.42738167849560993,53.67585688238197,0.702692788018001
S00621,0,-0.11621530138992153,rural,wolof,H,0,0,-0.4962851679537585,0.94723650713214,56.9037302635612,0.5525310227676619
S00622,0,-0.3777862652145103,urbain,wolof,H,0,0,-1.961883486465059,0.31400069179435136,59.10755007928692,0.6009818152946924
S00623,1,0.3202457422090461,urbain,wolof,H,0,0,-1.961883486465059,0.3683642105967092,64.37601699060644,0.6082065025093911
S00624,1,0.600815906623051,urbain,wolof,H,0,0,0.4625650775900469,0,33.54009302910756,0.9006061346109131
S00625,0,-0.2874080389707116,rural,français,H,0,0,0.361886464303974,0.6837848674921432,43.726328257961896,0.7391644251025575
S00626,0,-0.20484120433877262,rural,autre,F,0,1,1.508379536169013,0.41749636344813873,27.264553531529433,0.9059139479205832
S00627,0,-1.4350714084549954,rural,wolof,H,0,0,1.050436228132796,0.2641782544982158,39.77706280262,0.8644001849456456
S00628,1,0.6030623443220262,urbain,wolof,H,0,0,1.050436228132796,0.14844445844614504,33.30316253426618,0.8580156203457939
S00629,1,0.24434778441712487,urbain,wolof,F,0,0,0.4625650775900469,0.06127265233856653,39.40121452582994,0.8642981397995488
S00630,0,-0.7224418651996495,urbain,wolof,H,0,0,0.361886464303974,0.640694506531752,45.97349625998555,0.7921832996925389
S00631,1,0.1847595051065987,urbain,autre,H,0,0,1.050436228132796,0.1676399559872558,38.460614902377415,0.9146029403979984
S00632,0,-0.8202838841433966,urbain,wolof,H,0,1,-1.7249192939776967,0.5726308433233025,49.84883472530462,0.6495129789527656
S00633,0,-0.030029183745063984,urbain,français,H,1,0,-0.09886818526410894,0.31502707072461583,41.272138841762406,0.8317833281451986
S00634,1,0.4748656659713623,rural,wolof,H,0,1,0.5436260064330518,0.5605129037566138,45.729546411565146,0.7964377048719462
S00635,1,1.0880281582729068,rural,wolof,F,0,0,0.4625650775900469,0.09053573802445256,45.648997642676434,0.8933886143828984
S00636,1,1.7361891859151792,urbain,français,H,0,1,1.508379536169013,0.4392112577863927,26.786766927027692,0.876404882081804
S00637,1,0.794528714581154,urbain,français,F,0,1,-0.6770804424361538,0.0451004309343611,33.3094371972029,0.787498910968235
S00638,1,0.5773172060666683,rural,autre,F,0,1,0.5436260064330518,0.5672387733927078,34.31878179083448,0.8419530307452998
S00639,1,0.38046066343495055,rural,wolof,H,0,1,1.508379536169013,0.3909602868897393,29.417936278383134,0.8910686394076346
S00640,1,0.16753811842967586,urbain,français,H,0,1,1.508379536169013,0.3861562738116734,27.66144736428151,0.9108827793636396
S00641,1,0.40067743489294,rural,français,F,0,1,-0.6770804424361538,0.13779113774523682,29.358878089160857,0.757892045636746
S00642,0,-0.7976912386249251,urbain,wolof,F,0,0,1.050436228132796,0.11719227691831384,34.99834609453755,0.8940747650280726
S00643,0,-0.3490131493153687,urbain,wolof,F,0,0,1.1358119908378483,0,38.848156268145175,0.9144807601338376
S00644,0,-0.9824570087132685,urbain,français,F,0,1,-1.7249192939776967,0.5134423446981027,48.75242954683989,0.5411067430165863
S00645,0,-0.22645559968194023,rural,autre,H,0,0,0.7594385270695994,0.3256701321545183,45.48731088376685,0.8324205454199524
S00646,0,-1.0457958066460586,rural,français,H,0,1,-1.7249192939776967,0.5482722697623288,40.1187706185957,0.43416371202478954
S00647,0,-0.11699958980011128,urbain,français,F,0,0,0.4625650775900469,0.01840086239102244,41.824812240714195,0.8104401213829302
S00648,0,-0.20055017116207774,urbain,wolof,F,0,0,1.050436228132796,0.2701965654574703,40.15419203076327,0.8974205173395075
S00649,1,1.2812593945394686,urbain,wolof,F,0,1,-0.6770804424361538,0.03636062861673986,34.10327958232909,0.7674730812152432
S00650,1,0.5781363038989669,urbain,français,H,0,0,0.8036427494500231,0.6833591333048711,54.175200428548166,0.7355071742167899
S00651,1,0.35461972918479506,urbain,autre,F,1,0,0.361886464303974,0.640694506531752,45.97349625998555,0.7921832996925389
S00652,0,-0.12895745588886207,rural,wolof,H,1,0,0.8036427494500231,0.8197259454508955,52.08676259460185,0.7751668990506231
S00653,1,0.62415644879837,rural,autre,F,0,0,-0.5589055756131087,0.5480422733518786,51.702452257793034,0.6504368924269266
S00654,1,0.19035399543913215,urbain,wolof,F,0,0,1.050436228132796,0.07776986929464236,37.08050753179796,0.8915998273600623
S00655,1,0.24207443456821953,urbain,français,H,0,1,0.5436260064330518,0.5147925641818041,33.29826162306917,0.7988480063037785
S00656,1,0.7158001589731239,urbain,français,F,0,0,1.050436228132796,0.11719227691831384,34.99834609453755,0.8940747650280726
S00657,1,1.0163743088122115,urbain,wolof,F,0,0,0.361886464303974,0.6519485446215167,43.85686936812266,0.7695976585016245
S00658,0,-0.5495858064373489,urbain,français,H,0,1,-1.7249192939776967,0.55404986222177,50.131891293874176,0.5412375764777838
S00659,0,-0.4548609679956827,urbain,français,F,0,0,-1.961883486465059,0.3296232457368661,56.29114544909917,0.6209654314356305
S00660,1,0.7296244784446033,urbain,wolof,H,0,1,0.5436260064330518,0.5434664411540158,38.79030997918255,0.790362609638661
S00661,0,-0.5126290855252698,urbain,wolof,F,1,0,0.7594385270695994,0.34215633248804334,40.54023868072863,0.8925797029045878
S00662,1,0.189786428194436,urbain,français,F,0,0,1.050436228132796,0.13970125939893854,41.920743908082954,0.8994547210919774
S00663,0,-1.4372236150603337,urbain,wolof,F,0,0,0.7594385270695994,0.32762380266016927,44.459884763674395,0.8317460287626075
S00664,0,-0.017060615986050895,urbain,wolof,F,0,1,-0.6770804424361538,0.09412973210732424,29.26966683590149,0.8245277605970116
S00665,1,0.23422426822152267,urbain,wolof,H,0,1,0.5436260064330518,0.5726657347429667,35.05295452804249,0.754891842465362
S00666,0,-1.2895815382355988,rural,wolof,F,0,1,-0.5128143979953421,0.6462638779368537,41.6328556704282,0.7261791903100965
S00667,1,0.11685246030658712,rural,français,F,0,1,-0.5128143979953421,0.7886942413819469,39.231672003517616,0.5418249975142834
S00668,1,1.3931138682128434,urbain,wolof,H,0,0,0.7594385270695994,0.25110906972429115,40.15616240725238,0.8629778140101152
S00669,1,0.05021787863945765,urbain,français,F,0,0,-1.961883486465059,0.38421362445152474,54.47414705268697,0.5269473163471043
S00670,1,0.1832814964354632,urbain,français,F,0,0,1.1358119908378483,0.07972390090278157,32.93474868597579,0.914693189941396
S00671,1,0.8424092919562888,urbain,wolof,H,0,1,0.5436260064330518,0.4706985386494644,37.3503395711751,0.8302437647532384
S00672,1,0.6220211167536674,urbain,français,F,0,0,0.7594385270695994,0.34146142484215564,44.76200904306043,0.8617967147180787
S00673,0,-2.1283820167399363,urbain,wolof,H,0,0,-1.961883486465059,0.31400069179435136,59.10755007928692,0.6009818152946924
S00675,1,1.9929893825896816,urbain,français,F,0,0,1.050436228132796,0.17300147722256246,33.45097489669379,0.8720542515875878
S00676,0,-0.20330834825993294,urbain,wolof,F,0,0,1.1358119908378483,0.04629628740177534,40.044316389728415,0.9289175026661066
S00677,1,1.286271590341208,urbain,français,F,0,0,1.050436228132796,0.22075452355955108,37.631519290804974,0.8872279586833262
S00678,0,-0.7659872331667439,urbain,français,H,0,0,0.8036427494500231,0.7917735337885072,53.85639362854081,0.7366299533482009
S00679,0,-0.20357739672734565,rural,français,H,0,0,1.050436228132796,0.18949483486866872,36.33140813880896,0.9064983420126052
S00680,0,-1.5645208474698749,urbain,wolof,H,0,0,-0.5589055756131087,0.4865823831365976,53.64729890791117,0.6730742441529726
S00681,1,0.46242185970272953,rural,wolof,F,0,1,-0.5128143979953421,0.6929764613257227,49.6454466444219,0.6385062415300977
S00682,0,-0.5547274678059574,rural,wolof,H,1,0,0.4625650775900469,0.14877122163115697,40.67861658584221,0.909078184197085
S00683,1,0.29506054587562397,urbain,français,H,0,0,1.050436228132796,0.11300713360798806,33.74697240530728,0.8735307385088487
S00684,0,-0.7326106899316736,urbain,autre,F,0,1,-0.6770804424361538,0.06243693416515105,29.065263036719067,0.8434814643303824
S00685,1,0.18888740766207077,urbain,wolof,H,0,0,-0.5589055756131087,0.5370909585385952,37.43737547278389,0.624327797614143
S00686,1,1.6495064864314064,urbain,autre,H,0,1,1.508379536169013,0.4018537230116637,36.34589286904236,0.8822316548637807
S00687,0,-0.91272536257712,urbain,français,F,0,0,-0.5589055756131087,0.43883561544637306,54.02849201638053,0.7029417864645805
S00688,1,1.1746727928236684,urbain,français,H,0,0,1.050436228132796,0.11719227691831384,34.99834609453755,0.8940747650280726
S00689,0,-1.7539912918906007,urbain,wolof,F,0,1,0.5436260064330518,0.5446495129827179,37.48911422489989,0.8011604389250387
S00690,1,0.7384904691094325,rural,autre,F,0,0,1.1358119908378483,0.0180772649737863,35.718137424557824,0.9385388588754272
S00691,0,-1.8844973764245245,rural,wolof,H,1,0,0.8036427494500231,0.5999909242079225,48.429671435475136,0.709914428092564
S00692,0,-0.29680631678479946,rural,autre,H,0,0,-0.09886818526410894,0.4518139636692907,55.85886346524287,0.8073455243516109
S00693,1,0.6832413753172956,rural,autre,H,0,0,0.7594385270695994,0.32202875418713156,37.48216495712729,0.8260718169629107
S00694,1,0.6218001797330278,urbain,français,H,0,0,-0.09886818526410894,0.45946315939621646,58.824465425039875,0.8148672906799946
S00695,1,0.08190736844819545,urbain,français,H,0,0,0.8036427494500231,0.7313769417534077,45.297610646924014,0.7486772564940689
S00696,1,0.1412797057076614,urbain,wolof,H,0,0,1.050436228132796,0.19229690005736172,49.112150424714606,0.927482998237756
S00697,0,-0.3961430501491251,rural,wolof,F,1,0,0.8036427494500231,0.6990780554766624,47.32424158827075,0.8506207386254288
S00698,1,0.42693786759937513,rural,autre,H,0,0,-0.5589055756131087,0.4135442251920339,61.18580047784019,0.6967623824464821
S00699,1,1.0449948302755672,rural,français,F,0,1,-0.6770804424361538,0,29.655858226799133,0.7933290741048502
S00700,0,-0.5540653535322616,rural,wolof,F,0,0,-0.4962851679537585,0.8498839669182071,74.75932185121216,0.5758480881228651
S00701,0,-0.20462303870220858,urbain,français,F,0,1,1.508379536169013,0.4217877821388745,32.618470728606525,0.8801228003264813
S00702,0,-0.41511780929914444,urbain,français,H,0,1,0.5436260064330518,0.5408438844203297,33.4728436921358,0.8743071302265804
S00703,0,-0.974643377975743,urbain,wolof,F,0,1,-0.5128143979953421,0.7705088656665211,37.865739168265335,0.6191801061759974
S00704,0,-0.3878497647682432,urbain,français,H,0,0,-0.09886818526410894,0.31502707072461583,41.272138841762406,0.8317833281451986
S00705,1,0.39430458605889,rural,wolof,F,1,0,1.050436228132796,0.18949483486866872,36.33140813880896,0.9064983420126052
S00706,0,-0.29516206285859836,urbain,wolof,F,0,0,0.361886464303974,0.7663897238862658,49.56205252016884,0.7835742536366568
S00707,1,0.31624605234688824,rural,français,H,0,0,1.1358119908378483,0.08862163134865844,34.003131882852514,0.8864780682523018
S00708,0,-0.3615072000243639,urbain,français,F,0,0,1.050436228132796,0.11294621996257057,37.05184905571157,0.9019903807269553
S00709,1,0.7870145583064005,urbain,français,F,0,0,1.050436228132796,0.07776986929464236,37.08050753179796,0.8915998273600623
S00710,0,-0.4335932150559379,urbain,wolof,F,0,0,-1.961883486465059,0.2312784345387222,51.75856960842186,0.6230031153023442
S00711,0,-0.1801948248671532,rural,autre,H,0,0,1.1358119908378483,0.00647992128404446,30.503908224224823,0.9164906569104524
S00712,1,0.5306976195518992,urbain,français,F,1,0,1.050436228132796,0.14640926572382915,37.97342695722066,0.9017461003536464
S00713,1,1.3910579262946698,urbain,français,H,0,1,1.508379536169013,0.44382434594944503,35.6128113199893,0.897212035160489
S00714,1,0.20727946162335764,urbain,français,H,1,1,-0.6770804424361538,0.0815863262540495,38.56058858023214,0.7357046514327609
S00715,0,-1.6556906715761006,rural,wolof,H,1,0,-0.4962851679537585,0.9421248268478551,67.40547656821451,0.6147397403572955
S00716,1,1.056351912094509,urbain,wolof,H,0,0,-0.5589055756131087,0.4253339771345187,49.806392949793896,0.6769875361798483
S00717,0,-0.6371246325925045,rural,français,H,0,1,-0.6770804424361538,0.1273963315080755,34.28872524074527,0.7794873696892797
S00718,1,0.18274995985935025,urbain,wolof,H,0,0,1.050436228132796,0.12615139687396565,36.6970354673006,0.9228321750955298
S00719,1,0.5840303324856744,urbain,wolof,H,0,0,-0.5589055756131087,0.440284671711784,60.52892845006046,0.7045239493614508
S00720,0,-0.1515783972543702,rural,wolof,F,0,0,-0.5589055756131087,0.44615400073766853,57.88705089729532,0.7140618743922766
S00721,1,0.033721563552757926,rural,autre,F,1,1,1.508379536169013,0.3641329902657884,32.42727298988548,0.8559544776806739
S00722,0,-0.3178557106339142,urbain,wolof,F,0,0,0.4625650775900469,0.03157066806602765,49.04226787664632,0.9136717448260752
S00723,0,-0.4977540909123427,rural,wolof,F,1,0,-1.961883486465059,0.23945630723439856,52.494487408586,0.7494157164681707
S00724,0,-1.0306052871359612,rural,wolof,H,1,1,-1.7249192939776967,0.6163940714418688,47.23376676441289,0.5843670851441551
S00725,1,0.6629749436053448,urbain,français,F,0,0,1.050436228132796,0.10245938854655276,37.5736646000441,0.8916354282900576
S00726,0,-0.22411028354918133,rural,wolof,H,0,0,0.361886464303974,0.7470312796533055,64.59983346490506,0.7331904337379276
S00727,1,0.09535604722318894,urbain,français,F,0,0,1.050436228132796,0.08138029012365246,36.54240567477368,0.8820744080582065
S00728,1,0.42526544805527633,rural,autre,H,0,1,1.508379536169013,0.3955587259297232,24.55308634242265,0.8694923809968594
S00729,1,0.3859673289186737,urbain,wolof,H,0,0,0.8036427494500231,0.7366970831925255,51.340377976617184,0.7805997876406147
S00730,1,0.010848177018866367,rural,français,F,0,1,0.5436260064330518,0.5578004044814672,42.01187240587553,0.780160320573826
S00731,0,-0.6966755006456012,urbain,wolof,F,0,0,-0.09886818526410894,0.31846638376824216,49.04949511574944,0.7202425912354595
S00732,1,0.5821206721493011,urbain,français,H,1,0,1.050436228132796,0.1682371952975482,43.133526602826485,0.8882146838114701
S00733,0,-1.068420991809324,rural,wolof,H,0,0,1.050436228132796,0.1566848996656968,39.450964395086025,0.8392431627681795
S00734,1,0.7465461846518736,urbain,français,F,0,0,1.1358119908378483,0.13648387564472497,33.528143428855074,0.872412486918927
S00735,0,-0.7875757571594932,urbain,autre,H,0,1,-0.5950300302811243,0.7604922462420716,43.8647966869981,0.570750212458071
S00736,0,-0.5643575625809373,urbain,français,H,0,1,-1.7249192939776967,0.5460167524555846,34.498887156465884,0.5314305049773596
S00737,1,0.8936975742749026,urbain,wolof,H,0,0,1.1358119908378483,0.05035159435565321,39.497557583607225,0.9042374637484708
S00738,0,-0.5771147762085038,urbain,français,H,0,0,-1.961883486465059,0.3622653303373413,61.03533984740864,0.6103130975362554
S00739,0,-0.4987057897942907,urbain,français,F,0,0,0.361886464303974,0.6030634836246601,48.4424842411943,0.7550690920291462
S00740,1,1.0817976034197634,urbain,français,F,0,0,1.050436228132796,0.2049703681143306,38.948646491169555,0.8875445588682513
S00741,0,-0.06263754265947534,rural,wolof,F,0,0,-0.5589055756131087,0.4418432085042817,46.45528104626845,0.7416444294935257
S00742,0,-0.2648590407657216,urbain,wolof,H,1,0,0.8036427494500231,0.7366970831925255,51.340377976617184,0.7805997876406147
S00743,1,0.35540317488757733,urbain,français,H,0,1,-0.6770804424361538,0.1309897285934985,31.3045529516879,0.7634154817532911
S00744,0,-0.5316934747007804,urbain,français,H,1,1,-0.6770804424361538,0.02844739227508434,28.7125565297822,0.83113588634827
S00745,0,-0.9007055813534289,urbain,wolof,H,0,0,-1.961883486465059,0.32639345558567673,52.48863992463613,0.6917887931646438
S00746,1,0.21503852219824612,rural,wolof,H,0,1,-0.5950300302811243,0.7143243169643548,41.67893232165342,0.6693188657692991
S00747,1,0.39757810096110274,urbain,wolof,F,0,1,-0.6770804424361538,0.00932156283251959,41.344692391017944,0.8085221636965846
S00748,1,0.5199846130124605,rural,wolof,F,0,0,0.8036427494500231,0.6990780554766624,47.32424158827075,0.8506207386254288
S00749,0,-1.4756987033980256,urbain,wolof,F,0,0,-0.09886818526410894,0.3259513560307081,53.20346198530637,0.7999595777111497
S00750,1,0.6590877116397673,urbain,wolof,H,0,0,0.4625650775900469,0.04323296345700069,42.713296640537024,0.914189958764897
S00751,0,-2.1344665217705185,rural,français,H,0,0,-1.961883486465059,0.3309957764557428,62.34640848284597,0.5738329514343352
S00752,1,0.2045316108547362,rural,français,H,1,1,-1.7249192939776967,0.5020803108975969,47.37403725593728,0.4823888169107456
S00753,1,0.05242174108205689,urbain,autre,H,0,0,0.361886464303974,0.5970444168374891,53.06378560192915,0.803957644674224
S00754,0,-0.13751297425155137,rural,autre,H,0,0,-0.09886818526410894,0.33189444314934397,53.744796525137154,0.8500140144598938
S00755,1,0.24636780181368878,rural,autre,H,0,0,0.4625650775900469,0.11313252163813636,39.940733278601606,0.8574242170293231
S00756,0,-1.7448647928800134,rural,wolof,H,0,1,-0.5950300302811243,0.8763744036785026,54.07077752743585,0.6243730784584672
S00757,0,-0.26555115807504437,urbain,français,H,0,0,-1.961883486465059,0.2860600033271258,72.67781782111325,0.5810615887936182
S00758,0,-1.881930037956668,rural,autre,H,1,1,-0.5950300302811243,0.7091347506828034,35.621429284444226,0.6267016079592548
S00759,1,1.4415139566667556,urbain,français,H,0,0,-0.5589055756131087,0.4471291603898131,47.01840381613688,0.71272218281898
S00760,0,-0.6636216568952769,urbain,wolof,F,0,1,-1.7249192939776967,0.5390774815890746,36.250740898225715,0.6244394914257343
S00761,0,-0.4666729944817415,urbain,autre,F,0,1,0.5436260064330518,0.5948359325227155,29.975850603997653,0.8019759935352878
S00762,1,0.09902550317805868,urbain,français,H,0,1,-0.5950300302811243,0.7975446618311007,46.500746636964394,0.5351207938718658
S00763,0,-1.9051079118411662,rural,français,F,0,1,-0.5950300302811243,0.7037060219914563,40.32281532539724,0.6499261196239497
S00764,1,1.4371744359135727,urbain,français,H,0,1,-0.5128143979953421,0.7450692309710201,49.89939415077599,0.7860152780892115
S00765,1,0.600318121099465,rural,français,F,0,0,0.7594385270695994,0.3485143643058187,44.71280424084274,0.8205688852469868
S00766,0,-0.9347692372825824,urbain,français,F,1,0,0.4625650775900469,0.11888009363954122,42.7358814381629,0.8431939723720594
S00767,0,-0.5795812633209266,rural,wolof,F,0,1,-1.7249192939776967,0.4774202151843416,40.44834689298919,0.47804668851712456
S00768,0,-0.3803743634284509,urbain,français,F,0,1,-1.7249192939776967,0.5726308433233025,49.84883472530462,0.6495129789527656
S00769,0,-0.09881253360106838,rural,wolof,F,0,1,0.5436260064330518,0.520842707597886,35.03762206115835,0.7955265246097775
S00770,1,0.9591301687869717,urbain,français,F,0,0,1.050436228132796,0.15304853201134433,42.91352149791242,0.8941601698458608
S00771,1,2.124015314475482,urbain,français,F,0,1,1.508379536169013,0.45636348583788866,27.31176859955,0.8933630625283182
S00772,1,1.0839391952355022,urbain,autre,H,0,1,1.508379536169013,0.4392112577863927,26.786766927027692,0.876404882081804
S00773,1,0.3294995363406752,urbain,français,H,0,0,1.1358119908378483,0.10062672256011182,39.18574644206522,0.905021317980546
S00774,1,0.9459257960627175,urbain,français,F,0,1,-0.6770804424361538,0.03636062861673986,34.10327958232909,0.7674730812152432
S00775,1,0.3936434092347465,urbain,français,H,0,0,0.4625650775900469,0,32.38589573481127,0.8898548484271503
S00776,0,-0.025256847145679644,urbain,wolof,F,0,0,0.4625650775900469,0.08558672222663063,42.64050990472415,0.8674316157589665
S00777,0,-0.8178086773773812,urbain,wolof,H,0,0,1.050436228132796,0.16796551754819505,47.14317590251718,0.8320235795908721
S00778,0,-0.44003897969979155,rural,wolof,H,0,1,-0.5950300302811243,0.7687586192182965,47.02834632825955,0.680496677095124
S00779,1,0.7060487288713726,urbain,français,H,0,0,0.4625650775900469,0.07066375793139605,39.43498449631951,0.8643199085895988
S00780,0,-0.3982524634408585,urbain,français,H,0,0,-1.961883486465059,0.3269405373903214,63.856301425662494,0.5819139614846595
S00781,1,0.2697050572202887,rural,français,F,0,0,0.4625650775900469,0.0435727659964009,42.51438893019749,0.8567843879692144
S00782,0,-0.03114659724757746,urbain,wolof,F,0,1,1.508379536169013,0.39919080940252544,37.74224897932024,0.9018131588185052
S00783,1,0.09139527441367712,urbain,français,H,0,0,1.1358119908378483,0,46.78571175931732,0.9167545846683536
S00784,0,-1.4907811686433319,urbain,autre,H,0,0,-1.961883486465059,0.2374397808612303,51.84717358307801,0.572171244137576
S00785,0,-0.5778282933881752,rural,wolof,F,1,1,0.5436260064330518,0.4789808319832794,39.487009866775416,0.8344875110348696
S00786,1,0.24288432085497702,rural,autre,H,0,0,0.361886464303974,0.7217012196355984,44.43528874825232,0.6998964888305916
S00787,1,1.4830246668802192,urbain,français,F,0,1,1.508379536169013,0.41241192994376,26.40089673557479,0.8953747009610666
S00788,1,0.33384294058695535,urbain,français,H,0,0,1.050436228132796,0.1926468318702469,33.98702540600993,0.8669831234016746
S00789,0,-0.44148359706170337,urbain,autre,F,0,0,1.1358119908378483,0.11892314138975511,37.687318519118726,0.8881673483031874
S00790,0,-1.1409348939979502,rural,wolof,H,0,1,-0.5950300302811243,0.7161198656304063,46.2897964111738,0.6658868617788997
S00791,1,0.03179193225088589,urbain,français,F,0,0,-1.961883486465059,0.1996866739069852,55.11905051798852,0.6869780023969463
S00792,0,-0.4931977006078473,urbain,français,F,0,0,-0.09886818526410894,0.39896664636524914,55.80803717397546,0.7828445524047742
S00793,0,-0.26344820589372536,urbain,français,F,0,0,-0.5589055756131087,0.4440190905357563,55.58564019637431,0.7665378214125266
S00794,0,-0.7697902118267935,rural,autre,F,1,1,-0.6770804424361538,0.07725744039121053,31.829310577397507,0.8105156578626249
S00795,1,1.0958328680601452,urbain,français,F,0,0,0.4625650775900469,0,30.618122941218903,0.8855954520717539
S00796,1,0.6449582217460529,rural,autre,F,0,0,1.050436228132796,0.16458009163072074,36.187933625556624,0.8596541963981772
S00797,0,-0.18048235592846867,urbain,français,H,1,0,-0.5589055756131087,0.5437356330506131,57.992496073202815,0.7611497315654971
S00798,1,0.006591854560044329,rural,français,F,0,0,-0.09886818526410894,0.2784556439191508,55.488287551324945,0.7366507649818155
S00799,0,-0.3079823594996874,rural,autre,F,1,0,1.1358119908378483,0.05152945253051112,38.910097328476795,0.889973207830463
S00800,1,1.08680706721087,rural,autre,F,0,0,0.7594385270695994,0.3637268215611087,43.63454758324823,0.8444954722456024
S00801,0,-0.2928572522797176,urbain,wolof,F,0,0,0.4625650775900469,0.08558672222663063,42.64050990472415,0.8674316157589665
S00802,1,0.5796426077650267,urbain,autre,F,0,1,1.508379536169013,0.3407546129740099,26.976218763405463,0.882073808834536
S00803,1,1.8294846499773976,urbain,français,H,0,1,0.5436260064330518,0.5198878697185723,31.711559426042697,0.7529459584874514
S00804,0,-0.004375137045151247,urbain,français,H,0,0,-0.5589055756131087,0.3923684029177133,49.69654385322206,0.7260434905994616
S00805,1,0.9491685182448636,urbain,wolof,H,0,0,0.4625650775900469,0,32.38589573481127,0.8898548484271503
S00806,1,0.9833616002405062,urbain,wolof,F,0,1,-0.6770804424361538,0.02632523199199268,31.27154929656493,0.8197409240956594
S00807,0,-0.415595543402821,urbain,français,F,1,1,-0.5950300302811243,0.7043182710067228,37.6649930295284,0.6696235161577572
S00808,0,-1.8990447231111827,urbain,français,H,0,0,-1.961883486465059,0.2808897576388816,41.99441294155896,0.5376885775335474
S00809,0,-1.6119782306308077,urbain,autre,H,0,0,-1.961883486465059,0.2947881232956612,65.67834944862811,0.6067308656610476
S00810,0,-0.9228248382172631,urbain,wolof,F,0,1,-0.5950300302811243,0.84342931304742,49.08504505615516,0.5108485917163748
S00811,1,0.6227151763169919,urbain,wolof,F,0,0,-0.09886818526410894,0.3653543226208751,41.050438026139105,0.7769738405493781
S00812,1,0.5316818533303324,urbain,français,F,0,0,1.050436228132796,0.11210228834955084,37.195988337331634,0.8946032000503917
S00813,0,-1.0220618923968732,rural,autre,F,0,0,-0.4962851679537585,0.877273220576595,64.96202966518855,0.5029073950433093
S00814,0,-0.1494116349840995,urbain,wolof,H,0,0,1.050436228132796,0.17718248890168278,46.88791318688051,0.8886576903391343
S00815,0,-1.00525659601559,urbain,wolof,F,0,0,1.050436228132796,0.22469503863500173,37.66977139589555,0.8671102234175462
S00816,1,0.9785005241984739,rural,wolof,H,0,1,1.508379536169013,0.4194156701519092,37.34960648471965,0.8120709775217121
S00817,0,-1.6037595806366607,rural,wolof,F,0,0,0.8036427494500231,0.6676634141877309,54.96466578669147,0.7734190102880913
S00818,0,-0.3562076282854294,urbain,français,H,1,1,1.508379536169013,0.3968005666496344,29.524452299600565,0.8840146808626376
S00819,1,0.03490906243154858,rural,français,H,0,1,1.508379536169013,0.35509694651025747,39.6393212130868,0.9033040606655108
S00820,1,0.26580771264198216,rural,wolof,F,0,0,1.050436228132796,0.15039288549429575,32.88119239324587,0.8848953433539418
S00821,1,0.3327693864109458,urbain,français,F,0,0,0.8036427494500231,0.6921933513564456,59.2939284232036,0.7319249114654173
S00822,0,-1.2054234147188392,rural,autre,F,0,0,-1.961883486465059,0.31077288828621125,55.64960342051833,0.6351408055338449
S00823,0,-1.1934140007243235,urbain,wolof,H,0,1,-0.5950300302811243,0.7841444690542226,49.36366656704168,0.6144580638828784
S00824,0,-0.5604424361584627,rural,français,F,0,0,-1.961883486465059,0.3330670695687381,56.51619850271008,0.6865730027420575
S00825,1,0.15720488096978902,urbain,français,H,0,1,-0.5950300302811243,0.6797472530519268,35.65135630676771,0.7078281920877081
S00826,0,-0.9332954965958541,urbain,wolof,F,0,0,1.050436228132796,0.13232939941555774,43.26954412922401,0.89270271905316545
S00827,1,1.0495136493552286,urbain,wolof,H,0,0,1.1358119908378483,0.0291205347919765,35.81967127994907,0.9204619470822482
S00828,1,1.5602218427612782,urbain,autre,H,1,0,0.4625650775900469,0.07700427294543351,31.794295798233183,0.886009821561422
S00829,0,-0.17912723040171805,rural,français,H,0,0,0.361886464303974,0.6807958393225815,61.24329159217328,0.6627991917753515
S00830,0,-0.16287570783104766,urbain,wolof,F,1,0,0.7594385270695994,0.3602149260595489,50.407249194185376,0.8165606690519958
S00831,0,-0.28834739829113126,urbain,français,F,0,0,1.050436228132796,0.12498041572442732,46.36515907178259,0.9182785296906184
S00832,1,0.8497454618188942,urbain,wolof,F,0,0,1.1358119908378483,0,41.749044972151886,0.8919018563041584
S00833,1,0.6560551015566054,rural,français,H,0,1,-0.5950300302811243,0.8242735557057076,43.0656616738643,0.6621214833598087
S00834,0,-0.3144332957295838,urbain,wolof,H,0,1,0.5436260064330518,0.5766392767069767,37.009596649021766,0.7811780075881708
S00835,1,0.6323519642548207,urbain,français,H,0,0,1.050436228132796,0.06248308807753441,34.18895931265432,0.9155796584703308
S00836,0,-2.1283820167399363,rural,autre,F,0,1,-1.7249192939776967,0.5003506096246573,43.71882115911853,0.5395440942494263
S00837,0,-0.7025119309241549,urbain,français,H,0,1,1.508379536169013,0.3827978928291341,35.77975738014386,0.8580588207499817
S00838,1,1.2325505284447404,urbain,français,H,0,1,-0.6770804424361538,0.1013967709114378,36.41990426014602,0.8110291468307796
S00839,1,1.7025888548340227,urbain,français,F,0,0,1.1358119908378483,0,34.60713654407497,0.924107306850254
S00840,1,1.5809584452492467,urbain,français,F,0,0,1.050436228132796,0.08036611068877551,34.62602267076223,0.889416994548481
S00841,0,-0.04956490572524654,urbain,wolof,F,0,1,-0.6770804424361538,0.10985259294707388,35.86589785470573,0.849260411602415
S00842,1,0.02510612800500509,urbain,autre,H,0,0,-0.4962851679537585,0.925693818476466,64.74016309266526,0.6376255009562045
S00843,1,0.9045899476011562,urbain,wolof,F,0,0,0.7594385270695994,0.34215633248804334,40.54023868072863,0.8925797029045878
S00844,0,-1.184123424041135,urbain,wolof,F,0,0,-0.5589055756131087,0.3923684029177133,49.69654385322206,0.7260434905994616
S00845,1,0.23606595792224608,urbain,wolof,H,0,0,1.050436228132796,0.10435350339359133,41.26800472228254,0.8977822515062837
S00846,0,-0.506508316633281,urbain,wolof,F,0,0,-0.09886818526410894,0.3783009663768313,49.77803998821768,0.7217369735013663
S00847,1,0.5457636118301584,rural,wolof,F,0,0,0.4625650775900469,0.14533664415852565,39.54498276233809,0.8401124678614582
S00848,1,0.6945016940776273,rural,wolof,F,0,0,1.1358119908378483,0.12075767650193428,35.35211935920009,0.8677037560704172
S00849,0,-0.2866737676723122,urbain,français,F,1,1,-0.5950300302811243,0.7016652697532908,38.335113645060886,0.6139316787541079
S00850,1,1.1196831929559108,urbain,wolof,F,0,0,1.050436228132796,0.1005288429019716,38.05680495069495,0.8652976271138098
S00851,1,0.011326087668384374,rural,wolof,H,0,1,-0.6770804424361538,0.1273963315080755,34.28872524074527,0.7794873696892797
S00852,0,-0.09221476810723657,rural,wolof,H,0,1,1.508379536169013,0.38982186571148303,33.59205492768816,0.8992026299274205
S00853,0,-0.038062357271448535,urbain,wolof,F,0,0,0.7594385270695994,0.2311955778125458,48.458872453426054,0.8655350199678453
S00854,0,-0.22318314117915705,rural,wolof,H,0,0,-0.5589055756131087,0.46154264490586266,51.77140536389719,0.7900778574229201
S00855,0,-1.6272444568628393,rural,wolof,F,1,1,-0.5950300302811243,0.7161198656304063,46.2897964111738,0.6658868617788997
S00856,1,0.1355299375464755,urbain,wolof,F,0,0,1.050436228132796,0.14999459205830076,35.1009439500084,0.9066904944216696
S00857,0,-0.6937567848050354,rural,wolof,F,1,1,0.5436260064330518,0.5648631695686935,37.6265327216471,0.8632271038060826
S00858,0,-0.03609373147501348,urbain,wolof,H,0,1,-0.6770804424361538,0.08730782448313794,37.310639895090326,0.8004784136801346
S00859,0,-0.01852850009241203,urbain,français,H,0,1,-0.6770804424361538,0.08730782448313794,37.310639895090326,0.8004784136801346
S00860,0,-1.1633799594989516,urbain,wolof,F,0,0,0.7594385270695994,0.32762380266016927,44.459884763674395,0.8317460287626075
S00861,1,0.6043993825013022,urbain,wolof,F,0,1,-1.7249192939776967,0.39857054045992146,37.63386315938075,0.573243914154867
S00862,0,-0.22690393048212432,urbain,français,F,0,0,0.7594385270695994,0.2959262642794634,36.3263329725992,0.8471867006770758
S00863,0,-0.28592132361643385,rural,wolof,H,0,1,1.508379536169013,0.3604532396743915,28.41209003212321,0.8644619122003689
S00864,1,1.0656160384538473,urbain,français,F,0,1,1.508379536169013,0.32883746813269676,27.865747436373148,0.9099581487138544
S00865,1,0.19463842142616322,urbain,wolof,H,0,0,0.7594385270695994,0.34146142484215564,44.76200904306043,0.8617967147180787
S00866,0,-0.5087055923063953,rural,autre,H,0,0,-0.4962851679537585,0.9701721691426124,64.4873476658061,0.5816212475215242
S00867,0,-1.333492124440588,urbain,français,H,0,0,0.361886464303974,0.6404260704946135,61.68109243247589,0.7009843838933385
S00868,0,-1.2243104611922953,urbain,wolof,H,0,1,-0.5128143979953421,0.6605916203671698,48.1611844145068,0.6710599485521308
S00869,1,0.045524620992693325,rural,wolof,F,0,0,0.8036427494500231,0.6802263158958551,53.7242808502608,0.8067049301123079
S00870,0,-1.3875734423633566,urbain,français,H,0,0,-1.961883486465059,0.384469005541953,70.68685402457082,0.5298390016741342
S00871,1,1.2762463145299274,urbain,wolof,H,0,1,-0.6770804424361538,0.02518253428400573,36.77709860050821,0.8043141720319908
S00872,0,-0.13508747829607534,urbain,wolof,F,0,0,0.4625650775900469,0.03373153871599341,43.3821304366455,0.8377151687956651
S00873,1,1.3974391995542594,urbain,français,F,0,0,1.050436228132796,0.15905480593137936,37.74410915540046,0.892113720880218
S00874,1,0.6453671113028393,urbain,autre,H,0,0,1.050436228132796,0.1314150940614282,41.04740442599937,0.8803103618900998
S00875,1,1.078146878535698,rural,français,H,0,1,0.5436260064330518,0.6819359483005758,33.86744943409243,0.7082793550967639
S00876,0,-0.5226342344902024,urbain,français,H,0,0,-0.5589055756131087,0.4994428779223185,59.902976372839845,0.7494154053436556
S00877,1,0.15556444404893624,urbain,français,F,0,0,1.050436228132796,0.07284523247790443,43.478985948895925,0.8973206376245224
S00878,0,-0.5592250414120904,urbain,autre,H,0,0,0.361886464303974,0.6519485446215167,43.85686936812266,0.7695976585016245
S00879,0,-0.8600259642749198,rural,autre,F,0,1,-0.5950300302811243,0.822602277785154,42.80778335650672,0.5269637889391445
S00880,1,0.4528587610842724,urbain,autre,F,0,0,0.8036427494500231,0.6416911265292431,38.664727703328865,0.769130100305793
S00881,0,-0.8270732604372282,rural,français,F,0,0,-1.961883486465059,0.31099392343165533,52.9434045846829,0.5212410469621884
S00882,0,-1.6785329853568496,rural,wolof,F,0,1,-1.7249192939776967,0.5357590481580553,44.02183126251256,0.579214000698787
S00883,1,0.8129839713712813,rural,wolof,F,0,0,1.050436228132796,0.14850306858329007,45.846053945054635,0.8794499251053589
S00884,0,-0.19352201514339953,urbain,wolof,F,0,1,-0.6770804424361538,0.06487925765867485,31.968234136077733,0.7253191216064049
S00885,1,0.6736385033117783,urbain,wolof,H,0,1,1.508379536169013,0.5700571081778864,31.27651945726007,0.8619744192650401
S00886,1,0.6799457743682462,urbain,français,H,0,1,1.508379536169013,0.40773841235715497,33.622386865049954,0.8920038761596735
S00888,0,-0.9261707726011961,rural,autre,H,0,0,0.7594385270695994,0.28661865129341163,50.48093288481093,0.8232463023582277
S00889,0,-2.1344665217705185,rural,autre,F,0,0,-0.5589055756131087,0.4830989742831848,46.90941290761032,0.6835592377483906
S00890,1,0.432192019862203,urbain,français,H,0,1,1.508379536169013,0.4463112909972954,32.06148343617645,0.909916815017586
S00891,1,0.3402846540010709,urbain,wolof,H,0,0,1.1358119908378483,0,30.60882918178237,0.9158838863757554
S00892,0,-0.37693027077943336,rural,autre,F,0,0,-0.09886818526410894,0.407196355479178,51.71366280882015,0.7987072675460203
S00893,1,0.20156878664707265,rural,français,H,0,0,1.050436228132796,0.23502425799226717,37.175831762318744,0.8496093723100786
S00894,0,-0.9543817166426557,urbain,wolof,H,1,0,-1.961883486465059,0.3291719569212911,57.87998837639043,0.6417462923732801
S00895,1,0.9117315904749377,urbain,français,H,0,0,1.1358119908378483,0.08800357261746489,33.77139683181564,0.9186010379218263
S00896,1,0.1928181546520212,urbain,français,H,0,1,-0.6770804424361538,0.09412973210732424,29.26966683590149,0.8245277605970116
S00897,0,-0.10366804903422461,rural,autre,H,0,0,0.361886464303974,0.6092242891234846,41.697637090987335,0.8276998401725112
S00898,1,0.8560826987859049,urbain,wolof,H,0,0,0.4625650775900469,0.01500824560252943,41.138197267365726,0.8247668081257217
S00899,1,0.6762721458818672,urbain,français,F,1,1,1.508379536169013,0.387186875584396,28.00899550500945,0.8863515841368337
S00900,0,-1.314237602448624,urbain,wolof,F,0,0,-1.961883486465059,0.2511016360990062,46.41487647172814,0.5356422709069907
S00901,0,-0.8516743420690437,urbain,autre,F,0,0,0.8036427494500231,0.7784222509629722,43.36540051449216,0.7530113738455692
S00902,1,1.2805462969121,urbain,wolof,H,0,0,0.7594385270695994,0.3120446316163251,42.88533386111014,0.8776734954737184
S00903,0,-1.1590766270842392,urbain,wolof,F,1,0,0.4625650775900469,0.05252728211602112,37.31127904059993,0.8700738996911963
S00904,1,0.28590673615258605,urbain,français,F,0,0,-1.961883486465059,0.3595578358523463,57.83762247317946,0.572478012451212
S00905,1,0.061758659985167885,urbain,français,F,0,0,1.050436228132796,0.1777413914745075,40.34230556679898,0.8842222360594497
S00906,0,-0.400529911710752,urbain,wolof,H,0,0,0.4625650775900469,0.04932565854947228,36.88620417552895,0.8345273476465437
S00907,1,0.13528334463374755,urbain,wolof,F,0,1,0.5436260064330518,0.5818953706884139,32.17810897822788,0.7968447081215208
S00908,1,0.4307898945708873,urbain,français,H,0,0,1.050436228132796,0.08711084552834004,43.99771636180575,0.8608940669609129
S00909,1,0.5788680855848836,urbain,français,F,0,1,0.5436260064330518,0.49174901810981625,28.006026419067105,0.7701597654370046
S00910,0,-1.1055542216423389,urbain,wolof,F,0,0,-0.5589055756131087,0.4929836796731315,43.33783670502989,0.6739039997245043
S00911,1,0.48342873349534793,rural,wolof,H,0,1,0.5436260064330518,0.5715845400445495,33.8794448993758,0.7796215560710686
S00912,0,-1.2210496247690357,rural,wolof,H,0,0,-0.5589055756131087,0.42517765678042385,63.361874130555,0.7647998930335684
S00913,0,-1.0156580603466796,urbain,wolof,H,0,1,0.5436260064330518,0.5367653076399035,36.99896169678813,0.7879523754282791
S00914,1,0.8952620199439997,rural,wolof,H,0,1,0.5436260064330518,0.5578004044814672,42.01187240587553,0.780160320573826
S00915,0,-1.1442409832428764,urbain,wolof,H,0,1,-0.6770804424361538,0.01648850369397184,34.75921705064726,0.7559827551351559
S00916,1,0.1796774083094584,urbain,wolof,H,0,0,1.050436228132796,0.20751439821020365,43.290589631706936,0.8832529575492393
S00917,1,1.2867804659688582,urbain,wolof,F,0,0,1.050436228132796,0.17933361408351386,36.10985483978407,0.8734919583755424
S00918,0,-0.5813673814949417,urbain,français,F,1,0,0.7594385270695994,0.2988816238224084,47.03851537983142,0.8538162670527474
S00919,1,0.13216073855598173,rural,wolof,H,0,1,0.5436260064330518,0.5715845400445495,33.8794448993758,0.7796215560710686
S00920,0,-0.5349647797899922,rural,français,F,0,0,0.361886464303974,0.693652823214097,55.280768939701595,0.7363176118812874
S00921,1,0.8118013727843035,urbain,français,F,0,0,-0.5589055756131087,0.4723498656434966,47.098928849283894,0.7174853466304874
S00922,0,-0.31358919718165856,rural,wolof,F,1,1,-1.7249192939776967,0.46371960568381454,43.92148292167912,0.5172409564070101
S00923,1,2.0728682192710504,urbain,français,F,0,0,1.1358119908378483,0.02489424271576206,35.02244201302952,0.912915005657086
S00924,1,1.0200956603996698,rural,autre,H,0,0,-0.09886818526410894,0.34664311244575663,56.0823062329351,0.7959962035236433
S00925,1,0.4310015113303677,urbain,wolof,H,0,0,0.4625650775900469,0.01288415887780839,36.08778101914611,0.857610663728732
S00926,0,-1.5418674585304253,urbain,wolof,F,0,0,-1.961883486465059,0.26372284499500276,54.47629357012247,0.5486733203068749
S00927,0,-0.5458798977944409,urbain,autre,F,0,0,-0.09886818526410894,0.3427256806321492,43.42786649236359,0.8037573473397889
S00928,1,1.4482860984462598,urbain,wolof,H,0,1,-0.6770804424361538,0,38.38756813193581,0.821725718040881
S00929,1,0.2533123992202716,rural,wolof,H,0,1,1.508379536169013,0.31679415578253944,30.290592516497615,0.9179523369546492
S00930,1,1.4177296050355608,rural,français,F,0,0,1.1358119908378483,0.06682086754262313,35.350573039527625,0.9029513492559424
S00931,1,2.10548741486132,rural,wolof,H,0,1,1.508379536169013,0.3493036413099865,28.298870395103723,0.9075958060408964
S00932,1,0.4773326561532239,urbain,français,H,0,0,-1.961883486465059,0.37016981632199586,50.81060767498752,0.6796523436651392
S00933,1,0.5440781938475191,urbain,français,H,0,1,1.508379536169013,0.38406686840762566,34.58867125891307,0.872756654843831
S00934,1,0.42635342793126935,urbain,français,F,0,0,0.8036427494500231,0.6707077787306936,50.60419469192854,0.7619512247197849
S00935,0,-1.5394261661278597,rural,autre,F,1,1,1.508379536169013,0.4319850712455265,35.19945072565116,0.8637014661378101
S00936,1,1.3890019465529022,urbain,autre,F,0,0,1.050436228132796,0.13970125939893854,41.920743908082954,0.8994547210919774
S00937,0,-0.4590040760955728,urbain,wolof,H,0,0,-0.09886818526410894,0.3498165422705039,51.5818403019186,0.7389700443640549
S00938,0,-0.23224123853672318,urbain,français,H,0,1,0.5436260064330518,0.5655798443634079,32.016339951871274,0.7363044134288299
S00939,1,1.2718774391323515,urbain,wolof,H,0,0,1.050436228132796,0.1777413914745075,40.34230556679898,0.8842222360594497
S00940,0,-1.492004130866315,rural,français,H,0,1,-0.5950300302811243,0.7844979368480114,36.87601057893141,0.5968173360979454
S00941,0,-0.01593110304974491,rural,autre,H,1,1,1.508379536169013,0.3777807379906851,35.26230889354292,0.8951081829946863
S00942,0,-0.12070441354229258,urbain,français,H,0,0,1.1358119908378483,0.05667370945205217,42.16651978985281,0.9124050080054238
S00943,1,1.3165176733089654,urbain,wolof,H,0,1,-0.5128143979953421,0.6920827814585911,39.66678198069443,0.7024487252535105
S00944,1,0.6950233904887057,urbain,français,H,0,0,0.4625650775900469,0.05123158999373945,37.31749974201561,0.8864156989674343
S00945,1,1.2346390212698277,urbain,wolof,F,0,1,-0.6770804424361538,0.03996370999983835,40.279714559760286,0.736073280059921
S00946,1,1.1166602253999964,rural,autre,H,0,0,1.1358119908378483,0.02755843174646157,43.884547022232816,0.9147971581739336
S00947,0,-0.5166106928835458,rural,wolof,F,1,0,-0.09886818526410894,0.4031653661904316,55.47721156924476,0.7372935665940685
S00948,1,0.16282196388513762,urbain,français,H,0,0,1.1358119908378483,0.09264399892383046,30.403688485130314,0.907167248990449
S00949,1,2.170281147152017,urbain,français,F,0,0,1.1358119908378483,0.02404260275153257,31.44311162338617,0.9152731798734978
S00950,0,-0.5538990978216424,rural,autre,H,0,0,0.361886464303974,0.5581310514434599,56.71929630341424,0.729348026575402
S00951,1,0.5670819997152383,urbain,français,F,0,1,-0.6770804424361538,0.08253699121809888,33.48841213280799,0.7120974025119817
S00952,1,0.37646737209758807,rural,autre,F,0,0,-0.5589055756131087,0.3430662761725853,51.43570105866715,0.7025237695169124
S00953,0,-1.1368612703337309,rural,wolof,H,0,0,-1.961883486465059,0.254689403138716,52.208659329274774,0.5404774086216285
S00954,1,0.9257821492786388,urbain,wolof,H,0,0,1.050436228132796,0.10820951846863174,43.27887261368683,0.9055808652289972
S00955,1,1.6568008928798021,urbain,français,H,0,1,-0.6770804424361538,0.03794618880569861,32.38825886334756,0.8401544442530456
S00956,0,-0.5122366074559147,rural,wolof,F,0,1,-0.5950300302811243,0.7593057549797028,47.08684354895756,0.6079503696562734
S00957,0,-0.2904766771453746,urbain,français,H,0,0,0.7594385270695994,0.26510601806414763,38.5865279961142,0.8610718049963165
S00958,0,-0.37383609038540194,urbain,wolof,F,0,1,-0.6770804424361538,0.0451004309343611,33.3094371972029,0.787498910968235
S00959,0,-0.5575388195727139,urbain,wolof,H,0,0,0.8036427494500231,0.63174275474609,43.0971391644685,0.8404574678638105
S00960,1,0.178324393540149,urbain,wolof,H,1,1,-0.6770804424361538,0.13258751017569004,36.35986966874914,0.8211359606736697
S00961,0,-0.3466629430937069,urbain,français,H,0,1,0.5436260064330518,0.6245530512456875,45.80351319666442,0.8310478459635195
S00962,0,-0.2730472423941781,urbain,wolof,F,0,0,0.7594385270695994,0.30366452953099243,43.97502180472095,0.8160148611657174
S00963,0,-0.7155270660312834,rural,autre,F,0,0,-1.961883486465059,0.4383115342072077,66.26585039920197,0.5366362972845655
S00964,1,1.12396589256043,urbain,français,H,0,1,1.508379536169013,0.3407546129740099,26.976218763405463,0.882073808834536
S00965,0,-0.04278334543376311,urbain,autre,H,0,1,0.5436260064330518,0.5655798443634079,32.016339951871274,0.7363044134288299
S00966,1,0.9109382150363974,rural,wolof,F,0,0,1.050436228132796,0.12442583038643756,36.53256946902836,0.900665507442037
S00967,0,-0.4587301510961152,urbain,français,H,1,0,-0.09886818526410894,0.2955973643528341,44.96935671583967,0.7896862061789698
S00968,0,-1.242750259918617,urbain,français,H,0,1,-1.7249192939776967,0.6052780906500148,43.372386205403394,0.594661007985579
S00969,0,-1.5105426952058485,urbain,wolof,H,0,0,0.361886464303974,0.6936077734382384,42.05049048856075,0.7654486062368678
S00970,0,-0.57131238175515,urbain,wolof,F,1,0,1.1358119908378483,0,36.15685149812517,0.9123428197178384
S00971,0,-0.2992391679256876,urbain,wolof,F,0,1,-0.5950300302811243,0.7975446618311007,46.500746636964394,0.5351207938718658
S00972,0,-1.2392255235507568,urbain,wolof,H,1,0,1.050436228132796,0.10370363269518185,38.17329241113991,0.91084792647824
S00973,1,0.9771195869952061,rural,wolof,H,0,0,-0.09886818526410894,0.33496577096446073,56.4287414161062,0.7639219777912523
S00974,0,-0.5066760257871875,urbain,wolof,H,0,1,-0.5950300302811243,0.7360708251199425,40.967984814285956,0.6933819480852732
S00975,0,-1.412945435110614,rural,autre,H,1,1,-1.7249192939776967,0.5253219078158275,41.30210907261964,0.6399828171999383
S00976,0,-1.6761052623542567,rural,wolof,H,0,0,0.361886464303974,0.6736297275301604,55.395648226517345,0.6256376119385019
S00977,0,-0.328763413003649,urbain,français,H,0,1,-1.7249192939776967,0.5460167524555846,34.498887156465884,0.5314305049773596
S00978,0,-0.22200488809565905,rural,wolof,H,0,0,-0.09886818526410894,0.35949414878378205,54.19455765770071,0.8036734005082855
S00979,1,0.11884083861658193,urbain,français,F,0,0,1.050436228132796,0.14947768414121498,43.90435067675417,0.8255014716282962
S00980,1,0.686132640867111,rural,autre,H,0,0,0.4625650775900469,0.05257572614716958,39.0232683497481,0.8548366815519963
S00981,1,1.7608396404045465,urbain,wolof,H,1,0,1.1358119908378483,0.04600661071527127,35.856076202439574,0.9107597152227338
S00982,1,1.0740468561443925,urbain,français,F,0,0,1.1358119908378483,0.01718490262744878,33.7847433814995,0.9042700911819328
S00983,0,-1.4480883058135345,urbain,français,F,1,0,-0.09886818526410894,0.4434052862539245,48.51070977753384,0.7586508722625125
S00984,1,0.42609329613285396,urbain,français,H,0,0,0.4625650775900469,0.04398974111912341,47.42452795852671,0.8576744389153469
S00985,1,0.8383656904987642,urbain,français,F,0,0,0.4625650775900469,0,43.29499875838605,0.8741098731948941
S00986,0,-0.18126237593653455,urbain,wolof,F,0,1,-0.5950300302811243,0.7130611077527812,44.634998513960106,0.5255980536010746
S00987,1,0.8353574255402398,urbain,français,F,0,0,1.050436228132796,0.11802946930309256,38.17943408306373,0.9204512548168964
S00988,1,1.930074117985466,urbain,autre,H,0,0,1.1358119908378483,0.07687580558605189,44.37666273126484,0.91406876670945
S00989,1,1.1244112983921,urbain,français,H,0,0,1.050436228132796,0.15905480593137936,37.74410915540046,0.892113720880218
S00990,0,-0.6200991991124015,urbain,wolof,H,0,0,0.4625650775900469,0.08558672222663063,42.64050990472415,0.8674316157589665
S00991,1,0.23952267116386688,urbain,français,F,0,1,-0.5950300302811243,0.748570767343936,39.68165641504108,0.6138562643371389
S00992,1,0.02825802411565617,rural,autre,F,0,0,0.7594385270695994,0.32313189213819515,44.30748427058179,0.878190346071408
S00993,0,-1.4650462387775576,urbain,français,H,0,1,-1.7249192939776967,0.6652505406873114,54.75040678991121,0.4748071085236835
S00994,1,1.0512325258834627,urbain,français,F,1,0,0.7594385270695994,0.26576959082127605,42.930794085151796,0.8727066923655739
S00995,0,-0.8239950363536571,urbain,français,F,0,1,-0.5128143979953421,0.8198976262773685,39.53406848743345,0.583946588095006
S00996,0,-0.7301096707449475,urbain,français,F,0,0,0.8036427494500231,0.7678707213371312,52.09310416826404,0.808297465272448
S00997,1,0.4253775844669198,urbain,français,H,0,0,-1.961883486465059,0.3193714860211871,51.23039598989714,0.6688871974225634
S00998,1,0.18436370061100474,urbain,wolof,H,0,1,-0.6770804424361538,0.08332851927269808,41.77376122017218,0.774757537334232
S00999,0,-1.2303970979253926,urbain,autre,F,0,0,-0.5589055756131087,0.4896668419631361,54.15078351962507,0.6418511588440654
S01000,0,-1.1396821045047556,rural,wolof,F,0,1,-0.5950300302811243,0.7395160552435333,43.184649273209295,0.636091412365033
S01001,1,0.26769022185093233,rural,autre,H,0,0,1.050436228132796,0.21425705419033436,43.49509106045486,0.9139006818014456
S01002,0,-1.0562066013186187,rural,autre,F,0,1,-0.6770804424361538,0.04951914969295482,30.25438194633759,0.8262666280683455
S01003,1,0.39510793346854395,rural,wolof,H,0,0,-0.09886818526410894,0.4624804524153426,54.66018716064803,0.6747422369605045
S01004,0,-0.15620822258506403,urbain,français,H,0,0,0.8036427494500231,0.7467076059742018,58.66464300412547,0.8047699140834701
S01005,0,-1.294489598542892,urbain,wolof,F,0,1,-0.5950300302811243,0.8941549965644228,47.75309696457615,0.5741613945595129
S01006,1,0.539447341491929,rural,autre,F,0,0,0.7594385270695994,0.3637268215611087,43.63454758324823,0.8444954722456024
S01007,1,2.4808715399177625,urbain,français,H,0,0,0.4625650775900469,0.04261717473196608,45.29733895046451,0.9031313633105812
S01008,0,-0.5281442862107998,rural,autre,H,0,1,0.5436260064330518,0.5781530093265586,39.81356199984012,0.7987216498694202
S01009,1,1.9450115508778685,urbain,wolof,H,0,1,-0.6770804424361538,0.05835605068821156,34.02478572274985,0.8069030038215993
S01010,1,0.43603113833652907,urbain,wolof,H,0,0,1.050436228132796,0.15849617372073285,37.03042465578901,0.8910128901357449
S01011,1,0.15896729757646966,urbain,wolof,H,0,0,-0.5589055756131087,0.48452069301230694,63.861572154385755,0.7305278786394835
S01012,0,-0.5965628955159643,rural,wolof,H,0,1,-1.7249192939776967,0.6439900816319217,42.19485973307207,0.44990377569617246
S01013,0,-0.16758841061866023,urbain,wolof,F,0,0,-0.09886818526410894,0.4434052862539245,48.51070977753384,0.7586508722625125
S01014,1,1.8078912738451702,urbain,français,F,0,0,1.050436228132796,0.13136261668625382,34.62119426896801,0.9095508769724852
S01015,0,-0.5188929820214829,urbain,wolof,H,0,0,-1.961883486465059,0.3034267757884605,59.73105700403352,0.6098887432858837
S01016,0,-1.400805357244625,rural,wolof,F,0,0,0.8036427494500231,0.7834983103425105,51.349344071578486,0.8083213919759448
S01017,1,1.0723741690739654,urbain,français,H,0,0,1.050436228132796,0.10746515387185795,34.32562313546777,0.8800598379060784
S01018,1,0.23570149751235514,urbain,wolof,H,0,0,-0.09886818526410894,0.3773525278434341,36.57131757650507,0.769236111665924
S01019,0,-0.4164247910937723,urbain,wolof,F,0,0,0.7594385270695994,0.30366452953099243,43.97502180472095,0.8160148611657174
S01020,1,1.1903830053054487,urbain,français,F,0,1,0.5436260064330518,0.6245530512456875,45.80351319666442,0.8310478459635195
S01021,0,-0.27297413025709116,urbain,français,H,0,0,0.7594385270695994,0.2988816238224084,47.03851537983142,0.8538162670527474
S01022,1,1.4982943364564345,urbain,autre,H,0,0,-0.09886818526410894,0.3499065151245757,43.17600946381274,0.785891328249138
S01023,1,0.909722652771394,urbain,français,F,0,0,1.1358119908378483,0.00959004311372944,37.74435202255409,0.8950457704151109
S01024,0,-1.3031402547653503,urbain,français,H,1,0,1.1358119908378483,0.08052820297260502,42.99613536272452,0.8973369449148383
S01025,1,1.0239973791493753,rural,wolof,F,0,0,0.8036427494500231,0.663470788417149,48.64787377642981,0.8190463816728203
S01026,1,0.3673376550493083,urbain,français,F,0,0,1.1358119908378483,0.09339157588255502,34.995208593333885,0.8981565891132564
S01027,1,0.9036233706997628,rural,wolof,H,0,0,-0.5589055756131087,0.4865479120805836,48.55678940025663,0.7109699623278404
S01028,1,1.019237503772696,urbain,autre,F,0,1,-0.6770804424361538,0.01683324668537654,31.028222243079803,0.8198050868053607
S01029,0,-0.522249991432798,urbain,wolof,F,0,0,0.8036427494500231,0.6786869185851926,45.4859209355842,0.769601237776089
S01030,1,0.9235447578959705,rural,wolof,F,0,0,1.1358119908378483,0.05152945253051112,38.910097328476795,0.889973207830463
S01031,1,0.39067300501849045,rural,français,H,0,0,0.7594385270695994,0.27258318897796424,34.70571173637156,0.8746530574934859
S01032,0,-0.46252304030997665,rural,autre,F,0,0,-0.4962851679537585,0.948001965718577,57.716111607863695,0.5822659054287053
S01033,1,1.0674914040949937,urbain,wolof,H,0,1,-0.6770804424361538,0.11629564613864413,38.56806819496444,0.7928435238897846
S01034,1,0.7224551793052347,urbain,wolof,H,0,0,1.1358119908378483,0.07201266338752471,41.76816077143502,0.9297611195526676
S01035,0,-0.7288871257778379,rural,autre,H,0,1,-0.5950300302811243,0.7964820255287174,44.82316451531145,0.62376401166664
S01036,0,-0.026151993309802248,rural,français,F,0,0,-0.09886818526410894,0.4518139636692907,55.85886346524287,0.8073455243516109
S01037,0,-1.4076346223514973,rural,wolof,H,0,1,-0.5128143979953421,0.7055226337460553,52.343908184368175,0.6579378870175373
S01038,1,0.020918399228368887,urbain,wolof,H,0,0,0.4625650775900469,0,37.58158547444346,0.8788648404079707
S01039,1,0.5216909589971359,urbain,français,H,0,0,1.050436228132796,0.05945448906542702,40.78253570262329,0.8984294191233472
S01040,0,-1.0093836749385052,urbain,wolof,H,0,0,-0.09886818526410894,0.3240474724835874,44.5029887099212,0.7899402775626172
S01041,0,-0.5770312335539975,urbain,français,H,1,1,-0.5950300302811243,0.7360708251199425,40.967984814285956,0.6933819480852732
S01042,1,0.1301629945415649,rural,français,H,1,1,0.5436260064330518,0.5572219965411759,33.30003813130747,0.8093039298020196
S01043,1,1.197984094407926,urbain,français,H,0,1,-0.6770804424361538,0,27.455173281690964,0.7711128003414461
S01044,1,0.08217828983253234,urbain,autre,H,1,0,0.7594385270695994,0.2750836910268456,38.54192027887057,0.8455676966840233
S01045,1,0.043141441737297254,urbain,wolof,F,0,0,1.050436228132796,0.17887307145518858,39.38898251632787,0.9193630091089467
S01046,0,-0.16422130605816793,rural,autre,H,0,0,0.7594385270695994,0.27212402700475785,49.23317809308147,0.8560788837053431
S01047,1,1.373620404517883,rural,français,H,0,0,0.8036427494500231,0.6736692351107644,50.75263468668538,0.8100885323938696
S01048,0,-0.8342004618085996,urbain,français,H,0,1,-0.6770804424361538,0.06804390448617645,31.548559691511507,0.7599513651903675
S01049,1,0.49683105231066876,urbain,wolof,H,0,0,0.361886464303974,0.5693974735253037,55.08814692077849,0.7601389088173831
S01050,0,-0.37734004825061296,rural,wolof,H,0,1,-0.6770804424361538,0.04951914969295482,30.25438194633759,0.8262666280683455
S01051,0,-0.5084471858683153,urbain,wolof,H,0,0,0.7594385270695994,0.21946062701177324,48.0264308996581,0.8869907106598421
S01052,1,0.24382014414140413,rural,français,H,1,1,-0.5128143979953421,0.6930469372574585,49.24012064485471,0.5935793257154476
S01053,0,-1.1222804873414653,urbain,français,F,0,0,-1.961883486465059,0.22863415479938637,61.50948807815092,0.5472744789166009
S01054,0,-0.3654602870216673,rural,autre,H,1,0,-1.961883486465059,0.2894300596462328,47.71125592503857,0.6070177136677489
S01055,1,0.45061995044423625,urbain,français,H,0,0,1.050436228132796,0.14072588325127278,37.9775789921577,0.8848504769917037
S01056,0,-1.9605117999181139,urbain,wolof,F,0,0,1.050436228132796,0.1383040478127396,31.631298151693414,0.8705311539185389
S01057,1,0.10070926287340333,urbain,wolof,H,0,0,0.7594385270695994,0.2761986810045219,35.56791436498048,0.8537354959868662
S01058,0,-0.3375911444062809,urbain,français,H,0,0,0.4625650775900469,0.02960075668563811,43.0094669909847,0.8280606018551218
S01059,0,-0.23678441102488912,urbain,français,F,0,0,0.7594385270695994,0.16489143695873384,46.60030298995045,0.8529116993859152
S01060,0,-0.18001951388005796,rural,autre,F,1,0,0.361886464303974,0.6339757114947071,51.57689653741511,0.78546634713429
S01061,0,-0.04183557177666989,rural,wolof,H,0,1,1.508379536169013,0.40189347121446206,26.59479668766996,0.9093339938357994
S01062,0,-0.17721270899314168,urbain,autre,H,0,0,1.050436228132796,0.13136261668625382,34.62119426896801,0.9095508769724852
S01063,0,-0.396943973028589,rural,wolof,H,0,0,-0.5589055756131087,0.392187321726946,53.70401955797057,0.7676549032721327
S01064,1,0.7963044109158368,urbain,wolof,F,0,0,0.4625650775900469,0.05679219261894782,41.720131813794474,0.8288058207095894
S01065,0,-0.10826992135479313,urbain,wolof,H,0,0,1.050436228132796,0.1223905434211006,35.90917805177576,0.9089858312448256
S01066,0,-1.6533036154303045,rural,français,H,0,1,0.5436260064330518,0.5986724225921515,40.95907471563786,0.7358148300070527
S01067,1,0.6647708904109675,urbain,français,H,0,0,1.050436228132796,0.13986453203802934,39.406197886552214,0.9057135478621996
S01068,1,0.019716373808976964,urbain,autre,H,1,0,0.361886464303974,0.6519067217755175,54.63195985256164,0.7515349340276319
S01069,1,1.6311631589859061,urbain,français,H,0,1,1.508379536169013,0.4437091866260522,32.83970135496861,0.880813276917745
S01070,0,-1.0444914432510732,urbain,français,H,0,1,-1.7249192939776967,0.552540903644833,49.28522103373499,0.6008423992358904
S01071,0,-0.2921934628634336,urbain,français,F,0,0,0.8036427494500231,0.6514485335196257,47.75644336534368,0.7764372986132707
S01072,1,0.5773155248711854,urbain,français,F,0,1,1.508379536169013,0.4712024542494866,32.94781594480812,0.8575129134438741
S01073,0,-1.264186302465889,urbain,wolof,F,0,1,-1.7249192939776967,0.5185703955532642,38.06293033530654,0.6008628287858951
S01074,0,-0.9279987845067618,rural,français,F,0,0,-0.4962851679537585,0.8998885922327059,57.71224036636468,0.6232309454384706
S01075,1,0.18860045069263723,rural,autre,F,0,0,1.1358119908378483,0.12996824454272454,37.218432989217895,0.9165317177568008
S01076,1,0.7064927297530119,rural,wolof,F,0,1,0.5436260064330518,0.527732010274895,40.93862018123751,0.8120912398529037
S01077,0,-0.7256772564891135,rural,autre,F,0,1,-1.7249192939776967,0.6137014858388937,46.6378370452236,0.5127269437062368
S01078,1,0.4216779138782935,urbain,wolof,H,0,1,-1.7249192939776967,0.509614986270132,38.30271950967849,0.6077897292180476
S01079,0,-1.31555282475151,rural,français,F,0,0,-1.961883486465059,0.36380338062389184,62.28892071732136,0.5235771292078272
S01080,0,-1.2484206777618456,urbain,autre,F,0,0,1.1358119908378483,0,38.67750540744438,0.9051380123244134
S01081,0,-0.15111271234202292,rural,wolof,H,1,0,-0.09886818526410894,0.27677541325591115,55.126082778048826,0.7316580482720554
S01082,1,0.20824142801897128,urbain,wolof,F,0,0,-0.09886818526410894,0.39846093974886226,59.02201112517045,0.7311310912457798
S01083,0,-0.45098195873754027,urbain,wolof,F,0,0,-0.5589055756131087,0.4894878516614988,60.149172780770655,0.7433888266021926
S01084,0,-0.9415230228829654,rural,autre,F,1,0,0.361886464303974,0.6821049440715196,58.567119332227534,0.7330577020927938
S01085,0,-0.6826963322984048,urbain,wolof,H,0,0,1.050436228132796,0.08711084552834004,43.99771636180575,0.8608940669609129
S01086,1,1.5762881859970235,urbain,français,F,0,0,1.1358119908378483,0.05211217717435938,30.848762448448188,0.8918279586874283
S01087,0,-1.6836886487118907,urbain,autre,H,1,0,1.050436228132796,0.11059929910817903,35.360761186324474,0.8956288155047737
S01088,1,0.5595981753255426,urbain,français,F,0,0,-1.961883486465059,0.2860600033271258,72.67781782111325,0.5810615887936182
S01089,0,-1.1929189405584855,rural,autre,H,0,0,0.8036427494500231,0.8050589220872474,58.16996243590328,0.7992882140747296
S01090,1,1.1123154328670892,urbain,français,H,0,0,0.4625650775900469,0.1730717986854836,36.95160722262869,0.8751074909184763
S01091,1,1.3747696495873334,urbain,wolof,H,0,1,1.508379536169013,0.36933089157283816,29.86409603526413,0.9019272943443508
S01092,1,0.226391220427051,urbain,français,H,1,1,1.508379536169013,0.3442162716715834,37.16971419570626,0.9043754790617542
S01093,0,-0.8907782143804381,urbain,wolof,F,0,0,-1.961883486465059,0.3808527601565524,62.396299588271,0.5337732799333832
S01094,1,0.24776016743017126,urbain,autre,F,0,0,1.050436228132796,0.08711084552834004,43.99771636180575,0.8608940669609129
S01095,1,0.012823206675201924,urbain,autre,H,0,1,-0.6770804424361538,0.06804390448617645,31.548559691511507,0.7599513651903675
S01096,0,-1.6569077658283644,rural,wolof,H,0,1,-0.5950300302811243,0.831026367216476,44.97872590232149,0.5674715224591073
S01097,0,-0.8328056825186935,rural,wolof,F,0,1,-0.5950300302811243,0.800264377709209,47.64286048559307,0.5144183556234754
S01099,1,0.28687487472117834,urbain,français,H,0,0,1.1358119908378483,0,41.18167176803777,0.9063244685343708
S01100,1,1.4017099895207348,urbain,wolof,H,0,1,1.508379536169013,0.4277888175961443,26.940576115881218,0.8744629246066193
S01101,0,-0.1878194498224937,urbain,autre,H,0,0,0.4625650775900469,0.08387053193615845,40.39883048697628,0.8666140410896138
S01102,0,-0.9622308807306225,urbain,wolof,F,0,0,-1.961883486465059,0.2860600033271258,72.67781782111325,0.5810615887936182
S01103,1,0.6894940209694052,urbain,français,H,0,1,-0.6770804424361538,0.06401768077230495,27.55413811903549,0.7872991200944585
S01104,0,-0.7946815483321,urbain,wolof,H,1,0,-1.961883486465059,0.37490284906262095,52.68062768015861,0.5553475287529503
S01105,0,-0.4352519702529614,rural,autre,F,1,1,-0.5950300302811243,0.7091098647384563,50.87448120660294,0.672845786289826
S01106,1,0.396641924691947,rural,wolof,F,0,0,1.050436228132796,0.18949483486866872,36.33140813880896,0.9064983420126052
S01107,1,1.2692742323034396,rural,wolof,H,0,0,1.050436228132796,0.2153502239528604,46.29600772902761,0.8686861334170258
S01108,1,1.7791894404179398,urbain,autre,F,0,1,-0.6770804424361538,0.03196912429180119,31.149960618561277,0.8004134756893906
S01109,1,0.47845840458468675,urbain,français,F,1,0,1.1358119908378483,0.05922358204892926,42.99711280880656,0.8741369528072199
S01110,1,0.8980156966138154,urbain,wolof,F,0,1,-0.6770804424361538,0.06855578114547911,31.8596037991722,0.8038743422626115
S01111,0,-0.12402889628179098,urbain,français,H,0,0,0.4625650775900469,0.1465809304346129,39.542466639486705,0.8446502894437553
S01112,0,-0.40563005266354435,rural,autre,F,0,1,0.5436260064330518,0.7123883748794432,36.2215720751169,0.7279804802545713
S01113,0,-1.6380525588310513,rural,autre,F,0,1,-0.5128143979953421,0.7737404136704125,42.74505370370488,0.5660116373940164
S01114,0,-0.802392962654856,urbain,français,H,0,0,-1.961883486465059,0.33029568787007924,66.9075790052246,0.5639432977471788
S01115,0,-0.5022175990473648,urbain,autre,H,0,1,0.5436260064330518,0.4789591535091581,34.966736606941545,0.8222851285288333
S01116,0,-0.2155194571601452,rural,wolof,F,0,0,-0.5589055756131087,0.4789597571152007,52.13633824826451,0.6852357484944673
S01117,0,-0.40542704922810074,urbain,français,F,0,1,0.5436260064330518,0.5367653076399035,36.99896169678813,0.7879523754282791
S01118,1,0.45880998162842024,rural,français,F,0,1,-1.7249192939776967,0.6283737873878728,42.13084564364742,0.5251361473781572
S01119,0,-0.11963992269989765,urbain,français,H,0,1,-0.5950300302811243,0.7659811966812624,45.722863800838695,0.616702623714788
S01120,1,0.4385944893216964,urbain,wolof,H,0,0,0.7594385270695994,0.2456548750337167,52.174917095247,0.891644179334698
S01121,1,0.34217415526023554,urbain,français,H,0,0,-1.961883486465059,0.3759720294085844,50.00016770114134,0.6186125269097053
S01122,0,-0.30023293216416896,urbain,français,F,0,0,-0.4962851679537585,0.7607403574111263,49.66125637558813,0.619473547955929
S01123,0,-0.619884487695747,urbain,wolof,F,0,0,-1.961883486465059,0.33995486084387844,45.12420313019759,0.491022845003409
S01124,1,0.8588865880150965,urbain,français,F,0,0,1.050436228132796,0.1532216274038999,41.92699710822686,0.8733021702714662
S01125,1,0.5826484247550355,rural,autre,H,0,1,-0.5128143979953421,0.6782818443496144,39.91110863014449,0.6875171349021156
S01126,0,-0.49944873550291907,rural,wolof,F,0,1,-1.7249192939776967,0.6137014858388937,46.6378370452236,0.5127269437062368
S01127,1,0.6103500322989376,urbain,wolof,F,0,0,0.4625650775900469,0,46.771231082465675,0.8917546242493805
S01128,1,0.4055359587933403,rural,autre,F,0,1,-0.6770804424361538,0.08354140262258963,36.85031228468269,0.7939228946357324
S01129,1,0.41642465807472373,rural,wolof,F,0,0,0.8036427494500231,0.7238839243017409,48.760769868943584,0.7310820072405162
S01130,0,-1.2232651675714306,rural,wolof,F,1,0,-0.09886818526410894,0.42314861400362247,52.613083038691386,0.7945810865861542
S01131,0,-0.14932416036568058,rural,autre,F,0,0,1.050436228132796,0.24274264963173325,45.81719146859663,0.8361275699889713
S01132,0,-0.3894672093225153,urbain,français,H,0,0,-1.961883486465059,0.38421362445152474,54.47414705268697,0.5269473163471043
S01133,1,0.9360336229266623,rural,wolof,F,0,0,-0.09886818526410894,0.25087735414879175,38.39771352342962,0.7511506086473537
S01134,0,-0.11288172731684991,urbain,français,H,0,1,-0.6770804424361538,0.08730782448313794,37.310639895090326,0.8004784136801346
S01135,1,0.4796280534012328,urbain,wolof,H,0,0,0.4625650775900469,0.1092073544453794,39.84240853878208,0.8833195897043277
S01136,0,-0.4586627179989867,urbain,français,F,0,1,-0.6770804424361538,0,38.205165356568266,0.8370189095840534
S01137,0,-1.0262451570599749,urbain,wolof,H,0,0,-1.961883486465059,0.31400069179435136,59.10755007928692,0.6009818152946924
S01138,0,-0.38712324714562685,rural,français,H,0,1,1.508379536169013,0.4803359252996148,33.85825295137536,0.896630345794657
S01139,0,-0.4985066948722755,urbain,wolof,H,0,0,-0.5589055756131087,0.37911325374054367,53.901968007101345,0.7805440830870559
S01140,1,0.015649140347266968,urbain,français,H,0,0,-0.5589055756131087,0.4683316826043063,53.36023764604129,0.7599906683589428
S01141,1,0.4510978995324221,urbain,français,H,0,0,0.4625650775900469,0.09346110681279184,33.51153796509034,0.8726969939946584
S01142,0,-0.8296475031988768,rural,wolof,F,0,0,0.8036427494500231,0.6641731426172538,52.04597846671003,0.7372286793930652
S01143,1,0.6162898958403651,rural,autre,F,0,0,1.050436228132796,0.0791250174382173,38.32806297896421,0.9006261261294095
S01144,0,-0.7372258676505575,rural,autre,H,1,0,-1.961883486465059,0.28360749852707773,50.74898851839103,0.6270103439111975
S01145,0,-1.9258985952554801,urbain,wolof,F,0,0,-1.961883486465059,0.2948989153891708,52.737072029252566,0.5946837951397284
S01146,0,-0.8138862123220021,urbain,français,F,0,0,-0.09886818526410894,0.3424533537373999,44.746526292280144,0.7889263046730463
S01147,0,-1.2067178699579038,urbain,wolof,F,0,1,-0.6770804424361538,0.02487950259813762,27.793383817551454,0.7627106304000664
S01148,0,-0.06744310846279367,urbain,wolof,H,0,0,-0.09886818526410894,0.3224505231590549,59.19541878799219,0.8213009038687868
S01149,0,-1.099364244550047,urbain,wolof,H,0,0,-0.5589055756131087,0.4667065484344051,53.06537571549575,0.6456986757021579
S01150,1,0.53735405970607375,rural,français,F,0,0,0.4625650775900469,0.09888380225102042,39.17655970191469,0.8590759528287775
S01151,0,-0.2254851052094543,urbain,wolof,H,0,0,0.4625650775900469,0.09256323602200132,36.58578782715061,0.8749228744145701
S01152,0,-0.4369690178517985,urbain,français,F,0,0,-0.5589055756131087,0.45709874020111746,44.76826815897126,0.7315427523223291
S01153,1,0.4893518931312295,rural,autre,H,0,1,0.5436260064330518,0.7123883748794432,36.2215720751169,0.7279804802545713
S01154,1,0.29691972285212037,urbain,wolof,H,0,0,1.1358119908378483,0.03965561289485013,44.25533068354332,0.9066019183770224
S01155,0,-0.31528755504720746,urbain,français,F,0,0,-0.09886818526410894,0.34182867730997163,45.19595536219432,0.738416572031436
S01156,0,-0.04997043749567494,urbain,français,H,0,0,-0.5589055756131087,0.4994428779223185,59.902976372839845,0.7494154053436556
S01157,1,0.34123925456641563,rural,autre,F,0,1,-0.5950300302811243,0.7882441182999141,47.952384336493715,0.5596178509911613
S01158,0,-0.41931045661979804,rural,autre,F,0,0,-0.09886818526410894,0.3685296494223855,42.64737315244397,0.7550407768651642
S01159,0,-0.15412725025868906,urbain,français,H,0,0,1.050436228132796,0.2582854418414579,48.465293204055975,0.8746286071316097
S01160,1,0.44395516504133836,urbain,wolof,F,0,0,1.1358119908378483,0.02867132458095811,30.57587474767061,0.9204022875035376
S01161,1,1.138103022399689,urbain,français,F,0,0,1.1358119908378483,0.04629628740177534,40.044316389728415,0.9289175026661066
S01162,1,0.09071200629188717,rural,autre,H,0,0,-0.4962851679537585,0.9320845482466568,59.50369928541654,0.6225589516215283
S01163,0,-1.318263130592324,rural,autre,F,0,0,-0.09886818526410894,0.37936791858393415,52.433745199668145,0.7745868761242256
S01164,1,0.4963285781880784,urbain,français,H,0,1,1.508379536169013,0.36933089157283816,29.86409603526413,0.9019272943443508
S01165,0,-0.20528700964146326,urbain,français,H,0,0,1.050436228132796,0.1383040478127396,31.631298151693414,0.8705311539185389
S01166,1,0.6029617704221018,rural,wolof,F,0,0,0.4625650775900469,0.04930182882356235,42.8232585313073,0.8872061969220033
S01167,0,-0.4348128203482064,rural,wolof,H,1,0,-0.4962851679537585,0.9031191523343952,59.31716747790359,0.6429066788668394
S01168,0,-0.14445554342045325,rural,autre,H,0,0,-1.961883486465059,0.3853575416675314,57.88191267930263,0.6250955797742168
S01169,0,-0.6797072148380912,urbain,français,F,1,0,0.7594385270695994,0.2761986810045219,35.56791436498048,0.8537354959868662
S01170,0,-0.14614166735521722,rural,wolof,F,0,1,-0.5950300302811243,0.7964820255287174,44.82316451531145,0.62376401166664
S01171,0,-0.8033848235404942,rural,wolof,H,0,1,-0.5128143979953421,0.663773123818109,53.50155377168955,0.6402468908342818
S01172,1,0.8053584406493773,rural,autre,H,1,0,1.050436228132796,0.17567716568111771,47.17820607176527,0.8857573521307317
S01173,1,0.17026425247077429,rural,wolof,H,0,0,-1.961883486465059,0.3309957764557428,62.34640848284597,0.5738329514343352
S01174,1,1.932998291348209,urbain,français,H,0,0,0.7594385270695994,0.26576959082127605,42.930794085151796,0.8727066923655739
S01175,0,-0.040007362937012916,urbain,français,H,0,1,0.5436260064330518,0.5418958407041634,40.759895776182674,0.805043928106178
S01176,1,0.24173644449814088,urbain,français,H,0,0,1.050436228132796,0.1432825685153965,39.25570072274997,0.8984344841778354
S01177,0,-1.9843753156731647,urbain,wolof,F,0,1,-1.7249192939776967,0.5586840035085601,35.50470651747166,0.5327635703471748
S01178,0,-1.0921757433066746,urbain,français,H,0,1,-1.7249192939776967,0.5537091306924539,38.29459400177853,0.5627375943672944
S01179,1,1.145731052460382,urbain,autre,H,0,0,1.050436228132796,0.17190244340897012,38.16277624518165,0.874251405703078
S01180,0,-1.411730659037472,rural,wolof,F,0,0,-1.961883486465059,0.4383115342072077,66.26585039920197,0.5366362972845655
S01181,1,0.3622545267798985,urbain,français,F,0,0,1.050436228132796,0.17718248890168278,46.88791318688051,0.8886576903391343
S01182,1,1.0129388446172256,rural,français,H,0,0,1.050436228132796,0.2622432747048954,43.98844754061836,0.8384829071507529
S01183,1,0.035959006812445085,urbain,français,F,0,0,1.050436228132796,0.17718248890168278,46.88791318688051,0.8886576903391343
S01184,0,-1.721977625416606,urbain,autre,H,0,0,-1.961883486465059,0.384469005541953,70.68685402457082,0.5298390016741342
S01185,1,0.624450882622184,rural,autre,F,0,1,-0.6770804424361538,0.00232843679768494,31.344170140991164,0.8435321911579494
S01186,1,0.7905936595004156,rural,wolof,H,0,0,-0.09886818526410894,0.3723722953923492,46.51465337965924,0.7480885333649359
S01187,1,0.628178764392158,rural,wolof,F,0,0,-0.4962851679537585,0.8724843824231806,65.19398443132793,0.6825362247690926
S01188,0,-1.5649145091511232,rural,wolof,H,0,1,-0.6770804424361538,0.18002205167093188,37.432531761569216,0.76463437217056
S01189,1,0.2733621235980407,urbain,wolof,H,1,1,-0.6770804424361538,0.03196912429180119,31.149960618561277,0.8004134756893906
S01190,0,-0.9559745161104695,rural,wolof,H,0,1,-0.5128143979953421,0.7275738440134243,52.24711747063121,0.5896252198084782
S01191,1,0.38248872299882797,urbain,français,H,1,0,1.050436228132796,0.11746974309401968,39.21498638950245,0.8859055765873971
S01192,1,2.224378916204631,urbain,français,H,0,0,-0.09886818526410894,0.33656709831245624,49.52144293021804,0.8251040327520157
S01193,0,-0.9624980989762769,rural,autre,F,0,1,-1.7249192939776967,0.551955396067324,59.89065291157119,0.5043310952306148
S01194,0,-0.29791462540568264,rural,wolof,F,0,1,-0.5950300302811243,0.6979648190137702,33.678546237484944,0.5342885264792973
S01195,0,-0.6352137560385198,urbain,français,F,0,0,-1.961883486465059,0.3622653303373413,61.03533984740864,0.6103130975362554
S01196,1,0.3733233009235746,rural,wolof,F,0,0,1.1358119908378483,0.09453464783642428,35.495256393883764,0.8763590446188253
S01197,0,-1.6958904753482835,rural,autre,F,1,1,-1.7249192939776967,0.6242145799998959,44.589479194122795,0.4584045961230761
S01198,0,-1.6175372697514363,urbain,autre,F,0,0,1.050436228132796,0.20751439821020365,43.290589631706936,0.8832529575492393
S01199,1,2.204776911515584,urbain,wolof,H,0,0,1.050436228132796,0.06248308807753441,34.18895931265432,0.9155796584703308
S01200,0,-0.4809920880971461,rural,français,H,0,0,-0.09886818526410894,0.29620139670794404,50.82589538576659,0.7131187348877619
S01201,1,1.4853993763363291,urbain,wolof,H,0,0,1.050436228132796,0.20324189696605635,45.37791077603961,0.8959114755941578
S01202,0,-0.07101900980183927,urbain,wolof,H,0,0,-0.5589055756131087,0.3353464682226214,39.97344871474762,0.7279639724596164
S01203,1,1.3953802174282504,urbain,wolof,F,0,1,0.5436260064330518,0.4998377932516244,33.50597451577394,0.7797890032964323
S01204,0,-0.1894367012341112,rural,français,F,0,0,-0.5589055756131087,0.4865479120805836,48.55678940025663,0.7109699623278404
S01205,1,0.39518007431679253,urbain,français,F,0,0,-1.961883486465059,0.22547153486138805,54.23920222941309,0.6658455475743347
S01206,1,0.16885435910000235,rural,français,F,0,0,0.8036427494500231,0.6736692351107644,50.75263468668538,0.8100885323938696
S01207,0,-1.284469031355672,rural,français,F,0,1,-1.7249192939776967,0.5978722359631853,47.29423348759518,0.5633374208205119
S01208,0,-0.6606994819098958,urbain,français,H,0,0,-1.961883486465059,0.2648472727643928,61.52881921687595,0.6840118973697121
S01209,0,-0.00862143419242174,urbain,wolof,H,0,0,1.050436228132796,0.18169774080637932,37.33534507533713,0.9004329517909044
S01210,0,-0.0718922988342793,urbain,wolof,F,0,0,0.7594385270695994,0.2759636930261,42.79325929553812,0.823663815555122
S01211,1,0.7949579931907188,urbain,wolof,F,0,0,1.050436228132796,0.16865941968556544,34.134644553063744,0.8815111955484987
S01212,1,0.7496833317479584,urbain,français,F,0,1,-0.5128143979953421,0.7672728113062799,47.965973720054464,0.60758936412153
S01213,1,0.37306832243983096,urbain,français,H,1,0,1.050436228132796,0.2423755597295387,38.74734942660289,0.869444360761315
S01214,0,-1.3493639682865664,urbain,autre,F,0,0,0.8036427494500231,0.7058007864389266,40.82495611408516,0.8610304321529393
S01215,1,0.16761940451390894,urbain,wolof,F,0,1,0.5436260064330518,0.5918939657970705,33.31272109806491,0.7794409433223576
S01216,1,0.0052497316598664745,urbain,français,F,0,1,-0.6770804424361538,0,30.461469844568786,0.7674244869019542
S01217,1,0.38836092993666066,urbain,wolof,H,0,1,-0.5950300302811243,0.8120669041855701,48.15562867699034,0.6323858602617566
S01218,0,-0.953825686300407,urbain,autre,H,1,1,-0.5950300302811243,0.8170646377021236,38.45589031893058,0.6343509057988178
S01219,1,0.837164253567129,rural,wolof,H,0,1,1.508379536169013,0.4303328627528933,28.314025488769012,0.8642344467189771
S01220,0,-0.07808137070451415,urbain,wolof,H,0,0,1.050436228132796,0.16946753085545474,39.63537058604802,0.897412005166806
S01221,0,-0.5742246326645953,urbain,wolof,F,0,1,-0.6770804424361538,0.04570323867352494,31.359535997669724,0.7975470207825572
S01222,0,-0.32919012303651407,urbain,français,H,0,0,-1.961883486465059,0.249094109752314,70.17339774318046,0.6006758271006416
S01223,0,-1.0693213140693771,rural,wolof,H,1,0,0.8036427494500231,0.7554790550464714,55.62291679961108,0.7461755570927951
S01224,1,1.6543950194639878,urbain,wolof,H,0,0,0.7594385270695994,0.24588674980743896,46.06735962882914,0.8866151943013021
S01225,1,0.430997671494944,urbain,français,F,0,0,0.361886464303974,0.6646963029670795,61.17902323395159,0.749940543004103
S01226,1,0.9625448377030783,urbain,français,H,0,1,1.508379536169013,0.4794237177659173,36.63856779591109,0.8823312676485358
S01227,1,1.7950832353181099,urbain,autre,H,0,0,1.050436228132796,0.08486873803933498,37.61824450248324,0.8580090158146002
S01228,1,0.7412961869624102,urbain,français,H,0,1,0.5436260064330518,0.5350591164798645,29.939917446326906,0.7565698307773575
S01229,0,-0.61474943376727,rural,autre,F,0,0,0.361886464303974,0.6774919707835215,55.951009714255,0.8035496531351003
S01230,0,-0.8887326471707285,urbain,wolof,F,1,0,1.050436228132796,0.14704607252833213,52.02708924724216,0.9115534096667802
S01231,1,0.8015724955739619,rural,français,F,0,0,0.8036427494500231,0.7884440013398444,52.79960031440603,0.8201842540651807
S01232,0,-0.37024400830300813,urbain,français,F,0,1,-1.7249192939776967,0.5965151768717192,43.04806333102497,0.5258485920261836
S01233,1,1.480074524535922,urbain,français,H,0,0,1.050436228132796,0.1419488621203619,39.06416785135383,0.909394657061946
S01234,0,-0.35712813984992564,urbain,français,H,0,0,-1.961883486465059,0.27830376688489394,72.181945968575,0.5657404106368903
S01235,1,0.501226227170164,urbain,wolof,F,0,0,0.361886464303974,0.6519485446215167,43.85686936812266,0.7695976585016245
S01236,0,-0.3057013663011628,rural,autre,H,0,0,1.050436228132796,0.16559522452646547,39.095175720602306,0.8935817810225009
S01237,1,0.24656371908916977,urbain,wolof,F,0,1,-0.6770804424361538,0.11431442857749492,38.86710025104669,0.7895466703338804
S01238,0,-0.9547501166215325,urbain,français,F,0,0,1.1358119908378483,0.18296072737158897,41.38539559685509,0.9137790302254866
S01239,0,-0.7354204477932844,urbain,français,F,0,1,-0.5950300302811243,0.7778665941855412,39.510152937884136,0.6293530534272441
S01240,0,-0.09792924869481645,urbain,français,H,0,1,0.5436260064330518,0.5408438844203297,33.4728436921358,0.8743071302265804
S01241,0,-1.0880759002936617,urbain,wolof,H,0,1,0.5436260064330518,0.5634905033123634,34.169347103329216,0.8094161309905927
S01242,0,-2.1283820167399363,urbain,wolof,F,0,0,-1.961883486465059,0.2531257695062677,57.87771036144325,0.6211616441515957
S01243,0,-0.940660119185861,urbain,français,F,0,1,-0.5950300302811243,0.749280156010979,41.381236399081835,0.6635439281258939
S01244,1,0.1330532782336339,rural,wolof,F,0,0,0.4625650775900469,0.0073210728693226,40.175427608932026,0.8309567296542151
S01245,1,1.8350235454493005,urbain,français,H,0,0,1.050436228132796,0.08836949209491118,37.991769960531386,0.8928713464991357
S01246,0,-0.13579186737062193,urbain,autre,H,0,0,1.050436228132796,0.11704832814118898,43.188317801633794,0.9153133835173544
S01247,1,0.33245307926870254,urbain,français,H,1,1,-0.6770804424361538,0.06380974311154959,38.20524689614862,0.8248845624964202
S01248,1,1.4594644557391618,urbain,français,H,0,1,1.508379536169013,0.4134935553305346,23.79357144077665,0.8525810180370664
S01249,0,-0.4516475842794213,urbain,français,H,0,1,-0.5950300302811243,0.8160950993415477,41.76215687505671,0.5982593719085514
S01250,1,0.35578237515986477,urbain,français,H,0,0,0.4625650775900469,0.0676359253103715,39.285001412650125,0.8353326231710908
S01251,1,0.011899801936463075,urbain,wolof,H,0,1,-0.6770804424361538,0.00923480021693511,33.08661182456207,0.7887711232254517
S01252,0,-0.30492953274199275,rural,autre,F,0,1,1.508379536169013,0.3639362775623255,32.52550329225833,0.9209915812651774
S01253,0,-0.06867615830933096,urbain,wolof,F,0,1,-0.6770804424361538,0.08730782448313794,37.310639895090326,0.8004784136801346
S01254,1,0.8776910436291115,urbain,français,F,0,0,0.4625650775900469,0.0202483495554508,39.89195864039066,0.8649490977480504
S01255,0,-1.5930266286556143,rural,wolof,F,0,1,-1.7249192939776967,0.6115913834656567,34.780445043742496,0.5129526242808666
S01256,1,1.3699944750284991,urbain,wolof,H,0,0,0.7594385270695994,0.32762380266016927,44.459884763674395,0.8317460287626075
S01257,1,1.9707246860147773,urbain,français,H,0,0,1.1358119908378483,0.01718490262744878,33.7847433814995,0.9042700911819328
S01258,0,-0.48245250618941404,urbain,français,H,0,0,-0.09886818526410894,0.30629518859335625,44.4660498357402,0.7762183381840522
S01259,1,0.5171722828000332,urbain,wolof,F,1,1,1.508379536169013,0.3264116824562819,30.217106449027508,0.8784278665980897
S01260,1,1.1395397598345516,urbain,wolof,H,0,1,-0.6770804424361538,0.01634701905894755,30.28384002833165,0.8041869225811339
S01261,1,0.589133110534351,urbain,français,H,0,0,1.050436228132796,0.19909765683150385,46.242392202786064,0.8801122692624973
S01262,0,-0.45642738741713856,urbain,wolof,F,0,0,1.050436228132796,0.07235668489563976,53.236204755683346,0.9100068373415676
S01263,0,-0.8702344134654771,rural,autre,F,0,1,-1.7249192939776967,0.5712718502503167,38.566504101531166,0.5170547923026252
S01264,1,0.027138939636336866,urbain,français,H,0,1,-0.5950300302811243,0.8572816514871257,43.56155894053923,0.6418208942264966
S01265,1,0.1365684783536652,rural,wolof,F,0,0,-0.4962851679537585,0.8086692323546483,60.04960784778625,0.5422189377789984
S01266,0,-1.3156894387813254,urbain,wolof,H,0,1,-0.5950300302811243,0.749280156010979,41.381236399081835,0.6635439281258939
S01267,0,-0.49315743815694096,urbain,français,H,0,0,-0.5589055756131087,0.3923684029177133,49.69654385322206,0.7260434905994616
S01268,0,-0.8212114821373054,rural,wolof,F,0,1,-0.5128143979953421,0.6161355255212005,41.98060781438336,0.6970102950431246
S01269,0,-0.6304066641820658,urbain,français,F,0,0,0.7594385270695994,0.1877070245674558,44.60962984473264,0.866329046419354
S01270,0,-0.08504916118417243,urbain,wolof,H,1,0,1.050436228132796,0.07177376142517344,34.24239913365818,0.9163139086035584
S01271,1,0.576200606736161,urbain,autre,H,0,0,-0.09886818526410894,0.3437128755722031,41.495566816861135,0.8175306086367036
S01272,0,-0.662113697164197,urbain,français,H,1,0,0.4625650775900469,0.04985822428681508,41.77886431418319,0.8535522187681208
S01273,1,0.04315343653764273,urbain,français,H,0,1,-0.6770804424361538,0.08332851927269808,41.77376122017218,0.774757537334232
S01274,0,-1.239849949965632,rural,wolof,F,1,1,-0.5950300302811243,0.7588363306706271,48.08197856786637,0.6489777853728559
S01275,1,0.14381477333422507,urbain,français,H,0,0,-0.09886818526410894,0.41783906222989176,47.83765428234303,0.8003842292057428
S01276,1,0.6766848529647662,urbain,wolof,F,0,0,0.4625650775900469,0.0641655648251713,32.46102082761916,0.8767153838343612
S01277,0,-1.0923048324436715,urbain,wolof,H,0,1,-0.5950300302811243,0.7228221893165607,40.048550513247825,0.579245585258086
S01278,0,-0.4812835596034034,urbain,wolof,F,0,0,0.361886464303974,0.7035052797128477,39.286737278196505,0.7240286257033554
S01279,1,0.910236456268068,urbain,wolof,F,0,1,1.508379536169013,0.3998834253544809,32.24799741076662,0.8950525154427817
S01280,1,0.003076490582607489,rural,wolof,H,0,0,-0.4962851679537585,0.8516318357452851,76.36526983449363,0.656950334800317
S01281,1,0.36981081565665774,urbain,wolof,H,0,0,1.050436228132796,0.20473868853492028,37.33396110707507,0.8336494234562227
S01282,1,1.7725055794720757,urbain,wolof,F,0,0,1.1358119908378483,0.05461502492979071,44.5266398622778,0.9061125193546544
S01283,1,1.2259289426193183,urbain,français,F,0,0,1.1358119908378483,0.05211217717435938,30.848762448448188,0.8918279586874283
S01284,0,-0.8956286589939292,rural,français,H,0,0,0.4625650775900469,0.04993727635488332,43.7574354670407,0.934805319642817
S01285,1,0.7855801290434926,rural,français,F,0,1,-0.5950300302811243,0.7270460164893611,48.78926858742547,0.6136810044346283
S01286,1,1.0336392689894385,rural,wolof,H,0,0,1.1358119908378483,0.10140058757161104,44.25118114896586,0.9127740778271398
S01287,1,0.33379185359496344,rural,wolof,H,0,0,-0.5589055756131087,0.5480422733518786,51.702452257793034,0.6504368924269266
S01288,1,0.43246227842555773,urbain,français,H,0,0,0.4625650775900469,0.02844062319499572,45.5585406168821,0.8626964326507287
S01289,1,0.6760781065647468,rural,français,F,1,0,0.361886464303974,0.7857685626365434,47.65616141898352,0.6708339555916113
S01290,0,-1.2369268970866427,rural,autre,F,0,0,0.8036427494500231,0.7160752072744675,46.64646118234383,0.8221494942384192
S01291,1,0.18235258232768295,urbain,autre,F,0,1,-0.6770804424361538,0.02017297436512773,28.125217710233503,0.7890406324413853
S01292,0,-1.0960523037855654,urbain,français,F,0,0,-0.5589055756131087,0.4994428779223185,59.902976372839845,0.7494154053436556
S01293,1,0.09204222812797117,urbain,français,F,0,0,0.4625650775900469,0.0590067887333925,33.114943228126684,0.8578037412048868
S01294,0,-0.8032174006996556,urbain,wolof,H,0,0,-0.5589055756131087,0.5117642189161568,54.12794199799071,0.6621345575223776
S01295,0,-0.23883886153043474,urbain,français,F,0,0,0.8036427494500231,0.6514485335196257,47.75644336534368,0.7764372986132707
S01296,1,0.23542070654776925,rural,autre,H,0,1,1.508379536169013,0.4359200229264661,30.691353986526945,0.8927341685356392
S01297,1,1.6740049357537776,rural,français,F,0,1,1.508379536169013,0.4458316413857972,24.193319749474306,0.8869722334868061
S01298,1,0.5470851315141484,rural,autre,F,0,1,1.508379536169013,0.4561502960562088,28.494904397076557,0.8762933597553608
S01299,0,-0.8926994917076851,urbain,wolof,H,0,1,1.508379536169013,0.42119702867938347,37.336496933606824,0.8835490323777798
S01300,0,-0.05062790016722818,urbain,wolof,H,1,0,-0.09886818526410894,0.3138777277863455,49.190830046886354,0.8471593710467128
S01301,0,-0.6531821133185358,rural,wolof,F,0,0,-0.09886818526410894,0.4185685915383795,48.17786782196157,0.7698104006848706
S01302,0,-0.5893807955397454,rural,wolof,H,0,1,-0.5950300302811243,0.7757963722390464,44.69321990302045,0.6060310139725323
S01303,1,0.051169781110297165,urbain,français,H,0,0,1.050436228132796,0.14518134788776585,33.80553242442016,0.8471569274085627
S01304,1,0.16987553974790023,rural,wolof,F,0,1,1.508379536169013,0.4359200229264661,30.691353986526945,0.8927341685356392
S01305,1,0.7119960199191693,urbain,wolof,H,0,1,1.508379536169013,0.3449367585643998,34.96689579368984,0.8983008557375368
S01306,0,-0.5785934227534635,rural,français,F,0,1,-1.7249192939776967,0.5263790388618002,51.08500751786905,0.6063335368356855
S01307,1,0.627830791534979,urbain,wolof,H,0,0,1.1358119908378483,0.03175986522528504,39.674614703360135,0.9060002382696476
S01308,0,-0.6759985416281682,rural,wolof,H,0,1,0.5436260064330518,0.5500918177702355,36.20107886436677,0.7737317752594551
S01309,0,-0.741163544461449,rural,wolof,H,0,1,-1.7249192939776967,0.6327065745700736,47.48325231141512,0.4023937726301088
S01310,0,-0.5861670320296587,urbain,autre,F,0,0,-0.4962851679537585,0.7607403574111263,49.66125637558813,0.619473547955929
S01311,1,1.0764573887333324,rural,autre,F,0,1,-0.6770804424361538,0.113559451376437,36.262541826032646,0.7907598817698418
S01312,1,1.0438370833314365,urbain,français,F,0,1,-0.5128143979953421,0.714208024427736,37.990249703022485,0.6848322402264801
S01313,1,0.08501942160028211,urbain,français,H,0,0,0.4625650775900469,0,36.786299098744514,0.8758078568496739
S01314,0,-0.5507670195250634,urbain,français,H,0,0,-1.961883486465059,0.2909117190985104,41.51350106378763,0.5930545692809281
S01315,0,-0.2282542552039846,urbain,français,F,0,0,0.4625650775900469,0.07700427294543351,31.794295798233183,0.886009821561422
S01316,0,-1.585526558192433,urbain,français,H,0,0,-1.961883486465059,0.3857007268376177,71.3323338020311,0.626981422901585
S01317,1,0.2232862335517045,urbain,français,F,0,0,1.050436228132796,0.1369205562684697,45.382038589157325,0.8818017028128247
S01318,1,0.7341276799779202,rural,wolof,F,0,1,0.5436260064330518,0.5611646185313106,32.10688071553205,0.8065090440798794
S01319,0,-0.7602122025605489,urbain,français,H,0,0,-1.961883486465059,0.30151997206628783,57.38054215166718,0.6117753909909984
S01320,0,-0.687535078230932,rural,wolof,F,0,1,-1.7249192939776967,0.5953419465201385,42.17369935332041,0.661431850241473
S01321,0,-0.2993854387642127,urbain,autre,F,0,0,0.7594385270695994,0.20840886313439447,43.25490658628141,0.834966035916852
S01322,1,0.03752274378862895,urbain,français,H,0,1,1.508379536169013,0.4628127441241539,29.457436470672672,0.8975373676833769
S01323,1,0.033933586690796616,rural,wolof,F,0,0,0.8036427494500231,0.631584111399337,53.149500419297055,0.8521024251978152
S01324,1,0.6486204878396293,urbain,français,H,1,0,0.4625650775900469,0.07700427294543351,31.794295798233183,0.886009821561422
S01325,0,-0.969727520770771,urbain,français,F,0,0,1.1358119908378483,0.07649366889539598,32.29184751103143,0.9153781592228476
S01326,0,-1.249895867084536,rural,wolof,H,0,0,-1.961883486465059,0.3123026830577978,51.66184296209028,0.7285880410485737
S01327,1,0.730536887619736,urbain,français,H,0,0,1.050436228132796,0.16385085139208672,35.786474535915104,0.8986868918869543
S01328,1,1.9348749589190395,urbain,wolof,H,0,0,-0.09886818526410894,0.3579231309357554,52.48954771576417,0.7901706371196608
S01329,1,0.11948233813390592,rural,wolof,F,0,0,-1.961883486465059,0.29135807471679015,50.12342497582753,0.5973354146017251
S01330,0,-0.18828785330001,urbain,français,F,0,0,-0.5589055756131087,0.39517856862175615,51.45502704610311,0.6861104282042875
S01331,1,1.286949989264601,urbain,français,F,0,0,1.050436228132796,0.11210228834955084,37.195988337331634,0.8946032000503917
S01332,1,0.6838656623564958,rural,wolof,H,0,0,1.1358119908378483,0.04137372737891522,38.73735255006272,0.8993970538024172
S01333,0,-0.27598697843827674,urbain,français,H,1,0,0.4625650775900469,0.04398974111912341,47.42452795852671,0.8576744389153469
S01334,0,-0.7210056476967603,urbain,wolof,H,0,0,-0.09886818526410894,0.33049022264258415,47.54269589401298,0.7855833447534664
S01335,1,0.7695926745346705,urbain,wolof,F,0,1,-0.6770804424361538,0.07279238406316751,27.21539369492319,0.8216327664278069
S01336,1,0.9042431189015623,urbain,français,F,0,0,1.1358119908378483,0.0122530388893069,34.23699428359266,0.9085883639370608
S01337,1,0.09288533913510898,rural,wolof,H,0,0,-0.5589055756131087,0.4477513048795432,64.63584760516117,0.6707582673253573
S01338,1,0.3564201054236517,rural,français,H,0,1,-1.7249192939776967,0.6115913834656567,34.780445043742496,0.5129526242808666
S01339,1,1.923231326084481,rural,français,F,0,1,0.5436260064330518,0.6131808269013899,37.27295447154818,0.7378967439520077
S01340,0,-1.155355098166266,rural,autre,H,0,0,-0.4962851679537585,0.9907568721745262,68.4113792526079,0.5605313143266719
S01341,1,1.2081936717294646,urbain,wolof,F,0,1,1.508379536169013,0.42294017322236455,31.768609130197103,0.8950164745314985
S01342,1,0.10869823268184617,urbain,wolof,F,0,0,0.7594385270695994,0.2533115507543501,45.62670127341606,0.8549114200666992
S01343,0,-0.9193422924252141,urbain,wolof,H,0,0,1.050436228132796,0.13232939941555774,43.26954412922401,0.89270271905316545
S01344,0,-0.8835336298008617,urbain,français,F,0,0,1.1358119908378483,0.09386231648172676,41.83352887682583,0.860762762874552
S01345,1,0.9517136321532738,urbain,wolof,F,0,1,1.508379536169013,0.4859675503469635,29.201330132357604,0.8644402364405188
S01346,0,-0.29697441679296505,rural,français,H,0,1,-0.5128143979953421,0.7212322584184129,48.18856952167903,0.6432132713488947
S01347,1,0.13206383518148154,urbain,français,H,0,0,-0.5589055756131087,0.4441602569117665,50.84564559866237,0.7471998428985294
S01348,0,-0.5527585669997869,urbain,wolof,H,0,0,0.7594385270695994,0.2311955778125458,48.458872453426054,0.8655350199678453
S01349,0,-1.5669070767033872,urbain,wolof,F,0,0,-1.961883486465059,0.22131999341551223,53.201373197533165,0.6409074780775559
S01350,1,1.0884987864762186,urbain,wolof,F,0,0,0.8036427494500231,0.688352115879277,55.6236722860924,0.7254071080846825
S01351,1,0.7577100269177405,urbain,wolof,H,0,0,-0.09886818526410894,0.4109151739031436,43.10536048407572,0.760945809849208
S01352,0,-0.010214729114234166,urbain,wolof,F,0,0,-1.961883486465059,0.31982545773418974,69.78967611967293,0.5613377521255276
S01353,0,-0.916016878501457,rural,français,H,0,0,-0.5589055756131087,0.4763853710211931,43.44764501902594,0.6963884890443334
S01354,1,0.38981591514953606,urbain,français,F,1,1,-0.6770804424361538,0,26.23648957784742,0.8219539255443118
S01355,0,-0.2151480085721634,urbain,français,H,0,0,0.4625650775900469,0,46.6787695499415,0.8986562616666662
S01356,1,0.2842201134711507,urbain,wolof,H,0,1,1.508379536169013,0.4859675503469635,29.201330132357604,0.8644402364405188
S01357,0,-0.28874591046213227,urbain,français,H,0,0,-1.961883486465059,0.2890467210435367,52.09617089164431,0.6547945440248544
S01358,0,-0.04313323298663124,urbain,français,F,0,0,0.4625650775900469,0.11345173956782947,43.64794209596414,0.857383616310707
S01359,0,-0.442482685519332,rural,autre,H,0,1,-0.6770804424361538,0.0906494487434475,24.5699158442143,0.8230820880252895
S01360,1,0.2824243893974178,urbain,wolof,F,0,0,0.7594385270695994,0.24588674980743896,46.06735962882914,0.8866151943013021
S01361,0,-0.8102529197560883,rural,autre,F,0,1,-0.5950300302811243,0.7612302521077079,36.74604304647253,0.6515931536358572
S01362,1,0.4835478176270647,urbain,wolof,H,1,0,0.4625650775900469,0.05252728211602112,37.31127904059993,0.8700738996911963
S01363,1,1.3040182305118688,urbain,wolof,F,0,1,-0.6770804424361538,0.00110026607417985,29.249576600585616,0.8050619408984713
S01364,1,0.7688881016653443,urbain,français,F,0,0,-0.09886818526410894,0.3437128755722031,41.495566816861135,0.8175306086367036
S01365,1,1.167423169768404,urbain,français,F,0,0,1.050436228132796,0.17887307145518858,39.38898251632787,0.9193630091089467
S01366,1,0.09346700391260088,urbain,français,F,1,1,-0.6770804424361538,0.02017297436512773,28.125217710233503,0.7890406324413853
S01367,0,-1.1481886630493743,urbain,autre,H,1,1,-0.6770804424361538,0.1013967709114378,36.41990426014602,0.8110291468307796
S01368,0,-0.036050149611266756,rural,français,F,0,0,0.4625650775900469,0.04993727635488332,43.7574354670407,0.934805319642817
S01369,0,-0.031298279951100065,urbain,wolof,F,0,1,1.508379536169013,0.44950605829253715,32.94124913666708,0.8962364574609416
S01370,0,-0.48640314710110205,rural,autre,H,0,1,0.5436260064330518,0.5046638458524881,35.478004840358025,0.778450956469589
S01371,0,-0.8403360145667049,urbain,wolof,H,0,1,-0.6770804424361538,0.01391523366052228,34.93799509240523,0.7999199327028208
S01372,1,0.4397294934235156,urbain,français,H,0,0,1.050436228132796,0.14376764897996264,31.9934237992752,0.9218415019371388
S01373,1,0.20096627862806124,urbain,français,F,0,0,1.1358119908378483,0.02197237681310224,40.048775591791575,0.9121653392702694
S01374,0,-0.624713851072462,rural,autre,H,0,0,-0.09886818526410894,0.4126707992216526,42.571325237929905,0.7290511321025426
S01375,0,-0.18208097279522134,rural,wolof,H,1,0,0.4625650775900469,0.07426927724040044,43.50297833151373,0.8404026305941282
S01376,1,0.9049400919575407,urbain,français,H,0,0,0.7594385270695994,0.2898014053671864,47.67005484379272,0.878540785579207
S01377,1,0.7770055806077124,urbain,français,F,0,0,0.4625650775900469,0,46.6787695499415,0.8986562616666662
S01378,1,2.224378916204631,urbain,français,F,0,0,1.050436228132796,0.13970125939893854,41.920743908082954,0.8994547210919774
S01379,1,0.22867814000740108,urbain,wolof,F,0,0,-0.09886818526410894,0.3424533537373999,44.746526292280144,0.7889263046730463
S01380,1,2.049798213489294,urbain,français,F,0,1,1.508379536169013,0.4312964124231685,26.773210765235067,0.8611151943673121
S01381,1,0.07545856252441505,urbain,autre,F,0,0,0.7594385270695994,0.3746170871395341,41.301688989083104,0.8268857273032338
S01382,0,-0.035652528633571746,rural,wolof,H,0,0,0.8036427494500231,0.7051867729866537,53.79073990183358,0.7599177213737025
S01383,1,0.43219021030293236,urbain,wolof,H,0,0,1.050436228132796,0.11393598086116884,40.008893516696965,0.8964408952756843
S01384,1,0.2308080620442677,rural,wolof,H,0,1,1.508379536169013,0.4359200229264661,30.691353986526945,0.8927341685356392
S01385,1,0.2039134022931633,rural,autre,H,0,0,0.361886464303974,0.7470312796533055,64.59983346490506,0.7331904337379276
S01386,1,1.5988562490446898,urbain,français,H,0,1,1.508379536169013,0.3968005666496344,29.524452299600565,0.8840146808626376
S01387,0,-0.4136741491000846,rural,wolof,H,0,1,-0.5950300302811243,0.7175075986246555,42.937253698890544,0.7019778454725111
S01388,0,-0.6803791327107939,urbain,wolof,F,0,0,-0.09886818526410894,0.2724653026170428,42.87155393298035,0.7915830792171679
S01389,0,-0.15485002800619377,urbain,français,F,0,1,-0.5128143979953421,0.8198976262773685,39.53406848743345,0.583946588095006
S01390,0,-1.6508415602478537,urbain,wolof,H,0,0,-0.5589055756131087,0.4865823831365976,53.64729890791117,0.6730742441529726
S01391,1,0.12147157891169245,urbain,français,H,1,0,1.1358119908378483,0.00268225482234961,33.09383428796219,0.90476551813611406
S01392,1,1.2563622043779734,urbain,français,F,0,0,0.8036427494500231,0.7926518205645794,59.63914261287886,0.7484289544268933
S01393,1,1.388194238465047,rural,wolof,F,0,1,1.508379536169013,0.41175930583208786,30.360561432449806,0.8941110561520665
S01394,0,-0.9838417173196728,urbain,français,F,0,0,-1.961883486465059,0.2728736755166916,59.99546059174233,0.5790155586659149
S01395,0,-0.9513955314355468,urbain,français,H,0,0,0.4625650775900469,0.07066375793139605,39.43498449631951,0.8643199085895988
S01396,1,0.3105957782190697,urbain,français,F,0,0,0.7594385270695994,0.28058132962028515,43.243914129738634,0.8352124919598566
S01397,0,-0.8005679338281665,urbain,wolof,H,0,0,-0.5589055756131087,0.3607798301059797,45.29256285585434,0.7197622898087673
S01398,0,-1.1010852364521477,urbain,français,F,0,0,-1.961883486465059,0.17186116433951734,67.88019645113492,0.6877576001166443
S01399,0,-0.300567806862229,urbain,wolof,F,1,0,0.7594385270695994,0.25110906972429115,40.15616240725238,0.8629778140101152
S01400,0,-0.4971124773873607,urbain,autre,F,0,1,-0.6770804424361538,0.0451004309343611,33.3094371972029,0.787498910968235
S01401,1,0.20229461802836576,urbain,autre,F,0,1,-1.7249192939776967,0.39857054045992146,37.63386315938075,0.573243914154867
S01402,0,-0.06762198227097485,urbain,wolof,H,0,0,1.1358119908378483,0,24.650547188378617,0.8880910594481969
S01403,0,-0.9681138385468775,urbain,français,H,0,0,-1.961883486465059,0.3402387888871432,59.76960425474697,0.515152595386027
S01404,1,0.31770775549775276,rural,autre,F,0,0,-0.5589055756131087,0.584990465442138,52.33824475149265,0.6858882515265047
S01405,1,0.258170589243443,urbain,français,H,0,0,-0.09886818526410894,0.23412629153972492,48.66154122502965,0.8343421333657831
S01406,1,1.1154120916926844,rural,autre,F,0,0,-0.09886818526410894,0.35768473937127176,53.6997575763376,0.803700186358264
S01407,1,0.1853227982463848,rural,autre,F,1,0,1.050436228132796,0.16458009163072074,36.187933625556624,0.8596541963981772
S01408,0,-0.8458931475810183,urbain,wolof,H,0,1,-1.7249192939776967,0.5318307646510809,60.18182964400687,0.508709826657435
S01409,0,-1.1454433538033506,rural,autre,H,0,1,-0.5950300302811243,0.80481958519616,51.053292217312595,0.6609342193184814
S01410,1,0.9173965326337751,urbain,wolof,H,0,1,-0.6770804424361538,0.05601710290431154,34.19051159643374,0.7476673755093672
S01411,1,1.0690942310273215,urbain,wolof,F,0,0,1.050436228132796,0.20324189696605635,45.37791077603961,0.8959114755941578
S01412,1,1.3516458210390638,urbain,autre,H,0,0,1.050436228132796,0.16946753085545474,39.63537058604802,0.897412005166806
S01413,1,1.1438198972167761,urbain,français,F,0,1,-0.6770804424361538,0.06200327171789605,29.91935542437832,0.794600238561122
S01414,0,-1.2258501285414063,urbain,français,F,1,0,-1.961883486465059,0.3759720294085844,50.00016770114134,0.6186125269097053
S01415,1,0.8476256679664261,rural,autre,F,0,0,1.050436228132796,0.2153502239528604,46.29600772902761,0.8686861334170258
S01416,0,-0.6777755704247022,rural,français,F,0,1,-1.7249192939776967,0.6248046012372405,48.28530332318264,0.5251666780602322
S01417,0,-0.39012082081279104,rural,wolof,H,0,1,-1.7249192939776967,0.5978722359631853,47.29423348759518,0.5633374208205119
S01418,0,-0.16718447147656473,rural,autre,H,0,0,0.361886464303974,0.6665247415046717,51.443654745913506,0.7595154105068163
S01419,0,-0.36852954896069445,rural,wolof,F,0,1,-0.5950300302811243,0.8210868942776307,39.5895756697519,0.6427146080408795
S01420,1,0.17825172065814443,urbain,français,F,0,0,-0.5589055756131087,0.4253339771345187,49.806392949793896,0.6769875361798483
S01421,0,-0.9194663690821294,urbain,français,F,0,0,-0.5589055756131087,0.49815300923038486,63.15849540928482,0.7143731164743894
S01422,1,1.4144031355644953,urbain,wolof,H,0,0,1.1358119908378483,0.08800357261746489,33.77139683181564,0.9186010379218263
S01423,1,0.17213172282573896,rural,wolof,F,0,1,-1.7249192939776967,0.523454184104953,33.11905610511068,0.5259865338534826
S01424,0,-0.5349824417032952,rural,wolof,H,0,1,-0.5128143979953421,0.663773123818109,53.50155377168955,0.6402468908342818
S01425,0,-1.1176240111418865,urbain,français,F,0,1,-1.7249192939776967,0.5339002986901668,57.86832949409618,0.5734871467773963
S01426,1,0.7464773824074983,urbain,français,F,0,1,-0.6770804424361538,0.03636062861673986,34.10327958232909,0.7674730812152432
S01427,0,-0.761383634265954,rural,autre,F,0,0,1.050436228132796,0.19998629061606743,55.49690368578483,0.8817412250240795
S01428,1,0.4291890207866446,urbain,autre,F,0,0,0.4625650775900469,0.05425808845695267,34.772348977416236,0.8673361480200765
S01429,0,-0.8842494714805689,urbain,français,H,0,0,-1.961883486465059,0.28333364599195066,54.37282312062544,0.6371790780689467
S01430,1,0.8213341789306433,rural,autre,F,0,0,-0.5589055756131087,0.43100543081192894,52.66638464035781,0.7198560458207196
S01431,1,0.5446238736734197,urbain,français,F,0,1,-0.6770804424361538,0.08210607580816642,27.36382466663424,0.7891887631690232
S01432,1,0.42788238462952394,urbain,français,F,1,0,1.050436228132796,0.14997487230983636,38.77528286619509,0.8686284935805764
S01433,1,0.42608016551538525,urbain,wolof,F,0,0,1.1358119908378483,0.02404260275153257,31.44311162338617,0.9152731798734978
S01434,1,1.7926293494438064,urbain,français,F,0,0,1.050436228132796,0.13139409749706765,38.562150606168686,0.9029110424602688
S01435,1,0.44957112166494306,rural,wolof,H,0,1,1.508379536169013,0.34250838843086884,27.034520024325253,0.8673114577788578
S01436,0,-0.8817280404964343,rural,autre,F,0,0,-1.961883486465059,0.31099392343165533,52.9434045846829,0.5212410469621884
S01437,1,0.5957386488360477,urbain,wolof,F,1,0,1.050436228132796,0.20016984725960207,42.088944717770126,0.879816214892787
S01438,1,0.5469656189256092,rural,wolof,F,0,0,1.050436228132796,0.06136161630491774,42.544955319467704,0.9268971443264548
S01439,0,-0.1511335428578077,urbain,wolof,H,0,0,1.050436228132796,0.04898342222663553,42.52098915673335,0.8817468318634502
S01440,0,-1.0983314358307539,urbain,wolof,H,1,0,1.1358119908378483,0.0323446779574308,33.153231363581,0.9067308560085529
S01441,0,-0.05973067738861541,urbain,français,F,0,0,1.050436228132796,0.16398752665885036,38.32279159357028,0.8852013267325018
S01442,1,0.75832765721722,urbain,wolof,H,0,1,-0.6770804424361538,0.1681914159222684,35.62816714722572,0.7811188081857413
S01443,0,-0.8261381209402713,urbain,wolof,F,1,0,-1.961883486465059,0.249094109752314,70.17339774318046,0.6006758271006416
S01444,1,0.5857881025876331,urbain,autre,F,0,0,1.1358119908378483,0.02729399801385488,30.33045414591555,0.8982848707922529
S01445,1,1.2757466963968676,rural,français,F,1,0,0.4625650775900469,0.08950318689892495,45.698748625437695,0.8432902598418538
S01446,1,0.7495353064367088,urbain,wolof,F,0,1,1.508379536169013,0.5154984859991434,34.499243572120946,0.8285371493350465
S01447,1,0.040324054576349334,rural,wolof,F,0,1,-0.5950300302811243,0.7077428238290551,35.493447013107726,0.690435668741037
S01448,1,0.47642486592741123,urbain,autre,H,0,0,1.1358119908378483,0,30.60882918178237,0.9158838863757554
S01449,1,0.702102953169815,urbain,français,H,0,0,1.1358119908378483,0.08800357261746489,33.77139683181564,0.9186010379218263
S01450,0,-0.543886121064676,urbain,wolof,H,1,1,0.5436260064330518,0.5434664411540158,38.79030997918255,0.790362609638661
S01451,0,-0.4257130835966451,rural,wolof,F,0,1,-0.6770804424361538,0,23.875503623287273,0.8144040963432531
S01452,1,0.06274785684299328,urbain,autre,F,0,0,0.8036427494500231,0.7003355932567936,50.072944773764945,0.7736104965158841
S01453,1,0.6353893851547273,urbain,français,F,0,0,0.7594385270695994,0.3106475814399292,41.40602974292151,0.8749353998856497
S01454,1,0.9324708924409979,rural,wolof,F,0,1,-0.5950300302811243,0.7638917239758574,47.97639445007768,0.6833192503978134
S01455,0,-0.28242585668405584,urbain,wolof,F,0,0,0.7594385270695994,0.20840886313439447,43.25490658628141,0.834966035916852
S01456,0,-1.4532358146132964,urbain,français,H,0,0,0.361886464303974,0.6599538855270614,65.33193355096869,0.6842921233938523
S01457,0,-0.1371743721157521,urbain,français,F,0,1,-0.6770804424361538,0.03794618880569861,32.38825886334756,0.8401544442530456
S01458,0,-1.2703245053612207,urbain,wolof,H,0,0,-1.961883486465059,0.29068495851124915,47.844616590064966,0.5310311973704147
S01459,1,0.09694908991675774,urbain,français,F,0,0,-0.5589055756131087,0.5732061758921789,50.54974857963021,0.6574089305035492
S01460,1,0.13290362682016385,urbain,wolof,F,0,0,0.4625650775900469,0.02305381082409691,31.087473239021357,0.8720744005567668
S01461,0,-0.007913999240806732,urbain,français,F,0,0,1.050436228132796,0.17281076122788436,35.53439626178085,0.8925435197953266
S01462,1,0.12306830567722922,urbain,wolof,H,0,1,-1.7249192939776967,0.5658466650718773,39.349869923482274,0.5551838016821533
S01463,1,0.1600960921457312,rural,français,H,0,0,1.050436228132796,0.05463444857868534,31.244757837999092,0.8895546723824249
S01464,1,1.2332195149060763,urbain,français,F,0,1,-0.6770804424361538,0.06781667031791011,33.95922092739853,0.7744890057806258
S01465,1,0.3386723860472662,urbain,wolof,F,0,0,0.7594385270695994,0.34731441473179525,50.23559726717032,0.8127604512229072
S01466,1,0.10987492988758293,urbain,français,H,0,0,1.1358119908378483,0,39.60999507979429,0.9177506191571544
S01467,0,-1.0522741066802543,rural,wolof,H,0,0,-0.4962851679537585,0.9197185314495516,75.8591156184719,0.5765562750464693
S01468,1,1.7034364693657575,urbain,français,H,0,1,1.508379536169013,0.3264116824562819,30.217106449027508,0.8784278665980897
S01469,0,-1.3736153017968376,rural,wolof,F,0,1,-0.5128143979953421,0.6845476640789294,32.129476432420454,0.6531244044080242
S01470,0,-0.0862155838250811,urbain,wolof,H,0,0,1.050436228132796,0.16467367564041102,48.52218082369571,0.926157743918354
S01471,0,-0.8183495198037473,rural,autre,F,0,0,-0.4962851679537585,0.9805227036437912,64.86662901888975,0.5756228196464827
S01472,0,-0.06840119452639007,rural,autre,F,0,0,-0.09886818526410894,0.33789697915862704,44.613405359393454,0.7758162320356398
S01473,1,0.2633866075444409,urbain,français,F,0,1,0.5436260064330518,0.5147813132492587,28.766196100194627,0.8000722294799179
S01474,1,0.043273122441424776,urbain,autre,F,0,0,0.8036427494500231,0.6571221437669068,57.53489923209615,0.7754076140914721
S01475,1,0.36320408570892954,urbain,français,F,0,0,-1.961883486465059,0.3642781129081573,50.76696054151884,0.6257598649378485
S01476,1,0.6602564486939125,urbain,autre,F,0,0,0.7594385270695994,0.42116098126713863,41.65469825574295,0.8290747574184032
S01477,0,-2.1186318194337352,urbain,wolof,F,0,0,-0.5589055756131087,0.5137944633441489,50.7130630327119,0.6910404678778823
S01478,0,-0.3387125246947265,urbain,français,H,0,0,0.8036427494500231,0.6786869185851926,45.4859209355842,0.769601237776089
S01479,0,-0.8292620105625281,urbain,autre,F,1,1,-0.5128143979953421,0.63696228278265,38.3751240201434,0.6867879770820485
S01480,0,-1.2035982658156925,urbain,français,F,0,0,0.361886464303974,0.7097841962083697,52.356373935294805,0.7224954355556121
S01481,0,-1.4314540872435764,urbain,wolof,H,0,1,-1.7249192939776967,0.5691164816124212,56.858459488381605,0.44700919653896176
S01482,1,0.43690381980192755,urbain,wolof,H,0,0,1.050436228132796,0.17887307145518858,39.38898251632787,0.9193630091089467
S01483,1,0.411735366779376,urbain,wolof,F,0,1,1.508379536169013,0.3442162716715834,37.16971419570626,0.9043754790617542
S01484,1,0.9844605390121194,urbain,français,H,0,0,1.1358119908378483,0.07942211761019198,38.32805988289658,0.8866709691301448
S01485,0,-1.1029399847384156,urbain,wolof,H,0,0,1.050436228132796,0.18970305163176676,34.79832021978741,0.8803224473819806
S01486,0,-0.43293367814077144,urbain,wolof,H,0,0,-1.961883486465059,0.3291719569212911,57.87998837639043,0.6417462923732801
S01487,1,0.17948084063691427,rural,autre,F,0,1,-1.7249192939776967,0.5537623120372251,56.466929750001974,0.5232308626738738
S01488,1,0.5380767171866918,urbain,wolof,H,0,0,1.050436228132796,0.09484957882986328,45.836703544802646,0.897469593042921
S01489,1,1.1590577626020786,rural,wolof,H,0,1,-0.5950300302811243,0.822602277785154,42.80778335650672,0.5269637889391445
S01490,1,0.5223522328573159,urbain,wolof,F,0,0,1.1358119908378483,0.06507679480715621,35.42085132371686,0.9259271547708108
S01491,1,0.43863343826062157,urbain,français,F,0,0,1.050436228132796,0.2049703681143306,38.948646491169555,0.8875445588682513
S01492,1,0.2928499852678947,urbain,français,F,0,0,1.050436228132796,0.13232939941555774,43.26954412922401,0.89270271905316545
S01493,0,-0.3563717593541288,urbain,français,F,1,1,-0.6770804424361538,0.05134821451294959,37.70586499787571,0.7325437143637393
S01494,1,1.0275626057656775,rural,wolof,H,0,1,1.508379536169013,0.3831617782513364,23.63829554681734,0.9020033553882016
S01495,1,0.7020191569751857,rural,autre,F,0,1,1.508379536169013,0.3504349077041694,28.008373905726454,0.913285598280274
S01496,0,-1.2504949619604158,rural,wolof,H,1,0,0.361886464303974,0.7217012196355984,44.43528874825232,0.6998964888305916
S01497,1,1.56366081946763,urbain,français,H,0,0,1.050436228132796,0.1376759528500817,42.857111756964464,0.8887535267720654
S01498,0,-1.0314626875780584,rural,wolof,H,0,0,-1.961883486465059,0.29210886809639564,47.06854485056323,0.5806614543671202
S01499,1,1.250848020454455,urbain,français,H,0,0,-1.961883486465059,0.2860600033271258,72.67781782111325,0.5810615887936182
S01500,1,0.7423440393733662,urbain,wolof,H,0,0,1.1358119908378483,0.05558342716566462,32.07754648229814,0.8877485073090388
S01501,0,-0.33527170394654815,urbain,wolof,F,0,0,-1.961883486465059,0.17186116433951734,67.88019645113492,0.6877576001166443
S01502,1,1.7774133976684958,urbain,français,F,0,0,0.7594385270695994,0.34146142484215564,44.76200904306043,0.8617967147180787
S01503,0,-2.1571098624702216,urbain,français,H,0,0,-1.961883486465059,0.2875177365180802,61.92932152243578,0.6418685055497093
S01504,1,0.5351636862734849,rural,français,F,0,1,0.5436260064330518,0.5605129037566138,45.729546411565146,0.7964377048719462
S01505,0,-0.1509282066781568,urbain,wolof,H,0,0,0.7594385270695994,0.2311955778125458,48.458872453426054,0.8655350199678453
S01506,0,-0.2920239246728096,urbain,wolof,H,0,0,-0.5589055756131087,0.4723498656434966,47.098928849283894,0.7174853466304874
S01507,1,0.6911875686906774,urbain,français,H,0,0,1.1358119908378483,0.05020426957853905,35.18549677185941,0.931545087239084
S01508,0,-0.19956823690761244,urbain,français,H,0,1,-0.5950300302811243,0.84342931304742,49.08504505615516,0.5108485917163748
S01509,0,-1.2620334868558178,rural,autre,H,1,1,-0.5128143979953421,0.5928877368383684,48.41229227461918,0.704094990097119
S01510,1,1.0429087332133191,urbain,wolof,H,0,0,1.1358119908378483,0.01718490262744878,33.7847433814995,0.9042700911819328
S01511,1,1.0968672276971592,urbain,autre,H,0,0,0.7594385270695994,0.29019938698164033,33.94667681647653,0.8308525992560915
S01512,0,-0.815785680604966,urbain,français,H,0,0,-0.5589055756131087,0.5370909585385952,37.43737547278389,0.624327797614143
S01513,1,0.33393094288297726,urbain,français,H,0,1,-1.7249192939776967,0.6124453251842034,51.9385554770563,0.44792373683303466
S01514,1,0.04816900569487593,rural,wolof,F,0,1,-0.5128143979953421,0.6720691280657491,37.89125860474972,0.6205791282112332
S01515,1,1.5541774255644458,urbain,français,F,0,0,1.1358119908378483,0.01344359175581542,43.84270415862803,0.8678449867441089
S01516,0,-0.23397030668214083,urbain,français,F,0,1,-0.5128143979953421,0.6040867558713169,35.90606212584122,0.6621231086094627
S01517,0,-0.9698070426444431,urbain,wolof,H,1,0,0.4625650775900469,0.05898558405346284,34.19124822862438,0.90147912423306
S01518,0,-1.101935901127793,urbain,français,F,0,0,0.361886464303974,0.6599538855270614,65.33193355096869,0.6842921233938523
S01519,1,0.701348892664118,rural,wolof,H,0,0,0.361886464303974,0.643024133358063,45.34027970993912,0.8122959153850745
S01520,0,-1.881930037956668,rural,autre,H,0,0,0.361886464303974,0.7048335867652347,53.46420426501884,0.7793016460390391
S01521,0,-1.010797386266917,rural,autre,F,0,0,1.050436228132796,0.2903511289660413,40.25561940650131,0.8864500396747569
S01522,1,1.125742614334892,rural,wolof,H,1,0,1.1358119908378483,0.13376450677733334,34.875587121552556,0.8560719420251529
S01523,1,2.015404893365893,urbain,wolof,F,0,1,-0.6770804424361538,0.03756214961391504,30.471745089396737,0.7997157847423599
S01524,1,0.2811605581291746,urbain,autre,H,0,0,1.050436228132796,0.15511323003260366,43.741393769220245,0.9040820021677074
S01525,0,-1.723522169354852,rural,wolof,F,0,1,-0.5950300302811243,0.6786194263245544,41.225305123853914,0.6072722438940155
S01526,1,0.8501564889943839,urbain,français,H,0,0,-0.4962851679537585,0.9480713518721056,64.61944033875028,0.47169806713979817
S01527,1,0.11673126261045132,urbain,autre,H,0,0,1.050436228132796,0.05945448906542702,40.78253570262329,0.8984294191233472
S01528,0,-0.9537873827443913,urbain,wolof,F,0,1,-0.5128143979953421,0.7441835259370875,45.20567089205976,0.6590187290729547
S01529,1,0.7307456130247978,rural,wolof,H,0,1,-1.7249192939776967,0.5130500020124457,48.83756940432218,0.64821952274322725
S01530,1,0.41684400431725077,urbain,français,F,0,1,-0.6770804424361538,0,27.455173281690964,0.7711128003414461
S01531,1,0.6196574156838031,rural,autre,H,0,1,-0.6770804424361538,0.09965090071325532,29.0025244337751,0.7826132818821608
S01532,0,-1.4012583579317865,urbain,français,F,0,0,-0.09886818526410894,0.3949257407395645,53.70973038004517,0.7858226952426486
S01533,0,-0.6666042880500443,urbain,wolof,H,0,1,-0.5950300302811243,0.7407348483486527,41.73507975285838,0.5257288242913616
S01534,1,0.6017808440932958,urbain,autre,H,0,0,-0.09886818526410894,0.3427256806321492,43.42786649236359,0.8037573473397889
S01535,0,-0.7802632922157842,rural,autre,H,0,0,-1.961883486465059,0.3061066685285379,72.96073318379484,0.6868839983583492
S01536,1,0.1663632189832214,urbain,français,F,0,1,-0.5128143979953421,0.63696228278265,38.3751240201434,0.6867879770820485
S01537,1,1.2715154553150547,urbain,français,H,0,0,0.7594385270695994,0.2750836910268456,38.54192027887057,0.8455676966840233
S01538,1,1.0224249884943202,urbain,français,F,0,1,0.5436260064330518,0.5875017749693823,33.04167720727949,0.8038580772224386
S01539,0,-0.0025442141962915376,urbain,wolof,H,0,0,-0.09886818526410894,0.4683771657557099,48.7784216790548,0.7629777305658858
S01540,0,-2.127866189951787,urbain,autre,H,0,1,-1.7249192939776967,0.5598442394198766,49.85847903724887,0.6066068147964984
S01541,1,0.8924384488916094,rural,wolof,H,0,1,1.508379536169013,0.38982186571148303,33.59205492768816,0.8992026299274205
S01542,0,-0.6211442438656345,urbain,wolof,F,0,0,0.4625650775900469,0.07324690124262427,42.44172050030816,0.8865138258578937
S01543,1,1.2346901438118185,urbain,français,F,0,0,1.1358119908378483,0.03965561289485013,44.25533068354332,0.9066019183770224
S01544,1,0.7294166472684817,rural,wolof,H,0,1,1.508379536169013,0.39247270146925095,35.18401508872269,0.875415757257829
S01545,1,0.48820193324957206,urbain,français,F,0,0,1.050436228132796,0.13687535208150522,30.84978997258485,0.9079565786865188
S01546,1,0.5411563091829413,urbain,wolof,F,0,0,0.361886464303974,0.6374233220214067,52.105635666316985,0.7343300877932669
S01547,1,0.07940580672405773,urbain,français,F,0,0,1.050436228132796,0.1483897647572366,52.84839887814312,0.8401590453755357
S01548,0,-1.2490839236765179,rural,autre,F,0,1,-1.7249192939776967,0.48157924304937944,40.486196827202285,0.5223695093692533
S01549,1,0.08987633856235613,urbain,wolof,H,1,0,0.7594385270695994,0.2311955778125458,48.458872453426054,0.8655350199678453
S01550,0,-1.35329704652685,urbain,français,F,0,0,0.8036427494500231,0.746993468231455,48.849609754003986,0.8617085555879325
S01551,1,0.36841245260019545,urbain,wolof,F,0,0,0.4625650775900469,0,46.771231082465675,0.8917546242493805
S01552,1,0.83521465996120825,urbain,wolof,F,1,0,0.7594385270695994,0.20840886313439447,43.25490658628141,0.834966035916852
S01553,0,-0.16707620964059758,rural,autre,F,0,0,0.8036427494500231,0.7466958495874377,52.52110140266886,0.7385299188624594
S01554,1,0.10265921395643475,rural,wolof,F,0,0,-1.961883486465059,0.2956905153749403,56.48169120540248,0.5274311209925995
S01555,0,-0.3074194895803342,rural,wolof,H,0,0,0.7594385270695994,0.39489482698451506,49.70528148778669,0.779990731286848
S01556,0,-0.03545844968521668,urbain,français,H,0,1,1.508379536169013,0.5154984859991434,34.499243572120946,0.8285371493350465
S01557,0,-1.085887308116497,urbain,wolof,F,0,1,0.5436260064330518,0.5864148007347019,33.54171175044986,0.7546970219070764
S01558,1,0.23733392688105653,rural,autre,F,0,1,-0.5950300302811243,0.6843290544188666,43.91037392573486,0.6413914308553739
S01559,1,0.27141566679676776,urbain,français,F,1,0,0.4625650775900469,0.06357106495340055,47.39814080376776,0.8675759215724376
S01560,1,0.5387180225763669,urbain,français,F,0,0,1.050436228132796,0.10353756795031374,36.391323778070934,0.8953146894196408
S01561,0,-0.4562223274105125,urbain,wolof,F,0,0,0.7594385270695994,0.3451841445895034,43.81611028110951,0.8326555183105121
S01562,0,-1.4742327735385854,urbain,wolof,H,1,0,0.4625650775900469,0.18033628562325335,46.351110101392656,0.8651778262117453
S01563,1,0.6354467940893918,urbain,français,F,0,0,0.4625650775900469,0.01767596426420117,36.38909400265807,0.8688164459090569
S01564,1,0.027390378671050982,urbain,wolof,H,0,1,1.508379536169013,0.3791365354430459,34.14028872021937,0.8895918621020935
S01565,1,0.6575802239367977,urbain,wolof,H,0,0,0.7594385270695994,0.2750836910268456,38.54192027887057,0.8455676966840233
S01566,1,0.28645436129657226,urbain,français,H,0,0,0.7594385270695994,0.2456548750337167,52.174917095247,0.891644179334698
S01567,1,0.9236673828837948,urbain,wolof,F,0,0,1.050436228132796,0.1446672397718133,46.70342436910998,0.8937294501586985
S01568,0,-0.41580053041539117,urbain,français,H,0,0,-0.09886818526410894,0.3224505231590549,59.19541878799219,0.8213009038687868
S01569,0,-1.6136354327762348,rural,wolof,H,0,1,-0.5950300302811243,0.7669582256545314,43.52303813289941,0.6249196355642493
S01570,1,1.787361722134113,rural,autre,H,0,0,1.050436228132796,0.09441927073435365,37.5181984381933,0.9042577242925788
S01571,1,1.7384648568294987,rural,wolof,F,0,1,1.508379536169013,0.4409271488370629,34.51743259338505,0.9193049666374312
S01572,0,-1.0831569291257448,urbain,français,H,0,0,1.050436228132796,0.05829030467568777,31.596318635413812,0.8892682825939668
S01573,1,0.937808632448289,urbain,français,H,0,0,0.7594385270695994,0.31344529848670744,37.84443841933203,0.8502728765828329
S01574,0,-0.8243587734623438,rural,autre,H,1,0,-1.961883486465059,0.23763737231666712,48.207590818141526,0.5906440985461487
S01575,0,-0.1915591696844291,rural,français,F,0,0,-1.961883486465059,0.3775187336508491,60.75327268021326,0.6434390033953081
S01576,1,0.6155615563298283,urbain,français,F,0,0,1.050436228132796,0.1474877162916947,35.34142992921682,0.9211684120874564
S01577,1,1.2788162721650724,urbain,français,H,1,0,0.4625650775900469,0.11335999955314108,33.14192468107246,0.8845318204552799
S01578,1,0.2897926828385807,urbain,autre,H,0,0,1.1358119908378483,0,38.67750540744438,0.9051380123244134
S01579,1,1.112454494840565,urbain,autre,F,0,0,1.050436228132796,0.1477289143262595,41.0443556564698,0.902036149085048
S01580,1,0.15023110618679458,rural,wolof,F,0,0,0.4625650775900469,0.02536525808858987,33.40167912908755,0.9026495015019864
S01581,1,0.23772120664296334,urbain,autre,H,0,0,-0.5589055756131087,0.39517856862175615,51.45502704610311,0.6861104282042875
S01582,0,-0.34970012507279585,urbain,français,H,0,0,-1.961883486465059,0.23754032507823625,41.61532953157,0.6370037004701692
S01583,0,-0.7879021843061716,rural,wolof,H,0,1,-0.5128143979953421,0.6960283971306225,42.97131988960052,0.659507108283794
S01584,0,-0.2170842406910008,rural,wolof,H,0,1,-0.5950300302811243,0.7838021859011447,48.39330986907058,0.6512194411076178
S01585,0,-0.07533761626103806,rural,français,H,0,0,-0.4962851679537585,0.9016859331914364,69.06712981053292,0.7776036633008296
S01586,0,-0.1653439333007805,rural,wolof,H,0,1,-0.5950300302811243,0.7967183240625374,51.471723833944566,0.7219416026128787
S01587,0,-0.6191856046175545,urbain,français,F,0,0,1.050436228132796,0.12979280129021556,41.68261713522689,0.9015183315354612
S01588,0,-0.37978802094793535,urbain,français,H,0,1,-0.5128143979953421,0.7705088656665211,37.865739168265335,0.6191801061759974
S01589,1,0.15258338887982043,urbain,français,H,0,0,-0.09886818526410894,0.4364186536848869,64.05306098006454,0.8050334197821067
S01590,1,0.5208979358090817,rural,wolof,H,1,1,-0.5950300302811243,0.6673216138332677,45.3778125400916,0.6856796745534733
S01591,0,-1.20469455773729,rural,wolof,H,0,0,-1.961883486465059,0.23945630723439856,52.494487408586,0.7494157164681707
S01592,0,-1.2368490247859911,rural,français,H,1,0,1.050436228132796,0.2808407253821673,40.064480022284194,0.8853908474098223
S01593,0,-1.8042446938031753,rural,wolof,F,0,0,-0.4962851679537585,0.951843034809628,54.02253405415841,0.6355148453609187
S01594,0,-0.06489623364712079,rural,autre,F,0,0,1.050436228132796,0.10985917249544636,38.70484668636241,0.8142437980949153
S01595,1,1.1230122099743236,urbain,français,H,1,0,1.1358119908378483,0.05020426957853905,35.18549677185941,0.931545087239084
S01596,1,0.4471269940786298,rural,wolof,F,0,1,-0.5950300302811243,0.7757963722390464,44.69321990302045,0.6060310139725323
S01597,0,-1.2016950679118499,rural,autre,H,0,0,-1.961883486465059,0.3004880656598285,72.10151624241878,0.6477017266978895
S01598,0,-1.2389281986230032,urbain,français,H,1,1,-0.5950300302811243,0.7360708251199425,40.967984814285956,0.6933819480852732
S01599,0,-1.033205379541544,urbain,français,H,0,1,-0.5950300302811243,0.6904666493903494,46.13993534201218,0.6337184606864236
S01600,1,0.6539563064084079,rural,français,F,1,0,0.361886464303974,0.6484456158397595,57.7110854863075,0.7730788347384925
S01601,0,-0.4926874247945225,rural,wolof,F,0,0,-0.4962851679537585,0.9129850511643204,66.88952521140044,0.4058337895952599
S01602,0,-1.4446019151817087,urbain,français,F,0,0,-1.961883486465059,0.32334941819986845,45.47624217571353,0.5349624286412366
S01603,1,0.7444044096455488,urbain,français,F,0,1,-0.5128143979953421,0.6451268295459034,31.376590262743964,0.681264645071892
S01604,1,1.4249004726192316,urbain,français,F,0,0,1.1358119908378483,0.0462832275409509,33.54777946138444,0.9071093444160054
S01605,1,1.0927316600518984,rural,autre,F,0,0,0.4625650775900469,0.02775738405323592,40.57895967381999,0.8496819518672486
S01606,1,0.2717466056492264,urbain,wolof,F,0,0,1.050436228132796,0.15527938252297172,52.5999212415668,0.9188386207789409
S01607,1,0.45514447893753635,urbain,autre,H,0,0,1.050436228132796,0.13064431148184252,37.85297657894345,0.9063324355744218
S01608,0,-1.282422406051587,urbain,wolof,F,0,0,-0.09886818526410894,0.3949257407395645,53.70973038004517,0.7858226952426486
S01609,1,0.27650579632808386,urbain,français,H,0,1,-0.6770804424361538,0.0583953787118603,31.81738286164388,0.7926656926112968
S01610,0,-1.4829673641537924,rural,wolof,F,1,0,-0.5589055756131087,0.4477513048795432,64.63584760516117,0.6707582673253573
S01611,0,-0.8191345718618191,rural,wolof,H,1,0,-0.5589055756131087,0.44475066454209566,46.23649246119748,0.5737060423197426
S01612,0,-0.4025786310332909,urbain,wolof,H,1,1,-1.7249192939776967,0.577404105476174,55.005116679881795,0.5575842221028068
S01613,0,-0.43518209311640543,urbain,français,F,0,0,-0.5589055756131087,0.416597638532018,46.21103669987837,0.7219817513493985
S01614,0,-0.5357666938946053,urbain,français,H,0,1,-1.7249192939776967,0.6281278542102423,53.9507260172452,0.49135160789745586
S01615,1,0.606162144613058,urbain,français,F,0,1,1.508379536169013,0.5700571081778864,31.27651945726007,0.8619744192650401
S01616,0,-0.05605523972552809,rural,autre,H,0,0,1.050436228132796,0.16412134968474973,44.18171158131328,0.9023075505738336
S01617,0,-0.19491382839181623,rural,autre,F,0,0,1.1358119908378483,0,32.58576005181819,0.8958875265899912
S01618,1,0.13923856002460316,rural,wolof,H,0,0,0.361886464303974,0.6665247415046717,51.443654745913506,0.7595154105068163
S01619,0,-0.18516813901696705,urbain,wolof,F,0,1,-0.6770804424361538,0,27.455173281690964,0.7711128003414461
S01620,0,-1.270445482502704,rural,wolof,F,0,0,-1.961883486465059,0.32115569722059306,50.04120255608377,0.5690590411880396
S01621,0,-0.9678138463182135,urbain,français,H,1,1,-0.5128143979953421,0.6319547062457802,53.630529684623625,0.6813000364215948
S01622,0,-1.4427637643778024,urbain,français,F,0,0,-0.5589055756131087,0.41929797489895254,56.9782602932309,0.7862439003090957
S01623,0,-0.47819814116433035,urbain,autre,H,0,1,-0.5950300302811243,0.7678042717167353,51.766086241470475,0.6615494713546164
S01624,0,-0.11207907980522892,urbain,wolof,F,0,1,-0.6770804424361538,0.11431442857749492,38.86710025104669,0.7895466703338804
S01625,0,-0.5587901951182457,rural,wolof,H,0,0,0.8036427494500231,0.5927835225528331,56.313357057331345,0.8110510986971371
S01626,1,1.6213702354872768,urbain,wolof,H,0,0,0.7594385270695994,0.34527396280405875,40.41172535365776,0.8652985762771063
S01627,1,1.196729850403103,urbain,wolof,H,0,0,1.050436228132796,0.13970125939893854,41.920743908082954,0.8994547210919774
S01628,0,-1.6232661336044882,urbain,wolof,F,0,1,-0.6770804424361538,0.13258751017569004,36.35986966874914,0.8211359606736697
S01629,0,-0.09067550717596837,urbain,français,H,0,0,0.8036427494500231,0.7003355932567936,50.072944773764945,0.7736104965158841
S01630,1,0.3293345027445234,urbain,français,H,1,0,0.7594385270695994,0.32842871704570537,40.89163268047139,0.8470234907963599
S01631,1,1.432431101148208,urbain,français,H,0,0,1.050436228132796,0.14947768414121498,43.90435067675417,0.8255014716282962
S01632,1,0.2743458212939893,rural,wolof,H,0,0,-0.09886818526410894,0.25748114736219213,41.13616591168612,0.7922197184365157
S01633,0,-0.11617620622751357,rural,autre,H,1,0,0.8036427494500231,0.6833816239739144,50.746587985691754,0.7988244388973399
S01634,0,-0.4135287264260862,urbain,français,H,0,0,-1.961883486465059,0.2948989153891708,52.737072029252566,0.5946837951397284
S01635,1,0.11474952837510242,urbain,wolof,F,0,0,0.4625650775900469,0.09475394894851748,36.2855075611243,0.8628580119705086
S01636,0,-0.6818430970936477,urbain,français,F,0,0,0.361886464303974,0.6519067217755175,54.63195985256164,0.7515349340276319
S01637,0,-1.0107570527791943,urbain,wolof,H,0,0,-1.961883486465059,0.2909117190985104,41.51350106378763,0.5930545692809281
S01638,1,1.6102084554147773,rural,wolof,H,0,1,1.508379536169013,0.34250838843086884,27.034520024325253,0.8673114577788578
S01639,1,1.7731181386481991,urbain,wolof,H,0,0,1.050436228132796,0.15801027602375156,40.45791204510604,0.8863139223998283
S01640,1,0.7686296859887388,urbain,wolof,H,0,0,1.050436228132796,0.19229690005736172,49.112150424714606,0.927482998237756
S01641,0,-0.13793894155062103,urbain,français,F,0,0,0.4625650775900469,0.05692233938341774,33.28243566988288,0.8788951242180512
S01642,0,-0.22058740372559674,urbain,français,F,0,1,-0.5950300302811243,0.6649051546856647,45.809110042693405,0.6581162753644205
S01643,1,0.7195901747272767,rural,wolof,H,0,1,-0.5950300302811243,0.8187648809556562,43.87769533644156,0.5552505503334797
S01644,1,0.8019951069603299,urbain,wolof,F,0,0,-1.961883486465059,0.2728736755166916,59.99546059174233,0.5790155586659149
S01645,1,1.0290788995543645,urbain,wolof,H,0,1,-0.6770804424361538,0,36.31808543467898,0.8124818160742953
S01646,0,-1.8334787170650135,rural,autre,H,0,1,-0.5950300302811243,0.72563666331991,45.585731991242106,0.5492452382014106
S01647,0,-0.6971393999955277,urbain,français,H,0,1,-0.5950300302811243,0.7360708251199425,40.967984814285956,0.6933819480852732
S01648,1,1.289668226204652,rural,wolof,F,0,0,0.7594385270695994,0.3076931214620726,46.391957967724466,0.8852324881244302
S01649,0,-1.6151495514109682,rural,wolof,F,0,1,-0.5950300302811243,0.763268836788579,47.649172417959186,0.7203499302134273
S01650,1,1.1701682478522133,rural,wolof,H,0,0,1.050436228132796,0.13935462643647284,40.774869561848234,0.9074540514356976
S01651,0,-1.0477075379805116,urbain,français,H,0,1,-0.5950300302811243,0.716186858224243,47.640213500346746,0.5904288031125708
S01652,1,0.39552424025213984,rural,autre,F,0,0,1.050436228132796,0.06136161630491774,42.544955319467704,0.9268971443264548
S01653,1,0.6785473881724937,rural,français,H,1,0,0.8036427494500231,0.6754462033867933,49.888724289648145,0.7530550030425351
S01654,0,-0.9616677667361736,rural,wolof,H,0,0,-0.5589055756131087,0.3817853987343739,52.61060333069828,0.7395976281049521
S01655,0,-0.027175520923621695,urbain,autre,F,0,0,1.050436228132796,0.2222086862832676,45.35505386247844,0.9150271273045132
S01656,0,-0.06829296787667785,urbain,wolof,H,0,0,0.4625650775900469,0.07066375793139605,39.43498449631951,0.8643199085895988
S01657,0,-0.5768502734131549,rural,wolof,F,0,0,-1.961883486465059,0.2763305004142581,57.43207436622308,0.6048911756118555
S01658,0,-0.21936678631079976,rural,français,H,0,0,-0.09886818526410894,0.37936791858393415,52.433745199668145,0.7745868761242256
S01659,0,-1.6037595806366607,rural,wolof,H,0,0,-1.961883486465059,0.2533704938969164,70.48446388038586,0.6750033133173965
S01660,1,1.2329665091351518,urbain,français,F,0,0,1.1358119908378483,0.04600661071527127,35.856076202439574,0.9107597152227338
S01661,1,0.5063028155026121,urbain,français,F,0,0,-1.961883486465059,0.3795813717663432,57.685934650437304,0.5931685617998727
S01662,0,-1.4426780855553263,urbain,wolof,H,0,0,-1.961883486465059,0.27890984090170634,51.420300504361,0.566747732485161
S01663,0,-0.36473914768240645,urbain,wolof,F,1,0,-1.961883486465059,0.28333364599195066,54.37282312062544,0.6371790780689467
S01664,1,0.7694555174675929,rural,wolof,H,0,0,1.1358119908378483,0.12075767650193428,35.35211935920009,0.8677037560704172
S01665,0,-0.0969022280172098,rural,autre,F,0,1,-0.5950300302811243,0.7484397818559269,54.32290134003505,0.723988505601346
S01666,0,-0.65491547136478645,urbain,wolof,H,1,0,0.4625650775900469,0.06806732475922596,33.18312085748559,0.8858584362349079
S01667,1,0.17254551460434203,urbain,français,H,0,0,0.7594385270695994,0.2311955778125458,48.458872453426054,0.8655350199678453
S01668,1,0.8422776238118258,urbain,wolof,F,0,0,1.050436228132796,0.1477289143262595,41.0443556564698,0.902036149085048
S01669,0,-0.6346903414928322,urbain,français,F,0,0,0.361886464303974,0.6519067217755175,54.63195985256164,0.7515349340276319
S01670,1,1.2156164432304581,urbain,wolof,F,0,0,0.4625650775900469,0.04985822428681508,41.77886431418319,0.8535522187681208
S01671,0,-0.758260141660171,urbain,français,H,0,0,0.8036427494500231,0.6921933513564456,59.2939284232036,0.7319249114654173
S01672,1,0.4821280887488126,rural,wolof,H,0,0,0.4625650775900469,0.04934742406702587,41.60796845699173,0.9145972605233046
S01673,0,-0.9605638777249537,urbain,wolof,F,0,0,-0.5589055756131087,0.4929836796731315,43.33783670502989,0.6739039997245043
S01674,0,-0.6739431502843768,urbain,français,F,0,0,-0.5589055756131087,0.37911325374054367,53.901968007101345,0.7805440830870559
S01675,1,1.2221614927880984,urbain,wolof,F,0,0,1.050436228132796,0.20016984725960207,42.088944717770126,0.879816214892787
S01676,1,1.2713671471879866,rural,autre,F,0,1,1.508379536169013,0.3812695150352554,32.12300757488108,0.9080506947608502
S01677,0,-1.164714650555968,urbain,français,F,0,1,-0.5950300302811243,0.8572816514871257,43.56155894053923,0.6418208942264966
S01678,1,1.588941385792891,rural,autre,H,0,1,1.508379536169013,0.37447081640062496,30.5365037347499,0.9148034139995392
S01679,1,1.0834811092600611,rural,autre,F,0,1,1.508379536169013,0.43122313026913545,25.3583769148195,0.8659737215330878
S01680,1,0.4686418522167668,urbain,wolof,F,0,0,1.050436228132796,0.12769922398168382,44.77100663642813,0.9085369938021144
S01681,1,0.22288710520467878,urbain,français,H,0,0,-1.961883486465059,0.2817883541122544,54.62952308286643,0.5275533114111048
S01682,0,-0.191458586309172,urbain,français,H,0,0,1.050436228132796,0.12138655320238106,36.11642397929506,0.8785490107961456
S01683,1,0.3190619742217487,rural,autre,F,0,0,-0.09886818526410894,0.33793805424030265,46.751955340885985,0.7515840736786878
S01684,1,1.30742803574016,urbain,français,F,0,1,-0.6770804424361538,0,36.31808543467898,0.8124818160742953
S01685,0,-0.7962411393779796,rural,autre,H,0,1,-0.5950300302811243,0.7242842514197753,48.267880086746075,0.6317734990137964
S01686,0,-0.10544832801908494,rural,autre,F,0,0,1.050436228132796,0.13116232887278145,40.66814337273283,0.907247779222047
S01687,0,-0.6096906249689943,rural,wolof,H,0,0,-0.5589055756131087,0.4961911304396207,46.33598812437637,0.681099390421495
S01688,0,-0.9609499694499931,urbain,wolof,H,0,0,0.4625650775900469,0.06357106495340055,47.39814080376776,0.8675759215724376
S01689,0,-1.489365167333484,rural,wolof,H,1,0,-1.961883486465059,0.3024010110021672,60.25248485288393,0.5385009455438837
S01690,0,-0.2473092092962611,urbain,wolof,F,0,0,-1.961883486465059,0.2969100506288152,54.82962931442139,0.604942041732642
S01691,1,1.6303831358032292,urbain,français,H,0,0,0.4625650775900469,0.01767596426420117,36.38909400265807,0.8688164459090569
S01692,1,0.2832695472818815,rural,autre,H,0,0,1.050436228132796,0.18073465091535243,43.63973773016813,0.905697123186824
S01693,1,0.22300539337545605,rural,wolof,H,0,0,0.8036427494500231,0.7114920962203423,44.39665649770262,0.827422652753774
S01694,0,-1.1070551135054643,urbain,wolof,F,0,0,-0.5589055756131087,0.4029174181257962,52.882779886579385,0.6496449799291986
S01695,1,0.2686213173342229,rural,wolof,F,0,1,0.5436260064330518,0.5261046277007653,37.20281714972139,0.7563504164725368
S01696,1,1.634695718865828,urbain,français,H,0,0,1.1358119908378483,0.01718490262744878,33.7847433814995,0.9042700911819328
S01697,0,-0.423890838151814,urbain,français,H,0,1,-0.6770804424361538,0.01683324668537654,31.028222243079803,0.8198050868053607
S01698,0,-1.8888030752704283,rural,wolof,F,1,0,-1.961883486465059,0.2748804418118773,56.07052319205349,0.6155457552807184
S01699,1,0.42576981068118797,urbain,français,F,0,1,1.508379536169013,0.3442162716715834,37.16971419570626,0.9043754790617542
S01700,0,-0.5885626897620256,urbain,français,F,0,0,0.8036427494500231,0.6402965044500615,46.912662808007674,0.8011934342762299
S01701,0,-0.6886787457867982,urbain,français,F,0,0,0.4625650775900469,0.08900011035192393,43.39082933294378,0.8542613656859407
S01702,0,-0.6763544238952426,urbain,wolof,H,0,0,1.050436228132796,0.13983483566361915,33.860298983562046,0.9004028056525347
S01703,1,0.03280138883061084,urbain,wolof,F,0,1,-0.6770804424361538,0.12487738164365483,39.88592514346494,0.7538966093263558
S01704,0,-0.18272393629155886,urbain,français,H,0,1,-0.6770804424361538,0.0506917952107492,32.20239276328907,0.793664651611379
S01705,0,-0.2063923422842712,rural,français,H,1,0,-1.961883486465059,0.28917529742149617,49.33426988594582,0.5032780692998173
S01706,1,1.3047282192552532,urbain,wolof,H,0,0,0.7594385270695994,0.29382986156858454,55.03826383482004,0.861957788621098
S01707,1,0.2983793268839732,rural,wolof,H,0,0,0.8036427494500231,0.7466958495874377,52.52110140266886,0.7385299188624594
S01708,0,-0.49790786423258204,urbain,wolof,H,0,0,1.1358119908378483,0.11892314138975511,37.687318519118726,0.8881673483031874
S01709,0,-1.4372364243072773,urbain,français,H,0,1,-1.7249192939776967,0.577404105476174,55.005116679881795,0.5575842221028068
S01710,0,-0.43602072018077476,urbain,français,H,0,0,-1.961883486465059,0.33029568787007924,66.9075790052246,0.5639432977471788
S01711,0,-1.094205350824907,rural,français,F,0,1,-0.5950300302811243,0.8305852690979234,47.54099420547768,0.631253034078909
S01712,1,0.5998538882369703,urbain,autre,H,0,0,0.4625650775900469,0.06585444382398234,38.65246861973917,0.8669442286362261
S01713,0,-0.6482427132307091,rural,wolof,H,0,0,0.361886464303974,0.6768446225110825,46.41303832454797,0.7598863982856787
S01714,0,-0.2914322653690405,urbain,wolof,H,0,1,1.508379536169013,0.45099807915745693,32.053452391167426,0.8754544808623406
S01715,0,-0.6564305767893527,urbain,wolof,F,0,0,0.7594385270695994,0.3676084322856277,40.134388677710845,0.8264780593059237
S01716,0,-0.6803230271957712,urbain,wolof,H,0,0,-1.961883486465059,0.3296232457368661,56.29114544909917,0.6209654314356305
S01717,0,-0.07900667147908655,urbain,français,F,0,0,1.050436228132796,0.07284523247790443,43.478985948895925,0.8973206376245224
S01718,1,0.16674561649135283,urbain,autre,H,0,0,1.050436228132796,0.16946753085545474,39.63537058604802,0.897412005166806
S01719,0,-0.21112356365944623,rural,wolof,H,0,1,-1.7249192939776967,0.6242145799998959,44.589479194122795,0.4584045961230761
S01720,1,1.0068657868185975,urbain,français,H,0,1,0.5436260064330518,0.5269502944263917,32.64300581572009,0.7985111636504455
S01721,1,0.8992756188822238,urbain,wolof,H,0,0,-0.5589055756131087,0.4363093331569795,46.1393890256925,0.7189793615674033
S01722,1,1.275652475076608,urbain,wolof,H,0,0,1.1358119908378483,0.03965561289485013,44.25533068354332,0.9066019183770224
S01723,0,-0.5972759450394638,urbain,français,F,0,1,0.5436260064330518,0.536993925063986,40.590903026500406,0.7695320530993963
S01724,1,0.8425634900962558,urbain,français,H,0,0,1.050436228132796,0.202780893208644,35.86923064333383,0.8538729690265794
S01725,1,1.4558365611955704,urbain,wolof,F,0,0,1.1358119908378483,0,28.95963493000696,0.9201813474059491
S01726,1,0.6112344003626506,urbain,wolof,H,0,0,0.7594385270695994,0.32842871704570537,40.89163268047139,0.8470234907963599
S01727,0,-0.9900885019433663,urbain,français,H,0,0,-0.5589055756131087,0.43883561544637306,54.02849201638053,0.7029417864645805
S01728,1,0.23042452364732266,urbain,wolof,F,0,1,0.5436260064330518,0.5198878697185723,31.711559426042697,0.7529459584874514
S01729,1,0.8826294370737517,urbain,français,F,0,1,-0.6770804424361538,0.01648850369397184,34.75921705064726,0.7559827551351559
S01730,1,0.83720961985809494,urbain,autre,H,0,0,1.050436228132796,0.11294621996257057,37.05184905571157,0.9019903807269553
S01731,1,0.8295423105677779,rural,français,H,1,0,1.050436228132796,0.1961355694842776,37.951046330762416,0.9123070286581888
S01732,0,-1.3113517353504531,urbain,wolof,H,0,1,-1.7249192939776967,0.5185703955532642,38.06293033530654,0.6008628287858951
S01733,1,0.8525154910457485,rural,wolof,F,0,0,0.7594385270695994,0.30895710663060305,53.584580691501515,0.8367929034003341
S01734,1,1.3186030351411557,urbain,français,F,0,0,1.050436228132796,0.1369205562684697,45.382038589157325,0.8818017028128247
S01735,0,-0.5628276012529012,urbain,wolof,H,0,0,1.050436228132796,0.08138029012365246,36.54240567477368,0.8820744080582065
S01736,0,-0.37383963873988374,rural,wolof,F,0,0,-0.09886818526410894,0.25748114736219213,41.13616591168612,0.7922197184365157
S01737,0,-0.5024156602627454,rural,wolof,H,1,0,0.361886464303974,0.722852381971964,51.943197359149536,0.7259581152108772
S01738,1,0.6559320484089459,urbain,autre,F,0,0,0.4625650775900469,0.06115875560595934,35.484494385961554,0.8255972425102217
S01739,1,1.1341707381638402,rural,wolof,H,0,0,1.050436228132796,0.12508199390882094,33.80876398974337,0.8941994149881772
S01740,0,-0.9425646756520492,urbain,français,F,0,0,1.050436228132796,0.1962250684940942,38.87651269647322,0.8928611058702033
S01741,1,0.3122945799234675,rural,autre,H,0,1,1.508379536169013,0.41874485350101065,36.86079626625619,0.8646119990344477
S01742,1,1.0075488049983747,urbain,autre,F,0,0,1.1358119908378483,0.02404260275153257,31.44311162338617,0.9152731798734978
S01743,1,0.8842324110281305,urbain,français,H,0,0,1.050436228132796,0.17430602693994102,39.01628550511334,0.9029642464021004
S01744,0,-1.4455896268883903,urbain,français,H,0,1,-1.7249192939776967,0.6059752969437122,40.12016147891059,0.5214668986294978
S01745,0,-0.44719205221636116,urbain,français,H,0,0,1.050436228132796,0.13881575065287097,37.04737701951217,0.8827006408291679
S01746,1,0.7026320123435095,urbain,français,H,0,0,0.7594385270695994,0.2311955778125458,48.458872453426054,0.8655350199678453
S01747,0,-0.6630321415329137,rural,français,H,0,0,-1.961883486465059,0.2664541534653191,47.26081247304296,0.5648835504071589
S01748,1,0.8842585146982868,rural,français,F,0,0,1.1358119908378483,0.13376450677733334,34.875587121552556,0.8560719420251529
S01749,1,1.0085292355417343,rural,wolof,F,0,0,-0.09886818526410894,0.3220186864307178,49.268245264996715,0.7852900388763567
S01750,0,-0.34063069210738806,urbain,français,F,0,0,-1.961883486465059,0.3402387888871432,59.76960425474697,0.515152595386027
S01751,1,0.7412656486570468,urbain,français,F,0,0,-0.5589055756131087,0.4007974179116155,46.86155750700318,0.7073906426076292
S01752,1,0.7030943412469074,rural,wolof,H,0,0,0.7594385270695994,0.2710117968317218,38.02448551658729,0.8295713584646316
S01753,0,-0.7596141320826554,rural,wolof,F,0,0,-0.09886818526410894,0.3220014527250168,49.6694457067199,0.7829413207991571
S01754,1,0.3324274598108567,urbain,autre,H,0,1,0.5436260064330518,0.47035243884451206,34.193290538467565,0.8144074096206568
S01755,1,0.7272430712852714,urbain,français,F,0,0,1.050436228132796,0.18970305163176676,34.79832021978741,0.8803224473819806
S01756,0,-0.5900075476144794,urbain,autre,H,0,0,0.8036427494500231,0.698523700089971,44.026934472481734,0.78293076680191
S01757,0,-0.4341845676258053,rural,autre,H,0,1,0.5436260064330518,0.617551924034801,48.41868383363127,0.7950427612975997
S01758,1,0.9347154361259896,urbain,wolof,H,0,1,1.508379536169013,0.4275969498473165,34.68079814828979,0.8699286286644122
S01759,1,0.39710565144894433,urbain,wolof,H,0,1,0.5436260064330518,0.5291964091608355,58.25933396859851,0.7904399973389249
S01760,0,-0.7980327625506721,urbain,wolof,F,1,1,-0.6770804424361538,0.11431442857749492,38.86710025104669,0.7895466703338804
S01761,1,2.4964524471214053,rural,autre,H,0,0,0.7594385270695994,0.3619800078754248,38.48304380574398,0.8849620360977194
S01762,1,1.0362533193539232,urbain,français,H,0,0,1.1358119908378483,0.00401907711390821,39.78971355289451,0.9254820546096468
S01763,0,-0.489062138424155,urbain,français,H,0,1,-1.7249192939776967,0.6512046447471469,43.59798557660505,0.45832192949359146
S01764,0,-1.6175497890774868,urbain,wolof,H,0,1,0.5436260064330518,0.5759169226165542,38.26967253035326,0.724684029996459
S01765,0,-0.07516739076787816,rural,wolof,H,0,1,0.5436260064330518,0.5781530093265586,39.81356199984012,0.7987216498694202
S01766,0,-1.0101600699190416,urbain,français,F,1,1,-0.5950300302811243,0.748570767343936,39.68165641504108,0.6138562643371389
S01767,0,-1.242750259918617,urbain,wolof,H,0,0,-0.5589055756131087,0.48452069301230694,63.861572154385755,0.7305278786394835
S01768,1,1.6278575185499424,rural,wolof,F,0,0,1.1358119908378483,0.01918318964103069,36.67458999628606,0.8942026049275701
S01769,0,-0.07206264124625948,urbain,wolof,H,0,0,1.1358119908378483,0.038399227288391,44.27482688548109,0.8672431746010503
S01770,1,0.5916409426391953,urbain,wolof,F,0,1,-0.5950300302811243,0.7043182710067228,37.6649930295284,0.6696235161577572
S01771,0,-0.8217445515560832,urbain,français,F,0,0,-0.4962851679537585,0.7607403574111263,49.66125637558813,0.619473547955929
S01772,1,0.9941456287984511,urbain,français,H,1,0,1.1358119908378483,0.09139510124750937,37.857068994604816,0.8966020317172928
S01773,1,0.8686700522774684,rural,français,H,0,1,-0.5128143979953421,0.668677252457378,44.31808639278128,0.6830149209862113
S01774,1,0.22398656626236632,urbain,français,F,0,1,-0.5950300302811243,0.8170646377021236,38.45589031893058,0.6343509057988178
S01775,0,-1.9519401757700656,urbain,wolof,H,0,0,0.361886464303974,0.5539350294494088,59.75108549583724,0.7527485929686493
S01776,0,-1.0597190064804722,urbain,français,F,0,1,0.5436260064330518,0.5350591164798645,29.939917446326906,0.7565698307773575
S01777,0,-0.17884742222563052,rural,wolof,H,0,0,0.8036427494500231,0.7128031300584609,53.656804199040415,0.6654147260954191
S01778,1,1.4022200998558203,rural,autre,H,0,0,1.1358119908378483,0.08528967308361897,41.62328500545553,0.886383549923766
S01779,1,0.28840453837015134,urbain,français,F,0,0,0.7594385270695994,0.302151127243937,41.12741062939188,0.8518949764804062
S01780,0,-0.6623879447450449,urbain,wolof,F,0,0,1.1358119908378483,0.13648387564472497,33.528143428855074,0.872412486918927
S01781,1,1.6657660190604242,urbain,français,H,0,0,0.4625650775900469,0.01460577782427048,32.00946195079232,0.85646480466717
S01782,1,0.2857383207314704,urbain,wolof,F,0,0,1.050436228132796,0.13411353765455783,35.11264527975102,0.8762780217478963
S01783,0,-1.1227412777515902,rural,autre,F,0,0,-1.961883486465059,0.28495234904840006,53.94049680828713,0.6128214683004695
S01784,0,-1.127396522867517,urbain,autre,F,0,0,-1.961883486465059,0.38421362445152474,54.47414705268697,0.5269473163471043
S01785,0,-1.5251070976246115,rural,wolof,F,0,1,-1.7249192939776967,0.5130500020124457,48.83756940432218,0.64821952274322725
S01786,0,-0.10676794878107504,urbain,wolof,F,0,0,1.050436228132796,0.18026399494259537,42.38754974552798,0.8907822577704461
S01787,0,-0.6163972889359488,rural,wolof,F,0,0,1.050436228132796,0.1767228204005011,34.100592767165345,0.7875559092734218
S01788,1,1.2249980810522556,urbain,français,F,0,0,0.4625650775900469,0.06127265233856653,39.40121452582994,0.8642981397995488
S01789,0,-1.5959498450073606,rural,autre,H,0,0,-0.5589055756131087,0.584990465442138,52.33824475149265,0.6858882515265047
S01790,1,0.6329459844145096,urbain,français,H,0,1,-1.7249192939776967,0.5586840035085601,35.50470651747166,0.5327635703471748
S01791,0,-0.6541185490568243,urbain,français,H,0,0,1.1358119908378483,0.01935658604978007,39.53630531558369,0.9111137587472772
S01792,1,0.732937061654668,rural,wolof,H,0,0,0.361886464303974,0.7857685626365434,47.65616141898352,0.6708339555916113
S01793,0,-0.30196020707891236,rural,autre,F,0,0,-0.5589055756131087,0.4972252268586575,61.71863281634688,0.6226643589641943
S01794,1,1.9187812025777888,urbain,wolof,F,0,1,-0.6770804424361538,0.02464293115937007,32.62765358844042,0.8218816352636815
S01795,0,-0.14156847576137607,urbain,wolof,H,0,0,1.050436228132796,0.15304853201134433,42.91352149791242,0.8941601698458608
S01796,0,-0.17195765006401517,rural,français,F,0,0,-0.09886818526410894,0.26749144883114356,43.4290483215993,0.8178492578206434
S01797,1,0.20504068003306486,urbain,français,H,0,0,0.4625650775900469,0.06599698237186967,32.759856530185075,0.8321208596541322
S01798,0,-0.42011238878830026,urbain,wolof,H,0,0,0.7594385270695994,0.27451783600618196,45.010835000105786,0.8433531683909625
S01799,1,1.1377918911638778,urbain,français,H,0,1,-0.6770804424361538,0.00110026607417985,29.249576600585616,0.8050619408984713
S01800,0,-1.5927877193975726,rural,autre,H,0,0,-1.961883486465059,0.28086173067199643,50.89873420872955,0.5516338125491506
S01801,0,-1.899518618429385,urbain,wolof,F,0,0,-1.961883486465059,0.3857007268376177,71.3323338020311,0.626981422901585
S01802,0,-0.7052314030476826,urbain,wolof,F,0,0,1.1358119908378483,0.06909285776339794,37.58875630725696,0.8911162444640945
S01803,1,0.9138670591286949,urbain,wolof,H,0,0,0.8036427494500231,0.7931107206711934,46.15363751562925,0.7845798317860846
S01804,0,-0.03304586315139314,urbain,wolof,F,0,0,1.050436228132796,0.1902820284965429,37.878174908251275,0.8925534143850413
S01805,0,-0.9431214045116488,rural,wolof,F,0,1,-1.7249192939776967,0.5910043930123081,40.19284795216804,0.6204908483975868
S01806,1,0.5540758408840063,urbain,français,H,1,0,1.050436228132796,0.06248308807753441,34.18895931265432,0.9155796584703308
S01808,1,0.7331115665408052,urbain,wolof,F,0,0,1.050436228132796,0.09690137053171394,42.82900897843794,0.9061708661764264
S01809,0,-0.0016350924583571787,urbain,français,H,0,1,-0.6770804424361538,0.12487738164365483,39.88592514346494,0.7538966093263558
S01810,0,-0.6818806892508362,urbain,wolof,H,0,0,-0.09886818526410894,0.3793511656162918,54.314537157342926,0.7970682000225544
S01811,1,1.935396963243032,urbain,français,H,0,0,1.1358119908378483,0.120144540452139,39.29931361247099,0.8790955596536709
S01812,1,1.574148917634252,urbain,français,H,0,1,1.508379536169013,0.3861562738116734,27.66144736428151,0.9108827793636396
S01813,1,0.14790668236722349,urbain,français,F,1,0,1.050436228132796,0.18026399494259537,42.38754974552798,0.8907822577704461
S01814,1,0.3263230972392468,urbain,autre,H,0,0,1.050436228132796,0.07326055232955332,35.09515229083331,0.8773603540407882
S01815,1,0.5311207331194105,urbain,français,H,0,0,1.1358119908378483,0.10769289424842315,40.79036661906394,0.8970668613229908
S01816,1,1.1905914153650976,urbain,français,H,0,0,-0.09886818526410894,0.31846638376824216,49.04949511574944,0.7202425912354595
S01817,1,1.2112159695495561,rural,autre,H,0,0,-0.5589055756131087,0.44475066454209566,46.23649246119748,0.5737060423197426
S01818,1,2.224553045810451,urbain,wolof,F,0,1,1.508379536169013,0.4668649071662749,34.80549770414863,0.8877762226504418
S01819,0,-0.4409830295334294,urbain,français,F,0,0,0.7594385270695994,0.2658196302864927,48.33664735479607,0.8236660100607934
S01820,0,-0.9030355814874208,urbain,autre,F,1,0,1.050436228132796,0.10353756795031374,36.391323778070934,0.8953146894196408
S01821,0,-0.6996055729697642,rural,wolof,H,0,0,0.7594385270695994,0.35128685856761066,35.834843239292915,0.8550004698734994
S01822,1,0.24276717991114388,rural,wolof,F,0,1,0.5436260064330518,0.499611744390028,32.449580033064144,0.8148125192847967
S01823,0,-0.755972839885192,rural,wolof,F,0,1,-1.7249192939776967,0.5944155357694888,39.082740950396776,0.5973058109757686
S01824,0,-0.1342190344329783,urbain,wolof,F,0,0,0.7594385270695994,0.2645021780763736,42.77482633206423,0.8513999078636323
S01825,1,0.2071713600743177,rural,français,F,0,1,0.5436260064330518,0.6212311287251353,34.63701205723775,0.7799988105679854
S01826,0,-2.2208863335450304,urbain,wolof,H,0,0,-0.5589055756131087,0.4007974179116155,46.86155750700318,0.7073906426076292
S01827,1,0.9972415538948567,rural,autre,H,0,0,0.4625650775900469,0.02775738405323592,40.57895967381999,0.8496819518672486
S01828,1,0.6382310153828061,rural,wolof,H,0,0,0.7594385270695994,0.3858448749620002,39.062683685734214,0.8613465724891665
S01829,1,1.2830665524845704,urbain,français,F,0,0,0.4625650775900469,0,43.29499875838605,0.8741098731948941
S01830,1,0.0294190159571699,urbain,wolof,F,0,0,1.050436228132796,0.12811499146918215,44.51004417224131,0.8796729910873724
S01831,0,-0.6310062798219827,rural,wolof,H,0,0,0.361886464303974,0.7038999873039233,63.229068449350514,0.7619289270645905
S01832,0,-0.6225280532290548,urbain,français,H,0,0,-0.09886818526410894,0.3865905698036266,57.633345601533186,0.7797042043947393
S01833,1,0.3313614260561236,rural,autre,H,0,1,-0.6770804424361538,0.13942160557887723,34.26075944509305,0.8175374535806168
S01834,1,1.4164495354237343,urbain,français,H,0,1,1.508379536169013,0.4156497624080778,33.19478425771541,0.9005574121158803
S01835,1,0.35368880494602173,urbain,français,F,0,0,1.050436228132796,0.14704607252833213,52.02708924724216,0.9115534096667802
S01836,0,-0.38531221258436626,rural,wolof,H,0,0,0.8036427494500231,0.6754462033867933,49.888724289648145,0.7530550030425351
S01837,0,-2.1802024913369022,urbain,français,F,0,0,-1.961883486465059,0.3034267757884605,59.73105700403352,0.6098887432858837
S01838,1,0.9290241479269454,rural,français,F,1,1,1.508379536169013,0.3907592869853237,25.840955196395186,0.90159914731559
S01839,0,-0.7994617083899113,urbain,français,F,1,0,0.4625650775900469,0.01767596426420117,36.38909400265807,0.8688164459090569
S01840,0,-0.3128081524685162,urbain,wolof,F,0,0,-0.09886818526410894,0.3781232908496863,45.85017478658638,0.7549594365375958
S01841,0,-0.22989055995874716,urbain,français,F,0,0,0.8036427494500231,0.6913640060859119,45.18719266486295,0.7430574066502216
S01842,1,1.4691153577529457,urbain,français,H,0,0,-0.09886818526410894,0.4109151739031436,43.10536048407572,0.760945809849208
S01843,1,1.063741425612178,urbain,français,F,0,0,0.4625650775900469,0.05519369242906184,36.03446890721686,0.8793638853119312
S01844,0,-0.11559354595883353,rural,français,H,0,0,1.1358119908378483,0.07733298049567944,34.88260542354509,0.8817006096813198
S01845,1,1.3789492979415683,rural,autre,H,0,1,1.508379536169013,0.3987154457921243,32.43375063173114,0.8806284424498112
S01846,1,0.12622648058758446,urbain,français,F,0,0,0.4625650775900469,0.12149503468580625,34.59474586634428,0.836567727368477
S01847,1,0.9320688288959896,urbain,wolof,H,0,0,-0.09886818526410894,0.4092795292611552,41.06543771456451,0.7887886566790188
S01848,1,0.0014707704160732697,urbain,français,H,0,0,0.4625650775900469,0.0094723395166836,48.26197306773243,0.8594775102806135
S01849,1,0.21290458834546505,urbain,wolof,F,0,1,-0.6770804424361538,0.02017297436512773,28.125217710233503,0.7890406324413853
S01850,0,-0.6308638567323803,rural,wolof,H,0,0,-0.5589055756131087,0.4135442251920339,61.18580047784019,0.6967623824464821
S01851,1,0.013022847620526056,urbain,français,H,1,1,-0.6770804424361538,0,30.4395032269087,0.8130684779705543
S01852,1,1.4664769162182278,rural,français,H,1,1,1.508379536169013,0.29846239309621353,33.25132336128785,0.941383782244034
S01853,1,1.3194709233934498,urbain,français,F,0,1,-0.6770804424361538,0.02632523199199268,31.27154929656493,0.8197409240956594
S01854,1,0.12434638881526869,rural,autre,H,0,0,1.050436228132796,0.16412134968474973,44.18171158131328,0.9023075505738336
S01855,0,-0.7608250775890144,urbain,wolof,H,0,0,0.4625650775900469,0.01767596426420117,36.38909400265807,0.8688164459090569
S01856,0,-0.6571926988360152,rural,autre,F,0,0,-0.4962851679537585,0.94723650713214,56.9037302635612,0.5525310227676619
S01857,1,0.08412736931112527,urbain,wolof,F,0,0,-0.5589055756131087,0.37349921377469,50.84179023492123,0.6750835810135881
S01858,1,0.49365248194910816,urbain,français,H,0,1,-0.6770804424361538,0,33.21394459816727,0.7820162836233129
S01859,1,1.3144390164605049,urbain,français,H,0,0,1.050436228132796,0.10353756795031374,36.391323778070934,0.8953146894196408
S01860,1,0.2699508482506835,urbain,wolof,H,0,1,-0.6770804424361538,0.02017297436512773,28.125217710233503,0.7890406324413853
S01861,1,0.02177911712404444,urbain,français,F,0,0,1.050436228132796,0.1432825685153965,39.25570072274997,0.8984344841778354
S01862,0,-1.4694266535499607,urbain,wolof,H,0,0,-0.09886818526410894,0.3317851212170682,50.82704873522473,0.7542270590497218
S01863,0,-0.8786636501543357,rural,wolof,H,0,0,-1.961883486465059,0.3330670695687381,56.51619850271008,0.6865730027420575
S01864,0,-0.8588700506765321,rural,autre,F,0,1,-1.7249192939776967,0.6248046012372405,48.28530332318264,0.5251666780602322
S01865,1,0.009054425467516225,urbain,français,H,0,0,-0.09886818526410894,0.39711361472554085,45.54604585320547,0.7398862232886039
S01866,0,-1.7026765615556243,rural,autre,F,0,0,-1.961883486465059,0.25624261038224844,62.16510134144789,0.6635151114929843
S01867,0,-0.24821325239024722,urbain,wolof,F,0,0,0.7594385270695994,0.24901550517848095,43.945015545279254,0.8804885459101724
S01868,0,-1.1463065848944778,urbain,wolof,H,0,0,0.4625650775900469,0.08301894548712856,34.49657204856076,0.8885311056571958
S01869,1,0.6087748565607729,urbain,français,H,0,0,-0.5589055756131087,0.4865823831365976,53.64729890791117,0.6730742441529726
S01870,0,-1.3313628063909153,rural,autre,F,0,0,-0.5589055756131087,0.4600324501320596,54.93878929718889,0.7156076415011531
S01871,0,-0.052137139709510956,urbain,wolof,H,0,0,-0.5589055756131087,0.42578744712637345,46.06024582551064,0.7013130188590083
S01872,1,0.5433544008433404,urbain,wolof,H,1,0,1.050436228132796,0.14458634020483577,41.38026565151644,0.9072783388450794
S01873,1,0.4477027758374077,urbain,français,H,0,0,0.8036427494500231,0.63174275474609,43.0971391644685,0.8404574678638105
S01874,0,-0.23492195140344893,rural,wolof,H,0,1,-1.7249192939776967,0.4806508391472959,48.03059654934325,0.602463903722576
S01875,0,-1.6490501897703285,rural,wolof,F,0,0,-1.961883486465059,0.23945630723439856,52.494487408586,0.7494157164681707
S01876,1,0.9422055256094356,urbain,français,F,0,0,1.050436228132796,0.10435350339359133,41.26800472228254,0.8977822515062837
S01877,1,0.591524416417189,urbain,autre,H,0,0,-0.09886818526410894,0.36989746386826766,45.37000270849182,0.7509652802160205
S01878,1,0.21401159655909854,rural,autre,H,0,0,1.050436228132796,0.19395870963867576,34.63418023898962,0.8987433469905886
S01879,0,-1.5852882847676066,urbain,wolof,F,0,0,-1.961883486465059,0.3759720294085844,50.00016770114134,0.6186125269097053
S01880,1,0.5928927957425439,urbain,wolof,F,0,1,0.5436260064330518,0.5221170117272693,42.62984534708343,0.7897012702413164
S01881,0,-0.8731116009904805,rural,wolof,H,1,0,-0.4962851679537585,0.912876491035838,66.00059881810277,0.6682976244603851
S01882,0,-1.3993797518243636,rural,wolof,F,1,0,-1.961883486465059,0.28495234904840006,53.94049680828713,0.6128214683004695
S01883,0,-0.24768701439234253,urbain,français,F,1,0,0.361886464303974,0.7156106834234456,50.67800497816612,0.7393521362242982
S01884,1,0.7935003739509431,rural,wolof,H,0,0,0.7594385270695994,0.277299413974857,40.83906116585002,0.8346150283168402
S01885,0,-0.2159503603477764,urbain,français,H,0,1,-0.6770804424361538,0.1681914159222684,35.62816714722572,0.7811188081857413
S01886,1,0.12581770996257474,rural,autre,H,0,0,1.050436228132796,0.14621770752548166,39.73267093298761,0.8856164614738027
S01887,0,-1.603986052640397,rural,autre,F,0,0,0.8036427494500231,0.6747005608094246,61.88716162410423,0.8101242286056668
S01888,0,-0.43224704828109317,rural,wolof,H,0,0,-1.961883486465059,0.232294034439731,52.43516685844528,0.7551379828666724
S01889,1,0.5276319492275081,rural,autre,F,0,0,1.1358119908378483,0.11269388110473572,36.49719639420168,0.9147980428135626
S01890,1,0.07072133959159145,urbain,wolof,F,0,1,-0.5128143979953421,0.6319547062457802,53.630529684623625,0.6813000364215948
S01891,0,-1.6132191980261217,rural,wolof,F,0,1,-1.7249192939776967,0.523454184104953,33.11905610511068,0.5259865338534826
S01892,1,0.23179997780936243,urbain,français,F,0,0,1.1358119908378483,0.09280830336837265,40.8404908347721,0.8942543108641501
S01893,0,-0.6616218532882798,urbain,wolof,H,1,0,1.050436228132796,0.14376764897996264,31.9934237992752,0.9218415019371388
S01894,1,0.9399156856188083,rural,wolof,H,0,0,0.7594385270695994,0.29003652973316485,37.66333616187167,0.8169847903114555
S01895,0,-1.1146088837357675,urbain,wolof,F,0,0,-1.961883486465059,0.27890984090170634,51.420300504361,0.566747732485161
S01896,0,-1.5701140055814133,rural,wolof,H,1,0,0.7594385270695994,0.39489482698451506,49.70528148778669,0.779990731286848
S01897,1,0.5365989083770785,urbain,français,F,0,0,-0.5589055756131087,0.3923684029177133,49.69654385322206,0.7260434905994616
S01898,0,-0.09765109979291091,urbain,wolof,F,0,0,0.4625650775900469,0,45.241811921662325,0.8599254566587827
S01899,1,0.31209131182436345,urbain,wolof,H,0,0,1.1358119908378483,0.0384726722590132,35.429423001606644,0.8990655701887416
S01900,1,0.3296148728718186,urbain,wolof,H,0,1,-0.6770804424361538,0.0103365236629891,29.784759731311432,0.8083669231582978
S01901,0,-0.5095699857067704,urbain,wolof,F,0,0,-1.961883486465059,0.33029568787007924,66.9075790052246,0.5639432977471788
S01902,0,-0.08341127449717793,urbain,autre,F,0,1,-0.5950300302811243,0.738779439311106,37.84548304439025,0.588895499408869
S01903,0,-1.202344064653187,rural,wolof,H,1,1,-0.5950300302811243,0.7062261777016412,46.60251196748144,0.6124507427552994
S01904,0,-0.4949771886199492,urbain,wolof,F,0,0,1.1358119908378483,0.1833969237364826,33.29278379671617,0.8935202329476718
S01905,1,0.7607527600645618,urbain,français,F,0,0,0.4625650775900469,0.05252728211602112,37.31127904059993,0.8700738996911963
S01906,0,-0.4194459516373216,urbain,wolof,H,1,0,-0.09886818526410894,0.37073046403173365,48.52010560051869,0.8017122476095415
S01907,0,-0.9138856976307537,urbain,wolof,F,1,0,0.4625650775900469,0.01027954728991495,38.6919200326578,0.8463566624865287
S01908,0,-1.7180253398910816,rural,autre,H,0,1,-1.7249192939776967,0.5452482326716731,47.55035922068855,0.5237524529259069
S01909,1,0.4575113607282809,rural,wolof,F,0,1,0.5436260064330518,0.5605129037566138,45.729546411565146,0.7964377048719462
S01910,1,0.9212963516157519,urbain,autre,H,0,0,1.050436228132796,0.11802946930309256,38.17943408306373,0.9204512548168964
S01911,1,0.4089197675311798,rural,autre,H,0,0,0.361886464303974,0.5910765691994567,43.53750180377538,0.709993961145262
S01912,0,-1.0273431505297848,urbain,wolof,F,1,0,0.7594385270695994,0.2854641597482725,39.373079363682976,0.8614694961284804
S01913,0,-0.6960231874499231,urbain,wolof,H,0,0,-1.961883486465059,0.27567482014643496,59.7697126468321,0.5557829854845521
S01914,0,-0.5693509448342892,urbain,wolof,F,1,0,-0.5589055756131087,0.37349921377469,50.84179023492123,0.6750835810135881
S01915,1,2.0027795597022946,urbain,français,F,0,0,1.050436228132796,0.12769922398168382,44.77100663642813,0.9085369938021144
S01916,1,1.6530548798707831,urbain,wolof,F,0,0,0.7594385270695994,0.3106475814399292,41.40602974292151,0.8749353998856497
S01917,1,0.5424076950884058,rural,wolof,F,0,0,1.1358119908378483,0.02351713239150289,36.00734750996486,0.906469947658202
S01918,1,0.18967567997669646,urbain,français,H,0,0,0.4625650775900469,0,47.40213618545666,0.890437714815498
S01919,1,0.13830403815486403,urbain,français,H,0,0,0.8036427494500231,0.7020780085173379,51.45271871615754,0.737337152321764
S01920,0,-0.5423947125625393,urbain,français,F,0,1,-0.6770804424361538,0.11841621383668548,37.22543807404151,0.7546529939545635
S01921,0,-1.1297174491986508,urbain,wolof,H,0,0,1.1358119908378483,0.11892314138975511,37.687318519118726,0.8881673483031874
S01922,0,-0.5692588091733113,rural,wolof,F,0,1,-1.7249192939776967,0.5736183366082491,35.26140395469594,0.5344809690913794
S01923,1,0.3644680026919543,urbain,français,H,0,0,1.1358119908378483,0.10062672256011182,39.18574644206522,0.905021317980546
S01924,1,2.2850072986006897,urbain,français,H,0,0,1.1358119908378483,0.08052820297260502,42.99613536272452,0.8973369449148383
S01925,0,-0.016252524687689042,urbain,wolof,H,0,0,1.050436228132796,0,36.506449474708326,0.912940281165504
S01926,0,-1.6170809907870167,urbain,wolof,H,0,1,-0.6770804424361538,0,31.14181663452558,0.8291006814054716
S01927,0,-0.33071471029535265,urbain,wolof,H,0,0,-0.4962851679537585,0.8347429145639302,54.73093659335686,0.6101858076139787
S01928,1,2.294992459806021,rural,wolof,H,0,1,1.508379536169013,0.4476115126760015,32.11011858751211,0.900727789373542
S01929,0,-0.00978976845310799,urbain,wolof,F,0,1,1.508379536169013,0.4312964124231685,26.773210765235067,0.8611151943673121
S01930,0,-0.7585951356757761,urbain,français,H,0,0,-0.5589055756131087,0.4896668419631361,54.15078351962507,0.6418511588440654
S01931,1,0.7890739031357504,urbain,wolof,F,0,1,0.5436260064330518,0.5221170117272693,42.62984534708343,0.7897012702413164
S01932,1,0.15706162771496188,urbain,français,H,1,1,1.508379536169013,0.3863894979110183,26.90750817684863,0.8831766025770383
S01933,0,-0.33849881279932886,urbain,français,H,0,1,-0.6770804424361538,9.063143761555564e-5,32.08848269856549,0.7412053643424807
S01934,1,0.2230597309302443,rural,français,F,0,0,0.4625650775900469,0,38.67388185823663,0.8870365642724388
S01935,0,-1.50886419089463,rural,wolof,F,0,0,-1.961883486465059,0.2956905153749403,56.48169120540248,0.5274311209925995
S01936,1,0.6383845600769347,rural,français,F,0,0,1.050436228132796,0.05283352092771296,38.90000128881301,0.9336530542004176
S01937,0,-0.4742093259479467,rural,wolof,F,0,1,-0.5950300302811243,0.7999085383596594,46.98489874445667,0.5216896903787354
S01938,1,0.20326516631565525,urbain,français,F,0,1,0.5436260064330518,0.5634905033123634,34.169347103329216,0.8094161309905927
S01940,1,1.5128012130520354,urbain,français,F,0,1,0.5436260064330518,0.5875017749693823,33.04167720727949,0.8038580772224386
S01941,0,-1.4064329501316122,rural,wolof,F,1,0,0.8036427494500231,0.7261617672676097,53.93142364702072,0.7355123836938182
S01942,1,0.31550084547886537,urbain,français,H,0,0,0.4625650775900469,0.10040305881231244,45.57834717055319,0.842023023350557
S01943,1,0.48838336768351975,urbain,autre,H,0,1,0.5436260064330518,0.6626012541702535,34.17889727839731,0.7890965350338718
S01944,0,-0.1678690945472247,urbain,français,H,0,1,0.5436260064330518,0.5147813132492587,28.766196100194627,0.8000722294799179
S01945,1,0.5114385684321416,urbain,wolof,H,0,0,-0.5589055756131087,0.3995568834085872,51.88151860042169,0.7646550776749578
S01946,1,0.463856097061317,urbain,wolof,H,0,0,0.361886464303974,0.6624251948689114,49.347220087330015,0.7592418894073368
S01947,1,0.9215778022249912,rural,wolof,H,0,1,1.508379536169013,0.35537194090201,31.498152685668813,0.8566382258831052
S01948,1,0.404557357862276,urbain,français,F,1,0,1.1358119908378483,0.05667370945205217,42.16651978985281,0.9124050080054238
S01949,1,1.2727373122589345,rural,autre,H,0,0,0.4625650775900469,0.07565033361620949,34.34993412397655,0.91600001296853
S01950,1,0.1518669479569241,urbain,wolof,H,0,1,-0.6770804424361538,0.06200327171789605,29.91935542437832,0.794600238561122
S01951,0,-0.7392306100971209,urbain,wolof,H,0,0,-1.961883486465059,0.37186614060667256,67.23871386774523,0.5130452966119196
S01952,1,1.4999558852536765,urbain,français,F,0,0,0.4625650775900469,0.11470362573076812,40.30834146747974,0.7887995724493752
S01953,1,0.3513429903170123,rural,français,F,0,0,1.1358119908378483,0.03599576802999888,40.5295131322837,0.907967446005627
S01954,0,-0.16771021932761457,urbain,autre,H,1,0,0.8036427494500231,0.7069452748806865,41.65981920741834,0.7374354074753998
S01955,1,0.7541139673977304,rural,autre,F,0,0,0.7594385270695994,0.2897609177227899,41.94944866779576,0.8528644777701034
S01956,1,0.2118386938157883,rural,autre,F,0,0,0.4625650775900469,0.07466519594000821,45.189210246207715,0.8202909788499289
S01957,1,0.4259834881044546,urbain,français,F,0,1,-0.6770804424361538,0.10550151298490226,34.613268574346996,0.8007932837336634
S01958,0,-0.7571751646692337,urbain,français,H,1,0,-0.09886818526410894,0.2724653026170428,42.87155393298035,0.7915830792171679
S01959,0,-1.435566318779109,rural,wolof,F,0,0,-0.5589055756131087,0.46315611148357566,58.85364588225677,0.6756896010575284
S01960,1,0.19697462585098438,urbain,wolof,F,0,0,1.050436228132796,0.15292437675897555,33.95147976533186,0.8625809886581511
S01961,0,-0.0589490286716358,urbain,wolof,F,0,1,-0.6770804424361538,0,26.23648957784742,0.8219539255443118
S01962,1,0.140148400995129,rural,wolof,H,0,1,-0.5950300302811243,0.7612302521077079,36.74604304647253,0.6515931536358572
S01963,1,0.6312215318116572,rural,autre,H,0,0,-0.09886818526410894,0.33881187906774685,44.19363264416573,0.7171711930199032
S01964,1,0.10953855339348864,urbain,wolof,F,0,0,0.4625650775900469,0,30.618122941218903,0.8855954520717539
S01965,1,0.2971741450535039,urbain,wolof,H,0,1,-1.7249192939776967,0.5295026717629144,43.1363720177338,0.6103088656161116
S01966,0,-0.6075762719929962,rural,autre,F,1,1,-0.5950300302811243,0.6572497851144316,53.28257477797793,0.6251020519993147
S01967,1,0.4585538701643254,urbain,wolof,F,0,0,0.4625650775900469,0,30.769629068508102,0.8482329150605874
S01968,0,-1.8861681160008752,rural,wolof,F,0,0,1.050436228132796,0.17616003195559674,39.74754377783952,0.8732683493504664
S01969,1,0.3037390789334703,urbain,français,H,0,0,1.050436228132796,0.11704832814118898,43.188317801633794,0.9153133835173544
S01970,1,0.3319948706832118,urbain,français,F,0,0,0.4625650775900469,0.03038060300222577,33.997042240361594,0.8593551496185631
S01971,0,-1.087012019672809,rural,wolof,H,0,1,-0.5950300302811243,0.7588363306706271,48.08197856786637,0.6489777853728559
S01972,0,-0.19684940918023366,urbain,wolof,F,0,0,0.7594385270695994,0.2658196302864927,48.33664735479607,0.8236660100607934
S01973,0,-1.1002885660650672,rural,wolof,H,0,1,-1.7249192939776967,0.5712718502503167,38.566504101531166,0.5170547923026252
S01974,1,1.0225685393508852,urbain,français,H,0,0,1.050436228132796,0.15879510580747588,40.41502549052145,0.8892060786302398
S01975,1,0.893970922131099,urbain,wolof,H,0,0,1.050436228132796,0.14376764897996264,31.9934237992752,0.9218415019371388
S01976,0,-0.24269594954869958,urbain,wolof,F,0,0,1.1358119908378483,0,41.9253733137379,0.8891019931006244
S01977,1,0.07350082238905359,urbain,wolof,H,0,1,-0.6770804424361538,0.0156523937732475,34.351120383740685,0.827986327577303
S01978,1,1.1167273729172462,urbain,français,F,0,1,0.5436260064330518,0.5233424487102232,35.95816719080331,0.7685565864901861
S01979,1,1.0797222915411604,urbain,français,H,0,0,1.1358119908378483,0.08947858030435242,43.34381898229999,0.9128871555130796
S01980,1,0.7723316530644335,urbain,wolof,F,0,0,1.050436228132796,0.1483897647572366,52.84839887814312,0.8401590453755357
S01981,0,-1.223140729984073,rural,wolof,H,0,1,-0.5950300302811243,0.8129550952047918,49.9496994596661,0.6848098773911179
S01982,1,0.19496195803183197,urbain,français,F,0,0,-0.5589055756131087,0.5325129456191384,54.09635252635944,0.7108155345937812
S01983,0,-0.19112677540832307,urbain,wolof,F,1,0,1.050436228132796,0.19095834632851064,46.238084124688946,0.8536191205663931
S01984,1,0.730748313546929,rural,français,F,0,1,-0.5950300302811243,0.7757963722390464,44.69321990302045,0.6060310139725323
S01985,1,1.546003125686936,urbain,wolof,F,0,0,1.1358119908378483,0.06909285776339794,37.58875630725696,0.8911162444640945
S01986,1,0.6251173842043374,urbain,wolof,F,0,0,0.4625650775900469,0.08387053193615845,40.39883048697628,0.8666140410896138
S01987,0,-0.4933192018777128,urbain,wolof,F,0,1,-1.7249192939776967,0.5836347728737334,44.76729194993478,0.46804539460813194
S01988,1,0.04721607339491486,urbain,français,F,0,0,-0.4962851679537585,0.9480713518721056,64.61944033875028,0.47169806713979817
S01989,0,-0.7939633355420692,urbain,français,H,0,1,0.5436260064330518,0.47035243884451206,34.193290538467565,0.8144074096206568
S01990,1,1.1884806538378718,urbain,autre,F,0,1,1.508379536169013,0.36933089157283816,29.86409603526413,0.9019272943443508
S01991,1,0.12714560109799491,rural,wolof,H,0,1,-0.5128143979953421,0.6930469372574585,49.24012064485471,0.5935793257154476
S01992,1,0.32814921212350795,urbain,français,H,0,1,-0.5950300302811243,0.8941549965644228,47.75309696457615,0.5741613945595129
S01993,0,-0.5288974340378018,rural,wolof,H,0,0,0.7594385270695994,0.2723648509890898,42.84091982752215,0.8930495931458021
S01994,1,0.4511574522706243,urbain,français,H,0,0,0.4625650775900469,0.02960075668563811,43.0094669909847,0.8280606018551218
S01995,1,0.22724997688050907,urbain,français,F,0,0,0.7594385270695994,0.2533115507543501,45.62670127341606,0.8549114200666992
S01996,0,-1.8177493233857185,urbain,wolof,H,1,1,-1.7249192939776967,0.5691164816124212,56.858459488381605,0.44700919653896176
S01997,1,1.0977685073620078,urbain,wolof,H,0,0,0.4625650775900469,0.12400281852679268,49.43539785835183,0.865305775076557
S01998,1,0.01288904951404255,rural,autre,H,0,0,1.1358119908378483,0.03735264638416758,40.30445644088618,0.9380327957847384
S01999,1,0.9974108919540651,urbain,wolof,H,0,1,0.5436260064330518,0.5759169226165542,38.26967253035326,0.724684029996459
S02000,0,-0.12805822664301555,urbain,wolof,F,1,0,-0.09886818526410894,0.34282596945532373,48.18008122769063,0.8249621307649475
S02001,1,0.20370252161288815,urbain,français,F,0,0,0.4625650775900469,0.0094723395166836,48.26197306773243,0.8594775102806135
S02002,1,1.4922485038219857,rural,wolof,F,0,0,0.361886464303974,0.6147109388322205,53.86346500650151,0.6274508428581588
S02003,1,0.18795451582396558,urbain,wolof,H,0,0,1.050436228132796,0.18026399494259537,42.38754974552798,0.8907822577704461
S02004,0,-0.03045027100538197,urbain,autre,F,0,0,1.050436228132796,0.12017689854818948,46.104832220665614,0.8863210319206125
S02005,0,-1.236896260201775,urbain,français,F,0,0,-0.5589055756131087,0.431020415349086,53.77150867844141,0.7449349357722495
S02006,0,-0.7407100979799859,rural,wolof,F,0,1,-1.7249192939776967,0.5537623120372251,56.466929750001974,0.5232308626738738
S02007,0,-0.5491405262914069,rural,wolof,F,0,0,0.4625650775900469,0.02084228794754753,40.30664901347889,0.8946330912441807
S02008,0,-1.096209435776423,rural,autre,H,0,1,-0.5950300302811243,0.7299353614230987,40.71038696262664,0.5997318471125292
S02009,1,0.7526759967011063,urbain,wolof,F,0,0,1.050436228132796,0.25319926046823504,43.87013879510144,0.8615825925172239
S02010,0,-0.24826385046485722,rural,wolof,H,0,1,-0.5950300302811243,0.8382790781368037,36.59377363697334,0.6766839479094506
S02011,0,-0.03605882519215241,urbain,français,H,0,0,-1.961883486465059,0.3955197448610522,63.254168694018965,0.5922353575699545
S02012,0,-0.6818336119432555,rural,wolof,F,1,1,1.508379536169013,0.4502521759608502,28.183265924744045,0.8882237618438099
S02013,0,-0.26481442144522804,rural,autre,H,0,1,-0.6770804424361538,0.12499199536832824,39.436403838994494,0.744079400159963
S02014,0,-0.6633887319723165,rural,autre,F,0,0,0.361886464303974,0.6718087485958956,58.05495280538432,0.7923904525626545
S02015,0,-0.07863926452981228,rural,autre,F,0,1,0.5436260064330518,0.5608768708842462,37.7258724517635,0.8177827523425607
S02016,0,-0.3991889282528878,urbain,français,F,0,1,-0.6770804424361538,0.0815863262540495,38.56058858023214,0.7357046514327609
S02017,1,0.11959937488646101,urbain,français,H,0,0,0.8036427494500231,0.6913640060859119,45.18719266486295,0.7430574066502216
S02018,1,0.4033416180026798,urbain,français,F,0,0,1.1358119908378483,0.01382697015066569,33.051883565313425,0.9052625106613712
S02019,1,1.7236771895867773,rural,wolof,F,0,1,1.508379536169013,0.3639362775623255,32.52550329225833,0.9209915812651774
S02020,1,0.5413286372561037,rural,autre,F,0,0,0.4625650775900469,0.0435727659964009,42.51438893019749,0.8567843879692144
S02021,0,-1.0580601555276252,urbain,français,H,0,0,-0.09886818526410894,0.35343971479546304,43.2930743047801,0.7767878911518397
S02022,1,0.8642565398597587,urbain,autre,F,0,0,1.1358119908378483,0.07343809913323811,35.19872554288089,0.90518681905120435
S02023,0,-0.3506853890283324,urbain,français,F,0,1,-1.7249192939776967,0.5185703955532642,38.06293033530654,0.6008628287858951
S02024,1,1.096933406133501,rural,wolof,H,0,0,1.1358119908378483,0.05702472232767387,38.110641337360455,0.900502040116999
S02025,1,0.6631768270149585,urbain,français,F,0,1,0.5436260064330518,0.5382826718918078,38.784374533724694,0.8452592922549564
S02026,1,0.7234898896186183,urbain,français,F,0,0,-0.09886818526410894,0.3240474724835874,44.5029887099212,0.7899402775626172
S02027,1,0.9755904927886397,rural,wolof,H,0,0,1.1358119908378483,0.10283676459510128,34.725986998515516,0.9180052508623858
S02028,1,0.2528287478775711,urbain,wolof,H,0,0,1.1358119908378483,0.02357773163540916,39.770390801817264,0.9246103071548104
S02029,0,-0.11285758878308305,urbain,wolof,F,0,1,0.5436260064330518,0.5726657347429667,35.05295452804249,0.754891842465362
S02030,0,-0.42917785032635763,urbain,wolof,F,0,0,-0.5589055756131087,0.512254384321738,66.48598534649905,0.6540714471022726
S02031,0,-0.5860712265337695,urbain,wolof,F,0,0,1.050436228132796,0.06898441156440202,37.22982106391432,0.9229139185649892
S02032,1,0.008177241373562584,urbain,français,H,0,0,-1.961883486465059,0.2939944643745898,56.666207718502626,0.7253389541950932
S02033,0,-0.9264043434162348,urbain,français,H,0,0,-0.5589055756131087,0.37349921377469,50.84179023492123,0.6750835810135881
S02034,1,1.4607846509071434,urbain,français,F,0,0,1.050436228132796,0.17791898646296164,36.59078545783327,0.8706338557265257
S02035,0,-0.3572803840052744,rural,wolof,F,0,0,1.050436228132796,0.2605858282052216,35.894065783401025,0.8736410141664678
S02036,1,1.5933378131043496,rural,wolof,H,0,0,0.7594385270695994,0.3858448749620002,39.062683685734214,0.8613465724891665
S02037,1,0.23130556665958477,urbain,autre,H,0,0,-0.5589055756131087,0.5073489228374313,49.87815684458967,0.7415979285710192
S02038,0,-0.145574039053568,urbain,français,H,0,1,1.508379536169013,0.4306999654217039,25.692354520411897,0.8507318199864362
S02039,1,0.3763869223921648,rural,wolof,H,0,0,1.050436228132796,0.10294958669508052,41.691818788282866,0.940888769286431
S02040,1,0.6969900248808787,urbain,français,F,0,0,0.8036427494500231,0.7366970831925255,51.340377976617184,0.7805997876406147
S02041,1,0.049030190260063014,urbain,wolof,F,0,0,-0.5589055756131087,0.574463253096047,54.4039630681072,0.6492034306577792
S02042,1,0.4359734621376927,rural,autre,H,0,1,-0.5950300302811243,0.770055399890833,41.82839810723137,0.5453481365311382
S02043,0,-0.2991077525264576,rural,wolof,F,0,0,-0.5589055756131087,0.44615400073766853,57.88705089729532,0.7140618743922766
S02044,0,-0.5349780414840274,urbain,wolof,F,0,0,0.8036427494500231,0.6682107305657168,49.01490431230757,0.7675666319787471
S02045,0,-0.8509098235189643,rural,wolof,F,0,1,0.5436260064330518,0.7123883748794432,36.2215720751169,0.7279804802545713
S02046,0,-0.17098560308678626,rural,wolof,F,0,0,0.4625650775900469,0.04013914745734036,38.10844463418742,0.8245449460654544
S02047,0,-1.0483863187696474,rural,wolof,H,1,1,0.5436260064330518,0.5650546734970864,31.890128290654182,0.8049547418882033
S02048,1,0.6625095394780857,rural,français,H,0,0,1.050436228132796,0.0791250174382173,38.32806297896421,0.9006261261294095
S02049,0,-0.3009988450126715,urbain,français,F,0,1,-1.7249192939776967,0.5789969019880077,34.00351262813027,0.5577100199177611
S02050,0,-1.2648790754859904,rural,autre,F,0,1,-1.7249192939776967,0.5210836497059482,46.127509425305554,0.6318737285485816
S02051,0,-0.3604599428933752,urbain,wolof,H,1,0,-0.09886818526410894,0.3729976495549455,53.077416212799335,0.6664881669112356
S02052,1,0.3432420674676409,rural,wolof,H,0,1,-0.5950300302811243,0.7757963722390464,44.69321990302045,0.6060310139725323
S02053,0,-0.13609011712859215,urbain,français,H,1,0,0.4625650775900469,0,30.769629068508102,0.8482329150605874
S02054,1,0.1836865383281273,rural,autre,H,0,1,-0.6770804424361538,0.06242580527203301,33.79750300389428,0.868404705546787
S02055,1,0.4402924837410999,urbain,wolof,H,0,0,0.7594385270695994,0.3619842650615436,43.02655493375158,0.841488581817371
S02056,0,-2.1663605282641916,urbain,autre,H,0,1,-0.5950300302811243,0.8008200908596916,49.433477304359805,0.5306108158206555
S02057,0,-1.6325592002600278,urbain,autre,F,0,0,-1.961883486465059,0.36660970813807336,54.02399482726576,0.5567639404101186
S02058,1,0.6675733826561671,rural,wolof,F,0,0,0.7594385270695994,0.2723648509890898,42.84091982752215,0.8930495931458021
S02059,1,1.0340694649330038,urbain,français,F,0,0,1.1358119908378483,0.13648387564472497,33.528143428855074,0.872412486918927
S02060,1,1.019459222392338,urbain,français,H,0,1,0.5436260064330518,0.5198878697185723,31.711559426042697,0.7529459584874514
S02061,1,0.758249546055329,rural,wolof,F,0,1,1.508379536169013,0.3996876095353746,32.0602418453502,0.8337971805694877
S02062,1,0.09227823480021374,urbain,wolof,H,0,0,0.361886464303974,0.6519485446215167,43.85686936812266,0.7695976585016245
S02063,0,-0.17102914998029042,rural,wolof,F,0,1,1.508379536169013,0.3483536684641407,33.3464298886397,0.9132724277673748
S02064,1,1.769417245944409,urbain,français,F,0,0,0.4625650775900469,0.08926834829819473,40.338348127838216,0.8469679752464745
S02065,0,-0.11743007838875842,rural,wolof,H,0,1,-0.5128143979953421,0.6686584894191072,36.41716334579961,0.6199644567525291
S02066,1,1.0452292739605207,urbain,autre,H,0,0,1.050436228132796,0.1432825685153965,39.25570072274997,0.8984344841778354
S02067,1,0.5546938675206178,urbain,français,H,0,0,0.4625650775900469,0.04398974111912341,47.42452795852671,0.8576744389153469
S02068,1,1.547092848559384,urbain,français,F,0,1,-0.6770804424361538,0,27.455173281690964,0.7711128003414461
S02069,1,0.5679001869040537,urbain,français,H,0,0,0.7594385270695994,0.2295738631002206,33.32213756112048,0.8680501131172527
S02070,0,-0.5874074256459103,rural,wolof,H,0,1,1.508379536169013,0.3987154457921243,32.43375063173114,0.8806284424498112
S02071,0,-0.8134853905824871,urbain,français,H,0,1,-0.6770804424361538,0.01391523366052228,34.93799509240523,0.7999199327028208
S02072,1,1.085885735147948,rural,wolof,H,0,0,0.8036427494500231,0.5927835225528331,56.313357057331345,0.8110510986971371
S02073,0,-0.38517429165552497,urbain,autre,F,0,1,0.5436260064330518,0.5221170117272693,42.62984534708343,0.7897012702413164
S02074,0,-0.346102577097278,rural,wolof,H,0,1,-1.7249192939776967,0.5537623120372251,56.466929750001974,0.5232308626738738
S02075,0,-0.269712090950807,urbain,autre,F,1,0,1.050436228132796,0.16946753085545474,39.63537058604802,0.897412005166806
S02076,0,-1.0131046138309485,urbain,wolof,H,1,0,1.1358119908378483,0.00314594941114683,40.96729899406728,0.8937148986138933
S02077,1,0.28976245382636895,urbain,français,H,0,1,-0.5950300302811243,0.8229419712802926,44.74796982534056,0.5332983626079765
S02078,0,-0.9800206144029375,rural,autre,F,0,0,0.4625650775900469,0.08950318689892495,45.698748625437695,0.8432902598418538
S02079,0,-0.12436353910384469,rural,autre,F,0,0,0.8036427494500231,0.7114920962203423,44.39665649770262,0.827422652753774
S02080,0,-0.06270012168514155,rural,wolof,F,0,0,-0.09886818526410894,0.25748114736219213,41.13616591168612,0.7922197184365157
S02081,1,0.748885556248856,urbain,français,F,0,0,0.4625650775900469,0.05679219261894782,41.720131813794474,0.8288058207095894
S02082,1,0.1208238270976673,urbain,wolof,F,0,1,-0.5950300302811243,0.757421066392891,48.216692487538275,0.6807006119970507
S02083,0,-0.9150204821331939,urbain,autre,H,0,0,1.050436228132796,0.12019495409691527,37.27956293654313,0.9362195829951055
S02084,0,-0.03818020774287296,urbain,français,F,0,0,1.050436228132796,0.1483897647572366,52.84839887814312,0.8401590453755357
S02085,1,0.6692613185898052,urbain,français,F,1,0,1.050436228132796,0.2469940622039072,50.05247562202982,0.8838481067363437
S02086,1,0.35100028745331524,urbain,français,H,0,0,1.050436228132796,0.1446672397718133,46.70342436910998,0.8937294501586985
S02087,1,0.3704283894409298,rural,autre,F,0,0,0.8036427494500231,0.6959507289504504,56.293229721005694,0.7980207851810982
S02088,1,0.2411079767737163,urbain,français,F,0,0,1.050436228132796,0.07561481238338245,38.94131997916639,0.883745869660736
S02089,1,0.0025310485202933745,urbain,wolof,F,0,0,1.1358119908378483,0.00798932086256004,39.33078836082033,0.9116713555110862
S02090,0,-0.1256580077471988,urbain,français,F,1,0,1.050436228132796,0.13983483566361915,33.860298983562046,0.9004028056525347
S02091,0,-0.9002392853653888,urbain,français,H,0,0,-0.5589055756131087,0.4794268038210402,65.36303386733412,0.7398263208692335
S02092,1,1.1401650133614731,urbain,wolof,F,0,0,1.1358119908378483,0.06499908053499288,37.77434794772056,0.9058254263873629
S02093,1,0.46380846162257877,urbain,wolof,H,1,0,1.050436228132796,0.10245938854655276,37.5736646000441,0.8916354282900576
S02094,1,0.2862330751294977,urbain,français,F,0,0,1.1358119908378483,0.0291205347919765,35.81967127994907,0.9204619470822482
S02095,0,-0.0015489373740122888,rural,wolof,H,0,0,-0.5589055756131087,0.5738736190892278,57.725158862583775,0.7702539248062166
S02096,0,-0.8740781250422138,urbain,français,H,0,1,-0.5128143979953421,0.7021636455790211,42.598933248075745,0.6927349772874475
S02097,0,-0.5050784316502814,urbain,français,H,0,0,-0.5589055756131087,0.3923684029177133,49.69654385322206,0.7260434905994616
S02098,1,0.07122398731950934,urbain,wolof,H,0,0,1.050436228132796,0.12138655320238106,36.11642397929506,0.8785490107961456
S02099,0,-1.0287480265259172,rural,wolof,F,0,1,-0.5950300302811243,0.8265438910407479,47.2741916801049,0.6272134297452263
S02100,0,-0.32965991301640063,urbain,français,F,0,0,-0.09886818526410894,0.3317851212170682,50.82704873522473,0.7542270590497218
S02101,1,1.118393062002161,rural,wolof,F,0,0,0.4625650775900469,0.09888380225102042,39.17655970191469,0.8590759528287775
S02102,1,1.2293705006883344,urbain,wolof,H,0,0,0.7594385270695994,0.2125374131423711,57.12423632827477,0.874066765010284
S02103,0,-0.5326973026410987,urbain,français,H,0,0,-1.961883486465059,0.23754032507823625,41.61532953157,0.6370037004701692
S02104,1,1.0381866986488624,urbain,wolof,F,0,1,-0.6770804424361538,0.01224685234657695,35.20069695450689,0.7716780640550164
S02105,1,0.9253934678315376,urbain,autre,F,0,0,1.1358119908378483,0.05922358204892926,42.99711280880656,0.8741369528072199
S02106,1,0.21827209175735385,rural,wolof,H,0,0,0.361886464303974,0.5669663852724637,41.55740744297469,0.7717087138305219
S02107,0,-0.7852769833836599,urbain,wolof,F,0,0,-0.5589055756131087,0.42730394470438415,52.03922188946359,0.8107708321237325
S02108,0,-0.7941594994763952,urbain,wolof,H,0,0,0.7594385270695994,0.2125374131423711,57.12423632827477,0.874066765010284
S02109,0,-0.13460516485378624,rural,français,F,0,0,-1.961883486465059,0.28098123832934885,56.63385916711001,0.4177437426577639
S02110,1,1.224485616791493,rural,autre,H,0,0,1.1358119908378483,0.02351713239150289,36.00734750996486,0.906469947658202
S02111,0,-0.04606526168553715,urbain,wolof,F,0,1,0.5436260064330518,0.5357159674391783,37.73471850328863,0.7565641018388011
S02112,1,0.20719108252698143,rural,autre,H,0,0,1.050436228132796,0.19563689143403,37.46154101783056,0.8652016873199698
S02113,1,0.6614728747791322,urbain,autre,F,0,0,1.050436228132796,0.15801027602375156,40.45791204510604,0.8863139223998283
S02114,1,0.2982512806922849,urbain,wolof,F,0,0,-1.961883486465059,0.20894054122146832,61.37931902744648,0.5885618829160657
S02115,0,-1.1244011482613965,rural,wolof,F,0,1,-0.5950300302811243,0.831026367216476,44.97872590232149,0.5674715224591073
S02116,1,0.05648440061592219,urbain,français,H,0,0,-1.961883486465059,0.17186116433951734,67.88019645113492,0.6877576001166443
S02117,1,0.9487117501921943,urbain,wolof,F,0,0,0.7594385270695994,0.20224072485554215,43.16107270956294,0.8830052943308428
S02118,0,-0.2314021107644332,rural,français,F,0,0,-0.4962851679537585,0.9320845482466568,59.50369928541654,0.6225589516215283
S02119,0,-0.8366198547998017,urbain,français,H,1,0,-0.4962851679537585,0.925693818476466,64.74016309266526,0.6376255009562045
S02120,1,0.05158537117686465,urbain,wolof,H,0,0,1.1358119908378483,0.01938131513768611,35.290413849086455,0.8866033764418076
S02121,0,-0.646753560669019,rural,autre,F,0,0,0.4625650775900469,0.07128047908491833,36.18411871722505,0.8754499123081795
S02122,0,-0.44008724163157703,urbain,wolof,F,0,0,1.1358119908378483,0.04882970708501736,40.83709365224316,0.8839397863745673
S02123,1,0.8339829984102176,urbain,français,F,0,0,1.1358119908378483,0.00959004311372944,37.74435202255409,0.8950457704151109
S02124,1,2.034428510289816,urbain,français,H,0,1,-0.6770804424361538,0,38.38756813193581,0.821725718040881
S02125,1,0.2684436191036804,urbain,français,H,0,0,0.4625650775900469,0.07361560816843177,39.06793730781242,0.9099819632928132
S02126,0,-0.19262556264998254,urbain,autre,H,0,0,0.8036427494500231,0.63174275474609,43.0971391644685,0.8404574678638105
S02127,1,0.9468877134071679,urbain,français,F,0,0,0.4625650775900469,0.09346110681279184,33.51153796509034,0.8726969939946584
S02128,1,0.5007401786943776,urbain,autre,H,0,0,-0.09886818526410894,0.3672926580160219,55.660926292807986,0.7301007547524496
S02129,0,-0.6610697937153118,urbain,wolof,F,0,1,-0.5950300302811243,0.7228221893165607,40.048550513247825,0.579245585258086
S02130,1,2.1124676419418713,urbain,autre,H,0,0,0.4625650775900469,0.08926834829819473,40.338348127838216,0.8469679752464745
S02131,0,-1.0073720445670324,rural,autre,F,0,0,-0.4962851679537585,0.9044312433035672,58.889044685777385,0.6949590012618723
S02132,0,-0.16454575428572427,urbain,wolof,H,0,1,-0.6770804424361538,0.06015449050568812,33.3369030253164,0.7844201116111322
S02133,1,0.2860917305601507,rural,autre,H,0,1,1.508379536169013,0.4513548197306154,26.238079080717625,0.8856283257595464
S02134,1,0.3203275975990181,urbain,français,H,0,0,-0.5589055756131087,0.3995568834085872,51.88151860042169,0.7646550776749578
S02135,0,-1.3436721423122695,rural,wolof,F,0,0,-0.4962851679537585,0.8971580308392313,63.47074188758157,0.6147912074881888
S02136,0,-1.1547423623315365,rural,wolof,F,0,0,-0.5589055756131087,0.5209906373305222,50.39942529333412,0.7091107796420166
S02137,1,0.1768814376309013,urbain,français,F,0,0,-1.961883486465059,0.3683642105967092,64.37601699060644,0.6082065025093911
S02138,1,0.7139157389309905,urbain,français,H,0,0,1.050436228132796,0.08566237491686703,33.16960239538669,0.915071783452524
S02139,1,0.34506872467324606,rural,wolof,H,0,0,0.8036427494500231,0.7313365692243997,52.689635710583254,0.7391564438516568
S02140,0,-1.2900429620244536,urbain,wolof,F,0,0,-0.5589055756131087,0.4865823831365976,53.64729890791117,0.6730742441529726
S02141,0,-0.5601425388585403,urbain,français,H,0,0,-1.961883486465059,0.22479670656477457,49.13872820480784,0.5610522670944913
S02142,1,0.19480595700775524,urbain,wolof,H,0,1,-1.7249192939776967,0.5537091306924539,38.29459400177853,0.5627375943672944
S02143,0,-0.22170310649098018,urbain,français,F,0,1,-0.5950300302811243,0.8120669041855701,48.15562867699034,0.6323858602617566
S02144,1,0.7722869069421913,rural,wolof,F,0,0,0.4625650775900469,0.07466519594000821,45.189210246207715,0.8202909788499289
S02145,1,1.3589668601319214,rural,wolof,H,0,1,1.508379536169013,0.3630776578205713,28.129876940104825,0.8718330302198949
S02146,0,-0.2705284019039812,urbain,wolof,F,0,0,1.1358119908378483,0.0291205347919765,35.81967127994907,0.9204619470822482
S02147,0,-0.06288574274390243,rural,wolof,H,0,0,0.8036427494500231,0.7037407448493093,54.023641668962505,0.7267428610918174
S02148,0,-0.4348128203482064,urbain,wolof,F,0,1,1.508379536169013,0.3771660476637896,35.38632641906463,0.8841642365674504
S02149,0,-0.8405841640473911,urbain,français,H,0,0,1.050436228132796,0.11704832814118898,43.188317801633794,0.9153133835173544
S02150,0,-0.14199975342740684,urbain,français,F,1,0,1.050436228132796,0.09263962479442713,33.64780354338221,0.9302839889692338
S02151,1,0.8335243659994326,urbain,wolof,F,0,0,0.8036427494500231,0.7069452748806865,41.65981920741834,0.7374354074753998
S02152,0,-0.8739619111051287,rural,wolof,F,0,1,-0.6770804424361538,0.1273963315080755,34.28872524074527,0.7794873696892797
S02153,1,0.2679934646767637,urbain,autre,F,0,0,0.7594385270695994,0.26576959082127605,42.930794085151796,0.8727066923655739
S02154,1,0.6892190688574396,rural,wolof,F,0,1,-0.5950300302811243,0.7091347506828034,35.621429284444226,0.6267016079592548
S02155,0,-0.7569469070202349,urbain,français,H,0,0,0.4625650775900469,0.08409399962475553,34.28698250540201,0.8477397575335065
S02156,0,-0.5261847247104459,rural,wolof,H,0,0,-1.961883486465059,0.2512319431500473,61.170106810189814,0.5312457933398061
S02157,1,0.4961518009061807,urbain,français,F,0,0,0.7594385270695994,0.34146142484215564,44.76200904306043,0.8617967147180787
S02158,0,-0.9163029651680638,urbain,wolof,F,0,0,0.7594385270695994,0.396399930496783,48.56900397868373,0.8567153093943944
S02159,1,1.1192401141172117,rural,français,F,0,1,1.508379536169013,0.4502521759608502,28.183265924744045,0.8882237618438099
S02160,0,-0.5409624938351031,urbain,français,F,0,1,0.5436260064330518,0.5108496514622769,37.05402696581037,0.7692097756323305
S02161,0,-0.029767015391033654,rural,autre,H,1,0,1.1358119908378483,0.11269388110473572,36.49719639420168,0.9147980428135626
S02162,0,-0.32513132518836885,rural,français,H,0,0,-0.5589055756131087,0.4961911304396207,46.33598812437637,0.681099390421495
S02163,0,-0.027037733027674055,rural,wolof,H,0,0,-1.961883486465059,0.3097001374096999,56.368035123038226,0.5900178288437263
S02165,1,1.1241438611577625,rural,wolof,F,0,0,0.4625650775900469,0.04934742406702587,41.60796845699173,0.9145972605233046
S02166,1,0.28219584025364836,urbain,français,F,0,1,-0.5128143979953421,0.7315757619317195,51.42518654855702,0.6084792013933734
S02167,1,0.78405202277454,urbain,wolof,F,0,1,1.508379536169013,0.40773841235715497,33.622386865049954,0.8920038761596735
S02168,1,0.2238074247569764,rural,autre,F,0,0,1.1358119908378483,0.11269388110473572,36.49719639420168,0.9147980428135626
S02169,1,0.306071140663612,urbain,français,H,0,0,0.8036427494500231,0.7931107206711934,46.15363751562925,0.7845798317860846
S02170,1,1.0962156897592636e-5,rural,autre,H,0,1,1.508379536169013,0.4058491288883755,37.51024897064196,0.893281376231461
S02171,1,2.170202421332099,urbain,français,H,0,0,1.1358119908378483,0.08068882707086886,36.821963512217025,0.9345164930936564
S02172,1,0.8510397313927824,rural,français,H,0,1,-0.5950300302811243,0.7930693056613454,42.91404642438821,0.588793722875586
S02173,1,1.6819628018625532,urbain,wolof,F,0,0,0.4625650775900469,0.08387053193615845,40.39883048697628,0.8666140410896138
S02174,0,-0.38845852463074654,urbain,wolof,F,0,0,1.050436228132796,0.17765578923116063,41.37473041966754,0.8772352064285764
S02175,0,-0.8046722267178141,urbain,français,H,0,0,0.7594385270695994,0.32762380266016927,44.459884763674395,0.8317460287626075
S02176,0,-1.6939872434566674,rural,wolof,H,0,1,-1.7249192939776967,0.6525656099903565,55.507716061721496,0.5414340422841968
S02177,0,-1.458755945728787,rural,autre,F,0,1,-0.5128143979953421,0.722848690516871,38.89133051324475,0.5860052940089935
S02178,0,-0.563235299181495,urbain,wolof,F,0,0,-1.961883486465059,0.384469005541953,70.68685402457082,0.5298390016741342
S02179,1,0.11833648920799505,urbain,français,H,0,0,1.1358119908378483,0.00401907711390821,39.78971355289451,0.9254820546096468
S02180,1,2.05676789360274,urbain,français,H,0,1,-0.6770804424361538,0,26.23648957784742,0.8219539255443118
S02181,0,-0.015123574596162998,urbain,français,F,0,0,1.050436228132796,0.1383040478127396,31.631298151693414,0.8705311539185389
S02182,0,-0.3414999812710862,urbain,wolof,H,0,0,1.050436228132796,0.17300147722256246,33.45097489669379,0.8720542515875878
S02183,1,0.18705044962473333,urbain,wolof,F,0,1,-0.6770804424361538,0.10085299530484455,33.67261854578183,0.8212895744720656
S02184,1,0.5257714399705441,urbain,autre,H,0,1,-0.5128143979953421,0.7705088656665211,37.865739168265335,0.6191801061759974
S02185,1,0.4123505728781004,urbain,français,F,0,1,1.508379536169013,0.5154984859991434,34.499243572120946,0.8285371493350465
S02186,0,-0.7911578748732199,rural,wolof,H,0,0,0.8036427494500231,0.7554790550464714,55.62291679961108,0.7461755570927951
S02187,0,-0.5995853178102738,urbain,wolof,F,0,0,-0.5589055756131087,0.5756833014458351,66.31652366355888,0.645607564661504
S02188,1,0.5182874245882697,urbain,wolof,F,0,1,-0.6770804424361538,0.03636062861673986,34.10327958232909,0.7674730812152432
S02189,1,0.47907921861418656,urbain,wolof,H,0,0,1.050436228132796,0.2582854418414579,48.465293204055975,0.8746286071316097
S02190,0,-0.25778889685186673,rural,wolof,F,0,0,-0.09886818526410894,0.36967229039124466,59.31417815670932,0.8084098608906439
S02191,0,-0.19301987745973237,urbain,français,H,0,1,-0.6770804424361538,0,29.171897537762185,0.8089537564587914
S02192,1,0.3221821885780536,urbain,français,H,0,0,1.050436228132796,0.2252712669285765,43.90440047489096,0.908599661635956
S02193,0,-0.5483290434106755,urbain,autre,F,0,0,1.050436228132796,0.1676399559872558,38.460614902377415,0.9146029403979984
S02194,1,0.6828929868642729,rural,autre,H,0,0,1.050436228132796,0.13306207591856947,36.995367724932294,0.893248319055137
S02195,1,1.17787709323251,rural,wolof,H,0,1,1.508379536169013,0.29846239309621353,33.25132336128785,0.941383782244034
S02196,1,0.4838996418570672,urbain,français,F,0,0,0.7594385270695994,0.2761986810045219,35.56791436498048,0.8537354959868662
S02197,0,-0.916300511614066,rural,wolof,F,0,1,1.508379536169013,0.3955587259297232,24.55308634242265,0.8694923809968594
S02198,0,-0.3926005725111635,rural,autre,F,1,1,1.508379536169013,0.4642677130272612,34.90669422156211,0.8811317058016124
S02199,1,0.8082091914948543,rural,autre,H,0,0,-0.4962851679537585,0.8156235187821074,50.08499708235456,0.7864546881814249
S02200,0,-0.281762449089988,rural,wolof,F,1,1,-1.7249192939776967,0.5253219078158275,41.30210907261964,0.6399828171999383
S02201,1,0.32376844722237685,urbain,français,F,0,0,-0.09886818526410894,0.31502707072461583,41.272138841762406,0.8317833281451986
S02202,1,0.5222107398485678,rural,wolof,F,0,1,0.5436260064330518,0.5831498060148034,40.34386502076606,0.7824824960792462
S02203,0,-0.746958290971187,urbain,wolof,H,0,1,-0.5128143979953421,0.5993596661988351,44.48118221414017,0.6459541394204346
S02204,1,0.9276991216771959,urbain,wolof,H,0,0,1.1358119908378483,0.00268225482234961,33.09383428796219,0.90476551813611406
S02205,0,-1.4281460466026707,urbain,français,H,0,0,-0.5589055756131087,0.4783193344885911,56.6189315046247,0.6785074199662712
S02206,0,-0.10632143608875565,urbain,français,H,1,1,-0.6770804424361538,0.01224685234657695,35.20069695450689,0.7716780640550164
S02207,1,0.831803913107507,urbain,wolof,F,0,0,1.050436228132796,0.11704832814118898,43.188317801633794,0.9153133835173544
S02208,0,-0.26806492135637505,urbain,français,F,0,0,0.4625650775900469,0.09475394894851748,36.2855075611243,0.8628580119705086
S02209,0,-0.33925493910927906,urbain,français,F,0,1,-0.5950300302811243,0.8229419712802926,44.74796982534056,0.5332983626079765
S02210,0,-1.0535383931686997,rural,wolof,F,0,0,0.7594385270695994,0.29119769980263693,42.22179842575177,0.8577968999388788
S02211,0,-0.06903250740779812,urbain,wolof,H,0,0,1.1358119908378483,0,38.67750540744438,0.9051380123244134
S02212,1,1.4538286377688845,urbain,autre,F,0,0,1.050436228132796,0.17898881904090205,49.28265629106264,0.8724208727978213
S02213,0,-0.6600111133968478,urbain,wolof,F,0,0,-0.5589055756131087,0.4471291603898131,47.01840381613688,0.71272218281898
S02214,1,0.05792581878498898,urbain,français,F,0,0,0.7594385270695994,0.2658196302864927,48.33664735479607,0.8236660100607934
S02215,1,0.8757079583495575,rural,français,F,0,0,0.7594385270695994,0.3095512478334106,44.458584673619555,0.8472307334518627
S02216,1,0.05874190603768379,urbain,wolof,F,0,0,1.1358119908378483,0.05969250892001618,47.67430783143911,0.922857930157749
S02217,0,-0.07250331241697308,urbain,autre,F,1,0,1.050436228132796,0.2249572890403253,42.66848411976327,0.8805219920339453
S02218,0,-0.4791958813054208,urbain,wolof,F,0,1,-0.5128143979953421,0.8198976262773685,39.53406848743345,0.583946588095006
S02219,0,-1.0220811114580013,urbain,wolof,F,0,1,-1.7249192939776967,0.6124453251842034,51.9385554770563,0.44792373683303466
S02220,0,-0.2507487052151612,urbain,wolof,H,0,0,0.361886464303974,0.6613286871636676,55.57293421505129,0.7612450401310005
S02221,0,-0.11596179713788628,rural,wolof,F,0,0,0.7594385270695994,0.3103943266580917,47.83175407090909,0.867012474033572
S02222,0,-1.187022862603078,urbain,français,H,1,1,-1.7249192939776967,0.5287817322319982,40.89211555447145,0.6277505734898884
S02223,1,0.1504948227571051,rural,français,F,0,0,0.8036427494500231,0.6736692351107644,50.75263468668538,0.8100885323938696
S02224,1,0.927094052433414,urbain,wolof,F,0,0,0.7594385270695994,0.2456548750337167,52.174917095247,0.891644179334698
S02225,0,-0.6600825688229034,urbain,français,F,0,0,0.7594385270695994,0.2658196302864927,48.33664735479607,0.8236660100607934
S02226,1,0.35886501727660436,rural,français,F,1,0,1.050436228132796,0.1467848095181487,36.48128842576327,0.8993566862172291
S02227,1,0.22509311066601478,rural,français,F,0,1,1.508379536169013,0.4502521759608502,28.183265924744045,0.8882237618438099
S02228,0,-0.37826102280465396,urbain,français,H,0,0,1.050436228132796,0.1708682944606398,39.989058876778785,0.8311753414883429
S02229,0,-0.558750729249877,urbain,français,F,0,0,-1.961883486465059,0.28333364599195066,54.37282312062544,0.6371790780689467
S02230,1,1.4421884236565112,urbain,français,H,0,0,1.1358119908378483,0.05558342716566462,32.07754648229814,0.8877485073090388
S02231,1,0.9554680625701412,urbain,français,H,0,0,0.4625650775900469,0.08558672222663063,42.64050990472415,0.8674316157589665
S02232,1,0.35893224923053024,urbain,wolof,F,0,0,-1.961883486465059,0.26241719443740164,57.580698783544584,0.5749123616296613
S02233,0,-0.7227285869935487,rural,wolof,F,0,1,-0.5128143979953421,0.7212322584184129,48.18856952167903,0.6432132713488947
S02234,1,0.09582413142164682,urbain,français,F,1,0,0.7594385270695994,0.1907940029532897,42.13343515194397,0.8678465795078862
S02235,1,0.16480079338632617,urbain,français,H,0,0,0.4625650775900469,0.06357106495340055,47.39814080376776,0.8675759215724376
S02236,1,0.7571822200728258,urbain,wolof,H,0,0,-0.09886818526410894,0.3211662518857979,47.430105868611264,0.7759381502086695
S02237,1,0.5956772069875665,urbain,français,H,0,1,-0.5128143979953421,0.63696228278265,38.3751240201434,0.6867879770820485
S02238,0,-1.0173092436381188,urbain,autre,H,0,0,-0.5589055756131087,0.5732061758921789,50.54974857963021,0.6574089305035492
S02239,0,-0.4425270464871246,urbain,wolof,F,1,0,0.4625650775900469,0.0217292767763998,35.6052313086148,0.8900537496469474
S02240,0,-0.8668387083646735,urbain,wolof,F,1,0,0.8036427494500231,0.7926518205645794,59.63914261287886,0.7484289544268933
S02241,1,0.9661251566068957,rural,wolof,H,0,0,0.4625650775900469,0.01899520062437458,39.123203789511905,0.8613558321972353
S02242,1,0.43815518506293233,urbain,français,H,1,0,1.050436228132796,0.15879510580747588,40.41502549052145,0.8892060786302398
S02243,1,2.2158817674364246,urbain,wolof,H,0,0,0.7594385270695994,0.2306975252771699,41.0253331692784,0.8843122231526261
S02244,0,-2.102357630125211,rural,wolof,H,1,0,-0.5589055756131087,0.4830989742831848,46.90941290761032,0.6835592377483906
S02245,1,0.41866661064125177,rural,wolof,H,0,1,-0.5950300302811243,0.7091098647384563,50.87448120660294,0.672845786289826
S02246,0,-0.8709653931098655,rural,wolof,H,1,1,-1.7249192939776967,0.6242145799998959,44.589479194122795,0.4584045961230761
S02247,0,-0.9662165695123285,urbain,français,F,0,0,-1.961883486465059,0.3492977380136343,56.297026657301586,0.5662595900275935
S02248,0,-1.6829453385539657,rural,autre,H,0,1,-1.7249192939776967,0.5137061204630924,46.45356777922583,0.5964471435902597
S02249,0,-1.4342191433321354,urbain,français,F,0,0,-0.5589055756131087,0.43883561544637306,54.02849201638053,0.7029417864645805
S02250,1,0.30113467490131435,rural,autre,F,1,1,1.508379536169013,0.3925927666654184,27.97451449075437,0.8974537910209874
S02251,1,0.15877973806919063,urbain,français,H,0,0,1.050436228132796,0.19623539366619625,41.293362346220434,0.9095921566060328
S02252,1,0.196255759238249,urbain,français,F,0,1,0.5436260064330518,0.5457821284374973,37.445332521744135,0.8004693994480241
S02254,0,-0.7103359902578775,urbain,autre,F,0,0,1.050436228132796,0.10353756795031374,36.391323778070934,0.8953146894196408
S02255,0,-0.198187001750208,urbain,français,F,0,0,-1.961883486465059,0.384469005541953,70.68685402457082,0.5298390016741342
S02256,1,1.5559580094403906,urbain,wolof,F,0,1,1.508379536169013,0.46380601457910553,30.91600815427288,0.8898401491704505
S02257,1,0.013001715537161134,urbain,français,F,0,0,1.050436228132796,0.1314150940614282,41.04740442599937,0.8803103618900998
S02258,1,1.0123440513983872,urbain,français,F,0,0,0.7594385270695994,0.2905738442211459,36.75094857983234,0.8767750339747837
S02259,1,0.08044610455835419,urbain,wolof,H,0,1,-0.6770804424361538,0.03873484215503818,39.50188128188607,0.8150057594637067
S02260,1,0.18862561742276465,urbain,français,F,0,0,0.361886464303974,0.6406562235039818,64.21712504025624,0.760316989304487
S02261,1,0.4172737973101215,rural,wolof,H,0,0,0.361886464303974,0.693652823214097,55.280768939701595,0.7363176118812874
S02262,1,0.3721548993626932,rural,wolof,H,0,0,0.8036427494500231,0.7219923921015209,45.2929305267969,0.7986374291983911
S02263,1,1.7774250189071459,urbain,français,H,0,0,1.050436228132796,0.08489304563735717,42.115598017865544,0.9249514913375376
S02264,1,0.14664733110202652,urbain,français,H,0,0,-1.961883486465059,0.36645695782356,46.6392785097111,0.539125309185408
S02265,1,0.6572903451179333,urbain,français,H,0,0,1.1358119908378483,0.01718490262744878,33.7847433814995,0.9042700911819328
S02266,1,0.06373803417103419,urbain,français,H,1,0,1.050436228132796,0.0941629088569653,32.19441060231523,0.8927557577966436
S02267,1,1.2417675482729078,urbain,français,F,0,0,0.4625650775900469,0.05898558405346284,34.19124822862438,0.90147912423306
S02268,1,0.7106947222633768,urbain,français,F,0,0,0.4625650775900469,0,32.38589573481127,0.8898548484271503
S02269,1,0.8182621003412942,urbain,wolof,H,0,0,1.1358119908378483,0.0291205347919765,35.81967127994907,0.9204619470822482
S02270,0,-0.3997976075824638,urbain,français,F,0,1,1.508379536169013,0.4712024542494866,32.94781594480812,0.8575129134438741
S02271,1,0.45243081462674467,rural,autre,F,0,0,0.4625650775900469,0,34.93129855790503,0.9100164907628384
S02272,1,0.5245019276379017,rural,français,H,0,1,-0.6770804424361538,0,32.1653989496386,0.8155737180368529
S02273,0,-0.008051668166364405,urbain,français,H,0,0,1.050436228132796,0.13136261668625382,34.62119426896801,0.9095508769724852
S02274,1,0.9884089525960826,rural,wolof,H,0,1,0.5436260064330518,0.6338179695942195,35.810865935954105,0.7751115988102358
S02275,0,-0.8963474122691623,rural,wolof,F,0,0,-1.961883486465059,0.25624261038224844,62.16510134144789,0.6635151114929843
S02276,1,1.633345324777122,rural,wolof,H,0,1,1.508379536169013,0.4233556717800713,29.846208233361978,0.8461185426833796
S02277,1,1.0826091472355666,urbain,wolof,H,1,0,0.4625650775900469,0.0217292767763998,35.6052313086148,0.8900537496469474
S02278,0,-0.2278635261262343,urbain,wolof,H,0,0,1.050436228132796,0.16271148156899237,43.07492015708923,0.877825927718947
S02279,1,0.1429144426290284,urbain,wolof,H,0,1,1.508379536169013,0.3802186876633624,36.87974047513777,0.8883563817644721
S02280,0,-0.15293501763539086,urbain,français,F,0,1,-0.6770804424361538,0.03996370999983835,40.279714559760286,0.736073280059921
S02281,0,-0.9788014634484941,urbain,wolof,F,0,0,-0.5589055756131087,0.42064393065067823,50.01097535159027,0.7439675366767966
S02282,1,0.41486391732346023,urbain,wolof,F,0,0,1.1358119908378483,0.18296072737158897,41.38539559685509,0.9137790302254866
S02283,1,0.24294774963789056,urbain,français,H,0,1,-0.6770804424361538,0.09412973210732424,29.26966683590149,0.8245277605970116
S02284,1,0.41339631612054145,urbain,français,H,1,0,-0.09886818526410894,0.36989746386826766,45.37000270849182,0.7509652802160205
S02285,0,-0.33037830674367047,urbain,français,H,0,0,-0.4962851679537585,0.8498012602745809,62.203152547978135,0.6444117743897827
S02286,0,-1.649092290070409,rural,autre,F,0,0,-0.5589055756131087,0.4830989742831848,46.90941290761032,0.6835592377483906
S02287,0,-0.8037950678189415,urbain,français,H,0,0,-1.961883486465059,0.2909117190985104,41.51350106378763,0.5930545692809281
S02288,0,-1.0827805106382409,urbain,français,F,0,0,0.7594385270695994,0.27876378287884473,35.71083911185249,0.8393695754005116
S02289,1,0.19742518373216086,urbain,wolof,H,0,1,-0.6770804424361538,0.03529823131958835,42.22904254074369,0.7598661881762728
S02290,1,0.6404614646879286,urbain,français,F,0,0,-0.5589055756131087,0.435516646257339,45.334026363575006,0.6992934033502859
S02291,1,0.22638036140454065,urbain,français,H,0,0,0.4625650775900469,0.08301894548712856,34.49657204856076,0.8885311056571958
S02292,1,0.3004014268930177,urbain,wolof,F,0,0,-0.09886818526410894,0.3224505231590549,59.19541878799219,0.8213009038687868
S02293,0,-1.6096763823566376,rural,wolof,H,0,0,1.050436228132796,0.18638116600732543,37.744498046015195,0.8825385741716013
S02294,1,0.027717379504376256,rural,wolof,F,0,1,1.508379536169013,0.3812695150352554,32.12300757488108,0.9080506947608502
S02295,0,-0.43500001327082355,rural,autre,H,0,0,0.8036427494500231,0.7160752072744675,46.64646118234383,0.8221494942384192
S02296,1,0.18899702239104385,urbain,wolof,H,0,0,1.050436228132796,0.06898441156440202,37.22982106391432,0.9229139185649892
S02297,0,-1.6037595806366607,rural,wolof,H,0,1,-0.5950300302811243,0.7593057549797028,47.08684354895756,0.6079503696562734
S02298,1,0.528744556990521,urbain,wolof,F,0,0,0.8036427494500231,0.7926518205645794,59.63914261287886,0.7484289544268933
S02299,0,-1.6824096910130963,rural,autre,H,0,1,-0.5950300302811243,0.7687586192182965,47.02834632825955,0.680496677095124
S02300,1,0.238017946113681,urbain,français,F,0,0,1.050436228132796,0.20751439821020365,43.290589631706936,0.8832529575492393
S02301,1,0.43262652284889813,urbain,autre,H,0,0,0.7594385270695994,0.2645021780763736,42.77482633206423,0.8513999078636323
S02302,1,1.5597347383630238,urbain,français,F,0,0,0.4625650775900469,0.04578313915277193,34.48721184784838,0.8507410114237849
S02303,0,-1.3125663525256301,urbain,wolof,F,0,0,-0.5589055756131087,0.4865823831365976,53.64729890791117,0.6730742441529726
S02304,1,1.02141952210962,rural,français,F,0,0,0.7594385270695994,0.2339471542032034,46.446615188041086,0.8792283268114952
S02305,1,0.5594306134019591,rural,autre,H,0,0,1.050436228132796,0.18001295487046,43.56433659758507,0.8763071459018132
S02306,1,0.7467740732048074,urbain,wolof,F,0,0,0.4625650775900469,0.10040305881231244,45.57834717055319,0.842023023350557
S02307,0,-0.3284515186755247,urbain,wolof,F,1,0,-0.5589055756131087,0.4683316826043063,53.36023764604129,0.7599906683589428
S02308,1,0.1488880768740002,rural,wolof,H,0,0,-1.961883486465059,0.3263548383996648,47.787428017647166,0.6076270413756412
S02309,1,1.9657784798983577,urbain,autre,H,0,0,0.4625650775900469,0,32.38589573481127,0.8898548484271503
S02310,1,0.906242628768645,urbain,français,H,0,0,1.050436228132796,0.14947768414121498,43.90435067675417,0.8255014716282962
S02311,1,0.21723942676715574,urbain,wolof,F,0,0,-0.09886818526410894,0.34213251789406157,42.67559513136121,0.7664207899072575
S02312,0,-0.7941904442834948,urbain,wolof,H,0,0,-1.961883486465059,0.36767322821696313,64.38165558513336,0.6027402491104625
S02313,0,-0.32248206056949913,urbain,français,F,0,0,-1.961883486465059,0.33029568787007924,66.9075790052246,0.5639432977471788
S02314,1,1.1394132362702871,urbain,français,F,0,0,-0.09886818526410894,0.2724653026170428,42.87155393298035,0.7915830792171679
S02315,1,1.3833676421967327,urbain,wolof,H,0,1,1.508379536169013,0.5700571081778864,31.27651945726007,0.8619744192650401
S02316,0,-1.0494416542563607,rural,autre,H,0,1,-1.7249192939776967,0.5708144304996835,51.23595538564924,0.5581634864552023
S02317,0,-1.121562760169077,urbain,français,H,1,1,0.5436260064330518,0.5766392767069767,37.009596649021766,0.7811780075881708
S02318,0,-0.08205598094034465,urbain,wolof,F,0,0,1.1358119908378483,0.15130776808919405,43.265232977626326,0.8958177890520277
S02319,1,0.60903059087744,rural,autre,F,0,0,-0.09886818526410894,0.3811497619403752,35.976154363159445,0.7430206363854027
S02320,1,0.5584762753375162,rural,wolof,F,0,0,0.361886464303974,0.6807958393225815,61.24329159217328,0.6627991917753515
S02321,1,1.6227029579100862,urbain,français,H,0,1,-0.6770804424361538,0,35.12810938563005,0.8152304601938036
S02322,1,0.14895608630881813,urbain,français,F,0,0,0.361886464303974,0.6327479001265505,53.28507575858835,0.7481266757054763
S02323,1,0.43686723807569405,urbain,français,F,0,0,1.1358119908378483,0.0291205347919765,35.81967127994907,0.9204619470822482
S02324,0,-0.3972733254343033,rural,wolof,F,1,0,0.7594385270695994,0.2723648509890898,42.84091982752215,0.8930495931458021
S02325,1,1.6502462771519577,urbain,français,F,0,0,1.050436228132796,0.06153838394641137,30.866185121525326,0.8886816680056123
S02326,1,0.08040980772850774,urbain,français,H,1,1,-0.6770804424361538,0.00110026607417985,29.249576600585616,0.8050619408984713
S02327,0,-0.7268615711994333,rural,autre,H,0,0,1.050436228132796,0.18073465091535243,43.63973773016813,0.905697123186824
S02328,1,2.0155887764665943,urbain,français,H,0,1,-0.6770804424361538,0.04021247140156467,34.45644181493522,0.7983714225225172
S02329,0,-1.4473444550909726,rural,wolof,F,0,1,0.5436260064330518,0.5046638458524881,35.478004840358025,0.778450956469589
S02330,1,0.9621091741749591,urbain,français,H,1,0,0.8036427494500231,0.6707077787306936,50.60419469192854,0.7619512247197849
S02331,1,1.0080947454366809,urbain,français,F,0,0,1.1358119908378483,0,28.95963493000696,0.9201813474059491
S02332,0,-0.43076763070237045,rural,wolof,H,0,1,-0.5950300302811243,0.7607829605659051,45.432653919301835,0.6729451744405793
S02333,1,1.1597892818389297,urbain,français,F,0,0,1.050436228132796,0.1477289143262595,41.0443556564698,0.902036149085048
S02334,1,0.18365360875044162,urbain,français,F,0,0,0.4625650775900469,0.0590067887333925,33.114943228126684,0.8578037412048868
S02335,0,-0.5485266692027327,urbain,wolof,F,0,0,-0.09886818526410894,0.3211662518857979,47.430105868611264,0.7759381502086695
S02336,1,0.1917242325083812,rural,autre,F,0,0,0.7594385270695994,0.25893495404372474,48.50272736896267,0.8771530003022641
S02337,1,0.6379616376689741,urbain,wolof,H,0,0,1.050436228132796,0.1124665926053995,35.056481825528365,0.90121545043849
S02338,1,0.26839725780987117,urbain,wolof,H,0,0,0.8036427494500231,0.6416911265292431,38.664727703328865,0.769130100305793
S02339,1,0.039604419266088965,urbain,français,F,0,1,-1.7249192939776967,0.5836347728737334,44.76729194993478,0.46804539460813194
S02340,1,0.3898357439075887,urbain,autre,F,0,0,1.050436228132796,0.07161191754592772,40.86255287300537,0.8982412483184014
S02341,1,0.25836126536099757,urbain,français,H,0,0,1.1358119908378483,0.02880844809760721,32.65600328959371,0.8958803525706185
S02342,1,0.9097726706935284,urbain,français,F,0,0,0.4625650775900469,0.05692233938341774,33.28243566988288,0.8788951242180512
S02343,0,-0.3888688225873044,rural,wolof,F,0,1,1.508379536169013,0.4409271488370629,34.51743259338505,0.9193049666374312
S02344,0,-0.2735424413441103,rural,wolof,F,0,0,-0.09886818526410894,0.3260358422526756,49.03136482930688,0.8209650656949676
S02345,1,0.2324595529841906,urbain,français,F,0,1,-0.5950300302811243,0.7043182710067228,37.6649930295284,0.6696235161577572
S02346,1,0.37848351877961617,urbain,français,F,0,0,1.050436228132796,0.04898342222663553,42.52098915673335,0.8817468318634502
S02347,1,0.8158765712038171,urbain,wolof,H,0,0,0.7594385270695994,0.2761986810045219,35.56791436498048,0.8537354959868662
S02348,1,1.802368452168543,urbain,français,H,0,0,0.8036427494500231,0.6402965044500615,46.912662808007674,0.8011934342762299
S02349,1,0.2158112481506658,rural,wolof,F,0,0,0.361886464303974,0.6665247415046717,51.443654745913506,0.7595154105068163
S02350,0,-1.0133785738437435,rural,wolof,H,0,1,0.5436260064330518,0.523943493265363,45.42703253701977,0.8497342069285515
S02351,0,-1.2433618312677994,rural,wolof,F,0,0,-0.4962851679537585,0.8752553491268814,64.7603853899608,0.6238163776888013
S02352,0,-1.0272522701207745,urbain,wolof,H,0,0,1.050436228132796,0.1902820284965429,37.878174908251275,0.8925534143850413
S02353,0,-0.05403655488187921,urbain,wolof,F,0,1,-1.7249192939776967,0.5339002986901668,57.86832949409618,0.5734871467773963
S02354,0,-0.24220387251430786,rural,autre,F,0,0,0.7594385270695994,0.3508756343952688,44.31399438533049,0.7302221699054492
S02355,1,1.6227014191201619,rural,wolof,F,0,1,1.508379536169013,0.4233556717800713,29.846208233361978,0.8461185426833796
S02356,1,0.7500597543211734,rural,autre,F,0,0,0.361886464303974,0.693652823214097,55.280768939701595,0.7363176118812874
S02357,0,-1.2463776753735443,urbain,wolof,H,0,1,0.5436260064330518,0.5457821284374973,37.445332521744135,0.8004693994480241
S02358,1,2.1342488637552006,urbain,français,H,0,0,1.050436228132796,0.1611373724501585,40.54888896265267,0.9025988401045336
S02359,0,-1.0037728956373735,urbain,wolof,F,0,0,-1.961883486465059,0.2567772810742173,70.66860790669863,0.5932572696109577
S02360,0,-0.8525929833548989,urbain,autre,F,0,1,-0.5128143979953421,0.714208024427736,37.990249703022485,0.6848322402264801
S02361,1,1.31841886367085,rural,wolof,F,0,0,1.050436228132796,0.19998629061606743,55.49690368578483,0.8817412250240795
S02362,1,0.058071426583562104,rural,français,F,0,1,-0.5950300302811243,0.7575741740293096,40.05449609602579,0.7036765852478046
S02363,1,0.22162008168340272,rural,français,H,0,0,-1.961883486465059,0.32962192391876044,58.36484333994149,0.5717310118993251
S02364,1,0.7949727335429773,rural,wolof,F,0,1,-0.5128143979953421,0.655861694780564,44.89498915384138,0.6990214065861058
S02365,1,0.46526840774719846,rural,autre,F,0,1,-0.6770804424361538,0.13779113774523682,29.358878089160857,0.757892045636746
S02366,0,-0.446092501414344,rural,autre,H,0,0,0.8036427494500231,0.6446690690033866,42.42682067360561,0.7644957533082247
S02367,1,0.5508642630434789,urbain,wolof,H,0,0,1.1358119908378483,0.06963382046665499,33.953354239143295,0.9094599430000296
S02368,1,0.39722310884573725,urbain,français,H,0,1,1.508379536169013,0.4859675503469635,29.201330132357604,0.8644402364405188
S02369,0,-0.30957003413874606,urbain,français,H,0,0,-0.09886818526410894,0.4018418495218501,58.09311371038087,0.6428108758654117
S02370,1,1.1258790339943445,urbain,wolof,H,0,0,1.050436228132796,0.1777413914745075,40.34230556679898,0.8842222360594497
S02371,0,-0.9367642597042869,rural,autre,H,0,0,-0.5589055756131087,0.42517765678042385,63.361874130555,0.7647998930335684
S02372,0,-0.3694801214459971,urbain,wolof,H,0,0,0.7594385270695994,0.42116098126713863,41.65469825574295,0.8290747574184032
S02373,1,0.050103078303233246,urbain,wolof,H,0,1,-0.6770804424361538,0,28.751943847317524,0.8269232523498516
S02374,1,0.7192703760486916,urbain,wolof,F,0,0,0.7594385270695994,0.1877070245674558,44.60962984473264,0.866329046419354
S02375,0,-0.8449128827338702,urbain,français,H,0,0,0.4625650775900469,0.1465809304346129,39.542466639486705,0.8446502894437553
S02376,1,0.7258467562951558,urbain,français,F,0,0,0.4625650775900469,0.05001826632092768,42.45141699933983,0.8347444152787163
S02377,0,-0.03539312074283024,urbain,français,F,0,0,-0.4962851679537585,0.8871575036310699,64.97005748186244,0.6343188091421323
S02378,0,-1.0694935358680135,rural,wolof,H,0,1,-0.5128143979953421,0.8231696113613269,45.96929417676318,0.6233747921701476
S02379,1,0.6992461165394167,urbain,wolof,H,0,0,1.1358119908378483,0.03608679827650114,51.0069006818828,0.909163115416712
S02380,1,0.6857066785295062,rural,wolof,H,0,0,1.050436228132796,0.23502425799226717,37.175831762318744,0.8496093723100786
S02381,0,-1.868053638832064,rural,français,H,0,1,-1.7249192939776967,0.551955396067324,59.89065291157119,0.5043310952306148
S02382,1,1.2748665098543708,rural,français,H,0,0,0.8036427494500231,0.7413356233508781,43.084233486845136,0.8067643639443547
S02383,0,-0.6267726146246357,rural,wolof,F,0,0,-1.961883486465059,0.36600986456447954,52.18422437827478,0.6322412087104134
S02384,1,0.5658198893751052,urbain,autre,H,0,0,1.050436228132796,0.1164862303876551,43.7723305786524,0.8866480565997997
S02385,0,-1.6008164817325945,urbain,wolof,F,0,0,0.7594385270695994,0.19725857262244795,45.54013825017217,0.8272235554273034
S02386,1,0.4089271889076376,rural,wolof,H,0,0,0.361886464303974,0.6222701454623043,52.78940781584557,0.80338443165476
S02387,1,0.3767609930360993,urbain,français,H,0,0,0.7594385270695994,0.311970907059558,38.40954328149886,0.8703424469280794
S02388,0,-0.1416116066064678,urbain,français,F,0,0,1.1358119908378483,0.00268225482234961,33.09383428796219,0.90476551813611406
S02389,0,-0.2527171260495658,urbain,français,F,0,0,-1.961883486465059,0.30151997206628783,57.38054215166718,0.6117753909909984
S02390,0,-0.4006670440714195,rural,français,F,1,0,1.050436228132796,0.17994929732830076,45.86929490990961,0.8805024661927476
S02391,1,0.6490202321906721,urbain,français,F,0,0,1.1358119908378483,0.03345563687996218,38.861183878183134,0.8835858180554381
S02392,1,0.6937462843059372,urbain,wolof,H,0,0,-0.09886818526410894,0.39846093974886226,59.02201112517045,0.7311310912457798
S02393,0,-0.20360847413131966,rural,autre,F,0,0,0.361886464303974,0.643024133358063,45.34027970993912,0.8122959153850745
S02394,0,-1.0047424317605376,urbain,wolof,F,0,0,1.050436228132796,0.1164862303876551,43.7723305786524,0.8866480565997997
S02395,0,-0.27298677360685725,urbain,wolof,F,0,0,1.050436228132796,0.1364383070424218,36.99642203096201,0.9010759606453228
S02396,0,-0.6325339375783667,rural,wolof,H,0,0,-1.961883486465059,0.22500313673911587,46.65220253018707,0.5503762457263378
S02397,0,-1.2077712244901786,urbain,wolof,H,0,0,1.050436228132796,0.2045334810505045,32.18354840872821,0.8711859997324831
S02398,1,1.8570577095588574,urbain,français,H,0,1,0.5436260064330518,0.5634905033123634,34.169347103329216,0.8094161309905927
S02399,1,0.19384378503757788,urbain,wolof,H,0,1,1.508379536169013,0.49311920824176186,33.12344409859635,0.872647373221816
S02400,1,0.7075816445931642,rural,wolof,H,0,0,1.050436228132796,0.24559210050766725,39.37089691055884,0.8454185939466238
S02401,0,-0.26368890495347225,rural,wolof,H,0,0,1.1358119908378483,0,40.928671252565636,0.872724766548522
S02402,1,0.28433554361040553,urbain,français,F,0,1,0.5436260064330518,0.5269502944263917,32.64300581572009,0.7985111636504455
S02403,0,-0.006386250713863989,rural,français,F,1,1,1.508379536169013,0.4250343543606209,34.33376174287201,0.8999835760021937
S02404,1,0.30991896732610497,urbain,wolof,H,0,1,-0.6770804424361538,0,38.38756813193581,0.821725718040881
S02405,1,0.9314113192986992,rural,wolof,F,0,0,-0.09886818526410894,0.29709898210285435,47.61993689207947,0.7928250031599832
S02406,1,0.3986755414185665,rural,français,H,0,0,0.361886464303974,0.6837848674921432,43.726328257961896,0.7391644251025575
S02407,1,0.5119880047481398,urbain,français,F,0,0,1.050436228132796,0.2049703681143306,38.948646491169555,0.8875445588682513
S02408,0,-0.6975573594014111,rural,wolof,F,1,1,-0.5950300302811243,0.6786194263245544,41.225305123853914,0.6072722438940155
S02409,1,0.7826629090766085,urbain,français,H,0,0,1.050436228132796,0.15905480593137936,37.74410915540046,0.892113720880218
S02410,0,-1.0583534675700208,urbain,wolof,H,0,0,-0.5589055756131087,0.43883561544637306,54.02849201638053,0.7029417864645805
S02411,0,-0.9084333839038202,urbain,wolof,F,0,1,-1.7249192939776967,0.48473475384917986,41.18297076189531,0.5749166053244865
S02412,1,0.43511904639698007,urbain,français,F,0,0,0.4625650775900469,0.08900011035192393,43.39082933294378,0.8542613656859407
S02413,0,-1.6120594403353756,rural,autre,F,0,1,0.5436260064330518,0.5439914824824128,29.569579371492924,0.8097656151190632
S02414,1,0.12382370618769584,urbain,autre,F,0,0,1.050436228132796,0.1902820284965429,37.878174908251275,0.8925534143850413
S02415,0,-0.30907295697221243,urbain,français,H,0,1,-0.6770804424361538,0.01391523366052228,34.93799509240523,0.7999199327028208
S02416,1,1.1589197008288488,urbain,wolof,F,0,1,1.508379536169013,0.41241192994376,26.40089673557479,0.8953747009610666
S02417,1,1.318477697435185,urbain,autre,H,0,0,1.050436228132796,0.13139409749706765,38.562150606168686,0.9029110424602688
S02418,0,-0.159801944738583,rural,wolof,F,0,0,1.050436228132796,0.23581664711558384,36.47363847434168,0.8938438726933849
S02419,0,-0.13274731816478685,rural,wolof,H,0,0,0.361886464303974,0.7048335867652347,53.46420426501884,0.7793016460390391
S02420,1,0.8033153065452571,urbain,wolof,F,0,0,1.1358119908378483,0.02197237681310224,40.048775591791575,0.9121653392702694
S02421,0,-0.6102939647121038,rural,autre,H,0,0,-1.961883486465059,0.31077288828621125,55.64960342051833,0.6351408055338449
S02422,0,-1.916262122060303,rural,français,H,0,0,-1.961883486465059,0.28098123832934885,56.63385916711001,0.4177437426577639
S02423,0,-0.12548701701174653,rural,autre,F,0,1,1.508379536169013,0.39672282792089913,29.97707364129751,0.8968377407503283
S02424,0,-1.182084899390115,rural,français,H,0,0,-0.09886818526410894,0.4624804524153426,54.66018716064803,0.6747422369605045
S02425,1,0.5352430474354288,urbain,autre,H,0,1,-0.6770804424361538,0.08332851927269808,41.77376122017218,0.774757537334232
S02426,1,0.12049509139584175,urbain,français,F,0,1,-0.5128143979953421,0.6903200886346683,47.33476747040536,0.5637559606294376
S02427,1,0.3466138336650651,urbain,français,F,0,0,1.050436228132796,0.1859266140565251,44.36733479881601,0.8857559519936161
S02428,1,0.07710865073135274,urbain,français,H,0,0,0.8036427494500231,0.7366970831925255,51.340377976617184,0.7805997876406147
S02429,1,0.01773461521900352,urbain,autre,F,1,0,1.050436228132796,0.1432825685153965,39.25570072274997,0.8984344841778354
S02430,0,-0.23589528352395614,urbain,autre,H,0,1,1.508379536169013,0.5154984859991434,34.499243572120946,0.8285371493350465
S02431,1,1.0080947454366809,urbain,français,H,0,0,1.050436228132796,0.08836949209491118,37.991769960531386,0.8928713464991357
S02432,0,-0.8954842480228776,rural,wolof,F,0,1,-0.5128143979953421,0.7201963622032937,48.82653925300155,0.7153647623319622
S02433,1,0.2357613454286997,urbain,autre,F,0,1,-0.6770804424361538,0,30.115087227762356,0.825590891103678
S02434,0,-0.759968472407769,rural,wolof,H,1,1,1.508379536169013,0.4319850712455265,35.19945072565116,0.8637014661378101
S02435,1,1.196857592268008,urbain,français,F,0,0,1.1358119908378483,0.00231453732687673,31.38859495418757,0.905146177032892
S02436,0,-1.328288641130814,rural,autre,F,1,1,-0.5950300302811243,0.7669582256545314,43.52303813289941,0.6249196355642493
S02437,1,0.30428640248015637,urbain,autre,F,0,1,1.508379536169013,0.43413665968915743,37.53285875037109,0.8592580440158185
S02438,1,0.6259085868811805,urbain,wolof,F,0,0,0.4625650775900469,0.02904957294976578,33.450293578056915,0.9014120744372872
S02439,1,0.31424852165593326,urbain,français,F,0,0,1.050436228132796,0.10435350339359133,41.26800472228254,0.8977822515062837
S02440,1,0.8558720877318786,rural,wolof,F,0,1,1.508379536169013,0.4476115126760015,32.11011858751211,0.900727789373542
S02441,0,-0.49525972003439483,rural,wolof,F,0,1,-1.7249192939776967,0.5415551939690992,50.956075291357706,0.5430195910806059
S02442,1,0.859862890816443,urbain,wolof,H,0,1,0.5436260064330518,0.4789591535091581,34.966736606941545,0.8222851285288333
S02443,1,0.3390152530132865,urbain,français,H,0,0,0.361886464303974,0.6519485446215167,43.85686936812266,0.7695976585016245
S02444,1,0.7458273969598925,urbain,autre,F,0,0,1.050436228132796,0.08836949209491118,37.991769960531386,0.8928713464991357
S02445,1,0.47606651371795444,rural,autre,H,0,1,1.508379536169013,0.43799572966515926,31.633339160559704,0.8825294257409222
S02446,0,-0.149958224467933,rural,wolof,F,0,0,0.7594385270695994,0.212397028239286,44.93313802980571,0.872930708870878
S02447,1,1.5179459798072137,urbain,français,H,0,1,-0.6770804424361538,0.03636062861673986,34.10327958232909,0.7674730812152432
S02448,1,0.2518688700100447,rural,autre,F,0,0,0.8036427494500231,0.6732233740082458,51.291445818592095,0.7721769624286078
S02449,0,-2.1283820167399363,urbain,wolof,F,0,0,-0.09886818526410894,0.3725444420900204,50.328470479029264,0.8337857905160486
S02450,1,2.393680378477416,urbain,français,F,0,1,-0.6770804424361538,0.06855578114547911,31.8596037991722,0.8038743422626115
S02451,0,-1.879893124638108,urbain,wolof,H,0,0,-1.961883486465059,0.26372284499500276,54.47629357012247,0.5486733203068749
S02452,1,0.508944118887473,urbain,français,H,1,1,0.5436260064330518,0.5864148007347019,33.54171175044986,0.7546970219070764
S02453,0,-0.20649544448969204,urbain,français,H,0,1,1.508379536169013,0.4312964124231685,26.773210765235067,0.8611151943673121
S02454,1,0.4146428290569043,rural,autre,F,0,0,0.361886464303974,0.7857685626365434,47.65616141898352,0.6708339555916113
S02455,1,0.9753332528737152,urbain,wolof,F,0,0,0.7594385270695994,0.2262876268610168,39.60169552992763,0.8661246999711572
S02456,0,-0.9949054382244213,rural,wolof,H,0,0,-1.961883486465059,0.2512319431500473,61.170106810189814,0.5312457933398061
S02457,1,0.6031568013125493,urbain,autre,H,0,0,0.4625650775900469,0.06599698237186967,32.759856530185075,0.8321208596541322
S02458,0,-0.2870048325400568,rural,wolof,F,0,0,1.050436228132796,0.19573619661463976,35.059189193489615,0.9000232452894092
S02459,1,0.5148529572816608,urbain,français,H,0,0,1.1358119908378483,0,35.51363013855316,0.9114831224367034
S02460,0,-0.09110768915781729,rural,wolof,H,0,0,-0.4962851679537585,0.8156235187821074,50.08499708235456,0.7864546881814249
S02461,0,-0.23834486311853412,urbain,wolof,F,0,0,1.1358119908378483,0.10594117925400778,36.744940942744634,0.923204511992509
S02462,0,-1.6039985116071829,rural,autre,H,0,0,-1.961883486465059,0.3775187336508491,60.75327268021326,0.6434390033953081
S02463,0,-0.4331418885028759,rural,autre,F,1,1,0.5436260064330518,0.4704127543780917,31.04154787098583,0.8350477520152457
S02464,1,1.348507737372238,rural,wolof,F,0,1,-0.6770804424361538,0.13779113774523682,29.358878089160857,0.757892045636746
S02465,1,1.2208893216563268,urbain,wolof,H,0,1,-0.6770804424361538,0.03996370999983835,40.279714559760286,0.736073280059921
S02466,1,1.3319680941783605,urbain,français,H,0,0,1.1358119908378483,0.01718490262744878,33.7847433814995,0.9042700911819328
S02467,1,0.9545779441020062,urbain,français,H,0,1,1.508379536169013,0.4018537230116637,36.34589286904236,0.8822316548637807
S02468,1,0.14643009178364272,urbain,wolof,F,0,0,1.050436228132796,0.10245938854655276,37.5736646000441,0.8916354282900576
S02469,0,-1.195856008157378,urbain,français,F,0,0,-1.961883486465059,0.26372284499500276,54.47629357012247,0.5486733203068749
S02470,1,0.6587430664793671,urbain,wolof,F,0,0,-1.961883486465059,0.27031969474836876,55.66388793711942,0.6893984741785568
S02471,1,0.018390503576772597,urbain,wolof,F,0,0,0.4625650775900469,0.05679219261894782,41.720131813794474,0.8288058207095894
S02472,1,1.0493919135470402,urbain,français,F,0,0,-0.5589055756131087,0.4384748954433762,44.28525664330948,0.6724238633916833
S02473,0,-1.8888030752704283,urbain,français,F,1,1,-0.5128143979953421,0.6364825192217932,56.1253094292695,0.7415938381444689
S02474,1,1.2044672575954458,urbain,wolof,F,0,1,1.508379536169013,0.4323347878608761,28.273097467587306,0.9045096953073196
S02475,1,0.024349982104447998,urbain,wolof,H,0,1,-0.6770804424361538,0.02542186362381395,34.555769851156306,0.7962724618360775
S02476,1,2.05676789360274,urbain,autre,H,0,0,0.4625650775900469,0,47.40213618545666,0.890437714815498
S02477,1,0.253672467899592,urbain,français,H,0,0,0.4625650775900469,0.08409399962475553,34.28698250540201,0.8477397575335065
S02478,1,0.9521009714436871,rural,wolof,H,0,1,-0.6770804424361538,0.0852132542373912,31.433342816876547,0.7579567311749754
S02479,1,0.19098703030408867,urbain,wolof,H,0,0,0.7594385270695994,0.2311955778125458,48.458872453426054,0.8655350199678453
S02480,0,-0.6183952019208143,urbain,français,F,0,0,-0.5589055756131087,0.45861698631299047,49.710477632038575,0.6487502303521739
S02481,0,-0.2931067089669451,urbain,français,H,0,0,0.4625650775900469,0.05692233938341774,33.28243566988288,0.8788951242180512
S02482,1,0.5084534658354528,urbain,français,H,0,0,1.1358119908378483,0.0522716032137634,33.52411400362326,0.8893347285315238
S02483,0,-0.2624424423356998,rural,wolof,F,0,0,0.7594385270695994,0.2634387839765235,47.13686232947739,0.9024160031921372
S02484,1,0.19672080954070015,rural,wolof,F,0,0,0.361886464303974,0.722852381971964,51.943197359149536,0.7259581152108772
S02485,0,-0.5047963495970402,rural,français,F,0,1,-1.7249192939776967,0.5537623120372251,56.466929750001974,0.5232308626738738
S02486,1,0.025647194655118947,urbain,autre,F,0,1,0.5436260064330518,0.5634905033123634,34.169347103329216,0.8094161309905927
S02487,0,-0.37952232703510663,urbain,français,F,0,1,-0.5128143979953421,0.6605916203671698,48.1611844145068,0.6710599485521308
S02488,1,0.07803640111156272,rural,français,F,0,1,-0.5950300302811243,0.7301825710139002,50.38454667428227,0.5260262946744185
S02489,1,0.3211246382457022,urbain,wolof,F,0,0,0.8036427494500231,0.6750212937423651,57.96780209768487,0.7399243619422144
S02490,1,0.7883621422150962,urbain,autre,F,0,0,0.4625650775900469,0.02192358409103263,47.96465949887723,0.8579427918476412
S02491,0,-0.5256878434547304,urbain,wolof,H,0,0,-1.961883486465059,0.31648867991013724,54.701053842840054,0.5899414600707947
S02492,0,-1.6116200663962814,rural,wolof,F,1,1,-0.5128143979953421,0.8231696113613269,45.96929417676318,0.6233747921701476
S02493,1,0.44982077869931425,urbain,français,H,0,1,-0.6770804424361538,0.09412973210732424,29.26966683590149,0.8245277605970116
S02494,1,0.5244187165355405,rural,wolof,H,0,0,1.050436228132796,0.2068608435548825,45.54109548235811,0.8888158850418872
S02495,0,-2.2237331046317,urbain,français,F,1,0,-1.961883486465059,0.2374397808612303,51.84717358307801,0.572171244137576
S02496,1,0.3652392993376619,urbain,français,F,0,0,1.050436228132796,0.1852793003239873,32.0376238831347,0.8623435084463661
S02497,0,-0.721518708075815,urbain,français,H,0,0,0.361886464303974,0.6327479001265505,53.28507575858835,0.7481266757054763
S02498,0,-0.4985896562854184,urbain,français,F,0,0,1.050436228132796,0.1708682944606398,39.989058876778785,0.8311753414883429
S02499,0,-0.2605828438346787,urbain,wolof,F,0,1,-0.6770804424361538,0.0583953787118603,31.81738286164388,0.7926656926112968
S02500,1,0.608159479288732,urbain,wolof,H,0,0,0.4625650775900469,0.09346110681279184,33.51153796509034,0.8726969939946584
S02501,1,1.452889719459724,urbain,français,F,0,1,-0.6770804424361538,0.00486743150751362,28.670932568860632,0.7965013603474164
S02502,1,0.12987403648064388,rural,wolof,F,0,0,-0.5589055756131087,0.4428294508756171,56.825738158542784,0.6056690230883639
S02503,1,1.7042898304551601,rural,autre,H,0,0,1.1358119908378483,0.10283676459510128,34.725986998515516,0.9180052508623858
S02504,0,-0.8517549723860599,urbain,wolof,F,0,0,-0.09886818526410894,0.37479895526380586,45.46620216201779,0.802895508603299
S02505,1,1.6741011741160527,urbain,wolof,H,0,0,0.4625650775900469,0.11345173956782947,43.64794209596414,0.857383616310707
S02506,1,0.18486848592286592,urbain,wolof,F,0,1,-0.6770804424361538,0.10085299530484455,33.67261854578183,0.8212895744720656
S02507,0,-0.3984866035168547,urbain,français,H,0,1,-1.7249192939776967,0.552540903644833,49.28522103373499,0.6008423992358904
S02508,1,1.4009304453144176,urbain,français,H,0,0,1.050436228132796,0.17427982574582251,45.21655256675532,0.929596212532044
S02509,1,0.8846306214316055,rural,français,H,0,1,-0.5128143979953421,0.6780029582694795,40.52150932543044,0.6754030775915439
S02510,1,0.05195055166152312,urbain,wolof,F,0,0,1.1358119908378483,0.07435629299146582,35.14644636094502,0.9145518316091096
S02511,1,0.4375246645137243,rural,wolof,F,0,0,0.361886464303974,0.5910765691994567,43.53750180377538,0.709993961145262
S02512,1,0.12535395516791906,urbain,wolof,H,0,0,0.4625650775900469,0,30.618122941218903,0.8855954520717539
S02513,0,-0.5928247912867063,urbain,wolof,H,0,0,-1.961883486465059,0.33804105941725066,48.93673400647307,0.5947031267630255
S02514,0,-1.4000922880017082,urbain,wolof,F,0,0,-1.961883486465059,0.3621301620672783,55.53294187060254,0.5474511694138579
S02515,1,0.4874932464495653,urbain,autre,H,0,0,1.050436228132796,0.17175760645929805,42.50511721285873,0.90902365892611
S02516,0,-1.358188034529584,rural,autre,F,1,0,-1.961883486465059,0.2528400977804746,61.50921480895146,0.5815109513577682
S02517,0,-0.5651827736040707,urbain,français,F,0,0,0.4625650775900469,0,43.29499875838605,0.8741098731948941
S02518,1,0.8397559202924683,urbain,français,H,1,0,1.050436228132796,0.20751439821020365,43.290589631706936,0.8832529575492393
S02519,1,2.137449707813217,rural,autre,H,0,0,1.050436228132796,0.16173386520557256,36.207027790799174,0.899411906878058
S02520,1,0.08767096854985747,rural,français,H,0,1,-0.5128143979953421,0.6225331341132254,43.095488777686626,0.7267247184174754
S02521,0,-1.0766657476506203,rural,autre,H,0,1,-0.5950300302811243,0.7270460164893611,48.78926858742547,0.6136810044346283
S02522,1,0.2877128997801705,urbain,français,F,0,1,1.508379536169013,0.40773841235715497,33.622386865049954,0.8920038761596735
S02523,0,-1.5121407281190493,urbain,wolof,F,0,0,-1.961883486465059,0.32043202425955375,58.133483581979654,0.6130953232716008
S02524,1,0.9383519152152969,urbain,français,F,0,1,0.5436260064330518,0.4998377932516244,33.50597451577394,0.7797890032964323
S02525,1,0.7060896450017404,urbain,autre,H,0,0,0.8036427494500231,0.7366970831925255,51.340377976617184,0.7805997876406147
S02526,0,-0.34925593671984334,urbain,autre,F,0,0,0.361886464303974,0.6406562235039818,64.21712504025624,0.760316989304487
S02527,0,-0.5587105687545089,urbain,autre,F,0,1,0.5436260064330518,0.5474941946866688,35.434160252285096,0.7878629576310495
S02528,1,0.02665033011843347,urbain,autre,H,0,0,-0.09886818526410894,0.3424533537373999,44.746526292280144,0.7889263046730463
S02529,0,-1.5745382211702796,rural,autre,F,0,1,-0.5128143979953421,0.769864325839001,39.34506471033407,0.6261395080921437
S02530,1,0.42405598519622856,urbain,wolof,H,1,0,1.050436228132796,0.13070694709028338,39.5211661142377,0.8908780195868402
S02531,1,1.2305892536844691,urbain,wolof,F,0,0,-0.09886818526410894,0.33049022264258415,47.54269589401298,0.7855833447534664
S02532,1,0.26486765812774105,urbain,wolof,H,0,0,0.7594385270695994,0.24100339005592267,43.66343338678082,0.8847706043215716
S02533,0,-0.06263007962951803,rural,wolof,F,0,1,0.5436260064330518,0.5259329104715255,34.076545014872686,0.8513391793147973
S02534,0,-1.2162074248790882,rural,wolof,F,1,1,-0.5128143979953421,0.7081781222145452,45.60389085331179,0.5491712676623424
S02535,0,-0.6931257857650326,urbain,français,F,0,0,0.4625650775900469,0.18033628562325335,46.351110101392656,0.8651778262117453
S02536,1,0.89863984880675285,urbain,wolof,H,0,0,0.4625650775900469,0.1092073544453794,39.84240853878208,0.8833195897043277
S02537,0,-0.7015173483354854,urbain,français,H,0,1,-0.6770804424361538,0.03996370999983835,40.279714559760286,0.736073280059921
S02538,0,-0.9949054382244213,rural,wolof,H,0,1,-0.6770804424361538,0.04951914969295482,30.25438194633759,0.8262666280683455
S02539,0,-0.03082587247923748,rural,français,H,0,0,1.050436228132796,0.16257549016442935,40.32636086444749,0.901737282317024
S02540,1,0.28483260422304496,urbain,wolof,F,1,1,-0.6770804424361538,0.02464293115937007,32.62765358844042,0.8218816352636815
S02541,0,-1.1164829389083124,urbain,français,F,0,1,-0.5950300302811243,0.8229419712802926,44.74796982534056,0.5332983626079765
S02542,1,0.5754118763647411,rural,wolof,F,1,0,1.050436228132796,0.11060232077286214,43.31906409516384,0.8956768639314531
S02543,0,-1.3215213956019198,urbain,wolof,H,0,0,-1.961883486465059,0.2236695746217723,53.449294987250425,0.63525365392126
S02544,1,1.0383768545931038,urbain,wolof,F,0,0,1.1358119908378483,0.08902482977921179,37.950424991192136,0.9061044839689336
S02545,1,1.763120855222312,rural,wolof,H,0,1,1.508379536169013,0.31679415578253944,30.290592516497615,0.9179523369546492
S02546,0,-0.6639399795062738,urbain,autre,H,0,1,-0.5128143979953421,0.7021636455790211,42.598933248075745,0.6927349772874475
S02547,0,-0.5997874058357495,urbain,wolof,H,0,0,0.7594385270695994,0.19994986128144412,43.767034357509246,0.8629356885993512
S02548,0,-0.2250455900024309,urbain,wolof,H,0,1,0.5436260064330518,0.5766392767069767,37.009596649021766,0.7811780075881708
S02549,0,-0.6311820857075712,urbain,français,F,1,0,-0.09886818526410894,0.3443694111772208,39.64104564665912,0.7409300110799468
S02550,1,0.5396847782683832,urbain,français,H,0,0,-0.5589055756131087,0.37485592275116,45.928035573853265,0.7586210384402395
S02551,0,-2.1186318194337352,urbain,wolof,F,1,1,-1.7249192939776967,0.5134423446981027,48.75242954683989,0.5411067430165863
S02552,0,-0.7941699932686866,urbain,wolof,H,0,1,-1.7249192939776967,0.39857054045992146,37.63386315938075,0.573243914154867
S02553,0,-0.6954326244073735,urbain,wolof,F,0,0,0.4625650775900469,0.08371862654178935,41.04034691380078,0.8039637753354342
S02554,0,-1.1556505952560343,urbain,français,F,0,1,-0.5128143979953421,0.6364825192217932,56.1253094292695,0.7415938381444689
S02555,1,0.9812567965217864,urbain,autre,F,0,1,0.5436260064330518,0.5454833256822641,37.82384666067629,0.7815273852766235
S02556,1,0.8090214877963509,urbain,français,F,1,0,1.1358119908378483,0.10769289424842315,40.79036661906394,0.8970668613229908
S02557,1,0.13537462106496692,rural,français,H,0,0,1.050436228132796,0.11861755833227051,39.8136348717855,0.8684108931308497
S02558,0,-0.8702891343235466,rural,autre,H,0,0,-0.5589055756131087,0.43908055825749576,44.77913417708043,0.6418393054745063
S02559,0,-1.366959803820755,urbain,wolof,F,0,0,-1.961883486465059,0.22547153486138805,54.23920222941309,0.6658455475743347
S02560,1,0.13045430699824176,urbain,wolof,F,1,0,1.050436228132796,0.10716083163398785,37.8471696906296,0.9118282422009109
S02561,0,-0.1985304181156448,urbain,wolof,F,0,0,-0.5589055756131087,0.37349921377469,50.84179023492123,0.6750835810135881
S02562,1,0.9175542690297667,urbain,wolof,F,0,1,-0.5950300302811243,0.6904666493903494,46.13993534201218,0.6337184606864236
S02563,0,-1.667364389368764,urbain,wolof,H,1,1,-0.5950300302811243,0.749280156010979,41.381236399081835,0.6635439281258939
S02564,1,0.8204929220051742,urbain,français,H,0,0,0.4625650775900469,0.0641655648251713,32.46102082761916,0.8767153838343612
S02565,1,0.6364726943981545,urbain,wolof,H,0,0,0.4625650775900469,0.02960075668563811,43.0094669909847,0.8280606018551218
S02566,0,-0.07243001462440656,rural,autre,H,0,1,0.5436260064330518,0.4940405602077609,42.17380578157933,0.794079365165174
S02567,0,-1.5802804089853777,urbain,français,H,1,1,-0.5950300302811243,0.8160950993415477,41.76215687505671,0.5982593719085514
S02568,0,-0.31242417626007485,urbain,wolof,H,0,0,1.1358119908378483,0.00401907711390821,39.78971355289451,0.9254820546096468
S02569,1,0.8871016519727297,urbain,français,F,1,0,1.050436228132796,0.10245938854655276,37.5736646000441,0.8916354282900576
S02570,1,0.4662386977851346,urbain,français,H,0,0,-0.09886818526410894,0.39846093974886226,59.02201112517045,0.7311310912457798
S02571,1,0.40116590141326297,rural,autre,H,0,1,-0.5950300302811243,0.6473938271739846,50.11791611801012,0.7174724562789028
S02572,1,1.3024466823532843,rural,français,F,0,1,1.508379536169013,0.3831617782513364,23.63829554681734,0.9020033553882016
S02573,0,-0.1991180441908053,urbain,wolof,F,0,0,0.4625650775900469,0.01500824560252943,41.138197267365726,0.8247668081257217
S02574,1,0.06705235980510894,urbain,wolof,H,0,0,0.4625650775900469,0.08301894548712856,34.49657204856076,0.8885311056571958
S02575,1,0.7062273519014899,rural,autre,F,0,1,1.508379536169013,0.41749636344813873,27.264553531529433,0.9059139479205832
S02576,1,0.6694205050885156,urbain,wolof,F,0,1,-0.6770804424361538,0.01683324668537654,31.028222243079803,0.8198050868053607
S02577,0,-0.36694958876881595,urbain,wolof,H,0,1,-0.6770804424361538,0,30.4395032269087,0.8130684779705543
S02578,1,0.09055701184749394,urbain,autre,F,0,0,0.361886464303974,0.6936077734382384,42.05049048856075,0.7654486062368678
S02579,0,-0.6691208716623681,rural,autre,H,0,1,0.5436260064330518,0.5477911893032171,34.97606567990543,0.7946924052040496
S02580,1,0.17839935337657184,urbain,wolof,F,0,1,1.508379536169013,0.3802362979181316,30.58835841479674,0.8624359049166956
S02581,0,-1.167104910194632,urbain,français,H,1,0,-0.5589055756131087,0.42064393065067823,50.01097535159027,0.7439675366767966
S02582,0,-0.828130082613795,rural,français,F,0,1,-0.5950300302811243,0.8763744036785026,54.07077752743585,0.6243730784584672
S02583,0,-0.16962438134391897,urbain,wolof,H,0,1,0.5436260064330518,0.5537798083502277,35.20232156661289,0.7930435237298572
S02584,0,-0.3870620498887829,urbain,wolof,F,0,1,0.5436260064330518,0.5864148007347019,33.54171175044986,0.7546970219070764
S02585,1,1.0449838482426876,urbain,français,H,1,0,0.4625650775900469,0,38.62862366631148,0.9089340777760132
S02586,0,-1.4801089267205356,rural,wolof,H,0,0,-0.5589055756131087,0.43908055825749576,44.77913417708043,0.6418393054745063
S02587,0,-0.45189887111508786,urbain,français,F,0,1,1.508379536169013,0.32883746813269676,27.865747436373148,0.9099581487138544
S02588,0,-2.1283820167399363,rural,wolof,H,0,0,-1.961883486465059,0.28098123832934885,56.63385916711001,0.4177437426577639
S02589,1,0.7787121376460492,rural,wolof,F,0,1,-0.5128143979953421,0.5867456406041905,33.76332710939049,0.6437041726838809
S02590,1,1.408103896080619,urbain,français,H,0,0,0.4625650775900469,0.05123158999373945,37.31749974201561,0.8864156989674343
S02591,1,0.7204895760083351,urbain,français,F,0,0,1.1358119908378483,0.0291205347919765,35.81967127994907,0.9204619470822482
S02592,1,0.9066810905796636,urbain,wolof,H,0,0,1.050436228132796,0.18026399494259537,42.38754974552798,0.8907822577704461
S02593,0,-0.4004189633182519,rural,wolof,F,0,0,-1.961883486465059,0.2664541534653191,47.26081247304296,0.5648835504071589
S02594,0,-1.8676097187392657,rural,français,H,0,1,-1.7249192939776967,0.6327065745700736,47.48325231141512,0.4023937726301088
S02595,0,-0.4384098320190577,urbain,wolof,H,0,0,0.361886464303974,0.7156106834234456,50.67800497816612,0.7393521362242982
S02596,1,1.1435134087298875,urbain,autre,H,0,0,0.7594385270695994,0.30707454419884933,47.60582948143467,0.8138602933085484
S02597,0,-0.8155039010183748,rural,wolof,F,1,0,-1.961883486465059,0.3330670695687381,56.51619850271008,0.6865730027420575
S02598,0,-1.649512267830249,rural,autre,H,0,0,-1.961883486465059,0.28086173067199643,50.89873420872955,0.5516338125491506
S02599,0,-1.0430158909396325,urbain,français,H,0,0,-0.09886818526410894,0.28134283669216975,40.07986723394349,0.72571693328516
S02600,0,-0.3935891862284185,rural,wolof,F,0,0,0.4625650775900469,0.14533664415852565,39.54498276233809,0.8401124678614582
S02601,1,0.0766977547426062,rural,autre,H,0,0,-0.09886818526410894,0.35949414878378205,54.19455765770071,0.8036734005082855
S02602,0,-0.051651102049583245,rural,wolof,H,0,0,1.050436228132796,0.05973248628983813,34.36022834915176,0.9127486074974358
S02603,0,-1.656371083638748,urbain,français,H,1,0,-0.4962851679537585,0.925693818476466,64.74016309266526,0.6376255009562045
S02604,1,1.3423975398861152,urbain,wolof,F,0,0,0.8036427494500231,0.7155012091723573,47.40765096132662,0.719089943851841
S02605,0,-0.2719287235308904,rural,wolof,H,0,0,0.7594385270695994,0.2860893076083828,43.765026695436866,0.8370550701062077
S02606,1,0.09322078793577902,rural,wolof,F,0,1,1.508379536169013,0.39247270146925095,35.18401508872269,0.875415757257829
S02607,1,0.6376604795219629,urbain,wolof,F,0,1,1.508379536169013,0.4156497624080778,33.19478425771541,0.9005574121158803
S02608,1,0.8066011825064839,urbain,wolof,H,0,1,-0.6770804424361538,0.10550151298490226,34.613268574346996,0.8007932837336634
S02609,1,0.9376223523263687,urbain,wolof,F,0,0,1.050436228132796,0.1258505695809013,29.81837351549702,0.9115922976833696
S02610,0,-1.1289270348402276,rural,autre,H,0,0,-1.961883486465059,0.20984412161061283,56.35130767528457,0.5151403133888118
S02611,0,-1.6063576860312234,rural,wolof,H,0,0,0.7594385270695994,0.3510823206649067,41.733756590374696,0.8203928995073921
S02612,1,0.5240177563805996,rural,wolof,H,0,1,-1.7249192939776967,0.5140019196553343,53.44390194097341,0.7092705124852724
S02613,1,1.239009550771568,urbain,wolof,F,0,0,1.050436228132796,0.13356374156502843,32.37840539663905,0.8667083158320132
S02614,0,-1.458027439154088,rural,wolof,F,1,0,-0.09886818526410894,0.34664311244575663,56.0823062329351,0.7959962035236433
S02615,0,-0.17930795824593257,urbain,wolof,F,1,0,-0.09886818526410894,0.37073046403173365,48.52010560051869,0.8017122476095415
S02616,1,0.33095970067041836,urbain,français,H,0,1,0.5436260064330518,0.5457821284374973,37.445332521744135,0.8004693994480241
S02617,1,0.48457471086650733,rural,autre,F,0,1,-0.5950300302811243,0.7844979368480114,36.87601057893141,0.5968173360979454
S02618,0,-0.6277246373743763,rural,autre,F,0,1,-0.5950300302811243,0.7270460164893611,48.78926858742547,0.6136810044346283
S02619,1,0.5753176908380361,urbain,autre,H,0,0,0.7594385270695994,0.30759043294998484,43.01049931681246,0.856031518019248
S02620,1,0.9270786740491369,urbain,autre,F,0,0,1.050436228132796,0.17816774769029353,33.884741497433005,0.8920062223987566
S02621,1,0.16871169986492165,urbain,wolof,H,0,0,-1.961883486465059,0.22131999341551223,53.201373197533165,0.6409074780775559
S02622,0,-1.1892845633614906,urbain,français,H,0,1,-0.5128143979953421,0.6842339688058047,35.5087398994772,0.5884140530492787
S02623,1,0.638292708876889,urbain,français,H,0,0,1.050436228132796,0.04898342222663553,42.52098915673335,0.8817468318634502
S02624,0,-1.1278549772750928,urbain,français,F,0,0,-1.961883486465059,0.3318312642264599,45.86066410417617,0.4924702598585016
S02625,0,-0.2758370434728771,urbain,français,H,1,1,1.508379536169013,0.4593263163661199,32.1808209002435,0.8227661638260246
S02626,1,0.2902284791998633,urbain,wolof,H,0,1,-0.6770804424361538,0.03756214961391504,30.471745089396737,0.7997157847423599
S02627,1,0.7983034436481178,urbain,autre,F,0,0,1.050436228132796,0.11294621996257057,37.05184905571157,0.9019903807269553
S02628,1,0.7101474112269606,urbain,wolof,H,0,0,1.1358119908378483,0.09339157588255502,34.995208593333885,0.8981565891132564
S02629,0,-0.46937471939256636,urbain,français,F,1,0,1.050436228132796,0.1364383070424218,36.99642203096201,0.9010759606453228
S02630,0,-1.3075716513154225,urbain,wolof,H,0,0,0.361886464303974,0.6599538855270614,65.33193355096869,0.6842921233938523
S02631,1,1.3563897494142185,urbain,wolof,H,0,1,-0.6770804424361538,0.11431442857749492,38.86710025104669,0.7895466703338804
S02632,0,-0.012396322581837095,urbain,autre,H,0,0,0.7594385270695994,0.2533115507543501,45.62670127341606,0.8549114200666992
S02633,0,-1.2101656480343204,rural,autre,H,0,1,-0.5950300302811243,0.6326677310846179,37.4941406696932,0.6475463876528592
S02634,1,1.0573955532399741,rural,wolof,F,0,1,1.508379536169013,0.3212579496951342,35.067769485878785,0.8975293921602169
S02635,1,0.376809198041271,urbain,français,F,1,0,-0.09886818526410894,0.3704809329598376,45.450338431680855,0.7687296773187328
S02636,1,2.088472391336226,urbain,français,H,0,0,1.050436228132796,0.17898881904090205,49.28265629106264,0.8724208727978213
S02637,1,0.2765792713133763,urbain,wolof,H,0,0,0.4625650775900469,0.0202479263953208,33.68912749685439,0.8599373570927702
S02638,1,1.7295695878372759,urbain,français,H,0,1,-0.6770804424361538,0,30.115087227762356,0.825590891103678
S02639,0,-0.24626347339953228,urbain,wolof,H,0,0,-1.961883486465059,0.20894054122146832,61.37931902744648,0.5885618829160657
S02640,0,-0.13073880180189662,urbain,français,F,0,1,-0.6770804424361538,0.01683324668537654,31.028222243079803,0.8198050868053607
S02641,1,0.3132721506795094,rural,autre,H,0,0,1.1358119908378483,0,29.090028504716035,0.9287419438692368
S02642,1,0.18927761836471235,rural,français,H,0,1,-0.5950300302811243,0.6572497851144316,53.28257477797793,0.6251020519993147
S02643,1,0.1693167948588149,urbain,wolof,H,0,0,0.8036427494500231,0.7455507166664812,53.194697453404324,0.7334903092289674
S02644,0,-0.004077312731622575,urbain,wolof,H,0,0,0.4625650775900469,0.05134178520794562,49.600018740584666,0.8981351286566179
S02645,1,0.6436692414060303,urbain,français,F,0,0,1.1358119908378483,0.08052820297260502,42.99613536272452,0.8973369449148383
S02646,0,-0.981233068480041,urbain,wolof,F,0,1,0.5436260064330518,0.5818475542242063,35.44379875741195,0.7900309272294013
S02647,1,1.0543773135150054,rural,autre,H,0,0,1.050436228132796,0.16458009163072074,36.187933625556624,0.8596541963981772
S02648,0,-0.12199586427763434,urbain,français,F,0,0,-1.961883486465059,0.36567538049880466,61.985429433135835,0.6512237347695897
S02649,0,-1.4550754684091982,urbain,wolof,F,0,0,-0.5589055756131087,0.4929836796731315,43.33783670502989,0.6739039997245043
S02650,1,0.7835336563138414,urbain,wolof,F,0,1,-0.6770804424361538,0.013395743310946411,27.605511492218593,0.7841857361415238
S02651,1,0.8698843172432741,rural,wolof,H,0,0,0.7594385270695994,0.3051003917488142,36.035493913827914,0.8761523851340586
S02652,1,0.8266579979006485,urbain,français,F,0,0,0.4625650775900469,0,32.38589573481127,0.8898548484271503
S02653,1,0.05946749765922662,urbain,wolof,F,0,1,-0.6770804424361538,0.06401768077230495,27.55413811903549,0.7872991200944585
S02654,1,0.21302925106657905,urbain,wolof,H,0,0,1.050436228132796,0.13687535208150522,30.84978997258485,0.9079565786865188
S02655,1,0.16680955315525564,urbain,français,F,0,0,0.4625650775900469,0.04901121910352356,38.62985317227058,0.8476814991905901
S02656,1,0.36862755645684636,rural,autre,F,0,1,-0.6770804424361538,0.12499199536832824,39.436403838994494,0.744079400159963
S02657,0,-1.0090310559497127,rural,autre,H,0,1,1.508379536169013,0.39672282792089913,29.97707364129751,0.8968377407503283
S02658,0,-1.058927742847783,urbain,français,H,0,0,-0.5589055756131087,0.4896668419631361,54.15078351962507,0.6418511588440654
S02659,1,0.36636064823475417,rural,wolof,F,0,0,1.050436228132796,0.20340319239375357,41.96045310595464,0.8759551978051212
S02660,0,-2.1186318194337352,rural,wolof,H,0,0,-1.961883486465059,0.36380338062389184,62.28892071732136,0.5235771292078272
S02661,1,0.24243536794390647,rural,wolof,H,1,0,1.1358119908378483,0.11269388110473572,36.49719639420168,0.9147980428135626
S02662,0,-0.5428811946920521,urbain,wolof,F,1,1,-0.6770804424361538,0.01307466352257578,36.83143214306898,0.8106191728429092
S02663,0,-0.6514967620753477,rural,français,H,0,0,0.361886464303974,0.7038999873039233,63.229068449350514,0.7619289270645905
S02664,0,-1.4775402393756711,rural,wolof,F,0,1,0.5436260064330518,0.5923587034424989,29.873012653261092,0.7829913053385089
S02665,1,1.3347332213177692,rural,wolof,H,0,1,-0.5128143979953421,0.5867456406041905,33.76332710939049,0.6437041726838809
S02666,0,-0.8672900907853706,urbain,wolof,F,1,1,1.508379536169013,0.3459065495329679,29.624499401396022,0.8598552845844376
S02667,1,0.46869821503187425,urbain,français,F,0,0,0.4625650775900469,0.02016571909993737,41.16886385706095,0.8733794395176937
S02668,0,-2.1283820167399363,urbain,français,H,0,1,-0.5128143979953421,0.6156384600858352,44.005031430618565,0.6634335018151474
S02669,0,-1.5057992536593352,urbain,wolof,F,0,0,-0.5589055756131087,0.4336425253696857,54.51154933259704,0.7206208194352415
S02670,0,-0.04026960484072446,rural,wolof,F,0,0,-0.09886818526410894,0.31667812900189896,41.142671772721165,0.7495876587868288
S02671,1,0.6111159252806017,urbain,français,F,0,0,-0.09886818526410894,0.31846638376824216,49.04949511574944,0.7202425912354595
S02672,1,0.2372616681343804,urbain,français,F,0,0,-0.5589055756131087,0.5073489228374313,49.87815684458967,0.7415979285710192
S02673,1,1.133116622747345,urbain,wolof,F,1,0,1.1358119908378483,0.00268225482234961,33.09383428796219,0.90476551813611406
S02674,1,0.3300427819394189,urbain,français,H,0,0,-1.961883486465059,0.2912916436122608,58.82221120060108,0.6476827494776721
S02675,1,1.9051752578307197,rural,wolof,H,0,0,1.050436228132796,0.1631672604336506,41.27563783207723,0.8694560614065938
S02676,0,-0.1805236926570459,urbain,wolof,H,0,0,0.7594385270695994,0.35791096809594347,39.97720289796819,0.8179797400549507
S02677,1,1.4260916861377098,rural,autre,H,0,0,1.050436228132796,0.1467848095181487,36.48128842576327,0.8993566862172291
S02678,1,1.976560551925398,urbain,français,H,0,0,0.4625650775900469,0.06127265233856653,39.40121452582994,0.8642981397995488
S02679,1,2.0622302597183375,urbain,wolof,H,0,0,1.050436228132796,0.19120184555409536,38.31320663503194,0.8832877001742141
S02680,1,1.5062949443832319,urbain,wolof,H,0,1,1.508379536169013,0.35398735390054115,23.45060014787211,0.8718986577702302
S02681,0,-0.2013452308842309,urbain,français,H,0,0,-1.961883486465059,0.34194059683403394,59.477435392529145,0.5577599782130915
S02682,1,0.3508947581788846,urbain,wolof,H,0,0,1.1358119908378483,0,34.785544881915015,0.8932226213532541
S02683,0,-1.2858995058513456,urbain,français,H,0,0,-1.961883486465059,0.22547153486138805,54.23920222941309,0.6658455475743347
S02684,0,-1.1793275625188344,rural,français,F,0,0,-0.09886818526410894,0.3685296494223855,42.64737315244397,0.7550407768651642
S02685,0,-0.7496731430920077,urbain,français,F,0,1,-0.6770804424361538,0.03115059739674972,28.61672680319123,0.7704028395952532
S02686,0,-1.4187346154107585,urbain,wolof,H,0,0,-1.961883486465059,0.35863836850708564,56.2449512599056,0.5775070072931983
S02687,0,-1.0271258324983281,rural,wolof,F,0,0,1.050436228132796,0.16173386520557256,36.207027790799174,0.899411906878058
S02688,1,0.6068737838048289,urbain,français,F,0,0,1.050436228132796,0.22075452355955108,37.631519290804974,0.8872279586833262
S02689,0,-0.5808552070755529,rural,wolof,F,0,1,-0.5128143979953421,0.7472387637783381,44.624569857956565,0.5332071542591339
S02690,0,-1.5987493626891567,rural,wolof,H,1,0,-0.09886818526410894,0.4213976329893808,50.64280800305554,0.7743564668833504
S02691,0,-1.0419648519166969,rural,wolof,F,0,1,-0.5950300302811243,0.7699394985029174,54.725428694627794,0.5654970435980913
S02692,0,-0.32616619063290947,urbain,wolof,H,0,0,0.8036427494500231,0.7231886702526429,42.730266191129765,0.7503597970899686
S02693,1,0.11282739208658242,rural,wolof,F,0,1,-1.7249192939776967,0.5561412791932412,40.25451611334749,0.5486495852709977
S02694,1,0.6334167196875806,urbain,wolof,H,0,0,-1.961883486465059,0.33995486084387844,45.12420313019759,0.491022845003409
S02695,1,0.023373234886419552,urbain,français,H,0,0,-0.09886818526410894,0.37073046403173365,48.52010560051869,0.8017122476095415
S02696,0,-0.5498573613981728,urbain,wolof,H,0,0,1.050436228132796,0.11528709953313016,32.870175198801164,0.8870396075325968
S02697,0,-1.7079921510671976,urbain,français,F,1,0,-1.961883486465059,0.36660970813807336,54.02399482726576,0.5567639404101186
S02698,0,-0.2089586231322293,urbain,français,F,0,0,-0.09886818526410894,0.3211662518857979,47.430105868611264,0.7759381502086695
S02699,0,-0.0772359864218285,urbain,wolof,F,0,0,1.1358119908378483,0.02197237681310224,40.048775591791575,0.9121653392702694
S02700,1,0.5685749239652319,urbain,wolof,H,0,1,1.508379536169013,0.4156497624080778,33.19478425771541,0.9005574121158803
S02701,1,0.3769900061205739,rural,wolof,H,0,1,0.5436260064330518,0.6212311287251353,34.63701205723775,0.7799988105679854
S02702,0,-0.3181499808892812,urbain,français,F,0,0,1.050436228132796,0.1852793003239873,32.0376238831347,0.8623435084463661
S02703,0,-0.2396415158328139,rural,français,H,0,0,-0.5589055756131087,0.4972252268586575,61.71863281634688,0.6226643589641943
S02704,1,0.6748257443627947,urbain,wolof,H,0,1,-0.6770804424361538,0,36.31808543467898,0.8124818160742953
S02705,0,-1.0455860558447039,urbain,wolof,H,0,1,-1.7249192939776967,0.5995933350468479,40.93244574038042,0.5871955615226458
S02706,0,-0.5842172906300245,urbain,wolof,F,0,0,1.050436228132796,0.17791898646296164,36.59078545783327,0.8706338557265257
S02707,0,-1.2102967659393646,rural,wolof,H,0,1,-0.5128143979953421,0.7567294776983754,47.76222926401205,0.5936931638974198
S02708,0,-1.4326479278654152,urbain,autre,F,0,1,0.5436260064330518,0.5382826718918078,38.784374533724694,0.8452592922549564
S02709,1,0.18288301597924095,urbain,wolof,F,0,0,0.8036427494500231,0.6367391621249752,53.40350328096997,0.7863499534973453
S02710,1,1.0585898021141444,urbain,français,H,0,0,-1.961883486465059,0.3683642105967092,64.37601699060644,0.6082065025093911
S02711,0,-0.3719758857223482,rural,wolof,F,0,0,0.4625650775900469,0.0073210728693226,40.175427608932026,0.8309567296542151
S02712,0,-0.2821860740211289,urbain,français,H,0,0,-0.4962851679537585,0.7607403574111263,49.66125637558813,0.619473547955929
S02713,1,0.6831805926974679,rural,autre,F,0,0,-1.961883486465059,0.232294034439731,52.43516685844528,0.7551379828666724
S02714,1,0.8823301206070624,urbain,français,H,0,0,0.7594385270695994,0.27876378287884473,35.71083911185249,0.8393695754005116
S02715,0,-0.34762092876121203,urbain,français,F,0,0,1.050436228132796,0.04898342222663553,42.52098915673335,0.8817468318634502
S02716,1,0.963257322154457,rural,wolof,H,0,1,1.508379536169013,0.29846239309621353,33.25132336128785,0.941383782244034
S02717,0,-1.3912369238386637,rural,autre,F,0,1,-1.7249192939776967,0.5309793651764432,39.918536754494575,0.6702475313548378
S02718,0,-0.01624968871225481,urbain,français,H,0,0,0.4625650775900469,0.08301894548712856,34.49657204856076,0.8885311056571958
S02719,0,-1.3454004395001253,rural,wolof,H,0,1,-0.5950300302811243,0.7757963722390464,44.69321990302045,0.6060310139725323
S02720,1,0.7115008140115732,urbain,wolof,H,1,0,0.7594385270695994,0.2262876268610168,39.60169552992763,0.8661246999711572
S02721,1,0.9090143293949532,urbain,français,H,0,1,1.508379536169013,0.4668649071662749,34.80549770414863,0.8877762226504418
S02722,0,-1.3205631618840363,rural,wolof,H,1,1,1.508379536169013,0.41874485350101065,36.86079626625619,0.8646119990344477
S02723,0,-0.13062972654522573,rural,wolof,H,0,1,-1.7249192939776967,0.6099922433420064,46.49251836891341,0.6418825100989151
S02724,1,0.14713811759245948,urbain,français,H,0,0,-0.5589055756131087,0.5325129456191384,54.09635252635944,0.7108155345937812
S02725,1,0.3444003349722887,rural,wolof,F,1,0,1.1358119908378483,0.05094852746449422,37.52965900390594,0.8947397404046078
S02726,0,-0.04881690930123746,urbain,wolof,H,0,0,0.361886464303974,0.6599418302311125,48.50132928876976,0.7591807602563178
S02727,0,-0.20411417576207863,rural,wolof,H,0,0,1.050436228132796,0.18949483486866872,36.33140813880896,0.9064983420126052
S02728,1,0.21611468831010705,urbain,français,F,0,0,1.050436228132796,0.1902820284965429,37.878174908251275,0.8925534143850413
S02729,0,-0.7437686797212467,urbain,français,F,1,0,1.1358119908378483,0.0122530388893069,34.23699428359266,0.9085883639370608
S02730,1,0.8880868256925551,urbain,français,F,1,0,0.4625650775900469,0.03543079835996483,40.55858803097049,0.9063082938802278
S02731,1,1.411130409609418,urbain,français,H,0,0,-0.09886818526410894,0.29931699971471537,41.98941607704752,0.7707689970921596
S02732,1,0.6695345942735704,urbain,français,H,0,0,1.050436228132796,0.1970893196214375,39.69103274178491,0.8830965510633257
S02733,0,-0.4975023322537146,urbain,autre,F,0,0,-0.09886818526410894,0.3259513560307081,53.20346198530637,0.7999595777111497
S02734,1,0.132344639116259,rural,autre,F,1,0,1.1358119908378483,0.02981329301831727,33.78558609259433,0.9069138308503142
S02735,0,-0.039480106574569976,urbain,autre,H,0,0,1.050436228132796,0.04898342222663553,42.52098915673335,0.8817468318634502
S02736,1,0.36853272756761596,urbain,wolof,F,0,0,0.4625650775900469,0.15959901067750393,43.40946548733255,0.8886043911676883
S02737,0,-0.9073853066413016,rural,wolof,H,0,1,-0.5950300302811243,0.7204537612022193,35.132456121811785,0.7133203820877263
S02738,0,-1.930949353466882,rural,wolof,F,0,1,-1.7249192939776967,0.5413909144000755,55.70763264387861,0.4282867936297785
S02739,1,1.864175495000444,urbain,wolof,F,0,1,0.5436260064330518,0.5818475542242063,35.44379875741195,0.7900309272294013
S02740,0,-1.8334787170650135,urbain,wolof,H,1,0,-1.961883486465059,0.3622653303373413,61.03533984740864,0.6103130975362554
S02741,0,-0.15973861126567526,urbain,français,H,0,0,1.1358119908378483,0.12808880617038268,36.87984051550837,0.882675462942026
S02742,0,-0.5218521865259734,urbain,français,F,0,1,1.508379536169013,0.47658306512949666,27.004749270442968,0.8624588102928841
S02743,0,-1.3861633875256274,rural,wolof,H,0,0,-1.961883486465059,0.4383115342072077,66.26585039920197,0.5366362972845655
S02744,1,0.6492129438584542,urbain,français,H,0,0,0.361886464303974,0.6613286871636676,55.57293421505129,0.7612450401310005
S02745,0,-0.47245227103701576,urbain,français,H,0,0,-1.961883486465059,0.32639345558567673,52.48863992463613,0.6917887931646438
S02746,1,2.2500460370765945,urbain,autre,H,0,1,-0.6770804424361538,0.06855578114547911,31.8596037991722,0.8038743422626115
S02747,0,-0.7568846208450969,urbain,français,H,0,0,-0.09886818526410894,0.31648378822658,50.71484856501546,0.7706378661697254
S02748,1,0.02266144034491094,rural,français,F,0,1,-1.7249192939776967,0.5130500020124457,48.83756940432218,0.64821952274322725
S02749,0,-0.8833882827550648,urbain,wolof,F,0,0,-0.09886818526410894,0.3424533537373999,44.746526292280144,0.7889263046730463
S02750,1,0.5072967628593626,urbain,français,H,0,0,1.1358119908378483,0,36.17991705835817,0.889498014990074
S02751,1,1.4063326776359393,urbain,français,F,0,0,0.8036427494500231,0.7455507166664812,53.194697453404324,0.7334903092289674
S02752,1,0.24494401118761808,urbain,wolof,F,0,0,1.050436228132796,0.22075452355955108,37.631519290804974,0.8872279586833262
S02753,0,-0.10024669614487186,rural,autre,F,0,0,1.1358119908378483,0.05702472232767387,38.110641337360455,0.900502040116999
S02754,0,-0.6348926038849688,urbain,wolof,F,0,1,-0.6770804424361538,0.05110000463812442,36.72236688480639,0.8175846687081839
S02755,0,-1.1343003781608347,urbain,autre,F,0,0,-0.09886818526410894,0.34282596945532373,48.18008122769063,0.8249621307649475
S02756,1,0.7489914742326191,urbain,français,H,0,0,1.050436228132796,0.10045950600506008,36.00906507730238,0.911818395536836
S02757,1,1.5023887185462068,urbain,wolof,H,0,0,0.4625650775900469,0.09256323602200132,36.58578782715061,0.8749228744145701
S02758,1,1.5053612147181419,urbain,français,H,0,0,-0.09886818526410894,0.30506526423453956,47.33882222212311,0.8420028110260493
S02759,1,0.6744496486761181,urbain,français,H,0,0,0.7594385270695994,0.30366452953099243,43.97502180472095,0.8160148611657174
S02760,1,1.0125702559934848,urbain,wolof,H,0,1,-0.6770804424361538,0.07505199699391388,39.29128181666483,0.83080350081794
S02761,1,0.014161938075444386,rural,wolof,H,0,0,1.050436228132796,0.17616003195559674,39.74754377783952,0.8732683493504664
S02762,1,0.9324910917388273,rural,autre,H,0,0,1.050436228132796,0.2118340301105684,31.470213273971005,0.8745273519279092
S02763,1,0.3424897316609896,urbain,wolof,F,0,0,1.050436228132796,0.2249572890403253,42.66848411976327,0.8805219920339453
S02764,1,0.3155620565893169,rural,autre,F,0,0,0.4625650775900469,0.07466519594000821,45.189210246207715,0.8202909788499289
S02765,1,1.1956086821178782,rural,français,F,0,0,1.050436228132796,0.06673704034004366,31.364779680442375,0.9352321686054268
S02766,0,-1.6225937431921422,urbain,wolof,F,1,0,-0.09886818526410894,0.4246803519797987,43.31560801821246,0.801468221737836
S02767,1,0.6186158346326622,urbain,français,H,0,1,1.508379536169013,0.39919080940252544,37.74224897932024,0.9018131588185052
S02768,0,-0.9232965260903426,rural,autre,F,0,1,-0.5128143979953421,0.5928877368383684,48.41229227461918,0.704094990097119
S02769,0,-0.07631606331672722,rural,autre,H,0,0,0.8036427494500231,0.6700642631590187,50.23922909453401,0.8107049042011374
S02770,1,0.6962503392663132,urbain,français,H,0,1,-0.6770804424361538,0,38.205165356568266,0.8370189095840534
S02771,0,-0.8638550982173818,urbain,français,H,0,0,-0.5589055756131087,0.42730394470438415,52.03922188946359,0.8107708321237325
S02772,1,2.121626893353421,urbain,autre,H,0,0,1.050436228132796,0.1970893196214375,39.69103274178491,0.8830965510633257
S02773,0,-0.15008100041821565,rural,wolof,H,0,0,0.4625650775900469,0.11313252163813636,39.940733278601606,0.8574242170293231
S02774,0,-0.49281104915268126,rural,autre,H,0,1,-0.5950300302811243,0.6979648190137702,33.678546237484944,0.5342885264792973
S02775,0,-0.4248904297521306,rural,wolof,H,0,0,0.4625650775900469,0.11201403830971414,41.49781736299175,0.8465577443765866
S02776,1,0.10957162336291831,rural,français,H,0,1,-0.5950300302811243,0.7212318860351549,51.983036241059374,0.6027686811269246
S02777,0,-0.14079813038906927,urbain,autre,H,0,0,0.4625650775900469,0.01767596426420117,36.38909400265807,0.8688164459090569
S02778,1,0.09215199129564243,urbain,wolof,F,0,0,1.050436228132796,0.19686925561243465,37.15775117933707,0.8015605367451025
S02779,1,0.9935174163481674,urbain,wolof,F,0,0,1.1358119908378483,0,46.78571175931732,0.9167545846683536
S02780,0,-1.711877238948897,rural,autre,F,0,0,-0.4962851679537585,0.8971580308392313,63.47074188758157,0.6147912074881888
S02781,1,1.2797158648642017,urbain,français,H,1,0,0.7594385270695994,0.3676084322856277,40.134388677710845,0.8264780593059237
S02782,0,-0.9754988929219097,urbain,wolof,H,0,0,0.361886464303974,0.7097841962083697,52.356373935294805,0.7224954355556121
S02783,1,0.7994623752781471,rural,wolof,F,0,0,1.050436228132796,0.12531160036050432,38.298233046943594,0.8761309940347923
S02784,1,0.6801573792320301,rural,wolof,H,0,1,1.508379536169013,0.4037146545124525,24.116036204924285,0.8304509783068732
S02785,1,1.3483922272938715,urbain,français,F,0,0,-0.5589055756131087,0.5370909585385952,37.43737547278389,0.624327797614143
S02786,1,0.4690522702018389,urbain,français,H,0,0,-1.961883486465059,0.31095460113764484,65.2152947609298,0.5893251980323254
S02787,0,-1.35329704652685,rural,wolof,F,0,1,-0.5128143979953421,0.7567294776983754,47.76222926401205,0.5936931638974198
S02788,0,-1.2435831037796108,urbain,français,F,0,1,-0.5128143979953421,0.5993596661988351,44.48118221414017,0.6459541394204346
S02789,1,0.2539674194988828,urbain,français,F,0,0,1.050436228132796,0.1777413914745075,40.34230556679898,0.8842222360594497
S02790,0,-0.03395094076774124,urbain,français,H,1,1,0.5436260064330518,0.5655798443634079,32.016339951871274,0.7363044134288299
S02791,0,-1.1320938041847748,rural,wolof,H,0,1,-0.5128143979953421,0.7275738440134243,52.24711747063121,0.5896252198084782
S02792,0,-0.029897264281526763,urbain,wolof,H,0,0,0.7594385270695994,0.2645021780763736,42.77482633206423,0.8513999078636323
S02793,0,-0.4042312794649313,rural,français,H,0,0,-1.961883486465059,0.32115569722059306,50.04120255608377,0.5690590411880396
S02794,1,0.5868206979866218,rural,autre,H,0,1,-0.6770804424361538,0,26.05160591792221,0.7900164070546372
S02795,0,-0.8449622670332014,urbain,français,F,0,1,0.5436260064330518,0.5147925641818041,33.29826162306917,0.7988480063037785
S02796,1,0.25830552887782104,urbain,wolof,F,0,0,-0.09886818526410894,0.419992436748263,41.12876352680341,0.8044332461961972
S02797,0,-0.1457962042956009,urbain,wolof,F,0,0,-0.5589055756131087,0.41929797489895254,56.9782602932309,0.7862439003090957
S02798,0,-0.31811504708513727,urbain,wolof,H,0,1,-1.7249192939776967,0.5933925573844592,51.53596843707267,0.54235165544803
S02799,1,0.21657265747839277,urbain,français,F,0,1,-0.5128143979953421,0.6840491474706649,46.945370456211506,0.5716362164020082
S02800,1,1.2753651028857238,urbain,autre,H,0,1,-0.6770804424361538,0.03028183808659074,35.0400278776362,0.8096969359455612
S02801,0,-0.18144240509256185,rural,autre,F,0,1,-0.5128143979953421,0.7212322584184129,48.18856952167903,0.6432132713488947
S02802,1,0.23515108117404857,urbain,français,H,0,1,-0.6770804424361538,0.06653333030898843,30.446273509913972,0.7759152614368132
S02803,1,0.6299571487191347,urbain,français,F,0,1,-0.6770804424361538,0,27.455173281690964,0.7711128003414461
S02804,1,1.2839933013587885,rural,wolof,H,0,0,1.050436228132796,0.2068608435548825,45.54109548235811,0.8888158850418872
S02805,0,-0.026561988191630075,urbain,wolof,F,0,0,-0.09886818526410894,0.3498165422705039,51.5818403019186,0.7389700443640549
S02806,0,-0.29699974390577,urbain,autre,H,0,0,1.1358119908378483,0.00314594941114683,40.96729899406728,0.8937148986138933
S02807,1,0.33741184122905643,urbain,français,F,0,1,0.5436260064330518,0.4789591535091581,34.966736606941545,0.8222851285288333
S02808,1,0.6020936040875332,rural,wolof,F,0,1,1.508379536169013,0.37447081640062496,30.5365037347499,0.9148034139995392
S02809,1,0.1463147991400922,urbain,wolof,F,0,0,-0.09886818526410894,0.3437128755722031,41.495566816861135,0.8175306086367036
S02810,0,-1.7023244680787093,urbain,autre,F,1,0,0.361886464303974,0.7097841962083697,52.356373935294805,0.7224954355556121
S02811,1,0.3979232746412006,rural,wolof,F,0,1,-1.7249192939776967,0.492868473966297,42.70399416509191,0.5501051538444781
S02812,0,-0.7722657444276154,urbain,wolof,H,0,0,-1.961883486465059,0.2909117190985104,41.51350106378763,0.5930545692809281
S02813,1,0.04834989050824808,urbain,wolof,F,0,0,0.7594385270695994,0.396399930496783,48.56900397868373,0.8567153093943944
S02814,0,-0.3936867209101757,urbain,autre,H,0,0,1.050436228132796,0.10746515387185795,34.32562313546777,0.8800598379060784
S02815,1,0.040799515108645046,urbain,français,F,0,0,1.1358119908378483,0,41.749044972151886,0.8919018563041584
S02816,1,0.14438711600866183,urbain,wolof,H,0,0,1.050436228132796,0.03680710732903312,28.28767154934809,0.9039589019722368
S02817,0,-0.13049619767041243,urbain,français,H,0,1,-0.5128143979953421,0.7559579628988854,41.57183313389392,0.7047863441145318
S02818,1,1.346186385564254,rural,autre,F,0,0,0.8036427494500231,0.6754462033867933,49.888724289648145,0.7530550030425351
S02819,1,0.41866438560982866,urbain,français,H,0,1,-0.5128143979953421,0.7315757619317195,51.42518654855702,0.6084792013933734
S02820,1,0.15347977368824528,urbain,wolof,F,0,0,0.4625650775900469,0.18033628562325335,46.351110101392656,0.8651778262117453
S02821,0,-1.1415821977482294,rural,wolof,F,1,1,-0.5128143979953421,0.6924372458084052,41.20728649942407,0.7158939078225682
S02822,0,-0.7887084730829549,urbain,autre,F,0,0,-1.961883486465059,0.36660970813807336,54.02399482726576,0.5567639404101186
S02823,1,1.0136573200856918,rural,wolof,F,0,0,1.1358119908378483,0.00671007180220289,35.41635529362533,0.9245958787646782
S02824,1,0.25420466653073104,rural,wolof,H,0,1,-0.5128143979953421,0.7710472086750837,44.41147508809493,0.6840391990775848
S02825,1,0.33373259448749487,urbain,autre,F,0,0,0.4625650775900469,0.1097232270595343,43.87855357060233,0.8503164465557577
S02826,1,0.011325469777874497,urbain,français,F,0,1,-1.7249192939776967,0.509614986270132,38.30271950967849,0.6077897292180476
S02827,0,-0.339706040052631,urbain,wolof,H,1,0,1.050436228132796,0.17281076122788436,35.53439626178085,0.8925435197953266
S02828,0,-0.8595561670579897,rural,français,H,0,0,0.8036427494500231,0.6632852654813863,44.53490791850326,0.8057770440271556
S02829,0,-0.43742607811117884,urbain,wolof,F,0,0,0.4625650775900469,0.07066375793139605,39.43498449631951,0.8643199085895988
S02830,1,0.07832012080638409,urbain,autre,F,0,0,0.4625650775900469,0.06806732475922596,33.18312085748559,0.8858584362349079
S02831,0,-0.7504763815528551,urbain,wolof,F,0,0,-1.961883486465059,0.31095460113764484,65.2152947609298,0.5893251980323254
S02832,0,-0.27322220288356674,urbain,wolof,H,0,0,1.050436228132796,0.10279393350176,39.23653009121733,0.868093391538414
S02833,1,0.20846494494555873,urbain,autre,H,0,0,1.1358119908378483,0.09110530087663264,37.71632683244901,0.9059607471608988
S02834,1,1.4171818247886765,rural,autre,H,0,0,-0.09886818526410894,0.3249096389746468,34.59397449715245,0.7701409770783559
S02835,1,0.3256470376439989,rural,wolof,H,0,0,0.8036427494500231,0.6762094342008536,41.09482878192721,0.8276694346392782
S02836,0,-0.32174894475982485,urbain,wolof,H,1,0,-1.961883486465059,0.36567538049880466,61.985429433135835,0.6512237347695897
S02837,1,1.1519634364889049,urbain,français,F,0,1,0.5436260064330518,0.4606223079315,32.80217125927225,0.7853325311195959
S02838,0,-0.3936386781197605,rural,autre,H,0,1,-0.5128143979953421,0.6845476640789294,32.129476432420454,0.6531244044080242
S02839,1,0.4421486754570213,urbain,français,H,0,0,1.050436228132796,0.14947768414121498,43.90435067675417,0.8255014716282962
S02840,1,1.6771131821723355,urbain,wolof,F,0,1,-0.6770804424361538,0.09117926038642868,29.518016485582724,0.7549047635900304
S02841,1,0.1733977758518504,urbain,wolof,F,0,1,-0.5128143979953421,0.7141051464091215,36.813249906398305,0.5997879598876772
S02842,0,-0.56974337609739,rural,français,F,0,0,-0.09886818526410894,0.32332151054089414,42.86945513736359,0.8210651071286866
S02843,0,-0.10757974008444615,rural,autre,H,1,1,0.5436260064330518,0.5578004044814672,42.01187240587553,0.780160320573826
S02844,0,-2.1571098624702216,rural,français,H,1,1,-1.7249192939776967,0.5564098478611555,41.27750020169438,0.4549085303547156
S02845,1,0.692801327902349,rural,autre,F,0,0,1.1358119908378483,0,34.65225306311334,0.8856366321103171
S02846,0,-0.6578846046013065,urbain,autre,F,0,0,1.1358119908378483,0.11892314138975511,37.687318519118726,0.8881673483031874
S02847,1,0.6616207361433102,urbain,français,H,1,0,1.050436228132796,0.13064431148184252,37.85297657894345,0.9063324355744218
S02848,0,-1.5449219604371585,rural,wolof,F,0,0,0.4625650775900469,0.00441227530497582,37.23878870472499,0.8918312061204907
S02849,1,0.07551334080990593,urbain,wolof,F,0,0,0.7594385270695994,0.2670568356957371,40.280370211635024,0.8846383862570812
S02850,1,0.2058182830627752,rural,wolof,F,0,0,1.050436228132796,0.20340319239375357,41.96045310595464,0.8759551978051212
S02851,0,-0.3599575535172463,urbain,français,H,0,1,-0.6770804424361538,0.11629564613864413,38.56806819496444,0.7928435238897846
S02852,1,0.4045543293465602,rural,wolof,H,0,1,-0.5128143979953421,0.6978115045239018,38.5844715235817,0.6088951737188254
S02853,1,0.7516594576823145,urbain,français,H,0,1,-0.6770804424361538,0.04021247140156467,34.45644181493522,0.7983714225225172
S02854,0,-0.11088148224690497,urbain,wolof,F,0,0,1.1358119908378483,0.02357773163540916,39.770390801817264,0.9246103071548104
S02855,1,0.6178311753051435,urbain,français,F,0,0,0.4625650775900469,0.05791012940989092,33.978668964237826,0.8766558311137078
S02856,0,-1.9759302561015084,urbain,autre,F,0,0,-0.09886818526410894,0.3729976495549455,53.077416212799335,0.6664881669112356
S02857,1,0.85883427425218,rural,autre,F,0,0,-0.09886818526410894,0.30871731470316144,50.273615536690265,0.7331873796162738
S02858,0,-1.2996175774408762,rural,autre,H,0,1,-1.7249192939776967,0.6242145799998959,44.589479194122795,0.4584045961230761
S02859,1,1.5017660888423137,rural,wolof,H,0,1,-0.5128143979953421,0.7710472086750837,44.41147508809493,0.6840391990775848
S02860,0,-1.0356770825554018,urbain,français,F,0,1,-0.6770804424361538,0.02844739227508434,28.7125565297822,0.83113588634827
S02861,1,2.393680378477416,urbain,français,F,0,0,1.1358119908378483,0.00945689509474197,35.578160384108415,0.9106692828812296
S02862,1,0.11398029023950243,urbain,wolof,H,0,0,1.1358119908378483,0,40.50797349229687,0.8971428802805054
S02863,1,0.66487184031579,rural,wolof,H,0,0,0.361886464303974,0.6062945965701908,48.084225061960645,0.7452706849216443
S02864,1,0.9083640295916005,urbain,wolof,H,0,1,-0.5128143979953421,0.63696228278265,38.3751240201434,0.6867879770820485
S02865,0,-0.7489486435733045,rural,autre,F,0,1,-1.7249192939776967,0.4806508391472959,48.03059654934325,0.602463903722576
S02866,0,-0.08646174781053037,rural,wolof,F,0,0,1.050436228132796,0.1996247124158308,33.94456323801886,0.8538594320839091
S02867,1,0.9909069943190821,rural,wolof,H,0,1,-0.5950300302811243,0.8382790781368037,36.59377363697334,0.6766839479094506
S02868,0,-0.13405065317945172,rural,autre,H,0,0,-0.4962851679537585,0.9044312433035672,58.889044685777385,0.6949590012618723
S02869,1,0.3135675951297613,urbain,français,H,0,0,1.1358119908378483,0,38.848156268145175,0.9144807601338376
S02870,1,0.6742585490612177,urbain,wolof,H,0,0,1.050436228132796,0.1446672397718133,46.70342436910998,0.8937294501586985
S02871,1,0.2578033697789844,urbain,français,H,1,1,1.508379536169013,0.40005599861024593,43.6423234047201,0.8714904489196522
S02872,1,0.32832433928725197,urbain,français,F,0,1,1.508379536169013,0.4088878880028768,35.38384516353188,0.886088987248136
S02873,0,-0.3884916993879705,rural,autre,F,0,0,1.050436228132796,0.2039199829361431,37.84896044739783,0.887587404322785
S02874,0,-1.4459162062615252,rural,wolof,H,0,0,-0.5589055756131087,0.5551716461543797,59.74960316049061,0.7157081344842178
S02875,1,0.6906242681841767,urbain,français,F,0,1,1.508379536169013,0.3469356114709403,31.303442401832495,0.8697732753833336
S02876,0,-0.6777451509010329,urbain,français,F,0,0,-1.961883486465059,0.249094109752314,70.17339774318046,0.6006758271006416
S02877,0,-0.8243587734623438,urbain,français,F,0,1,-1.7249192939776967,0.5287817322319982,40.89211555447145,0.6277505734898884
S02878,0,-0.17151560749614722,rural,wolof,H,0,1,1.508379536169013,0.4293461018567488,27.12565669246485,0.8882479291265649
S02879,0,-1.888816891755292,rural,wolof,F,1,1,-1.7249192939776967,0.6248046012372405,48.28530332318264,0.5251666780602322
S02880,1,0.29984797811133446,urbain,wolof,H,0,0,1.050436228132796,0.15257329333284111,41.32446985202042,0.8702172957932377
S02881,1,0.0981017092814487,urbain,français,H,0,1,-0.6770804424361538,0.06653333030898843,30.446273509913972,0.7759152614368132
S02882,1,0.7033936417509032,urbain,français,H,0,0,0.7594385270695994,0.30759043294998484,43.01049931681246,0.856031518019248
S02883,0,-0.5299350684954801,urbain,français,F,0,1,0.5436260064330518,0.5291964091608355,58.25933396859851,0.7904399973389249
S02884,0,-0.09059063446207753,urbain,wolof,H,0,1,-0.6770804424361538,0.13258751017569004,36.35986966874914,0.8211359606736697
S02885,0,-0.7147573963894516,urbain,français,H,1,0,1.050436228132796,0.10279393350176,39.23653009121733,0.868093391538414
S02886,0,-0.4527779392295207,rural,wolof,H,0,1,-0.5128143979953421,0.5867456406041905,33.76332710939049,0.6437041726838809
S02887,0,-0.08439375723528268,urbain,autre,F,0,0,1.050436228132796,0.15905480593137936,37.74410915540046,0.892113720880218
S02888,0,-0.3501967508306664,urbain,français,F,0,0,1.1358119908378483,0.00959004311372944,37.74435202255409,0.8950457704151109
S02889,0,-0.9186223276222248,urbain,wolof,F,0,1,-0.6770804424361538,0.03996370999983835,40.279714559760286,0.736073280059921
S02890,0,-1.2310504078605435,rural,wolof,H,0,0,-1.961883486465059,0.28703095383416344,56.34080650139264,0.6217431563192473
S02891,1,1.0822746214083154,urbain,français,F,0,1,-0.6770804424361538,0.00932156283251959,41.344692391017944,0.8085221636965846
S02892,1,0.38386077521554934,urbain,autre,F,0,0,1.1358119908378483,0.00959004311372944,37.74435202255409,0.8950457704151109
S02893,1,1.4419362948766072,urbain,français,F,0,0,0.4625650775900469,0.01186021400408979,35.56466820316681,0.8943317009473806
S02894,0,-0.5023951691153138,rural,autre,F,0,1,-1.7249192939776967,0.5369371476616015,43.78752869627349,0.5523727600452342
S02895,0,-0.5563466576448072,urbain,français,H,0,0,-0.5589055756131087,0.4967061887449271,54.36485565668799,0.7107541482518748
S02896,1,0.24327058131879897,urbain,wolof,H,0,0,0.8036427494500231,0.6786869185851926,45.4859209355842,0.769601237776089
S02897,1,1.029517884623291,urbain,français,H,0,1,-0.6770804424361538,0.06781667031791011,33.95922092739853,0.7744890057806258
S02898,1,0.41287801486933745,urbain,français,H,1,0,0.4625650775900469,0.02844062319499572,45.5585406168821,0.8626964326507287
S02899,0,-0.9020611761850034,urbain,français,F,0,0,-1.961883486465059,0.2236695746217723,53.449294987250425,0.63525365392126
S02900,0,-0.6555376035121949,urbain,wolof,F,0,0,0.4625650775900469,0.08301894548712856,34.49657204856076,0.8885311056571958
S02901,1,0.8488569513952232,urbain,wolof,H,0,0,1.1358119908378483,0.07201266338752471,41.76816077143502,0.9297611195526676
S02902,0,-0.5756495337358379,urbain,wolof,F,0,0,1.1358119908378483,0,34.90697989298477,0.9423560205316092
S02903,0,-0.820401154652229,rural,wolof,F,0,0,0.7594385270695994,0.4023124156961587,46.58111685382932,0.8462024397433081
S02904,1,1.1784333309729278,rural,wolof,F,0,1,1.508379536169013,0.3812695150352554,32.12300757488108,0.9080506947608502
S02905,1,0.17220289333693584,urbain,français,H,0,1,-0.5128143979953421,0.5993596661988351,44.48118221414017,0.6459541394204346
S02906,1,1.2563921786265075,urbain,français,H,0,0,0.4625650775900469,0.02904957294976578,33.450293578056915,0.9014120744372872
S02907,0,-0.7920635945555847,urbain,wolof,F,0,0,0.7594385270695994,0.26025762195437435,35.00352048789617,0.8713884835267558
S02908,1,0.2227809780319075,rural,wolof,H,0,1,-0.5950300302811243,0.6806752527513815,38.17119300382838,0.6239049811292311
S02909,0,-0.8258503649097815,rural,autre,F,1,0,0.4625650775900469,0.0073210728693226,40.175427608932026,0.8309567296542151
S02910,1,1.438108584045734,urbain,français,H,0,0,0.4625650775900469,0.0774684427971745,37.39741323442412,0.8522948694338375
S02911,1,1.0080947454366809,urbain,wolof,F,0,0,1.050436228132796,0.1383040478127396,31.631298151693414,0.8705311539185389
S02912,0,-0.3234389592607995,rural,wolof,F,0,0,-0.09886818526410894,0.33789697915862704,44.613405359393454,0.7758162320356398
S02913,0,-0.32527552003293775,rural,wolof,H,0,1,0.5436260064330518,0.5942319386905821,34.67501044502819,0.7777943857320145
S02914,1,1.1292797612042964,rural,wolof,H,0,0,1.050436228132796,0.1961355694842776,37.951046330762416,0.9123070286581888
S02915,0,-0.3817463882310129,rural,wolof,F,0,1,-0.5950300302811243,0.6814149508291023,44.86834879152424,0.6278936890625912
S02916,1,0.8112535097994524,rural,autre,H,0,0,-1.961883486465059,0.2748804418118773,56.07052319205349,0.6155457552807184
S02917,1,0.5614084119896878,urbain,français,F,0,0,1.050436228132796,0.08566237491686703,33.16960239538669,0.915071783452524
S02918,0,-0.19646175778990765,rural,wolof,H,0,0,-0.4962851679537585,0.9126883362485196,72.87149441741664,0.5262942337538559
S02919,0,-1.3525588996611093,urbain,autre,H,0,0,-0.4962851679537585,0.8952743598106219,69.076888889034,0.589923166821969
S02920,0,-0.4976691706237648,urbain,français,H,0,1,-0.6770804424361538,0.01648850369397184,34.75921705064726,0.7559827551351559
S02921,0,-0.9181557679336564,urbain,français,H,0,0,-1.961883486465059,0.22547153486138805,54.23920222941309,0.6658455475743347
S02922,0,-0.707477225652658,rural,wolof,H,0,0,0.361886464303974,0.6234143483428611,59.157143762559585,0.7378091807521114
S02923,0,-0.06498178507867487,urbain,français,F,0,0,1.050436228132796,0.13255019274133978,35.76346066122654,0.9000509770661538
S02924,1,0.08324384023386369,urbain,français,F,0,0,0.8036427494500231,0.7721257207026109,44.746499892898875,0.811309526496569
S02925,1,0.04963940528543407,urbain,français,H,0,0,0.8036427494500231,0.7926518205645794,59.63914261287886,0.7484289544268933
S02926,0,-0.709374871783107,rural,wolof,H,0,0,-0.4962851679537585,0.9320845482466568,59.50369928541654,0.6225589516215283
S02927,0,-0.03728168752764749,urbain,français,H,0,0,0.7594385270695994,0.3036007987136049,48.29430464032033,0.8880207036621104
S02928,0,-1.612046945515561,rural,wolof,F,1,0,-0.09886818526410894,0.3493026718119098,45.211615073293366,0.8416137055615908
S02929,1,0.7904500361487228,rural,wolof,F,0,1,1.508379536169013,0.4202414419219904,32.36036497525286,0.893330093113435
S02930,1,1.0771610738126263,urbain,français,H,0,0,0.4625650775900469,0.07442446544944716,41.52676122420285,0.8714002477833998
S02931,0,-1.6501538261073265,rural,wolof,H,0,0,-0.4962851679537585,0.8498839669182071,74.75932185121216,0.5758480881228651
S02932,0,-1.0816908778848047,rural,wolof,F,0,1,-0.5950300302811243,0.6473938271739846,50.11791611801012,0.7174724562789028
S02933,1,0.9930295643392582,urbain,autre,H,0,1,1.508379536169013,0.4156497624080778,33.19478425771541,0.9005574121158803
S02934,1,0.27078880526245525,urbain,wolof,F,0,0,1.050436228132796,0.17718248890168278,46.88791318688051,0.8886576903391343
S02935,0,-0.29848573265054257,rural,wolof,H,0,0,1.050436228132796,0.18001295487046,43.56433659758507,0.8763071459018132
S02936,1,0.6164273646445382,urbain,wolof,H,0,0,1.1358119908378483,0,31.788770637710027,0.9230860146647032
S02937,0,-1.0747312825322675,urbain,français,H,0,0,-1.961883486465059,0.3034267757884605,59.73105700403352,0.6098887432858837
S02938,0,-0.537829099532834,rural,wolof,F,0,1,-1.7249192939776967,0.5309793651764432,39.918536754494575,0.6702475313548378
S02939,0,-1.5115909667195546,urbain,wolof,F,0,0,-0.5589055756131087,0.3923684029177133,49.69654385322206,0.7260434905994616
S02940,0,-1.2470732167647718,urbain,wolof,H,0,1,-1.7249192939776967,0.577404105476174,55.005116679881795,0.5575842221028068
S02941,0,-0.7111061020043725,urbain,français,H,1,1,1.508379536169013,0.44950605829253715,32.94124913666708,0.8962364574609416
S02942,1,1.0271234773583784,urbain,wolof,F,0,1,-0.6770804424361538,0.07505199699391388,39.29128181666483,0.83080350081794
S02943,1,0.05054204467693742,urbain,français,F,1,0,0.4625650775900469,0.05482108396576038,46.16271296715207,0.8414295336445834
S02944,0,-0.37342172036764115,rural,français,F,0,0,0.8036427494500231,0.7238839243017409,48.760769868943584,0.7310820072405162
S02945,1,0.2709004897117822,rural,autre,F,0,1,-0.6770804424361538,0.13942160557887723,34.26075944509305,0.8175374535806168
S02946,0,-0.5776046037294595,urbain,autre,H,0,0,0.4625650775900469,0.12400281852679268,49.43539785835183,0.865305775076557
S02947,1,0.3680254608473743,urbain,français,H,0,1,-0.6770804424361538,0.08730782448313794,37.310639895090326,0.8004784136801346
S02948,1,0.3262072460886108,urbain,wolof,H,0,0,-0.5589055756131087,0.4794841544243476,55.60574432826484,0.6314149548065474
S02949,1,1.7390525183999053,urbain,wolof,H,0,1,1.508379536169013,0.3469356114709403,31.303442401832495,0.8697732753833336
S02950,0,-1.113727780344764,urbain,français,H,0,1,-0.5950300302811243,0.8450529661970547,54.52941052663515,0.6215652476219883
S02951,0,-0.06441023941466435,rural,wolof,F,0,0,1.1358119908378483,0.0702509300265238,52.59721018605488,0.9335356538981862
S02952,1,0.13504474417460113,rural,autre,H,0,1,-0.5128143979953421,0.641047214791329,46.65405725189801,0.7633560414415277
S02953,1,0.3087116849809145,urbain,français,H,0,0,-0.09886818526410894,0.3870356471069823,47.620493850065856,0.7633498461877141
S02954,0,-0.4685980650328369,urbain,wolof,F,0,1,-1.7249192939776967,0.509614986270132,38.30271950967849,0.6077897292180476
S02955,1,1.425288677959696,urbain,wolof,F,0,0,0.7594385270695994,0.35558282498362226,42.128893451422606,0.8536701825489642
S02956,0,-0.5356606810300266,rural,français,F,0,0,-0.4962851679537585,0.8866034121305555,57.7836513847807,0.6784554116338894
S02957,0,-0.7655927040322809,rural,autre,H,0,0,0.8036427494500231,0.6580741694439027,53.333382196859674,0.8167628351594848
S02958,0,-1.440455677741704,rural,autre,H,0,0,-1.961883486465059,0.26761949729093026,54.13448070397127,0.5957814676230251
S02959,0,-0.4462692385789063,urbain,français,H,0,0,0.7594385270695994,0.3011275523466449,39.30075558620434,0.8523815243712529
S02960,1,1.15784395651478,urbain,français,H,1,0,1.1358119908378483,0.01938131513768611,35.290413849086455,0.8866033764418076
S02961,0,-1.07395482335743,rural,autre,H,1,1,-0.5128143979953421,0.6453726832647585,38.22394638727098,0.6121534920029332
S02962,0,-0.05646679469005439,rural,wolof,F,0,1,-1.7249192939776967,0.6248046012372405,48.28530332318264,0.5251666780602322
S02963,1,1.1506053616142777,urbain,français,H,0,0,0.361886464303974,0.6030634836246601,48.4424842411943,0.7550690920291462
S02964,0,-0.2229061535427051,rural,autre,F,0,1,1.508379536169013,0.37111186039315336,27.1018635885065,0.8836802928464612
S02965,1,0.44127144380827577,urbain,français,H,0,0,1.050436228132796,0.13064431148184252,37.85297657894345,0.9063324355744218
S02966,0,-0.5303677068262174,urbain,wolof,H,1,0,1.1358119908378483,0.01382697015066569,33.051883565313425,0.9052625106613712
S02967,1,1.0207772977015381,urbain,français,H,0,0,1.1358119908378483,0.14689741088926256,39.78579983451255,0.9138069702595673
S02968,0,-1.8798793534831506,urbain,autre,H,0,0,-1.961883486465059,0.26372284499500276,54.47629357012247,0.5486733203068749
S02969,1,1.1602533664813997,urbain,autre,F,0,0,1.1358119908378483,0.0291205347919765,35.81967127994907,0.9204619470822482
S02970,1,0.8102836062788571,urbain,wolof,H,0,0,1.050436228132796,0.20751439821020365,43.290589631706936,0.8832529575492393
S02971,1,0.3219344457363696,rural,wolof,H,0,0,-0.09886818526410894,0.38021773744721293,47.14966419751301,0.7702837065720517
S02972,0,-0.4081906681523332,urbain,français,F,0,1,1.508379536169013,0.5700571081778864,31.27651945726007,0.8619744192650401
S02973,0,-0.42711115690573564,rural,wolof,H,0,1,-0.6770804424361538,0,26.05160591792221,0.7900164070546372
S02974,0,-0.5145719831831782,rural,autre,F,0,0,0.4625650775900469,0,38.789512782636486,0.8966069717618993
S02975,1,0.7607038421295621,urbain,wolof,H,0,0,0.4625650775900469,0.08387053193615845,40.39883048697628,0.8666140410896138
S02976,1,1.5125457580606818,urbain,wolof,F,0,1,-0.6770804424361538,0.0451004309343611,33.3094371972029,0.787498910968235
S02977,1,0.054971706376078934,rural,wolof,H,0,1,-0.5950300302811243,0.8187648809556562,43.87769533644156,0.5552505503334797
S02978,1,0.5874567431700949,rural,wolof,H,0,0,-0.4962851679537585,0.8156235187821074,50.08499708235456,0.7864546881814249
S02979,0,-0.6687459169407818,rural,autre,H,0,0,0.8036427494500231,0.7261617672676097,53.93142364702072,0.7355123836938182
S02980,1,0.8983142523538492,urbain,wolof,H,0,0,0.7594385270695994,0.2311955778125458,48.458872453426054,0.8655350199678453
S02981,1,0.2471297329989858,rural,wolof,H,1,0,1.1358119908378483,0.10283676459510128,34.725986998515516,0.9180052508623858
S02982,1,0.8128787823529324,rural,français,H,0,1,-0.5950300302811243,0.800264377709209,47.64286048559307,0.5144183556234754
S02983,0,-0.8852988651048682,urbain,wolof,H,0,0,1.1358119908378483,0.09339157588255502,34.995208593333885,0.8981565891132564
S02984,1,0.4387552757610295,rural,wolof,H,0,0,1.050436228132796,0.18168733930920417,46.473314030137274,0.8351484718030556
S02985,0,-0.042256362062449954,urbain,français,H,0,1,1.508379536169013,0.4312964124231685,26.773210765235067,0.8611151943673121
S02986,1,0.24812665998305153,rural,français,F,0,0,0.8036427494500231,0.5927835225528331,56.313357057331345,0.8110510986971371
S02987,0,-0.447902055700123,rural,wolof,H,0,0,-0.4962851679537585,0.9126883362485196,72.87149441741664,0.5262942337538559
S02988,0,-1.879893124638108,rural,wolof,F,0,0,-0.5589055756131087,0.46315611148357566,58.85364588225677,0.6756896010575284
S02989,0,-0.7597465323497126,urbain,wolof,F,0,0,0.7594385270695994,0.29019938698164033,33.94667681647653,0.8308525992560915
S02990,0,-5.926917782337666e-4,urbain,français,H,0,0,0.7594385270695994,0.2759636930261,42.79325929553812,0.823663815555122
S02991,1,0.5871541420382069,rural,autre,F,0,0,1.1358119908378483,0,39.03180483229412,0.8860217166700879
S02992,1,0.461328777288774,urbain,français,H,0,0,1.050436228132796,0.05940895592456478,29.530421470649515,0.8852810895837435
S02993,0,-1.0470378605053885,urbain,français,F,0,1,-0.5950300302811243,0.7016652697532908,38.335113645060886,0.6139316787541079
S02994,0,-0.0944485128845465,rural,autre,H,0,1,0.5436260064330518,0.4704127543780917,31.04154787098583,0.8350477520152457
S02995,0,-1.9253065618790202,urbain,français,F,0,0,-0.5589055756131087,0.37349921377469,50.84179023492123,0.6750835810135881
S02996,1,1.4057282489280367,urbain,français,H,0,1,-0.6770804424361538,0.02799628495780789,30.525222083203477,0.7973251617313412
S02997,1,0.9166155791422163,urbain,français,F,1,1,-0.6770804424361538,0.11841621383668548,37.22543807404151,0.7546529939545635
S02998,0,-1.4097534858558025,rural,autre,H,0,1,-1.7249192939776967,0.5109832962245309,42.86163396014874,0.5869673096894908
S02999,0,-1.92737874433754,urbain,wolof,H,0,0,-1.961883486465059,0.2958769860324923,54.02154438781826,0.5723994467292355
S03000,0,-1.0879287035838994,urbain,autre,H,0,1,-0.6770804424361538,0.03756214961391504,30.471745089396737,0.7997157847423599
S03001,1,1.056978371550194,urbain,autre,H,0,0,1.050436228132796,0.13070694709028338,39.5211661142377,0.8908780195868402
S03002,0,-0.09162518367207223,rural,autre,F,0,0,-0.09886818526410894,0.4046931556738288,40.347854751454115,0.7815353789696973
S03003,0,-0.267953292917155,rural,wolof,H,0,1,-0.5950300302811243,0.7623208275127163,48.845850131913345,0.5318027435858274
S03004,0,-0.1627504247189773,urbain,wolof,H,0,1,-0.5128143979953421,0.7705088656665211,37.865739168265335,0.6191801061759974
S03005,1,0.16722445913001338,rural,autre,H,0,0,-0.5589055756131087,0.4275445527482096,50.09058924790145,0.7040949482352381
S03006,1,0.11794925206660634,urbain,wolof,F,0,0,-1.961883486465059,0.32043202425955375,58.133483581979654,0.6130953232716008
S03007,1,1.4550796898648548,urbain,français,H,0,1,1.508379536169013,0.353533545960631,35.14239638141574,0.9043088322263934
S03008,0,-0.2046603922567766,rural,autre,H,0,1,0.5436260064330518,0.5262532308890256,36.26628609191015,0.825399054517547
S03009,1,0.2537248826870591,urbain,wolof,H,1,1,-0.5128143979953421,0.5993596661988351,44.48118221414017,0.6459541394204346
S03010,1,0.011855844483798849,urbain,français,H,0,0,1.1358119908378483,0.05558342716566462,32.07754648229814,0.8877485073090388
S03011,0,-0.7219383871700817,urbain,wolof,H,0,0,-0.5589055756131087,0.4994428779223185,59.902976372839845,0.7494154053436556
S03012,1,0.7758416435658748,urbain,français,H,0,0,0.8036427494500231,0.7926518205645794,59.63914261287886,0.7484289544268933
S03013,1,0.8365561994901933,urbain,français,F,0,0,1.1358119908378483,0.10062672256011182,39.18574644206522,0.905021317980546
S03014,0,-0.4662067342854219,urbain,français,H,0,0,-1.961883486465059,0.3667993718300264,61.74341463518388,0.6703836000142855
S03015,1,0.7255873911555843,urbain,wolof,H,0,1,-0.6770804424361538,0.05110000463812442,36.72236688480639,0.8175846687081839
S03016,1,0.4263424927400234,urbain,français,F,0,0,1.050436228132796,0.15169925257129388,40.202927633866835,0.8879669035371379
S03017,1,0.12692598010256712,urbain,français,F,0,0,-0.09886818526410894,0.29931699971471537,41.98941607704752,0.7707689970921596
S03018,1,0.17206319912565507,urbain,français,H,0,0,-1.961883486465059,0.2728736755166916,59.99546059174233,0.5790155586659149
S03019,1,0.4518117361947622,rural,français,F,0,0,-0.5589055756131087,0.48139339417530047,57.07783881328571,0.6486007787267666
S03020,1,0.19467633963109235,urbain,français,F,0,0,1.1358119908378483,0.00268225482234961,33.09383428796219,0.90476551813611406
S03021,0,-1.2024966669013852,rural,wolof,F,0,1,-0.5950300302811243,0.7818855501638536,46.78070434667797,0.6220676653466667
S03022,0,-1.2227021487168166,urbain,wolof,H,1,1,-0.6770804424361538,0.04092169456835735,38.58997979991758,0.7381929927916119
S03023,0,-0.839509847520754,urbain,français,F,0,1,1.508379536169013,0.47780208912822125,29.065913469932237,0.8915724441641721
S03024,0,-1.9248281366345583,urbain,français,H,0,0,-1.961883486465059,0.23525115587490625,46.92310080404454,0.6282789901777008
S03025,1,0.48443782385930523,urbain,français,H,0,0,-0.09886818526410894,0.3870356471069823,47.620493850065856,0.7633498461877141
S03026,1,0.19976251241691712,urbain,français,H,0,1,-0.5950300302811243,0.8047711528015766,34.0355191919113,0.5648580253704943
S03027,0,-0.6455082820710436,rural,wolof,F,0,0,0.361886464303974,0.7331945415039142,56.91755127348199,0.8346125127672985
S03028,1,1.5518277839419208,rural,wolof,H,0,0,1.050436228132796,0.19395870963867576,34.63418023898962,0.8987433469905886
S03029,1,0.9660790182644361,urbain,wolof,F,0,0,1.050436228132796,0.10435350339359133,41.26800472228254,0.8977822515062837
S03030,1,0.9587309337662571,rural,français,F,0,0,0.4625650775900469,0.04993727635488332,43.7574354670407,0.934805319642817
S03031,1,0.7852082240362015,urbain,français,H,0,0,1.050436228132796,0.22075452355955108,37.631519290804974,0.8872279586833262
S03032,1,0.6721644388458677,urbain,français,F,0,0,1.050436228132796,0.05307228005914005,35.41624205864209,0.9037948469985726
S03033,1,0.4862180973481448,rural,wolof,F,0,1,-0.5950300302811243,0.7389924708874627,44.106679628832715,0.6564380977034234
S03034,1,0.5376561357655801,urbain,français,H,0,0,0.4625650775900469,0.04323296345700069,42.713296640537024,0.914189958764897
S03035,1,2.079983873709851,urbain,français,H,0,0,1.050436228132796,0.1384457433244718,32.18974912532657,0.920414360414652
S03036,0,-0.21416969409192851,urbain,français,H,0,0,1.050436228132796,0.1633589928999536,40.13592039324104,0.850560469361733
S03037,0,-1.189982588428344,rural,wolof,H,0,1,-1.7249192939776967,0.4956133567512652,40.06537885681149,0.5532639699027686
S03038,1,0.28532859439153957,rural,wolof,H,0,1,-0.5950300302811243,0.7301503197821059,55.7611253344545,0.6514888622175683
S03039,1,1.260168085639496,urbain,français,H,0,0,1.050436228132796,0.11802946930309256,38.17943408306373,0.9204512548168964
S03040,1,0.4373978580598931,urbain,wolof,H,0,0,-0.5589055756131087,0.4967061887449271,54.36485565668799,0.7107541482518748
S03041,1,0.7186276744983991,urbain,wolof,F,0,0,0.4625650775900469,0.01767596426420117,36.38909400265807,0.8688164459090569
S03042,1,1.277178555029606,urbain,autre,H,0,0,1.1358119908378483,0.01938131513768611,35.290413849086455,0.8866033764418076
S03043,1,0.2908300751177053,urbain,wolof,H,0,0,-0.09886818526410894,0.34213251789406157,42.67559513136121,0.7664207899072575
S03044,0,-0.6493275647093472,rural,autre,F,1,0,-0.09886818526410894,0.33793805424030265,46.751955340885985,0.7515840736786878
S03045,1,1.5254739768121572,urbain,français,H,0,0,1.1358119908378483,0.1087556541242734,28.776246060702203,0.8735324226840704
S03046,0,-1.3097486356980124,urbain,français,H,0,0,-0.5589055756131087,0.5325129456191384,54.09635252635944,0.7108155345937812
S03047,1,1.2463039196544181,urbain,autre,H,0,0,1.1358119908378483,0.12873265500451075,35.96963606022211,0.9014365403993408
S03048,1,1.106216590703059,rural,wolof,F,0,0,0.4625650775900469,0.0796301524098039,45.0131590903479,0.8816158143572408
S03049,0,-0.9021508898705837,rural,autre,H,1,0,-0.5589055756131087,0.385073133880568,48.624413638884754,0.7140271408319211
S03050,0,-1.4426663122008836,rural,autre,F,1,1,-1.7249192939776967,0.47257530291133737,38.31752008416252,0.523713905216005
S03051,1,0.5710609676194924,urbain,français,F,0,0,-1.961883486465059,0.3034267757884605,59.73105700403352,0.6098887432858837
S03052,1,1.042719646995049,rural,français,H,0,0,0.7594385270695994,0.3095512478334106,44.458584673619555,0.8472307334518627
S03053,0,-0.37272718853536774,urbain,français,F,0,0,0.7594385270695994,0.286405148247987,43.654714785456214,0.8530603231134994
S03054,1,0.10835975601865651,urbain,français,F,0,1,-0.6770804424361538,0.09117926038642868,29.518016485582724,0.7549047635900304
S03055,1,0.4004219082880802,urbain,français,F,1,1,-0.5950300302811243,0.8160950993415477,41.76215687505671,0.5982593719085514
S03056,0,-0.1365411559695745,rural,wolof,F,0,0,1.050436228132796,0.18622012462133963,35.11017462646837,0.8905886292411366
S03057,0,-1.6363686848371723,rural,wolof,F,0,1,-1.7249192939776967,0.6024465874954554,51.368709563008494,0.6224508786850957
S03058,0,-0.07053591278580618,urbain,français,H,0,0,-0.5589055756131087,0.48452069301230694,63.861572154385755,0.7305278786394835
S03059,1,0.6149676471923454,urbain,français,H,0,0,0.8036427494500231,0.6172574895995391,52.08904459099543,0.8583037120395616
S03060,1,0.29636279251708053,urbain,français,H,0,0,1.050436228132796,0.1926468318702469,33.98702540600993,0.8669831234016746
S03061,0,-0.07064833823240259,urbain,français,H,0,0,1.1358119908378483,0,37.665057464030774,0.8972214507189056
S03062,1,1.010990346601732,rural,wolof,H,0,1,1.508379536169013,0.3996876095353746,32.0602418453502,0.8337971805694877
S03063,0,-0.5875643125385409,rural,autre,H,0,1,-0.5950300302811243,0.8210868942776307,39.5895756697519,0.6427146080408795
S03064,1,0.03866533654540785,rural,autre,F,0,1,-0.6770804424361538,0.08354140262258963,36.85031228468269,0.7939228946357324
S03065,1,0.6469638684732646,rural,autre,H,0,0,0.7594385270695994,0.32202875418713156,37.48216495712729,0.8260718169629107
S03066,0,-1.2061444855003807,urbain,wolof,H,0,0,1.050436228132796,0.1432825685153965,39.25570072274997,0.8984344841778354
S03067,1,1.0087053470446945,urbain,wolof,F,0,1,-1.7249192939776967,0.5537091306924539,38.29459400177853,0.5627375943672944
S03068,1,0.6550188456054323,urbain,français,F,0,0,-0.5589055756131087,0.5092408695193454,48.92202465485615,0.6199641668062523
S03069,1,0.12428882159060084,urbain,autre,H,0,0,0.4625650775900469,0.1465809304346129,39.542466639486705,0.8446502894437553
S03070,0,-0.2597290961071775,urbain,français,H,0,0,-0.09886818526410894,0.3156490146259181,42.60219678491879,0.7562677631335551
S03071,0,-1.0583849510683192,urbain,wolof,H,0,0,-1.961883486465059,0.26372284499500276,54.47629357012247,0.5486733203068749
S03072,1,0.30780763405514727,urbain,wolof,H,0,0,0.8036427494500231,0.6750212937423651,57.96780209768487,0.7399243619422144
S03073,0,-1.4565516352416294,urbain,français,F,0,0,-1.961883486465059,0.269935773913706,49.23035919870492,0.62112388075348
S03074,1,0.5763431868155485,urbain,français,H,0,0,0.7594385270695994,0.2891866332554818,34.94496963255896,0.8480833790983804
S03075,0,-0.0018942671672445993,urbain,français,F,0,1,-0.5128143979953421,0.5634149667345347,36.95547753380792,0.6702385263460958
S03076,0,-0.8288058654456153,urbain,wolof,H,0,0,-0.09886818526410894,0.3211662518857979,47.430105868611264,0.7759381502086695
S03077,1,0.7038811942585865,urbain,autre,F,0,0,0.7594385270695994,0.24100339005592267,43.66343338678082,0.8847706043215716
S03078,1,0.40929221505365354,urbain,wolof,H,0,0,-0.09886818526410894,0.3579231309357554,52.48954771576417,0.7901706371196608
S03079,1,0.10255450052720441,urbain,français,F,0,0,1.050436228132796,0.16460561094230025,40.41502908034972,0.9247007810344668
S03080,1,0.22170015233808427,urbain,wolof,H,0,0,0.7594385270695994,0.26894770829761766,34.87711866378941,0.8565312530498586
S03081,1,0.021043180839958295,urbain,autre,F,0,0,1.050436228132796,0.1643748545289538,31.01117861340258,0.8977930394988133
S03082,1,0.7486130844604992,urbain,wolof,H,1,0,0.8036427494500231,0.6416911265292431,38.664727703328865,0.769130100305793
S03083,1,1.4709222612446227,rural,wolof,H,0,0,0.8036427494500231,0.663470788417149,48.64787377642981,0.8190463816728203
S03084,0,-0.6330891781962684,rural,français,H,0,0,-1.961883486465059,0.36380338062389184,62.28892071732136,0.5235771292078272
S03085,1,0.1996996231502665,urbain,autre,F,0,1,-0.6770804424361538,0,33.16741445599451,0.7638360113365962
S03086,1,1.4467261720691715,rural,français,F,0,1,1.508379536169013,0.3641329902657884,32.42727298988548,0.8559544776806739
S03087,1,0.9691178138878429,urbain,wolof,H,0,0,1.050436228132796,0.1936994294768704,33.938259784792635,0.8943041739433076
S03088,0,-0.4830353871916217,urbain,wolof,F,0,0,1.050436228132796,0.2701965654574703,40.15419203076327,0.8974205173395075
S03089,1,0.24774090757289047,urbain,wolof,H,0,0,1.1358119908378483,0.02680181728933527,30.15577724970213,0.9222577027734012
S03090,1,0.8318708511455508,urbain,français,H,0,1,0.5436260064330518,0.5233424487102232,35.95816719080331,0.7685565864901861
S03091,1,0.9918346452084557,urbain,wolof,H,0,1,1.508379536169013,0.3264116824562819,30.217106449027508,0.8784278665980897
S03092,1,1.6487085618346935,urbain,wolof,F,0,0,1.1358119908378483,0.14098376870190535,35.577658864486324,0.8618303330594157
S03093,1,0.6587142819592519,urbain,autre,F,0,1,-0.6770804424361538,0,34.647769963467,0.8347100077274161
S03094,0,-0.09762845031930695,urbain,autre,F,0,0,-1.961883486465059,0.25316592528245385,56.61602831016353,0.5220697982364697
S03095,1,1.6530479744972149,rural,wolof,H,0,0,0.4625650775900469,0.05257572614716958,39.0232683497481,0.8548366815519963
S03096,1,0.2124284818578706,urbain,wolof,F,0,1,-0.6770804424361538,0.06653333030898843,30.446273509913972,0.7759152614368132
S03097,1,1.0238314334300478,rural,wolof,H,0,0,-0.09886818526410894,0.407196355479178,51.71366280882015,0.7987072675460203
S03098,1,0.0796720328350343,urbain,autre,F,0,0,0.7594385270695994,0.2988816238224084,47.03851537983142,0.8538162670527474
S03099,0,-1.3055238411953856,urbain,wolof,H,0,0,-1.961883486465059,0.34194059683403394,59.477435392529145,0.5577599782130915
S03100,0,-0.20798561569657584,rural,wolof,H,1,0,0.361886464303974,0.5638933620928688,54.713182823213984,0.8116755597412478
S03101,1,0.6879498563615042,urbain,wolof,H,0,0,0.4625650775900469,0,44.69272317758403,0.8768022540320018
S03102,0,-0.2942744576057198,rural,wolof,H,0,1,-0.6770804424361538,0.09965090071325532,29.0025244337751,0.7826132818821608
S03103,0,-0.2453687409101282,rural,wolof,F,0,0,0.8036427494500231,0.6539279063258566,49.48685878207979,0.6942599895594569
S03104,1,0.023406936684973147,urbain,wolof,H,0,0,0.4625650775900469,0.0157433971635118,36.06609633065623,0.8577485918334296
S03105,1,0.6832052558535509,urbain,français,H,0,0,0.7594385270695994,0.2658011998926215,41.37468614260606,0.8688594584718251
S03106,0,-0.27252733201529267,urbain,autre,F,0,0,0.361886464303974,0.6030634836246601,48.4424842411943,0.7550690920291462
S03107,0,-1.9258985952554801,urbain,wolof,H,0,0,-1.961883486465059,0.3402387888871432,59.76960425474697,0.515152595386027
S03108,1,0.16915851837896653,rural,wolof,F,0,0,-0.5589055756131087,0.43100543081192894,52.66638464035781,0.7198560458207196
S03109,1,1.5124149494943429,urbain,français,F,0,0,-0.09886818526410894,0.3946946761505677,51.88972044967004,0.793313070110222
S03110,0,-0.34496167218514395,urbain,français,F,0,1,1.508379536169013,0.4204329463845165,29.744972305067787,0.8791639523994164
S03111,1,1.1798684603287737,urbain,wolof,H,0,0,0.7594385270695994,0.286405148247987,43.654714785456214,0.8530603231134994
S03112,1,1.3733291154124778,urbain,français,F,0,0,1.1358119908378483,0,34.60713654407497,0.924107306850254
S03113,1,0.39933047447598413,urbain,français,H,1,0,0.7594385270695994,0.30366452953099243,43.97502180472095,0.8160148611657174
S03114,1,1.3635334517278217,rural,français,F,0,0,0.8036427494500231,0.6641731426172538,52.04597846671003,0.7372286793930652
S03115,1,0.5621941267383229,urbain,français,H,0,0,0.361886464303974,0.6255732811880221,50.00338252881608,0.7346291663960747
S03116,0,-0.017802428193364174,urbain,français,F,0,0,1.1358119908378483,0.05922358204892926,42.99711280880656,0.8741369528072199
S03117,1,0.9929258333372641,urbain,français,H,0,0,1.050436228132796,0.1611373724501585,40.54888896265267,0.9025988401045336
S03118,0,-1.4654563018101447,rural,autre,F,0,0,-0.4962851679537585,0.948001965718577,57.716111607863695,0.5822659054287053
S03119,0,-0.281788023634873,urbain,français,F,0,1,-0.6770804424361538,0.07214588586568169,40.90425397270089,0.772062548827892
S03120,1,0.25348021901663176,rural,français,H,0,0,0.4625650775900469,0.02775738405323592,40.57895967381999,0.8496819518672486
S03121,0,-1.0273081386743346,rural,autre,F,0,1,-1.7249192939776967,0.6115913834656567,34.780445043742496,0.5129526242808666
S03122,0,-1.7567078814748252,rural,wolof,H,0,0,-0.5589055756131087,0.42517765678042385,63.361874130555,0.7647998930335684
S03123,0,-1.2096195150378222,urbain,wolof,H,0,0,-1.961883486465059,0.2808897576388816,41.99441294155896,0.5376885775335474
S03124,0,-0.12014498324050774,urbain,autre,F,0,1,-0.6770804424361538,9.063143761555564e-5,32.08848269856549,0.7412053643424807
S03125,1,0.355926562021826,rural,autre,F,0,1,0.5436260064330518,0.4942233125137699,37.078854118612114,0.7844190365246053
S03126,1,0.29947369571614185,urbain,français,F,0,0,0.7594385270695994,0.21000592268895668,38.50101198882818,0.8763970728761384
S03127,0,-0.49217377376141047,urbain,français,F,0,0,-1.961883486465059,0.33662015458063116,67.1013426044636,0.6696446553560031
S03128,0,-0.44560895860126,urbain,wolof,F,0,1,-0.6770804424361538,0.05260281618635083,33.44939048819967,0.839344852515441
S03129,1,0.7811498008740738,urbain,français,H,0,1,-0.6770804424361538,0.07369696413158303,36.32221026271471,0.8083856934145401
S03130,1,1.6865576455991766,rural,wolof,H,0,0,-0.09886818526410894,0.3606239638212042,38.71109040062251,0.7566195767487088
S03131,0,-1.2355359658128948,rural,autre,H,0,1,-0.5950300302811243,0.6326677310846179,37.4941406696932,0.6475463876528592
S03132,1,0.8859976910835925,urbain,français,H,0,0,0.7594385270695994,0.29003641702394994,40.81994281856746,0.8704265908124739
S03133,1,0.6371881803295673,urbain,wolof,F,0,0,1.1358119908378483,0.14689741088926256,39.78579983451255,0.9138069702595673
S03134,0,-1.6505866321592109,rural,wolof,F,0,0,-1.961883486465059,0.27498804201575255,49.53440587601256,0.617337981734445
S03135,0,-1.2778592475625976,rural,wolof,F,0,0,0.361886464303974,0.7168024681984788,51.09200862801094,0.8357240950726234
S03136,1,1.1165420427247894,rural,autre,F,0,1,1.508379536169013,0.4502521759608502,28.183265924744045,0.8882237618438099
S03137,0,-0.28684954844212185,urbain,français,H,0,0,-0.5589055756131087,0.440284671711784,60.52892845006046,0.7045239493614508
S03138,0,-0.30067637883744963,rural,autre,F,1,0,0.361886464303974,0.6256361692761023,47.88469000231511,0.7995355633435999
S03139,0,-0.1579414917134734,urbain,français,F,0,1,-1.7249192939776967,0.5933925573844592,51.53596843707267,0.54235165544803
S03140,0,-0.2810616283216657,urbain,autre,F,0,0,0.7594385270695994,0.396399930496783,48.56900397868373,0.8567153093943944
S03141,0,-1.0738757678706468,rural,wolof,H,0,1,1.508379536169013,0.4642395435766431,35.282136398688685,0.9190853472182592
S03142,0,-0.0021827862452855917,urbain,wolof,H,0,0,1.1358119908378483,0.120144540452139,39.29931361247099,0.8790955596536709
S03143,1,0.17280077876908323,urbain,wolof,H,0,1,0.5436260064330518,0.4606223079315,32.80217125927225,0.7853325311195959
S03144,1,0.37874952398950845,urbain,français,F,0,1,-0.6770804424361538,0.06487925765867485,31.968234136077733,0.7253191216064049
S03145,1,0.8178960991538273,urbain,wolof,H,0,0,0.4625650775900469,0.04932565854947228,36.88620417552895,0.8345273476465437
S03146,0,-1.1202713882284698,urbain,wolof,H,1,0,-1.961883486465059,0.3402387888871432,59.76960425474697,0.515152595386027
S03147,1,0.10945401123011936,urbain,français,F,0,0,-0.09886818526410894,0.3224505231590549,59.19541878799219,0.8213009038687868
S03148,1,0.7213362812938685,urbain,wolof,H,0,0,0.8036427494500231,0.6416911265292431,38.664727703328865,0.769130100305793
S03149,1,1.8991733628736207,urbain,français,H,0,0,1.050436228132796,0.07776986929464236,37.08050753179796,0.8915998273600623
S03150,1,0.8859988008267307,urbain,wolof,H,0,0,0.7594385270695994,0.26025762195437435,35.00352048789617,0.8713884835267558
S03151,1,0.7727780947755621,urbain,wolof,F,0,1,1.508379536169013,0.4400306682652904,31.10626329185825,0.8604226623545755
S03152,0,-0.049941261129207104,rural,wolof,F,0,0,0.361886464303974,0.6062945965701908,48.084225061960645,0.7452706849216443
S03153,0,-0.9992858678501736,rural,français,F,0,1,-0.5128143979953421,0.6899955986709969,44.593717785693734,0.6214998508729717
S03154,0,-0.7965656984074376,urbain,wolof,H,0,0,0.7594385270695994,0.34146142484215564,44.76200904306043,0.8617967147180787
S03155,0,-0.8004570661181707,rural,wolof,H,0,0,0.361886464303974,0.6640732551646795,49.78398262888806,0.654073500760988
S03156,1,0.20869716065626878,urbain,français,H,0,0,0.7594385270695994,0.2988816238224084,47.03851537983142,0.8538162670527474
S03157,0,-0.04750636397185229,urbain,français,F,0,0,-0.5589055756131087,0.3995568834085872,51.88151860042169,0.7646550776749578
S03158,0,-0.14486381201017626,rural,wolof,F,0,1,-0.6770804424361538,0.05123146792571249,31.68353698791276,0.8407189961583447
S03159,1,0.6815416330431586,urbain,wolof,F,0,0,1.050436228132796,0.09484957882986328,45.836703544802646,0.897469593042921
S03160,0,-0.43394490407041003,urbain,wolof,F,0,0,0.7594385270695994,0.28058132962028515,43.243914129738634,0.8352124919598566
S03161,1,0.31177634160752626,urbain,français,F,0,0,-1.961883486465059,0.3309676114406315,59.16695105398159,0.5527271957799679
S03162,1,0.7835982629322344,urbain,français,H,0,1,-0.6770804424361538,0.01224685234657695,35.20069695450689,0.7716780640550164
S03163,1,0.6391175282169211,rural,français,H,0,0,0.7594385270695994,0.2860893076083828,43.765026695436866,0.8370550701062077
S03164,0,-1.2165926825299265,rural,autre,H,1,1,-0.5950300302811243,0.7175075986246555,42.937253698890544,0.7019778454725111
S03165,0,-0.24162331848102078,urbain,wolof,F,0,0,-1.961883486465059,0.29391035195721865,57.35273722076751,0.61577309825184
S03166,0,-0.6090062448791053,urbain,wolof,F,0,1,1.508379536169013,0.41241192994376,26.40089673557479,0.8953747009610666
S03167,0,-0.24138127262991962,rural,wolof,F,0,0,0.7594385270695994,0.3139775803847601,51.26447234922556,0.8899983777723179
S03168,0,-0.617113904392685,urbain,wolof,F,0,0,0.8036427494500231,0.6402965044500615,46.912662808007674,0.8011934342762299
S03169,1,0.2871230833258411,rural,wolof,H,0,0,1.050436228132796,0.17616003195559674,39.74754377783952,0.8732683493504664
S03170,1,0.6680697761738325,urbain,français,F,0,0,1.050436228132796,0.07561481238338245,38.94131997916639,0.883745869660736
S03171,1,0.19073788496786806,urbain,français,H,0,0,1.050436228132796,0.14947768414121498,43.90435067675417,0.8255014716282962
S03172,0,-0.6574125150311948,rural,français,H,0,1,-1.7249192939776967,0.5357590481580553,44.02183126251256,0.579214000698787
S03173,1,1.7589468321876638,urbain,français,H,0,0,0.4625650775900469,0.04398974111912341,47.42452795852671,0.8576744389153469
S03174,0,-1.7761940394338884,rural,wolof,H,0,1,1.508379536169013,0.35537194090201,31.498152685668813,0.8566382258831052
S03175,0,-0.6782084640202392,urbain,wolof,H,0,0,-0.09886818526410894,0.34122340262023765,64.15339170946397,0.6755244476219362
S03176,1,1.3755911707660695,urbain,wolof,F,0,0,1.1358119908378483,0.03175986522528504,39.674614703360135,0.9060002382696476
S03177,1,1.2525698698222016,urbain,wolof,H,1,0,0.7594385270695994,0.31515973737303926,44.80251589962285,0.8779713805887698
S03178,1,0.3918283171477033,urbain,wolof,F,0,0,1.050436228132796,0.15905480593137936,37.74410915540046,0.892113720880218
S03179,0,-1.4239791162304514,rural,autre,F,0,0,-0.09886818526410894,0.3939363801214995,54.31106482505735,0.8735170376015046
S03180,0,-1.4624130135366002,rural,autre,F,0,1,-0.5128143979953421,0.7081781222145452,45.60389085331179,0.5491712676623424
S03181,0,-0.377631675242163,rural,wolof,H,0,0,-0.09886818526410894,0.406962120923113,40.96637456931722,0.7774659654757647
S03182,0,-0.9264868679369964,urbain,wolof,H,0,0,-1.961883486465059,0.17186116433951734,67.88019645113492,0.6877576001166443
S03183,1,0.5157819576796867,urbain,wolof,H,0,0,1.050436228132796,0.15304853201134433,42.91352149791242,0.8941601698458608
S03184,1,0.5835000755091928,urbain,autre,H,0,1,-1.7249192939776967,0.5537091306924539,38.29459400177853,0.5627375943672944
S03185,0,-0.3073192676516695,urbain,wolof,H,0,1,-0.6770804424361538,0.03028183808659074,35.0400278776362,0.8096969359455612
S03186,1,0.413191169587347,urbain,wolof,F,0,0,1.050436228132796,0.042180234418533163,39.5897486142207,0.9175255248715788
S03187,1,1.395660510403094,urbain,wolof,H,0,0,1.1358119908378483,0.09110530087663264,37.71632683244901,0.9059607471608988
S03188,0,-0.29026805245268444,urbain,wolof,F,0,1,-0.6770804424361538,0.0815863262540495,38.56058858023214,0.7357046514327609
S03189,1,0.21508296466292404,urbain,français,H,0,0,1.050436228132796,0.1314150940614282,41.04740442599937,0.8803103618900998
S03190,1,0.5835405086912805,urbain,français,H,0,0,0.7594385270695994,0.2125374131423711,57.12423632827477,0.874066765010284
S03191,1,0.13246599599665274,urbain,wolof,F,0,1,-0.6770804424361538,0.00923480021693511,33.08661182456207,0.7887711232254517
S03192,1,0.48100484699195745,urbain,français,H,0,0,0.4625650775900469,0.18033628562325335,46.351110101392656,0.8651778262117453
S03193,0,-0.962464741061896,urbain,autre,H,0,0,1.1358119908378483,0,36.15685149812517,0.9123428197178384
S03194,0,-0.5975797871286868,urbain,autre,F,0,0,0.7594385270695994,0.24123623230195432,40.61339575647179,0.824818016819453
S03195,1,0.8918939878541092,urbain,français,F,0,0,1.050436228132796,0.0941629088569653,32.19441060231523,0.8927557577966436
S03196,0,-0.528168068971916,urbain,français,H,0,1,-1.7249192939776967,0.509614986270132,38.30271950967849,0.6077897292180476
S03197,1,0.48904508150382897,urbain,wolof,H,0,0,1.050436228132796,0.19623539366619625,41.293362346220434,0.9095921566060328
S03198,0,-1.4239908141036999,urbain,autre,H,0,0,-1.961883486465059,0.31400069179435136,59.10755007928692,0.6009818152946924
S03199,1,0.3286922944942522,urbain,français,F,1,0,0.7594385270695994,0.34527396280405875,40.41172535365776,0.8652985762771063
S03200,1,0.3978216739229511,urbain,français,H,0,1,-0.6770804424361538,0.02017297436512773,28.125217710233503,0.7890406324413853
S03201,0,-1.4974740815717953,rural,français,F,0,0,0.7594385270695994,0.41484983020623206,45.30082985034653,0.8241569711658807
S03202,0,-1.8444331760672956,urbain,wolof,F,0,0,-0.5589055756131087,0.4478745852149183,56.654106931225755,0.7492783445737633
S03203,0,-2.1283820167399363,urbain,français,F,0,0,-1.961883486465059,0.2958769860324923,54.02154438781826,0.5723994467292355
S03204,0,-1.8769385362062059,rural,wolof,H,0,1,-0.5950300302811243,0.72563666331991,45.585731991242106,0.5492452382014106
S03205,0,-0.8651409817692891,rural,autre,F,0,0,0.8036427494500231,0.742455462067129,53.89567777855753,0.8472626301187172
S03206,0,-1.02032712092038,urbain,wolof,F,0,1,-0.5128143979953421,0.63696228278265,38.3751240201434,0.6867879770820485
S03207,0,-1.1914348434127593,rural,wolof,H,0,0,-1.961883486465059,0.3403747003525305,54.61941461794255,0.4342824588169714
S03208,1,2.001052021483489,urbain,français,F,0,0,1.050436228132796,0.14793247297080783,37.961801432469066,0.9096490840110484
S03209,0,-0.5460721054206286,rural,autre,F,0,1,0.5436260064330518,0.523943493265363,45.42703253701977,0.8497342069285515
S03210,0,-1.312168295123503,rural,wolof,H,0,0,0.8036427494500231,0.6039830264102439,51.36818063569461,0.8632032899414457
S03211,0,-0.9010235424865446,rural,wolof,F,0,0,0.7594385270695994,0.3619800078754248,38.48304380574398,0.8849620360977194
S03212,0,-0.8633269291360197,rural,wolof,F,0,1,-0.5950300302811243,0.7175075986246555,42.937253698890544,0.7019778454725111
S03213,0,-0.3355646529531798,urbain,français,F,0,0,-1.961883486465059,0.3362112154323774,70.73204535571386,0.6516258198600664
S03214,0,-0.188252961984992,rural,wolof,F,0,0,0.8036427494500231,0.7172566392486751,47.70789877623276,0.8115097527223862
S03215,0,-0.5288131970993212,rural,autre,H,0,1,0.5436260064330518,0.5046638458524881,35.478004840358025,0.778450956469589
S03216,0,-1.1404181028680482,urbain,français,H,0,0,0.8036427494500231,0.5913545305398465,46.5852079929852,0.8168217385001585
S03217,1,0.46601451028782864,urbain,français,H,0,0,1.1358119908378483,0.06909285776339794,37.58875630725696,0.8911162444640945
S03218,0,-2.127866189951787,rural,wolof,F,0,0,0.8036427494500231,0.7597919724410191,54.7285115935268,0.725340022865566
S03219,0,-0.1171208697369443,urbain,français,H,0,0,-0.5589055756131087,0.5028957796254867,46.993405754471624,0.6695158241113097
S03220,1,0.09965143284622151,rural,wolof,F,0,1,-0.5950300302811243,0.6857318139797555,48.50515639128768,0.705752322835965
S03221,0,-0.5309745692499122,urbain,wolof,F,0,0,1.050436228132796,0.14999459205830076,35.1009439500084,0.9066904944216696
S03222,0,-0.5650756637680923,urbain,wolof,F,0,1,-0.5950300302811243,0.8450529661970547,54.52941052663515,0.6215652476219883
S03223,1,0.43512871357340804,rural,wolof,H,1,1,-0.5128143979953421,0.6930469372574585,49.24012064485471,0.5935793257154476
S03224,0,-0.13444207533394842,urbain,français,H,0,0,1.1358119908378483,0.05020426957853905,35.18549677185941,0.931545087239084
S03225,1,1.042137606517444,urbain,français,H,1,0,1.050436228132796,0.1682371952975482,43.133526602826485,0.8882146838114701
S03226,0,-0.3711297867279466,urbain,wolof,H,0,1,-0.5950300302811243,0.6904666493903494,46.13993534201218,0.6337184606864236
S03227,1,0.12426018847442882,urbain,wolof,F,0,0,1.050436228132796,0.15905480593137936,37.74410915540046,0.892113720880218
S03228,0,-0.04942118661911965,urbain,français,F,0,0,0.8036427494500231,0.6201830625290949,52.098595444903026,0.814686270089843
S03229,1,1.3322150814337295,urbain,français,H,0,0,1.050436228132796,0.17190244340897012,38.16277624518165,0.874251405703078
S03230,0,-1.685280027031751,rural,wolof,F,1,0,-1.961883486465059,0.2614376888311407,59.49501941169895,0.5359244759102613
S03231,1,1.1177264697500455,urbain,français,H,0,0,0.4625650775900469,0,43.687281614931514,0.8649588675450978
S03232,0,-1.313873766019906,rural,autre,H,0,1,-1.7249192939776967,0.6137014858388937,46.6378370452236,0.5127269437062368
S03233,0,-1.6357253359586155,urbain,wolof,H,0,1,-0.6770804424361538,0.04667485242386414,27.12845748669116,0.8115254776424092
S03234,1,0.3696162312698772,urbain,français,F,0,0,0.7594385270695994,0.3249980447182832,38.70427676440039,0.8638872168880862
S03235,0,-0.2999377369394569,rural,wolof,F,1,0,0.8036427494500231,0.7413356233508781,43.084233486845136,0.8067643639443547
S03236,1,1.3119295202917236,urbain,français,H,0,0,-1.961883486465059,0.26048400788215453,61.98899756788107,0.547031219556505
S03237,0,-1.086442451507972,rural,autre,F,0,1,0.5436260064330518,0.4958591137065355,31.910556999348092,0.7649592763626649
S03238,1,0.45060019280170066,urbain,français,F,0,0,0.4625650775900469,0.02282193469564797,35.797436912916844,0.8335516111140914
S03239,1,0.5310249248606563,urbain,autre,H,0,0,-0.09886818526410894,0.39896664636524914,55.80803717397546,0.7828445524047742
S03240,0,-0.8921898346217748,urbain,autre,H,0,0,1.050436228132796,0.09484957882986328,45.836703544802646,0.897469593042921
S03241,1,0.021043180839958295,rural,wolof,H,0,1,-0.5950300302811243,0.79844166862507,51.436070436951354,0.6751263949440975
S03242,1,0.1460730626693111,urbain,français,H,0,1,0.5436260064330518,0.5108496514622769,37.05402696581037,0.7692097756323305
S03243,0,-0.5136299762613626,rural,wolof,F,0,0,0.361886464303974,0.6089485114161158,64.0156574912404,0.7110986876250078
S03244,0,-0.6057972464878392,urbain,français,H,0,0,1.1358119908378483,0,24.650547188378617,0.8880910594481969
S03245,0,-0.5319808034263107,urbain,français,H,0,0,1.050436228132796,0.16946753085545474,39.63537058604802,0.897412005166806
S03246,0,-0.5309244401364481,rural,wolof,F,0,0,0.4625650775900469,0.07264352900532417,33.66042529228623,0.8510184328840854
S03247,0,-0.4975537240921879,rural,wolof,F,0,0,0.361886464303974,0.7470312796533055,64.59983346490506,0.7331904337379276
S03248,1,1.0861341258926176,urbain,wolof,F,0,0,0.7594385270695994,0.34527396280405875,40.41172535365776,0.8652985762771063
S03249,0,-0.257457814221533,rural,autre,F,0,1,-0.5950300302811243,0.7175075986246555,42.937253698890544,0.7019778454725111
S03250,1,0.9261997935533702,urbain,français,F,0,1,0.5436260064330518,0.5350591164798645,29.939917446326906,0.7565698307773575
S03251,0,-0.3029901653935414,urbain,wolof,F,0,1,0.5436260064330518,0.5291964091608355,58.25933396859851,0.7904399973389249
S03252,1,0.37038461937019973,urbain,français,H,1,0,1.050436228132796,0.1446672397718133,46.70342436910998,0.8937294501586985
S03253,0,-1.0908624321155969,urbain,wolof,F,0,0,-0.09886818526410894,0.2485216412004456,50.19616466788595,0.8209964351951008
S03254,0,-1.4219873749215577,rural,wolof,F,0,0,0.8036427494500231,0.6747005608094246,61.88716162410423,0.8101242286056668
S03255,1,0.9093422494911396,urbain,français,H,0,0,-0.09886818526410894,0.3722183305837076,45.11491668246681,0.7456395038337805
S03256,1,1.8274463530346003,urbain,français,H,0,0,1.1358119908378483,0,38.393609100052934,0.9237905556554746
S03257,1,0.26124969414516896,urbain,wolof,H,0,0,1.050436228132796,0.05307228005914005,35.41624205864209,0.9037948469985726
S03258,0,-0.5326225350015635,urbain,français,H,0,1,-0.5128143979953421,0.726682727783195,38.12368513565332,0.6646128620791932
S03259,1,0.9900204096511183,urbain,wolof,F,0,0,1.050436228132796,0.25257372685783763,39.03497231370299,0.8684241490579868
S03260,0,-0.18957322437522817,rural,wolof,H,0,1,-0.5128143979953421,0.6161355255212005,41.98060781438336,0.6970102950431246
S03261,0,-0.4744635854205488,urbain,français,H,1,0,-1.961883486465059,0.31982545773418974,69.78967611967293,0.5613377521255276
S03262,0,-0.833567240656188,urbain,français,F,1,1,-1.7249192939776967,0.5789969019880077,34.00351262813027,0.5577100199177611
S03263,1,0.19692907594869738,rural,wolof,F,0,1,-0.5128143979953421,0.6782818443496144,39.91110863014449,0.6875171349021156
S03264,1,1.6907100322066861,urbain,français,H,0,0,1.050436228132796,0.18970305163176676,34.79832021978741,0.8803224473819806
S03265,0,-0.23653747131469713,rural,wolof,F,0,1,1.508379536169013,0.4319850712455265,35.19945072565116,0.8637014661378101
S03266,1,0.9625892440296959,urbain,français,F,0,0,1.1358119908378483,0.02008244349509248,33.34219579968129,0.8798576644155175
S03267,1,0.2271616452837216,urbain,wolof,F,0,1,-1.7249192939776967,0.5134423446981027,48.75242954683989,0.5411067430165863
S03268,0,-0.06741186129686258,rural,wolof,H,0,1,-1.7249192939776967,0.6099922433420064,46.49251836891341,0.6418825100989151
S03269,1,1.1201343578968728,urbain,français,H,0,0,1.050436228132796,0.17427982574582251,45.21655256675532,0.929596212532044
S03270,1,0.5011390992788816,urbain,wolof,H,0,1,1.508379536169013,0.4712024542494866,32.94781594480812,0.8575129134438741
S03271,0,-1.8203683687707444,urbain,autre,H,1,0,0.8036427494500231,0.6579806083680748,57.24474733504249,0.8081617372787218
S03272,1,0.1382218660495853,urbain,wolof,F,1,1,0.5436260064330518,0.5634905033123634,34.169347103329216,0.8094161309905927
S03273,1,1.1611833277632828,urbain,français,F,0,1,0.5436260064330518,0.5818953706884139,32.17810897822788,0.7968447081215208
S03274,1,0.0881238122778473,rural,wolof,H,1,0,1.050436228132796,0.2605858282052216,35.894065783401025,0.8736410141664678
S03275,0,-0.35540087732692743,rural,wolof,F,0,1,0.5436260064330518,0.5730780112802728,36.57870071444575,0.7664562760429192
S03276,1,0.515347524741555,rural,français,F,0,0,0.8036427494500231,0.7369503656572319,54.576998101498376,0.6615652288176296
S03277,1,0.7708840249489588,urbain,français,F,0,1,-0.5950300302811243,0.7604922462420716,43.8647966869981,0.570750212458071
S03278,1,1.9122285526988372,urbain,français,H,0,0,1.050436228132796,0.08036611068877551,34.62602267076223,0.889416994548481
S03279,0,-0.3309638710441752,urbain,français,F,0,1,-0.6770804424361538,0.06139269591854669,30.950382990885107,0.7622348868112215
S03280,1,0.11521242272644901,urbain,wolof,H,0,0,-1.961883486465059,0.22131999341551223,53.201373197533165,0.6409074780775559
S03281,0,-0.3288391149447854,urbain,français,H,0,0,-1.961883486465059,0.2622546211048382,40.81162473069444,0.5905066621578485
S03282,1,0.762418252349814,rural,wolof,F,0,1,1.508379536169013,0.401691438660283,33.12248708027713,0.9231134660216792
S03283,1,0.8447058972744834,rural,wolof,H,0,1,0.5436260064330518,0.5578004044814672,42.01187240587553,0.780160320573826
S03284,1,0.14487372978558613,urbain,autre,F,0,0,1.050436228132796,0.17933361408351386,36.10985483978407,0.8734919583755424
S03285,1,0.22271639184426192,urbain,wolof,F,0,0,1.1358119908378483,0.03608679827650114,51.0069006818828,0.909163115416712
S03286,0,-1.182084899390115,urbain,autre,H,0,0,0.8036427494500231,0.7297513790930595,53.560105962915976,0.8341856917329189
S03287,1,0.5563027220983217,urbain,wolof,H,0,1,-0.5128143979953421,0.6605916203671698,48.1611844145068,0.6710599485521308
S03288,0,-0.4194582305206599,urbain,français,F,0,0,-0.09886818526410894,0.4434052862539245,48.51070977753384,0.7586508722625125
S03289,0,-1.359155680430239,urbain,français,H,0,1,-0.5128143979953421,0.6319547062457802,53.630529684623625,0.6813000364215948
S03290,1,0.8733639949075244,urbain,français,H,0,0,-0.5589055756131087,0.4007974179116155,46.86155750700318,0.7073906426076292
S03291,0,-0.3233074920565955,urbain,français,F,0,0,1.050436228132796,0.17427982574582251,45.21655256675532,0.929596212532044
S03292,1,1.2083984482464243,urbain,wolof,F,0,1,-0.5950300302811243,0.7425092592501669,37.78331476913323,0.6906229920122532
S03293,0,-0.24575005829121838,urbain,français,F,0,0,-0.09886818526410894,0.3781232908496863,45.85017478658638,0.7549594365375958
S03294,1,0.4603606657948718,urbain,wolof,F,0,1,1.508379536169013,0.32883746813269676,27.865747436373148,0.9099581487138544
S03295,0,-1.500748049407426,urbain,autre,F,0,1,-1.7249192939776967,0.55404986222177,50.131891293874176,0.5412375764777838
S03296,0,-1.115276981147464,rural,autre,F,1,0,-0.09886818526410894,0.3685296494223855,42.64737315244397,0.7550407768651642
S03297,0,-0.23890323687855028,rural,français,H,0,1,-0.5128143979953421,0.6800860564935641,42.375660394948866,0.7101691718325837
S03298,1,0.49211833744079436,urbain,français,F,0,0,1.050436228132796,0.10279393350176,39.23653009121733,0.868093391538414
S03299,1,1.1423859611334461,urbain,français,H,0,0,1.1358119908378483,0.07202914090685383,35.7465526438348,0.8798132530339002
S03300,0,-0.7941603624521026,urbain,wolof,H,0,1,-1.7249192939776967,0.5720828261119448,49.33520424047252,0.4585178349777224
S03301,0,-0.31902126781254475,urbain,français,H,0,0,-1.961883486465059,0.31982545773418974,69.78967611967293,0.5613377521255276
S03302,0,-0.7414967124122118,rural,wolof,H,0,1,-1.7249192939776967,0.5312579352806834,45.00493805237266,0.5822741966034357
S03303,1,2.210216648911353,rural,wolof,H,0,0,1.1358119908378483,0.10140058757161104,44.25118114896586,0.9127740778271398
S03304,0,-0.1817737943286937,rural,autre,F,0,1,1.508379536169013,0.37111186039315336,27.1018635885065,0.8836802928464612
S03305,0,-1.100039744014987,rural,wolof,H,0,0,0.8036427494500231,0.715923389725309,53.60843625292505,0.7936714583547962
S03306,1,0.898197868313716,urbain,wolof,F,0,1,-0.6770804424361538,0.06200327171789605,29.91935542437832,0.794600238561122
S03307,0,-0.24792062892695316,urbain,français,H,0,0,1.050436228132796,0.1483897647572366,52.84839887814312,0.8401590453755357
S03308,0,-1.4043530961293167,urbain,wolof,F,0,1,-0.6770804424361538,0.06278175629525873,29.187944484527357,0.7617471111594268
S03309,0,-0.42216683757611667,urbain,français,H,0,0,0.4625650775900469,0.04985822428681508,41.77886431418319,0.8535522187681208
S03310,1,0.40512233747955834,urbain,français,F,0,1,1.508379536169013,0.40005599861024593,43.6423234047201,0.8714904489196522
S03311,0,-1.4172972097845338,urbain,français,F,0,0,-1.961883486465059,0.30151997206628783,57.38054215166718,0.6117753909909984
S03312,0,-0.9966297685784095,rural,autre,H,0,0,-1.961883486465059,0.30204124609598054,62.02121644247007,0.5158521395897341
S03313,1,0.3603078097096427,urbain,wolof,H,0,0,1.050436228132796,0.13881575065287097,37.04737701951217,0.8827006408291679
S03314,1,0.9785181114322071,urbain,autre,F,0,1,-0.6770804424361538,0.04667485242386414,27.12845748669116,0.8115254776424092
S03315,0,-0.6559075792319743,urbain,français,F,0,0,0.7594385270695994,0.16489143695873384,46.60030298995045,0.8529116993859152
S03316,1,0.5305990991331665,rural,wolof,H,0,0,1.1358119908378483,0.11981123709088276,35.934441751508935,0.887524715278322
S03317,0,-1.1926336945312523,urbain,français,F,0,0,0.8036427494500231,0.7155012091723573,47.40765096132662,0.719089943851841
S03318,1,0.17869977851581628,urbain,wolof,H,0,0,0.7594385270695994,0.29019938698164033,33.94667681647653,0.8308525992560915
S03319,0,-1.8883448614739433,urbain,wolof,H,0,1,-1.7249192939776967,0.5460167524555846,34.498887156465884,0.5314305049773596
S03320,1,0.819604701283046,urbain,wolof,H,0,0,1.050436228132796,0.13356374156502843,32.37840539663905,0.8667083158320132
S03321,1,0.8686269377183725,rural,wolof,F,0,1,1.508379536169013,0.34250838843086884,27.034520024325253,0.8673114577788578
S03322,0,-0.23355736954961592,rural,wolof,F,0,0,0.7594385270695994,0.3076931214620726,46.391957967724466,0.8852324881244302
S03323,0,-0.07992079100400326,rural,wolof,F,0,0,-1.961883486465059,0.3403747003525305,54.61941461794255,0.4342824588169714
S03324,0,-1.0626337664768937,rural,wolof,H,0,0,-0.4962851679537585,0.952723506796724,56.13922373776416,0.6789840689739323
S03325,1,1.8140199064015943,urbain,français,F,0,0,1.1358119908378483,0.05274616900994396,30.95983526387263,0.8956478114643948
S03326,0,-0.2519433799828119,rural,wolof,F,1,0,0.361886464303974,0.6339757114947071,51.57689653741511,0.78546634713429
S03327,1,0.4008522367059758,rural,wolof,H,0,1,0.5436260064330518,0.5831498060148034,40.34386502076606,0.7824824960792462
S03328,0,-0.08728017263793623,urbain,autre,F,0,0,-0.09886818526410894,0.39846093974886226,59.02201112517045,0.7311310912457798
S03329,1,1.5081366150136335,urbain,wolof,H,0,0,1.050436228132796,0.17190244340897012,38.16277624518165,0.874251405703078
S03330,1,0.693608248371112,rural,wolof,F,0,1,1.508379536169013,0.3630776578205713,28.129876940104825,0.8718330302198949
S03331,0,-0.03589185619635347,urbain,français,H,0,0,0.4625650775900469,0.10096366827365866,32.38561168393696,0.867750424462662
S03332,0,-0.4583052472405774,urbain,wolof,H,0,1,-0.6770804424361538,0.08253699121809888,33.48841213280799,0.7120974025119817
S03333,0,-1.9253065618790202,rural,autre,F,0,0,-1.961883486465059,0.3010476069134277,64.19045807974582,0.6089319462113237
S03334,1,0.38220080647362076,urbain,wolof,H,0,0,0.4625650775900469,0,30.769629068508102,0.8482329150605874
S03335,0,-0.3624706189578926,rural,wolof,F,0,1,1.508379536169013,0.4303328627528933,28.314025488769012,0.8642344467189771
S03336,1,0.6275180350568005,urbain,français,H,0,0,0.4625650775900469,0,37.58158547444346,0.8788648404079707
S03337,0,-1.4550872923393972,rural,autre,F,1,0,-0.09886818526410894,0.407196355479178,51.71366280882015,0.7987072675460203
S03338,1,1.7632069137232476,urbain,français,H,0,1,-0.5950300302811243,0.7043176396963438,40.117719830461446,0.6856537778205078
S03339,1,0.3383456619504065,urbain,wolof,H,0,0,0.4625650775900469,0.05898558405346284,34.19124822862438,0.90147912423306
S03340,0,-0.8286413828101611,rural,wolof,F,0,1,1.508379536169013,0.31679415578253944,30.290592516497615,0.9179523369546492
S03341,0,-0.4290702270648736,urbain,français,H,0,0,-1.961883486465059,0.30151997206628783,57.38054215166718,0.6117753909909984
S03342,1,0.3160323958556503,rural,wolof,F,0,0,1.1358119908378483,0.07733298049567944,34.88260542354509,0.8817006096813198
S03343,1,0.6992325707206091,urbain,français,F,0,0,1.050436228132796,0.13139409749706765,38.562150606168686,0.9029110424602688
S03344,1,0.8895046408970949,rural,français,F,1,1,1.508379536169013,0.41175930583208786,30.360561432449806,0.8941110561520665
S03345,1,1.208199609025416,urbain,français,F,0,0,0.4625650775900469,0,30.618122941218903,0.8855954520717539
S03346,0,-0.45316063554273617,rural,autre,F,0,1,0.5436260064330518,0.6212311287251353,34.63701205723775,0.7799988105679854
S03347,1,0.008795007957838948,urbain,français,H,0,0,0.4625650775900469,0.12400281852679268,49.43539785835183,0.865305775076557
S03348,0,-1.8042446938031753,urbain,autre,F,0,0,-1.961883486465059,0.384469005541953,70.68685402457082,0.5298390016741342
S03349,0,-0.7924072913549061,urbain,wolof,F,0,0,0.7594385270695994,0.2533115507543501,45.62670127341606,0.8549114200666992
S03350,1,0.6465220058425121,urbain,wolof,F,0,0,1.1358119908378483,0.05427571882977221,29.81199153331513,0.909392819794812
S03351,1,0.41160041752413484,rural,wolof,F,1,1,0.5436260064330518,0.4789808319832794,39.487009866775416,0.8344875110348696
S03352,0,-0.9853933690183445,urbain,wolof,H,0,0,-0.4962851679537585,0.7607403574111263,49.66125637558813,0.619473547955929
S03353,0,-0.5494114436812779,rural,wolof,H,0,0,-1.961883486465059,0.14582213506052932,53.260502639088045,0.630582729121067
S03354,0,-0.4670077863388941,urbain,français,F,0,0,-1.961883486465059,0.17186116433951734,67.88019645113492,0.6877576001166443
S03355,0,-0.519384526974108,urbain,autre,F,1,0,0.4625650775900469,0.05001826632092768,42.45141699933983,0.8347444152787163
S03356,0,-0.4841114272926727,rural,wolof,F,0,1,1.508379536169013,0.4722703644580486,27.84762570080003,0.8887226317893536
S03357,0,-0.9277030291384968,urbain,français,H,0,0,-1.961883486465059,0.2817883541122544,54.62952308286643,0.5275533114111048
S03358,1,0.1571024881819246,rural,wolof,F,0,0,1.050436228132796,0.09441927073435365,37.5181984381933,0.9042577242925788
S03359,1,0.7870551388502418,urbain,wolof,H,0,0,1.050436228132796,0.1682371952975482,43.133526602826485,0.8882146838114701
S03360,1,0.6515706044973625,rural,wolof,H,0,0,1.050436228132796,0.2622432747048954,43.98844754061836,0.8384829071507529
S03361,0,-0.42227139327255486,rural,autre,F,0,0,-0.09886818526410894,0.3762593263724384,56.956432232305914,0.812047192856809
S03362,0,-0.7024267979228941,urbain,wolof,F,0,0,-0.09886818526410894,0.3870356471069823,47.620493850065856,0.7633498461877141
S03363,1,0.7242130913040992,rural,wolof,F,0,0,0.361886464303974,0.6092242891234846,41.697637090987335,0.8276998401725112
S03364,1,0.5526655579827816,urbain,wolof,H,0,0,-0.09886818526410894,0.389382669021323,43.12720446942489,0.7623837798599115
S03365,1,0.5942551299462,urbain,français,F,0,0,1.050436228132796,0.09001786653561544,41.93008177930562,0.8774747530107805
S03366,0,-1.014740016981182,rural,autre,H,0,1,-0.5950300302811243,0.7658807832897256,46.507926669293376,0.5621053769951657
S03367,1,0.31030340896059055,urbain,français,H,0,0,-0.09886818526410894,0.3946946761505677,51.88972044967004,0.793313070110222
S03368,1,0.13296844603286717,urbain,wolof,F,0,0,1.050436228132796,0.2179625131068087,42.281369133322904,0.8872113019892969
S03369,0,-0.1905519632129107,urbain,wolof,H,0,0,0.361886464303974,0.6573720610521562,64.94899899562233,0.6992286648265844
S03370,1,1.1305506655871826,urbain,français,H,0,0,1.050436228132796,0.09484957882986328,45.836703544802646,0.897469593042921
S03371,0,-1.1462799889552724,rural,autre,F,0,1,-1.7249192939776967,0.5263790388618002,51.08500751786905,0.6063335368356855
S03372,0,-0.1707563519012683,rural,français,F,0,0,-0.09886818526410894,0.42271978112917447,46.91182560796348,0.7576749912214479
S03373,0,-1.0669016196404046,urbain,wolof,H,1,0,-1.961883486465059,0.31648867991013724,54.701053842840054,0.5899414600707947
S03374,1,0.7669905443216137,urbain,français,H,0,0,1.1358119908378483,0.00268225482234961,33.09383428796219,0.90476551813611406
S03375,0,-0.12197280319021447,urbain,wolof,H,0,0,-0.5589055756131087,0.5073489228374313,49.87815684458967,0.7415979285710192
S03376,0,-1.236266570236948,rural,wolof,F,0,1,-0.5950300302811243,0.7592891808078458,36.06269543899648,0.5731813995778919
S03377,1,0.6561805447932146,urbain,français,H,0,1,-0.6770804424361538,0.07229259885040012,34.01369092745245,0.7736642523608058
S03378,0,-0.791279102824277,rural,wolof,F,0,0,0.7594385270695994,0.35692638618581807,44.95528182231716,0.8707640546318549
S03379,1,0.1317394600105365,urbain,français,F,0,0,-0.5589055756131087,0.4007974179116155,46.86155750700318,0.7073906426076292
S03380,0,-1.342974826359017,rural,wolof,H,0,1,-1.7249192939776967,0.5137061204630924,46.45356777922583,0.5964471435902597
S03381,1,0.1850959033480605,urbain,autre,F,0,1,-0.5950300302811243,0.6649051546856647,45.809110042693405,0.6581162753644205
S03382,1,0.2069721558429484,urbain,français,H,1,1,0.5436260064330518,0.5367653076399035,36.99896169678813,0.7879523754282791
S03383,1,0.8109098423100857,urbain,français,H,0,0,-0.5589055756131087,0.5117642189161568,54.12794199799071,0.6621345575223776
S03384,1,0.01571725072150307,urbain,français,F,0,0,-1.961883486465059,0.22547153486138805,54.23920222941309,0.6658455475743347
S03385,0,-0.07505879076281506,rural,wolof,H,1,0,1.050436228132796,0.16257549016442935,40.32636086444749,0.901737282317024
S03386,1,0.3787392610571759,urbain,wolof,H,0,1,1.508379536169013,0.4018537230116637,36.34589286904236,0.8822316548637807
S03387,1,1.6475565845694211,rural,wolof,F,0,0,0.4625650775900469,0.06854057158302765,37.28179497678506,0.8866183891588904
S03388,1,0.42129161143090554,urbain,français,F,0,0,-0.09886818526410894,0.4109151739031436,43.10536048407572,0.760945809849208
S03389,1,0.27415286500447356,urbain,français,F,0,0,0.8036427494500231,0.6571221437669068,57.53489923209615,0.7754076140914721
S03390,0,-1.2770031055922824,urbain,français,H,0,0,-0.4962851679537585,0.7607403574111263,49.66125637558813,0.619473547955929
S03391,0,-1.0494487451638634,urbain,français,F,1,1,-0.6770804424361538,0.0815863262540495,38.56058858023214,0.7357046514327609
S03392,1,1.953735861234729,urbain,français,H,0,0,1.1358119908378483,0.06507679480715621,35.42085132371686,0.9259271547708108
S03393,1,0.760239540033141,urbain,wolof,F,0,0,1.1358119908378483,0.04629628740177534,40.044316389728415,0.9289175026661066
S03394,0,-0.622620301295438,rural,autre,H,0,1,-0.5950300302811243,0.6572497851144316,53.28257477797793,0.6251020519993147
S03395,1,1.445673615539791,urbain,français,H,0,0,0.7594385270695994,0.3602149260595489,50.407249194185376,0.8165606690519958
S03396,0,-0.15416431211074305,urbain,wolof,F,0,0,-0.09886818526410894,0.3211662518857979,47.430105868611264,0.7759381502086695
S03397,1,0.4310537471715657,urbain,wolof,H,0,1,1.508379536169013,0.4312964124231685,26.773210765235067,0.8611151943673121
S03398,1,1.291254636988735,urbain,wolof,F,0,0,0.7594385270695994,0.34215633248804334,40.54023868072863,0.8925797029045878
S03399,1,0.3244758082140004,urbain,wolof,H,0,0,-1.961883486465059,0.3667993718300264,61.74341463518388,0.6703836000142855
S03400,1,1.3703465889116264,urbain,autre,F,0,0,0.4625650775900469,0.05425808845695267,34.772348977416236,0.8673361480200765
S03401,1,0.13217097617392262,rural,autre,F,0,1,-0.5950300302811243,0.7031701294751366,50.70865066303216,0.653445482104191
S03402,0,-0.04524411416804778,urbain,français,H,0,0,1.1358119908378483,0.0522716032137634,33.52411400362326,0.8893347285315238
S03403,1,0.7850195254566501,urbain,français,H,0,1,0.5436260064330518,0.5818475542242063,35.44379875741195,0.7900309272294013
S03404,0,-1.626815254619721,urbain,wolof,H,1,0,0.4625650775900469,0.03259704439663399,43.97133562752082,0.8878919044841699
S03405,1,0.07013023592587594,rural,wolof,H,0,1,-0.6770804424361538,0.01380756294941428,33.505892358326825,0.8690310938984955
S03406,0,-1.048374289945017,urbain,wolof,H,0,0,-0.09886818526410894,0.23412629153972492,48.66154122502965,0.8343421333657831
S03407,1,0.7860396250648796,urbain,français,H,0,0,-1.961883486465059,0.35279029300897313,49.28767960852426,0.6725549846721103
S03408,0,-1.236941685525726,rural,wolof,F,0,1,-0.5950300302811243,0.80481958519616,51.053292217312595,0.6609342193184814
S03409,1,0.9347154361259896,urbain,wolof,F,0,1,0.5436260064330518,0.4998377932516244,33.50597451577394,0.7797890032964323
S03410,0,-0.6044103921258882,urbain,wolof,H,0,0,0.7594385270695994,0.302151127243937,41.12741062939188,0.8518949764804062
S03411,1,0.08396372661154207,urbain,français,F,1,0,1.1358119908378483,0.01935658604978007,39.53630531558369,0.9111137587472772
S03412,0,-0.36997499779064297,urbain,français,H,0,0,0.361886464303974,0.7097841962083697,52.356373935294805,0.7224954355556121
S03413,1,1.3037528096572275,urbain,français,H,0,1,1.508379536169013,0.4392112577863927,26.786766927027692,0.876404882081804
S03414,0,-0.054695185256343454,urbain,français,H,0,0,1.050436228132796,0.07235668489563976,53.236204755683346,0.9100068373415676
S03415,1,0.02995969356445882,urbain,wolof,F,0,1,1.508379536169013,0.38406686840762566,34.58867125891307,0.872756654843831
S03416,1,0.27972437592775684,urbain,wolof,H,0,0,-0.09886818526410894,0.3729976495549455,53.077416212799335,0.6664881669112356
S03417,0,-1.321518021319256,urbain,wolof,H,0,0,-0.5589055756131087,0.5073489228374313,49.87815684458967,0.7415979285710192
S03418,1,0.5964265262237042,urbain,français,F,0,1,0.5436260064330518,0.5408438844203297,33.4728436921358,0.8743071302265804
S03419,0,-0.8398343966215887,rural,wolof,H,0,0,0.4625650775900469,0.07575786455766179,36.03913477918128,0.8691968681132742
S03420,0,-0.46631178740515666,urbain,français,F,0,0,1.1358119908378483,0.05922358204892926,42.99711280880656,0.8741369528072199
S03421,0,-1.2514286232578786,rural,wolof,H,0,1,-1.7249192939776967,0.5978722359631853,47.29423348759518,0.5633374208205119
S03422,1,0.35867600706476876,urbain,français,F,0,0,1.1358119908378483,0,33.20178781395099,0.9209058787428762
S03423,0,-1.4548415303915254,urbain,wolof,F,0,0,0.8036427494500231,0.6172574895995391,52.08904459099543,0.8583037120395616
S03424,0,-0.03257836611890773,rural,wolof,H,0,0,0.4625650775900469,0.06854057158302765,37.28179497678506,0.8866183891588904
S03425,1,0.16238690383001186,urbain,français,F,1,0,0.8036427494500231,0.7231886702526429,42.730266191129765,0.7503597970899686
S03426,1,1.030194751757544,rural,français,H,1,0,1.1358119908378483,0.09371981564498538,30.38110250697881,0.9356629492244536
S03427,1,0.6972652065187644,urbain,wolof,F,0,0,0.8036427494500231,0.6201830625290949,52.098595444903026,0.814686270089843
S03428,1,1.0446358256655743,urbain,français,F,0,1,0.5436260064330518,0.5457821284374973,37.445332521744135,0.8004693994480241
S03429,0,-1.5309121792911717,urbain,wolof,H,0,0,-1.961883486465059,0.36767322821696313,64.38165558513336,0.6027402491104625
S03430,1,1.6269297022278844,urbain,français,H,0,0,0.7594385270695994,0.24588674980743896,46.06735962882914,0.8866151943013021
S03431,0,-1.1184578232222042,rural,wolof,H,0,0,-0.4962851679537585,0.9129850511643204,66.88952521140044,0.4058337895952599
S03432,0,-0.8552007891867606,urbain,wolof,F,0,1,-1.7249192939776967,0.6059752969437122,40.12016147891059,0.5214668986294978
S03433,1,0.4966132850877617,rural,wolof,H,0,0,1.050436228132796,0.2605858282052216,35.894065783401025,0.8736410141664678
S03434,1,0.3958434101977242,rural,wolof,H,0,0,-0.09886818526410894,0.2749597678676294,42.3464381813997,0.8410087074919803
S03435,1,1.4282923729413606,urbain,français,F,0,0,1.050436228132796,0.11294621996257057,37.05184905571157,0.9019903807269553
S03436,0,-0.26796124805506816,rural,wolof,F,0,0,1.050436228132796,0.16257549016442935,40.32636086444749,0.901737282317024
S03437,1,0.4473915442922709,urbain,wolof,F,0,1,1.508379536169013,0.41241192994376,26.40089673557479,0.8953747009610666
S03438,1,0.05773300277938765,urbain,wolof,H,0,0,-1.961883486465059,0.31648867991013724,54.701053842840054,0.5899414600707947
S03439,1,0.8701866410468547,urbain,français,H,0,0,1.1358119908378483,0,30.60882918178237,0.9158838863757554
S03440,0,-0.5480472053885338,rural,wolof,F,1,0,0.4625650775900469,0.07426927724040044,43.50297833151373,0.8404026305941282
S03441,0,-1.0737096323152189,urbain,français,F,0,1,-0.5950300302811243,0.7407348483486527,41.73507975285838,0.5257288242913616
S03442,0,-0.8348698526529328,rural,autre,F,0,0,-1.961883486465059,0.31099392343165533,52.9434045846829,0.5212410469621884
S03443,0,-1.5725105428828938,rural,wolof,F,0,0,-1.961883486465059,0.3185391609402506,50.12551211908203,0.6574674446996577
S03444,0,-0.6838815810648806,urbain,wolof,F,1,0,-0.4962851679537585,0.8871575036310699,64.97005748186244,0.6343188091421323
S03445,0,-0.2235296822670771,rural,autre,F,0,0,1.1358119908378483,0,39.03180483229412,0.8860217166700879
S03446,1,0.3864841265702921,rural,français,H,0,0,0.7594385270695994,0.27258318897796424,34.70571173637156,0.8746530574934859
S03447,1,0.38827755772279304,urbain,wolof,F,0,0,1.050436228132796,0.10370363269518185,38.17329241113991,0.91084792647824
S03448,1,0.8680340180152731,urbain,wolof,F,0,0,1.1358119908378483,0.09110530087663264,37.71632683244901,0.9059607471608988
S03449,0,-1.4176560173340835,rural,wolof,H,0,0,-0.4962851679537585,0.8280871478138918,60.915084943968594,0.6211265567598452
S03450,1,2.1054755206040054,urbain,français,H,0,1,1.508379536169013,0.4277888175961443,26.940576115881218,0.8744629246066193
S03451,0,-1.5394261661278597,rural,wolof,H,0,0,-0.5589055756131087,0.4961911304396207,46.33598812437637,0.681099390421495
S03452,1,0.241644537024006,rural,wolof,H,0,0,1.050436228132796,0.1631672604336506,41.27563783207723,0.8694560614065938
S03453,1,0.5034596657251031,urbain,autre,H,0,1,-0.5950300302811243,0.7130611077527812,44.634998513960106,0.5255980536010746
S03454,0,-0.906129582923804,urbain,français,H,1,0,-0.5589055756131087,0.41929797489895254,56.9782602932309,0.7862439003090957
S03455,1,0.9948283808679896,rural,wolof,F,1,1,1.508379536169013,0.41175930583208786,30.360561432449806,0.8941110561520665
S03456,0,-0.14756247828935987,rural,autre,H,0,0,-0.5589055756131087,0.39374739728652874,39.8227938873001,0.7217475721191671
S03457,0,-0.795345242793488,rural,wolof,H,0,0,-0.4962851679537585,0.9421248268478551,67.40547656821451,0.6147397403572955
S03458,0,-1.635807237859092,urbain,wolof,F,0,0,-0.5589055756131087,0.4611924799236573,71.12985252187416,0.714905472730065
S03459,0,-0.06344922453905721,urbain,autre,H,0,0,0.8036427494500231,0.7366970831925255,51.340377976617184,0.7805997876406147
S03460,1,0.2683955428949521,rural,wolof,F,0,1,0.5436260064330518,0.5355510762872944,36.424632053578016,0.7403248173357297
S03461,1,0.3904146877425906,urbain,autre,F,0,0,-0.09886818526410894,0.39711361472554085,45.54604585320547,0.7398862232886039
S03462,1,1.0186886731176539,urbain,français,F,0,1,1.508379536169013,0.4859675503469635,29.201330132357604,0.8644402364405188
S03463,0,-0.26472342244085556,urbain,wolof,H,0,1,-0.5950300302811243,0.6797472530519268,35.65135630676771,0.7078281920877081
S03464,1,1.9943854539892933,urbain,français,F,0,0,1.050436228132796,0.15849617372073285,37.03042465578901,0.8910128901357449
S03465,1,0.2552331360816087,urbain,français,H,0,1,-0.6770804424361538,0.03276410019101232,38.5771165105267,0.8129519521208977
S03466,1,0.07104637635057319,rural,wolof,H,0,0,1.1358119908378483,0.0647005923798026,41.75783357946933,0.9004875639453416
S03467,1,0.4419823807813398,rural,français,F,0,0,-0.5589055756131087,0.4789597571152007,52.13633824826451,0.6852357484944673
S03468,1,1.6705298775298438,urbain,wolof,H,0,1,-0.5950300302811243,0.6797472530519268,35.65135630676771,0.7078281920877081
S03469,0,-0.43462117603242806,rural,français,H,0,1,0.5436260064330518,0.5088844855384119,39.088783181121954,0.7064886760132739
S03470,0,-1.4478509641343438,rural,wolof,F,0,0,0.361886464303974,0.5638933620928688,54.713182823213984,0.8116755597412478
S03471,0,-0.11658035595600161,urbain,français,F,0,1,-0.6770804424361538,0.06401768077230495,27.55413811903549,0.7872991200944585
S03472,1,0.7186467651753218,urbain,wolof,H,0,1,-0.6770804424361538,0.07045312902858333,35.15407546580119,0.7379801689214871
S03473,0,-2.1186318194337352,urbain,français,H,0,0,-0.5589055756131087,0.5137944633441489,50.7130630327119,0.6910404678778823
S03474,1,0.4897400006818961,urbain,wolof,F,0,0,0.7594385270695994,0.3602149260595489,50.407249194185376,0.8165606690519958
S03475,1,0.04403173278063617,urbain,wolof,H,0,0,1.1358119908378483,0.06963382046665499,33.953354239143295,0.9094599430000296
S03476,0,-0.19856777877041704,urbain,autre,H,0,1,-0.6770804424361538,0,26.23648957784742,0.8219539255443118
S03477,1,0.5199739814949131,rural,wolof,H,0,0,1.1358119908378483,0.05152945253051112,38.910097328476795,0.889973207830463
S03478,1,0.4821894359561758,urbain,français,H,0,1,-0.6770804424361538,0.05260281618635083,33.44939048819967,0.839344852515441
S03479,1,1.3997136719277103,rural,français,F,0,1,0.5436260064330518,0.5355510762872944,36.424632053578016,0.7403248173357297
S03480,0,-2.1801870994240886,rural,français,H,0,1,-0.5128143979953421,0.7212322584184129,48.18856952167903,0.6432132713488947
S03481,1,0.35314658419742423,urbain,wolof,H,0,0,1.1358119908378483,0.05035159435565321,39.497557583607225,0.9042374637484708
S03482,1,0.7537986706959772,urbain,français,F,0,0,-0.09886818526410894,0.389382669021323,43.12720446942489,0.7623837798599115
S03483,1,1.1202265706036818,urbain,français,F,0,0,0.4625650775900469,0.02844062319499572,45.5585406168821,0.8626964326507287
S03484,0,-0.08778963459442818,urbain,français,H,0,0,-1.961883486465059,0.29669379204566404,68.60244580978743,0.5930265904491142
S03485,1,0.9564469062874245,urbain,français,F,0,0,-0.5589055756131087,0.4648294151429613,49.564946880037944,0.7815515189112727
S03486,0,-0.4290536975166711,urbain,français,F,0,0,-0.09886818526410894,0.3138777277863455,49.190830046886354,0.8471593710467128
S03487,0,-0.7331023519915321,urbain,wolof,H,1,0,-0.09886818526410894,0.3949257407395645,53.70973038004517,0.7858226952426486
S03488,0,-0.6407821241745455,rural,français,H,0,1,-0.5950300302811243,0.7204537612022193,35.132456121811785,0.7133203820877263
S03489,1,0.940749726951265,rural,français,H,0,0,1.050436228132796,0.2131485457359905,38.238451223839704,0.8791438862741523
S03490,0,-0.5868107682553695,rural,wolof,F,0,0,-1.961883486465059,0.254689403138716,52.208659329274774,0.5404774086216285
S03491,1,0.5825303949098781,urbain,autre,F,0,1,-0.6770804424361538,0.11629564613864413,38.56806819496444,0.7928435238897846
S03492,1,0.31733745281595416,urbain,wolof,H,0,0,0.4625650775900469,0,42.14625362002197,0.8927081489325046
S03493,1,0.5903958197809429,urbain,français,F,0,0,0.4625650775900469,0.0676359253103715,39.285001412650125,0.8353326231710908
S03494,1,1.3043139069311371,urbain,français,F,0,0,1.1358119908378483,0.1833969237364826,33.29278379671617,0.8935202329476718
S03495,0,-0.03854104565209317,urbain,français,H,1,0,0.4625650775900469,0.10338050705127984,39.5815438123152,0.8431930515427177
S03496,0,-0.4608720833573362,urbain,autre,H,1,0,-0.5589055756131087,0.4007974179116155,46.86155750700318,0.7073906426076292
S03497,0,-0.40552063714794323,urbain,wolof,H,0,0,0.4625650775900469,0.07324690124262427,42.44172050030816,0.8865138258578937
S03498,1,0.853480882027266,urbain,wolof,H,0,0,0.4625650775900469,0.07066375793139605,39.43498449631951,0.8643199085895988
S03499,0,-1.3016503063143579,rural,autre,H,1,0,-1.961883486465059,0.3853575416675314,57.88191267930263,0.6250955797742168
S03500,0,-1.487406476794133,urbain,wolof,F,0,1,-1.7249192939776967,0.5933925573844592,51.53596843707267,0.54235165544803
S03501,1,0.9246092784593698,urbain,français,H,0,0,0.4625650775900469,0.07875696971659099,38.34931570736495,0.8824339987360703
S03502,0,-0.4486319603707167,urbain,wolof,H,0,1,1.508379536169013,0.453121497410252,30.20144437059561,0.88749047307829
S03503,0,-1.1106417790134355,urbain,wolof,H,0,0,-0.09886818526410894,0.3498165422705039,51.5818403019186,0.7389700443640549
S03504,1,0.08163735150258547,rural,wolof,F,0,1,-0.5950300302811243,0.7270460164893611,48.78926858742547,0.6136810044346283
S03505,0,-0.6144532768090087,urbain,autre,F,0,0,-0.09886818526410894,0.39711361472554085,45.54604585320547,0.7398862232886039
S03506,1,0.09685446212554354,urbain,français,H,0,1,-0.6770804424361538,0.00542848604198398,36.44478086410054,0.7902363657435058
S03507,0,-1.2046947332794316,urbain,wolof,H,0,0,1.050436228132796,0.15511323003260366,43.741393769220245,0.9040820021677074
S03508,0,-1.0126817550632738,urbain,wolof,H,0,1,-1.7249192939776967,0.5287817322319982,40.89211555447145,0.6277505734898884
S03509,1,1.6451091363177435,urbain,français,H,0,0,1.050436228132796,0.13260265928005027,39.68751165450425,0.9291489101669116
S03510,1,0.3000703210524309,urbain,wolof,F,0,1,1.508379536169013,0.4437091866260522,32.83970135496861,0.880813276917745
S03511,0,-0.5066870574262655,urbain,wolof,H,0,1,0.5436260064330518,0.5899644020864261,37.4359044714503,0.7945867212116795
S03512,0,-0.2996352543162245,urbain,français,H,1,1,-0.5128143979953421,0.7559579628988854,41.57183313389392,0.7047863441145318
S03513,1,0.11015418175619461,urbain,autre,H,0,0,0.4625650775900469,0,30.618122941218903,0.8855954520717539
S03514,1,1.1007279937593835,urbain,français,F,0,0,1.1358119908378483,0.07201266338752471,41.76816077143502,0.9297611195526676
S03515,0,-0.559808148013292,urbain,wolof,F,0,0,-1.961883486465059,0.2374397808612303,51.84717358307801,0.572171244137576
S03516,0,-0.8376305264843024,urbain,wolof,F,0,0,-0.09886818526410894,0.4272985594567309,44.93895797716985,0.7830325435067226
S03517,1,0.7721901893947275,urbain,autre,F,0,0,0.4625650775900469,0.12034716005745442,43.928358466124,0.86154385971412
S03518,0,-1.4325783381974544,urbain,wolof,F,1,0,0.361886464303974,0.6492684645378002,55.58964303661509,0.7440582383358666
S03519,0,-0.17164069713444122,rural,autre,H,0,0,0.7594385270695994,0.3878135204162389,46.63510226623111,0.8797846471338295
S03520,1,0.9070740041323619,urbain,wolof,H,0,0,0.361886464303974,0.6030634836246601,48.4424842411943,0.7550690920291462
S03521,1,0.8999528241997709,urbain,français,F,0,1,1.508379536169013,0.3992914244751855,26.449044770355783,0.8893372977889442
S03522,1,0.8425365692063999,urbain,français,F,0,0,1.050436228132796,0,36.506449474708326,0.912940281165504
S03523,0,-1.443665448507801,urbain,wolof,H,0,1,-1.7249192939776967,0.5720828261119448,49.33520424047252,0.4585178349777224
S03524,1,0.1415833334107781,urbain,français,F,0,1,-1.7249192939776967,0.5537091306924539,38.29459400177853,0.5627375943672944
S03525,0,-0.3120613387855327,rural,wolof,F,0,1,0.5436260064330518,0.5716408109098322,38.43437248453097,0.8426933985130332
S03526,0,-0.7096897813680546,urbain,français,H,0,0,-1.961883486465059,0.26048400788215453,61.98899756788107,0.547031219556505
S03527,1,1.2850339923803544,urbain,français,H,0,0,1.050436228132796,0.14458634020483577,41.38026565151644,0.9072783388450794
S03528,0,-0.6549365132433834,rural,français,H,0,1,-0.5950300302811243,0.792959260223951,58.61043442306998,0.6250222401128851
S03529,1,0.611907593243446,rural,wolof,F,0,0,1.050436228132796,0.20340319239375357,41.96045310595464,0.8759551978051212
S03530,0,-0.6186727607965694,urbain,wolof,F,0,1,-0.6770804424361538,0.03196912429180119,31.149960618561277,0.8004134756893906
S03531,0,-1.208950351744862,urbain,français,F,0,0,0.7594385270695994,0.3146820912738492,58.06780284789467,0.8701260089398297
S03532,0,-1.1943989026420392,rural,wolof,H,0,0,0.361886464303974,0.644027733588874,45.134656101997166,0.7045220166395489
S03533,0,-0.2785076464171287,urbain,autre,F,0,1,1.508379536169013,0.4156497624080778,33.19478425771541,0.9005574121158803
S03534,0,-1.2999003579487856,rural,autre,F,1,1,-0.5128143979953421,0.7081781222145452,45.60389085331179,0.5491712676623424
S03535,0,-1.0225316465695309,rural,wolof,F,0,0,-0.5589055756131087,0.4865479120805836,48.55678940025663,0.7109699623278404
S03536,0,-0.8481136572816967,urbain,autre,F,0,1,-0.5950300302811243,0.8008200908596916,49.433477304359805,0.5306108158206555
S03537,0,-0.33289980417768833,urbain,wolof,F,0,0,0.8036427494500231,0.7366970831925255,51.340377976617184,0.7805997876406147
S03538,1,0.5969146118472579,urbain,wolof,H,1,0,1.050436228132796,0.08138029012365246,36.54240567477368,0.8820744080582065
S03539,1,0.011761106425645063,urbain,français,F,0,1,-0.6770804424361538,0.07369696413158303,36.32221026271471,0.8083856934145401
S03540,0,-1.492986791409668,urbain,wolof,F,1,0,0.361886464303974,0.640694506531752,45.97349625998555,0.7921832996925389
S03541,1,0.36926820625856416,urbain,wolof,F,0,0,1.050436228132796,0.06153838394641137,30.866185121525326,0.8886816680056123
S03542,1,1.0568203973979873,urbain,français,H,1,0,1.050436228132796,0,36.506449474708326,0.912940281165504
S03543,0,-0.5513981722508233,urbain,wolof,H,0,0,0.7594385270695994,0.29003641702394994,40.81994281856746,0.8704265908124739
S03544,1,0.16350115374564922,rural,autre,H,0,1,0.5436260064330518,0.513483072951204,42.12772486347176,0.8291076490948243
S03545,0,-0.4347051911654794,urbain,wolof,F,0,0,0.4625650775900469,0.0094723395166836,48.26197306773243,0.8594775102806135
S03546,1,0.5030253016674099,urbain,wolof,F,0,0,-0.09886818526410894,0.39137782379546093,44.22234844185486,0.7873017231848803
S03547,0,-0.5847169889501141,rural,autre,H,0,1,-0.5950300302811243,0.72563666331991,45.585731991242106,0.5492452382014106
S03548,1,0.9267366527570816,urbain,français,F,0,0,0.4625650775900469,0.04323296345700069,42.713296640537024,0.914189958764897
S03549,0,-0.03417056111611703,urbain,wolof,F,0,0,-1.961883486465059,0.3622653303373413,61.03533984740864,0.6103130975362554
S03550,0,-0.7381889889836359,urbain,wolof,F,0,0,-0.5589055756131087,0.512254384321738,66.48598534649905,0.6540714471022726
S03551,0,-0.3800347614580449,urbain,wolof,H,0,0,0.7594385270695994,0.26510601806414763,38.5865279961142,0.8610718049963165
S03552,0,-1.6899752431780453,urbain,autre,F,0,1,-1.7249192939776967,0.577404105476174,55.005116679881795,0.5575842221028068
S03553,0,-1.1094915993836187,urbain,wolof,F,1,1,-0.5128143979953421,0.7021636455790211,42.598933248075745,0.6927349772874475
S03554,0,-0.6549427800227138,urbain,français,H,1,1,-0.5950300302811243,0.748570767343936,39.68165641504108,0.6138562643371389
S03555,0,-1.6252318283400955,rural,autre,H,0,1,-0.5128143979953421,0.663773123818109,53.50155377168955,0.6402468908342818
S03556,0,-0.48756066495896294,urbain,wolof,F,0,0,-1.961883486465059,0.3680074204003907,53.080092609380785,0.5807195455617253
S03557,0,-1.7870060957948302,rural,autre,H,0,1,-1.7249192939776967,0.5263790388618002,51.08500751786905,0.6063335368356855
S03558,1,0.4087863007364558,urbain,wolof,H,0,0,1.050436228132796,0.1593725140620945,43.17101511970658,0.8921902806836642
S03559,0,-1.026895530532936,rural,wolof,H,1,0,0.361886464303974,0.6062945965701908,48.084225061960645,0.7452706849216443
S03560,0,-1.7786090976764355,rural,wolof,F,0,0,-0.5589055756131087,0.4428294508756171,56.825738158542784,0.6056690230883639
S03561,1,0.8255373380862329,urbain,français,F,0,0,0.4625650775900469,0.0157433971635118,36.06609633065623,0.8577485918334296
S03562,1,0.5175068245048248,rural,français,F,0,1,0.5436260064330518,0.5148871358301994,37.09517054201368,0.8515381596752781
S03563,0,-0.6640649801059458,urbain,wolof,H,1,1,-0.5950300302811243,0.7659811966812624,45.722863800838695,0.616702623714788
S03564,1,1.146931460750249,urbain,français,H,0,0,1.050436228132796,0.1364383070424218,36.99642203096201,0.9010759606453228
S03565,1,0.8481590418367754,urbain,wolof,H,0,0,1.050436228132796,0.19120184555409536,38.31320663503194,0.8832877001742141
S03566,0,-0.9877505454597678,urbain,wolof,F,0,0,0.7594385270695994,0.26386546400276634,47.18574008279233,0.8584164253143634
S03567,0,-0.4079791289422804,urbain,français,F,0,0,-0.09886818526410894,0.4109151739031436,43.10536048407572,0.760945809849208
S03568,0,-2.1669732558123243,rural,autre,H,0,0,-1.961883486465059,0.2664541534653191,47.26081247304296,0.5648835504071589
S03569,0,-0.22154914938569956,urbain,autre,H,0,0,-0.5589055756131087,0.5028957796254867,46.993405754471624,0.6695158241113097
S03570,0,-0.07680916014070423,urbain,français,F,0,1,-0.6770804424361538,0,38.38756813193581,0.821725718040881
S03571,1,0.9526042530223138,urbain,français,F,0,1,-0.6770804424361538,0.0156523937732475,34.351120383740685,0.827986327577303
S03572,1,1.5949229174020045,urbain,wolof,H,0,0,0.4625650775900469,0.10096366827365866,32.38561168393696,0.867750424462662
S03573,0,-0.5515958312337343,urbain,wolof,F,0,0,-0.09886818526410894,0.4246803519797987,43.31560801821246,0.801468221737836
S03574,0,-0.5335251191002848,urbain,français,F,0,1,1.508379536169013,0.4275969498473165,34.68079814828979,0.8699286286644122
S03575,0,-0.16427445221901738,urbain,français,H,0,0,0.361886464303974,0.7097841962083697,52.356373935294805,0.7224954355556121
S03576,1,0.5110616820693712,urbain,autre,H,0,0,0.7594385270695994,0.286405148247987,43.654714785456214,0.8530603231134994
S03577,0,-1.659331478456534,urbain,wolof,H,0,0,-1.961883486465059,0.3269405373903214,63.856301425662494,0.5819139614846595
S03578,0,-0.6536311102325302,rural,wolof,H,0,0,-0.5589055756131087,0.46270798970403343,48.15047897123192,0.7049423675480914
S03579,1,0.22755514908272861,urbain,wolof,F,0,0,0.4625650775900469,0.04775881058594221,40.396745106107375,0.8729418913527295
S03580,1,0.7322850803349424,urbain,wolof,F,0,0,1.1358119908378483,0.08178336309564882,32.30459951039401,0.8917319544303165
S03581,0,-0.6923958296574744,urbain,wolof,H,1,0,0.7594385270695994,0.2777528624246641,42.611309095515615,0.8718676151518223
S03582,1,0.07421239634261415,rural,wolof,H,0,1,-0.6770804424361538,0.10422349035307106,35.87466039738747,0.8406340974159487
S03583,0,-0.4388163265222283,urbain,wolof,H,0,1,1.508379536169013,0.3998834253544809,32.24799741076662,0.8950525154427817
S03584,0,-0.7206482520547712,rural,autre,H,0,1,-0.5950300302811243,0.845804951835842,52.67253629784585,0.5871844810209431
S03585,0,-1.5353858733105243,urbain,autre,H,0,0,-0.5589055756131087,0.435516646257339,45.334026363575006,0.6992934033502859
S03586,1,2.0833263246802187,urbain,français,F,0,0,1.050436228132796,0.15317739459963836,37.26287182187176,0.914351266751378
S03587,1,1.1776109103548045,urbain,français,H,0,0,1.050436228132796,0.1483897647572366,52.84839887814312,0.8401590453755357
S03588,0,-0.1476489050126709,rural,wolof,F,0,0,-1.961883486465059,0.3061066685285379,72.96073318379484,0.6868839983583492
S03589,1,0.39725809551835023,rural,wolof,H,0,0,1.050436228132796,0.2808407253821673,40.064480022284194,0.8853908474098223
S03590,1,0.098694828775825,urbain,français,F,1,0,1.050436228132796,0.08489304563735717,42.115598017865544,0.9249514913375376
S03591,0,-0.020930334263861816,urbain,autre,H,0,0,1.1358119908378483,0.00945689509474197,35.578160384108415,0.9106692828812296
S03592,0,-0.033095647816420964,urbain,français,H,1,1,0.5436260064330518,0.47035243884451206,34.193290538467565,0.8144074096206568
S03593,1,0.4776392990019343,urbain,français,H,0,0,1.1358119908378483,0.07435629299146582,35.14644636094502,0.9145518316091096
S03594,1,0.37736114893411876,urbain,wolof,H,0,0,1.050436228132796,0.1926468318702469,33.98702540600993,0.8669831234016746
S03595,0,-0.06672994192499453,urbain,français,H,0,1,-1.7249192939776967,0.509614986270132,38.30271950967849,0.6077897292180476
S03596,1,0.6278788463762659,urbain,français,H,1,0,0.7594385270695994,0.35791096809594347,39.97720289796819,0.8179797400549507
S03597,0,-0.8413409691999163,rural,français,H,0,0,0.8036427494500231,0.7313365692243997,52.689635710583254,0.7391564438516568
S03598,0,-0.4374454382433106,urbain,wolof,H,0,0,0.361886464303974,0.6936077734382384,42.05049048856075,0.7654486062368678
S03599,1,0.34302887213303074,rural,wolof,F,0,1,-0.5128143979953421,0.7567294776983754,47.76222926401205,0.5936931638974198
S03600,0,-0.9357674269220356,urbain,autre,H,0,0,1.1358119908378483,0.10769289424842315,40.79036661906394,0.8970668613229908
S03601,1,0.7082638414398027,urbain,français,H,1,0,-0.09886818526410894,0.3672926580160219,55.660926292807986,0.7301007547524496
S03602,0,-0.4712404739882707,rural,autre,H,0,0,0.4625650775900469,0.14533664415852565,39.54498276233809,0.8401124678614582
S03603,1,0.8124866258064183,urbain,français,H,0,1,1.508379536169013,0.3442162716715834,37.16971419570626,0.9043754790617542
S03604,1,0.13797550009780374,rural,wolof,H,0,0,-0.5589055756131087,0.3922139977741983,52.21258608318497,0.7501957952086862
S03605,0,-1.192425182833554,rural,autre,H,1,1,-0.5950300302811243,0.7031701294751366,50.70865066303216,0.653445482104191
S03606,0,-0.20803012598670995,urbain,autre,H,0,0,1.050436228132796,0.20473868853492028,37.33396110707507,0.8336494234562227
S03607,1,0.5889237738310953,urbain,wolof,F,0,0,0.4625650775900469,0.01027954728991495,38.6919200326578,0.8463566624865287
S03608,1,1.1454238594502293,urbain,français,H,0,1,1.508379536169013,0.4392112577863927,26.786766927027692,0.876404882081804
S03609,0,-1.1535664288291918,urbain,wolof,F,0,0,0.8036427494500231,0.7164314122261864,36.382279393246975,0.787170053806333
S03610,1,1.093696324927114,urbain,français,F,0,0,1.050436228132796,0,36.506449474708326,0.912940281165504
S03611,1,0.06207514820797457,urbain,wolof,H,0,0,-0.5589055756131087,0.42730394470438415,52.03922188946359,0.8107708321237325
S03612,1,0.4381360017006083,urbain,français,F,0,1,0.5436260064330518,0.4606223079315,32.80217125927225,0.7853325311195959
S03613,1,1.968545562870603,urbain,wolof,H,0,1,-1.7249192939776967,0.5658466650718773,39.349869923482274,0.5551838016821533
S03614,0,-9.726830674895173e-4,urbain,wolof,F,0,0,1.050436228132796,0.17281076122788436,35.53439626178085,0.8925435197953266
S03615,0,-0.2178113854580236,urbain,français,H,0,0,1.050436228132796,0.20016984725960207,42.088944717770126,0.879816214892787
S03616,1,0.26088383189631714,urbain,wolof,F,0,1,0.5436260064330518,0.5532064037882197,39.16495371641064,0.7949469064496699
S03617,0,-1.0118311393560353,rural,autre,H,0,0,-1.961883486465059,0.3004880656598285,72.10151624241878,0.6477017266978895
S03618,0,-0.1429492181353374,urbain,wolof,H,0,1,-0.6770804424361538,0.02464293115937007,32.62765358844042,0.8218816352636815
S03619,0,-0.6232428456624244,urbain,wolof,F,0,0,0.361886464303974,0.6374233220214067,52.105635666316985,0.7343300877932669
S03620,1,1.1290779502899426,urbain,français,H,0,0,1.050436228132796,0.19120184555409536,38.31320663503194,0.8832877001742141
S03621,1,0.1560657505513633,rural,wolof,H,0,0,1.050436228132796,0.18073465091535243,43.63973773016813,0.905697123186824
S03622,0,-1.916262122060303,urbain,wolof,F,0,0,-1.961883486465059,0.2511016360990062,46.41487647172814,0.5356422709069907
S03623,0,-1.9101421888834857,urbain,wolof,F,0,1,-1.7249192939776967,0.5720828261119448,49.33520424047252,0.4585178349777224
S03624,0,-0.15537174455239083,rural,wolof,H,0,0,-0.4962851679537585,0.8156235187821074,50.08499708235456,0.7864546881814249
S03625,0,-0.3223303122112937,urbain,français,F,1,0,1.1358119908378483,0.08178336309564882,32.30459951039401,0.8917319544303165
S03626,0,-0.24651659153617098,urbain,français,H,0,0,1.1358119908378483,0.08800357261746489,33.77139683181564,0.9186010379218263
S03627,0,-0.5161989943126984,urbain,français,H,0,1,-0.5950300302811243,0.7228221893165607,40.048550513247825,0.579245585258086
S03628,1,0.4615525055131705,urbain,wolof,H,0,0,-0.5589055756131087,0.4783193344885911,56.6189315046247,0.6785074199662712
S03629,1,1.0419148231788378,urbain,wolof,F,0,1,1.508379536169013,0.3802186876633624,36.87974047513777,0.8883563817644721
S03630,1,0.6133300076298516,urbain,wolof,F,0,1,-0.6770804424361538,0.03028183808659074,35.0400278776362,0.8096969359455612
S03631,0,-1.3187821896989198,urbain,français,F,0,0,-1.961883486465059,0.3269405373903214,63.856301425662494,0.5819139614846595
S03632,1,0.08299335720007518,urbain,wolof,F,0,1,-0.6770804424361538,0.08332851927269808,41.77376122017218,0.774757537334232
S03633,1,0.02994804536884916,rural,wolof,H,1,1,1.508379536169013,0.3483536684641407,33.3464298886397,0.9132724277673748
S03634,1,0.24904932511469252,rural,wolof,F,0,0,0.8036427494500231,0.7051867729866537,53.79073990183358,0.7599177213737025
S03635,0,-0.3981806182784173,urbain,français,H,0,0,-0.5589055756131087,0.5756833014458351,66.31652366355888,0.645607564661504
S03636,0,-1.0971855827226629,rural,français,H,0,1,-0.5950300302811243,0.7356442041984333,52.593912819788734,0.6690676226742576
S03637,1,0.9458722704957249,urbain,français,F,0,1,-0.6770804424361538,0.06855578114547911,31.8596037991722,0.8038743422626115
S03638,0,-1.8497968741856372,rural,wolof,H,0,1,-1.7249192939776967,0.523454184104953,33.11905610511068,0.5259865338534826
S03639,1,0.38027483504657505,urbain,français,H,0,0,-1.961883486465059,0.2394776636353287,46.418204635389415,0.667489209552887
S03640,1,0.535075569032823,urbain,autre,F,0,0,1.050436228132796,0.07161191754592772,40.86255287300537,0.8982412483184014
S03641,0,-0.009054652675364623,urbain,français,H,0,0,1.050436228132796,0.1852793003239873,32.0376238831347,0.8623435084463661
S03642,1,0.08728235327888902,rural,français,H,0,0,0.8036427494500231,0.5999909242079225,48.429671435475136,0.709914428092564
S03643,1,0.7325700920301037,urbain,wolof,F,0,0,0.8036427494500231,0.7020780085173379,51.45271871615754,0.737337152321764
S03644,0,-0.7837081878400319,rural,autre,H,0,1,0.5436260064330518,0.5572219965411759,33.30003813130747,0.8093039298020196
S03645,0,-0.009708494331529928,urbain,wolof,H,0,1,-0.6770804424361538,0.09854364716696944,35.91008198025409,0.7325926703049446
S03646,0,-0.12467554160006251,urbain,autre,F,0,0,0.7594385270695994,0.2714316716055994,43.159517193501145,0.8496152265988243
S03647,0,-0.7211397535045476,urbain,français,F,0,0,0.4625650775900469,0.0202479263953208,33.68912749685439,0.8599373570927702
S03648,0,-0.3706378201108548,urbain,autre,H,0,0,-0.09886818526410894,0.23412629153972492,48.66154122502965,0.8343421333657831
S03649,0,-1.1730243077425713,urbain,wolof,H,1,0,-1.961883486465059,0.30151997206628783,57.38054215166718,0.6117753909909984
S03650,0,-0.3786674233118541,urbain,français,H,0,0,-0.09886818526410894,0.389382669021323,43.12720446942489,0.7623837798599115
S03651,0,-0.7739692239553686,urbain,wolof,F,0,0,-1.961883486465059,0.32767467101153347,62.5821747745732,0.6043283904436301
S03652,1,1.297493260007627,urbain,français,H,0,0,0.4625650775900469,0.02844062319499572,45.5585406168821,0.8626964326507287
S03653,0,-0.14091209722043094,rural,autre,H,0,0,0.7594385270695994,0.30120207501156465,38.206893603729775,0.8481401276939459
S03654,1,0.8513088875077083,rural,français,H,0,0,0.7594385270695994,0.3103943266580917,47.83175407090909,0.867012474033572
S03655,1,0.9231618037246363,urbain,français,H,0,0,1.050436228132796,0.17816774769029353,33.884741497433005,0.8920062223987566
S03656,1,0.1942768186141561,rural,wolof,H,0,0,0.7594385270695994,0.2634387839765235,47.13686232947739,0.9024160031921372
S03657,0,-1.991932402885486,rural,autre,H,0,0,-0.5589055756131087,0.385073133880568,48.624413638884754,0.7140271408319211
S03658,0,-0.5839483246559373,urbain,wolof,F,0,0,0.4625650775900469,0.05252728211602112,37.31127904059993,0.8700738996911963
S03659,1,1.184099845891263,rural,wolof,H,0,1,-0.5950300302811243,0.8187648809556562,43.87769533644156,0.5552505503334797
S03660,0,-0.2638441054024106,urbain,français,H,0,0,0.8036427494500231,0.6913640060859119,45.18719266486295,0.7430574066502216
S03661,0,-0.19727745514547493,urbain,français,F,0,0,0.8036427494500231,0.6786869185851926,45.4859209355842,0.769601237776089
S03662,0,-0.7397750681032563,urbain,autre,F,0,0,1.050436228132796,0.1432825685153965,39.25570072274997,0.8984344841778354
S03663,0,-0.20021533968902552,rural,wolof,H,0,1,0.5436260064330518,0.5088844855384119,39.088783181121954,0.7064886760132739
S03664,0,-0.8623816772377403,urbain,wolof,F,0,1,-1.7249192939776967,0.5586840035085601,35.50470651747166,0.5327635703471748
S03665,0,-0.581327270210832,urbain,autre,F,0,0,0.8036427494500231,0.7917735337885072,53.85639362854081,0.7366299533482009
S03666,1,0.0028774469437799766,urbain,français,H,0,0,0.7594385270695994,0.3025241349203934,43.32296938089201,0.8545340593955568
S03667,0,-0.8133968682572823,rural,wolof,H,0,1,0.5436260064330518,0.5500918177702355,36.20107886436677,0.7737317752594551
S03668,0,-0.024707334020130783,rural,wolof,H,0,0,-1.961883486465059,0.28703095383416344,56.34080650139264,0.6217431563192473
S03669,0,-0.17300776348735544,urbain,français,F,0,0,0.361886464303974,0.640694506531752,45.97349625998555,0.7921832996925389
S03670,0,-1.1936528138227493,urbain,wolof,F,0,1,-0.6770804424361538,0.02017297436512773,28.125217710233503,0.7890406324413853
S03671,1,1.1219376261688758,urbain,français,H,0,1,0.5436260064330518,0.5382826718918078,38.784374533724694,0.8452592922549564
S03672,1,0.9256424437959677,urbain,français,H,0,0,0.4625650775900469,0.02282193469564797,35.797436912916844,0.8335516111140914
S03673,0,-0.15523324898871105,urbain,français,H,1,1,0.5436260064330518,0.5454833256822641,37.82384666067629,0.7815273852766235
S03674,1,0.2100436220694961,urbain,wolof,H,0,0,1.050436228132796,0.11746974309401968,39.21498638950245,0.8859055765873971
S03675,0,-1.033631887776699,urbain,wolof,F,0,1,-0.6770804424361538,0.0103365236629891,29.784759731311432,0.8083669231582978
S03676,1,2.1323650422289577,urbain,français,H,0,0,0.4625650775900469,0,30.769629068508102,0.8482329150605874
S03677,0,-1.0550874748362136,urbain,français,F,0,0,-1.961883486465059,0.35279029300897313,49.28767960852426,0.6725549846721103
S03678,1,0.6943421947691304,rural,autre,F,0,0,-0.09886818526410894,0.3493026718119098,45.211615073293366,0.8416137055615908
S03679,0,-1.5082296928502048,urbain,wolof,F,0,0,-1.961883486465059,0.29391035195721865,57.35273722076751,0.61577309825184
S03680,1,2.064974172358961,urbain,français,H,0,0,1.050436228132796,0.1477289143262595,41.0443556564698,0.902036149085048
S03681,1,1.1495203037866408,rural,autre,F,0,1,1.508379536169013,0.4167613332165171,29.347240635333534,0.8346603794307801
S03682,1,0.3511715826603469,urbain,wolof,H,0,0,-0.09886818526410894,0.30506526423453956,47.33882222212311,0.8420028110260493
S03683,0,-0.1250871196528846,urbain,français,F,0,0,1.050436228132796,0.2469940622039072,50.05247562202982,0.8838481067363437
S03684,0,-0.5957463978171448,urbain,français,H,0,0,-0.5589055756131087,0.416597638532018,46.21103669987837,0.7219817513493985
S03685,1,1.1400354683028218,rural,français,H,0,1,-1.7249192939776967,0.5130500020124457,48.83756940432218,0.64821952274322725
S03686,1,0.5808661837540704,urbain,français,F,1,0,1.050436228132796,0.1970893196214375,39.69103274178491,0.8830965510633257
S03687,0,-0.5610041231537808,rural,wolof,F,1,1,0.5436260064330518,0.617551924034801,48.41868383363127,0.7950427612975997
S03688,0,-0.4098252762493226,urbain,français,H,1,1,-0.5950300302811243,0.8572816514871257,43.56155894053923,0.6418208942264966
S03689,1,0.9855528671130431,urbain,wolof,H,0,0,0.4625650775900469,0,33.902697215232145,0.8938249483494181
S03690,1,0.9916897001672687,urbain,wolof,H,0,1,-0.6770804424361538,0,36.31808543467898,0.8124818160742953
S03691,1,0.8421105749399652,urbain,français,H,0,0,1.050436228132796,0.11528709953313016,32.870175198801164,0.8870396075325968
S03692,1,0.5980416761570436,urbain,français,H,0,0,1.050436228132796,0.19229690005736172,49.112150424714606,0.927482998237756
S03693,0,-1.1451085862649706,rural,wolof,H,0,0,-0.09886818526410894,0.407196355479178,51.71366280882015,0.7987072675460203
S03694,0,-0.6509456155849928,urbain,français,H,1,0,-0.09886818526410894,0.3138777277863455,49.190830046886354,0.8471593710467128
S03695,1,1.8163117624376335,urbain,autre,H,0,0,1.050436228132796,0.08879386649503476,38.58182626411118,0.9032542552255124
S03696,1,0.9395194515079126,rural,français,H,0,0,1.1358119908378483,0.00647992128404446,30.503908224224823,0.9164906569104524
S03697,0,-1.200441705529159,urbain,wolof,F,1,0,-0.5589055756131087,0.3995568834085872,51.88151860042169,0.7646550776749578
S03698,1,0.4793033195415836,urbain,wolof,H,0,0,-1.961883486465059,0.2808897576388816,41.99441294155896,0.5376885775335474
S03699,0,-2.4771404706209126e-4,rural,autre,F,0,0,0.361886464303974,0.5910765691994567,43.53750180377538,0.709993961145262
S03700,1,0.813865113832993,rural,autre,H,0,0,0.4625650775900469,0.00441227530497582,37.23878870472499,0.8918312061204907
S03701,0,-0.9003362554989651,rural,autre,F,0,0,-1.961883486465059,0.32607005661260985,65.7565502936223,0.5172864809322725
S03702,1,1.1054459908617407,urbain,français,H,0,0,-0.09886818526410894,0.3781232908496863,45.85017478658638,0.7549594365375958
S03703,1,0.7766392908183539,urbain,français,F,0,0,1.050436228132796,0.12615139687396565,36.6970354673006,0.9228321750955298
S03704,1,0.08156540988323789,rural,autre,H,1,1,-0.5128143979953421,0.668677252457378,44.31808639278128,0.6830149209862113
S03705,1,0.054793432411517684,urbain,français,F,0,0,-0.09886818526410894,0.3722183305837076,45.11491668246681,0.7456395038337805
S03706,1,0.10448929077681772,rural,wolof,F,0,0,-0.09886818526410894,0.33496577096446073,56.4287414161062,0.7639219777912523
S03707,1,0.7956554355858536,rural,français,F,0,0,1.050436228132796,0.2622432747048954,43.98844754061836,0.8384829071507529
S03708,0,-0.6561452495299339,rural,autre,F,0,0,1.050436228132796,0.18001295487046,43.56433659758507,0.8763071459018132
S03709,1,0.3100143574840624,urbain,autre,F,1,1,-1.7249192939776967,0.5460167524555846,34.498887156465884,0.5314305049773596
S03710,1,0.2360492769673612,urbain,wolof,F,1,1,1.508379536169013,0.3469356114709403,31.303442401832495,0.8697732753833336
S03711,0,-0.3488021719242377,urbain,autre,H,0,0,-1.961883486465059,0.2728736755166916,59.99546059174233,0.5790155586659149
S03712,1,0.3312041616745806,urbain,français,F,0,1,-0.5950300302811243,0.7659811966812624,45.722863800838695,0.616702623714788
S03713,1,0.3225260095740232,urbain,wolof,F,0,0,0.4625650775900469,0.08519535361830324,47.18293992475088,0.8864170862971759
S03714,0,-1.7938885354403031,rural,autre,H,0,1,-0.5950300302811243,0.7689007292289847,43.308931039731675,0.5738197411051164
S03715,0,-0.5915309902453308,urbain,français,H,0,0,-1.961883486465059,0.2728736755166916,59.99546059174233,0.5790155586659149
S03716,0,-0.8419935216054165,urbain,français,F,0,0,0.8036427494500231,0.6682107305657168,49.01490431230757,0.7675666319787471
S03717,1,0.9911790146430797,urbain,français,F,0,0,0.4625650775900469,0.06737482179336748,34.98515474209876,0.8390466521461981
S03718,1,0.6116027460533012,urbain,wolof,H,0,0,0.7594385270695994,0.26510601806414763,38.5865279961142,0.8610718049963165
S03719,1,0.5090996248020355,rural,wolof,H,0,0,1.050436228132796,0.04492460433272824,38.12010226357278,0.9043365168269152
S03720,1,0.4670295274608548,urbain,français,F,0,0,1.1358119908378483,0.04814413203956069,36.660345582239955,0.9112453256817216
S03721,1,1.7530357673928807,urbain,français,F,0,0,1.050436228132796,0.10435350339359133,41.26800472228254,0.8977822515062837
S03722,0,-0.7810168025078555,urbain,wolof,F,0,0,-1.961883486465059,0.22547153486138805,54.23920222941309,0.6658455475743347
S03723,0,-1.197815634665791,urbain,français,H,1,0,-0.09886818526410894,0.34619190368033,55.08713860562849,0.7508078998803267
S03724,1,1.5537383492369021,urbain,autre,H,0,1,-0.6770804424361538,0.10985259294707388,35.86589785470573,0.849260411602415
S03725,0,-1.6883443044730257,urbain,français,H,0,1,-0.5950300302811243,0.7247426792333622,52.60850130737998,0.6443234480357964
S03726,1,1.0449160064152263,urbain,wolof,F,0,0,-0.09886818526410894,0.36989746386826766,45.37000270849182,0.7509652802160205
S03727,1,0.4604543442088742,rural,wolof,F,0,0,-1.961883486465059,0.2763305004142581,57.43207436622308,0.6048911756118555
S03728,1,0.46342062857135996,urbain,autre,H,0,0,1.1358119908378483,0.14098376870190535,35.577658864486324,0.8618303330594157
S03729,0,-0.7411538045618489,rural,wolof,H,0,1,-0.5950300302811243,0.7013003021234288,42.89541674936472,0.6265694112286979
S03730,0,-0.8726037400965434,urbain,wolof,F,0,0,-0.5589055756131087,0.4994428779223185,59.902976372839845,0.7494154053436556
S03731,1,1.419476301865098,urbain,autre,F,0,0,1.050436228132796,0.13687535208150522,30.84978997258485,0.9079565786865188
S03732,0,-0.3407019587786466,urbain,autre,H,0,0,1.050436228132796,0.10370363269518185,38.17329241113991,0.91084792647824
S03733,0,-1.3139009541307236,urbain,wolof,F,0,0,1.050436228132796,0.20016984725960207,42.088944717770126,0.879816214892787
S03734,1,0.24968987321103828,urbain,français,H,0,0,1.050436228132796,0.06153838394641137,30.866185121525326,0.8886816680056123
S03735,0,-0.01945369931796102,urbain,français,H,0,0,-0.09886818526410894,0.4272985594567309,44.93895797716985,0.7830325435067226
S03736,1,0.6979517181934072,urbain,français,F,1,0,1.050436228132796,0.11393598086116884,40.008893516696965,0.8964408952756843
S03737,0,-1.1164829389083124,urbain,français,F,0,0,1.050436228132796,0.1682371952975482,43.133526602826485,0.8882146838114701
S03738,1,1.2040504927981208,urbain,français,F,0,1,-0.6770804424361538,0,33.16741445599451,0.7638360113365962
S03739,0,-0.4261170133082069,rural,autre,F,0,1,-1.7249192939776967,0.6024465874954554,51.368709563008494,0.6224508786850957
S03740,0,-0.7721599545062316,urbain,français,H,1,0,-1.961883486465059,0.31919012961133475,55.48263106745328,0.5554486111107972
S03741,1,0.12116316003836301,rural,autre,H,0,0,0.7594385270695994,0.3619800078754248,38.48304380574398,0.8849620360977194
S03742,1,0.9720971346195593,urbain,français,H,0,0,0.4625650775900469,0.03543079835996483,40.55858803097049,0.9063082938802278
S03743,0,-1.389402361222027,urbain,français,H,0,0,-0.09886818526410894,0.41783906222989176,47.83765428234303,0.8003842292057428
S03744,0,-1.4589717365595578,rural,wolof,F,1,0,0.8036427494500231,0.7834983103425105,51.349344071578486,0.8083213919759448
S03745,0,-1.1074240201961638,urbain,français,F,0,0,-0.5589055756131087,0.4794841544243476,55.60574432826484,0.6314149548065474
S03746,0,-1.923533977975436,urbain,wolof,H,0,1,-1.7249192939776967,0.6059752969437122,40.12016147891059,0.5214668986294978
S03747,1,0.8367224934506067,urbain,wolof,F,0,1,1.508379536169013,0.41241192994376,26.40089673557479,0.8953747009610666
S03748,0,-0.40986586919013246,rural,autre,H,0,0,-1.961883486465059,0.31077288828621125,55.64960342051833,0.6351408055338449
S03749,0,-0.9968374632839534,rural,français,H,0,0,-1.961883486465059,0.3004880656598285,72.10151624241878,0.6477017266978895
S03750,0,-0.7958811012894089,urbain,wolof,F,0,0,-1.961883486465059,0.3667993718300264,61.74341463518388,0.6703836000142855
S03751,0,-1.0036847265199746,rural,wolof,F,0,1,-0.5950300302811243,0.7301503197821059,55.7611253344545,0.6514888622175683
S03752,1,0.0890334702153253,urbain,français,H,0,0,-1.961883486465059,0.2742963354847259,57.82907028863923,0.6819272274322944
S03753,0,-0.9718946683569862,urbain,autre,H,0,0,-1.961883486465059,0.3808527601565524,62.396299588271,0.5337732799333832
S03754,1,0.11030665365480499,rural,autre,H,0,0,1.050436228132796,0.1631672604336506,41.27563783207723,0.8694560614065938
S03755,1,0.22246946438835713,urbain,français,H,1,0,1.1358119908378483,0.07576338733221055,36.410837006978454,0.8794998512375207
S03756,0,-1.656371083638748,rural,wolof,F,0,1,-1.7249192939776967,0.5358611550801538,46.128014712884664,0.5191945184129112
S03757,1,0.258605923311318,urbain,français,H,1,0,0.4625650775900469,0.15959901067750393,43.40946548733255,0.8886043911676883
S03758,0,-0.5259692163650298,urbain,wolof,H,0,0,-0.5589055756131087,0.4197413172084292,56.656068324860144,0.6952658551172498
S03759,1,2.04517636391415,urbain,wolof,F,0,0,1.050436228132796,0.06898441156440202,37.22982106391432,0.9229139185649892
S03760,0,-0.552869888347224,urbain,français,H,0,0,0.361886464303974,0.7186734210190866,54.42209266497197,0.6725089960090186
S03761,1,0.07996897697321742,urbain,wolof,F,0,0,1.1358119908378483,0.00798932086256004,39.33078836082033,0.9116713555110862
S03762,1,0.3865624267259545,urbain,français,F,0,0,1.050436228132796,0.13970125939893854,41.920743908082954,0.8994547210919774
S03763,0,-0.6100577478649469,urbain,français,H,0,1,-0.5128143979953421,0.6140873230203723,40.775144011918094,0.6459990901821588
S03764,0,-0.9653547951003242,rural,autre,H,0,1,-0.6770804424361538,0.10794607992051627,34.17296016598278,0.780470154831951
S03765,1,0.5789972925380511,urbain,français,H,0,0,-0.09886818526410894,0.3940897831755785,49.07656479158359,0.730095246615402
S03766,1,0.0447456624774893,urbain,français,F,0,0,-0.09886818526410894,0.2564238461736586,59.872277676304854,0.8126381433249972
S03767,0,-0.7308631613317511,urbain,wolof,F,0,0,-0.09886818526410894,0.29774330042338387,41.42221604836386,0.800259447631603
S03768,1,0.06867767371551162,rural,wolof,H,1,0,1.1358119908378483,0,39.03180483229412,0.8860217166700879
S03769,0,-1.241975419032399,urbain,français,H,1,0,-1.961883486465059,0.2871446166121612,54.070140146987875,0.6188830540596496
S03770,0,-0.3905299157920427,urbain,français,F,0,1,-0.6770804424361538,0.09412973210732424,29.26966683590149,0.8245277605970116
S03771,0,-0.24066656527702143,rural,wolof,F,0,0,-1.961883486465059,0.3013368820878369,60.38964693635776,0.6484200403355493
S03772,1,0.5080561996067434,urbain,français,H,0,0,1.050436228132796,0.1777413914745075,40.34230556679898,0.8842222360594497
S03773,1,0.21272615989185634,urbain,wolof,H,0,0,1.050436228132796,0.15304853201134433,42.91352149791242,0.8941601698458608
S03774,1,0.26871154424142607,urbain,français,H,0,0,0.4625650775900469,0,33.902697215232145,0.8938249483494181
S03775,1,0.5581557961715183,urbain,français,H,0,0,-0.09886818526410894,0.42663874671065144,46.738161925935415,0.7943510423041089
S03776,1,0.8149128288583277,urbain,wolof,F,0,1,-0.6770804424361538,0.07082194791452923,29.82457458074482,0.7733354345010305
S03777,1,0.26464385514672323,urbain,wolof,H,0,0,1.1358119908378483,0.03175986522528504,39.674614703360135,0.9060002382696476
S03778,1,1.1895846461934712,urbain,français,H,0,0,0.8036427494500231,0.6921933513564456,59.2939284232036,0.7319249114654173
S03779,1,0.6157446106620071,urbain,français,F,0,1,0.5436260064330518,0.5634905033123634,34.169347103329216,0.8094161309905927
S03780,0,-1.7539912918906007,urbain,autre,F,1,1,-0.6770804424361538,0.1681914159222684,35.62816714722572,0.7811188081857413
S03781,0,-1.296979056774267,urbain,français,F,0,1,-0.5128143979953421,0.8198976262773685,39.53406848743345,0.583946588095006
S03782,0,-1.1621013001025127,urbain,français,H,0,1,1.508379536169013,0.3771660476637896,35.38632641906463,0.8841642365674504
S03783,0,-0.021737113030661524,urbain,français,F,0,0,-1.961883486465059,0.31648867991013724,54.701053842840054,0.5899414600707947
S03784,1,0.5178067440763752,urbain,français,H,0,1,1.508379536169013,0.43413665968915743,37.53285875037109,0.8592580440158185
S03785,0,-0.1635925893174004,urbain,wolof,F,0,0,0.7594385270695994,0.21000592268895668,38.50101198882818,0.8763970728761384
S03786,1,1.0546992049731656,urbain,wolof,F,0,0,1.050436228132796,0.17744713046363178,40.80143528590327,0.8928570083700045
S03787,1,0.4504159840182432,urbain,français,F,0,0,1.1358119908378483,0.09386231648172676,41.83352887682583,0.860762762874552
S03788,1,1.5745100762007078,urbain,wolof,H,0,0,-1.961883486465059,0.3309676114406315,59.16695105398159,0.5527271957799679
S03789,1,0.7237999081236006,urbain,français,F,0,0,-0.09886818526410894,0.2564238461736586,59.872277676304854,0.8126381433249972
S03790,1,0.15497639398358978,rural,wolof,F,0,1,-0.5128143979953421,0.7012242578986085,53.413478288861135,0.6582255287640131
S03791,0,-0.516563274934009,rural,français,F,0,0,-0.5589055756131087,0.4972252268586575,61.71863281634688,0.6226643589641943
S03792,1,0.43478788849449307,urbain,français,F,0,0,1.1358119908378483,0,38.848156268145175,0.9144807601338376
S03793,0,-0.459174543629124,urbain,wolof,F,0,0,-0.09886818526410894,0.41783906222989176,47.83765428234303,0.8003842292057428
S03794,0,-0.1097522720283448,urbain,wolof,H,0,0,-1.961883486465059,0.3680074204003907,53.080092609380785,0.5807195455617253
S03795,1,1.5859998467130323,rural,wolof,H,0,0,1.1358119908378483,0.06951326321539605,35.28608573056052,0.9091729074575746
S03796,1,0.8931615090158435,urbain,français,H,0,0,-0.09886818526410894,0.3211662518857979,47.430105868611264,0.7759381502086695
S03797,0,-0.14198376708592955,rural,wolof,F,0,1,0.5436260064330518,0.5621091409001692,32.58804625416668,0.7705844354109596
S03798,1,0.7634445019929306,urbain,wolof,F,0,0,1.050436228132796,0.08036611068877551,34.62602267076223,0.889416994548481
S03799,0,-0.34419898009026384,urbain,français,F,0,0,-0.5589055756131087,0.4029174181257962,52.882779886579385,0.6496449799291986
S03800,1,0.17428761309692906,rural,wolof,F,0,1,-0.5950300302811243,0.7687586192182965,47.02834632825955,0.680496677095124
S03801,1,1.1126058140905335,rural,français,H,1,0,-0.4962851679537585,0.952723506796724,56.13922373776416,0.6789840689739323
S03802,0,-0.8573353384712883,rural,wolof,H,0,0,1.050436228132796,0.19563689143403,37.46154101783056,0.8652016873199698
S03803,0,-2.1344665217705185,urbain,français,F,0,0,-1.961883486465059,0.26048400788215453,61.98899756788107,0.547031219556505
S03804,0,-0.010715304993544117,rural,wolof,F,0,0,-0.5589055756131087,0.3988963000628554,56.89124524982661,0.7177127253905133
S03805,0,-0.8722761763769679,urbain,wolof,F,0,1,-0.6770804424361538,0.06653333030898843,30.446273509913972,0.7759152614368132
S03806,0,-0.4240686606878292,urbain,wolof,H,0,0,1.050436228132796,0.10370363269518185,38.17329241113991,0.91084792647824
S03807,0,-1.0323781491164339,rural,wolof,F,0,0,-0.5589055756131087,0.4418432085042817,46.45528104626845,0.7416444294935257
S03808,0,-0.7531430886943299,urbain,français,F,0,0,1.050436228132796,0.14947768414121498,43.90435067675417,0.8255014716282962
S03809,1,1.8377907616602047,urbain,français,H,0,0,1.1358119908378483,0.07201266338752471,41.76816077143502,0.9297611195526676
S03810,1,2.0005168681258527,urbain,wolof,H,0,0,0.7594385270695994,0.3036007987136049,48.29430464032033,0.8880207036621104
S03811,1,0.2305830315153117,rural,wolof,H,0,1,0.5436260064330518,0.5594325846340142,33.233668320232844,0.8279913436247532
S03812,1,2.0592315430296786,urbain,français,F,0,1,1.508379536169013,0.3945130697455485,24.6227565740197,0.8748054471671788
S03813,1,0.9998158156623866,rural,wolof,H,1,1,1.508379536169013,0.4319850712455265,35.19945072565116,0.8637014661378101
S03814,1,0.3026786719831776,rural,wolof,F,0,1,0.5436260064330518,0.5560306233041029,45.888627102022866,0.8033794959994854
S03815,0,-0.514452352196843,urbain,autre,H,0,1,-0.6770804424361538,0.03636062861673986,34.10327958232909,0.7674730812152432
S03816,1,0.3062718312151338,rural,autre,F,0,0,1.050436228132796,0.2509467047584458,38.41294483125052,0.9110134537354116
S03817,1,0.7315873758896206,urbain,wolof,H,0,1,0.5436260064330518,0.5948359325227155,29.975850603997653,0.8019759935352878
S03818,1,0.7683641084855454,urbain,français,F,0,1,-0.5950300302811243,0.8572816514871257,43.56155894053923,0.6418208942264966
S03819,1,0.9317941047448312,rural,français,F,1,0,1.050436228132796,0.14959355376191602,34.980423058834624,0.8070342613939987
S03820,0,-1.0213569450579627,rural,autre,H,0,0,0.361886464303974,0.6237769151454275,60.30279173388347,0.7586297209307932
S03821,0,-1.5118034545652193,urbain,français,H,0,0,1.050436228132796,0.17718248890168278,46.88791318688051,0.8886576903391343
S03822,1,1.632732342637661,urbain,français,H,0,1,1.508379536169013,0.49311920824176186,33.12344409859635,0.872647373221816
S03823,1,1.2147530789479177,urbain,wolof,F,0,0,0.8036427494500231,0.7366970831925255,51.340377976617184,0.7805997876406147
S03824,1,1.3316512542164558,urbain,français,H,0,0,-0.5589055756131087,0.4471291603898131,47.01840381613688,0.71272218281898
S03825,1,0.047813041877486986,urbain,français,H,0,0,-0.09886818526410894,0.38181025460264584,43.969652603349,0.7701569768854641
S03826,0,-0.2676982407233246,urbain,français,H,0,1,-0.5950300302811243,0.748570767343936,39.68165641504108,0.6138562643371389
S03827,0,-0.19063944259124815,rural,autre,F,0,0,-0.5589055756131087,0.37455123933821255,45.587073441291984,0.7326897705794783
S03828,0,-0.04125815319366071,urbain,wolof,H,1,0,-0.5589055756131087,0.37349921377469,50.84179023492123,0.6750835810135881
S03829,0,-0.7020939886384122,urbain,français,F,0,0,1.1358119908378483,0.08566427484569,40.49770234782585,0.857056277350151
S03830,1,1.1126736373982522,urbain,français,F,0,0,1.1358119908378483,0,24.650547188378617,0.8880910594481969
S03831,1,1.2330234095393684,urbain,français,H,0,1,-0.5950300302811243,0.7043176396963438,40.117719830461446,0.6856537778205078
S03832,0,-1.404795010244094,urbain,français,H,0,0,-1.961883486465059,0.33743286116528987,67.20415841623854,0.6605301820239755
S03833,0,-1.690712086208631,rural,wolof,F,0,1,-0.5128143979953421,0.7931131784830874,36.10126051332711,0.5276789735220172
S03834,1,0.1634805098474084,urbain,français,F,0,1,0.5436260064330518,0.5537798083502277,35.20232156661289,0.7930435237298572
S03835,0,-0.22431822161007656,urbain,wolof,F,0,0,-0.09886818526410894,0.3946946761505677,51.88972044967004,0.793313070110222
S03836,0,-0.092715826803752,urbain,wolof,H,1,0,1.050436228132796,0.13925805024694993,37.30260336719531,0.8843760044242271
S03837,1,0.07783824839840317,rural,autre,H,0,1,1.508379536169013,0.3077182550002988,35.552550313029656,0.903767597258454
S03838,0,-1.39201713143361,urbain,autre,F,1,0,-0.09886818526410894,0.2887619390507614,50.58436544188275,0.8343760934910516
S03839,1,0.9944061695488352,rural,autre,H,0,1,1.508379536169013,0.4167613332165171,29.347240635333534,0.8346603794307801
S03840,1,0.6329879727092425,urbain,français,F,0,0,-0.5589055756131087,0.45709874020111746,44.76826815897126,0.7315427523223291
S03841,0,-1.2161394470926654,rural,wolof,F,0,0,-1.961883486465059,0.254689403138716,52.208659329274774,0.5404774086216285
S03842,1,0.26448999674060386,rural,wolof,F,0,0,-1.961883486465059,0.27498804201575255,49.53440587601256,0.617337981734445
S03843,1,0.4077500305882259,urbain,français,H,0,0,1.050436228132796,0.1483897647572366,52.84839887814312,0.8401590453755357
S03844,0,-1.2468840799905578,rural,autre,F,0,1,-1.7249192939776967,0.6163940714418688,47.23376676441289,0.5843670851441551
S03845,1,1.5537231800778506,urbain,français,H,1,0,1.1358119908378483,0.08566427484569,40.49770234782585,0.857056277350151
S03846,1,0.17416471992360194,urbain,français,H,0,0,1.050436228132796,0.09989210553804656,49.71542009173119,0.8882591910694458
S03847,1,0.2737387461664639,urbain,wolof,H,1,1,0.5436260064330518,0.5634905033123634,34.169347103329216,0.8094161309905927
S03848,1,1.0981816777107603,urbain,wolof,H,0,0,1.050436228132796,0.13356374156502843,32.37840539663905,0.8667083158320132
S03849,1,0.4867032186771104,rural,wolof,H,0,0,0.4625650775900469,0.07264352900532417,33.66042529228623,0.8510184328840854
S03850,1,1.2252414494064845,urbain,wolof,H,0,0,1.050436228132796,0.04898342222663553,42.52098915673335,0.8817468318634502
S03851,1,1.3042846175056022,urbain,wolof,H,0,0,0.4625650775900469,0.01224751207697603,35.57675170116704,0.8957430945588525
S03852,1,0.14962656987548148,urbain,français,H,0,0,1.050436228132796,0.14997487230983636,38.77528286619509,0.8686284935805764
S03853,1,0.6894616963896771,urbain,français,H,0,0,0.4625650775900469,0.0094723395166836,48.26197306773243,0.8594775102806135
S03854,1,0.2222785349224222,urbain,français,H,1,0,1.050436228132796,0.124688679824739,39.92264700041297,0.9092414565718828
S03855,1,0.20581601302960573,urbain,wolof,H,0,0,1.050436228132796,0.12017689854818948,46.104832220665614,0.8863210319206125
S03856,1,0.21388896617467795,urbain,français,H,0,0,1.050436228132796,0.1777413914745075,40.34230556679898,0.8842222360594497
S03857,1,1.2037907024583108,rural,wolof,H,0,0,1.050436228132796,0.1566848996656968,39.450964395086025,0.8392431627681795
S03858,0,-0.10668668215876081,urbain,français,F,0,0,1.050436228132796,0.16398752665885036,38.32279159357028,0.8852013267325018
S03859,1,0.6889932287490526,rural,wolof,H,0,0,1.1358119908378483,0,39.03180483229412,0.8860217166700879
S03860,0,-0.6243937973548194,urbain,wolof,F,0,0,-1.961883486465059,0.2969100506288152,54.82962931442139,0.604942041732642
S03861,0,-0.7183253272966618,urbain,wolof,H,0,0,-1.961883486465059,0.3683642105967092,64.37601699060644,0.6082065025093911
S03862,1,1.0452414675745911,urbain,wolof,F,0,1,0.5436260064330518,0.4606223079315,32.80217125927225,0.7853325311195959
S03863,1,0.8239215922022878,rural,autre,H,0,0,-0.09886818526410894,0.29709898210285435,47.61993689207947,0.7928250031599832
S03864,1,0.1108221969871327,urbain,français,H,0,0,1.1358119908378483,0.09566537846931948,38.83564779028504,0.9037527299573118
S03865,1,0.7843535272205698,urbain,français,F,0,0,0.7594385270695994,0.3602149260595489,50.407249194185376,0.8165606690519958
S03866,1,0.6932109732294528,urbain,wolof,H,0,0,1.050436228132796,0.14704607252833213,52.02708924724216,0.9115534096667802
S03867,1,0.6753079466730167,urbain,wolof,F,0,0,0.7594385270695994,0.1877070245674558,44.60962984473264,0.866329046419354
S03868,0,-1.8943841592258897,urbain,wolof,H,0,1,-0.5128143979953421,0.6364825192217932,56.1253094292695,0.7415938381444689
S03869,1,1.9425004540838888,urbain,français,F,0,0,0.4625650775900469,0.05123158999373945,37.31749974201561,0.8864156989674343
S03870,1,1.0097561455664004,urbain,wolof,H,0,0,1.050436228132796,0.03719905253994814,34.40828693628716,0.9228667864219604
S03871,1,0.45067635651489296,urbain,autre,H,0,0,0.7594385270695994,0.25110906972429115,40.15616240725238,0.8629778140101152
S03872,0,-0.8750116648520737,rural,autre,F,0,1,1.508379536169013,0.40189347121446206,26.59479668766996,0.9093339938357994
S03873,0,-0.8641063428957994,urbain,autre,F,0,1,-0.6770804424361538,0,29.171897537762185,0.8089537564587914
S03874,1,0.47550211216502697,urbain,autre,F,0,0,1.050436228132796,0.04898342222663553,42.52098915673335,0.8817468318634502
S03875,1,0.9658047866162427,urbain,français,F,0,0,1.1358119908378483,0.10769289424842315,40.79036661906394,0.8970668613229908
S03876,0,-2.1801870994240886,rural,wolof,F,0,0,-1.961883486465059,0.2512319431500473,61.170106810189814,0.5312457933398061
S03877,1,1.0918612950836606,urbain,wolof,F,0,0,0.4625650775900469,0.05123158999373945,37.31749974201561,0.8864156989674343
S03878,0,-1.125023990544876,rural,wolof,F,0,1,-1.7249192939776967,0.5903584019261258,42.919330583589606,0.5401098767054687
S03879,0,-0.9563623170392911,rural,autre,H,0,1,-0.5950300302811243,0.8763744036785026,54.07077752743585,0.6243730784584672
S03880,1,0.058440562155407855,rural,wolof,F,0,0,0.4625650775900469,0,34.93129855790503,0.9100164907628384
S03881,1,0.0641278001820115,rural,wolof,H,0,1,0.5436260064330518,0.5178416264101221,30.36117271560019,0.7493914900883615
S03882,0,-1.4704985381525528,rural,wolof,F,1,1,-0.5128143979953421,0.7201963622032937,48.82653925300155,0.7153647623319622
S03883,1,0.8639538543515679,rural,autre,H,0,0,-0.09886818526410894,0.3784343689115359,55.914598428222746,0.8011083792629332
S03884,1,0.9894064009235263,rural,autre,H,0,0,0.4625650775900469,0,34.93129855790503,0.9100164907628384
S03885,1,0.4130102040106864,rural,wolof,F,0,0,0.8036427494500231,0.6003372732139535,54.02303391849201,0.8447146276906408
S03886,0,-0.5676821965691957,urbain,français,H,0,0,0.4625650775900469,0,35.61987127389806,0.9097993704091862
S03887,0,-0.6558395289859237,rural,wolof,F,0,1,-0.5128143979953421,0.5928877368383684,48.41229227461918,0.704094990097119
S03888,0,-0.1841935593831916,urbain,autre,H,0,0,1.1358119908378483,0.08052820297260502,42.99613536272452,0.8973369449148383
S03889,1,0.9015625753786742,urbain,français,H,0,0,1.050436228132796,0.04898342222663553,42.52098915673335,0.8817468318634502
S03890,1,1.3480520008897232,urbain,français,F,0,0,1.1358119908378483,0.02489424271576206,35.02244201302952,0.912915005657086
S03891,0,-1.6992203906058343,urbain,français,H,1,0,-1.961883486465059,0.34194059683403394,59.477435392529145,0.5577599782130915
S03892,0,-0.040725059132817154,urbain,autre,H,0,0,1.1358119908378483,0,36.17991705835817,0.889498014990074
S03893,0,-1.6571859877608768,rural,wolof,F,0,0,0.7594385270695994,0.30120207501156465,38.206893603729775,0.8481401276939459
S03894,1,0.002526251735874518,rural,wolof,H,0,1,-0.5950300302811243,0.7623208275127163,48.845850131913345,0.5318027435858274
S03895,0,-1.5251582502761227,rural,autre,F,0,0,0.7594385270695994,0.38275224870697433,51.47302600303876,0.7997246071506464
S03896,1,1.212591028388412,urbain,wolof,F,0,0,0.4625650775900469,0.02960075668563811,43.0094669909847,0.8280606018551218
S03897,1,1.3472813984988339,urbain,français,H,0,0,0.7594385270695994,0.35558282498362226,42.128893451422606,0.8536701825489642
S03898,0,-1.7039524193439122,urbain,wolof,H,1,1,-1.7249192939776967,0.5318307646510809,60.18182964400687,0.508709826657435
S03899,1,0.41018228553659003,urbain,autre,F,0,1,0.5436260064330518,0.5108496514622769,37.05402696581037,0.7692097756323305
S03900,0,-1.119348695354951,urbain,wolof,F,1,0,-0.09886818526410894,0.33049022264258415,47.54269589401298,0.7855833447534664
S03901,1,0.2513244343905739,urbain,autre,H,0,0,1.050436228132796,0.17427982574582251,45.21655256675532,0.929596212532044
S03902,1,1.451961603447508,urbain,français,F,0,0,1.1358119908378483,0.10639244178999709,32.5086780229398,0.9139077871661766
S03903,1,1.5749898083253346,urbain,wolof,H,0,0,1.050436228132796,0.17281076122788436,35.53439626178085,0.8925435197953266
S03904,0,-0.20482575857356108,urbain,wolof,F,0,0,1.050436228132796,0.1364383070424218,36.99642203096201,0.9010759606453228
S03905,1,1.2712762484209947,urbain,wolof,H,0,0,0.7594385270695994,0.35558282498362226,42.128893451422606,0.8536701825489642
S03906,0,-1.0282943432238418,urbain,wolof,H,0,1,-0.6770804424361538,0.00932156283251959,41.344692391017944,0.8085221636965846
S03907,0,-0.8735620124139873,rural,wolof,F,0,0,-0.5589055756131087,0.4011784708436435,53.56579739558014,0.8125460433212104
S03908,1,0.035430995458570855,urbain,français,H,0,1,-0.6770804424361538,0.0018119970959371,36.7096990938463,0.779868462366435
S03909,1,1.1408317653665272,urbain,français,F,0,1,1.508379536169013,0.4859675503469635,29.201330132357604,0.8644402364405188
S03910,1,0.036721915356419686,rural,français,H,0,1,-0.5950300302811243,0.7077428238290551,35.493447013107726,0.690435668741037
S03911,1,0.613670104944284,rural,wolof,F,0,0,0.8036427494500231,0.6959507289504504,56.293229721005694,0.7980207851810982
S03912,1,0.032580519446430645,urbain,français,H,0,0,-1.961883486465059,0.2511016360990062,46.41487647172814,0.5356422709069907
S03913,0,-0.465609954660364,urbain,wolof,F,0,0,1.1358119908378483,0.14098376870190535,35.577658864486324,0.8618303330594157
S03914,1,0.38064822946292265,urbain,français,H,0,1,1.508379536169013,0.42294017322236455,31.768609130197103,0.8950164745314985
S03915,1,0.8140550671504692,urbain,français,F,0,1,0.5436260064330518,0.5457821284374973,37.445332521744135,0.8004693994480241
S03916,1,1.6968621857387225,rural,français,F,0,1,-0.5128143979953421,0.7439805171597045,41.30930724746921,0.6726012153027141
S03917,1,0.025297111650291363,rural,autre,F,0,1,1.508379536169013,0.39672282792089913,29.97707364129751,0.8968377407503283
S03918,1,0.0063210781921245445,urbain,français,H,0,0,-1.961883486465059,0.22547153486138805,54.23920222941309,0.6658455475743347
S03919,0,-1.277475898213381,urbain,wolof,F,0,0,-0.09886818526410894,0.4018418495218501,58.09311371038087,0.6428108758654117
S03920,0,-0.12102628049371615,rural,wolof,H,1,0,0.361886464303974,0.6258107876680189,59.899020010210094,0.7715786666292114
S03921,1,0.1771996978738482,urbain,wolof,H,0,1,-0.5128143979953421,0.6920827814585911,39.66678198069443,0.7024487252535105
S03922,0,-0.8337777246318692,urbain,wolof,H,0,0,-0.5589055756131087,0.4994428779223185,59.902976372839845,0.7494154053436556
S03923,1,1.4798622400813704,urbain,wolof,H,0,1,-0.6770804424361538,0.08253699121809888,33.48841213280799,0.7120974025119817
S03924,0,-0.7373505973687735,urbain,wolof,F,0,1,-0.6770804424361538,0.12487738164365483,39.88592514346494,0.7538966093263558
S03925,0,-0.6467454493758878,urbain,wolof,F,0,1,1.508379536169013,0.4400306682652904,31.10626329185825,0.8604226623545755
S03926,0,-0.8328573750911399,rural,autre,H,0,1,-0.5950300302811243,0.7077428238290551,35.493447013107726,0.690435668741037
S03927,1,1.536088345516667,urbain,wolof,H,0,0,0.4625650775900469,0,46.771231082465675,0.8917546242493805
S03928,0,-1.3111867438143066,rural,français,F,0,0,0.7594385270695994,0.3076931214620726,46.391957967724466,0.8852324881244302
S03929,0,-0.5725077377770078,urbain,français,H,0,0,0.4625650775900469,0.1092073544453794,39.84240853878208,0.8833195897043277
S03930,0,-0.07240847909161781,urbain,wolof,H,0,0,0.4625650775900469,0.01288415887780839,36.08778101914611,0.857610663728732
S03931,0,-0.6959539801688427,urbain,français,F,0,1,1.508379536169013,0.4188075444186176,25.660802460650256,0.8560372851259184
S03932,0,-0.652080851480851,urbain,autre,F,0,1,0.5436260064330518,0.5875017749693823,33.04167720727949,0.8038580772224386
S03933,0,-2.112035898380929,urbain,français,H,0,0,1.1358119908378483,0.02404260275153257,31.44311162338617,0.9152731798734978
S03934,1,2.478344129743577,urbain,français,H,0,0,1.1358119908378483,0,34.785544881915015,0.8932226213532541
S03935,0,-1.6780958079383792,urbain,autre,F,0,1,-1.7249192939776967,0.5995933350468479,40.93244574038042,0.5871955615226458
S03936,0,-0.3186034113773828,rural,autre,H,0,1,0.5436260064330518,0.7123883748794432,36.2215720751169,0.7279804802545713
S03937,0,-0.39250783942571915,urbain,autre,F,0,0,1.050436228132796,0.12938823898104743,33.0801720657497,0.911490139689794
S03938,0,-1.031789481274905,urbain,wolof,F,0,1,-1.7249192939776967,0.55404986222177,50.131891293874176,0.5412375764777838
S03939,0,-0.07452380198800496,urbain,wolof,F,0,0,1.050436228132796,0.06153838394641137,30.866185121525326,0.8886816680056123
S03940,1,0.5110887586699783,rural,autre,H,0,1,1.508379536169013,0.3907592869853237,25.840955196395186,0.90159914731559
S03941,0,-1.2831710503368958,urbain,wolof,F,0,0,0.361886464303974,0.5970444168374891,53.06378560192915,0.803957644674224
S03942,1,0.8765896553593295,urbain,français,F,0,0,1.050436228132796,0.19909765683150385,46.242392202786064,0.8801122692624973
S03943,1,0.18249655905855652,rural,autre,F,0,0,-0.5589055756131087,0.39374739728652874,39.8227938873001,0.7217475721191671
S03944,1,0.8560510332346635,urbain,français,H,0,0,1.1358119908378483,0.05922358204892926,42.99711280880656,0.8741369528072199
S03945,1,0.49945597910642514,urbain,wolof,H,0,1,0.5436260064330518,0.5203828267070434,30.6614399526038,0.7828499950099086
S03946,1,0.6403015787214849,urbain,français,H,0,0,1.1358119908378483,0.06588655722744637,38.72987063086365,0.9175403531738682
S03947,1,0.6582004394882327,urbain,wolof,F,1,1,0.5436260064330518,0.5203828267070434,30.6614399526038,0.7828499950099086
S03948,1,0.14301509751519084,urbain,français,H,1,0,-0.09886818526410894,0.34213251789406157,42.67559513136121,0.7664207899072575
S03949,0,-1.9030987543569646,urbain,wolof,F,0,0,-1.961883486465059,0.2531257695062677,57.87771036144325,0.6211616441515957
S03950,1,2.058046044226228,urbain,français,H,0,0,1.050436228132796,0.05829030467568777,31.596318635413812,0.8892682825939668
S03951,0,-0.8404446717917229,urbain,français,F,0,0,-1.961883486465059,0.23754032507823625,41.61532953157,0.6370037004701692
S03952,0,-0.2068982262730234,urbain,wolof,F,1,1,1.508379536169013,0.3469356114709403,31.303442401832495,0.8697732753833336
S03953,0,-0.8395510220560356,urbain,wolof,H,0,0,-1.961883486465059,0.2394776636353287,46.418204635389415,0.667489209552887
S03954,0,-0.8850830272002405,rural,wolof,H,0,1,1.508379536169013,0.3911596066342749,30.117867238067735,0.8919958855644404
S03955,0,-0.9848656068736185,rural,wolof,H,0,1,-1.7249192939776967,0.4774202151843416,40.44834689298919,0.47804668851712456
S03956,0,-0.4396029488890484,urbain,français,F,0,0,0.8036427494500231,0.7455507166664812,53.194697453404324,0.7334903092289674
S03957,1,0.13234398986180707,urbain,français,F,0,0,1.050436228132796,0.17887307145518858,39.38898251632787,0.9193630091089467
S03958,0,-0.508639714369603,rural,wolof,H,0,0,0.361886464303974,0.6640732551646795,49.78398262888806,0.654073500760988
S03959,1,0.17027240907661334,urbain,wolof,F,0,1,-0.6770804424361538,0.12199718220164384,39.18075977707804,0.8193662373743719
S03960,1,0.5327689486660571,rural,wolof,H,0,1,1.508379536169013,0.4826876022920775,29.83138878535108,0.9170129405081984
S03961,0,-0.16727472421020242,urbain,français,F,0,0,-0.09886818526410894,0.3138777277863455,49.190830046886354,0.8471593710467128
S03962,1,0.15311199095946243,rural,français,H,0,1,-0.5128143979953421,0.7293740348144279,40.41786153978239,0.5837358262100214
S03963,1,1.0252996640971164,urbain,wolof,F,0,0,0.4625650775900469,0.06599698237186967,32.759856530185075,0.8321208596541322
S03964,0,-1.6556906715761006,urbain,wolof,F,0,1,-1.7249192939776967,0.5555731719379192,46.36309407504693,0.6063157970963875
S03965,0,-0.6122653987160743,urbain,français,F,0,1,-0.5950300302811243,0.6904666493903494,46.13993534201218,0.6337184606864236
S03966,1,0.7336863607471095,urbain,français,F,0,1,1.508379536169013,0.40773841235715497,33.622386865049954,0.8920038761596735
S03967,0,-1.5811136972214848,urbain,wolof,F,0,0,-1.961883486465059,0.32334941819986845,45.47624217571353,0.5349624286412366
S03968,1,0.9143230120150136,urbain,français,H,0,0,1.050436228132796,0.15849617372073285,37.03042465578901,0.8910128901357449
S03969,0,-0.2171418506563188,urbain,français,F,0,0,1.050436228132796,0.10370363269518185,38.17329241113991,0.91084792647824
S03970,1,0.2401133416418966,urbain,français,H,0,0,0.4625650775900469,0.0157433971635118,36.06609633065623,0.8577485918334296
S03971,1,0.4565516518705137,urbain,français,H,0,0,0.8036427494500231,0.6913640060859119,45.18719266486295,0.7430574066502216
S03972,0,-0.13526968489318716,urbain,autre,F,0,1,0.5436260064330518,0.5111304384273218,35.30970410861809,0.7985153087604485
S03973,1,0.4331889492620415,urbain,wolof,F,0,0,-0.5589055756131087,0.4611924799236573,71.12985252187416,0.714905472730065
S03974,0,-1.8755997420971031,rural,autre,H,0,0,-1.961883486465059,0.3683543940164816,67.91828918168653,0.5394876820017237
S03975,0,-0.27253522062005503,urbain,autre,F,0,1,1.508379536169013,0.4275969498473165,34.68079814828979,0.8699286286644122
S03976,0,-0.7101428751388457,rural,wolof,F,0,0,0.8036427494500231,0.715923389725309,53.60843625292505,0.7936714583547962
S03977,1,0.009827267835305428,rural,autre,F,0,0,-0.09886818526410894,0.36318842889919056,42.58038358273121,0.8096174864826482
S03978,1,0.32820250868967404,rural,wolof,H,1,1,1.508379536169013,0.3955587259297232,24.55308634242265,0.8694923809968594
S03979,0,-0.22675911263797677,rural,autre,F,0,0,0.361886464303974,0.6665247415046717,51.443654745913506,0.7595154105068163
S03980,0,-0.025185406972725657,urbain,autre,F,0,1,-0.6770804424361538,0.06380974311154959,38.20524689614862,0.8248845624964202
S03981,0,-1.918804672957878,rural,wolof,H,0,1,-1.7249192939776967,0.6137014858388937,46.6378370452236,0.5127269437062368
S03982,1,0.2862624165649091,urbain,wolof,F,0,0,1.050436228132796,0.16467367564041102,48.52218082369571,0.926157743918354
S03983,0,-0.6603615769264135,urbain,wolof,H,1,0,0.8036427494500231,0.746993468231455,48.849609754003986,0.8617085555879325
S03984,1,1.242368613153964,urbain,français,H,0,1,1.508379536169013,0.36347896548510455,30.31077582296291,0.8743091557517945
S03985,1,1.435658158128251,urbain,français,H,0,1,-0.5128143979953421,0.6040867558713169,35.90606212584122,0.6621231086094627
S03986,0,-1.032984201725367,rural,wolof,H,1,0,-1.961883486465059,0.23763737231666712,48.207590818141526,0.5906440985461487
S03987,0,-0.6809129471672956,urbain,français,H,0,1,-0.6770804424361538,0.0451004309343611,33.3094371972029,0.787498910968235
S03988,0,-0.5238151267831788,urbain,wolof,H,0,1,1.508379536169013,0.3791365354430459,34.14028872021937,0.8895918621020935
S03989,1,0.18063344065280856,urbain,wolof,F,0,0,1.050436228132796,0.14704607252833213,52.02708924724216,0.9115534096667802
S03990,1,1.1190876960298899,urbain,français,H,0,0,1.050436228132796,0.08489304563735717,42.115598017865544,0.9249514913375376
S03991,1,2.256018111367981,urbain,français,H,0,1,-0.6770804424361538,0.03636062861673986,34.10327958232909,0.7674730812152432
S03992,1,0.2561147285261965,rural,français,H,0,0,1.1358119908378483,3.611600269772808e-4,35.61522944632029,0.9081165908754762
S03993,0,-0.8654062040567506,urbain,wolof,H,0,0,-1.961883486465059,0.2312784345387222,51.75856960842186,0.6230031153023442
S03994,1,0.931784702632689,urbain,français,H,0,0,1.1358119908378483,0.06963382046665499,33.953354239143295,0.9094599430000296
S03995,1,0.45228421284961906,urbain,wolof,F,1,0,1.050436228132796,0.09989210553804656,49.71542009173119,0.8882591910694458
S03996,1,0.9544444620435973,urbain,français,H,0,1,-0.6770804424361538,0.0815863262540495,38.56058858023214,0.7357046514327609
S03997,1,1.1251275447115774,rural,wolof,F,0,1,1.508379536169013,0.3487889176761338,32.38317277837063,0.8908861233967624
S03998,1,2.1369360205040895,urbain,wolof,H,0,0,0.4625650775900469,0.03259704439663399,43.97133562752082,0.8878919044841699
S03999,1,0.05734871244118102,urbain,wolof,F,1,0,1.050436228132796,0.16460561094230025,40.41502908034972,0.9247007810344668
S04000,0,-0.034317960178644365,urbain,français,H,0,0,-0.09886818526410894,0.34213251789406157,42.67559513136121,0.7664207899072575
