centre_id,region,milieu,type,remoteness,enrol
P00001,Fatick,urbain,public,0.4,29
P00002,Dakar,urbain,prive,0.05,74
P00003,Thiès,urbain,prive,0.15,59
P00004,Thiès,urbain,prive,0.15,67
P00005,Thiès,urbain,public,0.15,26
P00006,Saint-Louis,urbain,CTP,0.35,49
P00007,Kédougou,rural,public,0.9,88
P00008,Thiès,urbain,CTP,0.15,35
P00009,Fatick,rural,CTP,0.4,32
P00010,Ziguinchor,rural,CTP,0.55,20
P00011,Kaffrine,rural,CTP,0.55,55
P00012,Ziguinchor,rural,public,0.55,33
P00013,Kaolack,urbain,prive,0.3,80
P00014,Louga,rural,CTP,0.45,32
P00015,Ziguinchor,rural,public,0.55,81
P00016,Dakar,urbain,public,0.05,58
P00017,Thiès,rural,CTP,0.15,42
P00018,Ziguinchor,rural,CTP,0.55,47
P00019,Diourbel,urbain,public,0.3,86
P00020,Matam,rural,public,0.65,32
P00021,Thiès,urbain,public,0.15,68
P00022,Matam,rural,CTP,0.65,46
P00023,Kaolack,urbain,public,0.3,82
P00024,Thiès,urbain,public,0.15,59
P00025,Diourbel,urbain,prive,0.3,62
P00026,Dakar,urbain,CTP,0.05,34
P00027,Sédhiou,rural,public,0.7,85
P00028,Kaolack,rural,CTP,0.3,30
P00029,Thiès,urbain,prive,0.15,81
P00030,Dakar,urbain,CTP,0.05,26
P00031,Diourbel,rural,CTP,0.3,21
P00032,Thiès,urbain,public,0.15,75
P00033,Ziguinchor,rural,prive,0.55,83
P00034,Saint-Louis,urbain,prive,0.35,47
P00035,Kolda,rural,public,0.7,99
P00036,Thiès,urbain,prive,0.15,44
P00037,Kaolack,rural,public,0.3,68
P00038,Thiès,rural,CTP,0.15,45
P00039,Thiès,urbain,prive,0.15,33
P00040,Fatick,rural,CTP,0.4,22
P00041,Kédougou,urbain,CTP,0.9,23
P00042,Dakar,urbain,prive,0.05,63
P00043,Louga,rural,CTP,0.45,25
P00044,Louga,urbain,public,0.45,101
P00045,Ziguinchor,urbain,CTP,0.55,32
P00046,Dakar,urbain,prive,0.05,31
P00047,Kolda,urbain,public,0.7,83
P00048,Saint-Louis,urbain,public,0.35,92
P00049,Kédougou,rural,CTP,0.9,25
P00050,Diourbel,rural,CTP,0.3,44
P00051,Fatick,rural,public,0.4,56
P00052,Thiès,urbain,CTP,0.15,68
P00053,Matam,urbain,CTP,0.65,28
P00054,Dakar,urbain,public,0.05,80
P00055,Thiès,urbain,CTP,0.15,29
P00056,Dakar,rural,public,0.05,69
P00057,Diourbel,urbain,public,0.3,91
P00058,Dakar,urbain,CTP,0.05,44
P00059,Dakar,urbain,CTP,0.05,45
P00060,Thiès,urbain,public,0.15,43
P00061,Dakar,urbain,public,0.05,34
P00062,Fatick,urbain,public,0.4,58
P00063,Saint-Louis,rural,public,0.35,55
P00064,Kaolack,rural,public,0.3,35
P00065,Thiès,rural,public,0.15,56
P00066,Ziguinchor,urbain,CTP,0.55,25
P00067,Thiès,rural,public,0.15,56
P00068,Thiès,rural,CTP,0.15,81
P00069,Kaolack,rural,public,0.3,114
P00070,Matam,urbain,CTP,0.65,42
P00071,Diourbel,urbain,public,0.3,61
P00072,Kaffrine,urbain,prive,0.55,36
P00073,Dakar,rural,CTP,0.05,32
P00074,Saint-Louis,urbain,public,0.35,32
P00075,Thiès,urbain,public,0.15,77
P00076,Thiès,urbain,public,0.15,78
P00077,Fatick,urbain,public,0.4,60
P00078,Diourbel,urbain,public,0.3,62
P00079,Kaolack,urbain,CTP,0.3,26
P00080,Kaffrine,rural,public,0.55,84
P00081,Dakar,urbain,prive,0.05,58
P00082,Tambacounda,rural,CTP,0.75,72
P00083,Kolda,rural,public,0.7,43
P00084,Dakar,urbain,CTP,0.05,36
P00085,Matam,urbain,CTP,0.65,41
P00086,Kolda,urbain,public,0.7,80
P00087,Louga,rural,CTP,0.45,67
P00088,Kaffrine,rural,prive,0.55,28
P00089,Thiès,rural,public,0.15,100
P00090,Fatick,rural,public,0.4,99
P00091,Thiès,rural,CTP,0.15,19
P00092,Tambacounda,rural,CTP,0.75,31
P00093,Thiès,rural,CTP,0.15,39
P00094,Kédougou,rural,public,0.9,76
P00095,Matam,rural,CTP,0.65,31
P00096,Kaolack,rural,public,0.3,105
P00097,Ziguinchor,urbain,public,0.55,62
P00098,Dakar,urbain,prive,0.05,49
P00099,Kédougou,rural,prive,0.9,67
P00100,Fatick,urbain,public,0.4,68
P00101,Dakar,urbain,public,0.05,71
P00102,Dakar,urbain,public,0.05,62
P00103,Dakar,rural,CTP,0.05,79
P00104,Diourbel,rural,CTP,0.3,28
P00105,Thiès,urbain,public,0.15,80
P00106,Kaffrine,urbain,public,0.55,35
P00107,Dakar,urbain,CTP,0.05,41
P00108,Dakar,rural,CTP,0.05,55
P00109,Thiès,urbain,prive,0.15,42
P00110,Diourbel,urbain,prive,0.3,35
P00111,Tambacounda,rural,prive,0.75,59
P00112,Thiès,urbain,public,0.15,95
P00113,Tambacounda,rural,CTP,0.75,61
P00114,Kaffrine,rural,public,0.55,30
P00115,Fatick,urbain,prive,0.4,187
P00116,Kaffrine,urbain,prive,0.55,69
P00117,Kolda,rural,CTP,0.7,42
P00118,Dakar,urbain,public,0.05,118
P00119,Thiès,urbain,prive,0.15,37
P00120,Dakar,urbain,CTP,0.05,31
P00121,Fatick,rural,public,0.4,117
P00122,Diourbel,urbain,CTP,0.3,69
P00123,Thiès,urbain,public,0.15,47
P00124,Matam,rural,CTP,0.65,26
P00125,Ziguinchor,rural,CTP,0.55,41
P00126,Kaffrine,rural,CTP,0.55,48
P00127,Thiès,rural,public,0.15,48
P00128,Kolda,urbain,CTP,0.7,64
P00129,Kaolack,urbain,CTP,0.3,34
P00130,Dakar,urbain,prive,0.05,37
P00131,Tambacounda,rural,CTP,0.75,30
P00132,Dakar,rural,CTP,0.05,42
P00133,Kédougou,rural,public,0.9,48
P00134,Saint-Louis,urbain,prive,0.35,77
P00135,Diourbel,urbain,public,0.3,63
P00136,Thiès,urbain,prive,0.15,67
P00137,Thiès,urbain,CTP,0.15,57
P00138,Kaolack,urbain,public,0.3,89
P00139,Thiès,urbain,public,0.15,115
P00140,Kolda,rural,CTP,0.7,57
P00141,Thiès,rural,CTP,0.15,80
P00142,Kaolack,rural,public,0.3,66
P00143,Kolda,rural,CTP,0.7,59
P00144,Sédhiou,rural,public,0.7,33
P00145,Dakar,rural,public,0.05,112
P00146,Kaffrine,rural,CTP,0.55,83
P00147,Dakar,urbain,CTP,0.05,24
P00148,Fatick,rural,CTP,0.4,60
P00149,Louga,rural,CTP,0.45,62
P00150,Thiès,urbain,public,0.15,65
P00151,Ziguinchor,rural,CTP,0.55,18
P00152,Ziguinchor,rural,public,0.55,45
P00153,Saint-Louis,rural,public,0.35,46
P00154,Dakar,rural,prive,0.05,60
P00155,Matam,rural,CTP,0.65,46
P00156,Tambacounda,urbain,CTP,0.75,39
P00157,Dakar,urbain,public,0.05,79
P00158,Kaolack,rural,CTP,0.3,40
P00159,Dakar,urbain,CTP,0.05,29
P00160,Sédhiou,rural,CTP,0.7,26
P00161,Diourbel,urbain,CTP,0.3,34
P00162,Dakar,rural,CTP,0.05,85
P00163,Kaolack,urbain,public,0.3,81
P00164,Kolda,rural,CTP,0.7,27
P00165,Fatick,rural,prive,0.4,49
P00166,Kaolack,urbain,public,0.3,129
P00167,Kolda,rural,CTP,0.7,40
P00168,Fatick,rural,CTP,0.4,25
P00169,Saint-Louis,rural,public,0.35,69
P00170,Kaolack,urbain,public,0.3,73
P00171,Dakar,urbain,CTP,0.05,61
P00172,Kolda,rural,public,0.7,91
P00173,Thiès,urbain,CTP,0.15,34
P00174,Kolda,rural,public,0.7,67
P00175,Dakar,urbain,CTP,0.05,34
P00176,Diourbel,urbain,public,0.3,56
P00177,Thiès,urbain,public,0.15,82
P00178,Dakar,urbain,prive,0.05,64
P00179,Thiès,urbain,CTP,0.15,45
P00180,Kaffrine,rural,public,0.55,60
P00181,Ziguinchor,rural,public,0.55,66
P00182,Dakar,urbain,public,0.05,43
P00183,Tambacounda,rural,prive,0.75,69
P00184,Louga,rural,CTP,0.45,34
P00185,Dakar,rural,CTP,0.05,33
P00186,Tambacounda,urbain,CTP,0.75,41
P00187,Matam,urbain,public,0.65,39
P00188,Louga,rural,public,0.45,47
P00189,Dakar,urbain,public,0.05,41
P00190,Kaffrine,rural,public,0.55,105
P00191,Dakar,urbain,public,0.05,55
P00192,Louga,rural,CTP,0.45,81
P00193,Matam,rural,CTP,0.65,73
P00194,Dakar,urbain,prive,0.05,53
P00195,Ziguinchor,rural,public,0.55,63
P00196,Sédhiou,rural,public,0.7,41
P00197,Thiès,urbain,prive,0.15,71
P00198,Sédhiou,urbain,public,0.7,109
P00199,Fatick,urbain,CTP,0.4,82
P00200,Saint-Louis,urbain,CTP,0.35,37
P00201,Dakar,urbain,CTP,0.05,55
P00202,Ziguinchor,rural,CTP,0.55,46
P00203,Matam,rural,CTP,0.65,49
P00204,Kédougou,rural,CTP,0.9,38
P00205,Fatick,rural,CTP,0.4,42
P00206,Louga,rural,CTP,0.45,58
P00207,Fatick,urbain,public,0.4,65
P00208,Louga,rural,CTP,0.45,27
P00209,Saint-Louis,rural,CTP,0.35,64
P00210,Kaolack,urbain,prive,0.3,153
P00211,Fatick,urbain,public,0.4,90
P00212,Thiès,urbain,public,0.15,75
P00213,Thiès,urbain,public,0.15,37
P00214,Dakar,urbain,prive,0.05,41
P00215,Thiès,urbain,CTP,0.15,51
P00216,Matam,rural,CTP,0.65,42
P00217,Thiès,urbain,public,0.15,47
P00218,Thiès,urbain,public,0.15,103
P00219,Saint-Louis,urbain,prive,0.35,91
P00220,Diourbel,rural,public,0.3,65
P00221,Fatick,urbain,public,0.4,89
P00222,Fatick,rural,CTP,0.4,48
P00223,Saint-Louis,urbain,prive,0.35,31
P00224,Diourbel,rural,CTP,0.3,43
P00225,Thiès,rural,public,0.15,48
P00226,Dakar,rural,CTP,0.05,33
P00227,Kolda,rural,public,0.7,124
P00228,Tambacounda,urbain,public,0.75,109
P00229,Thiès,urbain,public,0.15,44
P00230,Diourbel,rural,CTP,0.3,32
P00231,Thiès,urbain,CTP,0.15,22
P00232,Diourbel,urbain,public,0.3,104
P00233,Kédougou,urbain,public,0.9,138
P00234,Dakar,urbain,prive,0.05,55
P00235,Dakar,urbain,public,0.05,41
P00236,Kolda,rural,public,0.7,80
P00237,Dakar,urbain,public,0.05,27
P00238,Thiès,urbain,public,0.15,133
P00239,Dakar,urbain,public,0.05,46
P00240,Saint-Louis,rural,CTP,0.35,24
P00241,Dakar,urbain,CTP,0.05,30
P00242,Ziguinchor,rural,CTP,0.55,52
P00243,Saint-Louis,rural,public,0.35,101
P00244,Kaffrine,urbain,public,0.55,71
P00245,Thiès,rural,prive,0.15,54
P00246,Louga,rural,public,0.45,42
P00247,Ziguinchor,rural,public,0.55,60
P00248,Thiès,rural,CTP,0.15,39
P00249,Diourbel,urbain,public,0.3,86
P00250,Saint-Louis,rural,public,0.35,99
P00251,Kaolack,urbain,public,0.3,70
P00252,Diourbel,rural,CTP,0.3,65
P00253,Thiès,rural,prive,0.15,83
P00254,Diourbel,rural,public,0.3,144
P00255,Dakar,rural,public,0.05,58
P00256,Dakar,rural,CTP,0.05,51
P00257,Dakar,urbain,public,0.05,42
P00258,Thiès,urbain,prive,0.15,79
P00259,Louga,urbain,prive,0.45,47
P00260,Matam,urbain,public,0.65,100
P00261,Kolda,rural,CTP,0.7,35
P00262,Thiès,urbain,CTP,0.15,23
P00263,Sédhiou,rural,CTP,0.7,25
P00264,Dakar,urbain,CTP,0.05,25
P00265,Kolda,rural,public,0.7,93
P00266,Kolda,rural,public,0.7,70
P00267,Matam,rural,CTP,0.65,112
P00268,Dakar,rural,CTP,0.05,56
P00269,Thiès,urbain,public,0.15,97
P00270,Kaolack,rural,public,0.3,34
P00271,Kaolack,rural,CTP,0.3,47
P00272,Kaolack,rural,CTP,0.3,47
P00273,Dakar,urbain,public,0.05,45
P00274,Thiès,urbain,public,0.15,59
P00275,Kédougou,urbain,public,0.9,36
P00276,Dakar,urbain,public,0.05,126
P00277,Thiès,urbain,CTP,0.15,51
P00278,Thiès,rural,CTP,0.15,45
P00279,Kaffrine,urbain,CTP,0.55,36
P00280,Diourbel,rural,CTP,0.3,32
P00281,Fatick,rural,public,0.4,84
P00282,Thiès,urbain,prive,0.15,61
P00283,Fatick,rural,public,0.4,53
P00284,Thiès,rural,public,0.15,105
P00285,Fatick,urbain,public,0.4,83
P00286,Thiès,urbain,prive,0.15,54
P00287,Kaolack,urbain,public,0.3,37
P00288,Kolda,urbain,public,0.7,58
P00289,Diourbel,urbain,public,0.3,66
P00290,Diourbel,urbain,prive,0.3,41
P00291,Saint-Louis,urbain,public,0.35,53
P00292,Diourbel,urbain,CTP,0.3,34
P00293,Dakar,urbain,prive,0.05,47
P00294,Thiès,urbain,CTP,0.15,31
P00295,Kaolack,urbain,public,0.3,51
P00296,Fatick,urbain,CTP,0.4,56
P00297,Thiès,urbain,CTP,0.15,29
P00298,Dakar,rural,public,0.05,63
P00299,Louga,rural,CTP,0.45,30
P00300,Diourbel,rural,CTP,0.3,58
P00301,Kolda,urbain,CTP,0.7,25
P00302,Kaolack,urbain,public,0.3,59
P00303,Sédhiou,rural,CTP,0.7,19
P00304,Kolda,rural,public,0.7,58
P00305,Tambacounda,rural,CTP,0.75,39
P00306,Ziguinchor,rural,CTP,0.55,45
P00307,Louga,urbain,prive,0.45,68
P00308,Diourbel,urbain,prive,0.3,66
P00309,Ziguinchor,urbain,public,0.55,61
P00310,Kaolack,rural,public,0.3,36
P00311,Kaffrine,urbain,prive,0.55,34
P00312,Tambacounda,urbain,prive,0.75,38
P00313,Dakar,urbain,prive,0.05,80
P00314,Matam,rural,public,0.65,51
P00315,Thiès,urbain,prive,0.15,49
P00316,Dakar,urbain,public,0.05,32
P00317,Saint-Louis,rural,CTP,0.35,76
P00318,Dakar,urbain,prive,0.05,50
P00319,Kolda,rural,public,0.7,94
P00320,Sédhiou,urbain,public,0.7,62
P00321,Thiès,urbain,public,0.15,71
P00322,Matam,rural,public,0.65,87
P00323,Tambacounda,rural,public,0.75,82
P00324,Thiès,urbain,prive,0.15,82
P00325,Dakar,urbain,public,0.05,59
P00326,Diourbel,rural,public,0.3,80
P00327,Diourbel,rural,public,0.3,23
P00328,Louga,rural,CTP,0.45,43
P00329,Kaffrine,rural,CTP,0.55,81
P00330,Kolda,urbain,public,0.7,63
P00331,Dakar,urbain,CTP,0.05,51
P00332,Dakar,urbain,public,0.05,55
P00333,Sédhiou,urbain,CTP,0.7,61
P00334,Kédougou,urbain,CTP,0.9,69
P00335,Diourbel,urbain,public,0.3,50
P00336,Dakar,urbain,CTP,0.05,33
P00337,Diourbel,rural,public,0.3,29
P00338,Dakar,urbain,public,0.05,104
P00339,Thiès,urbain,prive,0.15,69
P00340,Kolda,rural,CTP,0.7,70
P00341,Saint-Louis,rural,public,0.35,95
P00342,Ziguinchor,urbain,public,0.55,57
P00343,Kolda,rural,CTP,0.7,51
P00344,Fatick,rural,CTP,0.4,62
P00345,Thiès,urbain,public,0.15,72
P00346,Dakar,urbain,CTP,0.05,66
P00347,Kaffrine,rural,public,0.55,69
P00348,Dakar,urbain,public,0.05,36
P00349,Kaolack,urbain,CTP,0.3,50
P00350,Louga,rural,CTP,0.45,34
P00351,Dakar,urbain,public,0.05,78
P00352,Kaffrine,urbain,public,0.55,47
P00353,Ziguinchor,urbain,CTP,0.55,30
P00354,Kédougou,urbain,public,0.9,89
P00355,Tambacounda,rural,CTP,0.75,75
P00356,Thiès,urbain,public,0.15,80
P00357,Diourbel,urbain,CTP,0.3,54
P00358,Fatick,urbain,prive,0.4,59
P00359,Thiès,urbain,public,0.15,56
P00360,Fatick,urbain,public,0.4,64
P00361,Thiès,urbain,public,0.15,156
P00362,Dakar,urbain,public,0.05,43
P00363,Ziguinchor,urbain,prive,0.55,73
P00364,Sédhiou,rural,CTP,0.7,29
P00365,Diourbel,rural,public,0.3,41
P00366,Kaolack,urbain,public,0.3,55
P00367,Tambacounda,rural,public,0.75,39
P00368,Diourbel,urbain,public,0.3,71
P00369,Kaolack,rural,public,0.3,57
P00370,Dakar,rural,prive,0.05,51
P00371,Louga,rural,CTP,0.45,40
P00372,Thiès,rural,CTP,0.15,43
P00373,Kaffrine,urbain,prive,0.55,79
P00374,Sédhiou,urbain,public,0.7,81
P00375,Kaolack,urbain,prive,0.3,33
P00376,Thiès,rural,public,0.15,50
P00377,Diourbel,rural,CTP,0.3,46
P00378,Thiès,urbain,prive,0.15,17
P00379,Ziguinchor,rural,CTP,0.55,40
P00380,Sédhiou,rural,public,0.7,81
P00381,Thiès,urbain,public,0.15,156
P00382,Dakar,rural,public,0.05,48
P00383,Fatick,rural,CTP,0.4,29
P00384,Louga,rural,CTP,0.45,78
P00385,Dakar,rural,public,0.05,84
P00386,Tambacounda,urbain,public,0.75,90
P00387,Saint-Louis,urbain,public,0.35,128
P00388,Diourbel,urbain,public,0.3,86
P00389,Diourbel,rural,public,0.3,43
P00390,Fatick,urbain,CTP,0.4,52
P00391,Diourbel,rural,CTP,0.3,26
P00392,Diourbel,urbain,public,0.3,55
P00393,Dakar,urbain,public,0.05,38
P00394,Kaffrine,rural,CTP,0.55,49
P00395,Diourbel,rural,CTP,0.3,35
P00396,Louga,rural,CTP,0.45,61
P00397,Sédhiou,rural,public,0.7,32
P00398,Sédhiou,urbain,CTP,0.7,96
P00399,Dakar,urbain,CTP,0.05,44
P00400,Sédhiou,rural,CTP,0.7,44
P00401,Matam,rural,CTP,0.65,102
P00402,Thiès,urbain,CTP,0.15,44
P00403,Kédougou,urbain,public,0.9,87
P00404,Louga,urbain,CTP,0.45,46
P00405,Fatick,urbain,prive,0.4,49
P00406,Diourbel,rural,public,0.3,73
P00407,Dakar,rural,CTP,0.05,35
P00408,Fatick,urbain,CTP,0.4,36
P00409,Fatick,rural,public,0.4,52
P00410,Kaolack,rural,CTP,0.3,44
P00411,Fatick,rural,public,0.4,136
P00412,Dakar,rural,CTP,0.05,80
P00413,Dakar,urbain,public,0.05,47
P00414,Dakar,rural,CTP,0.05,40
P00415,Thiès,rural,CTP,0.15,60
P00416,Kaolack,rural,CTP,0.3,36
P00417,Kolda,urbain,public,0.7,42
P00418,Sédhiou,rural,CTP,0.7,40
P00419,Louga,rural,CTP,0.45,49
P00420,Louga,rural,public,0.45,95
P00421,Kaffrine,rural,public,0.55,90
P00422,Matam,urbain,CTP,0.65,28
P00423,Thiès,rural,public,0.15,55
P00424,Diourbel,urbain,public,0.3,53
P00425,Fatick,rural,CTP,0.4,46
P00426,Diourbel,urbain,CTP,0.3,40
P00427,Louga,urbain,public,0.45,31
P00428,Sédhiou,urbain,prive,0.7,50
P00429,Louga,rural,CTP,0.45,15
P00430,Diourbel,rural,public,0.3,73
P00431,Dakar,urbain,CTP,0.05,76
P00432,Dakar,rural,CTP,0.05,29
P00433,Ziguinchor,urbain,CTP,0.55,24
P00434,Dakar,urbain,prive,0.05,35
P00435,Louga,rural,CTP,0.45,24
P00436,Diourbel,rural,CTP,0.3,69
P00437,Dakar,rural,CTP,0.05,34
P00438,Kaolack,rural,public,0.3,69
P00439,Diourbel,urbain,public,0.3,67
P00440,Fatick,urbain,public,0.4,58
P00441,Kaffrine,urbain,CTP,0.55,54
P00442,Louga,rural,public,0.45,53
P00443,Louga,urbain,prive,0.45,37
P00444,Ziguinchor,rural,CTP,0.55,95
P00445,Saint-Louis,urbain,public,0.35,97
P00446,Dakar,urbain,public,0.05,91
P00447,Saint-Louis,rural,public,0.35,109
P00448,Thiès,urbain,prive,0.15,69
P00449,Kaolack,urbain,public,0.3,61
P00450,Kaolack,urbain,public,0.3,47
P00451,Diourbel,urbain,CTP,0.3,48
P00452,Thiès,urbain,public,0.15,59
P00453,Thiès,urbain,public,0.15,68
P00454,Kaolack,urbain,CTP,0.3,43
P00455,Fatick,urbain,CTP,0.4,56
P00456,Fatick,rural,CTP,0.4,75
P00457,Dakar,urbain,prive,0.05,68
P00458,Kaolack,rural,CTP,0.3,62
P00459,Fatick,urbain,public,0.4,37
P00460,Tambacounda,rural,public,0.75,57
P00461,Kaolack,rural,CTP,0.3,36
P00462,Thiès,urbain,public,0.15,71
P00463,Dakar,urbain,public,0.05,54
P00464,Matam,rural,public,0.65,36
P00465,Fatick,urbain,public,0.4,80
P00466,Dakar,urbain,public,0.05,71
P00467,Dakar,urbain,prive,0.05,97
P00468,Dakar,rural,CTP,0.05,41
P00469,Louga,urbain,public,0.45,87
P00470,Thiès,rural,CTP,0.15,90
P00471,Thiès,urbain,prive,0.15,23
P00472,Sédhiou,urbain,public,0.7,34
P00473,Tambacounda,rural,CTP,0.75,42
P00474,Diourbel,urbain,public,0.3,43
P00475,Ziguinchor,rural,CTP,0.55,52
P00476,Fatick,rural,CTP,0.4,65
P00477,Thiès,rural,CTP,0.15,51
P00478,Kolda,rural,public,0.7,48
P00479,Dakar,urbain,public,0.05,140
P00480,Dakar,rural,CTP,0.05,40
P00481,Kaffrine,urbain,prive,0.55,50
P00482,Tambacounda,rural,CTP,0.75,48
P00483,Saint-Louis,rural,public,0.35,58
P00484,Dakar,urbain,CTP,0.05,54
P00485,Kolda,urbain,public,0.7,70
P00486,Fatick,urbain,prive,0.4,29
P00487,Dakar,urbain,public,0.05,60
P00488,Louga,rural,public,0.45,88
P00489,Diourbel,rural,prive,0.3,76
P00490,Dakar,urbain,prive,0.05,36
P00491,Ziguinchor,urbain,CTP,0.55,65
P00492,Fatick,rural,CTP,0.4,86
P00493,Saint-Louis,rural,public,0.35,83
P00494,Diourbel,urbain,prive,0.3,40
P00495,Saint-Louis,urbain,public,0.35,49
P00496,Ziguinchor,rural,CTP,0.55,36
P00497,Kaffrine,urbain,public,0.55,68
P00498,Kédougou,rural,CTP,0.9,39
P00499,Tambacounda,urbain,prive,0.75,53
P00500,Tambacounda,rural,public,0.75,55
P00501,Tambacounda,rural,prive,0.75,60
P00502,Fatick,urbain,public,0.4,43
P00503,Sédhiou,rural,CTP,0.7,96
P00504,Louga,rural,prive,0.45,71
P00505,Ziguinchor,rural,CTP,0.55,59
P00506,Fatick,urbain,public,0.4,46
P00507,Dakar,urbain,CTP,0.05,39
P00508,Thiès,urbain,CTP,0.15,35
P00509,Thiès,urbain,prive,0.15,36
P00510,Diourbel,urbain,public,0.3,64
P00511,Tambacounda,rural,CTP,0.75,49
P00512,Kolda,urbain,CTP,0.7,27
P00513,Dakar,urbain,CTP,0.05,39
P00514,Kaffrine,rural,CTP,0.55,21
P00515,Diourbel,urbain,public,0.3,84
P00516,Thiès,rural,CTP,0.15,49
P00517,Matam,urbain,public,0.65,139
P00518,Ziguinchor,urbain,public,0.55,57
P00519,Dakar,rural,prive,0.05,128
P00520,Louga,urbain,public,0.45,55
P00521,Dakar,urbain,public,0.05,79
P00522,Thiès,urbain,prive,0.15,41
P00523,Tambacounda,rural,public,0.75,42
P00524,Kaolack,urbain,public,0.3,85
P00525,Kédougou,urbain,prive,0.9,51
P00526,Dakar,rural,public,0.05,140
P00527,Thiès,rural,public,0.15,37
P00528,Kaolack,urbain,CTP,0.3,37
P00529,Kaffrine,urbain,public,0.55,17
P00530,Saint-Louis,urbain,CTP,0.35,102
P00531,Diourbel,urbain,public,0.3,26
P00532,Dakar,rural,prive,0.05,47
P00533,Ziguinchor,rural,public,0.55,149
P00534,Kaolack,rural,prive,0.3,61
P00535,Thiès,urbain,public,0.15,52
P00536,Kaffrine,urbain,prive,0.55,76
P00537,Dakar,urbain,prive,0.05,69
P00538,Dakar,urbain,CTP,0.05,59
P00539,Diourbel,rural,public,0.3,108
P00540,Ziguinchor,urbain,public,0.55,90
P00541,Matam,urbain,CTP,0.65,27
P00542,Diourbel,rural,CTP,0.3,27
P00543,Kaolack,rural,public,0.3,60
P00544,Kaffrine,rural,public,0.55,109
P00545,Kaolack,urbain,CTP,0.3,40
P00546,Dakar,rural,CTP,0.05,47
P00547,Sédhiou,rural,CTP,0.7,32
P00548,Fatick,rural,CTP,0.4,46
P00549,Dakar,rural,CTP,0.05,46
P00550,Diourbel,rural,public,0.3,107
P00551,Diourbel,rural,public,0.3,138
P00552,Louga,rural,CTP,0.45,38
P00553,Diourbel,rural,public,0.3,58
P00554,Kaolack,urbain,CTP,0.3,14
P00555,Diourbel,urbain,CTP,0.3,75
P00556,Saint-Louis,urbain,prive,0.35,71
P00557,Louga,urbain,prive,0.45,31
P00558,Dakar,urbain,prive,0.05,88
P00559,Kaffrine,rural,prive,0.55,77
P00560,Thiès,urbain,CTP,0.15,50
P00561,Dakar,rural,CTP,0.05,45
P00562,Matam,rural,public,0.65,128
P00563,Dakar,urbain,public,0.05,62
P00564,Louga,rural,public,0.45,85
P00565,Louga,urbain,CTP,0.45,37
P00566,Diourbel,rural,CTP,0.3,31
P00567,Kolda,rural,CTP,0.7,29
P00568,Dakar,urbain,prive,0.05,50
P00569,Thiès,rural,CTP,0.15,42
P00570,Kédougou,rural,public,0.9,83
P00571,Saint-Louis,urbain,public,0.35,40
P00572,Tambacounda,rural,public,0.75,36
P00573,Dakar,urbain,CTP,0.05,70
P00574,Ziguinchor,rural,CTP,0.55,65
P00575,Thiès,urbain,CTP,0.15,42
P00576,Sédhiou,urbain,CTP,0.7,48
P00577,Kaolack,urbain,public,0.3,57
P00578,Sédhiou,rural,public,0.7,67
P00579,Thiès,urbain,public,0.15,76
P00580,Dakar,urbain,prive,0.05,74
P00581,Matam,rural,public,0.65,58
P00582,Thiès,rural,CTP,0.15,37
P00583,Dakar,rural,prive,0.05,54
P00584,Kaffrine,rural,public,0.55,64
P00585,Kaolack,rural,public,0.3,50
P00586,Saint-Louis,rural,public,0.35,96
P00587,Kolda,rural,public,0.7,106
P00588,Louga,rural,public,0.45,76
P00589,Ziguinchor,urbain,public,0.55,81
P00590,Kolda,urbain,CTP,0.7,31
P00591,Dakar,urbain,prive,0.05,48
P00592,Diourbel,urbain,CTP,0.3,44
P00593,Kaolack,urbain,CTP,0.3,22
P00594,Dakar,rural,public,0.05,107
P00595,Thiès,urbain,prive,0.15,40
P00596,Fatick,urbain,public,0.4,107
P00597,Saint-Louis,rural,public,0.35,58
P00598,Diourbel,rural,CTP,0.3,29
P00599,Dakar,urbain,public,0.05,228
P00600,Kaffrine,rural,CTP,0.55,29
P00601,Dakar,rural,public,0.05,70
P00602,Dakar,urbain,CTP,0.05,35
P00603,Dakar,urbain,CTP,0.05,14
P00604,Ziguinchor,rural,public,0.55,61
P00605,Tambacounda,rural,public,0.75,97
P00606,Kaffrine,rural,public,0.55,127
P00607,Thiès,rural,CTP,0.15,51
P00608,Louga,rural,public,0.45,199
P00609,Thiès,urbain,public,0.15,72
P00610,Kolda,urbain,public,0.7,31
P00611,Kaolack,urbain,public,0.3,85
P00612,Thiès,urbain,CTP,0.15,49
P00613,Kaffrine,rural,CTP,0.55,52
P00614,Diourbel,urbain,prive,0.3,86
P00615,Thiès,urbain,public,0.15,59
P00616,Kolda,urbain,public,0.7,52
P00617,Kaolack,rural,CTP,0.3,40
P00618,Dakar,rural,public,0.05,35
P00619,Kaolack,rural,CTP,0.3,30
P00620,Kaolack,urbain,prive,0.3,61
P00621,Matam,rural,public,0.65,50
P00622,Dakar,urbain,CTP,0.05,48
P00623,Saint-Louis,rural,CTP,0.35,61
P00624,Tambacounda,rural,public,0.75,61
P00625,Thiès,urbain,public,0.15,66
P00626,Diourbel,rural,prive,0.3,142
P00627,Sédhiou,rural,CTP,0.7,51
P00628,Diourbel,urbain,public,0.3,46
P00629,Dakar,rural,public,0.05,87
P00630,Matam,urbain,CTP,0.65,29
P00631,Tambacounda,rural,prive,0.75,59
P00632,Dakar,urbain,prive,0.05,40
P00633,Dakar,urbain,CTP,0.05,59
P00634,Dakar,rural,CTP,0.05,46
P00635,Saint-Louis,urbain,CTP,0.35,26
P00636,Tambacounda,rural,public,0.75,122
P00637,Kaolack,urbain,public,0.3,92
P00638,Kaffrine,rural,public,0.55,54
P00639,Louga,rural,public,0.45,61
P00640,Sédhiou,rural,CTP,0.7,34
P00641,Thiès,rural,public,0.15,128
P00642,Dakar,rural,CTP,0.05,34
P00643,Dakar,urbain,prive,0.05,72
P00644,Tambacounda,rural,public,0.75,63
P00645,Dakar,urbain,CTP,0.05,25
P00646,Dakar,urbain,public,0.05,58
P00647,Louga,rural,public,0.45,106
P00648,Sédhiou,urbain,public,0.7,54
P00649,Thiès,urbain,CTP,0.15,33
P00650,Dakar,urbain,public,0.05,105
P00651,Diourbel,urbain,prive,0.3,99
P00652,Dakar,urbain,CTP,0.05,48
P00653,Dakar,rural,CTP,0.05,36
P00654,Dakar,rural,CTP,0.05,28
P00655,Thiès,urbain,public,0.15,110
P00656,Thiès,urbain,public,0.15,55
P00657,Kaolack,urbain,public,0.3,112
P00658,Kaolack,urbain,public,0.3,51
P00659,Matam,rural,CTP,0.65,30
P00660,Kaolack,urbain,prive,0.3,78
P00661,Dakar,urbain,CTP,0.05,57
P00662,Sédhiou,urbain,public,0.7,44
P00663,Thiès,urbain,CTP,0.15,70
P00664,Dakar,urbain,prive,0.05,36
P00665,Dakar,urbain,public,0.05,89
P00666,Diourbel,rural,public,0.3,53
P00667,Kaolack,urbain,CTP,0.3,12
P00668,Kaolack,urbain,public,0.3,49
P00669,Dakar,urbain,public,0.05,35
P00670,Thiès,urbain,public,0.15,46
P00671,Thiès,urbain,CTP,0.15,53
P00672,Thiès,urbain,public,0.15,38
P00673,Tambacounda,urbain,CTP,0.75,63
P00674,Dakar,rural,CTP,0.05,52
P00675,Kolda,urbain,public,0.7,130
P00676,Ziguinchor,rural,public,0.55,57
P00677,Thiès,urbain,CTP,0.15,38
P00678,Louga,urbain,CTP,0.45,54
P00679,Kolda,rural,public,0.7,120
P00680,Kolda,urbain,prive,0.7,71
P00681,Tambacounda,rural,public,0.75,46
P00682,Diourbel,rural,prive,0.3,86
P00683,Dakar,urbain,CTP,0.05,18
P00684,Kolda,rural,prive,0.7,71
P00685,Thiès,urbain,CTP,0.15,44
P00686,Saint-Louis,urbain,public,0.35,38
P00687,Dakar,urbain,prive,0.05,72
P00688,Kaffrine,rural,CTP,0.55,77
P00689,Kédougou,urbain,public,0.9,63
P00690,Kaolack,rural,CTP,0.3,109
P00691,Thiès,urbain,CTP,0.15,64
P00692,Thiès,urbain,public,0.15,66
P00693,Thiès,rural,CTP,0.15,22
P00694,Kolda,rural,CTP,0.7,36
P00695,Louga,rural,CTP,0.45,64
P00696,Ziguinchor,rural,CTP,0.55,42
P00697,Fatick,rural,CTP,0.4,28
P00698,Diourbel,rural,CTP,0.3,42
P00699,Kolda,rural,public,0.7,98
P00700,Thiès,rural,CTP,0.15,39
P00701,Dakar,urbain,CTP,0.05,30
P00702,Kaolack,rural,CTP,0.3,25
P00703,Kaolack,rural,public,0.3,94
P00704,Thiès,urbain,CTP,0.15,40
P00705,Thiès,rural,public,0.15,62
P00706,Saint-Louis,rural,public,0.35,39
P00707,Diourbel,urbain,CTP,0.3,35
P00708,Kaffrine,rural,public,0.55,38
P00709,Kaffrine,rural,public,0.55,51
P00710,Dakar,urbain,CTP,0.05,27
P00711,Thiès,rural,public,0.15,88
P00712,Kolda,rural,CTP,0.7,35
P00713,Saint-Louis,urbain,CTP,0.35,38
P00714,Louga,urbain,CTP,0.45,50
P00715,Saint-Louis,urbain,CTP,0.35,65
P00716,Ziguinchor,rural,public,0.55,67
P00717,Ziguinchor,urbain,public,0.55,54
P00718,Kaolack,urbain,CTP,0.3,79
P00719,Diourbel,rural,CTP,0.3,28
P00720,Thiès,rural,public,0.15,75
P00721,Kédougou,rural,public,0.9,92
P00722,Kaffrine,rural,CTP,0.55,26
P00723,Dakar,rural,prive,0.05,51
P00724,Saint-Louis,urbain,public,0.35,32
P00725,Matam,rural,public,0.65,101
P00726,Dakar,rural,CTP,0.05,24
P00727,Thiès,rural,public,0.15,145
P00728,Dakar,urbain,public,0.05,59
P00729,Thiès,rural,CTP,0.15,48
P00730,Saint-Louis,rural,CTP,0.35,28
P00731,Dakar,urbain,CTP,0.05,47
P00732,Diourbel,urbain,CTP,0.3,40
P00733,Kaolack,urbain,CTP,0.3,61
P00734,Kaffrine,rural,public,0.55,50
P00735,Fatick,urbain,public,0.4,58
P00736,Dakar,urbain,public,0.05,34
P00737,Dakar,rural,public,0.05,33
P00738,Matam,rural,public,0.65,67
P00739,Thiès,urbain,public,0.15,69
P00740,Thiès,rural,public,0.15,65
P00741,Diourbel,urbain,CTP,0.3,26
P00742,Thiès,urbain,CTP,0.15,87
P00743,Thiès,rural,CTP,0.15,45
P00744,Saint-Louis,urbain,CTP,0.35,18
P00745,Saint-Louis,rural,CTP,0.35,61
P00746,Dakar,urbain,public,0.05,31
P00747,Louga,urbain,CTP,0.45,24
P00748,Ziguinchor,urbain,public,0.55,31
P00749,Diourbel,urbain,prive,0.3,107
P00750,Louga,rural,public,0.45,35
P00751,Kaolack,urbain,public,0.3,82
P00752,Kaolack,rural,public,0.3,56
P00753,Diourbel,urbain,prive,0.3,34
P00754,Dakar,urbain,CTP,0.05,39
P00755,Dakar,urbain,public,0.05,45
P00756,Thiès,urbain,CTP,0.15,29
P00757,Diourbel,rural,prive,0.3,57
P00758,Thiès,rural,CTP,0.15,36
P00759,Diourbel,urbain,prive,0.3,64
P00760,Fatick,rural,public,0.4,24
P00761,Kaffrine,rural,CTP,0.55,33
P00762,Fatick,urbain,public,0.4,59
P00763,Fatick,rural,CTP,0.4,52
P00764,Thiès,rural,CTP,0.15,40
P00765,Matam,rural,public,0.65,74
P00766,Diourbel,urbain,public,0.3,85
P00767,Saint-Louis,urbain,CTP,0.35,36
P00768,Fatick,rural,public,0.4,117
P00769,Louga,urbain,public,0.45,76
P00770,Thiès,rural,public,0.15,119
P00771,Tambacounda,rural,public,0.75,44
P00772,Sédhiou,rural,CTP,0.7,29
P00773,Dakar,rural,public,0.05,85
P00774,Louga,rural,CTP,0.45,22
P00775,Saint-Louis,urbain,public,0.35,51
P00776,Kolda,rural,public,0.7,74
P00777,Kolda,rural,CTP,0.7,49
P00778,Kaolack,urbain,public,0.3,66
P00779,Kolda,rural,public,0.7,28
P00780,Diourbel,rural,CTP,0.3,42
P00781,Diourbel,rural,CTP,0.3,24
P00782,Dakar,rural,public,0.05,152
P00783,Tambacounda,rural,CTP,0.75,45
P00784,Dakar,urbain,prive,0.05,64
P00785,Thiès,urbain,prive,0.15,56
P00786,Thiès,rural,CTP,0.15,51
P00787,Thiès,urbain,public,0.15,47
P00788,Tambacounda,urbain,public,0.75,51
P00789,Tambacounda,rural,CTP,0.75,82
P00790,Dakar,urbain,public,0.05,76
P00791,Saint-Louis,urbain,public,0.35,67
P00792,Diourbel,rural,CTP,0.3,21
P00793,Thiès,urbain,prive,0.15,60
P00794,Diourbel,urbain,prive,0.3,114
P00795,Louga,rural,CTP,0.45,30
P00796,Dakar,rural,CTP,0.05,75
P00797,Kaffrine,rural,public,0.55,81
P00798,Thiès,urbain,prive,0.15,102
P00799,Fatick,urbain,public,0.4,21
P00800,Thiès,urbain,public,0.15,114
P00801,Diourbel,urbain,CTP,0.3,58
P00802,Saint-Louis,urbain,CTP,0.35,62
P00803,Tambacounda,rural,public,0.75,45
P00804,Saint-Louis,rural,CTP,0.35,28
P00805,Kaffrine,rural,public,0.55,62
P00806,Louga,rural,CTP,0.45,30
P00807,Diourbel,urbain,prive,0.3,63
P00808,Tambacounda,rural,prive,0.75,39
P00809,Kolda,rural,CTP,0.7,57
P00810,Dakar,rural,public,0.05,70
P00811,Fatick,urbain,prive,0.4,33
P00812,Ziguinchor,urbain,CTP,0.55,39
P00813,Thiès,urbain,CTP,0.15,29
P00814,Tambacounda,rural,CTP,0.75,23
P00815,Diourbel,rural,public,0.3,112
P00816,Thiès,urbain,CTP,0.15,31
P00817,Dakar,rural,CTP,0.05,76
P00818,Kédougou,rural,public,0.9,51
P00819,Diourbel,urbain,prive,0.3,136
P00820,Kolda,rural,CTP,0.7,29
P00821,Thiès,urbain,prive,0.15,46
P00822,Ziguinchor,rural,public,0.55,54
P00823,Thiès,rural,CTP,0.15,32
P00824,Dakar,urbain,prive,0.05,48
P00825,Dakar,rural,CTP,0.05,41
P00826,Kaolack,urbain,CTP,0.3,52
P00827,Saint-Louis,rural,public,0.35,77
P00828,Fatick,rural,public,0.4,53
P00829,Fatick,rural,CTP,0.4,55
P00830,Saint-Louis,urbain,CTP,0.35,41
P00831,Thiès,rural,CTP,0.15,18
P00832,Thiès,rural,public,0.15,120
P00833,Fatick,rural,CTP,0.4,48
P00834,Kaolack,urbain,CTP,0.3,28
P00835,Dakar,urbain,prive,0.05,86
P00836,Dakar,urbain,prive,0.05,141
P00837,Dakar,rural,CTP,0.05,67
P00838,Thiès,rural,public,0.15,44
P00839,Saint-Louis,rural,CTP,0.35,20
P00840,Kaolack,rural,CTP,0.3,40
P00841,Diourbel,rural,public,0.3,69
P00842,Fatick,rural,CTP,0.4,36
P00843,Tambacounda,rural,public,0.75,44
P00844,Dakar,urbain,public,0.05,63
P00845,Dakar,urbain,public,0.05,37
P00846,Dakar,urbain,prive,0.05,68
P00847,Tambacounda,rural,CTP,0.75,44
P00848,Saint-Louis,rural,public,0.35,93
P00849,Dakar,urbain,prive,0.05,34
P00850,Ziguinchor,urbain,public,0.55,86
P00851,Dakar,urbain,prive,0.05,52
P00852,Tambacounda,urbain,public,0.75,60
P00853,Kolda,rural,CTP,0.7,53
P00854,Tambacounda,rural,prive,0.75,82
P00855,Saint-Louis,rural,CTP,0.35,33
P00856,Fatick,urbain,public,0.4,61
P00857,Dakar,urbain,prive,0.05,28
P00858,Kaolack,urbain,prive,0.3,40
P00859,Tambacounda,rural,CTP,0.75,18
P00860,Diourbel,rural,CTP,0.3,40
P00861,Saint-Louis,urbain,prive,0.35,77
P00862,Ziguinchor,urbain,CTP,0.55,45
P00863,Thiès,urbain,public,0.15,57
P00864,Saint-Louis,urbain,public,0.35,121
P00865,Ziguinchor,rural,CTP,0.55,22
P00866,Dakar,rural,public,0.05,58
P00867,Diourbel,urbain,CTP,0.3,42
P00868,Tambacounda,rural,CTP,0.75,38
P00869,Ziguinchor,rural,public,0.55,55
P00870,Sédhiou,rural,public,0.7,62
P00871,Dakar,urbain,public,0.05,46
P00872,Fatick,urbain,prive,0.4,80
P00873,Kaffrine,urbain,prive,0.55,47
P00874,Diourbel,rural,public,0.3,63
P00875,Dakar,urbain,prive,0.05,31
P00876,Kaffrine,rural,CTP,0.55,72
P00877,Thiès,urbain,prive,0.15,50
P00878,Dakar,urbain,CTP,0.05,58
P00879,Tambacounda,rural,CTP,0.75,35
P00880,Thiès,urbain,public,0.15,40
P00881,Thiès,rural,CTP,0.15,24
P00882,Fatick,urbain,prive,0.4,48
P00883,Diourbel,urbain,prive,0.3,48
P00884,Dakar,rural,public,0.05,64
P00885,Diourbel,urbain,prive,0.3,27
P00886,Kaffrine,rural,public,0.55,96
P00887,Kaffrine,rural,public,0.55,37
P00888,Kolda,rural,CTP,0.7,44
P00889,Kolda,rural,public,0.7,76
P00890,Dakar,rural,public,0.05,31
P00891,Dakar,rural,CTP,0.05,29
P00892,Diourbel,urbain,CTP,0.3,79
P00893,Tambacounda,rural,prive,0.75,60
P00894,Dakar,urbain,prive,0.05,27
P00895,Dakar,urbain,prive,0.05,82
P00896,Saint-Louis,rural,CTP,0.35,38
P00897,Ziguinchor,rural,public,0.55,78
P00898,Dakar,urbain,CTP,0.05,34
P00899,Dakar,urbain,public,0.05,90
P00900,Saint-Louis,urbain,prive,0.35,106
P00901,Dakar,urbain,prive,0.05,42
P00902,Dakar,rural,public,0.05,131
P00903,Kaffrine,rural,public,0.55,92
P00904,Dakar,rural,CTP,0.05,57
P00905,Kédougou,rural,public,0.9,51
P00906,Kaolack,urbain,CTP,0.3,68
P00907,Kaolack,rural,public,0.3,75
P00908,Diourbel,urbain,CTP,0.3,49
P00909,Kédougou,rural,public,0.9,70
P00910,Fatick,urbain,CTP,0.4,72
P00911,Saint-Louis,rural,public,0.35,46
P00912,Dakar,urbain,prive,0.05,37
P00913,Dakar,urbain,public,0.05,55
P00914,Thiès,urbain,public,0.15,75
P00915,Matam,urbain,public,0.65,88
P00916,Kaolack,rural,CTP,0.3,16
P00917,Thiès,urbain,CTP,0.15,58
P00918,Louga,rural,public,0.45,29
P00919,Kaffrine,urbain,CTP,0.55,38
P00920,Kolda,urbain,prive,0.7,75
P00921,Kaffrine,urbain,public,0.55,62
P00922,Saint-Louis,rural,CTP,0.35,26
P00923,Saint-Louis,urbain,CTP,0.35,47
P00924,Thiès,urbain,public,0.15,62
P00925,Dakar,urbain,public,0.05,51
P00926,Matam,rural,CTP,0.65,33
P00927,Thiès,urbain,CTP,0.15,47
P00928,Thiès,urbain,public,0.15,47
P00929,Dakar,urbain,public,0.05,67
P00930,Sédhiou,urbain,public,0.7,61
P00931,Kolda,rural,public,0.7,107
P00932,Saint-Louis,rural,CTP,0.35,34
P00933,Diourbel,rural,public,0.3,34
P00934,Kaolack,urbain,CTP,0.3,25
P00935,Sédhiou,urbain,public,0.7,130
P00936,Ziguinchor,rural,public,0.55,84
P00937,Kolda,rural,public,0.7,105
P00938,Dakar,urbain,public,0.05,37
P00939,Thiès,urbain,public,0.15,84
P00940,Dakar,urbain,public,0.05,45
P00941,Thiès,urbain,public,0.15,66
P00942,Dakar,urbain,CTP,0.05,68
P00943,Dakar,rural,CTP,0.05,52
P00944,Louga,urbain,CTP,0.45,20
P00945,Saint-Louis,urbain,public,0.35,42
P00946,Thiès,urbain,CTP,0.15,83
P00947,Kaolack,urbain,CTP,0.3,43
P00948,Thiès,urbain,public,0.15,170
P00949,Dakar,urbain,CTP,0.05,50
P00950,Kaolack,urbain,public,0.3,37
P00951,Kolda,rural,CTP,0.7,30
P00952,Kaolack,rural,CTP,0.3,35
P00953,Kédougou,rural,CTP,0.9,45
P00954,Dakar,urbain,prive,0.05,60
P00955,Thiès,urbain,CTP,0.15,49
P00956,Diourbel,rural,CTP,0.3,43
P00957,Kolda,rural,CTP,0.7,44
P00958,Kaffrine,rural,CTP,0.55,91
P00959,Dakar,urbain,CTP,0.05,40
P00960,Kolda,rural,public,0.7,51
P00961,Dakar,urbain,CTP,0.05,51
P00962,Kaffrine,rural,prive,0.55,51
P00963,Dakar,urbain,prive,0.05,79
P00964,Thiès,rural,public,0.15,34
P00965,Kédougou,urbain,public,0.9,83
P00966,Kolda,urbain,CTP,0.7,29
P00967,Dakar,rural,public,0.05,60
P00968,Saint-Louis,rural,CTP,0.35,88
P00969,Saint-Louis,urbain,CTP,0.35,37
P00970,Kolda,rural,public,0.7,92
P00971,Dakar,rural,CTP,0.05,37
P00972,Dakar,urbain,public,0.05,36
P00973,Thiès,rural,public,0.15,26
P00974,Sédhiou,rural,public,0.7,82
P00975,Dakar,rural,public,0.05,56
P00976,Dakar,urbain,CTP,0.05,90
P00977,Louga,urbain,public,0.45,68
P00978,Thiès,urbain,CTP,0.15,54
P00979,Diourbel,urbain,CTP,0.3,84
P00980,Fatick,rural,CTP,0.4,11
P00981,Dakar,urbain,prive,0.05,53
P00982,Sédhiou,rural,public,0.7,45
P00983,Kaolack,urbain,public,0.3,80
P00984,Ziguinchor,rural,CTP,0.55,26
P00985,Matam,rural,public,0.65,74
P00986,Saint-Louis,urbain,CTP,0.35,37
P00987,Dakar,urbain,prive,0.05,15
P00988,Dakar,rural,public,0.05,81
P00989,Thiès,rural,CTP,0.15,50
P00990,Fatick,rural,CTP,0.4,31
P00991,Fatick,urbain,prive,0.4,46
P00992,Kaolack,urbain,prive,0.3,54
P00993,Thiès,urbain,public,0.15,82
P00994,Dakar,rural,CTP,0.05,43
P00995,Ziguinchor,rural,CTP,0.55,65
P00996,Tambacounda,urbain,public,0.75,75
P00997,Diourbel,urbain,CTP,0.3,26
P00998,Dakar,rural,prive,0.05,63
P00999,Thiès,rural,prive,0.15,27
P01000,Matam,rural,prive,0.65,38
P01001,Dakar,rural,public,0.05,41
P01002,Thiès,urbain,CTP,0.15,53
P01003,Dakar,urbain,CTP,0.05,93
P01004,Ziguinchor,rural,CTP,0.55,31
P01005,Kaolack,rural,public,0.3,75
P01006,Sédhiou,rural,CTP,0.7,35
P01007,Kaolack,rural,CTP,0.3,35
P01008,Louga,urbain,CTP,0.45,18
P01009,Dakar,urbain,CTP,0.05,33
P01010,Dakar,rural,public,0.05,82
P01011,Fatick,urbain,CTP,0.4,23
P01012,Kaffrine,urbain,CTP,0.55,25
P01013,Diourbel,urbain,prive,0.3,59
P01014,Kolda,urbain,public,0.7,54
P01015,Kaffrine,rural,CTP,0.55,36
P01016,Sédhiou,rural,CTP,0.7,15
P01017,Diourbel,urbain,CTP,0.3,54
P01018,Thiès,urbain,CTP,0.15,71
P01019,Louga,rural,CTP,0.45,31
P01020,Diourbel,urbain,public,0.3,46
P01021,Thiès,rural,CTP,0.15,78
P01022,Saint-Louis,rural,public,0.35,62
P01023,Saint-Louis,urbain,public,0.35,91
P01024,Fatick,rural,public,0.4,38
P01025,Kaffrine,rural,public,0.55,61
P01026,Tambacounda,rural,CTP,0.75,42
P01027,Matam,urbain,public,0.65,74
P01028,Thiès,urbain,public,0.15,81
P01029,Saint-Louis,rural,CTP,0.35,31
P01030,Kaffrine,rural,CTP,0.55,52
P01031,Dakar,urbain,prive,0.05,65
P01032,Dakar,urbain,public,0.05,28
P01033,Fatick,urbain,CTP,0.4,49
P01034,Dakar,urbain,CTP,0.05,48
P01035,Fatick,rural,CTP,0.4,47
P01036,Thiès,urbain,public,0.15,69
P01037,Dakar,rural,CTP,0.05,41
P01038,Thiès,rural,public,0.15,83
P01039,Louga,rural,CTP,0.45,22
P01040,Thiès,rural,public,0.15,110
P01041,Ziguinchor,rural,public,0.55,65
P01042,Kaolack,urbain,CTP,0.3,55
P01043,Matam,urbain,public,0.65,68
P01044,Matam,rural,public,0.65,29
P01045,Fatick,rural,prive,0.4,78
P01046,Ziguinchor,urbain,CTP,0.55,28
P01047,Thiès,rural,CTP,0.15,55
P01048,Louga,rural,public,0.45,67
P01049,Diourbel,urbain,prive,0.3,50
P01050,Tambacounda,rural,CTP,0.75,61
P01051,Saint-Louis,rural,CTP,0.35,26
P01052,Matam,rural,CTP,0.65,40
P01053,Fatick,urbain,public,0.4,45
P01054,Kaolack,urbain,CTP,0.3,62
P01055,Fatick,urbain,CTP,0.4,59
P01056,Thiès,urbain,CTP,0.15,35
P01057,Thiès,urbain,CTP,0.15,74
P01058,Fatick,rural,CTP,0.4,105
P01059,Diourbel,urbain,public,0.3,78
P01060,Kaffrine,rural,CTP,0.55,53
P01061,Matam,rural,CTP,0.65,58
P01062,Ziguinchor,rural,public,0.55,81
P01063,Louga,rural,CTP,0.45,47
P01064,Diourbel,urbain,public,0.3,51
P01065,Kolda,rural,CTP,0.7,28
P01066,Dakar,urbain,public,0.05,64
P01067,Louga,urbain,CTP,0.45,74
P01068,Kaffrine,urbain,CTP,0.55,33
P01069,Saint-Louis,urbain,public,0.35,42
P01070,Tambacounda,urbain,CTP,0.75,30
P01071,Diourbel,urbain,CTP,0.3,72
P01072,Dakar,urbain,CTP,0.05,31
P01073,Dakar,urbain,CTP,0.05,29
P01074,Fatick,rural,CTP,0.4,19
P01075,Diourbel,urbain,public,0.3,131
P01076,Dakar,urbain,prive,0.05,37
P01077,Thiès,rural,public,0.15,96
P01078,Dakar,urbain,public,0.05,100
P01079,Tambacounda,rural,CTP,0.75,31
P01080,Tambacounda,rural,CTP,0.75,48
P01081,Saint-Louis,rural,CTP,0.35,32
P01082,Dakar,rural,CTP,0.05,26
P01083,Tambacounda,rural,public,0.75,98
P01084,Diourbel,rural,CTP,0.3,45
P01085,Kaolack,urbain,CTP,0.3,38
P01086,Ziguinchor,rural,public,0.55,43
P01087,Dakar,urbain,CTP,0.05,17
P01088,Ziguinchor,rural,CTP,0.55,15
P01089,Thiès,urbain,CTP,0.15,30
P01090,Kaffrine,rural,CTP,0.55,37
P01091,Fatick,rural,public,0.4,61
P01092,Dakar,rural,CTP,0.05,41
P01093,Dakar,rural,CTP,0.05,46
P01094,Dakar,urbain,public,0.05,56
P01095,Dakar,urbain,CTP,0.05,34
P01096,Kaolack,rural,CTP,0.3,33
P01097,Dakar,urbain,CTP,0.05,54
P01098,Thiès,urbain,prive,0.15,44
P01099,Matam,rural,public,0.65,44
P01100,Dakar,urbain,CTP,0.05,26
P01101,Louga,rural,public,0.45,40
P01102,Diourbel,urbain,prive,0.3,87
P01103,Thiès,urbain,public,0.15,87
P01104,Kaffrine,urbain,prive,0.55,75
P01105,Kaolack,urbain,CTP,0.3,27
P01106,Tambacounda,rural,CTP,0.75,30
P01107,Kaolack,rural,CTP,0.3,30
P01108,Louga,rural,public,0.45,90
P01109,Kaffrine,rural,CTP,0.55,22
P01110,Kaolack,rural,prive,0.3,39
P01111,Kolda,rural,CTP,0.7,36
P01112,Dakar,urbain,prive,0.05,73
P01113,Matam,urbain,CTP,0.65,45
P01114,Saint-Louis,urbain,public,0.35,59
P01115,Dakar,urbain,CTP,0.05,77
P01116,Kaolack,rural,CTP,0.3,37
P01117,Kaffrine,rural,CTP,0.55,41
P01118,Ziguinchor,urbain,prive,0.55,45
P01119,Fatick,rural,public,0.4,126
P01120,Thiès,urbain,prive,0.15,61
P01121,Matam,rural,CTP,0.65,35
P01122,Louga,urbain,public,0.45,58
P01123,Louga,rural,CTP,0.45,33
P01124,Dakar,rural,public,0.05,80
P01125,Tambacounda,rural,CTP,0.75,38
P01126,Diourbel,rural,public,0.3,101
P01127,Thiès,urbain,CTP,0.15,58
P01128,Louga,rural,prive,0.45,49
P01129,Thiès,rural,CTP,0.15,34
P01130,Fatick,rural,CTP,0.4,17
P01131,Dakar,rural,public,0.05,66
P01132,Kolda,rural,CTP,0.7,47
P01133,Kaffrine,rural,CTP,0.55,28
P01134,Dakar,rural,public,0.05,40
P01135,Sédhiou,rural,public,0.7,105
P01136,Matam,rural,CTP,0.65,40
P01137,Diourbel,rural,CTP,0.3,76
P01138,Thiès,urbain,prive,0.15,57
P01139,Louga,urbain,public,0.45,102
P01140,Kaffrine,urbain,public,0.55,139
P01141,Ziguinchor,urbain,public,0.55,100
P01142,Kaolack,urbain,CTP,0.3,28
P01143,Matam,rural,public,0.65,141
P01144,Matam,rural,CTP,0.65,56
P01145,Dakar,urbain,CTP,0.05,35
P01146,Saint-Louis,urbain,prive,0.35,97
P01147,Thiès,urbain,CTP,0.15,28
P01148,Tambacounda,rural,CTP,0.75,35
P01149,Kaolack,rural,public,0.3,88
P01150,Sédhiou,rural,public,0.7,71
P01151,Kolda,rural,CTP,0.7,38
P01152,Sédhiou,urbain,CTP,0.7,25
P01153,Sédhiou,rural,public,0.7,62
P01154,Dakar,rural,public,0.05,85
P01155,Thiès,rural,public,0.15,77
P01156,Fatick,rural,CTP,0.4,30
P01157,Diourbel,urbain,public,0.3,34
P01158,Thiès,urbain,CTP,0.15,21
P01159,Louga,urbain,CTP,0.45,33
P01160,Thiès,urbain,public,0.15,57
P01161,Thiès,rural,public,0.15,111
P01162,Fatick,rural,CTP,0.4,60
P01163,Matam,urbain,public,0.65,67
P01164,Saint-Louis,urbain,CTP,0.35,44
P01165,Fatick,urbain,CTP,0.4,73
P01166,Diourbel,rural,CTP,0.3,46
P01167,Fatick,rural,public,0.4,42
P01168,Kaolack,urbain,CTP,0.3,31
P01169,Thiès,urbain,CTP,0.15,36
P01170,Dakar,urbain,prive,0.05,89
P01171,Kaffrine,urbain,CTP,0.55,62
P01172,Diourbel,urbain,prive,0.3,63
P01173,Kaffrine,rural,CTP,0.55,50
P01174,Thiès,rural,CTP,0.15,42
P01175,Fatick,rural,public,0.4,74
P01176,Thiès,urbain,public,0.15,57
P01177,Louga,urbain,prive,0.45,51
P01178,Dakar,rural,public,0.05,41
P01179,Fatick,rural,CTP,0.4,49
P01180,Sédhiou,rural,CTP,0.7,61
P01181,Louga,urbain,prive,0.45,66
P01182,Saint-Louis,urbain,prive,0.35,104
P01183,Tambacounda,rural,CTP,0.75,33
P01184,Dakar,urbain,CTP,0.05,33
P01185,Kaolack,rural,public,0.3,24
P01186,Kaolack,urbain,CTP,0.3,30
P01187,Kédougou,urbain,public,0.9,96
P01188,Kaolack,urbain,CTP,0.3,30
P01189,Fatick,urbain,prive,0.4,44
P01190,Dakar,urbain,CTP,0.05,35
P01191,Thiès,urbain,prive,0.15,37
P01192,Tambacounda,rural,prive,0.75,12
P01193,Dakar,rural,CTP,0.05,16
P01194,Diourbel,urbain,CTP,0.3,41
P01195,Kolda,urbain,public,0.7,56
P01196,Thiès,urbain,prive,0.15,45
P01197,Saint-Louis,rural,CTP,0.35,43
P01198,Dakar,urbain,public,0.05,34
P01199,Dakar,urbain,public,0.05,76
P01200,Louga,rural,CTP,0.45,37
P01201,Kaffrine,rural,CTP,0.55,44
P01202,Kaffrine,rural,public,0.55,82
P01203,Kaffrine,rural,public,0.55,74
P01204,Kolda,rural,CTP,0.7,99
P01205,Kaolack,urbain,CTP,0.3,52
P01206,Thiès,rural,public,0.15,69
P01207,Kaffrine,urbain,public,0.55,45
P01208,Fatick,rural,public,0.4,101
P01209,Dakar,rural,public,0.05,87
P01210,Kolda,rural,public,0.7,118
P01211,Kaolack,rural,CTP,0.3,28
P01212,Saint-Louis,rural,public,0.35,95
P01213,Saint-Louis,urbain,public,0.35,27
P01214,Dakar,rural,public,0.05,93
P01215,Fatick,rural,public,0.4,88
P01216,Kaolack,urbain,CTP,0.3,78
P01217,Matam,urbain,public,0.65,50
P01218,Dakar,rural,prive,0.05,63
P01219,Dakar,rural,CTP,0.05,96
P01220,Dakar,urbain,CTP,0.05,56
P01221,Tambacounda,rural,public,0.75,116
P01222,Dakar,urbain,prive,0.05,49
P01223,Kaolack,rural,CTP,0.3,28
P01224,Kaffrine,rural,public,0.55,54
P01225,Dakar,rural,CTP,0.05,44
P01226,Sédhiou,rural,CTP,0.7,29
P01227,Kédougou,rural,public,0.9,43
P01228,Dakar,urbain,public,0.05,79
P01229,Kolda,rural,public,0.7,58
P01230,Kaolack,urbain,prive,0.3,105
P01231,Saint-Louis,rural,public,0.35,93
P01232,Thiès,urbain,CTP,0.15,51
P01233,Ziguinchor,rural,CTP,0.55,26
P01234,Dakar,urbain,public,0.05,54
P01235,Dakar,urbain,prive,0.05,50
P01236,Dakar,urbain,CTP,0.05,45
P01237,Fatick,rural,public,0.4,103
P01238,Dakar,urbain,public,0.05,79
P01239,Dakar,urbain,public,0.05,79
P01240,Thiès,urbain,prive,0.15,89
P01241,Ziguinchor,urbain,CTP,0.55,32
P01242,Tambacounda,rural,public,0.75,43
P01243,Fatick,rural,CTP,0.4,23
P01244,Diourbel,rural,CTP,0.3,28
P01245,Dakar,urbain,CTP,0.05,40
P01246,Kaolack,urbain,public,0.3,88
P01247,Ziguinchor,urbain,public,0.55,34
P01248,Diourbel,urbain,prive,0.3,64
P01249,Dakar,urbain,CTP,0.05,30
P01250,Diourbel,rural,CTP,0.3,58
P01251,Dakar,urbain,CTP,0.05,47
P01252,Dakar,urbain,prive,0.05,66
P01253,Dakar,urbain,prive,0.05,44
P01254,Diourbel,rural,CTP,0.3,51
P01255,Sédhiou,urbain,public,0.7,53
P01256,Dakar,urbain,public,0.05,73
P01257,Dakar,rural,CTP,0.05,55
P01258,Dakar,rural,CTP,0.05,50
P01259,Dakar,rural,CTP,0.05,58
P01260,Saint-Louis,rural,CTP,0.35,68
P01261,Louga,urbain,CTP,0.45,78
P01262,Thiès,urbain,public,0.15,63
P01263,Fatick,urbain,public,0.4,91
P01264,Kaolack,urbain,public,0.3,115
P01265,Dakar,urbain,public,0.05,139
P01266,Dakar,urbain,public,0.05,49
P01267,Kaolack,rural,public,0.3,76
P01268,Dakar,rural,CTP,0.05,68
P01269,Thiès,urbain,public,0.15,47
P01270,Diourbel,rural,public,0.3,47
P01271,Saint-Louis,urbain,prive,0.35,40
P01272,Dakar,rural,public,0.05,60
P01273,Diourbel,rural,public,0.3,61
P01274,Diourbel,urbain,CTP,0.3,80
P01275,Kaffrine,rural,CTP,0.55,25
P01276,Kaolack,rural,CTP,0.3,30
P01277,Kaolack,urbain,CTP,0.3,25
P01278,Dakar,rural,CTP,0.05,96
P01279,Diourbel,rural,CTP,0.3,49
P01280,Dakar,urbain,prive,0.05,51
P01281,Saint-Louis,rural,CTP,0.35,32
P01282,Diourbel,urbain,public,0.3,60
P01283,Dakar,urbain,CTP,0.05,32
P01284,Diourbel,rural,public,0.3,91
P01285,Thiès,urbain,CTP,0.15,47
P01286,Dakar,urbain,prive,0.05,102
P01287,Tambacounda,rural,CTP,0.75,39
P01288,Kaffrine,urbain,public,0.55,88
P01289,Kédougou,urbain,public,0.9,52
P01290,Dakar,urbain,CTP,0.05,63
P01291,Dakar,rural,CTP,0.05,31
P01292,Thiès,urbain,CTP,0.15,24
P01293,Kaolack,rural,prive,0.3,65
P01294,Saint-Louis,urbain,public,0.35,50
P01295,Dakar,urbain,CTP,0.05,32
P01296,Sédhiou,rural,public,0.7,86
P01297,Louga,rural,CTP,0.45,68
P01298,Ziguinchor,rural,public,0.55,35
P01299,Tambacounda,rural,public,0.75,104
P01300,Ziguinchor,urbain,public,0.55,31
P01301,Dakar,urbain,prive,0.05,52
P01302,Fatick,rural,public,0.4,81
P01303,Dakar,rural,public,0.05,135
P01304,Kolda,urbain,CTP,0.7,63
P01305,Dakar,urbain,prive,0.05,43
P01306,Dakar,urbain,CTP,0.05,25
P01307,Fatick,rural,public,0.4,36
P01308,Diourbel,rural,CTP,0.3,56
P01309,Tambacounda,urbain,prive,0.75,47
P01310,Louga,rural,public,0.45,59
P01311,Matam,rural,CTP,0.65,55
P01312,Thiès,urbain,prive,0.15,85
P01313,Kolda,urbain,public,0.7,56
P01314,Kaolack,urbain,CTP,0.3,43
P01315,Dakar,urbain,prive,0.05,137
P01316,Diourbel,urbain,public,0.3,60
P01317,Dakar,urbain,CTP,0.05,51
P01318,Saint-Louis,rural,public,0.35,159
P01319,Kaolack,rural,public,0.3,85
P01320,Dakar,urbain,prive,0.05,26
P01321,Thiès,rural,CTP,0.15,43
P01322,Kolda,rural,CTP,0.7,95
P01323,Kaolack,urbain,public,0.3,98
P01324,Thiès,rural,prive,0.15,59
P01325,Dakar,rural,public,0.05,89
P01326,Kaolack,rural,public,0.3,79
P01327,Matam,rural,public,0.65,61
P01328,Kaolack,rural,CTP,0.3,25
P01329,Sédhiou,rural,CTP,0.7,35
P01330,Dakar,urbain,prive,0.05,27
P01331,Thiès,urbain,public,0.15,87
P01332,Sédhiou,urbain,public,0.7,51
P01333,Kaolack,urbain,CTP,0.3,62
P01334,Kaolack,urbain,public,0.3,51
P01335,Dakar,urbain,public,0.05,81
P01336,Dakar,urbain,public,0.05,126
P01337,Thiès,urbain,prive,0.15,70
P01338,Kaffrine,rural,CTP,0.55,32
P01339,Diourbel,urbain,public,0.3,112
P01340,Kaolack,urbain,prive,0.3,41
P01341,Tambacounda,rural,public,0.75,72
P01342,Diourbel,rural,CTP,0.3,35
P01343,Dakar,rural,CTP,0.05,33
P01344,Saint-Louis,rural,public,0.35,64
P01345,Dakar,urbain,CTP,0.05,29
P01346,Kaolack,urbain,prive,0.3,46
P01347,Louga,rural,CTP,0.45,46
P01348,Diourbel,rural,public,0.3,84
P01349,Kaffrine,rural,public,0.55,54
P01350,Kaolack,rural,public,0.3,70
P01351,Matam,rural,CTP,0.65,49
P01352,Diourbel,rural,CTP,0.3,44
P01353,Kolda,urbain,prive,0.7,71
P01354,Dakar,rural,CTP,0.05,39
P01355,Kaffrine,rural,prive,0.55,63
P01356,Dakar,rural,prive,0.05,43
P01357,Kolda,rural,CTP,0.7,65
P01358,Dakar,rural,CTP,0.05,48
P01359,Thiès,urbain,CTP,0.15,34
P01360,Dakar,rural,prive,0.05,136
P01361,Louga,urbain,CTP,0.45,54
P01362,Dakar,urbain,public,0.05,20
P01363,Thiès,rural,CTP,0.15,35
P01364,Tambacounda,rural,public,0.75,151
P01365,Dakar,urbain,CTP,0.05,27
P01366,Dakar,urbain,CTP,0.05,27
P01367,Fatick,rural,public,0.4,44
P01368,Diourbel,rural,CTP,0.3,46
P01369,Dakar,urbain,CTP,0.05,51
P01370,Ziguinchor,rural,public,0.55,45
P01371,Matam,rural,CTP,0.65,43
P01372,Kolda,urbain,public,0.7,99
P01373,Fatick,urbain,CTP,0.4,31
P01374,Kaffrine,urbain,prive,0.55,41
P01375,Kaffrine,urbain,public,0.55,87
P01376,Tambacounda,rural,CTP,0.75,48
P01377,Louga,urbain,CTP,0.45,33
P01378,Thiès,urbain,CTP,0.15,23
P01379,Dakar,urbain,public,0.05,42
P01380,Saint-Louis,rural,CTP,0.35,39
P01381,Thiès,urbain,public,0.15,143
P01382,Kaolack,urbain,CTP,0.3,23
P01383,Tambacounda,urbain,CTP,0.75,39
P01384,Saint-Louis,urbain,CTP,0.35,12
P01385,Diourbel,rural,public,0.3,68
P01386,Fatick,rural,CTP,0.4,43
P01387,Kolda,rural,CTP,0.7,43
P01388,Dakar,urbain,CTP,0.05,25
P01389,Thiès,urbain,CTP,0.15,43
P01390,Louga,urbain,public,0.45,69
P01391,Kaolack,rural,prive,0.3,60
P01392,Kaffrine,urbain,prive,0.55,39
P01393,Kaolack,rural,CTP,0.3,104
P01394,Fatick,rural,public,0.4,120
P01395,Sédhiou,rural,CTP,0.7,26
P01396,Kaolack,rural,CTP,0.3,64
P01397,Kaolack,rural,CTP,0.3,43
P01398,Louga,rural,public,0.45,94
P01399,Thiès,urbain,prive,0.15,79
P01400,Diourbel,urbain,CTP,0.3,78
P01401,Kaolack,urbain,CTP,0.3,59
P01402,Saint-Louis,rural,public,0.35,65
P01403,Dakar,urbain,public,0.05,48
P01404,Matam,rural,CTP,0.65,17
P01405,Kaffrine,urbain,CTP,0.55,54
P01406,Fatick,urbain,prive,0.4,45
P01407,Kaolack,urbain,prive,0.3,98
P01408,Thiès,urbain,CTP,0.15,49
P01409,Kaffrine,rural,CTP,0.55,79
P01410,Thiès,urbain,prive,0.15,69
P01411,Fatick,urbain,prive,0.4,27
P01412,Dakar,rural,public,0.05,50
P01413,Dakar,rural,public,0.05,62
P01414,Louga,rural,CTP,0.45,84
P01415,Fatick,urbain,public,0.4,58
P01416,Saint-Louis,rural,public,0.35,96
P01417,Thiès,rural,CTP,0.15,38
P01418,Sédhiou,rural,public,0.7,37
P01419,Saint-Louis,urbain,CTP,0.35,75
P01420,Ziguinchor,urbain,CTP,0.55,46
P01421,Kédougou,rural,public,0.9,46
P01422,Louga,rural,CTP,0.45,64
P01423,Diourbel,urbain,prive,0.3,59
P01424,Fatick,rural,CTP,0.4,42
P01425,Tambacounda,urbain,prive,0.75,67
P01426,Ziguinchor,rural,CTP,0.55,43
P01427,Dakar,urbain,public,0.05,84
P01428,Thiès,urbain,prive,0.15,46
P01429,Kaffrine,rural,CTP,0.55,18
P01430,Kaolack,urbain,public,0.3,66
P01431,Fatick,rural,CTP,0.4,47
P01432,Louga,rural,prive,0.45,58
P01433,Dakar,urbain,CTP,0.05,38
P01434,Dakar,rural,CTP,0.05,75
P01435,Diourbel,urbain,CTP,0.3,88
P01436,Thiès,rural,public,0.15,125
P01437,Sédhiou,urbain,public,0.7,48
P01438,Thiès,urbain,CTP,0.15,27
P01439,Matam,urbain,public,0.65,84
P01440,Dakar,urbain,prive,0.05,80
P01441,Kolda,urbain,CTP,0.7,23
P01442,Fatick,rural,CTP,0.4,25
P01443,Kolda,rural,public,0.7,58
P01444,Dakar,urbain,public,0.05,60
P01445,Thiès,urbain,prive,0.15,45
P01446,Dakar,urbain,public,0.05,56
P01447,Fatick,urbain,public,0.4,72
P01448,Kaolack,rural,public,0.3,91
P01449,Diourbel,urbain,public,0.3,35
P01450,Saint-Louis,rural,public,0.35,93
P01451,Louga,urbain,public,0.45,52
P01452,Louga,rural,public,0.45,74
P01453,Matam,urbain,public,0.65,35
P01454,Matam,rural,CTP,0.65,29
P01455,Fatick,rural,CTP,0.4,41
P01456,Matam,rural,CTP,0.65,57
P01457,Dakar,urbain,prive,0.05,53
P01458,Thiès,rural,CTP,0.15,44
P01459,Matam,rural,public,0.65,50
P01460,Kaolack,urbain,CTP,0.3,20
P01461,Saint-Louis,rural,CTP,0.35,40
P01462,Thiès,urbain,CTP,0.15,45
P01463,Dakar,urbain,public,0.05,138
P01464,Dakar,urbain,CTP,0.05,27
P01465,Fatick,rural,CTP,0.4,30
P01466,Dakar,urbain,prive,0.05,80
P01467,Dakar,urbain,public,0.05,76
P01468,Kolda,rural,CTP,0.7,51
P01469,Saint-Louis,urbain,prive,0.35,55
P01470,Thiès,rural,public,0.15,58
P01471,Dakar,urbain,public,0.05,65
P01472,Kaolack,urbain,public,0.3,81
P01473,Kolda,rural,CTP,0.7,31
P01474,Ziguinchor,rural,CTP,0.55,36
P01475,Fatick,urbain,prive,0.4,36
P01476,Saint-Louis,rural,prive,0.35,36
P01477,Thiès,rural,public,0.15,70
P01478,Thiès,urbain,CTP,0.15,72
P01479,Dakar,urbain,CTP,0.05,63
P01480,Kolda,urbain,public,0.7,81
P01481,Louga,rural,public,0.45,79
P01482,Tambacounda,rural,CTP,0.75,55
P01483,Kaffrine,urbain,CTP,0.55,30
P01484,Kaolack,urbain,public,0.3,62
P01485,Kolda,rural,CTP,0.7,55
P01486,Matam,rural,public,0.65,107
P01487,Ziguinchor,rural,CTP,0.55,52
P01488,Matam,rural,public,0.65,84
P01489,Sédhiou,rural,public,0.7,83
P01490,Ziguinchor,urbain,CTP,0.55,27
P01491,Tambacounda,rural,CTP,0.75,51
P01492,Dakar,urbain,public,0.05,51
P01493,Thiès,urbain,public,0.15,111
P01494,Thiès,rural,CTP,0.15,27
P01495,Dakar,urbain,CTP,0.05,27
P01496,Tambacounda,rural,CTP,0.75,46
P01497,Dakar,urbain,CTP,0.05,48
P01498,Dakar,urbain,CTP,0.05,51
P01499,Dakar,rural,CTP,0.05,53
P01500,Dakar,urbain,public,0.05,125
P01501,Dakar,rural,public,0.05,61
P01502,Kolda,rural,public,0.7,56
P01503,Dakar,rural,CTP,0.05,42
P01504,Louga,urbain,CTP,0.45,52
P01505,Diourbel,rural,CTP,0.3,35
P01506,Kaolack,rural,CTP,0.3,24
P01507,Louga,urbain,prive,0.45,115
P01508,Dakar,rural,prive,0.05,46
P01509,Dakar,urbain,public,0.05,47
P01510,Kédougou,rural,public,0.9,78
P01511,Ziguinchor,rural,CTP,0.55,46
P01512,Fatick,rural,prive,0.4,57
P01513,Kolda,rural,public,0.7,54
P01514,Kolda,rural,public,0.7,46
P01515,Kédougou,rural,public,0.9,72
P01516,Diourbel,urbain,prive,0.3,56
P01517,Kaolack,urbain,public,0.3,48
P01518,Tambacounda,rural,public,0.75,96
P01519,Fatick,rural,CTP,0.4,37
P01520,Thiès,urbain,public,0.15,73
P01521,Louga,urbain,public,0.45,76
P01522,Fatick,rural,public,0.4,178
P01523,Fatick,rural,public,0.4,48
P01524,Tambacounda,rural,CTP,0.75,37
P01525,Fatick,urbain,public,0.4,99
P01526,Kaolack,urbain,public,0.3,131
P01527,Dakar,rural,public,0.05,65
P01528,Thiès,urbain,public,0.15,37
P01529,Thiès,rural,prive,0.15,84
P01530,Thiès,urbain,public,0.15,96
P01531,Diourbel,urbain,public,0.3,47
P01532,Dakar,urbain,CTP,0.05,62
P01533,Dakar,rural,public,0.05,77
P01534,Sédhiou,rural,public,0.7,230
P01535,Tambacounda,rural,public,0.75,32
P01536,Dakar,rural,public,0.05,104
P01537,Kaffrine,rural,CTP,0.55,80
P01538,Tambacounda,rural,public,0.75,74
P01539,Louga,rural,CTP,0.45,93
P01540,Diourbel,urbain,CTP,0.3,29
P01541,Dakar,urbain,CTP,0.05,25
P01542,Saint-Louis,rural,CTP,0.35,31
P01543,Ziguinchor,rural,public,0.55,54
P01544,Saint-Louis,urbain,public,0.35,49
P01545,Thiès,urbain,public,0.15,57
P01546,Diourbel,rural,CTP,0.3,40
P01547,Dakar,urbain,CTP,0.05,25
P01548,Thiès,rural,public,0.15,143
P01549,Ziguinchor,urbain,CTP,0.55,58
P01550,Fatick,rural,public,0.4,47
P01551,Louga,urbain,CTP,0.45,29
P01552,Diourbel,urbain,CTP,0.3,52
P01553,Louga,urbain,public,0.45,62
P01554,Kolda,urbain,prive,0.7,65
P01555,Tambacounda,rural,prive,0.75,61
P01556,Dakar,rural,CTP,0.05,33
P01557,Dakar,urbain,prive,0.05,43
P01558,Kolda,urbain,CTP,0.7,38
P01559,Tambacounda,rural,public,0.75,83
P01560,Saint-Louis,urbain,public,0.35,42
P01561,Dakar,urbain,prive,0.05,29
P01562,Kaffrine,urbain,prive,0.55,49
P01563,Saint-Louis,urbain,prive,0.35,44
P01564,Saint-Louis,rural,CTP,0.35,65
P01565,Tambacounda,rural,prive,0.75,22
P01566,Thiès,rural,CTP,0.15,81
P01567,Louga,rural,CTP,0.45,44
P01568,Dakar,urbain,prive,0.05,44
P01569,Saint-Louis,urbain,public,0.35,65
P01570,Kaolack,rural,CTP,0.3,51
P01571,Thiès,urbain,public,0.15,43
P01572,Diourbel,rural,public,0.3,88
P01573,Tambacounda,urbain,CTP,0.75,83
P01574,Kaolack,urbain,CTP,0.3,36
P01575,Fatick,rural,CTP,0.4,49
P01576,Kolda,urbain,prive,0.7,114
P01577,Kaolack,rural,CTP,0.3,39
P01578,Diourbel,urbain,public,0.3,59
P01579,Kaffrine,urbain,CTP,0.55,69
P01580,Dakar,rural,CTP,0.05,15
P01581,Kolda,rural,public,0.7,68
P01582,Dakar,urbain,CTP,0.05,68
P01583,Tambacounda,rural,CTP,0.75,52
P01584,Thiès,rural,public,0.15,43
P01585,Dakar,urbain,prive,0.05,52
P01586,Kolda,rural,CTP,0.7,65
P01587,Kaolack,urbain,public,0.3,84
P01588,Kédougou,rural,CTP,0.9,29
P01589,Diourbel,rural,public,0.3,53
P01590,Dakar,urbain,CTP,0.05,38
P01591,Dakar,urbain,CTP,0.05,52
P01592,Thiès,urbain,public,0.15,97
P01593,Kédougou,rural,public,0.9,57
P01594,Kolda,rural,public,0.7,120
P01595,Kolda,urbain,public,0.7,103
P01596,Matam,rural,public,0.65,38
P01597,Dakar,urbain,prive,0.05,59
P01598,Tambacounda,rural,public,0.75,88
P01599,Thiès,rural,public,0.15,81
P01600,Ziguinchor,rural,CTP,0.55,39
P01601,Kaffrine,urbain,public,0.55,74
P01602,Dakar,urbain,CTP,0.05,47
P01603,Saint-Louis,urbain,prive,0.35,60
P01604,Saint-Louis,urbain,CTP,0.35,33
P01605,Kolda,urbain,CTP,0.7,42
P01606,Kaffrine,urbain,CTP,0.55,66
P01607,Thiès,rural,public,0.15,110
P01608,Fatick,rural,public,0.4,82
P01609,Thiès,urbain,prive,0.15,70
P01610,Kaffrine,urbain,public,0.55,108
P01611,Kaolack,urbain,CTP,0.3,52
P01612,Sédhiou,urbain,public,0.7,75
P01613,Matam,rural,CTP,0.65,21
P01614,Dakar,urbain,public,0.05,91
P01615,Matam,rural,public,0.65,87
P01616,Dakar,urbain,CTP,0.05,59
P01617,Ziguinchor,urbain,prive,0.55,42
P01618,Kolda,rural,CTP,0.7,21
P01619,Thiès,urbain,public,0.15,32
P01620,Saint-Louis,urbain,prive,0.35,66
P01621,Dakar,urbain,public,0.05,49
P01622,Tambacounda,rural,public,0.75,119
P01623,Tambacounda,rural,public,0.75,48
P01624,Dakar,urbain,prive,0.05,44
P01625,Thiès,rural,public,0.15,87
P01626,Kaolack,rural,public,0.3,60
P01627,Saint-Louis,rural,public,0.35,45
P01628,Kaolack,urbain,public,0.3,84
P01629,Ziguinchor,urbain,prive,0.55,57
P01630,Kaolack,urbain,public,0.3,59
P01631,Thiès,rural,public,0.15,45
P01632,Matam,rural,public,0.65,61
P01633,Dakar,rural,public,0.05,34
P01634,Kolda,urbain,CTP,0.7,70
P01635,Louga,rural,CTP,0.45,29
P01636,Thiès,urbain,CTP,0.15,35
P01637,Kaffrine,rural,CTP,0.55,41
P01638,Diourbel,urbain,CTP,0.3,51
P01639,Thiès,urbain,CTP,0.15,63
P01640,Dakar,urbain,public,0.05,89
P01641,Dakar,urbain,public,0.05,92
P01642,Thiès,urbain,CTP,0.15,40
P01643,Kolda,rural,public,0.7,63
P01644,Matam,rural,public,0.65,65
P01645,Kolda,rural,CTP,0.7,37
P01646,Dakar,urbain,CTP,0.05,54
P01647,Fatick,rural,CTP,0.4,54
P01648,Fatick,rural,CTP,0.4,56
P01649,Kolda,rural,CTP,0.7,58
P01650,Matam,rural,CTP,0.65,100
P01651,Dakar,urbain,CTP,0.05,44
P01652,Kaolack,rural,CTP,0.3,28
P01653,Thiès,rural,public,0.15,30
P01654,Kaolack,urbain,public,0.3,46
P01655,Kaolack,urbain,public,0.3,102
P01656,Dakar,urbain,public,0.05,59
P01657,Sédhiou,rural,CTP,0.7,30
P01658,Tambacounda,rural,CTP,0.75,21
P01659,Dakar,urbain,public,0.05,68
P01660,Sédhiou,urbain,prive,0.7,105
P01661,Thiès,urbain,public,0.15,43
P01662,Diourbel,urbain,CTP,0.3,58
P01663,Dakar,urbain,public,0.05,81
P01664,Sédhiou,urbain,prive,0.7,60
P01665,Kolda,rural,public,0.7,79
P01666,Ziguinchor,rural,CTP,0.55,25
P01667,Dakar,urbain,public,0.05,54
P01668,Diourbel,urbain,public,0.3,46
P01669,Ziguinchor,rural,CTP,0.55,34
P01670,Thiès,urbain,CTP,0.15,38
P01671,Fatick,urbain,public,0.4,56
P01672,Sédhiou,rural,CTP,0.7,58
P01673,Kaolack,rural,CTP,0.3,71
P01674,Thiès,urbain,prive,0.15,51
P01675,Dakar,rural,public,0.05,79
P01676,Dakar,urbain,CTP,0.05,30
P01677,Kaolack,rural,CTP,0.3,43
P01678,Thiès,urbain,public,0.15,75
P01679,Tambacounda,rural,CTP,0.75,30
P01680,Matam,rural,CTP,0.65,48
P01681,Dakar,rural,public,0.05,73
P01682,Dakar,urbain,public,0.05,113
P01683,Kaolack,rural,public,0.3,91
P01684,Thiès,urbain,public,0.15,61
P01685,Saint-Louis,rural,public,0.35,81
P01686,Kaolack,urbain,CTP,0.3,38
P01687,Fatick,rural,CTP,0.4,94
P01688,Diourbel,rural,public,0.3,48
P01689,Dakar,urbain,public,0.05,49
P01690,Kaolack,rural,public,0.3,103
P01691,Kaffrine,rural,public,0.55,97
P01692,Thiès,urbain,public,0.15,44
P01693,Diourbel,urbain,public,0.3,108
P01694,Diourbel,rural,CTP,0.3,31
P01695,Fatick,rural,CTP,0.4,37
P01696,Dakar,urbain,prive,0.05,50
P01697,Fatick,urbain,CTP,0.4,63
P01698,Dakar,rural,CTP,0.05,109
P01699,Dakar,urbain,public,0.05,64
P01700,Dakar,urbain,public,0.05,54
P01701,Kaffrine,urbain,prive,0.55,39
P01702,Kolda,rural,public,0.7,91
P01703,Diourbel,rural,CTP,0.3,40
P01704,Thiès,urbain,public,0.15,70
P01705,Kaolack,rural,CTP,0.3,48
P01706,Ziguinchor,urbain,CTP,0.55,35
P01707,Diourbel,rural,public,0.3,58
P01708,Kédougou,rural,CTP,0.9,51
P01709,Diourbel,urbain,public,0.3,63
P01710,Thiès,urbain,CTP,0.15,47
P01711,Dakar,urbain,prive,0.05,103
P01712,Dakar,urbain,prive,0.05,56
P01713,Thiès,urbain,public,0.15,125
P01714,Dakar,urbain,CTP,0.05,60
P01715,Dakar,urbain,CTP,0.05,40
P01716,Dakar,urbain,public,0.05,52
P01717,Dakar,rural,public,0.05,55
P01718,Kolda,urbain,prive,0.7,46
P01719,Kédougou,rural,CTP,0.9,57
P01720,Dakar,rural,CTP,0.05,38
P01721,Thiès,rural,public,0.15,57
P01722,Saint-Louis,rural,CTP,0.35,70
P01723,Kolda,urbain,public,0.7,40
P01724,Dakar,rural,CTP,0.05,46
P01725,Diourbel,rural,public,0.3,206
P01726,Kaolack,urbain,CTP,0.3,33
P01727,Kolda,urbain,prive,0.7,43
P01728,Louga,urbain,CTP,0.45,58
P01729,Dakar,urbain,public,0.05,74
P01730,Dakar,urbain,prive,0.05,125
P01731,Dakar,urbain,public,0.05,37
P01732,Ziguinchor,rural,CTP,0.55,91
P01733,Tambacounda,rural,CTP,0.75,49
P01734,Kaolack,rural,CTP,0.3,85
P01735,Sédhiou,rural,public,0.7,124
P01736,Louga,urbain,prive,0.45,42
P01737,Kaolack,urbain,CTP,0.3,69
P01738,Dakar,urbain,public,0.05,72
P01739,Kaffrine,rural,public,0.55,103
P01740,Tambacounda,rural,prive,0.75,28
P01741,Thiès,urbain,public,0.15,40
P01742,Diourbel,urbain,public,0.3,107
P01743,Dakar,urbain,CTP,0.05,75
P01744,Matam,urbain,public,0.65,37
P01745,Ziguinchor,urbain,public,0.55,75
P01746,Diourbel,rural,CTP,0.3,56
P01747,Diourbel,urbain,prive,0.3,30
P01748,Thiès,urbain,public,0.15,56
P01749,Matam,rural,public,0.65,78
P01750,Diourbel,urbain,public,0.3,64
P01751,Dakar,urbain,prive,0.05,42
P01752,Dakar,urbain,CTP,0.05,31
P01753,Tambacounda,urbain,public,0.75,72
P01754,Dakar,rural,public,0.05,63
P01755,Louga,urbain,prive,0.45,91
P01756,Louga,urbain,public,0.45,64
P01757,Fatick,rural,CTP,0.4,31
P01758,Tambacounda,urbain,prive,0.75,72
P01759,Diourbel,urbain,public,0.3,50
P01760,Dakar,urbain,CTP,0.05,31
P01761,Kaffrine,rural,CTP,0.55,28
P01762,Dakar,rural,CTP,0.05,34
P01763,Dakar,urbain,public,0.05,43
P01764,Fatick,urbain,prive,0.4,85
P01765,Kolda,urbain,public,0.7,77
P01766,Diourbel,urbain,prive,0.3,43
P01767,Fatick,rural,CTP,0.4,17
P01768,Fatick,rural,public,0.4,58
P01769,Kaolack,rural,public,0.3,69
P01770,Dakar,rural,public,0.05,66
P01771,Dakar,urbain,prive,0.05,71
P01772,Kaolack,urbain,public,0.3,73
P01773,Kolda,rural,CTP,0.7,33
P01774,Diourbel,urbain,prive,0.3,53
P01775,Saint-Louis,urbain,CTP,0.35,61
P01776,Saint-Louis,rural,CTP,0.35,29
P01777,Thiès,urbain,public,0.15,60
P01778,Saint-Louis,rural,public,0.35,44
P01779,Diourbel,rural,CTP,0.3,25
P01780,Thiès,urbain,public,0.15,87
P01781,Thiès,rural,CTP,0.15,47
P01782,Dakar,urbain,prive,0.05,81
P01783,Kaolack,rural,CTP,0.3,43
P01784,Dakar,urbain,public,0.05,63
P01785,Fatick,urbain,CTP,0.4,14
P01786,Kédougou,rural,CTP,0.9,46
P01787,Diourbel,rural,public,0.3,56
P01788,Ziguinchor,urbain,public,0.55,79
P01789,Fatick,rural,CTP,0.4,28
P01790,Dakar,urbain,CTP,0.05,28
P01791,Diourbel,urbain,public,0.3,37
P01792,Thiès,rural,prive,0.15,60
P01793,Sédhiou,rural,public,0.7,76
P01794,Kaolack,urbain,prive,0.3,55
P01795,Kaffrine,rural,public,0.55,60
P01796,Dakar,rural,public,0.05,73
P01797,Dakar,urbain,CTP,0.05,46
P01798,Dakar,urbain,prive,0.05,114
P01799,Thiès,rural,public,0.15,58
P01800,Fatick,rural,CTP,0.4,51
P01801,Tambacounda,rural,public,0.75,48
P01802,Tambacounda,rural,CTP,0.75,116
P01803,Fatick,urbain,prive,0.4,68
P01804,Kaffrine,urbain,public,0.55,39
P01805,Fatick,urbain,CTP,0.4,23
P01806,Thiès,rural,CTP,0.15,43
P01807,Thiès,rural,prive,0.15,42
P01808,Tambacounda,urbain,CTP,0.75,15
P01809,Diourbel,rural,public,0.3,73
P01810,Sédhiou,urbain,prive,0.7,38
P01811,Fatick,urbain,prive,0.4,94
P01812,Saint-Louis,urbain,public,0.35,42
P01813,Louga,urbain,public,0.45,42
P01814,Diourbel,urbain,prive,0.3,39
P01815,Matam,urbain,public,0.65,52
P01816,Thiès,rural,public,0.15,75
P01817,Diourbel,rural,CTP,0.3,84
P01818,Thiès,urbain,CTP,0.15,47
P01819,Dakar,urbain,CTP,0.05,19
P01820,Dakar,rural,CTP,0.05,72
P01821,Kolda,rural,public,0.7,59
P01822,Dakar,urbain,CTP,0.05,36
P01823,Thiès,urbain,CTP,0.15,27
P01824,Saint-Louis,urbain,prive,0.35,71
P01825,Dakar,urbain,prive,0.05,69
P01826,Diourbel,urbain,prive,0.3,41
P01827,Louga,rural,public,0.45,30
P01828,Diourbel,rural,public,0.3,75
P01829,Dakar,urbain,public,0.05,60
P01830,Sédhiou,rural,CTP,0.7,42
P01831,Dakar,rural,prive,0.05,85
P01832,Kaolack,urbain,prive,0.3,78
P01833,Dakar,urbain,prive,0.05,56
P01834,Dakar,urbain,CTP,0.05,42
P01835,Fatick,rural,public,0.4,57
P01836,Saint-Louis,urbain,prive,0.35,74
P01837,Louga,urbain,CTP,0.45,65
P01838,Matam,urbain,prive,0.65,47
P01839,Kaffrine,urbain,public,0.55,38
P01840,Matam,rural,CTP,0.65,31
P01841,Sédhiou,rural,public,0.7,54
P01842,Diourbel,rural,CTP,0.3,49
P01843,Dakar,urbain,public,0.05,87
P01844,Thiès,rural,CTP,0.15,43
P01845,Saint-Louis,urbain,prive,0.35,67
P01846,Kaolack,urbain,public,0.3,55
P01847,Dakar,urbain,public,0.05,65
P01848,Kaffrine,rural,prive,0.55,45
P01849,Thiès,rural,CTP,0.15,42
P01850,Thiès,urbain,CTP,0.15,35
P01851,Matam,rural,public,0.65,56
P01852,Saint-Louis,rural,public,0.35,32
P01853,Dakar,rural,public,0.05,107
P01854,Fatick,rural,CTP,0.4,32
P01855,Dakar,rural,public,0.05,111
P01856,Kaffrine,urbain,prive,0.55,71
P01857,Saint-Louis,urbain,public,0.35,79
P01858,Thiès,urbain,prive,0.15,103
P01859,Kaolack,urbain,CTP,0.3,66
P01860,Thiès,urbain,prive,0.15,55
P01861,Tambacounda,rural,public,0.75,36
P01862,Diourbel,urbain,public,0.3,39
P01863,Dakar,urbain,public,0.05,77
P01864,Sédhiou,rural,public,0.7,52
P01865,Dakar,rural,CTP,0.05,27
P01866,Saint-Louis,rural,CTP,0.35,36
P01867,Saint-Louis,rural,public,0.35,45
P01868,Fatick,rural,CTP,0.4,41
P01869,Thiès,urbain,CTP,0.15,66
P01870,Tambacounda,rural,public,0.75,39
P01871,Diourbel,urbain,public,0.3,59
P01872,Kaolack,rural,CTP,0.3,121
P01873,Ziguinchor,rural,CTP,0.55,36
P01874,Kaolack,urbain,public,0.3,69
P01875,Louga,rural,CTP,0.45,59
P01876,Saint-Louis,urbain,public,0.35,119
P01877,Louga,rural,CTP,0.45,51
P01878,Dakar,urbain,prive,0.05,73
P01879,Diourbel,urbain,prive,0.3,53
P01880,Saint-Louis,urbain,CTP,0.35,55
P01881,Kaolack,urbain,CTP,0.3,32
P01882,Thiès,rural,CTP,0.15,43
P01883,Tambacounda,rural,CTP,0.75,65
P01884,Diourbel,rural,CTP,0.3,17
P01885,Saint-Louis,urbain,public,0.35,90
P01886,Ziguinchor,rural,CTP,0.55,50
P01887,Dakar,rural,CTP,0.05,34
P01888,Matam,rural,CTP,0.65,64
P01889,Tambacounda,urbain,public,0.75,127
P01890,Fatick,urbain,CTP,0.4,83
P01891,Sédhiou,rural,CTP,0.7,42
P01892,Diourbel,urbain,public,0.3,49
P01893,Kolda,rural,public,0.7,71
P01894,Dakar,urbain,prive,0.05,80
P01895,Thiès,urbain,CTP,0.15,38
P01896,Sédhiou,rural,CTP,0.7,56
P01897,Dakar,urbain,public,0.05,44
P01898,Kédougou,rural,CTP,0.9,49
P01899,Kaolack,rural,public,0.3,74
P01900,Kolda,rural,CTP,0.7,57
P01901,Diourbel,urbain,public,0.3,98
P01902,Fatick,rural,public,0.4,37
P01903,Kaffrine,urbain,public,0.55,70
P01904,Thiès,urbain,prive,0.15,56
P01905,Dakar,rural,public,0.05,50
P01906,Dakar,urbain,public,0.05,58
P01907,Fatick,rural,CTP,0.4,30
P01908,Louga,urbain,CTP,0.45,63
P01909,Tambacounda,rural,CTP,0.75,67
P01910,Dakar,rural,CTP,0.05,31
P01911,Tambacounda,urbain,public,0.75,93
P01912,Kaolack,rural,public,0.3,61
P01913,Saint-Louis,urbain,CTP,0.35,46
P01914,Saint-Louis,rural,public,0.35,40
P01915,Ziguinchor,rural,public,0.55,154
P01916,Tambacounda,rural,public,0.75,111
P01917,Thiès,urbain,public,0.15,51
P01918,Kaolack,rural,CTP,0.3,40
P01919,Thiès,rural,public,0.15,76
P01920,Diourbel,urbain,public,0.3,89
P01921,Kaolack,rural,public,0.3,119
P01922,Sédhiou,urbain,public,0.7,66
P01923,Fatick,rural,public,0.4,57
P01924,Kolda,urbain,CTP,0.7,19
P01925,Fatick,urbain,CTP,0.4,56
P01926,Dakar,urbain,public,0.05,51
P01927,Dakar,urbain,prive,0.05,40
P01928,Ziguinchor,urbain,public,0.55,45
P01929,Dakar,rural,public,0.05,130
P01930,Saint-Louis,urbain,CTP,0.35,66
P01931,Dakar,urbain,prive,0.05,43
P01932,Kaffrine,urbain,CTP,0.55,28
P01933,Louga,rural,public,0.45,55
P01934,Kaolack,urbain,CTP,0.3,39
P01935,Tambacounda,rural,prive,0.75,62
P01936,Tambacounda,rural,CTP,0.75,60
P01937,Ziguinchor,rural,CTP,0.55,36
P01938,Matam,rural,public,0.65,37
P01939,Kolda,urbain,CTP,0.7,24
P01940,Diourbel,urbain,prive,0.3,46
P01941,Dakar,urbain,public,0.05,69
P01942,Thiès,urbain,public,0.15,78
P01943,Dakar,urbain,public,0.05,70
P01944,Kolda,urbain,prive,0.7,84
P01945,Fatick,urbain,CTP,0.4,52
P01946,Louga,urbain,prive,0.45,71
P01947,Fatick,rural,public,0.4,31
P01948,Saint-Louis,urbain,prive,0.35,82
P01949,Diourbel,urbain,public,0.3,54
P01950,Ziguinchor,rural,CTP,0.55,72
P01951,Tambacounda,rural,public,0.75,74
P01952,Thiès,urbain,prive,0.15,49
P01953,Diourbel,urbain,prive,0.3,41
P01954,Kédougou,rural,public,0.9,55
P01955,Kaolack,rural,public,0.3,54
P01956,Kaffrine,urbain,public,0.55,81
P01957,Thiès,urbain,CTP,0.15,35
P01958,Fatick,rural,public,0.4,154
P01959,Dakar,urbain,public,0.05,50
P01960,Ziguinchor,urbain,public,0.55,112
P01961,Dakar,urbain,CTP,0.05,39
P01962,Diourbel,urbain,prive,0.3,51
P01963,Ziguinchor,rural,public,0.55,85
P01964,Diourbel,urbain,CTP,0.3,46
P01965,Dakar,urbain,public,0.05,64
P01966,Dakar,urbain,CTP,0.05,70
P01967,Louga,urbain,CTP,0.45,59
P01968,Dakar,urbain,CTP,0.05,82
P01969,Thiès,urbain,CTP,0.15,35
P01970,Kaffrine,urbain,prive,0.55,59
P01971,Dakar,rural,public,0.05,38
P01972,Matam,rural,public,0.65,54
P01973,Ziguinchor,urbain,CTP,0.55,45
P01974,Fatick,urbain,public,0.4,71
P01975,Fatick,urbain,public,0.4,68
P01976,Diourbel,rural,CTP,0.3,35
P01977,Saint-Louis,rural,CTP,0.35,39
P01978,Kédougou,rural,CTP,0.9,29
P01979,Diourbel,urbain,CTP,0.3,50
P01980,Dakar,rural,public,0.05,93
P01981,Ziguinchor,rural,CTP,0.55,27
P01982,Dakar,rural,CTP,0.05,34
P01983,Dakar,urbain,public,0.05,56
P01984,Saint-Louis,rural,CTP,0.35,32
P01985,Dakar,urbain,public,0.05,27
P01986,Kaffrine,rural,CTP,0.55,42
P01987,Dakar,urbain,public,0.05,36
P01988,Thiès,urbain,prive,0.15,52
P01989,Ziguinchor,urbain,public,0.55,52
P01990,Fatick,rural,CTP,0.4,99
P01991,Louga,rural,public,0.45,77
P01992,Kaffrine,urbain,public,0.55,65
P01993,Dakar,urbain,public,0.05,79
P01994,Kaffrine,urbain,prive,0.55,36
P01995,Saint-Louis,rural,CTP,0.35,31
P01996,Louga,rural,prive,0.45,52
P01997,Fatick,urbain,public,0.4,35
P01998,Kaolack,urbain,prive,0.3,45
P01999,Kolda,rural,public,0.7,54
P02000,Thiès,urbain,CTP,0.15,30
P02001,Saint-Louis,urbain,public,0.35,109
P02002,Diourbel,urbain,public,0.3,73
P02003,Louga,rural,CTP,0.45,36
P02004,Kaolack,urbain,public,0.3,64
P02005,Saint-Louis,urbain,public,0.35,60
P02006,Ziguinchor,urbain,public,0.55,97
P02007,Diourbel,urbain,prive,0.3,24
P02008,Kaffrine,rural,CTP,0.55,41
P02009,Thiès,urbain,CTP,0.15,28
P02010,Fatick,rural,CTP,0.4,18
P02011,Matam,rural,CTP,0.65,55
P02012,Fatick,urbain,CTP,0.4,32
P02013,Louga,rural,public,0.45,44
P02014,Diourbel,urbain,prive,0.3,39
P02015,Diourbel,rural,CTP,0.3,47
P02016,Kaffrine,rural,CTP,0.55,37
P02017,Thiès,rural,CTP,0.15,32
P02018,Tambacounda,urbain,CTP,0.75,25
P02019,Saint-Louis,rural,CTP,0.35,44
P02020,Ziguinchor,rural,public,0.55,79
P02021,Matam,rural,public,0.65,58
P02022,Diourbel,urbain,prive,0.3,148
P02023,Dakar,rural,CTP,0.05,18
P02024,Kaffrine,rural,public,0.55,90
P02025,Dakar,urbain,public,0.05,52
P02026,Tambacounda,rural,public,0.75,158
P02027,Matam,rural,public,0.65,29
P02028,Thiès,urbain,CTP,0.15,43
P02029,Saint-Louis,urbain,public,0.35,131
P02030,Kaffrine,rural,CTP,0.55,44
P02031,Dakar,urbain,prive,0.05,44
P02032,Kolda,urbain,CTP,0.7,63
P02033,Kaolack,urbain,public,0.3,121
P02034,Kaolack,urbain,public,0.3,48
P02035,Diourbel,urbain,CTP,0.3,92
P02036,Dakar,urbain,public,0.05,74
P02037,Louga,rural,CTP,0.45,42
P02038,Kaffrine,rural,CTP,0.55,53
P02039,Kolda,rural,CTP,0.7,25
P02040,Dakar,rural,public,0.05,44
P02041,Saint-Louis,rural,CTP,0.35,69
P02042,Dakar,urbain,CTP,0.05,32
P02043,Matam,urbain,prive,0.65,37
P02044,Kaolack,urbain,CTP,0.3,28
P02045,Sédhiou,urbain,prive,0.7,79
P02046,Kaolack,rural,public,0.3,114
P02047,Dakar,rural,public,0.05,70
P02048,Kaolack,urbain,public,0.3,97
P02049,Thiès,urbain,prive,0.15,55
P02050,Dakar,rural,CTP,0.05,138
P02051,Thiès,urbain,public,0.15,64
P02052,Tambacounda,rural,CTP,0.75,45
P02053,Diourbel,urbain,public,0.3,68
P02054,Kaolack,urbain,public,0.3,62
P02055,Sédhiou,rural,CTP,0.7,62
P02056,Louga,urbain,public,0.45,172
P02057,Sédhiou,rural,CTP,0.7,66
P02058,Dakar,urbain,public,0.05,60
P02059,Ziguinchor,urbain,public,0.55,49
P02060,Thiès,urbain,public,0.15,54
P02061,Diourbel,urbain,public,0.3,61
P02062,Dakar,rural,public,0.05,58
P02063,Louga,urbain,public,0.45,41
P02064,Fatick,rural,prive,0.4,65
P02065,Sédhiou,urbain,public,0.7,41
P02066,Diourbel,rural,CTP,0.3,51
P02067,Dakar,urbain,public,0.05,42
P02068,Matam,rural,CTP,0.65,42
P02069,Kaffrine,urbain,public,0.55,98
P02070,Dakar,urbain,public,0.05,31
P02071,Thiès,rural,CTP,0.15,74
P02072,Dakar,urbain,public,0.05,39
P02073,Kolda,rural,CTP,0.7,43
P02074,Kaolack,rural,CTP,0.3,65
P02075,Diourbel,rural,CTP,0.3,53
P02076,Thiès,urbain,public,0.15,49
P02077,Diourbel,urbain,CTP,0.3,33
P02078,Thiès,urbain,public,0.15,75
P02079,Ziguinchor,urbain,prive,0.55,42
P02080,Kédougou,rural,public,0.9,64
P02081,Thiès,urbain,public,0.15,93
P02082,Matam,rural,CTP,0.65,38
P02083,Diourbel,urbain,CTP,0.3,64
P02084,Sédhiou,rural,CTP,0.7,66
P02085,Kolda,urbain,CTP,0.7,36
P02086,Kolda,urbain,public,0.7,66
P02087,Dakar,rural,CTP,0.05,39
P02088,Fatick,urbain,public,0.4,93
P02089,Sédhiou,rural,CTP,0.7,55
P02090,Thiès,urbain,public,0.15,109
P02091,Kaolack,rural,public,0.3,37
P02092,Louga,rural,public,0.45,43
P02093,Diourbel,rural,CTP,0.3,74
P02094,Kaffrine,rural,CTP,0.55,51
P02095,Dakar,urbain,CTP,0.05,29
P02096,Dakar,urbain,CTP,0.05,65
P02097,Dakar,urbain,public,0.05,107
P02098,Kaolack,rural,public,0.3,145
P02099,Fatick,urbain,prive,0.4,56
P02100,Dakar,rural,public,0.05,77
P02101,Tambacounda,urbain,public,0.75,86
P02102,Thiès,urbain,public,0.15,56
P02103,Thiès,urbain,prive,0.15,46
P02104,Diourbel,rural,public,0.3,63
P02105,Matam,rural,public,0.65,43
P02106,Dakar,urbain,prive,0.05,63
P02107,Tambacounda,rural,public,0.75,56
P02108,Saint-Louis,urbain,public,0.35,87
P02109,Ziguinchor,urbain,CTP,0.55,64
P02110,Dakar,rural,CTP,0.05,43
P02111,Fatick,urbain,CTP,0.4,43
P02112,Tambacounda,urbain,public,0.75,46
P02113,Dakar,urbain,CTP,0.05,44
P02114,Dakar,urbain,CTP,0.05,58
P02115,Kolda,rural,CTP,0.7,34
P02116,Dakar,rural,public,0.05,93
P02117,Matam,rural,CTP,0.65,95
P02118,Thiès,urbain,public,0.15,58
P02119,Fatick,rural,CTP,0.4,17
P02120,Kaolack,rural,public,0.3,50
P02121,Diourbel,rural,CTP,0.3,63
P02122,Thiès,urbain,public,0.15,112
P02123,Thiès,rural,CTP,0.15,62
P02124,Diourbel,urbain,CTP,0.3,72
P02125,Kaffrine,rural,CTP,0.55,57
P02126,Tambacounda,urbain,CTP,0.75,36
P02127,Diourbel,urbain,CTP,0.3,40
P02128,Matam,rural,CTP,0.65,73
P02129,Kolda,rural,CTP,0.7,94
P02130,Dakar,rural,CTP,0.05,42
P02131,Louga,rural,public,0.45,147
P02132,Dakar,urbain,public,0.05,97
P02133,Kaolack,urbain,public,0.3,58
P02134,Ziguinchor,rural,public,0.55,103
P02135,Ziguinchor,rural,CTP,0.55,18
P02136,Diourbel,rural,CTP,0.3,69
P02137,Thiès,urbain,public,0.15,51
P02138,Fatick,rural,CTP,0.4,31
P02139,Fatick,rural,public,0.4,49
P02140,Ziguinchor,rural,CTP,0.55,34
P02141,Louga,rural,CTP,0.45,46
P02142,Diourbel,rural,CTP,0.3,29
P02143,Dakar,rural,public,0.05,97
P02144,Fatick,rural,CTP,0.4,40
P02145,Ziguinchor,rural,CTP,0.55,22
P02146,Louga,urbain,CTP,0.45,21
P02147,Saint-Louis,urbain,public,0.35,56
P02148,Louga,urbain,public,0.45,92
P02149,Kaffrine,urbain,CTP,0.55,73
P02150,Dakar,urbain,public,0.05,62
P02151,Dakar,urbain,public,0.05,57
P02152,Thiès,rural,public,0.15,102
P02153,Dakar,urbain,CTP,0.05,40
P02154,Dakar,urbain,public,0.05,48
P02155,Dakar,urbain,public,0.05,38
P02156,Thiès,urbain,prive,0.15,105
P02157,Dakar,urbain,public,0.05,73
P02158,Tambacounda,rural,CTP,0.75,44
P02159,Thiès,urbain,public,0.15,76
P02160,Dakar,urbain,CTP,0.05,27
P02161,Fatick,rural,public,0.4,116
P02162,Louga,rural,public,0.45,55
P02163,Dakar,urbain,public,0.05,100
P02164,Diourbel,urbain,CTP,0.3,30
P02165,Fatick,rural,public,0.4,40
P02166,Dakar,rural,public,0.05,161
P02167,Kaolack,rural,public,0.3,62
P02168,Diourbel,rural,CTP,0.3,29
P02169,Fatick,rural,public,0.4,57
P02170,Saint-Louis,urbain,prive,0.35,72
P02171,Kolda,rural,CTP,0.7,40
P02172,Diourbel,rural,CTP,0.3,37
P02173,Thiès,urbain,CTP,0.15,46
P02174,Kolda,rural,CTP,0.7,48
P02175,Dakar,urbain,public,0.05,50
P02176,Kaolack,urbain,prive,0.3,81
P02177,Dakar,rural,CTP,0.05,28
P02178,Thiès,rural,CTP,0.15,43
P02179,Fatick,rural,CTP,0.4,42
P02180,Tambacounda,rural,CTP,0.75,60
P02181,Kaffrine,rural,public,0.55,86
P02182,Dakar,urbain,public,0.05,90
P02183,Dakar,urbain,prive,0.05,67
P02184,Tambacounda,urbain,public,0.75,34
P02185,Louga,urbain,CTP,0.45,39
P02186,Sédhiou,rural,CTP,0.7,25
P02187,Fatick,rural,prive,0.4,70
P02188,Kolda,rural,CTP,0.7,30
P02189,Dakar,rural,CTP,0.05,45
P02190,Sédhiou,urbain,public,0.7,112
P02191,Dakar,urbain,public,0.05,50
P02192,Kolda,urbain,CTP,0.7,32
P02193,Thiès,urbain,CTP,0.15,95
P02194,Diourbel,urbain,public,0.3,71
P02195,Diourbel,urbain,prive,0.3,57
P02196,Kolda,rural,CTP,0.7,29
P02197,Dakar,urbain,prive,0.05,70
P02198,Saint-Louis,urbain,public,0.35,86
P02199,Tambacounda,rural,CTP,0.75,78
P02200,Louga,rural,public,0.45,101
P02201,Dakar,urbain,public,0.05,110
P02202,Louga,urbain,public,0.45,27
P02203,Dakar,rural,public,0.05,110
P02204,Dakar,urbain,prive,0.05,52
P02205,Thiès,urbain,public,0.15,34
P02206,Thiès,rural,CTP,0.15,29
P02207,Ziguinchor,urbain,public,0.55,74
P02208,Dakar,rural,public,0.05,54
P02209,Dakar,urbain,CTP,0.05,43
P02210,Dakar,urbain,public,0.05,50
P02211,Kolda,rural,public,0.7,86
P02212,Ziguinchor,urbain,public,0.55,91
P02213,Fatick,urbain,CTP,0.4,48
P02214,Dakar,rural,public,0.05,31
P02215,Kaffrine,rural,CTP,0.55,45
P02216,Kaolack,rural,public,0.3,57
P02217,Saint-Louis,rural,CTP,0.35,80
P02218,Dakar,urbain,public,0.05,110
P02219,Diourbel,urbain,public,0.3,39
P02220,Thiès,urbain,public,0.15,42
P02221,Kaolack,rural,CTP,0.3,24
P02222,Dakar,urbain,public,0.05,49
P02223,Thiès,urbain,CTP,0.15,109
P02224,Thiès,urbain,public,0.15,67
P02225,Dakar,urbain,public,0.05,46
P02226,Dakar,urbain,CTP,0.05,24
P02227,Kaolack,urbain,public,0.3,38
P02228,Thiès,urbain,public,0.15,61
P02229,Kolda,rural,CTP,0.7,46
P02230,Tambacounda,rural,public,0.75,200
P02231,Kaolack,rural,public,0.3,52
P02232,Kaffrine,rural,CTP,0.55,48
P02233,Thiès,urbain,public,0.15,91
P02234,Thiès,rural,CTP,0.15,28
P02235,Dakar,urbain,CTP,0.05,49
P02236,Dakar,rural,CTP,0.05,28
P02237,Matam,rural,CTP,0.65,78
P02238,Fatick,urbain,public,0.4,33
P02239,Fatick,rural,public,0.4,137
P02240,Diourbel,rural,CTP,0.3,53
P02241,Sédhiou,rural,public,0.7,70
P02242,Dakar,urbain,prive,0.05,98
P02243,Diourbel,urbain,CTP,0.3,32
P02244,Kolda,rural,CTP,0.7,45
P02245,Thiès,urbain,public,0.15,62
P02246,Dakar,urbain,public,0.05,88
P02247,Kaffrine,rural,CTP,0.55,42
P02248,Diourbel,rural,CTP,0.3,101
P02249,Ziguinchor,rural,CTP,0.55,56
P02250,Louga,rural,CTP,0.45,44
P02251,Kolda,rural,public,0.7,58
P02252,Dakar,rural,CTP,0.05,38
P02253,Dakar,urbain,CTP,0.05,39
P02254,Kaffrine,urbain,public,0.55,83
P02255,Thiès,urbain,CTP,0.15,29
P02256,Fatick,rural,CTP,0.4,18
P02257,Tambacounda,rural,CTP,0.75,31
P02258,Kaolack,rural,CTP,0.3,56
P02259,Dakar,urbain,CTP,0.05,42
P02260,Thiès,rural,CTP,0.15,51
P02261,Louga,urbain,CTP,0.45,27
P02262,Sédhiou,rural,CTP,0.7,49
P02263,Sédhiou,rural,CTP,0.7,65
P02264,Thiès,urbain,CTP,0.15,17
P02265,Dakar,urbain,public,0.05,61
P02266,Louga,rural,CTP,0.45,45
P02267,Diourbel,urbain,public,0.3,96
P02268,Tambacounda,rural,CTP,0.75,34
P02269,Dakar,rural,CTP,0.05,31
P02270,Kaolack,rural,public,0.3,50
P02271,Tambacounda,urbain,public,0.75,24
P02272,Kolda,urbain,CTP,0.7,76
P02273,Ziguinchor,rural,public,0.55,87
P02274,Dakar,rural,CTP,0.05,54
P02275,Dakar,rural,CTP,0.05,48
P02276,Kaolack,urbain,CTP,0.3,52
P02277,Kédougou,rural,CTP,0.9,55
P02278,Dakar,urbain,public,0.05,63
P02279,Kolda,rural,public,0.7,56
P02280,Louga,urbain,public,0.45,105
P02281,Diourbel,urbain,prive,0.3,55
P02282,Dakar,urbain,public,0.05,59
P02283,Thiès,rural,CTP,0.15,57
P02284,Diourbel,rural,CTP,0.3,45
P02285,Kaolack,urbain,public,0.3,118
P02286,Dakar,urbain,public,0.05,48
P02287,Dakar,urbain,CTP,0.05,14
P02288,Thiès,urbain,CTP,0.15,31
P02289,Saint-Louis,urbain,CTP,0.35,46
P02290,Dakar,rural,CTP,0.05,39
P02291,Saint-Louis,urbain,public,0.35,74
P02292,Dakar,rural,CTP,0.05,54
P02293,Kédougou,rural,CTP,0.9,32
P02294,Thiès,urbain,public,0.15,80
P02295,Dakar,urbain,CTP,0.05,57
P02296,Dakar,rural,CTP,0.05,104
P02297,Thiès,rural,CTP,0.15,36
P02298,Kaolack,urbain,CTP,0.3,49
P02299,Louga,urbain,prive,0.45,106
P02300,Kaffrine,urbain,prive,0.55,87
P02301,Dakar,urbain,prive,0.05,44
P02302,Kolda,rural,CTP,0.7,82
P02303,Dakar,rural,public,0.05,43
P02304,Saint-Louis,rural,CTP,0.35,42
P02305,Dakar,rural,CTP,0.05,68
P02306,Kaffrine,urbain,public,0.55,88
P02307,Kaolack,rural,public,0.3,121
P02308,Kaffrine,urbain,CTP,0.55,58
P02309,Dakar,urbain,CTP,0.05,53
P02310,Ziguinchor,urbain,public,0.55,64
P02311,Dakar,urbain,public,0.05,47
P02312,Dakar,urbain,public,0.05,84
P02313,Dakar,urbain,public,0.05,68
P02314,Thiès,rural,CTP,0.15,36
P02315,Sédhiou,rural,CTP,0.7,38
P02316,Dakar,urbain,prive,0.05,102
P02317,Thiès,urbain,public,0.15,64
P02318,Dakar,rural,CTP,0.05,27
P02319,Kaolack,rural,CTP,0.3,33
P02320,Kaolack,rural,CTP,0.3,34
P02321,Dakar,rural,prive,0.05,111
P02322,Ziguinchor,rural,CTP,0.55,23
P02323,Louga,urbain,public,0.45,59
P02324,Ziguinchor,rural,public,0.55,77
P02325,Thiès,urbain,public,0.15,120
P02326,Ziguinchor,urbain,public,0.55,57
P02327,Dakar,urbain,prive,0.05,56
P02328,Kaffrine,rural,CTP,0.55,34
P02329,Thiès,urbain,CTP,0.15,48
P02330,Fatick,rural,public,0.4,62
P02331,Kaolack,rural,CTP,0.3,30
P02332,Kaolack,urbain,prive,0.3,58
P02333,Fatick,urbain,CTP,0.4,24
P02334,Kaffrine,urbain,public,0.55,78
P02335,Fatick,urbain,public,0.4,51
P02336,Fatick,urbain,CTP,0.4,102
P02337,Kaolack,rural,CTP,0.3,53
P02338,Saint-Louis,urbain,prive,0.35,96
P02339,Louga,urbain,public,0.45,85
P02340,Dakar,urbain,CTP,0.05,53
P02341,Kaolack,urbain,CTP,0.3,100
P02342,Sédhiou,rural,CTP,0.7,33
P02343,Kaffrine,urbain,public,0.55,67
P02344,Thiès,rural,CTP,0.15,32
P02345,Thiès,urbain,CTP,0.15,70
P02346,Saint-Louis,urbain,prive,0.35,76
P02347,Dakar,urbain,prive,0.05,31
P02348,Kédougou,urbain,CTP,0.9,29
P02349,Saint-Louis,rural,CTP,0.35,75
P02350,Kaolack,rural,CTP,0.3,39
P02351,Diourbel,urbain,prive,0.3,51
P02352,Thiès,rural,public,0.15,53
P02353,Thiès,urbain,public,0.15,61
P02354,Kaffrine,rural,CTP,0.55,34
P02355,Kolda,rural,public,0.7,43
P02356,Tambacounda,urbain,CTP,0.75,41
P02357,Kaffrine,urbain,CTP,0.55,47
P02358,Kaffrine,rural,CTP,0.55,66
P02359,Matam,rural,public,0.65,66
P02360,Diourbel,urbain,CTP,0.3,19
P02361,Dakar,urbain,public,0.05,41
P02362,Kolda,urbain,CTP,0.7,58
P02363,Thiès,rural,CTP,0.15,37
P02364,Kaolack,urbain,prive,0.3,68
P02365,Thiès,urbain,CTP,0.15,69
P02366,Thiès,urbain,prive,0.15,76
P02367,Dakar,urbain,public,0.05,68
P02368,Diourbel,rural,public,0.3,71
P02369,Dakar,urbain,public,0.05,90
P02370,Diourbel,urbain,public,0.3,82
P02371,Dakar,urbain,CTP,0.05,21
P02372,Tambacounda,urbain,CTP,0.75,49
P02373,Fatick,urbain,CTP,0.4,35
P02374,Fatick,rural,CTP,0.4,68
P02375,Diourbel,urbain,public,0.3,75
P02376,Matam,rural,CTP,0.65,20
P02377,Sédhiou,rural,public,0.7,37
P02378,Louga,rural,CTP,0.45,25
P02379,Thiès,urbain,prive,0.15,33
P02380,Kaolack,urbain,CTP,0.3,23
P02381,Saint-Louis,urbain,prive,0.35,56
P02382,Thiès,rural,CTP,0.15,31
P02383,Dakar,urbain,public,0.05,77
P02384,Thiès,urbain,CTP,0.15,51
P02385,Kaffrine,urbain,CTP,0.55,77
P02386,Tambacounda,urbain,prive,0.75,49
P02387,Louga,rural,CTP,0.45,59
P02388,Sédhiou,rural,CTP,0.7,37
P02389,Dakar,rural,public,0.05,55
P02390,Tambacounda,rural,CTP,0.75,44
P02391,Kaolack,rural,public,0.3,53
P02392,Kaffrine,urbain,CTP,0.55,58
P02393,Thiès,urbain,public,0.15,31
P02394,Louga,rural,public,0.45,79
P02395,Sédhiou,rural,CTP,0.7,45
P02396,Kolda,rural,public,0.7,78
P02397,Saint-Louis,urbain,public,0.35,53
P02398,Fatick,urbain,public,0.4,37
P02399,Ziguinchor,rural,public,0.55,76
P02400,Saint-Louis,urbain,CTP,0.35,29
P02401,Ziguinchor,rural,CTP,0.55,35
P02402,Louga,rural,CTP,0.45,32
P02403,Dakar,urbain,public,0.05,92
P02404,Saint-Louis,rural,public,0.35,83
P02405,Dakar,urbain,public,0.05,95
P02406,Dakar,urbain,public,0.05,70
P02407,Dakar,rural,CTP,0.05,63
P02408,Kaffrine,rural,CTP,0.55,49
P02409,Fatick,urbain,public,0.4,65
P02410,Kolda,urbain,public,0.7,65
P02411,Thiès,urbain,CTP,0.15,82
P02412,Ziguinchor,rural,public,0.55,73
P02413,Matam,rural,CTP,0.65,37
P02414,Kaffrine,rural,CTP,0.55,71
P02415,Louga,rural,CTP,0.45,39
P02416,Fatick,urbain,CTP,0.4,33
P02417,Thiès,urbain,public,0.15,87
P02418,Kaffrine,rural,CTP,0.55,40
P02419,Thiès,rural,public,0.15,55
P02420,Kaolack,rural,CTP,0.3,25
P02421,Dakar,urbain,CTP,0.05,30
P02422,Matam,urbain,public,0.65,80
P02423,Matam,rural,CTP,0.65,45
P02424,Sédhiou,rural,CTP,0.7,23
P02425,Tambacounda,rural,CTP,0.75,33
P02426,Thiès,urbain,prive,0.15,19
P02427,Ziguinchor,rural,CTP,0.55,33
P02428,Kaolack,rural,CTP,0.3,40
P02429,Ziguinchor,urbain,prive,0.55,38
P02430,Dakar,urbain,CTP,0.05,74
P02431,Saint-Louis,rural,public,0.35,71
P02432,Dakar,urbain,public,0.05,52
P02433,Diourbel,rural,CTP,0.3,89
P02434,Dakar,urbain,prive,0.05,48
P02435,Tambacounda,urbain,public,0.75,45
P02436,Thiès,urbain,prive,0.15,50
P02437,Dakar,urbain,CTP,0.05,39
P02438,Fatick,rural,CTP,0.4,23
P02439,Dakar,rural,CTP,0.05,24
P02440,Dakar,urbain,public,0.05,77
P02441,Kaffrine,rural,CTP,0.55,50
P02442,Fatick,urbain,public,0.4,98
P02443,Diourbel,rural,CTP,0.3,42
P02444,Kolda,rural,public,0.7,41
P02445,Thiès,urbain,prive,0.15,33
P02446,Dakar,urbain,public,0.05,100
P02447,Kaolack,urbain,prive,0.3,53
P02448,Ziguinchor,urbain,public,0.55,69
P02449,Kolda,urbain,prive,0.7,58
P02450,Diourbel,urbain,public,0.3,77
P02451,Saint-Louis,rural,public,0.35,43
P02452,Fatick,rural,public,0.4,36
P02453,Kaolack,rural,public,0.3,110
P02454,Kaffrine,urbain,CTP,0.55,59
P02455,Kaolack,urbain,public,0.3,79
P02456,Saint-Louis,rural,public,0.35,82
P02457,Thiès,rural,public,0.15,107
P02458,Louga,rural,CTP,0.45,71
P02459,Kaolack,urbain,public,0.3,54
P02460,Kolda,rural,CTP,0.7,39
P02461,Fatick,rural,public,0.4,48
P02462,Dakar,urbain,prive,0.05,58
P02463,Kaffrine,rural,CTP,0.55,119
P02464,Kaolack,rural,CTP,0.3,47
P02465,Dakar,urbain,public,0.05,47
P02466,Ziguinchor,urbain,public,0.55,99
P02467,Dakar,urbain,CTP,0.05,40
P02468,Kaolack,rural,CTP,0.3,31
P02469,Sédhiou,rural,CTP,0.7,56
P02470,Dakar,rural,CTP,0.05,82
P02471,Dakar,urbain,CTP,0.05,48
P02472,Matam,rural,CTP,0.65,34
P02473,Dakar,rural,CTP,0.05,49
P02474,Thiès,urbain,CTP,0.15,32
P02475,Thiès,urbain,CTP,0.15,54
P02476,Saint-Louis,rural,public,0.35,65
P02477,Sédhiou,urbain,public,0.7,60
P02478,Kaffrine,rural,public,0.55,46
P02479,Thiès,urbain,public,0.15,39
P02480,Thiès,urbain,prive,0.15,32
P02481,Ziguinchor,urbain,CTP,0.55,20
P02482,Louga,rural,public,0.45,34
P02483,Kaffrine,rural,CTP,0.55,38
P02484,Matam,urbain,prive,0.65,74
P02485,Dakar,urbain,public,0.05,57
P02486,Thiès,urbain,CTP,0.15,43
P02487,Dakar,rural,public,0.05,74
P02488,Fatick,rural,CTP,0.4,41
P02489,Diourbel,rural,public,0.3,76
P02490,Kédougou,rural,CTP,0.9,52
P02491,Dakar,urbain,CTP,0.05,33
P02492,Dakar,urbain,prive,0.05,45
P02493,Dakar,urbain,public,0.05,105
P02494,Fatick,urbain,public,0.4,135
P02495,Sédhiou,urbain,public,0.7,68
P02496,Thiès,rural,CTP,0.15,35
P02497,Thiès,urbain,prive,0.15,81
P02498,Louga,rural,public,0.45,100
P02499,Thiès,urbain,public,0.15,139
P02500,Kaolack,rural,public,0.3,87
P02501,Tambacounda,rural,CTP,0.75,35
P02502,Louga,urbain,prive,0.45,62
P02503,Kaffrine,rural,CTP,0.55,88
P02504,Tambacounda,rural,CTP,0.75,28
P02505,Dakar,urbain,prive,0.05,68
P02506,Louga,urbain,public,0.45,30
P02507,Thiès,urbain,CTP,0.15,10
P02508,Saint-Louis,rural,CTP,0.35,43
P02509,Thiès,urbain,public,0.15,62
P02510,Diourbel,rural,CTP,0.3,102
P02511,Kaolack,rural,public,0.3,44
P02512,Thiès,rural,public,0.15,89
P02513,Ziguinchor,urbain,public,0.55,60
P02514,Kaolack,rural,public,0.3,48
P02515,Dakar,rural,prive,0.05,78
P02516,Dakar,urbain,prive,0.05,62
P02517,Ziguinchor,rural,public,0.55,62
P02518,Dakar,urbain,prive,0.05,128
P02519,Dakar,rural,public,0.05,30
P02520,Dakar,rural,public,0.05,104
P02521,Louga,urbain,public,0.45,60
P02522,Thiès,urbain,public,0.15,29
P02523,Louga,urbain,prive,0.45,119
P02524,Kaffrine,urbain,CTP,0.55,83
P02525,Dakar,urbain,public,0.05,60
P02526,Thiès,rural,CTP,0.15,53
P02527,Saint-Louis,rural,CTP,0.35,30
P02528,Fatick,rural,CTP,0.4,22
P02529,Diourbel,rural,public,0.3,68
P02530,Fatick,rural,public,0.4,115
P02531,Tambacounda,urbain,public,0.75,133
P02532,Thiès,urbain,public,0.15,192
P02533,Tambacounda,rural,CTP,0.75,31
P02534,Kaolack,urbain,CTP,0.3,51
P02535,Kolda,rural,public,0.7,75
P02536,Tambacounda,urbain,public,0.75,85
P02537,Dakar,rural,public,0.05,27
P02538,Dakar,urbain,prive,0.05,33
P02539,Tambacounda,rural,public,0.75,41
P02540,Kaolack,urbain,CTP,0.3,62
P02541,Dakar,rural,public,0.05,57
P02542,Thiès,urbain,public,0.15,33
P02543,Matam,rural,public,0.65,67
P02544,Thiès,urbain,prive,0.15,50
P02545,Kaolack,rural,CTP,0.3,103
P02546,Dakar,rural,prive,0.05,102
P02547,Matam,rural,public,0.65,93
P02548,Dakar,urbain,prive,0.05,31
P02549,Dakar,urbain,public,0.05,47
P02550,Thiès,rural,public,0.15,46
P02551,Ziguinchor,rural,public,0.55,82
P02552,Dakar,urbain,prive,0.05,40
P02553,Kédougou,rural,public,0.9,61
P02554,Kaolack,rural,public,0.3,75
P02555,Thiès,rural,public,0.15,66
P02556,Louga,rural,CTP,0.45,50
P02557,Dakar,urbain,public,0.05,61
P02558,Diourbel,rural,public,0.3,51
P02559,Matam,rural,CTP,0.65,32
P02560,Sédhiou,urbain,public,0.7,46
P02561,Thiès,urbain,public,0.15,61
P02562,Kaffrine,rural,CTP,0.55,35
P02563,Fatick,rural,public,0.4,38
P02564,Louga,rural,CTP,0.45,54
P02565,Dakar,rural,public,0.05,72
P02566,Thiès,urbain,CTP,0.15,18
P02567,Diourbel,rural,CTP,0.3,25
P02568,Dakar,urbain,CTP,0.05,74
P02569,Diourbel,urbain,CTP,0.3,28
P02570,Kolda,rural,CTP,0.7,62
P02571,Fatick,urbain,prive,0.4,118
P02572,Saint-Louis,urbain,public,0.35,48
P02573,Dakar,urbain,CTP,0.05,43
P02574,Matam,urbain,public,0.65,53
P02575,Matam,urbain,CTP,0.65,28
P02576,Kaolack,urbain,public,0.3,48
P02577,Matam,urbain,public,0.65,53
P02578,Diourbel,urbain,public,0.3,45
P02579,Kaffrine,urbain,prive,0.55,55
P02580,Diourbel,urbain,public,0.3,56
P02581,Tambacounda,rural,CTP,0.75,45
P02582,Saint-Louis,urbain,public,0.35,88
P02583,Tambacounda,rural,CTP,0.75,36
P02584,Dakar,rural,CTP,0.05,26
P02585,Thiès,urbain,CTP,0.15,38
P02586,Thiès,rural,public,0.15,65
P02587,Sédhiou,urbain,public,0.7,90
P02588,Matam,rural,public,0.65,57
P02589,Tambacounda,urbain,CTP,0.75,65
P02590,Thiès,urbain,CTP,0.15,43
P02591,Thiès,urbain,public,0.15,146
P02592,Louga,urbain,public,0.45,105
P02593,Fatick,rural,CTP,0.4,90
P02594,Kaolack,urbain,CTP,0.3,33
P02595,Kaolack,rural,public,0.3,128
P02596,Kaffrine,rural,CTP,0.55,51
P02597,Kaolack,rural,public,0.3,55
P02598,Thiès,urbain,CTP,0.15,30
P02599,Diourbel,rural,public,0.3,50
P02600,Thiès,urbain,prive,0.15,31
P02601,Kaolack,urbain,public,0.3,71
P02602,Kolda,rural,CTP,0.7,34
P02603,Kaolack,rural,public,0.3,68
P02604,Ziguinchor,rural,public,0.55,46
P02605,Kaffrine,rural,public,0.55,153
P02606,Dakar,urbain,public,0.05,70
P02607,Fatick,urbain,CTP,0.4,42
P02608,Kaolack,rural,CTP,0.3,38
P02609,Diourbel,urbain,public,0.3,162
P02610,Sédhiou,rural,CTP,0.7,18
P02611,Tambacounda,rural,public,0.75,86
P02612,Diourbel,rural,public,0.3,47
P02613,Dakar,urbain,prive,0.05,48
P02614,Thiès,urbain,public,0.15,140
P02615,Louga,urbain,CTP,0.45,29
P02616,Diourbel,urbain,public,0.3,99
P02617,Thiès,urbain,CTP,0.15,84
P02618,Fatick,urbain,public,0.4,60
P02619,Kédougou,rural,CTP,0.9,42
P02620,Kaffrine,rural,CTP,0.55,35
P02621,Kaffrine,rural,CTP,0.55,40
P02622,Ziguinchor,urbain,public,0.55,46
P02623,Kaolack,rural,prive,0.3,84
P02624,Dakar,urbain,prive,0.05,82
P02625,Kaolack,urbain,public,0.3,81
P02626,Kaolack,urbain,CTP,0.3,31
P02627,Matam,rural,public,0.65,49
P02628,Thiès,urbain,prive,0.15,34
P02629,Thiès,rural,CTP,0.15,99
P02630,Louga,rural,public,0.45,42
P02631,Dakar,urbain,public,0.05,23
P02632,Dakar,urbain,CTP,0.05,130
P02633,Diourbel,rural,CTP,0.3,56
P02634,Tambacounda,rural,CTP,0.75,42
P02635,Diourbel,urbain,CTP,0.3,23
P02636,Kaolack,urbain,CTP,0.3,66
P02637,Dakar,rural,CTP,0.05,29
P02638,Dakar,rural,public,0.05,63
P02639,Dakar,urbain,public,0.05,48
P02640,Thiès,urbain,public,0.15,62
P02641,Saint-Louis,urbain,prive,0.35,151
P02642,Diourbel,urbain,CTP,0.3,46
P02643,Matam,urbain,prive,0.65,63
P02644,Ziguinchor,rural,CTP,0.55,37
P02645,Fatick,rural,CTP,0.4,54
P02646,Thiès,urbain,public,0.15,41
P02647,Kaffrine,urbain,public,0.55,79
P02648,Ziguinchor,rural,prive,0.55,146
P02649,Fatick,rural,public,0.4,175
P02650,Dakar,urbain,public,0.05,128
P02651,Saint-Louis,urbain,public,0.35,61
P02652,Fatick,rural,public,0.4,44
P02653,Tambacounda,rural,CTP,0.75,48
P02654,Matam,urbain,public,0.65,73
P02655,Dakar,urbain,CTP,0.05,32
P02656,Kaolack,rural,CTP,0.3,73
P02657,Dakar,urbain,prive,0.05,30
P02658,Dakar,urbain,public,0.05,53
P02659,Dakar,urbain,public,0.05,53
P02660,Kédougou,rural,CTP,0.9,41
P02661,Fatick,urbain,CTP,0.4,27
P02662,Sédhiou,urbain,public,0.7,37
P02663,Matam,rural,CTP,0.65,31
P02664,Tambacounda,urbain,public,0.75,61
P02665,Diourbel,urbain,public,0.3,32
P02666,Fatick,rural,CTP,0.4,43
P02667,Kaolack,rural,CTP,0.3,68
P02668,Ziguinchor,urbain,CTP,0.55,45
P02669,Dakar,rural,prive,0.05,85
P02670,Diourbel,urbain,prive,0.3,78
P02671,Kolda,rural,public,0.7,73
P02672,Saint-Louis,rural,public,0.35,77
P02673,Diourbel,rural,CTP,0.3,29
P02674,Kolda,rural,public,0.7,49
P02675,Tambacounda,urbain,prive,0.75,70
P02676,Fatick,rural,public,0.4,33
P02677,Tambacounda,rural,CTP,0.75,26
P02678,Saint-Louis,rural,CTP,0.35,54
P02679,Sédhiou,rural,CTP,0.7,43
P02680,Louga,rural,public,0.45,54
P02681,Tambacounda,rural,CTP,0.75,20
P02682,Tambacounda,urbain,prive,0.75,51
P02683,Saint-Louis,urbain,public,0.35,85
P02684,Diourbel,rural,public,0.3,96
P02685,Matam,rural,CTP,0.65,107
P02686,Dakar,urbain,public,0.05,51
P02687,Diourbel,urbain,public,0.3,55
P02688,Diourbel,rural,public,0.3,62
P02689,Thiès,urbain,public,0.15,105
P02690,Louga,rural,CTP,0.45,17
P02691,Sédhiou,rural,prive,0.7,39
P02692,Dakar,rural,CTP,0.05,52
P02693,Louga,rural,CTP,0.45,37
P02694,Kaolack,urbain,public,0.3,68
P02695,Kaffrine,rural,CTP,0.55,48
P02696,Matam,rural,CTP,0.65,43
P02697,Diourbel,rural,public,0.3,68
P02698,Kaffrine,urbain,public,0.55,57
P02699,Ziguinchor,urbain,public,0.55,81
P02700,Dakar,urbain,public,0.05,65
P02701,Kolda,rural,public,0.7,90
P02702,Fatick,urbain,CTP,0.4,41
P02703,Kaolack,urbain,public,0.3,38
P02704,Dakar,urbain,prive,0.05,47
P02705,Kédougou,rural,CTP,0.9,32
P02706,Kaffrine,urbain,CTP,0.55,45
P02707,Thiès,urbain,public,0.15,106
P02708,Kaffrine,urbain,CTP,0.55,36
P02709,Kaolack,rural,CTP,0.3,28
P02710,Thiès,urbain,public,0.15,99
P02711,Saint-Louis,rural,CTP,0.35,49
P02712,Ziguinchor,rural,CTP,0.55,57
P02713,Fatick,rural,CTP,0.4,41
P02714,Diourbel,urbain,public,0.3,85
P02715,Matam,rural,public,0.65,36
P02716,Kaolack,urbain,CTP,0.3,30
P02717,Kaffrine,urbain,public,0.55,73
P02718,Thiès,rural,CTP,0.15,34
P02719,Thiès,urbain,public,0.15,39
P02720,Kolda,urbain,public,0.7,38
P02721,Thiès,urbain,CTP,0.15,24
P02722,Ziguinchor,rural,CTP,0.55,19
P02723,Ziguinchor,rural,CTP,0.55,62
P02724,Ziguinchor,rural,CTP,0.55,48
P02725,Thiès,rural,CTP,0.15,41
P02726,Dakar,urbain,prive,0.05,56
P02727,Fatick,rural,CTP,0.4,36
P02728,Louga,urbain,public,0.45,81
P02729,Kédougou,rural,CTP,0.9,37
P02730,Kaffrine,rural,CTP,0.55,37
P02731,Thiès,urbain,public,0.15,47
P02732,Diourbel,rural,public,0.3,41
P02733,Dakar,rural,public,0.05,67
P02734,Louga,urbain,CTP,0.45,58
P02735,Kédougou,urbain,public,0.9,60
P02736,Kaffrine,rural,CTP,0.55,50
P02737,Dakar,urbain,public,0.05,39
P02738,Fatick,urbain,prive,0.4,104
P02739,Dakar,rural,public,0.05,77
P02740,Diourbel,rural,prive,0.3,72
P02741,Tambacounda,rural,public,0.75,39
P02742,Louga,urbain,CTP,0.45,90
P02743,Dakar,urbain,CTP,0.05,39
P02744,Tambacounda,rural,public,0.75,56
P02745,Tambacounda,rural,CTP,0.75,40
P02746,Tambacounda,rural,public,0.75,47
P02747,Kaolack,urbain,prive,0.3,31
P02748,Kolda,rural,public,0.7,75
P02749,Fatick,urbain,CTP,0.4,23
P02750,Kolda,rural,public,0.7,84
P02751,Diourbel,urbain,CTP,0.3,29
P02752,Louga,rural,public,0.45,49
P02753,Fatick,urbain,public,0.4,44
P02754,Diourbel,urbain,public,0.3,46
P02755,Kaolack,urbain,public,0.3,73
P02756,Tambacounda,rural,CTP,0.75,61
P02757,Thiès,urbain,prive,0.15,74
P02758,Dakar,urbain,prive,0.05,85
P02759,Louga,rural,CTP,0.45,61
P02760,Dakar,rural,CTP,0.05,45
P02761,Tambacounda,urbain,CTP,0.75,62
P02762,Thiès,rural,public,0.15,70
P02763,Dakar,rural,CTP,0.05,50
P02764,Kolda,rural,CTP,0.7,24
P02765,Dakar,urbain,public,0.05,101
P02766,Kaolack,urbain,CTP,0.3,27
P02767,Dakar,rural,CTP,0.05,34
P02768,Dakar,urbain,CTP,0.05,62
P02769,Kaolack,rural,CTP,0.3,93
P02770,Diourbel,rural,CTP,0.3,37
P02771,Tambacounda,rural,CTP,0.75,64
P02772,Dakar,rural,CTP,0.05,63
P02773,Diourbel,rural,CTP,0.3,40
P02774,Louga,rural,CTP,0.45,26
P02775,Sédhiou,urbain,public,0.7,66
P02776,Kolda,rural,public,0.7,42
P02777,Thiès,rural,prive,0.15,50
P02778,Sédhiou,rural,CTP,0.7,32
P02779,Dakar,urbain,prive,0.05,57
P02780,Matam,rural,CTP,0.65,35
P02781,Kaffrine,urbain,public,0.55,34
P02782,Thiès,urbain,CTP,0.15,37
P02783,Fatick,urbain,public,0.4,37
P02784,Sédhiou,urbain,public,0.7,56
P02785,Saint-Louis,urbain,CTP,0.35,34
P02786,Dakar,rural,public,0.05,44
P02787,Thiès,rural,CTP,0.15,35
P02788,Thiès,rural,CTP,0.15,48
P02789,Saint-Louis,urbain,public,0.35,89
P02790,Kolda,rural,CTP,0.7,42
P02791,Saint-Louis,rural,CTP,0.35,34
P02792,Tambacounda,rural,CTP,0.75,29
P02793,Tambacounda,urbain,public,0.75,30
P02794,Kaolack,urbain,prive,0.3,30
P02795,Thiès,urbain,CTP,0.15,46
P02796,Fatick,rural,public,0.4,105
P02797,Dakar,urbain,public,0.05,69
P02798,Kaolack,urbain,public,0.3,62
P02799,Ziguinchor,rural,CTP,0.55,40
P02800,Saint-Louis,urbain,public,0.35,80
P02801,Kaolack,rural,CTP,0.3,48
P02802,Dakar,urbain,CTP,0.05,45
P02803,Diourbel,urbain,public,0.3,43
P02804,Diourbel,urbain,public,0.3,50
P02805,Diourbel,urbain,CTP,0.3,39
P02806,Matam,rural,prive,0.65,156
P02807,Dakar,urbain,prive,0.05,54
P02808,Thiès,rural,CTP,0.15,80
P02809,Dakar,rural,CTP,0.05,49
P02810,Dakar,urbain,public,0.05,33
P02811,Kédougou,rural,CTP,0.9,48
P02812,Dakar,urbain,CTP,0.05,47
P02813,Kédougou,rural,CTP,0.9,40
P02814,Diourbel,urbain,public,0.3,80
P02815,Thiès,rural,CTP,0.15,30
P02816,Thiès,urbain,prive,0.15,38
P02817,Dakar,rural,CTP,0.05,27
P02818,Kaolack,urbain,public,0.3,76
P02819,Kaffrine,rural,CTP,0.55,48
P02820,Sédhiou,rural,public,0.7,89
P02821,Diourbel,urbain,prive,0.3,44
P02822,Saint-Louis,urbain,prive,0.35,55
P02823,Diourbel,urbain,CTP,0.3,24
P02824,Dakar,urbain,CTP,0.05,19
P02825,Kolda,rural,public,0.7,64
P02826,Ziguinchor,rural,CTP,0.55,45
P02827,Kaolack,urbain,prive,0.3,56
P02828,Thiès,urbain,public,0.15,75
P02829,Dakar,urbain,prive,0.05,54
P02830,Diourbel,urbain,prive,0.3,82
P02831,Fatick,rural,CTP,0.4,46
P02832,Saint-Louis,rural,public,0.35,44
P02833,Thiès,urbain,CTP,0.15,38
P02834,Tambacounda,rural,CTP,0.75,54
P02835,Dakar,rural,CTP,0.05,45
P02836,Kolda,rural,CTP,0.7,40
P02837,Thiès,urbain,public,0.15,58
P02838,Dakar,urbain,public,0.05,132
P02839,Kaffrine,urbain,public,0.55,93
P02840,Tambacounda,rural,CTP,0.75,64
P02841,Thiès,rural,prive,0.15,31
P02842,Dakar,rural,public,0.05,89
P02843,Kaolack,rural,public,0.3,67
P02844,Kédougou,rural,CTP,0.9,70
P02845,Diourbel,rural,public,0.3,105
P02846,Dakar,urbain,public,0.05,43
P02847,Saint-Louis,rural,public,0.35,41
P02848,Kédougou,rural,CTP,0.9,67
P02849,Louga,rural,public,0.45,66
P02850,Diourbel,rural,public,0.3,58
P02851,Diourbel,rural,CTP,0.3,61
P02852,Dakar,urbain,public,0.05,55
P02853,Thiès,urbain,prive,0.15,102
P02854,Kaolack,rural,CTP,0.3,42
P02855,Ziguinchor,urbain,prive,0.55,84
P02856,Thiès,urbain,public,0.15,55
P02857,Diourbel,rural,CTP,0.3,61
P02858,Matam,rural,public,0.65,72
P02859,Dakar,urbain,CTP,0.05,51
P02860,Tambacounda,rural,CTP,0.75,48
P02861,Kaffrine,rural,CTP,0.55,53
P02862,Thiès,rural,public,0.15,41
P02863,Dakar,urbain,CTP,0.05,39
P02864,Kolda,rural,CTP,0.7,68
P02865,Diourbel,rural,CTP,0.3,24
P02866,Saint-Louis,rural,CTP,0.35,32
P02867,Fatick,urbain,public,0.4,91
P02868,Dakar,rural,CTP,0.05,31
P02869,Kaolack,urbain,public,0.3,57
P02870,Matam,rural,CTP,0.65,70
P02871,Kédougou,rural,public,0.9,64
P02872,Thiès,urbain,prive,0.15,95
P02873,Kaolack,urbain,public,0.3,54
P02874,Ziguinchor,rural,CTP,0.55,67
P02875,Kaolack,urbain,public,0.3,118
P02876,Dakar,urbain,public,0.05,62
P02877,Dakar,urbain,public,0.05,59
P02878,Matam,urbain,prive,0.65,55
P02879,Fatick,rural,public,0.4,92
P02880,Saint-Louis,rural,public,0.35,99
P02881,Dakar,urbain,prive,0.05,98
P02882,Thiès,urbain,prive,0.15,99
P02883,Fatick,rural,CTP,0.4,36
P02884,Matam,urbain,CTP,0.65,55
P02885,Dakar,urbain,prive,0.05,45
P02886,Saint-Louis,rural,public,0.35,119
P02887,Matam,urbain,prive,0.65,44
P02888,Kaffrine,rural,public,0.55,61
P02889,Kaffrine,urbain,CTP,0.55,33
P02890,Kolda,rural,CTP,0.7,57
P02891,Fatick,urbain,CTP,0.4,37
P02892,Louga,rural,public,0.45,73
P02893,Thiès,urbain,CTP,0.15,80
P02894,Matam,rural,CTP,0.65,30
P02895,Saint-Louis,urbain,prive,0.35,30
P02896,Saint-Louis,urbain,prive,0.35,48
P02897,Dakar,urbain,prive,0.05,110
P02898,Thiès,urbain,prive,0.15,32
P02899,Louga,rural,CTP,0.45,38
P02900,Saint-Louis,urbain,prive,0.35,41
P02901,Ziguinchor,rural,public,0.55,61
P02902,Diourbel,rural,public,0.3,51
P02903,Dakar,rural,prive,0.05,95
P02904,Dakar,urbain,CTP,0.05,23
P02905,Dakar,urbain,CTP,0.05,48
P02906,Dakar,urbain,prive,0.05,90
P02907,Diourbel,urbain,public,0.3,44
P02908,Dakar,urbain,public,0.05,49
P02909,Dakar,rural,public,0.05,49
P02910,Fatick,rural,CTP,0.4,36
P02911,Kaolack,rural,public,0.3,60
P02912,Kaffrine,rural,public,0.55,48
P02913,Thiès,rural,CTP,0.15,25
P02914,Thiès,urbain,prive,0.15,102
P02915,Kaffrine,urbain,public,0.55,86
P02916,Louga,rural,CTP,0.45,27
P02917,Saint-Louis,rural,CTP,0.35,36
P02918,Kaffrine,urbain,public,0.55,131
P02919,Kaolack,rural,public,0.3,37
P02920,Diourbel,urbain,CTP,0.3,59
P02921,Dakar,urbain,public,0.05,44
P02922,Kaffrine,urbain,CTP,0.55,38
P02923,Tambacounda,rural,CTP,0.75,28
P02924,Thiès,urbain,public,0.15,68
P02925,Fatick,urbain,CTP,0.4,80
P02926,Dakar,urbain,CTP,0.05,43
P02927,Fatick,rural,public,0.4,41
P02928,Dakar,urbain,CTP,0.05,52
P02929,Saint-Louis,urbain,prive,0.35,55
P02930,Saint-Louis,urbain,CTP,0.35,57
P02931,Saint-Louis,rural,prive,0.35,65
P02932,Dakar,urbain,public,0.05,94
P02933,Saint-Louis,rural,public,0.35,165
P02934,Louga,urbain,public,0.45,45
P02935,Diourbel,urbain,prive,0.3,54
P02936,Saint-Louis,rural,CTP,0.35,37
P02937,Diourbel,rural,public,0.3,54
P02938,Diourbel,urbain,CTP,0.3,34
P02939,Kaolack,rural,CTP,0.3,38
P02940,Ziguinchor,rural,CTP,0.55,47
P02941,Kaffrine,rural,prive,0.55,61
P02942,Matam,urbain,public,0.65,89
P02943,Matam,rural,CTP,0.65,52
P02944,Kaffrine,urbain,public,0.55,55
P02945,Dakar,rural,CTP,0.05,40
P02946,Louga,urbain,prive,0.45,62
P02947,Dakar,urbain,prive,0.05,46
P02948,Dakar,urbain,public,0.05,51
P02949,Dakar,rural,public,0.05,96
P02950,Dakar,urbain,public,0.05,58
P02951,Louga,urbain,public,0.45,45
P02952,Dakar,rural,CTP,0.05,52
P02953,Thiès,urbain,public,0.15,67
P02954,Kédougou,rural,CTP,0.9,24
P02955,Dakar,urbain,CTP,0.05,48
P02956,Kaolack,rural,CTP,0.3,50
P02957,Dakar,rural,CTP,0.05,26
P02958,Diourbel,rural,public,0.3,36
P02959,Kaffrine,rural,CTP,0.55,37
P02960,Kaffrine,urbain,public,0.55,52
P02961,Dakar,rural,CTP,0.05,46
P02962,Kolda,rural,CTP,0.7,29
P02963,Dakar,urbain,CTP,0.05,53
P02964,Dakar,urbain,public,0.05,74
P02965,Matam,rural,CTP,0.65,67
P02966,Thiès,urbain,CTP,0.15,37
P02967,Saint-Louis,urbain,public,0.35,71
P02968,Fatick,urbain,public,0.4,40
P02969,Kédougou,urbain,CTP,0.9,44
P02970,Kaffrine,rural,public,0.55,78
P02971,Saint-Louis,rural,prive,0.35,27
P02972,Fatick,rural,CTP,0.4,41
P02973,Dakar,urbain,public,0.05,60
P02974,Louga,rural,CTP,0.45,49
P02975,Kaolack,urbain,CTP,0.3,40
P02976,Kédougou,rural,CTP,0.9,65
P02977,Ziguinchor,rural,CTP,0.55,46
P02978,Dakar,urbain,public,0.05,80
P02979,Thiès,urbain,public,0.15,61
P02980,Diourbel,rural,public,0.3,79
P02981,Kaolack,urbain,public,0.3,41
P02982,Diourbel,rural,public,0.3,49
P02983,Kaffrine,rural,public,0.55,106
P02984,Dakar,urbain,CTP,0.05,54
P02985,Diourbel,rural,public,0.3,103
P02986,Kaolack,urbain,CTP,0.3,40
P02987,Thiès,urbain,public,0.15,42
P02988,Matam,urbain,CTP,0.65,67
P02989,Dakar,urbain,public,0.05,59
P02990,Diourbel,urbain,public,0.3,74
P02991,Fatick,urbain,public,0.4,75
P02992,Fatick,urbain,prive,0.4,91
P02993,Matam,rural,CTP,0.65,66
P02994,Diourbel,urbain,public,0.3,47
P02995,Dakar,urbain,prive,0.05,39
P02996,Louga,urbain,prive,0.45,58
P02997,Louga,urbain,CTP,0.45,36
P02998,Saint-Louis,rural,CTP,0.35,31
P02999,Kaolack,rural,CTP,0.3,61
P03000,Kaffrine,rural,CTP,0.55,39
P03001,Saint-Louis,rural,CTP,0.35,28
P03002,Kolda,urbain,public,0.7,46
P03003,Dakar,rural,public,0.05,48
P03004,Dakar,rural,public,0.05,90
P03005,Dakar,urbain,public,0.05,80
P03006,Diourbel,urbain,public,0.3,52
P03007,Thiès,rural,CTP,0.15,33
P03008,Sédhiou,rural,public,0.7,116
P03009,Tambacounda,urbain,public,0.75,53
P03010,Dakar,urbain,CTP,0.05,16
P03011,Diourbel,rural,public,0.3,65
P03012,Ziguinchor,urbain,public,0.55,138
P03013,Dakar,rural,CTP,0.05,39
P03014,Kaolack,urbain,CTP,0.3,47
P03015,Diourbel,rural,prive,0.3,49
P03016,Saint-Louis,urbain,prive,0.35,65
P03017,Dakar,rural,CTP,0.05,32
P03018,Fatick,rural,prive,0.4,44
P03019,Saint-Louis,rural,CTP,0.35,35
P03020,Kaolack,urbain,public,0.3,66
P03021,Dakar,rural,public,0.05,44
P03022,Kédougou,rural,public,0.9,57
P03023,Kaolack,rural,CTP,0.3,77
P03024,Thiès,urbain,prive,0.15,91
P03025,Kaffrine,rural,public,0.55,112
P03026,Kaffrine,rural,CTP,0.55,36
P03027,Thiès,rural,CTP,0.15,40
P03028,Dakar,rural,public,0.05,86
P03029,Matam,rural,public,0.65,79
P03030,Kolda,urbain,public,0.7,104
P03031,Kolda,rural,public,0.7,44
P03032,Louga,urbain,prive,0.45,98
P03033,Dakar,urbain,CTP,0.05,58
P03034,Dakar,urbain,prive,0.05,28
P03035,Kédougou,rural,CTP,0.9,27
P03036,Matam,urbain,CTP,0.65,48
P03037,Thiès,rural,CTP,0.15,68
P03038,Kolda,urbain,CTP,0.7,46
P03039,Kaffrine,urbain,prive,0.55,64
P03040,Saint-Louis,urbain,prive,0.35,122
P03041,Dakar,rural,CTP,0.05,37
P03042,Kaffrine,rural,CTP,0.55,38
P03043,Ziguinchor,rural,CTP,0.55,72
P03044,Dakar,urbain,public,0.05,47
P03045,Dakar,urbain,CTP,0.05,45
P03046,Saint-Louis,urbain,public,0.35,80
P03047,Kédougou,urbain,CTP,0.9,99
P03048,Kaolack,rural,public,0.3,82
P03049,Dakar,urbain,prive,0.05,83
P03050,Louga,rural,public,0.45,51
P03051,Dakar,urbain,public,0.05,52
P03052,Louga,urbain,public,0.45,105
P03053,Kaolack,urbain,CTP,0.3,28
P03054,Diourbel,rural,public,0.3,91
P03055,Louga,rural,CTP,0.45,41
P03056,Diourbel,rural,public,0.3,47
P03057,Dakar,rural,CTP,0.05,35
P03058,Louga,urbain,CTP,0.45,45
P03059,Dakar,urbain,public,0.05,49
P03060,Kaffrine,urbain,public,0.55,70
P03061,Kaffrine,urbain,public,0.55,63
P03062,Matam,rural,CTP,0.65,56
P03063,Kolda,rural,CTP,0.7,64
P03064,Saint-Louis,urbain,CTP,0.35,27
P03065,Dakar,urbain,CTP,0.05,46
P03066,Dakar,rural,CTP,0.05,43
P03067,Kaolack,urbain,public,0.3,110
P03068,Kaolack,urbain,CTP,0.3,88
P03069,Kaolack,urbain,CTP,0.3,43
P03070,Saint-Louis,rural,public,0.35,52
P03071,Saint-Louis,urbain,CTP,0.35,23
P03072,Kolda,rural,CTP,0.7,42
P03073,Ziguinchor,urbain,public,0.55,66
P03074,Thiès,urbain,prive,0.15,42
P03075,Ziguinchor,rural,CTP,0.55,56
P03076,Kaffrine,urbain,CTP,0.55,72
P03077,Thiès,rural,CTP,0.15,41
P03078,Saint-Louis,urbain,prive,0.35,45
P03079,Sédhiou,rural,CTP,0.7,50
P03080,Thiès,rural,public,0.15,74
P03081,Kaolack,urbain,prive,0.3,33
P03082,Tambacounda,urbain,CTP,0.75,40
P03083,Matam,urbain,public,0.65,55
P03084,Kaolack,rural,public,0.3,70
P03085,Kolda,rural,CTP,0.7,41
P03086,Kolda,urbain,CTP,0.7,71
P03087,Kaffrine,urbain,prive,0.55,34
P03088,Diourbel,urbain,CTP,0.3,43
P03089,Ziguinchor,urbain,CTP,0.55,86
P03090,Kolda,rural,CTP,0.7,42
P03091,Kolda,urbain,public,0.7,41
P03092,Dakar,urbain,public,0.05,53
P03093,Dakar,urbain,prive,0.05,85
P03094,Kaffrine,urbain,public,0.55,48
P03095,Thiès,urbain,public,0.15,47
P03096,Kolda,rural,public,0.7,44
P03097,Louga,rural,CTP,0.45,24
P03098,Thiès,urbain,public,0.15,105
P03099,Thiès,urbain,prive,0.15,41
P03100,Saint-Louis,urbain,CTP,0.35,56
P03101,Louga,urbain,public,0.45,41
P03102,Dakar,urbain,prive,0.05,57
P03103,Diourbel,rural,public,0.3,56
P03104,Kédougou,rural,CTP,0.9,31
P03105,Louga,urbain,CTP,0.45,22
P03106,Tambacounda,rural,public,0.75,54
P03107,Kaffrine,rural,public,0.55,113
P03108,Diourbel,urbain,prive,0.3,57
P03109,Thiès,rural,CTP,0.15,48
P03110,Dakar,rural,public,0.05,83
P03111,Kaolack,urbain,prive,0.3,43
P03112,Saint-Louis,rural,CTP,0.35,28
P03113,Tambacounda,rural,CTP,0.75,29
P03114,Fatick,rural,CTP,0.4,27
P03115,Kaolack,rural,CTP,0.3,32
P03116,Ziguinchor,urbain,public,0.55,41
P03117,Thiès,urbain,public,0.15,62
P03118,Louga,rural,CTP,0.45,60
P03119,Diourbel,rural,CTP,0.3,44
P03120,Thiès,rural,public,0.15,41
P03121,Kaolack,urbain,prive,0.3,42
P03122,Louga,rural,CTP,0.45,41
P03123,Louga,rural,public,0.45,68
P03124,Fatick,rural,CTP,0.4,33
P03125,Dakar,rural,CTP,0.05,44
P03126,Kolda,rural,CTP,0.7,41
P03127,Kaolack,urbain,CTP,0.3,32
P03128,Saint-Louis,rural,public,0.35,80
P03129,Kaolack,urbain,CTP,0.3,30
P03130,Thiès,urbain,public,0.15,57
P03131,Diourbel,rural,public,0.3,89
P03132,Kolda,rural,public,0.7,29
P03133,Ziguinchor,rural,CTP,0.55,35
P03134,Thiès,urbain,CTP,0.15,22
P03135,Sédhiou,urbain,public,0.7,63
P03136,Saint-Louis,rural,CTP,0.35,53
P03137,Thiès,urbain,public,0.15,73
P03138,Saint-Louis,urbain,prive,0.35,47
P03139,Dakar,rural,CTP,0.05,31
P03140,Matam,rural,public,0.65,80
P03141,Thiès,urbain,CTP,0.15,53
P03142,Kaolack,rural,public,0.3,104
P03143,Tambacounda,rural,public,0.75,92
P03144,Fatick,rural,CTP,0.4,16
P03145,Diourbel,urbain,public,0.3,69
P03146,Dakar,urbain,prive,0.05,55
P03147,Fatick,urbain,public,0.4,50
P03148,Kaolack,urbain,public,0.3,34
P03149,Diourbel,rural,public,0.3,59
P03150,Saint-Louis,urbain,CTP,0.35,21
P03151,Diourbel,urbain,CTP,0.3,30
P03152,Fatick,urbain,CTP,0.4,67
P03153,Louga,urbain,CTP,0.45,30
P03154,Matam,urbain,public,0.65,62
P03155,Saint-Louis,rural,public,0.35,65
P03156,Saint-Louis,rural,CTP,0.35,41
P03157,Kaolack,rural,CTP,0.3,57
P03158,Tambacounda,rural,CTP,0.75,46
P03159,Thiès,urbain,CTP,0.15,32
P03160,Diourbel,rural,public,0.3,122
P03161,Saint-Louis,urbain,prive,0.35,50
P03162,Diourbel,rural,CTP,0.3,57
P03163,Ziguinchor,rural,public,0.55,58
P03164,Louga,rural,CTP,0.45,70
P03165,Matam,rural,CTP,0.65,36
P03166,Kédougou,rural,CTP,0.9,46
P03167,Dakar,urbain,public,0.05,96
P03168,Fatick,rural,public,0.4,118
P03169,Ziguinchor,urbain,public,0.55,99
P03170,Kolda,urbain,prive,0.7,89
P03171,Kaolack,urbain,public,0.3,80
P03172,Kaffrine,urbain,public,0.55,110
P03173,Sédhiou,rural,CTP,0.7,19
P03174,Dakar,urbain,prive,0.05,102
P03175,Dakar,urbain,prive,0.05,72
P03176,Dakar,urbain,public,0.05,46
P03177,Dakar,urbain,CTP,0.05,44
P03178,Kaffrine,rural,public,0.55,76
P03179,Tambacounda,rural,public,0.75,38
P03180,Dakar,rural,public,0.05,46
P03181,Dakar,urbain,CTP,0.05,23
P03182,Ziguinchor,urbain,prive,0.55,44
P03183,Fatick,rural,CTP,0.4,41
P03184,Matam,urbain,public,0.65,78
P03185,Sédhiou,urbain,public,0.7,74
P03186,Kolda,rural,public,0.7,78
P03187,Kédougou,rural,public,0.9,120
P03188,Dakar,urbain,prive,0.05,91
P03189,Dakar,urbain,public,0.05,57
P03190,Thiès,urbain,prive,0.15,45
P03191,Kaolack,urbain,public,0.3,47
P03192,Dakar,urbain,prive,0.05,55
P03193,Louga,rural,public,0.45,84
P03194,Dakar,urbain,CTP,0.05,43
P03195,Diourbel,rural,public,0.3,45
P03196,Kaolack,urbain,public,0.3,49
P03197,Diourbel,urbain,CTP,0.3,36
P03198,Diourbel,urbain,CTP,0.3,50
P03199,Thiès,urbain,public,0.15,62
P03200,Thiès,urbain,CTP,0.15,23
P03201,Thiès,urbain,CTP,0.15,61
P03202,Fatick,urbain,public,0.4,96
P03203,Tambacounda,rural,public,0.75,45
P03204,Dakar,urbain,CTP,0.05,28
P03205,Tambacounda,rural,CTP,0.75,64
P03206,Diourbel,urbain,prive,0.3,93
P03207,Kaffrine,rural,CTP,0.55,20
P03208,Thiès,urbain,CTP,0.15,30
P03209,Louga,rural,CTP,0.45,51
P03210,Dakar,rural,public,0.05,89
P03211,Dakar,urbain,CTP,0.05,32
P03212,Dakar,urbain,prive,0.05,55
P03213,Dakar,urbain,public,0.05,50
P03214,Dakar,rural,CTP,0.05,39
P03215,Ziguinchor,urbain,CTP,0.55,23
P03216,Thiès,rural,CTP,0.15,34
P03217,Dakar,urbain,public,0.05,56
P03218,Fatick,rural,public,0.4,50
P03219,Dakar,urbain,public,0.05,28
P03220,Sédhiou,rural,CTP,0.7,37
P03221,Ziguinchor,rural,public,0.55,65
P03222,Kolda,urbain,prive,0.7,64
P03223,Kaffrine,rural,prive,0.55,29
P03224,Diourbel,urbain,public,0.3,81
P03225,Fatick,rural,public,0.4,47
P03226,Dakar,urbain,prive,0.05,56
P03227,Kaolack,urbain,prive,0.3,39
P03228,Diourbel,urbain,CTP,0.3,27
P03229,Matam,urbain,public,0.65,44
P03230,Fatick,urbain,prive,0.4,52
P03231,Diourbel,rural,CTP,0.3,28
P03232,Kolda,rural,public,0.7,79
P03233,Ziguinchor,rural,public,0.55,85
P03234,Ziguinchor,rural,CTP,0.55,33
P03235,Diourbel,rural,CTP,0.3,45
P03236,Kaffrine,rural,CTP,0.55,59
P03237,Kaolack,urbain,prive,0.3,75
P03238,Louga,urbain,prive,0.45,72
P03239,Kaffrine,urbain,public,0.55,87
P03240,Fatick,rural,public,0.4,92
P03241,Ziguinchor,rural,public,0.55,44
P03242,Matam,urbain,public,0.65,130
P03243,Thiès,urbain,CTP,0.15,26
P03244,Kaffrine,rural,CTP,0.55,20
P03245,Kolda,rural,public,0.7,60
P03246,Ziguinchor,urbain,public,0.55,40
P03247,Kaffrine,urbain,public,0.55,78
P03248,Ziguinchor,urbain,CTP,0.55,57
P03249,Fatick,rural,public,0.4,148
P03250,Dakar,urbain,prive,0.05,37
P03251,Dakar,urbain,public,0.05,66
P03252,Kolda,rural,public,0.7,52
P03253,Louga,urbain,CTP,0.45,45
P03254,Thiès,urbain,public,0.15,108
P03255,Saint-Louis,rural,public,0.35,34
P03256,Kaffrine,urbain,public,0.55,106
P03257,Louga,rural,public,0.45,76
P03258,Dakar,urbain,CTP,0.05,21
P03259,Louga,urbain,prive,0.45,64
P03260,Kolda,urbain,public,0.7,51
P03261,Thiès,rural,CTP,0.15,46
P03262,Kaffrine,rural,public,0.55,90
P03263,Dakar,urbain,prive,0.05,72
P03264,Thiès,urbain,public,0.15,61
P03265,Dakar,urbain,CTP,0.05,46
P03266,Fatick,urbain,public,0.4,67
P03267,Saint-Louis,urbain,prive,0.35,34
P03268,Kaolack,urbain,public,0.3,206
P03269,Thiès,rural,CTP,0.15,96
P03270,Saint-Louis,rural,CTP,0.35,67
P03271,Dakar,urbain,CTP,0.05,39
P03272,Fatick,urbain,public,0.4,81
P03273,Thiès,urbain,public,0.15,104
P03274,Saint-Louis,urbain,prive,0.35,53
P03275,Fatick,urbain,prive,0.4,45
P03276,Kaolack,urbain,public,0.3,38
P03277,Thiès,urbain,CTP,0.15,46
P03278,Louga,rural,public,0.45,39
P03279,Sédhiou,rural,prive,0.7,27
P03280,Dakar,urbain,CTP,0.05,23
P03281,Thiès,urbain,CTP,0.15,43
P03282,Kolda,urbain,CTP,0.7,47
P03283,Saint-Louis,urbain,prive,0.35,38
P03284,Ziguinchor,rural,CTP,0.55,55
P03285,Dakar,rural,public,0.05,93
P03286,Saint-Louis,rural,CTP,0.35,27
P03287,Louga,urbain,CTP,0.45,45
P03288,Kaffrine,rural,CTP,0.55,53
P03289,Saint-Louis,urbain,CTP,0.35,62
P03290,Thiès,rural,public,0.15,60
P03291,Kaolack,urbain,CTP,0.3,89
P03292,Dakar,urbain,CTP,0.05,32
P03293,Matam,rural,public,0.65,55
P03294,Kaffrine,urbain,public,0.55,71
P03295,Dakar,urbain,public,0.05,25
P03296,Louga,rural,CTP,0.45,33
P03297,Kolda,urbain,public,0.7,55
P03298,Kaffrine,rural,CTP,0.55,56
P03299,Matam,rural,CTP,0.65,29
P03300,Dakar,urbain,prive,0.05,30
P03301,Matam,urbain,public,0.65,45
P03302,Matam,rural,CTP,0.65,56
P03303,Saint-Louis,rural,public,0.35,105
P03304,Kaolack,urbain,prive,0.3,132
P03305,Diourbel,urbain,CTP,0.3,91
P03306,Kolda,rural,CTP,0.7,33
P03307,Tambacounda,rural,CTP,0.75,61
P03308,Dakar,rural,CTP,0.05,44
P03309,Kaolack,rural,CTP,0.3,56
P03310,Dakar,rural,CTP,0.05,42
P03311,Thiès,rural,CTP,0.15,60
P03312,Thiès,urbain,public,0.15,22
P03313,Matam,urbain,CTP,0.65,56
P03314,Ziguinchor,urbain,public,0.55,135
P03315,Kaolack,urbain,CTP,0.3,36
P03316,Kaolack,urbain,CTP,0.3,62
P03317,Dakar,urbain,CTP,0.05,26
P03318,Dakar,urbain,public,0.05,49
P03319,Thiès,rural,CTP,0.15,35
P03320,Fatick,urbain,CTP,0.4,36
P03321,Tambacounda,rural,public,0.75,74
P03322,Fatick,urbain,public,0.4,69
P03323,Sédhiou,rural,public,0.7,65
P03324,Fatick,urbain,public,0.4,85
P03325,Kolda,urbain,CTP,0.7,42
P03326,Thiès,rural,CTP,0.15,33
P03327,Thiès,rural,CTP,0.15,96
P03328,Dakar,urbain,CTP,0.05,69
P03329,Dakar,urbain,public,0.05,94
P03330,Kaolack,urbain,CTP,0.3,41
P03331,Dakar,urbain,CTP,0.05,65
P03332,Ziguinchor,urbain,CTP,0.55,39
P03333,Kaolack,rural,CTP,0.3,27
P03334,Ziguinchor,urbain,prive,0.55,58
P03335,Fatick,rural,CTP,0.4,45
P03336,Thiès,urbain,public,0.15,158
P03337,Louga,urbain,CTP,0.45,31
P03338,Louga,urbain,prive,0.45,45
P03339,Saint-Louis,urbain,CTP,0.35,22
P03340,Dakar,rural,CTP,0.05,62
P03341,Kaolack,rural,CTP,0.3,80
P03342,Louga,urbain,prive,0.45,69
P03343,Sédhiou,rural,public,0.7,56
P03344,Dakar,urbain,public,0.05,101
P03345,Kolda,urbain,public,0.7,48
P03346,Dakar,urbain,public,0.05,57
P03347,Dakar,urbain,public,0.05,32
P03348,Louga,urbain,CTP,0.45,27
P03349,Dakar,rural,public,0.05,48
P03350,Kolda,rural,CTP,0.7,38
P03351,Dakar,urbain,public,0.05,72
P03352,Thiès,rural,public,0.15,42
P03353,Kaffrine,urbain,public,0.55,39
P03354,Kaffrine,urbain,public,0.55,47
P03355,Dakar,rural,public,0.05,115
P03356,Fatick,rural,public,0.4,69
P03357,Kédougou,rural,public,0.9,75
P03358,Dakar,urbain,public,0.05,61
P03359,Thiès,rural,public,0.15,34
P03360,Diourbel,urbain,prive,0.3,29
P03361,Louga,rural,CTP,0.45,57
P03362,Saint-Louis,urbain,public,0.35,136
P03363,Diourbel,rural,CTP,0.3,50
P03364,Dakar,urbain,CTP,0.05,32
P03365,Kolda,rural,CTP,0.7,37
P03366,Kédougou,rural,public,0.9,47
P03367,Diourbel,rural,public,0.3,110
P03368,Kédougou,rural,public,0.9,76
P03369,Thiès,urbain,public,0.15,45
P03370,Kaffrine,rural,public,0.55,52
P03371,Kaolack,urbain,prive,0.3,55
P03372,Matam,rural,CTP,0.65,25
P03373,Kaolack,urbain,public,0.3,51
P03374,Dakar,rural,CTP,0.05,53
P03375,Diourbel,rural,public,0.3,89
P03376,Matam,rural,public,0.65,69
P03377,Fatick,rural,CTP,0.4,42
P03378,Dakar,urbain,CTP,0.05,50
P03379,Dakar,urbain,public,0.05,41
P03380,Ziguinchor,rural,CTP,0.55,63
P03381,Kolda,rural,public,0.7,52
P03382,Thiès,urbain,CTP,0.15,41
P03383,Diourbel,urbain,CTP,0.3,46
P03384,Thiès,urbain,public,0.15,63
P03385,Thiès,urbain,CTP,0.15,24
P03386,Fatick,rural,public,0.4,76
P03387,Kolda,rural,public,0.7,82
P03388,Thiès,rural,CTP,0.15,33
P03389,Dakar,urbain,prive,0.05,45
P03390,Thiès,urbain,CTP,0.15,44
P03391,Diourbel,rural,public,0.3,44
P03392,Dakar,urbain,public,0.05,49
P03393,Fatick,urbain,public,0.4,79
P03394,Kolda,rural,CTP,0.7,16
P03395,Thiès,urbain,public,0.15,46
P03396,Diourbel,urbain,public,0.3,35
P03397,Fatick,rural,public,0.4,53
P03398,Thiès,urbain,prive,0.15,53
P03399,Thiès,rural,public,0.15,74
P03400,Ziguinchor,rural,CTP,0.55,27
P03401,Dakar,rural,CTP,0.05,22
P03402,Tambacounda,rural,public,0.75,33
P03403,Dakar,urbain,public,0.05,90
P03404,Saint-Louis,urbain,CTP,0.35,62
P03405,Dakar,rural,CTP,0.05,39
P03406,Tambacounda,urbain,public,0.75,59
P03407,Dakar,urbain,public,0.05,82
P03408,Kaffrine,rural,CTP,0.55,114
P03409,Ziguinchor,rural,CTP,0.55,40
P03410,Dakar,urbain,public,0.05,116
P03411,Dakar,urbain,public,0.05,51
P03412,Matam,rural,CTP,0.65,28
P03413,Diourbel,urbain,public,0.3,34
P03414,Dakar,rural,CTP,0.05,36
P03415,Thiès,urbain,prive,0.15,64
P03416,Ziguinchor,rural,CTP,0.55,31
P03417,Kédougou,rural,prive,0.9,43
P03418,Saint-Louis,rural,CTP,0.35,40
P03419,Thiès,rural,CTP,0.15,53
P03420,Kaffrine,rural,CTP,0.55,16
P03421,Saint-Louis,rural,public,0.35,66
P03422,Louga,rural,CTP,0.45,51
P03423,Dakar,rural,public,0.05,52
P03424,Kolda,rural,CTP,0.7,68
P03425,Kaffrine,urbain,prive,0.55,33
P03426,Dakar,rural,CTP,0.05,30
P03427,Dakar,urbain,public,0.05,31
P03428,Kaolack,rural,CTP,0.3,70
P03429,Kaolack,urbain,public,0.3,90
P03430,Thiès,rural,CTP,0.15,66
P03431,Kolda,rural,CTP,0.7,17
P03432,Dakar,urbain,prive,0.05,48
P03433,Louga,rural,CTP,0.45,64
P03434,Diourbel,rural,CTP,0.3,46
P03435,Dakar,urbain,CTP,0.05,60
P03436,Kolda,urbain,prive,0.7,45
P03437,Matam,rural,CTP,0.65,46
P03438,Thiès,urbain,prive,0.15,61
P03439,Diourbel,urbain,CTP,0.3,43
P03440,Dakar,urbain,prive,0.05,52
P03441,Louga,urbain,CTP,0.45,23
P03442,Kolda,rural,CTP,0.7,46
P03443,Louga,urbain,public,0.45,30
P03444,Kaolack,rural,CTP,0.3,44
P03445,Tambacounda,rural,public,0.75,108
P03446,Dakar,urbain,public,0.05,76
P03447,Dakar,urbain,CTP,0.05,56
P03448,Dakar,urbain,CTP,0.05,59
P03449,Louga,urbain,CTP,0.45,81
P03450,Sédhiou,rural,CTP,0.7,105
P03451,Dakar,urbain,CTP,0.05,28
P03452,Thiès,urbain,public,0.15,58
P03453,Ziguinchor,urbain,public,0.55,113
P03454,Matam,urbain,CTP,0.65,37
P03455,Fatick,rural,CTP,0.4,74
P03456,Tambacounda,urbain,public,0.75,90
P03457,Dakar,urbain,prive,0.05,40
P03458,Louga,rural,CTP,0.45,30
P03459,Sédhiou,rural,CTP,0.7,61
P03460,Louga,urbain,public,0.45,136
P03461,Dakar,urbain,public,0.05,40
P03462,Kolda,rural,public,0.7,42
P03463,Diourbel,urbain,CTP,0.3,37
P03464,Dakar,urbain,public,0.05,66
P03465,Kaolack,urbain,public,0.3,48
P03466,Dakar,rural,CTP,0.05,46
P03467,Tambacounda,rural,public,0.75,67
P03468,Matam,rural,CTP,0.65,76
P03469,Kolda,rural,public,0.7,86
P03470,Kaffrine,rural,prive,0.55,104
P03471,Kaolack,rural,CTP,0.3,31
P03472,Thiès,urbain,public,0.15,97
P03473,Matam,urbain,public,0.65,38
P03474,Dakar,urbain,prive,0.05,51
P03475,Dakar,urbain,public,0.05,88
P03476,Kaolack,urbain,prive,0.3,23
P03477,Dakar,urbain,CTP,0.05,34
P03478,Tambacounda,rural,CTP,0.75,97
P03479,Louga,rural,public,0.45,50
P03480,Matam,rural,public,0.65,46
P03481,Thiès,rural,public,0.15,29
P03482,Diourbel,rural,CTP,0.3,39
P03483,Kaolack,rural,CTP,0.3,31
P03484,Diourbel,rural,CTP,0.3,21
P03485,Dakar,urbain,public,0.05,121
P03486,Kaolack,urbain,prive,0.3,27
P03487,Fatick,rural,public,0.4,84
P03488,Louga,rural,public,0.45,100
P03489,Fatick,urbain,CTP,0.4,61
P03490,Thiès,urbain,CTP,0.15,55
P03491,Diourbel,urbain,public,0.3,46
P03492,Saint-Louis,rural,CTP,0.35,51
P03493,Kaffrine,urbain,public,0.55,35
P03494,Diourbel,rural,CTP,0.3,49
P03495,Kaffrine,rural,public,0.55,130
P03496,Tambacounda,urbain,public,0.75,31
P03497,Diourbel,urbain,prive,0.3,41
P03498,Louga,rural,CTP,0.45,46
P03499,Kaolack,urbain,prive,0.3,45
P03500,Saint-Louis,rural,public,0.35,83
