id_saisi,ecole_id,genre_saisi,anciennete,vague,visite1,visite2,visite3,visite4
1,E00001,Femme,0,2,P,P,P,A
1,E00001,Femme,2,2,P,P,P,A
3,E00001,Homme,19,2,A,P,A,A
4,E00001,Femme,6,2,P,P,A,P
5,E00002,Femme,11,2,P,P,P,P
6,E00002,Homme,5,2,P,P,P,P
7,E00002,Homme,4,2,P,P,P,P
8,E00002,Homme,13,2,P,P,P,P
9,E00002,Homme,0,2,P,P,P,P
10,E00003,Femme,0,2,P,P,P,P
11,E00003,Homme,6,2,P,A,P,P
12,E00003,Femme,18,2,A,A,P,A
33,E00004,Femme,5,2,ND,A,ND,P
14,E00004,Homme,12,2,P,P,P,P
16,E00004,Homme,8,2,P,P,A,P
18,E00004,Homme,16,2,P,P,P,P
20,E00004,Femme,5,2,P,P,P,P
21,E00005,Homme,13,2,P,P,A,A
29,E00005,Femme,23,2,P,P,P,P
23,E00005,Homme,15,2,P,P,P,A
24,E00005,Homme,7,2,P,P,A,P
25,E00006,Homme,3,2,P,P,P,A
26,E00006,Homme,0,2,P,A,P,A
27,E00007,Femme,20,2,P,P,P,P
28,E00007,Homme,21,2,P,P,P,P
29,E00007,Femme,13,2,P,P,P,P
30,E00007,Homme,18,2,P,P,P,P
31,E00007,Homme,10,2,P,P,ND,P
32,E00007,Femme,13,2,P,P,P,P
34,E00008,Homme,0,2,P,P,A,A
35,E00008,Homme,0,2,A,P,A,P
30,E00008,Homme,20,2,P,P,P,P
37,E00009,Homme,17,2,P,P,P,P
38,E00009,Homme,10,2,P,P,P,P
39,E00009,Femme,9,2,P,A,P,P
40,E00009,Homme,0,2,P,P,P,P
41,E00009,Homme,8,2,P,A,P,P
42,E00009,Homme,15,2,P,P,P,P
43,E00009,Femme,3,2,P,P,P,P
44,E00009,Homme,4,2,P,P,P,P
45,E00009,Homme,19,2,A,P,P,P
46,E00009,Homme,7,2,P,A,P,P
47,E00010,Femme,3,2,P,A,A,P
48,E00010,Homme,3,2,P,P,P,A
49,E00010,Homme,14,2,A,P,P,P
50,E00010,Homme,13,2,P,A,A,A
51,E00010,Homme,11,2,P,P,A,P
52,E00010,Femme,10,2,P,A,A,A
54,E00011,Femme,9,2,P,P,P,P
55,E00011,Homme,9,2,P,P,P,P
57,E00011,Homme,15,2,P,P,P,P
57,E00011,Homme,12,2,P,A,P,A
58,E00012,Homme,12,2,P,A,A,P
59,E00012,Femme,9,2,P,P,P,P
60,E00012,Femme,0,2,P,P,P,A
61,E00012,Homme,12,2,P,P,P,P
62,E00012,Homme,14,2,P,P,P,P
60,E00012,Homme,5,2,P,P,P,P
64,E00013,Homme,0,2,P,P,A,P
65,E00013,Homme,9,2,A,A,P,P
66,E00013,Femme,11,2,A,P,A,P
67,E00013,Femme,15,2,P,P,A,P
68,E00013,Homme,3,2,P,P,P,ND
69,E00013,Homme,18,2,P,P,P,P
70,E00013,Homme,18,2,P,A,P,P
71,E00013,Femme,18,2,P,P,P,P
72,E00013,Homme,4,2,A,P,P,P
73,E00013,Homme,7,2,P,A,P,P
74,E00013,Homme,0,2,A,P,P,P
75,E00014,Femme,0,2,A,ND,P,P
76,E00014,Femme,26,2,P,P,A,A
77,E00014,Femme,20,2,P,P,P,P
78,E00014,Femme,1,2,P,A,A,P
79,E00014,Homme,5,2,P,P,P,P
80,E00014,Homme,14,2,P,P,ND,P
81,E00015,Homme,6,2,P,P,P,P
82,E00015,Femme,3,2,P,P,P,P
83,E00015,Homme,27,2,P,P,P,P
84,E00015,Femme,2,2,P,P,P,P
87,E00016,Homme,10,2,A,A,A,P
86,E00016,Femme,2,2,P,ND,P,P
87,E00016,Homme,6,2,P,A,P,ND
88,E00016,Femme,19,2,P,P,P,P
89,E00016,Femme,14,2,ND,P,P,P
90,E00016,Homme,6,2,P,P,P,P
91,E00016,Femme,9,2,P,P,P,ND
92,E00016,Homme,14,2,P,P,P,P
93,E00016,Femme,13,2,P,P,P,P
94,E00016,Homme,19,2,P,P,P,P
95,E00016,Homme,8,2,P,P,P,P
97,E00016,Femme,5,2,P,ND,A,P
98,E00016,Femme,9,2,P,P,P,P
100,E00017,Homme,12,2,A,P,P,P
100,E00017,Homme,15,2,ND,A,A,P
103,E00017,Homme,4,2,A,P,P,A
105,E00018,Homme,5,2,A,P,P,P
105,E00018,Homme,12,2,A,P,P,P
106,E00018,Homme,0,2,P,P,A,A
107,E00018,Femme,6,2,P,P,P,P
108,E00018,Homme,18,2,A,A,P,P
109,E00019,Homme,3,2,P,P,ND,ND
110,E00019,Homme,18,2,A,P,P,P
111,E00020,Femme,12,2,P,P,P,P
112,E00020,Femme,7,2,P,P,A,P
113,E00020,Femme,14,2,P,P,A,P
114,E00021,Homme,3,2,P,A,P,P
185,E00021,Femme,0,2,A,A,P,A
116,E00021,Homme,15,2,P,A,P,P
117,E00021,Homme,8,2,P,P,P,P
118,E00021,Homme,5,2,A,P,A,P
119,E00021,Homme,9,2,P,A,A,P
120,E00021,Homme,16,2,P,P,P,P
121,E00021,Homme,11,2,P,P,P,P
122,E00022,Homme,4,2,P,A,P,P
123,E00022,Femme,0,2,P,P,P,ND
124,E00022,Homme,7,2,P,P,P,A
125,E00022,Homme,0,2,P,P,P,ND
126,E00022,Femme,12,2,P,A,A,P
127,E00022,Homme,0,2,A,P,P,A
128,E00023,Homme,10,2,P,P,P,P
129,E00023,Homme,5,2,P,P,P,A
130,E00023,Homme,11,2,ND,P,P,P
132,E00024,Femme,11,2,P,A,P,A
133,E00024,Femme,14,2,A,P,A,P
134,E00025,Femme,8,2,P,A,P,P
135,E00025,Homme,8,2,P,P,P,P
136,E00025,Homme,13,2,P,P,P,A
137,E00025,Femme,6,2,P,P,P,P
138,E00025,Homme,12,2,P,P,P,P
139,E00025,Homme,8,2,P,P,P,P
140,E00025,Femme,6,2,P,P,P,P
141,E00025,Femme,18,2,P,P,P,P
142,E00025,Homme,14,2,P,ND,P,P
143,E00025,Femme,8,2,P,P,P,P
134,E00025,Femme,4,2,P,P,P,P
145,E00025,Femme,9,2,P,P,A,P
146,E00025,Homme,9,2,P,A,P,P
147,E00025,Femme,9,2,P,P,P,P
148,E00025,Homme,14,2,P,P,P,P
149,E00025,Homme,0,2,P,P,P,P
150,E00025,Homme,0,2,P,P,A,P
151,E00025,Femme,10,2,P,P,P,A
152,E00026,Femme,10,2,P,P,P,P
154,E00026,Homme,0,2,A,P,P,P
155,E00026,Femme,0,2,P,P,P,P
156,E00026,Femme,9,2,P,A,P,P
155,E00026,Femme,10,2,A,P,P,P
158,E00026,Homme,8,2,ND,P,P,P
159,E00027,Homme,12,2,A,P,P,P
160,E00027,Homme,15,2,P,P,P,P
161,E00027,Homme,0,2,P,P,P,P
162,E00027,Homme,2,2,P,A,P,P
163,E00028,Femme,0,2,A,P,P,P
164,E00028,Homme,4,2,P,P,P,P
165,E00029,Homme,16,2,P,ND,A,ND
366,E00029,Homme,18,2,P,P,P,P
167,E00029,Femme,3,2,A,P,P,A
168,E00029,Homme,10,2,P,P,P,P
169,E00029,Femme,2,2,P,ND,P,P
170,E00030,Homme,10,2,P,P,P,P
171,E00030,Homme,2,2,P,P,P,P
172,E00030,Femme,0,2,P,P,P,P
173,E00030,Homme,9,2,P,P,P,P
175,E00031,Femme,9,2,P,P,A,A
176,E00032,Homme,8,2,P,ND,P,P
179,E00032,Homme,0,2,P,P,P,ND
180,E00033,Homme,11,2,P,A,P,P
181,E00033,Homme,14,2,P,P,ND,P
182,E00033,Homme,5,2,A,A,P,P
183,E00034,Homme,13,2,P,A,A,A
185,E00034,Homme,16,2,A,A,P,A
186,E00034,Femme,7,2,P,A,P,P
187,E00035,Homme,4,2,A,P,A,A
188,E00035,Homme,0,2,A,A,P,P
189,E00035,Homme,7,2,P,A,P,P
190,E00035,Homme,12,2,P,A,P,P
193,E00036,Homme,3,2,P,A,P,P
194,E00036,Homme,13,2,P,P,P,P
195,E00036,Homme,7,2,P,P,P,P
196,E00036,Homme,16,2,P,P,P,P
197,E00036,Femme,4,2,A,P,A,A
198,E00037,Homme,7,2,P,A,P,A
199,E00037,Homme,12,2,P,P,P,P
200,E00037,Homme,0,2,P,P,P,P
202,E00037,Femme,11,2,A,P,P,P
203,E00037,Homme,21,2,P,P,P,P
204,E00037,Femme,12,2,P,P,P,P
205,E00037,Femme,0,2,P,P,A,P
206,E00037,Homme,1,2,P,P,P,P
207,E00037,Femme,12,2,P,P,P,P
208,E00037,Femme,4,2,P,P,A,P
216,E00038,Femme,18,2,P,P,ND,P
212,E00039,Homme,23,2,P,A,P,P
214,E00040,Femme,4,2,P,P,A,P
215,E00040,Homme,13,2,P,P,P,A
216,E00040,Femme,0,2,P,P,P,P
217,E00040,Femme,3,2,P,P,P,P
218,E00040,Femme,6,2,P,P,P,P
212,E00040,Femme,11,2,P,P,P,A
220,E00040,Femme,19,2,A,P,P,P
221,E00041,Femme,14,2,A,A,P,A
223,E00041,Homme,7,2,P,P,P,P
224,E00041,Femme,1,2,P,A,A,P
225,E00041,Homme,12,2,A,A,P,P
226,E00041,Homme,6,2,P,ND,P,A
227,E00042,Femme,2,2,P,P,P,P
228,E00042,Femme,7,2,ND,P,P,P
729,E00043,Femme,1,2,A,A,A,A
230,E00043,Femme,16,2,A,A,P,A
231,E00043,Femme,10,2,A,P,P,P
232,E00043,Femme,12,2,A,P,P,P
233,E00043,Homme,7,2,P,P,A,P
234,E00043,Femme,11,2,P,P,P,P
235,E00043,Homme,11,2,P,P,P,P
236,E00044,Homme,17,2,P,P,P,P
237,E00044,Homme,10,2,P,A,P,P
338,E00044,Femme,13,2,P,P,P,P
239,E00044,Femme,0,2,P,P,P,P
240,E00044,Femme,0,2,P,A,P,P
241,E00045,Homme,14,2,P,P,P,P
242,E00045,Homme,7,2,P,A,A,P
243,E00045,Homme,7,2,P,P,P,A
244,E00045,Femme,9,2,P,P,P,P
245,E00046,Homme,12,2,P,A,P,P
246,E00046,Homme,5,2,P,P,P,P
247,E00046,Homme,12,2,A,P,P,P
248,E00046,Femme,6,2,P,P,P,P
249,E00047,Homme,0,2,P,A,P,A
250,E00047,Femme,0,2,A,P,A,P
251,E00048,Femme,13,2,A,P,P,P
252,E00048,Femme,10,2,A,P,P,P
353,E00048,Homme,11,2,P,A,P,A
254,E00048,Femme,0,2,P,ND,A,P
255,E00048,Homme,22,2,P,P,P,P
256,E00048,Homme,20,2,P,P,P,P
257,E00048,Homme,11,2,P,P,A,P
258,E00049,Homme,15,2,P,P,P,P
259,E00049,Femme,1,2,P,P,P,A
260,E00049,Homme,14,2,P,P,A,P
261,E00049,Homme,10,2,P,P,P,P
262,E00049,Homme,13,2,P,P,P,P
263,E00050,Homme,12,2,P,P,P,A
264,E00050,Homme,14,2,P,P,P,A
265,E00050,Homme,22,2,A,P,P,P
266,E00050,Homme,1,2,P,P,P,P
207,E00050,Homme,0,2,P,P,P,P
268,E00050,Femme,15,2,P,P,P,P
269,E00050,Homme,4,2,P,A,P,P
271,E00050,Femme,11,2,P,P,P,P
272,E00051,Homme,14,2,P,P,P,P
273,E00051,Femme,12,2,P,P,P,P
274,E00051,Homme,7,2,A,P,A,P
275,E00051,Femme,7,2,A,P,A,P
277,E00052,Femme,20,2,P,P,P,P
279,E00052,Femme,3,2,P,P,P,P
280,E00052,Homme,2,2,P,P,P,ND
281,E00052,Homme,18,2,P,A,P,P
282,E00052,Homme,18,2,P,P,P,P
283,E00052,Homme,12,2,P,A,A,P
284,E00052,Homme,16,2,P,P,P,P
285,E00052,Femme,13,2,A,P,A,P
286,E00052,Femme,8,2,P,P,P,P
287,E00053,Homme,0,2,A,P,P,A
288,E00053,Homme,7,2,P,P,P,P
289,E00053,Homme,7,2,P,P,P,A
290,E00053,Homme,8,2,P,P,P,P
290,E00053,Homme,7,2,P,P,P,P
492,E00053,Homme,6,2,P,A,P,P
293,E00053,Homme,5,2,A,A,P,P
294,E00053,Homme,17,2,A,ND,P,P
295,E00054,Homme,0,2,P,P,P,P
296,E00054,Femme,8,2,P,P,A,P
297,E00054,Homme,12,2,P,P,P,P
298,E00054,Homme,0,2,P,P,P,P
299,E00054,Homme,6,2,P,P,P,P
300,E00054,Femme,7,2,A,P,P,A
301,E00054,Homme,10,2,P,P,A,P
302,E00054,Homme,13,2,P,P,P,P
303,E00054,Homme,12,2,ND,A,P,P
304,E00054,Homme,1,2,P,P,P,A
305,E00054,Femme,8,2,P,P,P,P
306,E00054,Femme,9,2,A,A,P,P
307,E00055,Femme,16,2,P,P,P,P
308,E00055,Homme,12,2,A,A,P,P
309,E00055,Homme,0,2,P,A,A,P
310,E00055,Homme,16,2,A,P,P,P
311,E00055,Homme,17,2,P,P,P,P
312,E00055,Homme,10,2,P,P,P,P
314,E00055,Femme,8,2,P,A,P,P
316,E00056,Homme,11,2,P,P,P,P
317,E00056,Homme,13,2,P,P,A,P
318,E00056,Homme,4,2,P,P,P,P
319,E00056,Homme,2,2,P,P,P,ND
329,E00057,Femme,5,2,A,P,A,P
323,E00057,Femme,20,2,P,A,P,P
324,E00057,Femme,22,2,P,P,P,P
325,E00058,Homme,14,2,P,P,A,P
326,E00058,Femme,15,2,P,P,P,P
327,E00058,Femme,5,2,A,P,P,P
328,E00058,Femme,4,2,P,P,P,P
329,E00058,Homme,10,2,P,A,P,P
730,E00058,Femme,18,2,P,P,P,P
331,E00058,Homme,3,2,A,P,ND,P
392,E00058,Homme,12,2,ND,P,P,P
333,E00059,Homme,6,2,P,P,P,P
334,E00059,Femme,1,2,P,P,P,P
335,E00059,Homme,15,2,P,P,A,P
236,E00059,Femme,0,2,P,P,P,P
337,E00059,Homme,20,2,P,P,P,P
338,E00059,Homme,13,2,A,P,P,P
339,E00059,Homme,8,2,P,P,P,P
320,E00059,Homme,6,2,P,P,A,A
341,E00059,Homme,0,2,A,P,A,P
342,E00059,Femme,9,2,P,P,P,P
343,E00060,Homme,7,2,P,A,P,P
344,E00060,Femme,12,2,P,P,P,P
345,E00060,Homme,11,2,A,A,A,A
376,E00060,Homme,13,2,A,P,P,A
347,E00060,Homme,4,2,P,A,P,P
348,E00060,Femme,10,2,A,P,P,P
342,E00061,Homme,10,2,P,P,A,A
350,E00061,Femme,16,2,A,A,P,P
351,E00061,Homme,16,2,A,P,A,A
353,E00061,Femme,0,2,P,A,A,P
354,E00062,Homme,15,2,P,P,P,P
355,E00062,Homme,16,2,P,P,P,A
356,E00062,Homme,12,2,P,P,P,ND
357,E00062,Homme,0,2,P,P,P,P
358,E00062,Femme,3,2,P,P,P,P
360,E00063,Homme,14,2,P,P,P,P
361,E00063,Femme,13,2,A,P,P,P
363,E00064,Femme,3,2,A,P,A,P
364,E00064,Femme,12,2,A,P,A,P
365,E00064,Femme,7,2,P,A,P,A
366,E00064,Femme,11,2,P,P,P,A
367,E00064,Homme,10,2,A,P,P,A
368,E00064,Femme,11,2,P,P,P,P
369,E00064,Homme,11,2,P,P,A,P
370,E00065,Femme,8,2,P,A,P,A
371,E00065,Femme,6,2,A,A,A,P
372,E00065,Femme,0,2,P,P,P,P
373,E00065,Femme,8,2,P,P,A,P
374,E00066,Homme,0,2,P,A,P,P
375,E00066,Homme,16,2,P,P,P,P
372,E00066,Femme,14,2,P,P,P,P
371,E00066,Homme,6,2,P,P,P,P
378,E00067,Homme,18,2,A,P,P,A
359,E00067,Femme,11,2,P,A,P,P
380,E00067,Homme,0,2,A,P,P,P
382,E00068,Homme,0,2,P,P,A,P
383,E00068,Femme,1,2,P,P,P,P
384,E00068,Homme,17,2,P,A,A,P
386,E00068,Homme,4,2,P,A,P,P
387,E00068,Femme,0,2,P,A,P,P
388,E00069,Homme,3,2,P,P,A,P
389,E00069,Femme,30,2,P,P,P,P
390,E00069,Homme,0,2,A,A,A,A
391,E00069,Homme,7,2,P,P,P,P
092,E00070,Femme,14,2,P,P,P,P
793,E00070,Homme,5,2,P,P,P,P
394,E00070,Homme,17,2,P,P,P,P
395,E00070,Homme,8,2,P,P,A,P
396,E00070,Homme,2,2,P,P,P,P
397,E00070,Femme,21,2,P,P,P,P
398,E00070,Femme,6,2,ND,P,P,P
339,E00070,Homme,17,2,P,P,P,P
400,E00070,Homme,5,2,P,P,P,P
401,E00070,Homme,9,2,P,P,P,A
402,E00071,Homme,0,2,P,A,P,A
403,E00071,Homme,2,2,P,A,P,P
404,E00071,Homme,1,2,P,P,P,P
405,E00071,Homme,8,2,A,P,P,A
406,E00072,Homme,0,2,P,P,P,P
407,E00072,Homme,0,2,P,P,P,P
408,E00072,Homme,6,2,P,P,P,P
409,E00072,Femme,14,2,P,P,P,P
410,E00072,Homme,16,2,P,P,P,P
411,E00073,Femme,2,2,A,P,P,A
412,E00073,Femme,8,2,A,A,A,P
413,E00074,Homme,1,2,P,P,P,P
414,E00074,Femme,10,2,P,A,P,P
417,E00074,Femme,5,2,P,P,P,P
418,E00074,Homme,9,2,A,P,A,P
418,E00074,Homme,9,2,P,P,P,P
419,E00074,Homme,6,2,P,P,P,P
420,E00074,Homme,2,2,P,P,P,P
421,E00075,Homme,7,2,P,P,P,P
422,E00075,Homme,20,2,P,P,P,P
423,E00075,Homme,2,2,P,P,P,A
424,E00075,Femme,3,2,P,P,P,P
425,E00075,Homme,10,2,P,P,P,P
426,E00075,Homme,1,2,A,P,P,P
427,E00075,Homme,11,2,P,P,ND,P
428,E00075,Homme,0,2,A,A,P,P
429,E00076,Homme,7,2,P,P,A,P
430,E00076,Femme,2,2,P,P,P,P
431,E00076,Homme,6,2,P,A,P,P
433,E00076,Femme,1,2,A,P,P,P
433,E00077,Homme,7,2,P,P,P,P
135,E00077,Homme,21,2,P,P,P,P
436,E00077,Homme,5,2,P,P,ND,P
437,E00077,Homme,5,2,P,P,P,P
438,E00077,Femme,4,2,P,P,P,P
439,E00077,Femme,18,2,P,P,P,P
440,E00078,Homme,0,2,P,P,P,P
441,E00078,Homme,16,2,ND,P,P,P
442,E00078,Homme,12,2,P,P,A,P
443,E00078,Femme,16,2,P,P,P,A
445,E00078,Homme,1,2,P,P,P,P
495,E00078,Homme,21,2,P,P,P,P
446,E00079,Femme,9,2,ND,ND,P,P
447,E00079,Homme,5,2,P,P,P,P
448,E00079,Homme,12,2,P,A,P,P
449,E00079,Homme,2,2,P,P,P,P
450,E00080,Homme,21,2,P,P,P,A
451,E00080,Homme,9,2,P,P,P,P
452,E00080,Homme,13,2,P,P,P,P
454,E00080,Homme,15,2,ND,P,P,P
055,E00080,Homme,11,2,P,P,P,P
456,E00080,Homme,6,2,P,P,P,P
457,E00081,Homme,14,2,P,P,P,P
458,E00081,Femme,7,2,P,A,P,P
451,E00081,Homme,4,2,P,A,A,P
460,E00081,Femme,6,2,A,P,P,A
461,E00081,Femme,13,2,P,A,A,P
462,E00081,Femme,8,2,P,P,P,P
463,E00081,Homme,7,2,P,P,P,P
464,E00082,Homme,16,2,P,P,P,P
465,E00082,Homme,5,2,A,P,P,P
466,E00083,Homme,11,2,P,P,P,P
467,E00083,Homme,6,2,P,P,P,P
468,E00083,Femme,15,2,A,P,P,P
469,E00083,Homme,1,2,P,P,A,P
470,E00084,Femme,0,2,P,P,P,P
471,E00084,Femme,24,2,P,P,P,P
472,E00084,Homme,4,2,P,P,P,P
473,E00084,Homme,5,2,P,P,P,P
474,E00084,Femme,15,2,A,P,P,P
475,E00084,Homme,7,2,P,P,P,P
476,E00084,Homme,0,2,P,P,P,P
477,E00084,Homme,9,2,P,P,P,P
479,E00084,Homme,9,2,P,A,P,A
480,E00085,Homme,24,2,P,P,P,P
481,E00085,Homme,18,2,P,P,P,P
482,E00086,Homme,16,2,P,P,P,P
483,E00086,Femme,0,2,P,A,P,P
484,E00086,Homme,7,2,A,P,P,A
485,E00086,Homme,9,2,ND,A,A,P
486,E00086,Femme,13,2,P,P,P,A
427,E00086,Homme,0,2,P,ND,P,P
458,E00087,Femme,7,2,P,P,P,P
486,E00087,Homme,2,2,A,A,P,P
490,E00087,Femme,0,2,P,P,P,P
491,E00087,Femme,16,2,P,P,P,P
492,E00087,Femme,5,2,A,P,P,P
493,E00087,Femme,4,2,P,P,A,P
495,E00088,Femme,0,2,ND,P,A,P
499,E00089,Homme,9,2,P,P,P,A
500,E00089,Femme,11,2,A,ND,P,P
551,E00089,Femme,5,2,P,A,P,P
502,E00090,Femme,7,2,P,A,A,A
504,E00090,Femme,0,2,P,P,P,P
505,E00091,Homme,4,2,P,ND,P,P
506,E00091,Femme,4,2,P,P,A,P
507,E00092,Homme,3,2,P,P,P,P
598,E00092,Homme,12,2,P,P,P,P
549,E00092,Femme,1,2,P,P,P,P
510,E00092,Homme,8,2,P,P,P,P
591,E00092,Homme,16,2,P,P,P,P
512,E00092,Homme,5,2,P,P,A,ND
513,E00092,Homme,0,2,P,P,P,P
515,E00092,Femme,11,2,P,P,P,P
516,E00093,Homme,8,2,A,A,A,P
517,E00093,Femme,4,2,P,P,P,P
518,E00093,Homme,24,2,A,P,P,A
519,E00093,Femme,11,2,P,P,P,P
520,E00094,Femme,19,2,A,A,P,A
521,E00094,Homme,7,2,P,P,P,P
523,E00094,Femme,19,2,ND,P,P,P
524,E00095,Homme,0,2,A,P,A,A
525,E00095,Femme,6,2,A,P,P,A
527,E00095,Homme,8,2,P,P,P,A
528,E00095,Homme,5,2,A,P,ND,A
530,E00096,Homme,4,2,P,P,P,P
531,E00096,Homme,0,2,P,P,P,P
532,E00096,Homme,14,2,P,P,ND,P
533,E00096,Femme,16,2,P,P,P,P
534,E00096,Femme,5,2,A,P,P,P
535,E00096,Femme,15,2,P,P,A,P
536,E00096,Femme,21,2,P,A,P,P
537,E00096,Homme,3,2,P,P,P,P
538,E00096,Homme,10,2,P,P,P,P
540,E00096,Femme,10,2,P,A,P,P
541,E00097,Homme,4,2,P,ND,P,P
542,E00097,Homme,7,2,P,P,P,P
243,E00097,Homme,6,2,P,ND,P,P
544,E00097,Homme,14,2,P,P,P,P
545,E00097,Femme,8,2,P,P,P,P
546,E00097,Homme,8,2,P,P,A,P
547,E00097,Homme,4,2,P,A,P,P
548,E00097,Homme,10,2,P,P,P,P
550,E00097,Homme,0,2,A,A,A,A
551,E00097,Homme,5,2,P,P,P,P
552,E00098,Homme,10,2,P,P,P,A
553,E00098,Femme,5,2,P,P,P,P
554,E00098,Femme,8,2,P,P,P,P
555,E00098,Homme,11,2,P,P,P,P
556,E00098,Homme,1,2,P,A,A,A
557,E00098,Homme,2,2,P,P,A,P
558,E00098,Homme,17,2,P,P,P,P
559,E00099,Homme,4,2,P,P,ND,P
660,E00099,Homme,4,2,P,P,P,P
563,E00100,Homme,9,2,P,P,P,P
564,E00100,Homme,11,2,P,P,A,P
565,E00101,Homme,15,2,A,P,A,P
566,E00101,Homme,20,2,P,P,A,P
568,E00101,Homme,8,2,P,A,P,P
569,E00101,Homme,12,2,A,ND,P,P
570,E00101,Femme,10,2,P,P,P,P
571,E00102,Homme,12,2,P,P,P,P
572,E00102,Femme,10,2,P,P,P,P
573,E00102,Homme,5,2,P,P,P,P
574,E00102,Homme,7,2,P,P,P,P
575,E00102,Femme,12,2,P,P,P,P
576,E00102,Femme,14,2,P,P,P,P
578,E00103,Homme,23,2,P,P,P,P
579,E00103,Homme,9,2,P,P,A,P
580,E00103,Homme,3,2,P,P,P,P
581,E00103,Femme,14,2,P,P,P,A
582,E00103,Homme,1,2,P,P,P,A
583,E00103,Femme,13,2,P,P,A,P
584,E00103,Femme,13,2,P,P,A,P
585,E00103,Homme,12,2,P,P,ND,A
586,E00104,Homme,2,2,A,P,P,P
587,E00104,Femme,2,2,P,P,P,P
589,E00104,Homme,1,2,P,P,P,P
590,E00104,Homme,22,2,P,P,P,P
591,E00104,Homme,0,2,P,P,A,P
592,E00104,Homme,0,2,P,P,P,P
593,E00105,Femme,13,2,P,P,P,A
594,E00105,Homme,8,2,P,A,A,A
595,E00105,Femme,11,2,P,A,A,P
596,E00106,Homme,13,2,A,P,A,P
597,E00106,Femme,12,2,P,P,A,P
600,E00106,Femme,13,2,A,P,ND,A
602,E00107,Homme,15,2,A,A,A,A
603,E00107,Homme,10,2,A,ND,P,P
604,E00107,Homme,22,2,A,P,A,P
605,E00108,Femme,9,2,P,P,P,P
607,E00108,Homme,12,2,P,P,P,P
608,E00108,Homme,2,2,P,A,P,P
609,E00108,Femme,13,2,P,A,P,P
410,E00109,Homme,0,2,P,A,P,P
611,E00109,Homme,1,2,A,P,P,A
712,E00109,Femme,14,2,P,P,P,A
413,E00109,Femme,0,2,P,P,P,P
614,E00109,Homme,0,2,P,P,P,P
615,E00109,Femme,2,2,P,P,P,A
616,E00109,Femme,0,2,P,P,P,A
617,E00109,Homme,18,2,P,P,P,P
618,E00109,Femme,18,2,P,P,P,P
640,E00109,Homme,24,2,P,P,P,P
671,E00109,Homme,10,2,P,P,P,A
622,E00109,Femme,17,2,P,P,P,ND
623,E00109,Homme,1,2,P,P,P,P
624,E00110,Homme,5,2,P,P,P,ND
625,E00110,Homme,1,2,P,P,A,A
626,E00110,Homme,10,2,A,P,P,P
627,E00111,Homme,0,2,P,ND,P,P
628,E00111,Homme,9,2,P,P,P,P
629,E00111,Homme,13,2,P,P,P,P
630,E00111,Homme,7,2,P,P,P,P
631,E00111,Homme,8,2,P,P,P,P
632,E00111,Femme,7,2,P,P,P,P
633,E00111,Femme,23,2,P,P,P,P
634,E00111,Femme,1,2,P,P,A,P
635,E00111,Homme,17,2,A,P,A,A
636,E00111,Femme,20,2,P,P,P,P
637,E00111,Femme,2,2,P,P,P,P
638,E00111,Homme,16,2,P,P,P,P
639,E00111,Femme,8,2,P,P,P,P
640,E00112,Femme,6,2,P,P,P,P
641,E00112,Homme,9,2,A,P,P,P
602,E00112,Homme,10,2,A,P,P,A
643,E00112,Homme,19,2,P,P,P,P
144,E00112,Homme,11,2,P,P,P,P
645,E00112,Femme,11,2,P,P,P,P
647,E00112,Femme,2,2,P,ND,P,P
648,E00113,Femme,3,2,P,P,A,P
649,E00113,Femme,18,2,P,P,P,P
650,E00113,Femme,16,2,P,P,P,A
651,E00113,Femme,0,2,A,P,P,P
652,E00113,Homme,4,2,ND,A,P,P
653,E00113,Femme,6,2,P,A,P,P
654,E00113,Homme,13,2,P,P,P,P
655,E00113,Homme,13,2,P,P,P,P
656,E00114,Femme,0,2,A,P,A,A
657,E00114,Femme,7,2,P,ND,A,A
658,E00114,Femme,23,2,A,ND,P,P
661,E00114,Homme,3,2,P,A,P,A
662,E00114,Homme,0,2,P,A,A,P
663,E00114,Homme,7,2,P,A,P,P
664,E00115,Homme,16,2,P,P,P,P
665,E00115,Homme,8,2,P,P,P,A
666,E00115,Homme,10,2,P,P,P,P
627,E00115,Homme,4,2,P,P,P,P
668,E00115,Homme,3,2,P,P,P,P
669,E00115,Femme,2,2,P,P,P,A
672,E00116,Homme,3,2,P,P,P,P
673,E00116,Homme,14,2,P,P,P,P
675,E00116,Femme,10,2,P,P,P,P
676,E00117,Femme,25,2,P,A,A,A
677,E00118,Homme,22,2,P,P,P,P
678,E00118,Homme,5,2,P,P,P,ND
679,E00118,Homme,15,2,P,P,P,ND
680,E00119,Homme,13,2,P,A,A,P
681,E00119,Homme,5,2,P,P,P,P
682,E00119,Homme,14,2,P,P,P,A
683,E00119,Homme,9,2,A,P,ND,ND
684,E00120,Homme,5,2,P,P,P,P
685,E00120,Femme,12,2,P,P,P,ND
686,E00120,Homme,0,2,P,P,P,P
687,E00120,Homme,3,2,P,P,P,P
688,E00120,Homme,7,2,P,P,P,P
689,E00120,Femme,23,2,P,P,P,A
690,E00120,Homme,10,2,P,P,P,P
691,E00121,Femme,4,2,P,P,A,A
692,E00121,Homme,4,2,P,P,P,A
693,E00121,Femme,15,2,P,P,P,P
694,E00121,Femme,1,2,P,P,P,P
595,E00121,Homme,5,2,P,ND,P,P
696,E00121,Homme,11,2,P,P,P,P
697,E00121,Homme,10,2,ND,P,P,P
699,E00122,Femme,7,2,A,P,P,A
740,E00122,Homme,24,2,P,A,P,P
701,E00122,Homme,6,2,P,P,P,P
702,E00122,Homme,9,2,P,P,P,P
704,E00122,Femme,2,2,P,P,P,P
706,E00123,Homme,10,2,A,P,A,A
708,E00124,Femme,3,2,P,P,P,P
709,E00124,Homme,21,2,P,P,A,A
711,E00124,Femme,4,2,P,A,P,P
712,E00124,Femme,15,2,P,P,P,P
713,E00124,Femme,9,2,P,P,P,P
714,E00124,Femme,16,2,P,P,P,P
215,E00124,Femme,5,2,P,P,ND,P
716,E00124,Femme,0,2,P,A,P,P
713,E00125,Homme,7,2,ND,P,P,P
718,E00125,Homme,4,2,A,P,A,A
719,E00125,Homme,9,2,P,A,P,P
720,E00125,Homme,0,2,P,P,P,P
721,E00125,Homme,1,2,A,P,A,P
722,E00126,Homme,6,2,P,A,P,P
723,E00126,Homme,28,2,P,P,P,A
724,E00127,Homme,10,2,P,P,P,P
727,E00127,Homme,4,2,P,P,P,P
728,E00127,Homme,18,2,P,P,P,P
729,E00127,Homme,12,2,A,P,P,P
730,E00127,Homme,7,2,P,A,P,P
731,E00128,Homme,1,2,P,A,A,P
732,E00128,Homme,1,2,P,A,P,P
730,E00128,Homme,0,2,P,P,P,P
734,E00129,Homme,0,2,P,P,A,P
736,E00129,Femme,6,2,P,P,P,P
737,E00129,Homme,16,2,A,P,A,A
738,E00129,Femme,24,2,P,P,P,P
739,E00130,Femme,16,2,P,P,P,P
740,E00130,Homme,26,2,P,P,A,ND
741,E00130,Femme,13,2,A,P,A,P
742,E00131,Homme,12,2,P,A,A,P
743,E00131,Femme,21,2,P,P,P,P
744,E00131,Homme,8,2,P,P,P,P
745,E00131,Femme,9,2,P,P,P,P
746,E00131,Homme,17,2,P,P,P,P
747,E00131,Femme,10,2,P,P,P,P
748,E00131,Homme,15,2,ND,P,P,P
949,E00131,Femme,19,2,P,P,P,P
750,E00131,Homme,9,2,P,P,P,P
751,E00131,Femme,15,2,P,P,P,P
757,E00132,Femme,8,2,A,ND,P,P
753,E00132,Femme,14,2,P,P,P,P
754,E00132,Femme,14,2,P,P,P,P
755,E00132,Homme,14,2,P,P,P,P
756,E00132,Femme,8,2,P,P,P,P
757,E00132,Femme,3,2,P,P,P,P
758,E00132,Femme,5,2,P,A,P,P
759,E00132,Homme,7,2,P,P,A,P
760,E00132,Femme,7,2,P,P,P,P
761,E00132,Homme,5,2,P,P,P,A
762,E00132,Femme,22,2,ND,P,P,P
733,E00133,Homme,10,2,P,P,P,A
764,E00133,Homme,16,2,P,A,A,A
765,E00133,Homme,18,2,P,A,P,P
767,E00134,Homme,6,2,P,P,P,P
768,E00134,Homme,17,2,P,P,P,P
769,E00135,Femme,0,2,P,A,P,P
770,E00135,Homme,13,2,P,P,P,P
771,E00135,Homme,0,2,A,P,P,P
772,E00135,Homme,10,2,P,P,P,A
773,E00135,Femme,9,2,A,ND,A,A
775,E00135,Femme,4,2,P,A,P,P
778,E00135,Homme,6,2,P,P,A,P
778,E00135,Homme,12,2,P,A,P,P
779,E00135,Homme,13,2,P,P,P,P
780,E00136,Femme,6,2,P,P,P,P
781,E00136,Homme,18,2,P,P,P,P
782,E00136,Femme,15,2,P,P,P,P
783,E00136,Homme,17,2,A,P,P,P
784,E00136,Homme,14,2,P,P,P,P
785,E00136,Homme,13,2,P,P,P,P
786,E00136,Homme,10,2,P,A,A,P
788,E00136,Femme,13,2,P,P,P,ND
789,E00136,Homme,6,2,P,P,P,P
790,E00137,Femme,19,2,A,P,A,A
792,E00138,Femme,4,2,P,P,P,P
798,E00138,Homme,19,2,A,A,A,P
797,E00138,Homme,7,2,P,P,P,P
796,E00139,Homme,5,2,P,P,P,P
797,E00139,Homme,14,2,P,P,P,P
798,E00139,Homme,8,2,P,P,P,ND
799,E00140,Femme,9,2,P,P,P,P
800,E00140,Homme,17,2,A,P,P,P
801,E00140,Femme,11,2,P,A,A,P
802,E00140,Femme,18,2,P,P,P,P
803,E00140,Femme,17,2,P,P,P,P
804,E00140,Homme,26,2,P,P,P,P
806,E00141,Homme,2,2,P,P,P,A
807,E00141,Femme,5,2,P,P,P,P
808,E00141,Homme,7,2,P,A,A,P
809,E00141,Homme,8,2,P,P,P,P
810,E00141,Homme,10,2,A,P,P,P
811,E00141,Homme,1,2,A,ND,P,P
813,E00141,Femme,0,2,P,P,P,P
814,E00141,Homme,4,2,P,P,P,P
810,E00141,Femme,6,2,A,P,P,P
836,E00141,Homme,6,2,P,P,P,A
817,E00141,Femme,2,2,P,P,P,P
818,E00141,Homme,12,2,P,P,P,P
819,E00142,Femme,18,2,P,P,A,P
820,E00142,Femme,23,2,ND,P,P,P
821,E00142,Homme,17,2,P,P,P,P
828,E00142,Homme,2,2,P,A,P,P
823,E00143,Femme,12,2,P,P,P,P
824,E00143,Femme,13,2,P,P,P,P
825,E00143,Femme,0,2,P,P,P,P
826,E00143,Homme,5,2,P,A,P,P
827,E00144,Homme,5,2,P,P,P,P
828,E00144,Homme,8,2,P,A,P,P
829,E00144,Femme,10,2,P,P,P,P
830,E00144,Homme,0,2,P,A,P,A
831,E00144,Homme,9,2,P,P,P,P
832,E00144,Homme,7,2,P,P,P,P
833,E00144,Homme,14,2,A,P,A,P
834,E00144,Homme,11,2,P,P,P,P
835,E00144,Homme,2,2,P,P,A,A
836,E00145,Homme,7,2,P,A,P,P
837,E00145,Homme,17,2,P,P,P,P
838,E00145,Homme,10,2,P,P,A,P
839,E00145,Homme,15,2,P,P,P,P
840,E00145,Homme,0,2,A,P,P,P
847,E00146,Homme,4,2,P,P,P,P
842,E00146,Homme,11,2,P,P,ND,P
843,E00146,Femme,0,2,P,P,P,P
844,E00146,Homme,8,2,P,P,P,P
845,E00146,Homme,0,2,P,P,A,P
846,E00146,Femme,9,2,A,P,P,P
847,E00146,Homme,12,2,A,P,P,P
848,E00147,Femme,12,2,P,P,ND,P
849,E00147,Femme,8,2,P,P,P,P
850,E00147,Femme,11,2,A,P,P,P
851,E00147,Femme,9,2,P,A,P,P
852,E00147,Homme,9,2,P,P,P,P
853,E00148,Femme,2,2,P,P,P,A
854,E00148,Homme,7,2,P,P,P,P
856,E00148,Homme,10,2,P,P,P,A
757,E00148,Homme,0,2,P,P,P,P
858,E00148,Homme,9,2,P,P,P,P
860,E00148,Femme,13,2,P,P,P,P
861,E00148,Homme,13,2,P,A,P,P
863,E00149,Femme,17,2,P,P,P,ND
864,E00150,Femme,9,2,P,P,P,P
865,E00150,Homme,16,2,P,P,P,P
866,E00150,Homme,6,2,P,P,P,P
867,E00150,Femme,1,2,P,P,P,P
848,E00150,Homme,11,2,P,P,P,P
871,E00151,Homme,0,2,P,A,P,P
872,E00151,Homme,9,2,P,P,A,ND
873,E00151,Homme,12,2,P,A,P,P
874,E00151,Homme,0,2,A,P,P,P
875,E00151,Homme,0,2,P,A,A,P
876,E00151,Homme,14,2,P,P,P,P
877,E00152,Homme,9,2,P,A,P,P
878,E00152,Homme,16,2,P,P,P,P
879,E00152,Femme,11,2,P,P,P,P
880,E00152,Femme,24,2,P,A,ND,P
891,E00152,Homme,17,2,P,P,P,P
882,E00152,Homme,11,2,P,P,P,P
883,E00152,Homme,1,2,P,P,P,P
884,E00152,Homme,14,2,A,P,P,P
885,E00152,Homme,13,2,P,P,A,A
886,E00152,Homme,7,2,P,P,P,P
887,E00152,Femme,2,2,P,P,P,P
888,E00152,Homme,0,2,P,P,P,P
809,E00152,Femme,12,2,P,P,P,P
891,E00153,Homme,8,2,P,P,P,P
892,E00153,Homme,5,2,P,P,P,A
893,E00153,Femme,5,2,P,A,P,P
894,E00154,Homme,0,2,P,P,P,P
895,E00154,Homme,14,2,P,P,P,P
896,E00154,Femme,13,2,P,A,A,P
897,E00155,Femme,17,2,P,P,P,A
898,E00155,Homme,9,2,P,P,A,P
899,E00155,Femme,7,2,P,P,P,A
900,E00155,Femme,17,2,P,P,P,P
901,E00155,Homme,13,2,P,P,P,P
902,E00155,Homme,21,2,A,P,P,P
903,E00155,Homme,15,2,P,P,P,P
904,E00155,Homme,14,2,P,A,P,A
905,E00156,Homme,16,2,A,A,P,P
906,E00156,Homme,11,2,P,P,P,P
907,E00156,Homme,17,2,P,P,A,P
908,E00156,Homme,9,2,P,A,P,P
909,E00156,Homme,17,2,P,P,P,P
910,E00156,Homme,10,2,P,A,P,P
911,E00157,Homme,10,2,A,P,P,P
912,E00157,Homme,9,2,A,P,P,P
943,E00157,Homme,3,2,ND,P,P,P
915,E00158,Homme,17,2,P,P,P,P
916,E00158,Femme,23,2,P,P,P,P
917,E00158,Femme,6,2,A,A,P,A
918,E00158,Homme,4,2,P,A,A,P
919,E00159,Homme,14,2,P,A,P,P
920,E00159,Femme,28,2,P,P,P,P
921,E00159,Femme,10,2,P,P,P,P
922,E00159,Homme,13,2,P,A,P,P
423,E00159,Femme,6,2,P,P,P,P
924,E00159,Homme,9,2,P,P,P,P
925,E00160,Homme,4,2,P,P,P,P
926,E00160,Homme,22,2,P,P,P,A
928,E00161,Homme,9,2,A,P,P,P
929,E00161,Homme,15,2,P,P,P,P
930,E00161,Femme,5,2,A,P,A,P
931,E00161,Homme,7,2,P,A,P,P
932,E00162,Femme,16,2,P,P,P,P
933,E00162,Homme,8,2,P,P,P,P
934,E00162,Homme,13,2,P,P,P,P
935,E00162,Femme,22,2,P,P,P,A
937,E00162,Homme,8,2,A,P,P,A
938,E00162,Homme,14,2,P,P,P,P
939,E00162,Homme,2,2,P,P,P,P
940,E00162,Femme,30,2,P,P,ND,P
941,E00163,Homme,6,2,P,P,ND,P
942,E00163,Homme,8,2,P,P,P,P
943,E00163,Homme,2,2,P,P,P,P
944,E00163,Homme,20,2,P,P,A,A
945,E00164,Homme,12,2,ND,A,P,P
966,E00164,Femme,2,2,P,P,P,P
948,E00164,Homme,13,2,P,P,P,P
949,E00164,Femme,8,2,P,P,P,P
950,E00164,Homme,11,2,P,P,P,P
951,E00164,Femme,5,2,P,P,P,A
952,E00164,Femme,11,2,P,P,P,P
953,E00164,Femme,3,2,P,P,P,P
954,E00164,Homme,4,2,P,P,P,A
956,E00164,Femme,9,2,P,P,P,P
957,E00165,Homme,4,2,P,P,P,A
958,E00165,Femme,22,2,P,P,A,P
959,E00165,Homme,12,2,P,P,P,P
960,E00166,Femme,10,2,P,P,P,P
961,E00166,Femme,14,2,P,A,P,P
962,E00166,Homme,14,2,P,P,P,P
963,E00166,Femme,20,2,A,A,A,A
964,E00166,Femme,4,2,A,P,P,P
965,E00166,Homme,0,2,P,A,P,A
966,E00166,Femme,12,2,ND,P,P,P
969,E00166,Homme,7,2,A,P,A,A
968,E00166,Femme,21,2,P,P,P,P
969,E00166,Femme,16,2,P,P,P,P
970,E00166,Homme,12,2,P,P,P,P
971,E00167,Homme,6,2,P,P,A,A
972,E00167,Homme,2,2,P,P,P,A
973,E00167,Femme,14,2,P,P,P,P
974,E00168,Homme,0,2,P,P,P,P
975,E00168,Homme,11,2,A,ND,ND,P
976,E00168,Femme,15,2,P,P,P,P
977,E00169,Femme,6,2,A,P,P,P
978,E00169,Homme,10,2,P,P,P,P
979,E00169,Homme,8,2,P,P,P,P
985,E00169,Homme,14,2,P,P,P,P
982,E00169,Homme,1,2,A,P,P,P
983,E00169,Homme,0,2,P,P,P,P
974,E00169,Homme,18,2,P,A,P,P
085,E00169,Homme,15,2,A,P,P,A
986,E00169,Homme,7,2,P,P,P,P
987,E00169,Femme,16,2,P,P,P,P
988,E00170,Homme,0,2,P,P,P,P
989,E00170,Homme,21,2,P,P,P,P
990,E00170,Femme,7,2,P,P,P,P
991,E00170,Homme,22,2,P,P,P,P
992,E00170,Homme,18,2,P,P,P,ND
993,E00170,Femme,9,2,P,P,P,P
994,E00170,Homme,0,2,P,P,P,P
995,E00170,Homme,7,2,P,P,P,P
996,E00170,Femme,11,2,P,P,P,A
997,E00170,Homme,9,2,P,P,A,A
998,E00170,Homme,3,2,P,A,P,A
1000,E00171,Femme,7,2,P,P,P,P
1001,E00171,Homme,8,2,P,A,P,A
1002,E00171,Homme,0,2,A,P,P,P
1003,E00171,Femme,13,2,P,A,P,P
1004,E00172,Homme,0,2,P,A,P,P
1005,E00172,Homme,16,2,A,ND,P,P
1006,E00172,Femme,10,2,P,P,P,A
1007,E00172,Homme,9,2,P,P,P,P
1008,E00172,Homme,9,2,P,P,A,P
1009,E00172,Femme,8,2,P,P,ND,P
1010,E00172,Femme,13,2,P,P,P,A
1011,E00172,Homme,9,2,P,P,P,P
1012,E00172,Homme,3,2,A,P,P,P
1013,E00172,Homme,16,2,P,P,P,P
1014,E00173,Homme,17,2,P,A,P,P
1015,E00173,Homme,16,2,A,A,P,P
1016,E00173,Homme,16,2,A,P,P,P
1017,E00173,Femme,3,2,P,A,P,P
1018,E00174,Femme,0,2,A,P,A,P
1019,E00174,Femme,5,2,A,P,A,P
1020,E00174,Homme,17,2,P,P,P,P
1021,E00174,Homme,8,2,P,P,P,A
1052,E00175,Homme,9,2,A,A,A,A
1023,E00175,Homme,1,2,P,P,A,P
1024,E00175,Homme,13,2,A,A,A,P
1025,E00175,Homme,8,2,P,P,P,A
1026,E00175,Homme,3,2,A,P,A,P
1027,E00176,Homme,0,2,P,P,ND,P
1028,E00176,Femme,4,2,P,P,P,P
1029,E00176,Homme,15,2,P,A,P,P
1030,E00176,Homme,4,2,P,P,A,P
1031,E00177,Homme,15,2,P,P,P,P
1032,E00177,Homme,12,2,A,ND,A,A
1033,E00177,Homme,12,2,A,P,P,P
1035,E00178,Homme,8,2,P,P,A,P
1037,E00179,Homme,5,2,P,P,A,P
1068,E00179,Femme,20,2,P,A,P,P
1039,E00179,Homme,15,2,P,A,A,P
1040,E00179,Homme,5,2,A,A,P,A
1041,E00179,Homme,20,2,A,ND,A,P
1042,E00180,Homme,9,2,P,P,A,A
1043,E00180,Homme,9,2,A,P,A,P
1044,E00180,Femme,22,2,A,P,P,P
1045,E00180,Femme,0,2,P,P,A,P
1047,E00180,Homme,0,2,P,P,P,P
1049,E00180,Homme,8,2,P,P,P,P
1050,E00180,Femme,9,2,P,P,P,P
1051,E00180,Homme,23,2,P,A,A,P
1052,E00180,Homme,16,2,P,A,P,A
1053,E00180,Homme,5,2,P,A,P,A
1054,E00180,Homme,5,2,P,P,P,P
1056,E00180,Homme,11,2,P,A,P,P
1057,E00181,Femme,10,2,P,A,ND,A
1059,E00182,Femme,10,2,P,P,P,P
1062,E00182,Homme,4,2,A,P,P,P
1063,E00183,Femme,0,2,P,P,P,P
1066,E00184,Homme,16,2,P,P,P,A
1067,E00184,Femme,9,2,P,A,P,P
1068,E00184,Homme,11,2,ND,P,P,P
1070,E00185,Homme,0,2,P,A,P,P
1071,E00185,Homme,4,2,A,A,A,A
1072,E00185,Femme,5,2,P,P,P,A
1073,E00185,Femme,17,2,P,P,A,P
1074,E00185,Homme,2,2,P,P,A,P
1075,E00185,Homme,11,2,P,P,P,P
1076,E00186,Homme,18,2,P,A,P,P
1077,E00186,Homme,5,2,A,P,P,P
1078,E00186,Homme,14,2,P,P,P,P
1079,E00186,Femme,5,2,P,P,P,P
1080,E00186,Femme,18,2,A,P,A,A
1081,E00186,Femme,4,2,P,P,P,P
1083,E00186,Femme,11,2,P,P,P,P
1084,E00186,Femme,6,2,P,P,P,P
1085,E00186,Homme,3,2,P,A,P,P
1016,E00187,Homme,6,2,P,P,P,P
1087,E00187,Homme,19,2,P,P,P,P
1088,E00187,Femme,13,2,P,P,P,P
1089,E00187,Femme,8,2,P,P,P,ND
1090,E00187,Femme,10,2,P,P,P,P
1091,E00187,Femme,5,2,P,P,A,P
1092,E00188,Homme,15,2,P,P,P,A
1093,E00188,Homme,15,2,P,P,P,P
1094,E00188,Femme,8,2,P,P,P,P
1095,E00188,Homme,3,2,P,P,P,A
1096,E00188,Homme,8,2,P,P,P,P
1597,E00188,Femme,10,2,P,P,P,P
1098,E00188,Femme,15,2,P,P,P,P
1099,E00188,Femme,19,2,P,P,P,P
1100,E00188,Homme,12,2,P,P,P,P
1101,E00188,Homme,18,2,P,P,P,P
1102,E00188,Femme,19,2,P,P,P,P
1103,E00189,Homme,4,2,P,P,P,P
1104,E00189,Femme,6,2,P,P,P,P
1105,E00189,Homme,1,2,P,P,P,P
1106,E00189,Femme,13,2,P,P,P,P
1107,E00189,Homme,3,2,P,P,ND,A
1108,E00189,Femme,12,2,P,P,A,P
1109,E00189,Homme,18,2,P,P,P,P
1110,E00189,Femme,4,2,P,A,P,P
1111,E00189,Homme,13,2,P,P,P,P
1113,E00189,Homme,6,2,P,P,P,P
1114,E00189,Femme,10,2,A,P,P,P
1115,E00190,Homme,8,2,P,P,P,P
1116,E00190,Femme,12,2,P,P,P,P
1117,E00190,Homme,19,2,P,P,A,P
1118,E00191,Femme,16,2,P,P,P,P
1119,E00191,Femme,17,2,P,P,P,P
1120,E00191,Homme,1,2,A,P,A,P
1121,E00191,Femme,22,2,P,P,P,P
1122,E00191,Homme,9,2,P,P,P,A
1123,E00191,Femme,6,2,P,P,P,P
1125,E00191,Femme,5,2,P,P,P,P
1126,E00191,Femme,14,2,P,P,P,P
1128,E00191,Femme,4,2,P,P,P,P
1125,E00192,Homme,7,2,A,A,A,P
1130,E00192,Femme,0,2,P,P,P,P
1131,E00193,Homme,7,2,P,P,P,P
1132,E00193,Femme,15,2,P,P,P,P
1133,E00193,Homme,0,2,P,P,P,P
1131,E00193,Homme,0,2,P,P,P,P
1135,E00193,Femme,11,2,P,P,P,P
1136,E00194,Femme,11,2,P,A,P,A
1137,E00194,Femme,13,2,P,A,P,P
1139,E00194,Homme,4,2,P,P,P,P
1140,E00194,Homme,15,2,ND,P,P,P
1141,E00194,Homme,15,2,A,P,P,P
1142,E00194,Femme,4,2,P,P,ND,P
1163,E00195,Femme,6,2,P,P,P,P
1144,E00195,Femme,11,2,P,P,P,P
1145,E00195,Femme,14,2,P,P,P,P
1146,E00195,Homme,0,2,A,P,P,P
1147,E00195,Femme,0,2,P,P,P,P
1148,E00196,Femme,0,2,P,P,P,P
1149,E00196,Femme,9,2,P,P,P,P
1151,E00196,Homme,2,2,P,P,P,P
1152,E00196,Homme,15,2,P,P,P,P
1153,E00197,Homme,14,2,P,P,P,P
4154,E00197,Homme,7,2,P,P,P,P
1155,E00197,Femme,19,2,P,P,P,P
1156,E00197,Homme,8,2,A,P,A,P
1157,E00197,Femme,15,2,P,P,P,P
1179,E00198,Femme,8,2,P,A,A,P
1168,E00198,Femme,7,2,A,P,A,P
1162,E00198,Homme,21,2,P,P,P,A
1163,E00198,Femme,5,2,P,P,P,P
1164,E00198,Homme,14,2,A,P,A,P
1165,E00198,Homme,10,2,P,P,P,P
1166,E00198,Homme,7,2,P,P,P,P
1167,E00198,Homme,7,2,P,P,P,P
1168,E00199,Homme,0,2,A,P,P,P
1169,E00199,Femme,3,2,ND,P,P,P
1170,E00199,Femme,9,2,P,P,P,P
1171,E00199,Homme,14,2,P,A,ND,A
1172,E00199,Homme,2,2,P,P,P,P
1173,E00199,Femme,3,2,P,A,A,P
1174,E00199,Homme,8,2,P,P,P,P
1176,E00200,Homme,9,2,P,P,P,P
1177,E00200,Homme,15,2,P,P,P,P
1178,E00200,Homme,8,2,P,P,ND,P
1179,E00200,Femme,5,2,P,P,P,A
1180,E00200,Homme,14,2,P,ND,P,P
1181,E00200,Homme,12,2,A,P,P,P
1182,E00200,Homme,1,2,P,P,P,P
1183,E00200,Femme,9,2,P,P,P,P
1384,E00200,Homme,1,2,A,P,P,ND
1185,E00200,Homme,1,2,A,P,P,P
1186,E00200,Homme,9,2,P,P,P,P
1187,E00200,Femme,7,2,P,P,P,P
1188,E00200,Femme,6,2,P,P,P,P
1189,E00200,Homme,13,2,P,P,P,P
1190,E00200,Femme,8,2,P,P,P,P
1191,E00200,Homme,11,2,A,P,P,P
1192,E00200,Femme,6,2,P,P,P,ND
1193,E00200,Homme,21,2,P,P,P,P
1194,E00201,Femme,9,2,P,P,P,P
1195,E00201,Homme,4,2,P,P,P,P
1196,E00201,Femme,13,2,P,A,P,P
1597,E00201,Homme,7,2,P,P,P,P
1198,E00201,Homme,16,2,P,P,P,P
1199,E00201,Homme,0,2,P,P,P,P
1201,E00201,Femme,0,2,P,P,P,P
1202,E00202,Homme,0,2,P,A,A,P
1203,E00202,Homme,0,2,P,P,A,A
1204,E00202,Homme,1,2,P,A,A,A
1205,E00202,Homme,7,2,A,P,P,P
1206,E00202,Femme,19,2,P,P,P,A
1207,E00203,Homme,9,2,ND,P,P,A
1208,E00203,Femme,14,2,P,P,ND,P
1209,E00203,Homme,12,2,P,P,P,P
1210,E00203,Homme,18,2,P,P,P,P
1211,E00203,Homme,0,2,P,P,P,ND
1212,E00203,Homme,12,2,P,P,P,P
1213,E00204,Homme,13,2,P,P,P,P
1214,E00204,Femme,0,2,P,P,P,A
1215,E00204,Femme,11,2,P,P,A,P
1216,E00204,Homme,5,2,A,P,P,P
1217,E00204,Femme,2,2,P,P,P,P
8218,E00205,Femme,0,2,P,P,P,P
1219,E00205,Homme,13,2,P,P,P,P
1220,E00205,Homme,11,2,P,P,P,P
1221,E00205,Femme,18,2,P,P,P,P
1222,E00205,Femme,11,2,P,A,P,P
1223,E00205,Femme,2,2,P,P,A,P
1224,E00205,Femme,20,2,P,P,P,P
1226,E00206,Homme,16,2,P,P,P,P
1227,E00206,Femme,10,2,P,P,P,A
1228,E00206,Homme,20,2,P,P,P,P
1229,E00206,Femme,15,2,P,P,P,P
1230,E00206,Homme,13,2,P,A,P,P
1231,E00206,Homme,17,2,P,P,P,P
1232,E00207,Homme,18,2,P,P,A,P
1233,E00207,Homme,14,2,P,P,P,P
1234,E00207,Homme,1,2,A,A,P,A
1235,E00207,Femme,0,2,P,P,P,P
1236,E00208,Homme,0,2,ND,P,P,P
1237,E00208,Femme,14,2,A,P,P,P
1238,E00208,Femme,7,2,P,P,P,P
1239,E00208,Femme,10,2,P,A,P,A
1240,E00208,Homme,2,2,P,A,P,P
1241,E00208,Homme,4,2,P,P,A,P
1242,E00208,Femme,9,2,P,P,P,P
1243,E00208,Femme,15,2,P,P,A,P
1244,E00208,Femme,2,2,P,P,P,P
1245,E00208,Homme,9,2,A,P,P,P
1246,E00209,Homme,1,2,P,P,P,P
1247,E00209,Homme,17,2,P,P,P,P
1248,E00209,Femme,8,2,A,P,P,P
1249,E00209,Homme,15,2,P,P,P,P
1250,E00209,Homme,0,2,A,P,P,P
1251,E00209,Homme,10,2,P,P,P,A
1252,E00209,Femme,17,2,P,P,P,P
1253,E00209,Femme,12,2,P,P,P,A
1254,E00209,Femme,11,2,P,P,P,P
1256,E00210,Femme,8,2,P,P,P,P
1257,E00211,Homme,9,2,P,P,P,P
1258,E00211,Homme,11,2,P,P,A,A
1259,E00212,Homme,0,2,P,P,A,P
1260,E00212,Homme,18,2,P,P,P,P
1261,E00212,Femme,3,2,P,P,P,P
1222,E00213,Homme,1,2,P,P,P,P
1263,E00213,Homme,9,2,P,P,P,P
1264,E00213,Femme,0,2,P,P,P,A
1265,E00213,Femme,15,2,P,P,P,P
8266,E00213,Homme,5,2,P,P,A,P
1267,E00214,Femme,22,2,P,P,P,P
1468,E00214,Femme,17,2,P,P,P,P
1269,E00214,Homme,16,2,P,P,P,P
1270,E00214,Homme,10,2,P,P,P,P
1271,E00214,Homme,3,2,P,P,P,P
1272,E00215,Homme,0,2,P,P,P,A
1273,E00215,Homme,0,2,P,P,P,A
1274,E00215,Femme,15,2,P,P,P,P
1275,E00215,Homme,8,2,A,ND,A,A
1276,E00216,Femme,0,2,A,P,P,P
1277,E00216,Femme,15,2,ND,P,A,P
1278,E00216,Femme,9,2,P,P,P,A
1279,E00216,Homme,11,2,A,P,P,P
1280,E00216,Femme,12,2,P,P,P,P
1282,E00216,Homme,4,2,P,P,A,P
1283,E00217,Homme,26,2,P,P,P,P
1285,E00217,Homme,2,2,P,P,A,P
1286,E00217,Femme,0,2,P,P,P,ND
1287,E00217,Femme,10,2,P,P,P,P
1248,E00217,Femme,2,2,P,P,P,P
5289,E00217,Homme,15,2,P,P,P,P
1290,E00217,Homme,7,2,A,P,P,P
1291,E00217,Homme,10,2,P,P,A,P
1292,E00218,Homme,11,2,P,P,A,A
1293,E00218,Homme,5,2,P,P,P,P
5294,E00218,Femme,2,2,P,P,P,P
1295,E00218,Homme,11,2,P,ND,P,P
1296,E00218,Femme,12,2,P,A,P,P
1297,E00218,Femme,0,2,P,P,P,P
1298,E00218,Homme,12,2,P,P,P,P
1299,E00218,Homme,8,2,P,P,P,ND
1300,E00218,Femme,14,2,P,P,P,P
1302,E00219,Femme,0,2,P,P,A,P
1303,E00219,Femme,11,2,P,P,A,P
1304,E00219,Femme,0,2,P,P,P,P
8305,E00219,Femme,6,2,P,P,P,P
1306,E00219,Homme,3,2,P,P,P,P
1307,E00219,Femme,0,2,P,P,P,P
1308,E00219,Homme,15,2,P,A,A,P
1309,E00219,Homme,5,2,P,P,P,P
1310,E00219,Femme,5,2,P,P,P,P
1311,E00219,Femme,10,2,P,P,P,P
1312,E00220,Homme,0,2,A,ND,A,P
1313,E00220,Homme,13,2,P,A,P,A
1314,E00220,Homme,4,2,A,P,ND,P
1315,E00220,Homme,5,2,P,A,P,A
1316,E00220,Femme,10,2,A,A,P,P
1317,E00220,Homme,8,2,P,A,A,A
1318,E00221,Homme,12,2,P,A,P,A
1319,E00221,Homme,7,2,P,P,A,P
1320,E00221,Homme,13,2,P,P,P,P
1321,E00221,Femme,11,2,A,P,P,P
1322,E00221,Homme,15,2,P,P,P,P
1323,E00221,Homme,1,2,P,P,P,P
1324,E00221,Homme,15,2,P,ND,P,P
1305,E00221,Femme,2,2,P,P,P,P
1326,E00221,Homme,7,2,P,P,P,A
1327,E00221,Homme,23,2,P,ND,P,A
1328,E00221,Homme,5,2,A,ND,P,P
1329,E00222,Femme,13,2,P,P,P,P
1330,E00222,Homme,8,2,P,P,A,P
1331,E00222,Homme,15,2,P,P,P,P
1332,E00223,Femme,0,2,A,P,P,P
1333,E00223,Homme,5,2,P,P,P,P
1334,E00223,Homme,16,2,A,P,P,P
1335,E00223,Femme,12,2,P,P,P,P
1337,E00223,Homme,13,2,P,A,P,P
1338,E00223,Femme,17,2,P,P,P,P
1339,E00223,Femme,6,2,P,P,A,P
1340,E00223,Femme,21,2,P,A,P,P
1341,E00224,Femme,12,2,P,P,P,P
1342,E00224,Homme,0,2,P,P,P,P
1343,E00224,Homme,10,2,P,P,P,P
1344,E00225,Homme,11,2,P,ND,P,P
1345,E00225,Homme,8,2,P,A,P,P
1346,E00225,Femme,0,2,A,P,P,P
1347,E00225,Homme,20,2,A,A,A,P
1308,E00225,Femme,12,2,A,P,P,P
1349,E00225,Femme,13,2,P,P,P,P
1350,E00225,Homme,19,2,P,A,A,P
1351,E00225,Homme,15,2,P,P,P,P
1352,E00225,Homme,11,2,A,P,P,P
1353,E00225,Homme,3,2,P,P,P,A
1354,E00225,Homme,5,2,P,A,P,P
1355,E00225,Femme,1,2,P,P,P,P
1356,E00225,Homme,15,2,P,P,P,P
1357,E00225,Femme,13,2,A,A,P,P
1358,E00225,Homme,12,2,P,P,P,P
1359,E00226,Femme,8,2,P,A,P,A
1361,E00226,Homme,13,2,A,P,P,P
1362,E00226,Homme,15,2,P,A,P,P
1363,E00226,Femme,8,2,P,P,A,P
1364,E00226,Femme,12,2,P,P,P,P
1365,E00226,Femme,12,2,P,P,P,P
1366,E00226,Homme,21,2,P,P,P,P
1367,E00226,Homme,11,2,P,P,P,P
1368,E00226,Femme,10,2,P,P,A,A
1369,E00227,Homme,18,2,P,P,P,P
1370,E00227,Homme,10,2,P,P,P,P
1371,E00227,Femme,0,2,P,P,P,P
1372,E00227,Femme,2,2,P,P,P,P
1373,E00227,Femme,1,2,P,P,P,A
1374,E00227,Femme,20,2,P,P,P,P
1375,E00227,Homme,10,2,P,P,P,P
1676,E00228,Femme,12,2,P,P,A,P
1377,E00228,Homme,15,2,P,P,P,P
1378,E00228,Femme,21,2,P,P,P,P
1379,E00228,Homme,3,2,P,P,P,P
1380,E00228,Homme,5,2,P,P,P,P
1381,E00228,Homme,3,2,P,P,P,A
1382,E00228,Homme,16,2,P,P,ND,P
1333,E00228,Femme,8,2,P,ND,P,A
1384,E00228,Homme,5,2,P,P,P,P
1385,E00228,Femme,10,2,P,P,P,P
1386,E00228,Femme,8,2,A,P,A,P
1387,E00229,Homme,14,2,A,A,A,P
1688,E00229,Homme,11,2,A,P,A,P
1389,E00229,Homme,10,2,P,P,P,ND
1390,E00229,Femme,10,2,P,P,P,P
1391,E00229,Femme,4,2,P,P,P,A
1392,E00229,Homme,13,2,P,P,P,A
1093,E00229,Homme,13,2,P,P,P,A
1394,E00230,Homme,14,2,P,P,P,P
1395,E00230,Femme,6,2,P,P,P,P
1396,E00230,Homme,9,2,P,P,A,P
1397,E00230,Homme,1,2,P,P,P,P
1399,E00230,Homme,18,2,P,P,P,P
1400,E00230,Femme,16,2,P,P,P,A
1401,E00230,Femme,5,2,P,P,P,P
1402,E00230,Femme,1,2,P,P,P,A
1403,E00230,Femme,8,2,P,P,P,P
1404,E00230,Femme,2,2,P,P,P,P
1405,E00231,Homme,10,2,P,P,P,A
1406,E00231,Homme,16,2,P,A,P,P
1407,E00231,Homme,4,2,P,P,P,P
1408,E00232,Femme,10,2,P,P,P,A
1409,E00232,Homme,9,2,ND,A,P,A
1410,E00232,Femme,5,2,P,P,P,A
1411,E00232,Femme,1,2,P,A,P,A
1412,E00232,Femme,0,2,P,P,A,P
1414,E00233,Homme,15,2,P,ND,P,P
1415,E00233,Femme,5,2,P,P,P,P
1416,E00233,Homme,14,2,P,P,ND,P
1417,E00233,Homme,15,2,P,P,P,P
1418,E00233,Homme,0,2,P,P,P,P
1419,E00233,Femme,16,2,P,P,P,P
1420,E00233,Homme,11,2,P,P,P,P
1422,E00233,Femme,3,2,P,P,P,P
1423,E00233,Femme,2,2,P,P,P,P
1424,E00233,Homme,9,2,A,P,ND,P
1405,E00233,Homme,7,2,P,P,A,P
1426,E00233,Femme,5,2,P,P,P,P
1427,E00234,Homme,13,2,A,P,P,P
1428,E00234,Femme,18,2,P,P,P,A
1429,E00235,Femme,7,2,A,P,P,A
1430,E00235,Femme,13,2,A,P,P,P
1431,E00235,Homme,8,2,ND,P,A,A
1432,E00235,Homme,0,2,ND,A,P,P
1433,E00235,Homme,4,2,P,P,P,P
1434,E00235,Femme,12,2,P,P,P,P
1435,E00235,Femme,8,2,P,A,P,A
1436,E00235,Homme,1,2,P,P,P,A
1437,E00235,Homme,7,2,ND,P,P,P
1439,E00236,Homme,10,2,P,P,A,P
1440,E00236,Homme,10,2,P,P,P,A
1441,E00237,Femme,10,2,P,ND,A,P
1442,E00237,Homme,5,2,A,P,P,P
1443,E00237,Homme,19,2,P,P,A,P
1444,E00237,Homme,9,2,P,P,P,P
1445,E00237,Femme,0,2,P,P,P,P
1446,E00237,Homme,15,2,ND,A,P,A
1447,E00237,Homme,16,2,P,P,P,P
1448,E00237,Femme,9,2,P,P,P,P
1449,E00237,Homme,27,2,A,P,P,P
1450,E00238,Homme,5,2,P,P,P,ND
1452,E00238,Femme,9,2,P,P,P,P
1453,E00238,Homme,14,2,P,P,A,P
1454,E00239,Homme,11,2,P,P,P,P
1456,E00239,Homme,15,2,A,P,P,A
1452,E00239,Homme,8,2,P,P,P,P
1457,E00240,Femme,4,2,P,P,P,P
1458,E00240,Homme,0,2,P,P,P,P
1459,E00240,Homme,11,2,P,P,P,P
1460,E00240,Homme,4,2,P,P,P,P
1461,E00240,Homme,8,2,P,P,P,P
1462,E00241,Femme,8,2,P,P,P,P
1463,E00241,Femme,11,2,P,P,P,P
1464,E00241,Homme,9,2,P,P,P,P
1465,E00241,Femme,10,2,P,ND,P,P
1466,E00241,Femme,11,2,P,P,P,P
1467,E00241,Femme,2,2,P,P,P,P
1468,E00241,Homme,14,2,A,P,A,P
1469,E00241,Femme,6,2,P,P,A,P
1471,E00241,Homme,12,2,P,P,P,ND
1472,E00241,Homme,12,2,P,P,P,P
1473,E00241,Femme,13,2,P,P,P,P
1474,E00241,Homme,0,2,P,P,A,P
1475,E00241,Femme,16,2,P,P,P,P
1476,E00241,Femme,24,2,P,P,P,P
1477,E00241,Femme,8,2,A,P,P,P
1478,E00241,Homme,10,2,P,P,P,P
1479,E00241,Femme,17,2,P,P,A,P
1780,E00242,Homme,21,2,P,P,A,P
1481,E00242,Femme,1,2,P,P,A,P
8482,E00242,Femme,19,2,P,P,P,P
5483,E00242,Femme,8,2,P,P,P,P
1484,E00242,Homme,6,2,P,P,A,P
1485,E00242,Femme,6,2,P,P,P,P
1486,E00242,Homme,4,2,P,P,P,P
1487,E00242,Homme,0,2,P,P,P,P
1488,E00242,Femme,2,2,P,P,P,P
1490,E00242,Homme,17,2,P,P,P,P
1492,E00243,Homme,5,2,A,P,P,A
1496,E00243,Femme,14,2,A,P,P,A
1494,E00243,Femme,3,2,P,P,P,P
1495,E00243,Homme,1,2,P,A,A,A
1496,E00243,Femme,4,2,A,P,P,A
1497,E00243,Homme,12,2,P,ND,A,P
1498,E00244,Homme,9,2,P,P,P,P
1499,E00244,Homme,14,2,P,P,A,P
1500,E00244,Femme,1,2,A,P,P,P
1501,E00244,Homme,1,2,P,P,P,P
1502,E00244,Femme,2,2,P,P,P,P
1503,E00244,Homme,7,2,P,P,P,P
1515,E00244,Homme,3,2,P,P,P,P
1507,E00245,Femme,10,2,P,A,P,A
1508,E00245,Homme,6,2,P,P,P,P
1509,E00245,Homme,11,2,P,A,A,P
1510,E00245,Femme,18,2,A,P,P,P
1511,E00245,Homme,0,2,P,P,P,P
1512,E00245,Femme,10,2,P,A,A,P
1513,E00246,Homme,10,2,P,P,A,P
1514,E00246,Homme,20,2,P,P,P,ND
1515,E00246,Homme,23,2,P,P,A,P
1516,E00246,Homme,12,2,P,P,P,P
1517,E00246,Femme,18,2,P,P,P,P
1518,E00246,Femme,4,2,P,P,P,A
1519,E00246,Femme,11,2,P,P,P,P
1529,E00246,Homme,14,2,P,P,P,P
1521,E00246,Femme,21,2,P,P,ND,P
1522,E00246,Homme,0,2,A,P,A,P
1523,E00246,Homme,23,2,P,P,P,P
1524,E00246,Femme,15,2,P,P,A,P
1525,E00247,Homme,6,2,P,P,P,P
1526,E00247,Homme,0,2,P,A,A,P
1527,E00247,Homme,4,2,A,P,P,P
1528,E00247,Homme,3,2,A,P,P,A
1529,E00247,Homme,21,2,ND,A,A,A
1531,E00248,Homme,16,2,P,P,P,P
6532,E00248,Femme,15,2,P,P,P,P
1533,E00248,Homme,0,2,P,P,P,P
1534,E00248,Homme,20,2,P,P,P,P
1535,E00248,Homme,1,2,P,P,P,P
1536,E00248,Homme,4,2,P,P,P,P
1533,E00249,Homme,6,2,A,A,A,A
1539,E00249,Homme,3,2,A,P,A,A
1540,E00249,Homme,3,2,P,A,P,P
1541,E00249,Femme,9,2,P,A,P,P
1542,E00249,Homme,7,2,A,A,P,A
1543,E00250,Homme,5,2,P,P,P,ND
1540,E00250,Homme,17,2,P,P,P,P
1545,E00250,Femme,6,2,P,P,P,P
1546,E00251,Homme,15,2,P,P,P,P
1541,E00251,Femme,6,2,P,P,P,P
1548,E00251,Homme,0,2,P,P,P,P
1549,E00251,Femme,1,2,ND,P,A,A
1550,E00251,Homme,11,2,P,A,P,P
1551,E00251,Femme,3,2,P,P,P,P
1552,E00252,Homme,2,2,P,P,ND,P
1553,E00252,Homme,19,2,P,A,P,P
1554,E00252,Femme,16,2,P,P,P,A
1555,E00252,Femme,5,2,P,P,P,P
1556,E00252,Femme,17,2,P,P,P,A
1557,E00252,Femme,2,2,P,P,P,P
1558,E00252,Homme,9,2,P,P,P,P
1559,E00252,Homme,19,2,P,P,P,P
1560,E00253,Homme,7,2,P,A,A,P
1561,E00253,Femme,20,2,A,A,P,P
1562,E00253,Homme,17,2,P,P,P,ND
1563,E00253,Femme,0,2,P,P,A,P
1565,E00253,Homme,8,2,P,A,P,P
1566,E00253,Femme,7,2,ND,P,P,P
1567,E00253,Femme,0,2,A,P,P,ND
1578,E00253,Femme,0,2,P,A,A,P
1569,E00253,Homme,0,2,P,P,P,P
1570,E00253,Femme,16,2,P,P,P,A
1572,E00254,Homme,5,2,A,A,P,P
1573,E00254,Homme,13,2,P,P,P,A
1474,E00254,Homme,6,2,P,P,A,P
1575,E00254,Homme,5,2,P,P,P,P
1576,E00254,Homme,0,2,P,P,A,A
1577,E00254,Homme,0,2,P,A,P,P
1578,E00255,Homme,1,2,P,P,A,A
1579,E00255,Homme,9,2,A,P,P,A
1580,E00255,Homme,0,2,P,A,A,A
1581,E00255,Homme,4,2,A,A,A,A
1583,E00255,Femme,11,2,P,P,A,A
1584,E00256,Femme,15,2,P,P,P,P
1585,E00256,Femme,1,2,A,P,A,P
1586,E00256,Homme,0,2,P,P,P,P
1587,E00256,Homme,19,2,P,P,P,P
1588,E00256,Femme,6,2,P,P,ND,P
1589,E00256,Homme,6,2,P,A,P,P
1590,E00256,Homme,23,2,P,P,P,P
1591,E00257,Femme,15,2,P,P,A,P
1592,E00257,Femme,4,2,P,P,A,P
1593,E00257,Homme,0,2,P,P,P,P
1594,E00257,Femme,10,2,P,P,P,P
1095,E00257,Femme,11,2,P,P,P,A
1516,E00257,Homme,4,2,P,P,P,P
1597,E00258,Homme,15,2,P,P,P,P
1599,E00258,Femme,10,2,P,P,P,P
1600,E00259,Homme,0,2,A,P,A,P
1605,E00259,Femme,10,2,P,ND,P,P
1602,E00259,Femme,0,2,P,P,P,P
1603,E00259,Homme,2,2,P,A,A,A
1604,E00259,Femme,16,2,P,P,ND,P
1605,E00259,Homme,13,2,P,A,P,P
1606,E00259,Homme,13,2,ND,P,P,P
1607,E00259,Homme,5,2,P,A,A,P
1608,E00259,Homme,6,2,P,P,P,P
1609,E00259,Homme,1,2,A,P,P,P
1610,E00259,Homme,0,2,P,P,P,P
1611,E00259,Homme,0,2,P,P,P,P
1612,E00259,Femme,16,2,P,P,P,P
1613,E00259,Homme,1,2,P,P,P,P
1614,E00260,Homme,10,2,P,P,P,P
1615,E00260,Homme,12,2,P,ND,A,P
1616,E00260,Homme,2,2,ND,P,A,P
1617,E00260,Homme,10,2,P,P,P,P
1618,E00260,Homme,14,2,A,P,P,P
1649,E00260,Homme,2,2,P,P,P,P
1620,E00260,Homme,1,2,P,P,A,A
1623,E00261,Homme,11,2,P,P,P,P
1624,E00262,Femme,0,2,P,P,P,P
1625,E00262,Homme,5,2,P,P,P,A
1626,E00262,Homme,4,2,P,P,P,P
1627,E00262,Femme,0,2,P,A,P,P
1628,E00262,Femme,23,2,P,P,P,P
1629,E00262,Femme,12,2,A,P,P,P
1630,E00262,Femme,22,2,P,P,A,P
1631,E00262,Homme,5,2,A,P,P,A
1632,E00262,Homme,0,2,P,A,P,P
1633,E00262,Homme,0,2,P,P,P,P
1634,E00262,Femme,3,2,P,P,ND,P
1635,E00262,Femme,7,2,P,A,A,P
1636,E00262,Femme,7,2,P,P,P,P
1630,E00262,Femme,12,2,P,A,A,A
1638,E00262,Femme,5,2,P,P,P,P
1639,E00263,Femme,4,2,P,P,P,P
1640,E00263,Homme,14,2,P,P,ND,P
1641,E00263,Homme,10,2,P,P,A,P
1643,E00264,Homme,1,2,A,P,P,P
1644,E00264,Homme,0,2,P,P,P,P
1645,E00264,Femme,0,2,P,A,P,P
1646,E00264,Homme,6,2,P,P,P,ND
1647,E00264,Homme,14,2,P,ND,A,P
1648,E00264,Homme,3,2,A,P,P,P
8649,E00264,Homme,0,2,P,A,P,A
1650,E00264,Homme,6,2,A,P,P,P
1651,E00264,Homme,5,2,P,A,ND,P
1652,E00264,Homme,1,2,A,P,A,P
1653,E00264,Femme,4,2,ND,P,P,P
1654,E00265,Homme,7,2,P,P,P,A
1655,E00265,Homme,29,2,A,P,P,P
1656,E00266,Homme,10,2,ND,P,P,P
1657,E00266,Homme,1,2,P,P,P,P
1658,E00266,Homme,0,2,ND,P,P,P
1659,E00266,Homme,6,2,P,P,P,P
1660,E00266,Homme,12,2,P,A,P,P
1661,E00266,Femme,11,2,P,P,P,P
1662,E00267,Homme,4,2,A,P,A,P
1663,E00267,Homme,19,2,P,P,P,P
1665,E00267,Homme,3,2,P,P,P,P
1666,E00267,Homme,18,2,P,P,P,A
1667,E00267,Homme,19,2,A,P,P,P
1668,E00267,Femme,13,2,P,P,P,P
1669,E00268,Femme,7,2,P,P,P,P
1670,E00268,Femme,12,2,P,P,P,P
1671,E00268,Femme,8,2,P,P,P,P
1672,E00268,Homme,17,2,P,P,P,P
1673,E00268,Femme,25,2,P,P,P,P
1674,E00268,Femme,20,2,P,P,P,P
1675,E00268,Femme,10,2,P,P,P,P
1676,E00269,Homme,19,2,P,P,P,P
1678,E00269,Femme,3,2,P,A,P,A
1678,E00269,Femme,8,2,P,P,A,P
1679,E00269,Homme,10,2,A,P,P,P
1680,E00269,Homme,20,2,P,ND,P,P
5681,E00269,Homme,13,2,P,P,A,A
1683,E00270,Homme,7,2,P,A,P,A
1684,E00270,Homme,1,2,P,P,P,P
1685,E00270,Homme,2,2,A,P,P,A
1686,E00270,Homme,7,2,P,P,P,P
1687,E00271,Femme,11,2,P,P,P,P
1688,E00271,Femme,25,2,P,P,P,P
1689,E00271,Homme,11,2,P,P,A,P
1691,E00271,Femme,11,2,P,P,P,P
1692,E00271,Homme,0,2,A,P,P,A
1693,E00271,Femme,3,2,P,P,ND,P
1694,E00272,Femme,0,2,P,P,P,A
1696,E00273,Femme,10,2,P,A,P,P
1697,E00273,Homme,0,2,P,P,P,P
1698,E00273,Femme,3,2,P,A,ND,A
1699,E00273,Homme,1,2,A,A,A,P
1700,E00274,Homme,0,2,P,A,P,P
1702,E00274,Homme,17,2,P,P,P,P
1703,E00274,Femme,2,2,P,P,P,P
1704,E00274,Femme,1,2,P,P,P,P
1705,E00274,Femme,10,2,A,P,P,P
1706,E00275,Femme,17,2,A,P,P,P
1708,E00275,Homme,7,2,A,P,P,A
1709,E00275,Femme,15,2,P,P,P,P
1710,E00275,Homme,13,2,P,ND,P,P
1711,E00275,Homme,12,2,P,P,P,P
1712,E00275,Femme,9,2,P,P,P,P
1713,E00276,Femme,10,2,P,P,P,P
1714,E00276,Femme,14,2,P,P,P,P
1716,E00276,Homme,12,2,P,A,A,P
1717,E00276,Homme,10,2,P,A,P,P
1719,E00276,Femme,9,2,P,P,P,P
1720,E00276,Femme,13,2,A,ND,P,A
1721,E00276,Homme,13,2,P,P,P,P
6722,E00277,Homme,21,2,A,P,A,P
1723,E00277,Homme,8,2,P,ND,A,P
1724,E00277,Homme,5,2,A,A,A,A
1725,E00277,Homme,3,2,A,A,P,P
3726,E00277,Femme,0,2,P,P,A,P
1727,E00277,Homme,0,2,P,P,A,A
1728,E00277,Homme,8,2,A,P,P,A
1729,E00278,Homme,20,2,P,P,P,P
1730,E00278,Homme,14,2,P,A,A,P
1731,E00278,Homme,14,2,A,P,A,P
1732,E00278,Homme,5,2,A,P,P,P
1733,E00279,Femme,0,2,P,P,P,P
1734,E00279,Femme,5,2,P,P,A,P
1735,E00279,Homme,14,2,A,P,A,ND
1736,E00279,Femme,6,2,P,A,P,P
1737,E00280,Homme,4,2,A,ND,A,A
1738,E00280,Femme,10,2,P,P,P,P
1739,E00280,Femme,9,2,P,P,A,P
1740,E00281,Homme,11,2,P,P,A,P
1741,E00282,Femme,16,2,P,P,P,A
1742,E00282,Femme,12,2,A,P,P,P
1743,E00282,Homme,5,2,P,P,P,P
1744,E00283,Homme,13,2,P,P,P,A
1745,E00283,Homme,12,2,P,P,P,P
1746,E00283,Femme,13,2,P,A,P,P
1747,E00283,Homme,19,2,P,P,P,P
1748,E00283,Femme,21,2,P,P,ND,A
1749,E00283,Homme,9,2,P,P,P,P
1751,E00284,Femme,9,2,A,P,P,P
1752,E00284,Homme,9,2,A,A,P,P
1753,E00284,Homme,9,2,P,P,P,ND
1754,E00284,Homme,9,2,P,P,A,A
1757,E00285,Femme,13,2,P,P,P,A
1758,E00286,Homme,14,2,P,A,P,P
1759,E00286,Femme,6,2,P,P,P,P
1760,E00286,Homme,7,2,P,A,P,P
1761,E00286,Homme,17,2,P,A,P,ND
1762,E00287,Femme,3,2,P,A,ND,P
1763,E00287,Femme,15,2,P,A,A,P
1764,E00287,Homme,12,2,ND,P,P,P
1765,E00287,Femme,0,2,P,ND,P,A
1766,E00287,Homme,14,2,P,P,P,P
1767,E00288,Homme,0,2,P,P,P,P
1769,E00288,Homme,8,2,P,A,P,A
1770,E00288,Homme,0,2,P,P,P,P
1772,E00288,Femme,7,2,P,P,P,P
1773,E00288,Femme,17,2,P,P,ND,ND
1774,E00288,Homme,15,2,P,P,P,P
1776,E00289,Homme,6,2,P,ND,P,P
1777,E00290,Femme,1,2,P,P,A,P
1778,E00290,Homme,0,2,P,P,P,A
1779,E00290,Femme,15,2,P,P,P,P
1780,E00290,Femme,7,2,P,ND,P,A
1781,E00290,Homme,18,2,P,P,P,P
1782,E00290,Femme,6,2,P,P,P,P
1783,E00290,Femme,5,2,P,P,P,P
1784,E00290,Homme,23,2,P,P,P,P
1785,E00290,Homme,11,2,ND,P,P,P
1786,E00291,Homme,11,2,P,A,P,P
1787,E00291,Homme,0,2,A,P,P,P
1788,E00291,Femme,4,2,P,P,P,P
1789,E00291,Femme,10,2,P,P,P,P
1790,E00291,Homme,9,2,P,A,P,A
1791,E00291,Homme,8,2,P,P,P,P
1792,E00292,Femme,16,2,P,P,P,P
1794,E00292,Homme,19,2,P,A,P,P
1794,E00292,Homme,7,2,P,P,P,P
1795,E00292,Femme,11,2,P,ND,A,P
1796,E00292,Femme,18,2,P,P,P,A
1797,E00293,Homme,10,2,P,P,P,P
1728,E00293,Femme,10,2,P,P,A,A
1799,E00293,Homme,21,2,P,P,P,A
1800,E00293,Femme,15,2,A,P,P,P
1802,E00293,Homme,6,2,P,P,P,P
1803,E00293,Homme,8,2,P,P,P,P
1804,E00293,Femme,0,2,P,A,P,P
1805,E00294,Femme,11,2,P,P,P,P
1806,E00294,Femme,3,2,A,P,P,P
1807,E00294,Homme,3,2,P,P,P,P
1808,E00294,Homme,19,2,P,A,P,A
1809,E00294,Homme,3,2,P,P,P,P
1810,E00294,Femme,6,2,P,A,ND,P
8811,E00294,Femme,6,2,A,P,P,P
1812,E00295,Homme,14,2,P,P,P,P
1813,E00295,Femme,21,2,P,P,P,P
1814,E00295,Femme,15,2,A,P,A,P
1815,E00295,Homme,4,2,P,P,P,P
1616,E00295,Homme,9,2,P,P,P,P
1817,E00296,Homme,0,2,P,A,P,A
1818,E00296,Femme,8,2,P,P,P,P
1819,E00296,Femme,1,2,P,P,P,P
1810,E00296,Homme,1,2,A,P,P,A
1821,E00296,Homme,14,2,A,A,P,A
1822,E00296,Femme,9,2,A,A,A,A
1823,E00296,Femme,15,2,P,P,P,P
1824,E00297,Homme,0,2,P,P,P,A
1825,E00297,Homme,18,2,A,P,A,P
1826,E00297,Femme,1,2,P,P,P,P
1827,E00297,Femme,18,2,P,P,A,P
1828,E00297,Homme,6,2,A,P,A,A
1829,E00297,Homme,4,2,A,ND,P,P
1830,E00297,Femme,3,2,P,P,P,A
1832,E00297,Homme,11,2,P,P,P,P
1833,E00297,Homme,25,2,A,A,P,P
1834,E00297,Homme,1,2,ND,P,P,P
1835,E00297,Femme,18,2,P,P,P,P
1836,E00298,Femme,7,2,P,P,P,P
1837,E00298,Homme,11,2,P,A,P,P
1838,E00298,Femme,14,2,P,P,P,P
1839,E00298,Homme,12,2,P,A,A,P
1840,E00298,Homme,9,2,P,P,P,P
1842,E00299,Femme,1,2,P,P,P,P
1843,E00299,Femme,6,2,P,P,P,P
1044,E00299,Femme,5,2,A,P,P,P
1845,E00299,Homme,18,2,A,P,P,P
1846,E00299,Homme,13,2,P,A,P,A
1847,E00299,Homme,0,2,P,P,P,P
1848,E00299,Femme,11,2,P,P,P,P
1849,E00299,Homme,10,2,P,P,A,P
1820,E00299,Femme,10,2,ND,P,P,ND
1851,E00300,Homme,9,2,P,P,A,P
4852,E00300,Femme,7,2,P,P,P,P
1153,E00300,Homme,7,2,P,A,A,P
1854,E00301,Homme,12,2,P,P,P,P
1855,E00301,Homme,20,2,P,ND,P,P
1856,E00301,Homme,14,2,P,P,P,P
1857,E00301,Homme,14,2,P,P,P,ND
1858,E00301,Femme,15,2,P,P,P,P
1859,E00301,Homme,11,2,P,P,P,P
1860,E00301,Femme,7,2,A,P,P,P
1861,E00301,Femme,15,2,P,P,P,P
1862,E00301,Homme,14,2,P,P,P,P
1866,E00301,Homme,10,2,P,P,P,P
1864,E00301,Homme,9,2,P,P,P,P
1885,E00301,Homme,18,2,P,P,P,P
1866,E00301,Homme,18,2,P,P,P,P
1867,E00301,Homme,8,2,P,P,P,P
1866,E00302,Homme,11,2,P,P,A,P
1869,E00302,Homme,0,2,P,P,A,P
1870,E00302,Femme,7,2,P,P,P,P
1871,E00302,Femme,11,2,P,P,P,P
1872,E00302,Homme,7,2,P,P,P,P
1873,E00302,Femme,3,2,P,P,P,P
1874,E00302,Homme,8,2,P,P,P,P
1856,E00302,Homme,15,2,P,A,P,P
1877,E00303,Femme,5,2,P,P,P,P
1878,E00303,Homme,3,2,A,P,P,A
1879,E00303,Homme,5,2,P,P,A,P
1880,E00303,Femme,7,2,P,P,P,P
8881,E00304,Homme,0,2,ND,A,P,P
1882,E00304,Femme,12,2,A,P,P,P
1883,E00304,Homme,20,2,P,P,P,A
1884,E00304,Homme,14,2,P,P,A,P
1885,E00305,Homme,8,2,P,P,P,P
1886,E00305,Femme,12,2,A,P,P,P
1887,E00305,Homme,0,2,P,A,P,A
1888,E00305,Femme,20,2,P,P,P,P
1889,E00305,Femme,21,2,P,P,P,A
1890,E00305,Homme,4,2,A,P,A,A
1891,E00306,Homme,18,2,P,P,A,P
1893,E00306,Homme,0,2,P,P,P,A
1894,E00306,Homme,7,2,A,P,A,P
1896,E00306,Homme,4,2,P,A,P,A
1897,E00306,Homme,10,2,ND,P,P,P
1898,E00306,Homme,2,2,P,P,P,P
1899,E00307,Homme,8,2,A,P,P,P
1901,E00307,Femme,8,2,P,P,P,P
1902,E00308,Femme,0,2,P,A,P,P
1903,E00308,Homme,18,2,P,P,P,A
1904,E00308,Homme,27,2,P,P,P,P
1906,E00308,Femme,2,2,P,P,P,A
1907,E00308,Homme,7,2,P,P,P,P
1908,E00308,Homme,0,2,A,P,P,P
1909,E00309,Homme,16,2,P,A,A,P
1910,E00309,Homme,7,2,ND,P,P,P
1911,E00309,Homme,13,2,P,P,A,P
1912,E00309,Homme,15,2,P,P,P,P
1313,E00309,Femme,20,2,P,P,P,P
1914,E00310,Femme,1,2,P,P,P,A
1915,E00310,Femme,16,2,P,P,A,P
1916,E00310,Femme,12,2,P,A,A,P
1917,E00310,Femme,10,2,P,A,A,P
1918,E00310,Femme,15,2,A,P,ND,A
1919,E00311,Femme,10,2,A,A,P,P
1420,E00311,Homme,10,2,P,P,P,P
1921,E00311,Homme,6,2,P,P,P,ND
1922,E00311,Homme,4,2,P,A,P,P
1923,E00312,Femme,2,2,P,P,P,P
1924,E00312,Homme,14,2,P,P,P,P
1925,E00312,Femme,0,2,P,P,A,A
1927,E00312,Femme,10,2,P,P,P,P
1928,E00312,Homme,6,2,P,P,P,P
1929,E00312,Homme,13,2,P,P,P,ND
1930,E00313,Homme,7,2,P,P,P,P
1931,E00313,Homme,8,2,P,A,P,P
1932,E00314,Homme,4,2,P,P,P,P
1933,E00314,Femme,3,2,A,P,P,A
1934,E00314,Homme,4,2,P,A,P,P
1935,E00314,Homme,3,2,A,P,A,A
1936,E00314,Femme,24,2,P,P,A,A
1937,E00315,Homme,7,2,A,A,A,A
1930,E00315,Homme,0,2,P,A,A,A
1939,E00315,Homme,11,2,P,P,P,P
1940,E00315,Femme,11,2,P,P,A,P
1941,E00315,Homme,8,2,P,P,P,A
1942,E00315,Femme,3,2,A,A,P,P
1943,E00315,Homme,3,2,P,P,A,A
1984,E00315,Homme,10,2,P,P,A,P
1945,E00315,Homme,0,2,P,P,A,A
1946,E00315,Femme,20,2,A,P,P,P
1948,E00316,Homme,14,2,P,A,P,P
1945,E00316,Homme,2,2,A,P,P,P
1950,E00316,Femme,18,2,A,P,A,P
1951,E00316,Homme,16,2,A,P,P,P
1952,E00316,Femme,4,2,P,P,P,A
1953,E00316,Homme,4,2,A,P,A,P
1954,E00316,Femme,7,2,P,P,P,P
1955,E00316,Femme,3,2,P,P,P,P
1956,E00316,Femme,8,2,P,P,P,P
1657,E00316,Femme,9,2,P,P,P,A
1959,E00317,Femme,17,2,P,A,A,P
1960,E00317,Femme,15,2,P,P,P,P
1961,E00318,Femme,5,2,A,P,P,A
1962,E00318,Femme,16,2,P,P,P,P
1964,E00318,Homme,23,2,P,A,P,P
1965,E00319,Femme,8,2,P,A,ND,A
1967,E00319,Homme,16,2,P,A,P,P
1968,E00319,Homme,11,2,P,P,P,P
1969,E00319,Femme,12,2,P,P,P,ND
1970,E00319,Femme,0,2,P,P,P,P
1971,E00319,Homme,2,2,P,A,A,P
1973,E00319,Homme,11,2,P,P,P,P
1974,E00319,Femme,7,2,P,P,P,P
1975,E00320,Homme,10,2,A,A,P,P
1976,E00320,Homme,3,2,P,P,P,P
1977,E00320,Femme,4,2,A,A,A,P
1978,E00321,Homme,11,2,A,P,A,P
1979,E00321,Homme,9,2,P,P,A,P
1980,E00321,Femme,21,2,P,P,P,P
1981,E00322,Homme,0,2,P,P,P,P
1982,E00322,Femme,6,2,P,P,P,A
1983,E00322,Homme,24,2,P,A,P,A
1981,E00323,Femme,20,2,P,P,A,A
1986,E00323,Homme,13,2,A,A,A,P
1987,E00323,Homme,11,2,P,P,A,P
1988,E00323,Femme,14,2,A,ND,A,A
1989,E00324,Homme,0,2,ND,P,A,P
1991,E00324,Homme,9,2,P,P,P,P
1992,E00324,Homme,11,2,A,P,P,P
1093,E00324,Femme,2,2,P,P,P,A
1994,E00325,Femme,14,2,P,A,P,P
1998,E00326,Femme,16,2,A,P,P,P
1999,E00326,Homme,5,2,P,P,P,P
2000,E00327,Femme,12,2,P,P,P,A
2001,E00327,Homme,7,2,P,P,P,P
2002,E00327,Homme,1,2,P,P,A,P
2003,E00327,Homme,8,2,P,A,P,A
2004,E00327,Homme,0,2,P,P,P,A
2005,E00327,Femme,9,2,P,P,P,A
2006,E00327,Homme,7,2,P,P,P,P
2007,E00327,Femme,16,2,A,P,P,ND
2008,E00327,Femme,18,2,P,P,P,P
2009,E00327,Femme,9,2,ND,P,P,A
2010,E00327,Femme,14,2,P,ND,P,P
2011,E00327,Femme,11,2,P,P,P,P
2012,E00327,Homme,12,2,P,ND,P,P
2013,E00328,Homme,0,2,P,P,P,P
2014,E00328,Homme,18,2,A,P,P,P
2015,E00328,Femme,12,2,P,A,P,P
2016,E00329,Homme,17,2,P,P,P,P
2017,E00329,Homme,12,2,P,P,P,P
2018,E00329,Femme,9,2,P,P,P,P
2019,E00329,Femme,19,2,A,A,P,A
2020,E00330,Homme,0,2,P,P,P,A
2021,E00330,Homme,14,2,P,P,P,P
2023,E00330,Homme,22,2,P,P,P,A
2024,E00330,Homme,15,2,P,P,P,P
2025,E00330,Homme,7,2,P,P,P,P
2026,E00330,Homme,14,2,P,P,P,P
2027,E00330,Homme,3,2,P,P,P,P
2028,E00330,Homme,8,2,P,P,P,P
2029,E00331,Homme,13,2,P,P,P,P
2031,E00331,Homme,9,2,ND,P,P,P
2032,E00331,Homme,9,2,P,P,A,P
2033,E00331,Homme,7,2,P,P,A,P
2034,E00332,Femme,0,2,P,P,P,P
2035,E00332,Femme,0,2,P,P,P,P
2036,E00332,Femme,12,2,P,P,P,P
2037,E00332,Homme,2,2,P,P,P,P
2038,E00332,Femme,27,2,P,P,P,P
2049,E00332,Femme,6,2,A,P,P,P
2040,E00332,Homme,0,2,P,A,P,P
2041,E00333,Femme,14,2,A,P,A,P
2045,E00333,Femme,18,2,A,P,P,ND
2013,E00333,Femme,13,2,P,A,P,P
2044,E00333,Homme,4,2,P,A,P,P
2045,E00333,Homme,3,2,P,P,P,A
2046,E00333,Homme,8,2,P,A,A,P
2047,E00333,Femme,9,2,P,P,P,P
2051,E00334,Femme,15,2,P,A,A,A
2052,E00334,Homme,15,2,A,P,P,A
2053,E00334,Homme,8,2,A,P,A,P
2054,E00335,Femme,8,2,P,P,A,P
2055,E00335,Homme,1,2,P,P,A,P
2076,E00335,Homme,13,2,P,P,P,P
2057,E00335,Homme,8,2,P,P,P,A
2058,E00336,Homme,10,2,A,ND,P,P
2029,E00336,Femme,3,2,P,P,P,P
2060,E00336,Femme,12,2,A,P,P,A
2062,E00336,Femme,3,2,P,P,P,A
2063,E00336,Homme,13,2,P,P,P,P
2064,E00337,Homme,6,2,P,A,A,P
2065,E00337,Femme,20,2,A,P,P,P
2066,E00337,Homme,12,2,A,P,A,P
9067,E00338,Femme,16,2,A,ND,P,P
2068,E00338,Homme,4,2,P,P,A,A
2069,E00338,Homme,11,2,P,P,P,P
2070,E00339,Femme,0,2,A,A,A,P
2071,E00339,Femme,0,2,P,P,P,P
2072,E00339,Homme,11,2,P,P,P,P
2073,E00339,Homme,7,2,A,P,A,P
2074,E00339,Homme,4,2,P,A,P,P
2075,E00339,Homme,10,2,P,P,P,P
2076,E00340,Homme,5,2,P,P,A,A
2077,E00340,Homme,6,2,P,P,P,P
2078,E00340,Homme,8,2,P,P,P,P
2079,E00340,Femme,4,2,P,A,A,A
2080,E00341,Femme,10,2,P,P,A,P
2081,E00341,Femme,18,2,P,P,P,P
2082,E00341,Homme,2,2,A,P,P,P
2063,E00342,Homme,11,2,P,P,P,P
2084,E00342,Femme,7,2,P,P,P,P
2085,E00342,Homme,12,2,P,P,P,P
2086,E00342,Homme,0,2,P,P,P,P
2067,E00342,Homme,9,2,P,A,P,P
2088,E00342,Homme,8,2,A,P,P,P
2089,E00342,Homme,7,2,A,P,P,P
2090,E00343,Homme,2,2,P,P,P,P
2092,E00343,Homme,5,2,P,A,ND,A
2093,E00343,Homme,15,2,A,A,P,A
2090,E00343,Homme,9,2,ND,P,P,P
2095,E00344,Femme,10,2,A,A,P,P
2096,E00344,Homme,7,2,A,P,A,P
2097,E00344,Homme,6,2,A,P,P,P
2098,E00344,Homme,19,2,A,P,P,A
2099,E00344,Homme,11,2,P,P,P,P
2100,E00344,Femme,17,2,P,P,P,A
2101,E00344,Femme,0,2,P,P,P,P
2102,E00344,Femme,10,2,P,P,P,P
2103,E00345,Homme,4,2,P,P,P,P
2104,E00345,Femme,0,2,P,P,P,P
2105,E00345,Homme,9,2,A,P,P,P
2106,E00345,Homme,4,2,A,P,P,P
2107,E00345,Homme,10,2,P,P,P,P
2108,E00346,Femme,10,2,A,P,P,A
2109,E00346,Femme,1,2,P,P,P,P
2111,E00346,Femme,13,2,A,P,P,P
2112,E00346,Femme,10,2,A,A,P,A
2113,E00346,Homme,15,2,P,P,P,A
2114,E00346,Femme,13,2,P,P,P,P
2115,E00346,Homme,20,2,P,A,P,P
2110,E00346,Homme,14,2,P,A,P,P
2117,E00347,Homme,0,2,P,P,A,P
2118,E00347,Homme,3,2,P,A,A,P
2119,E00347,Femme,10,2,A,A,P,A
2120,E00347,Femme,6,2,A,P,P,P
2121,E00348,Homme,1,2,P,A,P,P
2124,E00348,Homme,3,2,P,P,P,P
2423,E00348,Femme,11,2,A,P,P,P
2124,E00348,Femme,13,2,P,P,P,P
2125,E00348,Homme,14,2,P,P,P,P
2126,E00348,Femme,0,2,A,A,A,P
2127,E00348,Homme,0,2,P,P,ND,P
2128,E00349,Homme,0,2,P,P,P,P
2129,E00349,Homme,6,2,P,P,P,A
2130,E00349,Homme,5,2,A,P,P,A
2131,E00349,Homme,0,2,A,P,P,A
2132,E00349,Homme,8,2,P,P,P,P
2133,E00349,Homme,13,2,P,P,P,P
2134,E00350,Homme,6,2,P,P,P,A
2135,E00350,Homme,12,2,P,P,P,P
2136,E00350,Homme,4,2,P,A,P,P
2137,E00350,Femme,10,2,P,P,P,P
2138,E00351,Femme,6,2,P,P,P,P
2139,E00351,Homme,3,2,P,P,P,P
2140,E00352,Homme,7,2,P,P,P,P
2141,E00352,Femme,4,2,P,P,P,P
2142,E00352,Femme,13,2,P,P,P,P
2143,E00352,Femme,17,2,P,A,P,P
2144,E00352,Femme,0,2,P,P,P,P
2147,E00352,Femme,10,2,P,P,P,P
2146,E00352,Homme,15,2,P,P,ND,P
2147,E00352,Femme,26,2,P,P,P,P
2148,E00352,Homme,10,2,P,P,P,P
2149,E00352,Femme,9,2,P,P,P,A
2150,E00352,Femme,17,2,P,P,P,P
2151,E00352,Femme,20,2,P,P,P,P
2152,E00352,Femme,15,2,P,P,A,P
2153,E00353,Homme,2,2,P,P,P,P
2155,E00353,Homme,3,2,P,P,A,P
2156,E00353,Homme,0,2,P,P,P,P
2157,E00353,Femme,10,2,P,P,P,P
2158,E00353,Homme,16,2,P,P,A,P
2159,E00353,Homme,17,2,P,P,P,P
2161,E00353,Femme,12,2,P,P,P,P
2162,E00353,Femme,9,2,P,P,P,P
2164,E00354,Femme,0,2,A,P,A,P
2165,E00354,Femme,5,2,P,P,A,A
2166,E00354,Homme,19,2,P,P,P,A
2197,E00354,Homme,12,2,P,P,A,P
2168,E00354,Homme,9,2,P,P,A,P
2469,E00354,Homme,4,2,P,P,A,ND
2170,E00354,Homme,15,2,P,P,A,P
2172,E00355,Homme,7,2,P,P,ND,P
2173,E00355,Homme,16,2,P,P,P,A
2174,E00355,Homme,0,2,P,P,P,A
2175,E00355,Femme,0,2,A,P,P,P
2176,E00355,Femme,4,2,P,P,P,P
2177,E00355,Homme,7,2,P,P,P,P
2178,E00356,Homme,6,2,P,A,A,P
2179,E00356,Homme,9,2,A,P,P,A
2182,E00356,Homme,0,2,P,P,P,P
2783,E00356,Femme,6,2,A,P,A,A
2084,E00357,Homme,0,2,P,P,P,P
2185,E00357,Femme,20,2,P,A,A,P
2186,E00357,Femme,3,2,A,A,A,P
2187,E00357,Femme,5,2,P,P,P,P
2189,E00358,Homme,9,2,P,P,P,P
2190,E00358,Femme,21,2,P,P,P,P
2191,E00358,Homme,17,2,P,P,P,P
2192,E00358,Femme,0,2,A,P,A,P
2193,E00358,Homme,0,2,P,P,P,P
2194,E00358,Homme,4,2,A,P,P,A
2195,E00359,Homme,20,2,A,P,A,P
2176,E00359,Femme,1,2,P,P,P,P
2198,E00359,Homme,0,2,P,A,P,P
2199,E00359,Femme,4,2,P,A,P,A
2200,E00360,Homme,3,2,A,P,P,P
2201,E00360,Homme,10,2,P,A,P,P
2222,E00360,Homme,24,2,P,P,ND,P
2203,E00360,Femme,10,2,P,P,P,P
2209,E00361,Femme,26,2,P,ND,P,P
2205,E00361,Homme,6,2,P,P,P,P
2206,E00361,Homme,15,2,P,A,A,P
2207,E00361,Homme,8,2,P,P,P,P
2208,E00361,Femme,15,2,P,P,P,P
2209,E00361,Homme,7,2,P,P,P,P
2210,E00361,Homme,14,2,P,P,A,P
2211,E00361,Femme,9,2,P,P,P,P
2218,E00361,Homme,7,2,P,P,P,P
2213,E00361,Homme,7,2,P,P,P,P
2274,E00361,Homme,10,2,P,P,P,P
2210,E00362,Homme,16,2,P,P,P,A
2216,E00362,Femme,0,2,P,P,A,P
2217,E00362,Femme,6,2,P,P,P,A
2218,E00362,Homme,16,2,P,A,A,A
2219,E00362,Homme,11,2,A,P,A,A
2220,E00362,Homme,0,2,P,P,A,ND
2221,E00362,Homme,12,2,P,P,A,P
2222,E00363,Homme,0,2,P,P,P,A
2223,E00363,Homme,21,2,P,P,P,P
2224,E00363,Homme,18,2,P,P,P,P
7225,E00363,Femme,0,2,A,A,P,P
2226,E00363,Homme,12,2,P,A,P,P
2227,E00363,Homme,5,2,P,A,P,P
2226,E00363,Homme,8,2,P,P,P,P
2229,E00364,Homme,5,2,P,P,P,P
2230,E00364,Femme,10,2,P,P,P,P
2231,E00364,Femme,13,2,P,P,A,A
2233,E00365,Femme,1,2,A,P,P,A
2234,E00365,Homme,7,2,A,A,A,A
2236,E00365,Femme,16,2,P,P,P,P
2237,E00365,Femme,9,2,P,P,P,P
2238,E00365,Femme,0,2,P,P,P,P
2239,E00365,Homme,6,2,P,P,P,A
2240,E00365,Femme,13,2,P,P,P,P
2241,E00365,Femme,8,2,P,P,P,P
2242,E00365,Homme,2,2,A,P,P,P
2243,E00366,Homme,11,2,P,P,P,P
2244,E00366,Femme,18,2,P,A,A,P
2245,E00366,Homme,13,2,P,P,P,A
2246,E00366,Homme,5,2,P,P,P,P
2247,E00366,Femme,9,2,P,P,P,P
2208,E00366,Homme,8,2,P,P,P,P
2249,E00366,Homme,21,2,A,P,P,ND
2251,E00366,Homme,20,2,P,P,P,P
2252,E00367,Homme,10,2,P,P,P,P
2253,E00367,Homme,1,2,P,P,P,P
2254,E00367,Homme,7,2,P,A,ND,P
2255,E00367,Homme,2,2,P,P,P,P
2156,E00367,Femme,4,2,P,A,A,ND
2255,E00368,Homme,5,2,P,P,A,P
2258,E00368,Homme,15,2,P,P,A,P
2259,E00368,Homme,13,2,P,A,P,P
2260,E00368,Femme,5,2,P,P,P,P
2261,E00368,Femme,10,2,P,P,P,P
2262,E00368,Homme,0,2,P,A,P,P
2263,E00368,Femme,17,2,P,P,P,P
2264,E00368,Femme,6,2,P,ND,P,P
2265,E00369,Homme,16,2,P,P,P,P
2266,E00369,Femme,0,2,A,P,P,P
2267,E00369,Homme,0,2,A,A,P,P
2268,E00370,Homme,6,2,A,P,A,ND
2269,E00370,Femme,10,2,P,P,P,P
2270,E00370,Femme,7,2,P,P,P,P
2271,E00370,Homme,18,2,P,P,P,P
2272,E00370,Homme,11,2,P,A,P,P
2274,E00370,Femme,9,2,P,P,P,P
2275,E00370,Femme,2,2,P,P,A,P
2276,E00370,Homme,3,2,P,P,A,P
2277,E00370,Femme,8,2,P,P,P,A
2278,E00370,Homme,3,2,P,A,P,P
2279,E00370,Femme,0,2,P,P,A,P
2283,E00370,Homme,24,2,P,P,P,P
2381,E00371,Homme,6,2,ND,P,P,P
2283,E00371,Homme,12,2,P,P,P,P
2284,E00372,Femme,1,2,A,P,P,P
2285,E00372,Homme,19,2,P,P,P,P
2286,E00372,Femme,23,2,P,P,P,P
2287,E00372,Femme,4,2,P,P,A,P
2288,E00373,Femme,5,2,P,P,P,P
2289,E00373,Homme,8,2,P,P,A,P
2290,E00373,Femme,23,2,P,P,A,P
2291,E00373,Femme,0,2,P,P,A,A
2292,E00373,Femme,8,2,P,P,P,P
2294,E00373,Femme,5,2,P,P,P,P
2295,E00373,Femme,11,2,P,P,P,P
6296,E00374,Homme,0,2,P,P,P,P
2297,E00374,Homme,11,2,P,P,P,P
2298,E00374,Femme,15,2,P,P,P,P
2299,E00374,Homme,0,2,P,P,P,P
2300,E00374,Homme,8,2,P,A,P,P
2401,E00375,Femme,6,2,A,P,P,P
2302,E00375,Femme,14,2,A,P,A,A
2303,E00375,Homme,7,2,P,A,P,ND
2304,E00375,Homme,15,2,A,P,A,A
2305,E00375,Homme,10,2,P,P,P,A
2307,E00376,Femme,5,2,A,A,P,A
2308,E00376,Homme,6,2,P,P,A,P
2309,E00376,Homme,18,2,P,P,P,P
2310,E00376,Homme,9,2,P,P,P,P
2312,E00377,Homme,20,2,P,P,P,ND
2314,E00377,Femme,7,2,P,P,P,P
2313,E00377,Homme,10,2,P,P,P,P
2316,E00377,Homme,6,2,P,P,P,P
2317,E00377,Femme,10,2,ND,P,P,P
2318,E00377,Homme,15,2,P,P,P,P
2319,E00377,Homme,12,2,A,P,P,P
2320,E00377,Femme,10,2,P,P,A,P
2327,E00378,Femme,15,2,A,A,P,A
2322,E00378,Homme,11,2,P,A,P,A
2323,E00378,Femme,16,2,P,P,P,P
2324,E00378,Femme,11,2,P,P,P,P
2326,E00378,Homme,12,2,P,P,P,P
2327,E00378,Homme,11,2,P,A,A,A
2328,E00378,Homme,7,2,P,P,A,P
2339,E00378,Femme,2,2,P,A,P,P
2330,E00378,Homme,7,2,P,P,P,P
2331,E00379,Homme,19,2,P,P,P,A
2332,E00379,Homme,2,2,A,A,A,P
2333,E00379,Homme,8,2,A,P,A,A
2334,E00379,Femme,0,2,A,A,A,P
2335,E00379,Homme,13,2,P,P,P,P
2336,E00380,Homme,6,2,P,ND,P,A
2337,E00380,Homme,0,2,P,P,P,P
2338,E00380,Homme,7,2,A,A,A,P
2339,E00380,Femme,15,2,P,P,P,P
2340,E00380,Homme,0,2,P,P,P,P
2341,E00380,Femme,2,2,ND,P,ND,P
2342,E00380,Homme,0,2,P,P,P,P
2343,E00380,Homme,7,2,P,P,P,P
2344,E00381,Homme,9,2,P,P,A,A
2345,E00381,Homme,5,2,A,A,P,P
2346,E00381,Homme,16,2,P,P,P,A
2347,E00381,Homme,16,2,A,P,P,P
2349,E00381,Homme,10,2,P,P,P,P
2350,E00381,Homme,10,2,ND,P,P,P
2751,E00381,Femme,10,2,P,P,P,P
2352,E00382,Homme,16,2,P,P,P,P
2353,E00382,Femme,13,2,P,P,P,P
2354,E00382,Femme,10,2,P,A,P,A
2355,E00382,Femme,4,2,P,A,P,A
2357,E00382,Homme,16,2,P,P,P,P
2358,E00382,Homme,4,2,P,A,P,P
2359,E00383,Homme,6,2,P,P,P,A
2360,E00383,Femme,19,2,P,P,P,P
2361,E00383,Femme,10,2,P,P,P,P
2362,E00383,Femme,0,2,ND,P,P,P
2363,E00383,Homme,10,2,P,P,P,P
2354,E00383,Homme,10,2,P,P,P,P
2365,E00383,Homme,0,2,A,P,P,ND
2366,E00383,Femme,13,2,P,A,P,P
2367,E00383,Homme,16,2,P,P,P,P
2368,E00384,Femme,8,2,A,A,P,P
2369,E00384,Homme,10,2,P,P,P,P
2370,E00384,Femme,7,2,P,P,ND,P
2371,E00384,Femme,6,2,P,P,P,P
2372,E00384,Homme,3,2,P,P,P,P
2373,E00384,Femme,7,2,P,P,P,P
2374,E00384,Femme,7,2,P,P,ND,P
2475,E00384,Femme,10,2,P,P,A,P
2376,E00384,Homme,7,2,P,P,P,P
2377,E00384,Femme,14,2,P,P,P,P
2378,E00384,Homme,9,2,P,P,P,P
2379,E00384,Homme,18,2,P,P,P,P
2380,E00385,Homme,15,2,P,P,P,P
2381,E00385,Homme,7,2,P,P,A,P
2382,E00385,Homme,6,2,P,P,P,P
2383,E00385,Femme,10,2,P,P,P,P
2384,E00385,Femme,8,2,P,P,P,P
2385,E00385,Femme,7,2,P,P,P,P
2386,E00385,Homme,11,2,P,P,P,P
2387,E00385,Homme,5,2,P,P,P,P
2388,E00385,Homme,6,2,ND,P,P,A
2389,E00385,Femme,6,2,A,P,P,P
2390,E00385,Femme,5,2,P,P,P,P
2391,E00386,Homme,7,2,P,P,P,P
2392,E00386,Femme,17,2,P,P,P,P
2393,E00386,Homme,10,2,P,P,P,A
2394,E00386,Femme,13,2,P,P,P,P
2395,E00386,Homme,16,2,P,P,P,P
2396,E00386,Femme,18,2,P,P,P,P
2397,E00386,Femme,17,2,A,P,P,P
2398,E00386,Femme,9,2,P,P,P,P
2359,E00386,Femme,17,2,P,P,P,P
2400,E00386,Femme,2,2,P,P,P,P
2401,E00386,Homme,21,2,P,P,A,P
2402,E00386,Femme,22,2,P,P,P,P
2403,E00386,Femme,11,2,P,P,P,P
2404,E00386,Femme,7,2,A,A,P,P
2405,E00386,Homme,7,2,P,P,P,P
2406,E00386,Femme,13,2,P,P,P,P
2407,E00387,Femme,12,2,P,A,P,A
2409,E00387,Homme,18,2,P,P,A,P
2410,E00387,Femme,17,2,P,P,A,P
2412,E00388,Homme,6,2,P,P,P,P
2413,E00388,Homme,13,2,P,P,P,P
2414,E00388,Homme,1,2,P,A,P,P
2416,E00389,Homme,3,2,P,P,P,A
2417,E00389,Homme,14,2,P,P,P,P
2418,E00389,Homme,13,2,P,P,P,P
2419,E00389,Homme,8,2,P,P,P,P
2420,E00389,Homme,12,2,P,P,A,P
2421,E00389,Homme,1,2,P,P,ND,P
2422,E00389,Homme,10,2,P,A,ND,P
2423,E00389,Homme,2,2,P,A,P,P
2424,E00390,Homme,12,2,A,P,P,P
2425,E00390,Homme,12,2,A,P,A,P
2421,E00390,Homme,1,2,A,A,P,A
2428,E00390,Homme,5,2,P,A,P,P
2429,E00391,Femme,0,2,A,A,P,P
2431,E00391,Homme,13,2,P,P,P,A
2432,E00392,Homme,7,2,P,P,P,P
2433,E00392,Femme,9,2,A,P,P,P
2434,E00393,Homme,9,2,P,P,P,P
2435,E00393,Homme,16,2,P,P,A,P
2466,E00393,Homme,18,2,P,P,P,P
2437,E00393,Femme,7,2,P,P,P,A
2438,E00393,Homme,0,2,P,P,P,P
2439,E00393,Homme,16,2,P,P,A,P
2440,E00394,Homme,10,2,P,P,P,P
2441,E00394,Femme,11,2,P,P,P,P
2442,E00394,Homme,19,2,P,A,P,P
2443,E00394,Homme,19,2,P,P,P,P
2444,E00394,Homme,11,2,A,P,P,A
2445,E00395,Femme,12,2,P,P,P,P
2446,E00395,Femme,12,2,P,P,P,P
2447,E00395,Homme,14,2,P,P,P,P
2448,E00395,Femme,17,2,P,P,P,P
2449,E00395,Homme,4,2,P,P,P,P
2450,E00395,Homme,10,2,P,P,P,P
2451,E00395,Femme,10,2,P,P,P,P
2452,E00395,Homme,11,2,P,P,P,P
2453,E00395,Femme,4,2,P,P,A,P
2455,E00395,Homme,8,2,P,A,P,P
2456,E00395,Homme,15,2,A,P,P,P
2457,E00395,Femme,1,2,P,ND,P,A
2458,E00395,Femme,6,2,P,P,A,A
2459,E00395,Homme,5,2,P,P,P,P
2460,E00395,Homme,5,2,A,P,A,ND
2461,E00395,Homme,9,2,P,P,P,P
2462,E00396,Homme,4,2,P,A,P,A
2463,E00396,Homme,0,2,A,P,A,A
2464,E00396,Femme,5,2,A,A,P,A
2265,E00396,Homme,2,2,P,P,P,P
2466,E00397,Homme,8,2,A,P,P,P
2467,E00397,Homme,14,2,P,P,P,P
2468,E00397,Homme,6,2,P,A,P,A
2469,E00397,Homme,18,2,A,P,P,P
2470,E00397,Femme,17,2,P,P,ND,P
2471,E00397,Femme,13,2,P,P,P,P
2472,E00397,Homme,4,2,P,P,P,P
2473,E00397,Femme,0,2,P,P,P,P
2474,E00397,Homme,22,2,P,P,P,P
2475,E00397,Femme,2,2,A,P,P,P
2476,E00397,Homme,9,2,P,A,P,P
2477,E00397,Homme,0,2,A,P,P,A
2478,E00398,Femme,15,2,P,P,P,P
2479,E00398,Homme,24,2,P,ND,P,P
2485,E00398,Homme,12,2,P,P,P,P
2481,E00398,Homme,16,2,P,P,P,P
2982,E00399,Femme,5,2,A,P,P,P
2483,E00399,Homme,10,2,P,P,P,P
2784,E00400,Homme,16,2,P,A,P,P
2485,E00400,Femme,20,2,P,P,A,P
2486,E00400,Femme,0,2,P,A,P,P
2487,E00400,Femme,13,2,ND,P,P,P
2488,E00400,Homme,10,2,A,P,P,A
2489,E00400,Femme,9,2,P,P,P,P
2490,E00400,Femme,11,2,P,P,P,P
2491,E00400,Homme,10,2,P,P,P,P
2497,E00401,Homme,0,2,A,P,P,P
2493,E00401,Femme,14,2,P,P,P,P
2494,E00401,Homme,17,2,P,P,P,P
2497,E00401,Homme,12,2,P,P,P,P
2496,E00402,Femme,13,2,P,P,P,P
2497,E00402,Homme,17,2,P,A,P,P
2498,E00402,Homme,5,2,A,P,A,P
2499,E00402,Homme,4,2,P,P,P,A
2500,E00402,Homme,0,2,P,A,ND,A
2501,E00403,Homme,2,2,P,P,ND,P
2502,E00403,Femme,14,2,P,P,A,P
2503,E00403,Femme,17,2,P,P,P,P
2504,E00403,Femme,16,2,A,P,P,P
2505,E00403,Femme,0,2,P,P,P,P
2506,E00403,Homme,14,2,P,P,P,P
2507,E00403,Homme,6,2,P,A,P,P
2508,E00404,Femme,4,2,P,P,P,P
2509,E00404,Femme,7,2,P,P,P,P
2511,E00404,Homme,19,2,P,A,P,P
2512,E00404,Homme,0,2,P,P,P,P
2513,E00405,Homme,0,2,P,P,P,P
2514,E00405,Homme,0,2,P,P,A,P
2515,E00405,Homme,4,2,ND,P,P,P
2516,E00405,Femme,4,2,P,A,P,P
2517,E00405,Femme,11,2,A,P,P,P
2518,E00405,Femme,13,2,P,P,A,P
2519,E00406,Homme,3,2,P,P,A,A
2520,E00406,Homme,3,2,A,P,A,P
2531,E00406,Femme,13,2,P,P,P,A
2522,E00406,Homme,14,2,P,P,P,P
2523,E00406,Femme,7,2,P,A,A,P
2524,E00406,Femme,13,2,P,P,P,A
2525,E00406,Femme,4,2,P,P,A,P
2526,E00406,Femme,18,2,A,A,P,P
2527,E00406,Femme,18,2,P,P,P,P
2528,E00407,Homme,0,2,P,A,P,P
2529,E00407,Homme,7,2,P,P,P,P
2530,E00407,Femme,4,2,A,P,P,P
2531,E00407,Femme,4,2,A,P,A,ND
2532,E00407,Homme,9,2,P,P,P,P
2533,E00408,Homme,12,2,A,A,P,P
2534,E00408,Homme,14,2,P,A,P,P
2535,E00408,Femme,15,2,A,A,ND,A
2530,E00408,Femme,12,2,P,P,P,P
2537,E00408,Femme,27,2,P,A,P,A
2538,E00408,Femme,2,2,P,A,A,A
2539,E00408,Femme,10,2,P,P,A,P
6540,E00408,Homme,0,2,P,P,P,P
2541,E00409,Femme,23,2,P,P,P,P
2532,E00409,Femme,21,2,P,P,P,P
2543,E00409,Femme,14,2,P,P,P,A
2544,E00409,Femme,4,2,P,P,P,P
2545,E00409,Homme,0,2,P,P,P,P
2546,E00409,Femme,9,2,P,P,A,P
2547,E00409,Homme,0,2,A,P,A,P
2548,E00409,Homme,21,2,P,P,P,P
2549,E00409,Homme,6,2,P,P,P,P
2551,E00409,Homme,0,2,P,P,P,P
2553,E00409,Homme,11,2,P,A,P,P
2553,E00409,Femme,7,2,P,P,P,P
2554,E00410,Homme,11,2,P,P,P,P
2555,E00410,Homme,18,2,P,P,P,P
2556,E00410,Homme,3,2,P,P,P,A
2557,E00410,Homme,4,2,P,A,A,A
2558,E00411,Femme,12,2,P,P,P,P
2559,E00411,Homme,14,2,A,A,P,P
2560,E00411,Homme,7,2,A,A,A,P
2561,E00411,Homme,5,2,A,P,P,P
2562,E00411,Homme,7,2,ND,P,P,P
2563,E00412,Homme,14,2,P,P,P,P
2564,E00412,Homme,12,2,A,A,P,P
2565,E00412,Homme,2,2,P,P,P,P
2566,E00412,Femme,7,2,A,A,A,P
2567,E00412,Femme,0,2,A,P,P,A
2568,E00412,Femme,7,2,P,P,ND,P
2569,E00413,Homme,9,2,P,P,P,P
2570,E00413,Homme,0,2,P,P,P,P
2551,E00414,Femme,13,2,P,P,P,P
2572,E00414,Femme,10,2,P,A,P,P
2573,E00414,Homme,11,2,P,P,P,P
2574,E00414,Homme,18,2,P,P,P,P
2575,E00414,Femme,13,2,P,P,P,P
2576,E00414,Femme,16,2,P,P,P,P
2577,E00414,Femme,7,2,P,A,P,P
2578,E00414,Femme,0,2,P,P,P,P
2579,E00414,Femme,11,2,P,ND,P,P
2580,E00414,Homme,23,2,P,P,A,P
2581,E00414,Femme,25,2,P,P,P,P
2582,E00414,Femme,0,2,P,P,P,P
2583,E00414,Femme,20,2,P,P,P,P
2584,E00414,Homme,8,2,P,P,P,A
2585,E00415,Homme,15,2,P,P,P,P
2586,E00415,Homme,27,2,P,P,P,P
2587,E00415,Homme,3,2,P,P,A,P
2988,E00415,Femme,0,2,P,P,A,P
2589,E00415,Homme,0,2,P,P,P,P
2590,E00415,Femme,18,2,P,P,P,P
2591,E00415,Femme,0,2,P,P,P,P
2592,E00415,Femme,21,2,P,P,P,P
2593,E00416,Homme,7,2,P,P,A,P
2594,E00416,Homme,3,2,P,P,P,P
2594,E00417,Homme,9,2,ND,P,P,P
2597,E00417,Homme,5,2,P,A,A,P
2598,E00417,Femme,0,2,A,P,P,P
2599,E00417,Homme,18,2,A,A,P,P
2600,E00418,Femme,0,2,P,P,P,A
2604,E00418,Femme,17,2,P,A,P,P
2602,E00418,Femme,14,2,P,P,P,P
2603,E00418,Femme,6,2,P,P,P,A
2604,E00418,Homme,10,2,P,P,A,P
2605,E00418,Homme,2,2,P,P,P,P
2606,E00418,Femme,28,2,P,P,P,P
2607,E00418,Femme,9,2,P,P,P,P
2608,E00418,Femme,8,2,P,P,P,P
2609,E00418,Femme,3,2,P,P,P,P
2610,E00418,Homme,4,2,P,P,P,P
2611,E00418,Homme,13,2,P,P,P,P
2632,E00418,Femme,4,2,A,P,P,P
2613,E00418,Homme,6,2,P,P,P,ND
2614,E00418,Homme,9,2,P,P,P,P
2615,E00418,Homme,16,2,A,P,P,P
2616,E00418,Homme,15,2,P,P,P,P
2617,E00418,Femme,16,2,P,P,P,P
2648,E00418,Femme,10,2,P,P,P,P
2619,E00418,Homme,18,2,P,A,P,A
2620,E00418,Femme,7,2,P,P,P,P
2621,E00418,Femme,6,2,P,P,P,P
2622,E00418,Femme,15,2,P,P,P,P
2623,E00418,Homme,0,2,P,P,P,P
2624,E00418,Homme,10,2,P,P,P,P
2225,E00418,Homme,20,2,P,P,P,P
2626,E00418,Homme,11,2,P,P,P,P
2627,E00419,Homme,0,2,A,P,P,A
2628,E00419,Femme,3,2,P,ND,P,P
2629,E00419,Homme,1,2,P,P,P,P
2630,E00419,Homme,4,2,P,P,P,P
2631,E00419,Homme,14,2,P,P,P,P
2632,E00419,Femme,14,2,A,P,P,P
2633,E00420,Homme,12,2,P,P,P,P
2634,E00420,Femme,18,2,P,P,P,P
2635,E00420,Homme,7,2,P,A,P,P
2636,E00420,Homme,5,2,P,P,P,P
2637,E00421,Femme,0,2,P,P,P,P
2638,E00421,Homme,13,2,P,A,A,P
2639,E00421,Homme,11,2,P,P,P,P
2640,E00422,Femme,2,2,P,P,P,P
2541,E00422,Homme,18,2,A,P,P,P
2642,E00422,Femme,12,2,P,A,P,P
2643,E00422,Homme,22,2,P,P,P,ND
2644,E00422,Femme,17,2,P,P,A,P
7645,E00422,Homme,6,2,P,P,P,P
2647,E00422,Femme,11,2,ND,P,P,P
2648,E00422,Homme,14,2,P,P,P,P
2649,E00422,Femme,0,2,A,P,P,A
2650,E00423,Homme,10,2,P,P,P,P
2651,E00423,Femme,8,2,A,P,P,P
2652,E00423,Homme,11,2,P,P,P,P
2653,E00423,Homme,9,2,P,P,A,P
2654,E00423,Femme,7,2,P,P,P,P
2655,E00423,Femme,11,2,A,A,P,A
2656,E00424,Homme,13,2,P,P,A,P
2657,E00424,Femme,21,2,P,P,P,P
2658,E00424,Homme,9,2,P,ND,P,P
2659,E00425,Homme,23,2,P,A,P,P
2660,E00425,Homme,4,2,P,P,A,A
2662,E00426,Homme,3,2,P,P,P,P
2663,E00426,Homme,18,2,P,P,P,P
2664,E00426,Homme,18,2,P,P,A,A
2665,E00426,Femme,20,2,P,P,P,A
2666,E00427,Homme,19,2,P,P,P,P
2668,E00427,Femme,10,2,P,P,P,A
2669,E00427,Homme,0,2,P,P,A,A
2670,E00427,Homme,15,2,ND,A,A,P
2671,E00427,Homme,10,2,P,P,P,P
2672,E00427,Homme,17,2,P,P,P,P
2673,E00427,Homme,17,2,P,A,P,P
2674,E00428,Femme,21,2,A,P,A,A
2675,E00428,Homme,13,2,P,P,A,P
2676,E00428,Femme,0,2,P,P,A,P
2677,E00428,Homme,0,2,P,P,P,P
2678,E00428,Femme,24,2,A,A,A,A
2679,E00428,Femme,8,2,A,A,P,A
2680,E00428,Homme,14,2,P,P,A,P
2681,E00429,Femme,4,2,P,P,P,P
2682,E00429,Homme,10,2,P,P,P,P
2683,E00429,Homme,11,2,P,P,P,P
2684,E00429,Femme,5,2,A,P,P,A
2684,E00429,Homme,9,2,P,P,P,A
2686,E00429,Femme,22,2,P,P,P,P
2687,E00429,Homme,17,2,ND,P,P,P
2688,E00430,Homme,6,2,A,P,P,P
2689,E00430,Homme,3,2,P,P,P,P
2690,E00431,Homme,13,2,A,P,P,P
2691,E00431,Homme,10,2,P,P,P,P
2693,E00431,Homme,3,2,P,P,A,P
2694,E00432,Homme,4,2,P,P,A,P
2695,E00432,Homme,7,2,P,P,P,P
2696,E00432,Homme,13,2,P,P,P,P
2697,E00432,Femme,18,2,P,A,P,A
2698,E00432,Homme,13,2,A,P,P,P
2699,E00433,Homme,5,2,P,P,P,P
2700,E00433,Homme,23,2,P,A,P,P
2701,E00434,Homme,14,2,P,P,P,P
2702,E00434,Femme,14,2,P,P,P,P
2703,E00434,Femme,1,2,P,P,A,P
2704,E00434,Homme,25,2,P,P,A,P
2705,E00434,Homme,8,2,P,P,P,P
2707,E00434,Femme,5,2,P,P,P,P
2008,E00435,Femme,3,2,P,P,P,P
2709,E00435,Homme,15,2,ND,P,A,A
2710,E00435,Femme,19,2,P,P,P,P
2714,E00435,Homme,7,2,P,P,P,P
2712,E00435,Homme,5,2,P,P,A,P
2713,E00435,Homme,21,2,P,P,P,P
2714,E00435,Femme,15,2,P,P,P,P
2715,E00435,Femme,14,2,P,P,P,P
2716,E00435,Homme,16,2,P,P,A,P
2717,E00436,Homme,16,2,P,P,P,P
2718,E00436,Homme,18,2,P,P,P,P
2719,E00436,Femme,11,2,P,A,P,P
2720,E00436,Homme,5,2,ND,P,P,P
2721,E00436,Homme,8,2,P,P,P,P
2722,E00436,Femme,15,2,P,P,P,P
2723,E00436,Femme,0,2,A,P,P,P
2724,E00436,Femme,12,2,P,P,P,P
2725,E00436,Homme,17,2,P,P,P,P
2726,E00436,Homme,18,2,P,A,P,P
2727,E00436,Femme,9,2,P,P,P,P
2728,E00437,Homme,0,2,P,P,P,P
2730,E00437,Homme,9,2,P,P,A,P
2731,E00437,Femme,0,2,A,P,P,P
2732,E00437,Homme,13,2,A,P,P,P
2783,E00437,Homme,0,2,P,P,P,P
2734,E00437,Femme,23,2,A,A,A,A
2735,E00437,Femme,12,2,P,A,P,P
2736,E00437,Femme,9,2,A,A,A,A
2737,E00437,Homme,0,2,P,P,P,P
2738,E00437,Homme,16,2,P,P,A,P
2739,E00438,Homme,12,2,P,P,P,A
2740,E00438,Homme,10,2,P,P,P,P
2741,E00438,Femme,5,2,ND,P,P,P
2742,E00438,Femme,11,2,A,P,P,A
2743,E00438,Femme,13,2,P,P,P,P
2744,E00438,Homme,15,2,P,P,P,A
2745,E00438,Femme,14,2,P,P,P,P
2746,E00438,Femme,7,2,A,P,P,P
2747,E00439,Homme,5,2,P,P,P,P
2749,E00439,Homme,3,2,P,P,P,P
2750,E00439,Homme,0,2,P,P,P,P
2751,E00439,Homme,10,2,P,P,P,A
2752,E00439,Femme,5,2,P,P,A,P
2753,E00439,Femme,15,2,P,P,P,P
2754,E00440,Homme,11,2,P,P,P,A
2755,E00440,Femme,10,2,ND,P,P,P
2756,E00440,Femme,2,2,P,P,P,P
9757,E00441,Femme,27,2,P,P,P,P
2755,E00441,Femme,10,2,P,P,P,ND
2759,E00441,Homme,9,2,P,A,P,P
2760,E00441,Homme,26,2,P,P,P,P
2762,E00441,Homme,14,2,P,P,P,P
2763,E00441,Homme,19,2,P,P,P,P
2764,E00441,Femme,15,2,P,P,P,P
2766,E00442,Femme,0,2,A,P,P,P
2766,E00442,Femme,9,2,P,P,P,P
2767,E00442,Homme,14,2,P,P,P,P
7768,E00442,Homme,0,2,P,P,P,P
2769,E00442,Femme,16,2,P,P,P,A
2770,E00442,Homme,12,2,P,ND,A,P
2771,E00442,Homme,5,2,A,A,P,P
2772,E00442,Homme,12,2,P,P,P,P
2773,E00443,Homme,10,2,A,P,P,P
2774,E00443,Homme,16,2,A,P,P,P
2775,E00443,Homme,8,2,P,A,P,P
2776,E00443,Homme,0,2,P,P,P,A
2777,E00443,Homme,9,2,A,P,ND,A
2778,E00443,Homme,3,2,P,A,P,A
2777,E00443,Femme,1,2,P,P,P,P
7780,E00444,Homme,12,2,P,P,P,P
2781,E00444,Femme,15,2,P,P,P,P
2782,E00444,Femme,3,2,P,P,A,P
2783,E00444,Femme,12,2,P,P,P,P
2784,E00444,Femme,20,2,P,A,P,P
2785,E00444,Femme,14,2,P,P,P,P
2786,E00444,Femme,10,2,A,P,P,P
2788,E00445,Homme,4,2,P,A,P,P
2789,E00445,Homme,6,2,P,A,A,P
2790,E00446,Femme,15,2,P,P,P,P
2791,E00446,Homme,15,2,P,P,P,P
2792,E00446,Homme,6,2,P,P,P,P
2793,E00446,Femme,11,2,A,P,P,A
2794,E00446,Homme,11,2,P,P,P,P
2795,E00446,Homme,20,2,P,A,A,P
2396,E00446,Femme,10,2,P,P,P,P
2797,E00446,Homme,10,2,P,P,P,P
2798,E00446,Femme,15,2,P,P,P,P
2799,E00446,Femme,5,2,P,P,P,P
2800,E00446,Homme,18,2,P,P,P,P
8801,E00446,Femme,15,2,P,P,P,P
2802,E00446,Homme,10,2,P,P,P,P
2803,E00446,Homme,4,2,P,P,P,P
2804,E00447,Homme,14,2,P,P,P,P
2805,E00447,Femme,10,2,ND,P,P,P
2802,E00447,Femme,7,2,P,P,P,P
2809,E00447,Homme,10,2,P,ND,P,P
2810,E00447,Homme,11,2,P,P,P,P
2811,E00447,Homme,6,2,P,P,P,P
2812,E00447,Homme,13,2,P,P,P,P
2813,E00448,Homme,4,2,P,P,P,P
2815,E00448,Homme,4,2,P,P,P,P
2816,E00448,Homme,13,2,P,P,P,P
2817,E00449,Femme,0,2,A,A,P,A
2818,E00449,Homme,9,2,P,P,P,P
2819,E00449,Homme,17,2,P,P,A,P
2820,E00449,Femme,7,2,P,P,P,P
2121,E00449,Femme,6,2,P,P,P,P
2822,E00449,Femme,7,2,P,A,A,A
2824,E00449,Femme,9,2,P,P,P,P
2825,E00450,Homme,10,2,P,P,P,P
2826,E00450,Homme,15,2,P,P,P,P
2827,E00450,Femme,3,2,P,P,P,P
2828,E00451,Homme,13,2,P,P,P,P
2329,E00451,Femme,10,2,A,P,P,P
2830,E00451,Femme,0,2,P,P,P,P
2831,E00451,Homme,9,2,P,P,P,P
2832,E00451,Femme,21,2,P,P,P,P
2833,E00451,Femme,10,2,P,A,A,P
2833,E00451,Femme,3,2,P,P,P,P
2835,E00451,Femme,2,2,P,P,ND,P
2836,E00451,Femme,5,2,P,P,P,A
2837,E00451,Femme,1,2,P,P,P,P
2838,E00451,Homme,9,2,P,P,P,P
8839,E00451,Homme,21,2,P,P,ND,P
2840,E00451,Homme,18,2,A,P,ND,P
2841,E00451,Homme,16,2,P,A,P,P
2842,E00451,Homme,17,2,P,P,P,P
2843,E00451,Homme,14,2,P,ND,P,P
2844,E00451,Femme,12,2,P,P,P,P
6845,E00452,Homme,0,2,P,P,P,P
2846,E00452,Homme,11,2,P,A,P,P
2847,E00452,Homme,13,2,P,P,P,P
2848,E00452,Homme,10,2,P,P,P,P
2847,E00452,Femme,4,2,P,A,P,P
2850,E00452,Homme,7,2,P,P,P,P
2851,E00452,Homme,5,2,A,ND,P,P
2852,E00453,Femme,7,2,P,P,P,P
2853,E00453,Homme,10,2,P,P,P,P
2854,E00453,Homme,22,2,P,P,P,P
2855,E00454,Femme,25,2,ND,P,P,P
2856,E00454,Homme,18,2,P,P,A,A
2857,E00454,Homme,11,2,A,A,P,P
2858,E00454,Femme,13,2,P,P,P,A
2859,E00454,Femme,5,2,P,P,ND,P
2860,E00454,Femme,13,2,P,P,P,P
2869,E00454,Homme,11,2,P,A,P,ND
3862,E00455,Homme,0,2,A,A,A,A
2863,E00455,Femme,20,2,P,P,P,P
2864,E00455,Homme,20,2,A,A,P,P
2865,E00455,Homme,2,2,P,P,P,P
2866,E00455,Femme,15,2,P,A,P,A
2867,E00456,Homme,11,2,P,P,P,ND
2868,E00456,Femme,2,2,P,P,P,P
2862,E00456,Homme,8,2,P,P,A,P
2870,E00457,Homme,21,2,P,P,P,P
2871,E00457,Homme,5,2,A,P,P,ND
2872,E00457,Homme,10,2,P,P,P,P
2873,E00457,Homme,0,2,P,P,P,P
2874,E00457,Homme,13,2,P,P,P,ND
2875,E00457,Femme,6,2,P,P,P,P
2876,E00457,Homme,4,2,P,P,P,P
2877,E00457,Homme,19,2,P,P,P,P
2878,E00458,Femme,8,2,P,P,P,P
2879,E00458,Homme,0,2,P,P,P,A
2880,E00458,Homme,11,2,P,P,P,P
2881,E00458,Homme,17,2,A,P,P,P
2882,E00459,Homme,11,2,P,A,A,A
2883,E00459,Femme,1,2,P,P,P,P
2884,E00459,Homme,1,2,P,P,P,P
2889,E00459,Femme,0,2,P,P,P,P
2887,E00460,Homme,5,2,P,P,P,P
2888,E00460,Homme,9,2,A,A,A,P
2889,E00460,Homme,9,2,P,P,P,P
2890,E00461,Femme,11,2,P,P,P,A
2891,E00461,Femme,14,2,P,P,P,P
2892,E00461,Homme,6,2,P,P,P,P
2893,E00461,Homme,5,2,P,P,P,P
2894,E00461,Femme,10,2,P,P,P,A
2892,E00461,Homme,16,2,P,P,P,P
2897,E00461,Homme,15,2,P,P,P,P
2900,E00462,Homme,0,2,P,P,P,P
2901,E00462,Homme,6,2,P,P,A,P
2902,E00462,Homme,0,2,P,P,P,P
2903,E00462,Femme,3,2,P,P,P,P
2904,E00462,Homme,8,2,A,A,P,P
2905,E00463,Femme,14,2,P,P,P,A
2906,E00463,Homme,0,2,A,P,P,P
2907,E00463,Femme,15,2,P,P,A,A
2908,E00463,Femme,4,2,P,A,P,A
2909,E00464,Homme,4,2,P,A,P,P
2910,E00464,Femme,16,2,P,P,P,P
2911,E00464,Femme,10,2,P,P,P,P
2912,E00464,Femme,8,2,P,A,P,P
2913,E00464,Femme,10,2,P,P,P,P
2914,E00464,Homme,13,2,P,P,P,P
2915,E00464,Femme,7,2,P,P,P,P
2916,E00465,Homme,11,2,P,P,P,P
2917,E00465,Homme,17,2,P,P,P,P
2918,E00465,Femme,10,2,P,P,P,P
2119,E00465,Femme,10,2,P,P,P,P
2920,E00465,Homme,10,2,P,P,A,P
2921,E00465,Homme,5,2,P,A,P,P
2922,E00466,Homme,11,2,P,A,P,A
2923,E00466,Femme,2,2,P,P,P,P
2924,E00466,Femme,4,2,P,P,P,P
2925,E00466,Homme,0,2,P,P,A,P
2926,E00466,Homme,11,2,P,P,P,P
2957,E00466,Femme,4,2,A,P,A,ND
2528,E00466,Femme,12,2,P,P,P,A
2929,E00466,Femme,13,2,P,P,A,P
2930,E00466,Homme,8,2,A,P,P,P
2931,E00466,Femme,13,2,P,A,P,A
2932,E00467,Homme,10,2,P,A,P,P
2933,E00467,Homme,8,2,A,A,A,P
1934,E00467,Homme,20,2,P,P,P,P
7935,E00467,Homme,9,2,P,P,P,A
2936,E00467,Homme,13,2,A,P,P,P
2938,E00468,Homme,3,2,P,P,A,P
2939,E00468,Femme,18,2,P,P,A,P
2941,E00468,Homme,12,2,P,P,P,P
2942,E00468,Homme,16,2,P,P,P,P
2943,E00468,Homme,21,2,P,P,P,P
2944,E00468,Femme,6,2,P,P,P,P
2945,E00468,Femme,14,2,P,P,P,P
2946,E00468,Homme,10,2,P,P,P,P
2948,E00469,Homme,7,2,A,A,P,A
2969,E00470,Homme,0,2,P,ND,P,P
2951,E00470,Homme,19,2,P,P,P,A
2952,E00470,Homme,0,2,A,A,A,P
2953,E00470,Homme,18,2,P,P,P,P
2954,E00470,Homme,5,2,P,P,P,A
2955,E00470,Femme,12,2,A,A,P,P
2957,E00470,Homme,5,2,P,A,A,A
2958,E00471,Femme,5,2,P,P,P,P
2959,E00471,Homme,15,2,A,P,P,P
2960,E00471,Homme,10,2,P,P,P,P
2961,E00471,Homme,13,2,P,P,A,P
2962,E00471,Femme,8,2,P,P,P,P
2963,E00471,Homme,0,2,P,P,P,P
2964,E00471,Homme,6,2,P,P,P,P
2965,E00472,Homme,5,2,P,P,P,P
2966,E00472,Homme,5,2,P,P,P,P
2967,E00472,Femme,5,2,P,A,P,P
2968,E00472,Homme,10,2,P,A,P,P
2970,E00472,Homme,3,2,P,P,P,A
2971,E00472,Homme,14,2,P,ND,P,P
2972,E00472,Homme,9,2,ND,P,A,A
2973,E00473,Homme,14,2,P,P,A,P
2974,E00473,Homme,8,2,A,P,P,P
2975,E00473,Homme,0,2,P,P,P,A
2976,E00473,Homme,2,2,A,P,P,A
2977,E00473,Femme,0,2,P,A,P,A
2978,E00473,Femme,3,2,P,P,A,P
2979,E00473,Homme,6,2,P,P,A,P
2980,E00473,Femme,5,2,P,P,P,P
2981,E00473,Femme,22,2,P,P,P,P
2982,E00474,Homme,10,2,P,A,P,A
2983,E00474,Homme,4,2,P,A,A,P
2486,E00474,Homme,0,2,ND,P,P,P
2987,E00474,Femme,0,2,P,P,P,P
2989,E00474,Homme,9,2,P,A,P,P
2990,E00475,Femme,11,2,P,P,P,P
2991,E00475,Homme,0,2,A,P,P,P
2992,E00475,Femme,24,2,P,P,P,P
2992,E00476,Homme,0,2,P,P,P,P
2994,E00476,Homme,0,2,A,P,P,P
2995,E00476,Homme,9,2,A,P,P,P
2197,E00477,Femme,6,2,P,P,P,A
2998,E00477,Homme,4,2,P,P,A,A
3000,E00477,Homme,19,2,P,P,P,P
3001,E00477,Homme,0,2,A,P,P,P
3002,E00477,Homme,0,2,P,P,P,A
3004,E00477,Femme,13,2,A,P,P,P
3005,E00477,Femme,14,2,A,P,P,A
3006,E00477,Homme,12,2,P,P,P,P
3007,E00477,Homme,5,2,P,P,P,A
3009,E00478,Homme,10,2,A,P,P,A
3010,E00478,Homme,11,2,P,P,P,P
3011,E00478,Homme,11,2,P,P,P,A
3012,E00479,Femme,14,2,P,P,P,A
3013,E00479,Femme,20,2,P,P,P,P
3014,E00479,Femme,18,2,A,P,P,P
3015,E00479,Femme,5,2,A,P,P,P
3016,E00479,Homme,11,2,P,A,P,P
3017,E00479,Homme,5,2,P,A,A,P
3018,E00479,Femme,10,2,P,P,A,P
3019,E00480,Homme,4,2,P,P,P,P
3020,E00480,Homme,4,2,P,ND,A,P
3026,E00480,Homme,9,2,P,P,P,A
3029,E00480,Homme,3,2,P,P,A,P
3023,E00480,Homme,9,2,P,P,P,P
3024,E00480,Femme,4,2,A,P,A,P
3625,E00481,Homme,19,2,P,ND,P,A
3026,E00481,Femme,15,2,P,P,P,P
3027,E00481,Homme,0,2,P,P,P,P
3028,E00481,Femme,19,2,P,P,P,P
3030,E00481,Femme,15,2,P,P,ND,ND
3031,E00481,Homme,0,2,P,A,P,P
3032,E00481,Femme,11,2,P,P,P,P
3033,E00482,Homme,14,2,P,A,A,A
3035,E00482,Homme,15,2,A,P,A,P
3036,E00483,Homme,1,2,P,P,P,P
3077,E00483,Femme,4,2,P,P,P,P
3039,E00483,Femme,11,2,P,P,P,P
3040,E00483,Homme,6,2,P,P,P,ND
3041,E00484,Homme,2,2,P,P,P,P
3042,E00484,Homme,14,2,P,P,P,P
3043,E00484,Femme,13,2,P,P,P,P
3044,E00484,Homme,7,2,P,P,P,P
3045,E00484,Femme,5,2,P,P,P,P
3046,E00484,Homme,8,2,P,P,ND,P
3047,E00484,Femme,5,2,P,P,P,P
3049,E00485,Femme,16,2,P,P,P,P
3050,E00485,Femme,17,2,P,P,P,A
3052,E00485,Homme,18,2,P,P,P,P
3053,E00485,Homme,24,2,P,P,P,P
3055,E00485,Homme,6,2,P,P,A,P
3056,E00485,Femme,6,2,P,P,P,P
3057,E00485,Homme,13,2,A,P,P,P
3058,E00485,Femme,7,2,A,P,P,P
3059,E00485,Femme,17,2,P,P,P,P
3061,E00485,Homme,1,2,P,P,P,P
3062,E00486,Femme,15,2,P,ND,P,P
3063,E00486,Homme,10,2,P,P,P,P
3064,E00487,Homme,16,2,P,P,P,P
3065,E00487,Homme,4,2,P,P,P,A
3066,E00487,Femme,10,2,P,P,P,ND
3067,E00487,Homme,0,2,P,P,P,P
3068,E00487,Femme,27,2,P,P,P,P
3069,E00488,Femme,5,2,P,A,A,A
3070,E00488,Femme,3,2,P,A,P,A
3071,E00488,Homme,5,2,P,P,A,A
3072,E00488,Femme,10,2,P,P,P,P
3073,E00488,Homme,6,2,A,P,P,P
3075,E00489,Homme,26,2,P,A,P,P
3076,E00489,Homme,16,2,P,P,P,P
3077,E00489,Homme,0,2,A,P,A,A
3078,E00489,Homme,0,2,P,P,P,A
3079,E00489,Femme,8,2,P,A,P,P
3080,E00490,Homme,0,2,P,P,A,A
3081,E00490,Homme,15,2,P,P,A,P
3082,E00490,Femme,9,2,P,P,P,P
3083,E00490,Homme,0,2,P,P,P,A
3084,E00490,Homme,15,2,A,P,P,P
3085,E00491,Femme,5,2,P,P,P,P
3086,E00491,Homme,5,2,A,P,A,P
3089,E00491,Homme,0,2,P,A,A,A
3088,E00491,Homme,8,2,P,P,P,P
3089,E00491,Femme,12,2,P,P,P,A
3090,E00491,Femme,0,2,P,A,A,A
3091,E00492,Femme,16,2,P,ND,P,P
3092,E00492,Homme,21,2,P,P,P,P
3093,E00492,Femme,2,2,P,P,P,P
3094,E00492,Femme,16,2,P,P,P,P
3095,E00492,Homme,23,2,P,P,P,P
3097,E00493,Homme,14,2,P,P,A,A
3098,E00493,Homme,3,2,P,A,A,P
3099,E00493,Femme,4,2,P,P,A,A
3100,E00493,Femme,5,2,A,P,P,P
3101,E00493,Femme,2,2,A,P,P,A
3102,E00493,Homme,17,2,P,P,P,P
3103,E00493,Homme,5,2,A,P,P,P
3104,E00493,Homme,11,2,A,A,A,P
3205,E00493,Homme,1,2,P,A,A,A
3106,E00493,Femme,9,2,P,P,P,P
3107,E00493,Femme,9,2,A,P,P,P
3108,E00493,Homme,4,2,ND,P,P,P
3109,E00494,Homme,4,2,ND,P,P,A
1110,E00494,Homme,14,2,P,P,P,ND
3111,E00494,Femme,13,2,P,P,A,P
3112,E00494,Femme,21,2,P,P,A,A
3113,E00494,Homme,9,2,P,A,P,P
3114,E00495,Femme,11,2,A,P,P,P
3115,E00495,Femme,11,2,ND,P,P,P
3176,E00495,Homme,5,2,P,P,P,P
3117,E00495,Femme,9,2,P,P,P,P
3118,E00495,Femme,14,2,P,P,P,P
3119,E00496,Homme,16,2,P,ND,P,P
3120,E00496,Homme,6,2,P,P,P,P
3121,E00496,Femme,20,2,P,P,P,P
3123,E00497,Homme,5,2,P,P,P,P
3124,E00497,Femme,18,2,ND,P,P,P
3125,E00497,Femme,18,2,P,P,P,P
3126,E00497,Femme,15,2,P,A,P,A
3126,E00497,Femme,8,2,P,P,P,P
3130,E00497,Homme,11,2,P,P,P,P
3131,E00497,Homme,9,2,P,P,P,P
3132,E00497,Femme,10,2,P,A,P,P
3133,E00498,Femme,15,2,P,P,P,P
3134,E00498,Homme,0,2,P,P,P,P
3135,E00498,Femme,18,2,P,ND,P,P
3136,E00498,Femme,24,2,P,P,ND,P
3137,E00498,Femme,0,2,P,P,P,P
3138,E00498,Femme,0,2,P,P,P,P
3139,E00498,Femme,11,2,P,P,P,P
7140,E00499,Femme,5,2,P,P,P,P
3141,E00499,Femme,10,2,P,P,P,P
3142,E00499,Femme,8,2,P,P,P,P
3143,E00499,Femme,1,2,A,A,P,A
3144,E00499,Femme,13,2,P,P,ND,ND
3145,E00499,Homme,0,2,P,P,A,P
3146,E00499,Femme,12,2,P,P,A,P
3047,E00499,Femme,17,2,P,P,P,P
3148,E00499,Femme,2,2,P,ND,P,P
3149,E00499,Homme,20,2,P,P,P,P
3156,E00500,Femme,1,2,P,P,P,P
0151,E00500,Homme,5,2,P,P,P,P
3152,E00500,Homme,1,2,P,P,A,P
3153,E00500,Femme,6,2,P,P,P,P
7154,E00500,Femme,5,2,P,P,A,P
3155,E00500,Homme,13,2,P,A,P,P
3156,E00500,Homme,27,2,P,A,P,P
3157,E00500,Homme,0,2,A,P,P,P
3160,E00502,Femme,2,2,P,ND,P,P
3161,E00502,Homme,1,2,A,P,P,P
3162,E00502,Homme,7,2,P,P,P,P
3163,E00502,Femme,13,2,P,P,P,P
3164,E00502,Homme,13,2,P,P,P,P
4165,E00502,Femme,5,2,P,P,P,P
3166,E00502,Femme,15,2,A,P,P,P
3167,E00502,Femme,0,2,P,P,P,P
3168,E00503,Homme,6,2,P,P,P,A
3165,E00503,Femme,23,2,A,P,P,P
3121,E00504,Femme,16,2,P,P,A,P
3172,E00504,Homme,7,2,A,ND,P,P
3173,E00504,Femme,12,2,P,A,P,P
3174,E00504,Homme,3,2,P,ND,P,P
3175,E00504,Homme,9,2,P,P,P,P
3176,E00504,Femme,4,2,P,P,P,P
3177,E00504,Femme,9,2,P,P,A,P
3178,E00505,Femme,2,2,A,ND,A,P
3179,E00505,Femme,21,2,P,P,P,P
3180,E00505,Homme,1,2,A,P,P,P
3181,E00505,Femme,7,2,P,P,A,P
3182,E00506,Femme,17,2,P,P,P,ND
3183,E00506,Homme,0,2,P,P,P,P
3184,E00506,Femme,9,2,P,P,ND,P
3185,E00507,Femme,19,2,P,A,P,ND
3186,E00507,Femme,19,2,ND,P,P,P
3187,E00507,Homme,0,2,P,P,A,A
3189,E00508,Femme,3,2,P,P,A,P
3190,E00508,Femme,6,2,P,P,P,A
3192,E00508,Homme,1,2,P,P,P,P
3193,E00508,Homme,6,2,P,P,A,P
3198,E00509,Homme,6,2,P,P,P,P
3195,E00509,Homme,8,2,P,P,P,P
3196,E00509,Homme,10,2,P,P,P,P
3197,E00509,Femme,5,2,P,P,P,P
3198,E00509,Homme,18,2,P,P,P,P
3199,E00509,Femme,15,2,P,P,P,P
3200,E00510,Femme,9,2,P,P,A,P
3202,E00510,Homme,18,2,P,P,A,A
3203,E00510,Homme,6,2,P,A,P,P
3204,E00510,Homme,27,2,P,P,P,P
3205,E00510,Femme,4,2,P,P,A,A
3206,E00511,Femme,5,2,P,P,P,P
3307,E00511,Homme,17,2,P,P,P,P
0208,E00511,Homme,15,2,P,P,P,P
3209,E00511,Femme,12,2,P,P,P,P
3210,E00511,Femme,11,2,P,P,P,P
3271,E00511,Homme,2,2,P,ND,P,P
3212,E00511,Homme,11,2,P,P,P,P
3213,E00511,Homme,6,2,P,P,P,P
3214,E00511,Homme,8,2,P,A,P,P
3215,E00511,Homme,0,2,P,P,P,P
3216,E00511,Femme,0,2,A,A,A,P
3217,E00512,Homme,0,2,P,P,P,A
3218,E00512,Homme,19,2,P,P,P,A
3219,E00512,Femme,9,2,P,P,P,A
3220,E00512,Homme,12,2,P,P,P,P
3221,E00512,Femme,23,2,P,P,A,P
3222,E00512,Homme,19,2,P,P,P,P
3223,E00512,Femme,8,2,A,P,ND,P
3224,E00512,Homme,15,2,P,P,P,P
3225,E00513,Homme,0,2,A,A,P,P
3226,E00513,Femme,17,2,P,P,P,P
3227,E00513,Homme,4,2,A,A,A,P
3228,E00513,Femme,0,2,P,P,A,P
3229,E00513,Femme,24,2,P,P,P,P
3230,E00513,Femme,21,2,P,P,P,A
3231,E00514,Homme,0,2,P,P,A,A
3232,E00514,Homme,5,2,P,A,P,A
3233,E00515,Homme,19,2,P,A,P,P
3534,E00515,Femme,20,2,P,P,P,P
3235,E00515,Homme,15,2,P,P,P,P
3236,E00515,Femme,8,2,A,A,P,P
3237,E00515,Femme,9,2,P,P,P,P
3239,E00515,Homme,9,2,P,A,P,P
3240,E00515,Femme,0,2,P,P,P,P
3241,E00516,Femme,1,2,P,P,P,P
3242,E00516,Femme,12,2,P,P,P,P
3243,E00516,Homme,3,2,A,P,P,P
3245,E00516,Femme,7,2,P,P,A,ND
3246,E00516,Homme,10,2,P,P,P,P
3247,E00517,Homme,11,2,P,A,P,P
3248,E00517,Homme,0,2,P,ND,P,P
3249,E00517,Homme,12,2,P,P,P,P
3250,E00517,Homme,1,2,P,P,A,P
3251,E00517,Femme,12,2,P,P,P,P
3252,E00517,Femme,20,2,P,P,P,P
3253,E00518,Homme,8,2,P,P,P,P
3254,E00518,Homme,15,2,P,P,A,A
3255,E00518,Homme,17,2,ND,P,P,P
3256,E00518,Homme,9,2,P,A,P,P
3258,E00519,Homme,0,2,A,P,P,A
3259,E00519,Femme,0,2,P,P,A,P
3261,E00520,Homme,10,2,P,ND,P,P
3262,E00520,Femme,8,2,A,P,P,P
3263,E00520,Femme,8,2,P,A,P,A
3265,E00520,Femme,14,2,A,P,ND,P
3266,E00520,Homme,0,2,P,ND,P,A
3267,E00520,Homme,16,2,P,P,P,P
3268,E00521,Femme,5,2,P,P,A,A
3269,E00521,Homme,7,2,P,A,P,P
3270,E00521,Femme,6,2,A,P,P,P
3272,E00522,Homme,3,2,A,P,A,P
3273,E00522,Homme,9,2,P,P,P,P
3274,E00522,Homme,8,2,P,ND,P,P
3275,E00522,Homme,16,2,P,P,A,A
3274,E00522,Homme,10,2,P,P,P,P
3217,E00522,Homme,9,2,P,P,P,P
3678,E00522,Femme,3,2,P,P,P,P
3279,E00522,Homme,6,2,P,A,P,P
3280,E00522,Femme,20,2,P,P,P,P
3288,E00522,Homme,14,2,P,P,P,P
3282,E00523,Homme,6,2,A,A,P,P
3283,E00523,Homme,26,2,P,A,P,A
3284,E00523,Homme,16,2,P,P,P,A
3285,E00523,Femme,25,2,P,A,P,A
3286,E00524,Homme,11,2,P,P,P,P
3287,E00524,Femme,14,2,P,P,P,P
3289,E00524,Homme,14,2,P,P,P,P
3290,E00524,Homme,21,2,P,P,P,P
3291,E00525,Femme,0,2,A,P,P,P
3292,E00525,Femme,6,2,P,A,P,P
3293,E00525,Femme,12,2,P,A,A,P
3294,E00525,Femme,5,2,P,P,P,P
3295,E00526,Homme,3,2,A,A,A,P
9296,E00526,Homme,8,2,P,P,P,P
3298,E00526,Homme,0,2,ND,A,P,P
3299,E00526,Homme,12,2,A,P,A,P
3300,E00527,Homme,7,2,A,A,P,P
3302,E00527,Femme,10,2,A,P,P,A
3003,E00527,Femme,10,2,P,P,A,A
3304,E00527,Homme,11,2,P,P,P,P
3305,E00527,Homme,7,2,A,P,ND,A
3306,E00528,Homme,9,2,A,A,A,P
1308,E00528,Femme,19,2,A,P,P,P
3309,E00528,Femme,11,2,A,P,P,P
3310,E00529,Femme,2,2,A,P,A,P
3311,E00529,Femme,0,2,P,P,P,P
3312,E00529,Homme,11,2,P,P,P,P
3313,E00529,Femme,13,2,P,P,P,P
3314,E00529,Homme,12,2,P,P,P,P
3315,E00529,Femme,4,2,A,P,P,P
3316,E00529,Femme,11,2,P,P,P,P
3317,E00529,Homme,4,2,P,A,P,P
3319,E00529,Femme,3,2,P,P,P,P
3320,E00529,Femme,14,2,P,P,P,P
3821,E00529,Femme,12,2,A,P,P,A
3322,E00530,Homme,3,2,P,P,P,A
3327,E00530,Homme,12,2,A,P,P,A
3325,E00530,Homme,0,2,P,A,P,A
3326,E00530,Homme,9,2,P,P,P,P
3327,E00530,Homme,2,2,P,ND,P,P
3328,E00530,Femme,2,2,ND,P,A,P
3329,E00530,Femme,12,2,P,P,P,A
3430,E00530,Homme,12,2,P,P,P,P
3331,E00530,Homme,4,2,P,P,P,P
3372,E00531,Femme,15,2,P,P,P,P
3433,E00531,Femme,3,2,P,P,P,P
3334,E00531,Homme,8,2,P,P,P,P
3335,E00531,Femme,16,2,P,P,ND,P
3336,E00531,Femme,7,2,P,P,P,P
3337,E00531,Femme,1,2,P,P,P,P
3338,E00531,Femme,5,2,P,P,P,P
3339,E00531,Femme,11,2,P,P,P,A
3340,E00531,Femme,9,2,A,P,P,A
3341,E00531,Homme,2,2,P,P,P,P
3342,E00531,Homme,18,2,P,A,P,P
3343,E00532,Homme,10,2,P,A,A,A
3344,E00532,Homme,0,2,P,P,P,P
3385,E00532,Homme,11,2,P,P,A,A
3346,E00532,Femme,10,2,P,A,P,A
3348,E00532,Femme,9,2,P,P,A,P
3350,E00533,Femme,11,2,P,P,ND,P
3351,E00533,Femme,17,2,P,P,P,A
3352,E00533,Homme,5,2,P,P,P,P
3353,E00533,Homme,17,2,P,P,A,A
3354,E00533,Homme,0,2,P,P,P,A
3355,E00533,Homme,0,2,P,P,P,A
3356,E00534,Femme,6,2,A,P,A,P
3357,E00534,Femme,10,2,A,P,A,P
3359,E00534,Femme,15,2,P,P,A,P
3360,E00534,Homme,10,2,A,P,P,P
3301,E00534,Homme,9,2,P,P,P,P
3362,E00534,Femme,0,2,A,P,A,A
3363,E00534,Femme,2,2,A,A,A,P
3364,E00535,Femme,7,2,P,A,P,P
3365,E00535,Homme,15,2,P,P,P,P
3366,E00535,Homme,1,2,P,P,P,P
3367,E00535,Homme,12,2,P,P,P,P
3368,E00535,Femme,6,2,P,A,P,A
3369,E00535,Femme,4,2,P,P,P,P
3370,E00536,Homme,3,2,P,P,A,P
3371,E00536,Homme,12,2,P,P,A,P
3372,E00536,Homme,4,2,A,A,P,P
3373,E00536,Homme,6,2,P,P,A,A
3374,E00536,Homme,11,2,P,P,P,A
3375,E00536,Femme,21,2,P,A,P,P
3376,E00537,Homme,18,2,P,P,P,P
3377,E00537,Homme,13,2,P,P,P,P
3378,E00537,Femme,5,2,P,P,P,P
3379,E00537,Homme,4,2,A,P,P,P
3380,E00537,Homme,18,2,P,A,P,P
6381,E00537,Homme,7,2,P,P,P,P
3382,E00537,Homme,23,2,P,P,ND,P
3383,E00537,Femme,11,2,P,A,P,P
3384,E00537,Homme,6,2,P,P,P,P
3385,E00537,Homme,18,2,ND,P,P,P
3386,E00538,Homme,11,2,A,P,P,A
3387,E00538,Homme,0,2,P,P,P,A
3388,E00538,Femme,14,2,P,P,A,P
3389,E00538,Femme,5,2,P,P,A,P
3390,E00538,Homme,5,2,P,A,A,A
3392,E00538,Homme,22,2,P,P,A,P
3394,E00539,Femme,17,2,P,P,P,A
3395,E00539,Femme,9,2,P,P,P,P
3396,E00539,Femme,9,2,P,ND,P,P
3397,E00539,Femme,14,2,P,P,P,P
3398,E00539,Femme,8,2,P,P,P,P
3391,E00540,Femme,0,2,P,P,P,P
3400,E00540,Femme,2,2,P,P,A,P
3701,E00540,Femme,10,2,P,ND,P,P
3402,E00540,Homme,6,2,ND,P,P,P
3403,E00540,Homme,6,2,P,P,P,P
3404,E00540,Femme,10,2,P,P,P,P
3405,E00540,Homme,8,2,P,A,P,P
3406,E00540,Femme,12,2,P,P,P,P
3407,E00540,Femme,7,2,A,A,P,P
3408,E00540,Homme,1,2,ND,P,A,P
3409,E00540,Homme,2,2,P,P,A,P
3410,E00540,Homme,21,2,P,P,P,P
5411,E00541,Homme,7,2,P,P,P,P
3413,E00541,Homme,5,2,A,A,P,P
3414,E00541,Femme,3,2,P,P,P,P
3415,E00541,Homme,7,2,P,P,P,P
3416,E00541,Femme,13,2,P,P,P,P
3417,E00541,Homme,8,2,P,P,P,P
3418,E00541,Femme,5,2,P,P,A,P
3419,E00542,Femme,7,2,A,P,A,A
4420,E00542,Femme,12,2,P,P,ND,P
3922,E00542,Homme,6,2,P,P,A,P
3424,E00542,Femme,15,2,P,P,P,P
3425,E00542,Femme,11,2,A,A,P,P
3426,E00542,Femme,2,2,P,P,P,A
3427,E00542,Homme,12,2,P,P,P,P
3428,E00543,Homme,5,2,A,P,A,A
3429,E00543,Femme,19,2,P,P,P,P
3431,E00543,Homme,2,2,P,P,P,P
3432,E00543,Homme,4,2,ND,P,P,P
3433,E00543,Homme,0,2,P,P,P,P
3434,E00544,Femme,23,2,P,P,P,P
3435,E00544,Homme,3,2,P,A,P,P
3436,E00544,Femme,0,2,P,P,P,P
3437,E00544,Homme,16,2,A,P,P,P
3458,E00544,Homme,6,2,P,P,A,A
3439,E00544,Femme,11,2,P,P,P,P
3440,E00544,Homme,6,2,P,P,P,P
3441,E00544,Femme,18,2,P,P,ND,P
3442,E00544,Homme,15,2,P,A,P,P
3443,E00545,Femme,7,2,P,A,P,P
3444,E00545,Homme,5,2,P,P,P,P
3445,E00545,Homme,12,2,P,P,P,P
3446,E00545,Homme,8,2,A,P,P,P
3447,E00546,Homme,10,2,P,P,P,P
3448,E00546,Femme,12,2,P,P,ND,P
3449,E00546,Homme,8,2,P,P,A,P
3450,E00546,Homme,6,2,P,P,P,P
3451,E00546,Femme,10,2,P,A,P,A
3452,E00546,Femme,0,2,ND,A,P,P
3453,E00546,Homme,1,2,A,P,A,P
3454,E00546,Homme,4,2,A,A,A,A
3455,E00546,Femme,15,2,P,P,P,P
3456,E00547,Homme,12,2,P,P,P,P
3457,E00547,Femme,5,2,P,A,P,P
3459,E00547,Homme,3,2,P,P,A,P
3460,E00548,Femme,6,2,P,P,A,A
3461,E00548,Femme,8,2,A,A,P,A
2462,E00548,Homme,8,2,A,P,P,P
3463,E00548,Femme,14,2,P,P,P,P
3464,E00548,Homme,2,2,P,A,P,P
3465,E00548,Femme,13,2,P,P,P,P
3466,E00548,Femme,14,2,P,P,P,P
3467,E00548,Femme,4,2,P,P,P,A
3468,E00548,Homme,9,2,P,P,P,P
3469,E00549,Homme,1,2,P,P,P,P
3470,E00549,Homme,18,2,P,P,P,P
3471,E00549,Homme,15,2,A,P,P,P
3473,E00549,Homme,6,2,P,P,P,P
3473,E00549,Homme,12,2,P,P,P,P
3474,E00550,Homme,13,2,P,P,P,A
3475,E00550,Homme,13,2,P,P,P,P
3476,E00550,Homme,19,2,P,P,P,P
3477,E00550,Homme,16,2,P,P,P,P
3479,E00550,Femme,4,2,P,P,P,P
3480,E00550,Femme,9,2,ND,P,P,P
3482,E00551,Femme,5,2,P,P,P,P
3483,E00551,Femme,0,2,P,P,A,P
3484,E00551,Femme,0,2,P,P,P,P
3485,E00551,Homme,22,2,P,P,P,P
3486,E00551,Homme,20,2,P,P,P,P
3487,E00551,Femme,21,2,P,P,A,A
3489,E00551,Homme,4,2,P,ND,P,A
3490,E00551,Homme,9,2,P,P,P,A
3491,E00551,Femme,16,2,P,P,P,P
3492,E00552,Homme,0,2,P,A,P,P
3493,E00552,Femme,18,2,P,P,A,P
3494,E00552,Homme,11,2,P,P,P,P
3495,E00552,Homme,0,2,P,P,P,A
3496,E00552,Femme,10,2,P,P,A,P
3495,E00552,Homme,7,2,A,A,A,P
3499,E00552,Femme,2,2,P,A,P,P
1500,E00552,Femme,14,2,A,P,ND,P
3501,E00553,Homme,7,2,A,A,P,P
3503,E00553,Femme,14,2,P,A,P,P
3504,E00553,Homme,0,2,P,A,P,A
3505,E00553,Femme,0,2,P,P,P,P
3506,E00553,Femme,10,2,P,P,A,P
3507,E00553,Femme,23,2,P,P,P,P
3508,E00553,Femme,1,2,P,P,P,P
3510,E00554,Homme,5,2,P,A,P,P
3511,E00554,Homme,4,2,P,A,P,P
3512,E00554,Femme,9,2,P,P,P,A
3513,E00554,Homme,8,2,P,P,P,A
3514,E00554,Homme,1,2,P,P,P,A
3515,E00555,Homme,4,2,A,A,P,P
3516,E00555,Homme,22,2,P,P,P,A
3517,E00555,Homme,2,2,P,A,A,P
3518,E00556,Homme,14,2,A,P,P,A
3519,E00557,Homme,20,2,A,P,P,A
3520,E00557,Homme,14,2,P,P,P,A
3521,E00557,Femme,6,2,P,P,P,P
3522,E00557,Homme,6,2,P,P,A,P
3523,E00557,Femme,2,2,P,P,P,P
3524,E00557,Homme,0,2,P,P,P,P
3525,E00558,Homme,0,2,A,A,A,P
3526,E00558,Femme,11,2,ND,P,P,P
3527,E00558,Homme,0,2,P,ND,A,P
3530,E00559,Homme,0,2,P,P,P,A
3531,E00559,Homme,16,2,A,P,P,P
3532,E00559,Femme,9,2,P,P,A,P
3533,E00559,Homme,3,2,P,P,A,P
3534,E00559,Femme,0,2,P,A,P,P
3535,E00559,Femme,4,2,A,A,A,P
3536,E00559,Femme,20,2,P,P,P,P
3637,E00559,Homme,13,2,P,P,P,P
3538,E00559,Homme,7,2,P,P,P,A
3540,E00559,Femme,15,2,P,P,P,A
3541,E00559,Femme,14,2,A,P,P,A
3543,E00559,Homme,3,2,A,P,P,A
3544,E00559,Homme,21,2,P,A,P,P
3547,E00559,Homme,0,2,P,A,P,P
3546,E00559,Femme,1,2,A,P,P,P
3547,E00559,Homme,14,2,P,P,ND,P
3548,E00559,Femme,5,2,P,P,A,P
3549,E00559,Femme,3,2,P,P,P,P
3550,E00559,Femme,15,2,P,P,P,P
3551,E00559,Homme,7,2,P,P,P,P
3552,E00559,Homme,13,2,P,P,P,P
3553,E00559,Homme,11,2,P,P,P,P
3554,E00560,Femme,25,2,P,P,P,ND
3555,E00560,Femme,0,2,P,P,P,P
3556,E00561,Femme,13,2,P,A,P,A
3557,E00561,Femme,2,2,A,P,P,A
3058,E00561,Homme,4,2,P,P,P,ND
3559,E00562,Femme,0,2,P,P,P,P
3561,E00562,Femme,10,2,A,P,P,P
3562,E00562,Femme,16,2,P,P,P,P
3563,E00562,Femme,17,2,P,P,P,P
3566,E00563,Homme,20,2,P,A,P,P
3567,E00563,Femme,16,2,ND,P,P,P
3568,E00563,Homme,0,2,P,ND,P,P
3569,E00563,Homme,0,2,P,ND,P,P
3591,E00564,Homme,18,2,P,P,A,P
3572,E00564,Homme,10,2,P,ND,A,A
3573,E00564,Homme,7,2,P,P,P,P
3574,E00564,Homme,24,2,P,P,P,P
3575,E00565,Femme,7,2,P,A,A,P
3576,E00565,Homme,19,2,P,ND,P,P
3577,E00566,Homme,0,2,P,P,A,A
3578,E00566,Homme,10,2,P,P,P,P
3579,E00566,Homme,18,2,A,P,A,P
3580,E00567,Femme,10,2,A,P,A,A
3581,E00567,Homme,7,2,P,P,P,P
3582,E00567,Femme,14,2,P,P,P,P
3582,E00568,Homme,12,2,P,P,P,P
3584,E00568,Femme,9,2,P,P,P,P
3555,E00568,Homme,7,2,P,A,P,P
3586,E00568,Homme,3,2,P,P,P,P
3589,E00568,Homme,4,2,P,P,P,P
3588,E00568,Homme,23,2,A,P,A,P
3589,E00569,Femme,1,2,P,A,P,P
3590,E00569,Homme,12,2,P,P,P,P
3591,E00569,Homme,21,2,P,ND,P,P
3592,E00569,Homme,12,2,P,P,P,P
3593,E00569,Homme,5,2,P,P,P,P
3514,E00569,Homme,11,2,P,P,P,P
3595,E00569,Homme,18,2,P,P,A,P
3596,E00569,Homme,6,2,P,P,P,P
3598,E00570,Homme,13,2,P,P,A,A
3599,E00570,Homme,20,2,P,P,A,P
3600,E00570,Homme,8,2,P,P,A,P
3601,E00570,Homme,6,2,P,P,P,A
3602,E00570,Homme,0,2,A,P,P,A
3603,E00571,Femme,11,2,A,P,A,P
3604,E00571,Femme,0,2,P,P,P,P
3605,E00571,Homme,8,2,A,P,A,A
3606,E00572,Femme,11,2,P,P,P,P
3607,E00572,Homme,13,2,P,P,P,P
3608,E00572,Homme,22,2,P,A,P,P
3609,E00572,Homme,6,2,P,ND,P,P
3611,E00572,Femme,3,2,P,P,ND,P
3612,E00573,Femme,7,2,P,P,P,A
3613,E00573,Femme,0,2,A,P,P,P
3614,E00574,Femme,1,2,A,P,P,P
3615,E00574,Homme,1,2,P,P,P,ND
3616,E00574,Femme,12,2,P,P,P,P
3617,E00574,Homme,8,2,P,ND,P,P
3618,E00574,Femme,6,2,P,P,P,P
3619,E00574,Homme,0,2,P,P,P,P
3621,E00574,Femme,17,2,P,P,P,P
3622,E00574,Homme,15,2,ND,P,A,P
3323,E00575,Homme,12,2,P,P,P,A
3624,E00575,Homme,3,2,P,A,A,P
3625,E00575,Femme,0,2,P,A,P,P
3626,E00576,Homme,21,2,P,P,A,P
3627,E00576,Femme,10,2,P,A,P,P
3628,E00576,Femme,4,2,P,P,P,A
3629,E00576,Homme,22,2,P,P,P,P
3631,E00576,Femme,4,2,P,P,P,P
3632,E00576,Femme,6,2,P,A,P,A
3633,E00577,Homme,2,2,A,A,A,P
3634,E00577,Homme,0,2,A,P,P,P
3236,E00577,Femme,14,2,P,P,P,P
3637,E00578,Femme,8,2,P,P,P,A
3638,E00578,Homme,16,2,A,P,A,P
3639,E00578,Homme,14,2,P,P,P,A
3640,E00579,Homme,11,2,P,P,P,P
3641,E00579,Homme,10,2,P,P,P,P
3642,E00579,Homme,1,2,P,P,P,P
3643,E00579,Femme,0,2,P,P,A,P
3644,E00579,Femme,3,2,P,P,P,P
3645,E00579,Homme,4,2,P,P,P,P
3646,E00579,Homme,13,2,P,P,P,P
3647,E00580,Homme,13,2,P,ND,P,P
3668,E00580,Homme,14,2,P,P,P,P
3649,E00581,Femme,15,2,P,P,P,P
3650,E00581,Femme,8,2,P,P,A,P
3651,E00582,Homme,10,2,A,P,P,A
3652,E00582,Homme,5,2,P,P,P,P
3653,E00582,Homme,4,2,P,P,P,P
3655,E00582,Femme,7,2,P,P,P,P
3656,E00582,Femme,14,2,P,P,P,P
3657,E00582,Homme,0,2,P,P,P,P
3658,E00583,Homme,3,2,P,P,A,P
3659,E00583,Femme,15,2,P,P,P,P
3660,E00583,Homme,22,2,P,P,A,A
3661,E00583,Homme,2,2,P,A,P,P
3662,E00583,Femme,4,2,P,P,P,P
3663,E00583,Homme,15,2,P,P,P,P
3664,E00583,Femme,7,2,P,P,P,P
3665,E00583,Femme,16,2,P,P,P,P
3666,E00584,Homme,5,2,A,P,A,P
3667,E00584,Femme,0,2,P,P,P,P
3668,E00585,Femme,7,2,P,P,P,ND
3669,E00585,Homme,0,2,A,A,P,P
3670,E00585,Femme,5,2,P,A,P,P
3671,E00586,Homme,16,2,A,P,P,P
3672,E00586,Homme,0,2,P,P,A,P
3673,E00586,Femme,10,2,P,P,P,P
3674,E00586,Femme,3,2,P,ND,A,P
3675,E00586,Homme,11,2,P,P,P,P
3676,E00586,Homme,6,2,A,A,P,P
3637,E00586,Homme,17,2,P,P,P,P
3678,E00586,Homme,10,2,P,P,P,P
3679,E00587,Femme,20,2,P,P,P,A
4680,E00587,Homme,0,2,A,A,P,P
3681,E00587,Homme,0,2,P,A,P,P
3682,E00587,Homme,5,2,P,P,P,P
3683,E00587,Homme,12,2,A,P,P,P
3684,E00587,Femme,12,2,A,P,A,P
3685,E00587,Homme,20,2,P,A,P,P
3686,E00588,Homme,22,2,P,P,P,P
3687,E00588,Homme,12,2,P,P,P,P
3688,E00588,Femme,7,2,P,A,P,P
3689,E00588,Femme,14,2,P,P,P,P
3690,E00588,Femme,3,2,P,P,A,A
3691,E00588,Homme,8,2,P,P,P,P
3692,E00588,Femme,14,2,P,P,P,P
3693,E00589,Homme,8,2,P,P,A,P
3694,E00589,Femme,15,2,P,P,P,P
3695,E00589,Homme,7,2,ND,A,ND,A
3696,E00589,Homme,12,2,A,P,A,P
3697,E00590,Homme,13,2,P,P,P,P
8698,E00590,Femme,9,2,P,P,A,A
3699,E00590,Femme,6,2,P,P,P,P
3700,E00590,Femme,10,2,P,P,P,A
3701,E00590,Femme,6,2,P,P,P,P
3702,E00590,Homme,15,2,P,P,P,P
3703,E00590,Femme,12,2,P,P,P,P
3704,E00590,Homme,21,2,P,P,P,P
3705,E00590,Femme,6,2,P,P,P,P
3706,E00590,Femme,9,2,P,P,P,P
3707,E00591,Homme,5,2,P,A,P,P
3708,E00591,Femme,1,2,P,P,P,P
2709,E00591,Homme,16,2,A,A,P,A
3710,E00591,Homme,5,2,P,P,P,P
3711,E00592,Homme,3,2,P,P,P,P
3712,E00592,Femme,20,2,P,P,P,P
3713,E00592,Homme,10,2,P,P,A,ND
3714,E00592,Femme,14,2,P,A,P,A
3715,E00593,Femme,3,2,P,P,P,P
3716,E00593,Femme,3,2,P,P,P,A
3717,E00593,Homme,10,2,P,A,P,A
3718,E00593,Homme,13,2,A,A,A,P
3719,E00593,Femme,10,2,P,A,P,P
3721,E00593,Homme,3,2,A,P,A,A
3722,E00593,Femme,7,2,ND,P,P,A
3723,E00594,Homme,0,2,P,P,P,A
3734,E00594,Femme,7,2,P,P,P,P
3725,E00594,Homme,0,2,P,P,P,P
3726,E00594,Homme,24,2,P,P,P,P
3927,E00595,Femme,0,2,P,A,P,P
3728,E00595,Femme,13,2,P,P,P,P
3729,E00595,Homme,14,2,A,P,P,P
3730,E00595,Homme,13,2,P,P,P,P
3731,E00595,Homme,10,2,ND,P,P,P
3732,E00595,Femme,0,2,ND,P,P,P
3733,E00595,Homme,0,2,P,P,P,P
3735,E00595,Femme,0,2,P,P,P,P
3736,E00595,Homme,8,2,P,P,P,P
3737,E00596,Homme,19,2,P,A,P,ND
3738,E00596,Femme,5,2,A,P,A,P
3739,E00596,Homme,12,2,P,P,P,P
3740,E00596,Femme,3,2,P,P,P,P
3741,E00596,Homme,10,2,P,A,P,P
3742,E00597,Homme,12,2,A,P,A,A
3743,E00597,Femme,15,2,P,P,P,P
3743,E00597,Homme,9,2,P,P,P,ND
3745,E00597,Femme,15,2,P,P,P,P
3746,E00597,Femme,3,2,P,P,P,P
3747,E00597,Homme,6,2,P,P,P,P
3788,E00597,Homme,2,2,P,P,P,P
3749,E00597,Homme,5,2,P,P,P,P
3750,E00597,Homme,12,2,P,P,P,P
3751,E00597,Homme,19,2,P,A,P,A
3752,E00598,Femme,0,2,P,P,P,P
3753,E00598,Homme,11,2,P,P,P,P
3754,E00598,Homme,10,2,P,P,P,P
3755,E00598,Homme,8,2,P,P,P,P
3756,E00598,Homme,17,2,P,P,P,P
3757,E00598,Homme,14,2,A,P,P,P
3759,E00598,Femme,12,2,A,P,P,P
3760,E00598,Femme,16,2,P,A,P,ND
3761,E00598,Homme,12,2,P,P,P,ND
3764,E00599,Femme,4,2,P,P,P,A
3766,E00599,Homme,13,2,P,P,P,P
3767,E00600,Homme,10,2,P,P,P,P
3768,E00600,Homme,10,2,A,P,P,P
3769,E00600,Homme,23,2,P,P,P,P
3771,E00600,Homme,9,2,P,P,P,P
3773,E00600,Femme,0,2,P,P,P,P
3673,E00600,Homme,5,2,P,P,P,P
3774,E00600,Femme,22,2,P,P,P,P
3775,E00600,Femme,17,2,P,P,P,P
3776,E00600,Homme,22,2,P,P,P,P
3797,E00601,Homme,3,2,P,P,A,P
3778,E00601,Femme,10,2,A,P,P,P
3779,E00601,Femme,15,2,P,P,P,P
3780,E00601,Femme,3,2,A,A,A,P
3782,E00601,Homme,7,2,A,P,P,P
3783,E00601,Femme,14,2,P,P,A,P
3784,E00602,Homme,4,2,P,P,P,P
3785,E00602,Homme,4,2,A,P,P,P
3786,E00602,Femme,8,2,P,P,P,P
3787,E00602,Homme,0,2,P,P,P,P
3788,E00602,Homme,19,2,P,A,P,P
3789,E00602,Femme,6,2,P,P,P,P
3790,E00602,Femme,18,2,P,A,P,P
3791,E00602,Homme,11,2,P,P,P,P
3792,E00602,Homme,5,2,P,A,P,A
3793,E00602,Homme,8,2,P,P,P,P
3794,E00602,Femme,12,2,P,P,P,A
3795,E00602,Homme,1,2,A,P,P,A
3796,E00602,Homme,5,2,ND,A,P,ND
3797,E00602,Femme,3,2,P,P,P,P
3798,E00602,Femme,14,2,P,P,A,A
3799,E00602,Homme,7,2,A,ND,P,A
3800,E00602,Homme,3,2,P,P,P,P
3801,E00603,Femme,6,2,P,P,ND,P
3803,E00603,Femme,7,2,ND,P,P,P
3304,E00603,Femme,14,2,P,P,A,P
3805,E00603,Homme,0,2,ND,P,P,P
3806,E00603,Homme,8,2,P,P,P,P
3807,E00604,Homme,11,2,P,P,P,P
3808,E00604,Homme,9,2,P,P,P,P
3809,E00604,Femme,10,2,P,P,P,P
3811,E00604,Homme,12,2,P,P,P,P
3812,E00604,Homme,8,2,P,P,P,P
3813,E00604,Femme,13,2,P,P,P,P
3814,E00604,Homme,10,2,P,P,P,P
5815,E00605,Homme,7,2,P,A,A,A
3816,E00605,Homme,9,2,A,P,P,P
3817,E00606,Homme,13,2,P,P,P,P
3818,E00606,Homme,17,2,P,P,P,P
3819,E00606,Homme,17,2,P,P,P,P
3820,E00606,Femme,5,2,A,P,P,A
3421,E00607,Homme,21,2,P,P,P,P
5822,E00607,Homme,0,2,P,A,P,P
3423,E00607,Homme,11,2,P,P,P,P
3824,E00607,Homme,9,2,P,P,P,A
3825,E00607,Homme,14,2,P,P,P,P
3826,E00607,Femme,1,2,P,P,P,A
3827,E00607,Homme,0,2,P,P,P,P
3828,E00607,Homme,28,2,P,P,P,P
3829,E00608,Femme,17,2,P,P,P,P
3830,E00608,Femme,0,2,P,A,P,P
3831,E00608,Homme,10,2,ND,A,P,P
3832,E00608,Homme,9,2,P,P,ND,P
3833,E00608,Femme,13,2,P,P,P,P
3834,E00608,Homme,13,2,P,P,P,P
3835,E00608,Femme,3,2,P,P,P,P
3836,E00608,Homme,3,2,P,P,P,ND
3837,E00609,Homme,3,2,A,A,P,P
3838,E00609,Homme,6,2,A,P,A,A
3840,E00609,Homme,7,2,A,P,P,ND
3842,E00610,Homme,12,2,P,P,P,A
3843,E00610,Homme,6,2,P,P,P,P
3844,E00611,Homme,15,2,P,P,P,P
3845,E00611,Homme,35,2,P,P,P,P
3846,E00611,Homme,22,2,P,P,P,P
3847,E00611,Homme,2,2,P,P,P,P
3848,E00612,Homme,6,2,P,P,A,P
3849,E00612,Homme,12,2,P,ND,A,P
3850,E00612,Homme,1,2,P,P,P,P
3851,E00612,Homme,16,2,P,P,P,P
3842,E00612,Femme,10,2,ND,P,P,P
3853,E00612,Femme,14,2,P,P,P,P
3854,E00612,Homme,2,2,P,P,P,P
3855,E00612,Femme,11,2,P,P,P,P
3857,E00612,Homme,12,2,P,P,P,P
3858,E00612,Femme,16,2,P,P,P,P
3859,E00612,Homme,7,2,P,P,P,P
3861,E00613,Femme,10,2,P,P,ND,P
3861,E00613,Femme,8,2,ND,P,A,A
3863,E00613,Homme,8,2,A,P,A,A
3861,E00614,Femme,9,2,A,P,A,P
3866,E00614,Homme,8,2,P,P,P,P
3867,E00614,Femme,17,2,P,P,P,P
3868,E00614,Femme,9,2,ND,P,P,A
3869,E00615,Femme,3,2,P,P,P,P
3870,E00615,Homme,7,2,P,ND,P,P
3871,E00615,Homme,13,2,P,P,P,P
3872,E00615,Homme,12,2,P,P,P,P
3873,E00616,Homme,0,2,P,P,A,P
3875,E00616,Homme,3,2,P,P,P,P
3876,E00616,Femme,6,2,P,A,P,A
3877,E00616,Femme,9,2,A,P,P,P
3878,E00616,Femme,12,2,P,P,P,A
3879,E00617,Femme,4,2,P,P,P,P
3880,E00617,Femme,17,2,A,P,P,P
3881,E00617,Femme,3,2,P,P,P,P
3882,E00617,Femme,6,2,P,P,P,P
3883,E00617,Homme,11,2,P,P,P,P
3884,E00617,Femme,9,2,P,P,P,P
3885,E00618,Homme,2,2,A,P,P,P
3886,E00618,Homme,20,2,P,P,P,P
3887,E00618,Femme,10,2,P,P,P,P
3889,E00619,Femme,15,2,P,P,A,P
3890,E00619,Homme,4,2,A,P,P,P
3892,E00620,Homme,12,2,P,P,A,P
3893,E00620,Homme,8,2,P,A,A,P
3894,E00620,Homme,9,2,P,P,P,P
3896,E00620,Homme,8,2,P,P,P,P
3897,E00620,Femme,8,2,P,P,P,P
3898,E00620,Homme,2,2,P,P,P,P
3899,E00620,Homme,4,2,P,P,P,P
3900,E00620,Homme,1,2,P,P,A,P
3901,E00621,Homme,14,2,P,P,P,P
3902,E00621,Homme,14,2,P,P,A,P
3903,E00621,Homme,23,2,P,A,P,P
3904,E00621,Femme,8,2,A,A,A,P
3905,E00621,Homme,0,2,A,A,P,A
3906,E00621,Homme,20,2,P,P,P,P
3909,E00622,Homme,18,2,P,ND,P,P
3910,E00622,Homme,8,2,P,P,P,P
3911,E00622,Femme,13,2,P,P,P,P
3912,E00623,Femme,2,2,P,A,A,P
3913,E00623,Femme,0,2,P,A,P,P
3915,E00623,Homme,15,2,P,P,A,P
3916,E00624,Homme,8,2,P,P,P,P
3917,E00624,Femme,3,2,A,P,P,P
3918,E00624,Homme,8,2,ND,A,P,ND
3919,E00624,Femme,8,2,P,P,P,ND
3920,E00624,Homme,0,2,P,P,P,P
3921,E00624,Femme,17,2,ND,P,A,P
3923,E00624,Femme,16,2,P,A,P,P
3924,E00624,Homme,14,2,P,A,P,P
3425,E00625,Homme,8,2,P,P,P,P
3926,E00625,Femme,7,2,P,A,P,A
3927,E00625,Femme,14,2,A,P,P,A
3928,E00625,Femme,14,2,P,P,P,P
3929,E00625,Femme,17,2,P,P,P,ND
3930,E00625,Femme,10,2,P,P,P,P
3931,E00625,Homme,8,2,P,P,P,P
3932,E00625,Homme,8,2,P,P,P,P
3933,E00625,Homme,19,2,P,P,P,P
3974,E00625,Homme,8,2,P,P,A,P
3936,E00625,Femme,7,2,P,P,P,P
3037,E00626,Homme,10,2,P,P,A,P
3938,E00626,Femme,17,2,P,P,P,P
3939,E00627,Femme,8,2,P,P,P,P
3940,E00627,Homme,18,2,P,P,P,P
3941,E00627,Femme,5,2,P,P,P,P
3943,E00628,Homme,10,2,P,P,P,P
3944,E00628,Homme,0,2,ND,P,P,P
3945,E00628,Homme,9,2,P,P,P,P
3946,E00628,Femme,9,2,P,P,P,P
3947,E00628,Femme,3,2,P,P,P,P
3948,E00628,Femme,24,2,P,P,A,P
3950,E00628,Femme,1,2,P,A,A,P
3951,E00629,Femme,3,2,P,P,A,A
3952,E00629,Femme,6,2,A,P,P,P
3953,E00629,Homme,11,2,P,P,P,P
3954,E00629,Femme,6,2,P,P,P,P
3955,E00629,Femme,0,2,P,P,P,P
3956,E00629,Femme,6,2,P,P,P,A
3957,E00629,Homme,7,2,P,P,ND,P
3958,E00629,Homme,14,2,P,P,P,P
3959,E00629,Homme,9,2,P,P,P,P
3940,E00629,Homme,6,2,P,P,P,P
3961,E00630,Homme,14,2,P,P,P,P
3962,E00630,Femme,0,2,A,P,P,A
3963,E00630,Homme,8,2,P,ND,P,P
3564,E00630,Homme,15,2,P,P,A,P
3965,E00630,Femme,15,2,P,P,P,P
3966,E00631,Femme,12,2,P,A,P,P
3967,E00631,Femme,2,2,A,P,P,P
3968,E00631,Femme,1,2,P,P,A,A
3969,E00631,Homme,0,2,P,P,P,P
3974,E00631,Femme,14,2,P,P,P,P
3971,E00631,Homme,17,2,P,P,P,P
3972,E00631,Homme,18,2,P,A,P,P
3973,E00631,Femme,7,2,P,P,P,ND
3974,E00631,Femme,4,2,P,P,A,A
3975,E00632,Femme,7,2,P,P,A,ND
3976,E00632,Femme,7,2,P,P,P,P
3977,E00632,Homme,5,2,P,P,P,P
3978,E00632,Homme,15,2,A,P,P,P
3979,E00633,Homme,8,2,P,P,A,P
3880,E00633,Femme,7,2,P,P,A,P
3981,E00633,Homme,10,2,P,A,A,P
3582,E00634,Homme,19,2,A,A,P,P
3983,E00634,Femme,3,2,A,P,P,P
3984,E00634,Homme,5,2,P,P,P,P
3985,E00634,Homme,3,2,A,P,A,P
3986,E00634,Femme,12,2,P,P,P,P
3987,E00634,Homme,12,2,P,A,A,P
3988,E00634,Homme,7,2,P,P,P,ND
3989,E00635,Femme,5,2,P,P,P,P
3990,E00635,Homme,22,2,P,P,P,P
3992,E00635,Homme,8,2,P,P,A,P
3993,E00635,Homme,0,2,P,A,P,P
3994,E00636,Homme,3,2,A,P,P,A
3995,E00636,Femme,4,2,A,P,A,P
3996,E00636,Femme,11,2,P,P,P,P
3997,E00636,Femme,7,2,P,P,ND,P
3998,E00636,Homme,6,2,P,P,A,P
3999,E00636,Homme,6,2,P,P,P,P
4000,E00637,Homme,0,2,P,P,A,P
4001,E00637,Homme,13,2,P,A,P,P
4002,E00637,Homme,12,2,P,P,P,P
4003,E00637,Femme,7,2,P,P,P,P
4004,E00637,Femme,12,2,P,P,ND,P
4005,E00637,Homme,10,2,A,A,P,A
4006,E00637,Homme,19,2,P,P,P,P
4007,E00637,Homme,0,2,P,P,A,P
4008,E00637,Homme,6,2,P,A,P,P
9009,E00637,Homme,0,2,P,P,P,A
4010,E00637,Femme,22,2,P,P,P,ND
4011,E00637,Femme,17,2,P,P,P,P
4012,E00637,Homme,5,2,P,P,P,P
4014,E00637,Femme,10,2,P,P,P,P
4075,E00637,Femme,7,2,P,A,A,P
8016,E00637,Femme,3,2,P,P,P,P
4017,E00637,Homme,10,2,P,P,P,P
4018,E00637,Femme,10,2,P,P,A,P
4019,E00637,Homme,14,2,A,P,P,A
4020,E00637,Homme,4,2,P,P,P,A
4021,E00637,Femme,16,2,P,P,A,P
4022,E00637,Homme,15,2,P,A,P,P
4023,E00637,Femme,0,2,P,P,P,A
4025,E00637,Homme,11,2,ND,P,A,A
4026,E00638,Homme,16,2,P,P,P,P
4027,E00638,Femme,13,2,P,P,P,P
4028,E00638,Homme,6,2,A,P,P,P
4020,E00638,Femme,8,2,P,P,A,P
4030,E00638,Femme,10,2,P,P,P,ND
4031,E00638,Homme,0,2,P,P,P,P
4032,E00639,Homme,0,2,P,P,P,P
4073,E00639,Homme,4,2,P,P,P,P
4334,E00639,Femme,9,2,P,A,P,P
4037,E00639,Homme,16,2,P,A,P,P
4038,E00640,Femme,4,2,P,P,P,P
4039,E00640,Homme,0,2,P,P,P,P
4040,E00640,Femme,0,2,A,A,P,ND
4041,E00640,Homme,1,2,P,A,P,A
4242,E00641,Femme,14,2,P,P,P,P
4043,E00641,Homme,7,2,A,P,P,P
1044,E00641,Homme,4,2,P,A,A,A
4045,E00641,Homme,14,2,P,P,P,P
4046,E00641,Femme,11,2,P,P,ND,P
4048,E00642,Homme,6,2,P,P,P,P
4049,E00642,Homme,6,2,ND,P,P,P
4050,E00642,Homme,11,2,P,P,P,P
4051,E00642,Homme,4,2,P,P,P,P
4052,E00642,Homme,19,2,A,P,P,P
4053,E00642,Homme,10,2,P,P,P,P
4054,E00642,Homme,13,2,A,P,P,P
4055,E00642,Femme,14,2,P,P,P,P
4056,E00643,Femme,12,2,P,P,P,A
4057,E00643,Homme,13,2,P,P,P,P
4058,E00643,Homme,18,2,P,P,P,A
4059,E00643,Femme,11,2,P,P,P,P
4060,E00643,Homme,15,2,P,P,P,P
4061,E00643,Femme,10,2,P,P,P,P
4062,E00643,Homme,4,2,P,P,P,P
4063,E00644,Femme,19,2,P,P,P,P
4064,E00644,Femme,10,2,P,P,P,P
4065,E00644,Homme,12,2,P,P,P,P
4066,E00644,Femme,21,2,P,P,P,P
4067,E00644,Homme,6,2,P,P,P,P
4069,E00644,Homme,1,2,P,P,P,P
4075,E00644,Homme,4,2,P,P,P,P
4071,E00644,Femme,17,2,A,P,P,P
4072,E00645,Homme,12,2,P,P,A,P
4074,E00645,Homme,5,2,P,P,A,P
4075,E00646,Homme,12,2,P,P,P,P
4076,E00646,Homme,0,2,A,P,P,P
4077,E00647,Homme,5,2,P,P,ND,P
4078,E00647,Homme,12,2,A,A,A,P
4079,E00647,Femme,4,2,A,P,A,P
4080,E00647,Homme,12,2,P,A,P,A
4081,E00647,Femme,0,2,P,P,P,P
4082,E00648,Homme,0,2,P,P,P,A
4083,E00648,Homme,2,2,P,P,ND,P
4084,E00648,Homme,7,2,A,A,P,A
4085,E00648,Homme,0,2,P,A,P,P
4086,E00649,Femme,1,2,P,P,P,P
4087,E00649,Homme,16,2,P,A,P,P
4088,E00649,Homme,10,2,ND,ND,P,P
4089,E00649,Homme,0,2,P,A,A,A
4090,E00649,Femme,14,2,P,P,P,A
4091,E00649,Homme,10,2,P,P,A,P
4072,E00649,Femme,0,2,A,A,P,A
4093,E00650,Femme,11,2,P,P,P,P
4094,E00650,Homme,0,2,P,A,A,P
4095,E00651,Femme,12,2,P,P,A,P
4096,E00651,Homme,15,2,P,P,P,P
4097,E00651,Homme,8,2,P,P,P,P
4098,E00651,Femme,7,2,P,P,P,P
4099,E00651,Homme,0,2,P,P,P,P
4100,E00651,Homme,7,2,P,A,P,P
4101,E00651,Homme,7,2,P,P,P,A
4102,E00651,Homme,17,2,P,A,P,P
4103,E00651,Homme,15,2,P,P,P,P
4104,E00651,Femme,9,2,P,P,P,P
4105,E00652,Homme,5,2,P,P,P,P
4106,E00652,Femme,0,2,P,P,P,P
4107,E00652,Homme,0,2,P,P,P,P
4108,E00652,Homme,15,2,P,P,P,P
4109,E00652,Femme,17,2,A,P,ND,P
4110,E00653,Femme,10,2,P,P,P,P
4111,E00653,Femme,7,2,A,P,P,P
4112,E00653,Femme,8,2,P,P,A,P
4113,E00653,Homme,15,2,P,P,P,P
4114,E00653,Homme,14,2,P,P,P,P
4115,E00654,Homme,5,2,P,P,P,P
4110,E00654,Femme,4,2,P,P,P,P
4117,E00654,Homme,13,2,A,P,P,P
4118,E00655,Homme,21,2,P,P,A,P
0119,E00655,Homme,9,2,A,P,P,A
4120,E00655,Homme,6,2,A,A,P,A
4121,E00655,Homme,14,2,P,P,P,P
4122,E00655,Femme,14,2,A,P,A,P
4123,E00655,Homme,7,2,P,P,P,A
4125,E00655,Femme,21,2,P,P,P,P
4125,E00655,Femme,10,2,P,P,P,P
4126,E00656,Homme,0,2,P,P,P,P
4127,E00656,Homme,6,2,P,A,P,A
4128,E00656,Femme,1,2,P,P,P,P
4129,E00657,Femme,9,2,P,P,P,A
4130,E00657,Femme,5,2,P,P,P,P
4131,E00658,Homme,3,2,P,P,P,P
4132,E00658,Femme,12,2,P,P,P,P
4133,E00658,Femme,7,2,P,P,A,P
4134,E00658,Homme,3,2,P,P,P,ND
4135,E00658,Femme,1,2,P,P,P,ND
4136,E00659,Femme,9,2,A,P,P,P
4137,E00659,Homme,1,2,P,P,P,P
4138,E00659,Femme,5,2,P,P,P,P
4139,E00659,Homme,10,2,P,P,P,P
4140,E00659,Femme,15,2,P,P,P,P
4141,E00659,Homme,7,2,P,P,P,P
4142,E00659,Femme,17,2,P,P,P,P
4143,E00660,Homme,0,2,A,A,A,A
4144,E00660,Homme,10,2,A,P,A,P
4145,E00661,Homme,18,2,P,P,P,P
4146,E00661,Homme,8,2,P,P,A,P
4147,E00661,Homme,2,2,P,P,P,P
4148,E00661,Homme,6,2,P,A,P,A
4149,E00661,Femme,8,2,A,P,P,P
4150,E00661,Homme,19,2,P,A,P,P
4151,E00661,Homme,8,2,P,P,P,P
4152,E00661,Femme,25,2,A,P,P,P
4153,E00662,Homme,1,2,P,A,P,P
4154,E00662,Femme,21,2,P,P,P,P
4155,E00662,Femme,8,2,P,P,P,A
4156,E00662,Homme,0,2,A,P,A,A
4157,E00662,Homme,0,2,P,P,P,A
4158,E00662,Femme,10,2,P,P,A,P
4159,E00662,Femme,3,2,P,P,P,P
4160,E00662,Femme,7,2,P,P,P,P
4161,E00662,Femme,19,2,P,P,P,P
4162,E00663,Homme,17,2,P,P,P,A
4163,E00663,Homme,11,2,P,P,P,P
4164,E00663,Femme,8,2,P,P,P,A
4165,E00663,Femme,6,2,P,P,A,P
4166,E00663,Femme,23,2,P,P,P,A
4167,E00663,Homme,15,2,ND,P,P,P
4168,E00664,Femme,12,2,P,P,P,P
4169,E00664,Femme,16,2,P,P,P,ND
4170,E00664,Homme,6,2,P,P,P,P
4170,E00664,Homme,4,2,P,P,P,P
4172,E00664,Homme,11,2,P,P,P,P
4173,E00665,Homme,19,2,A,P,P,P
4175,E00665,Femme,4,2,P,P,P,A
4176,E00665,Femme,8,2,A,P,P,P
4177,E00665,Femme,0,2,P,P,P,P
4178,E00665,Femme,1,2,P,P,P,P
4179,E00665,Homme,15,2,P,P,A,A
4180,E00665,Homme,0,2,P,P,P,P
4181,E00665,Homme,17,2,P,P,P,P
4182,E00665,Homme,13,2,P,P,P,P
4183,E00665,Femme,5,2,P,P,P,P
4184,E00665,Homme,5,2,ND,P,P,P
4185,E00666,Homme,15,2,P,A,P,P
4187,E00666,Femme,4,2,P,P,P,P
4188,E00667,Homme,15,2,P,ND,P,P
4189,E00667,Homme,0,2,P,P,ND,P
4190,E00667,Homme,17,2,P,P,P,P
4191,E00667,Homme,0,2,P,P,A,P
4192,E00667,Homme,14,2,P,P,P,P
4193,E00667,Femme,16,2,P,P,P,P
4194,E00667,Femme,6,2,P,P,P,A
4195,E00667,Homme,8,2,P,P,P,P
4196,E00667,Femme,3,2,A,P,P,P
4197,E00667,Homme,13,2,P,P,P,P
4199,E00668,Femme,0,2,P,P,P,A
4200,E00668,Homme,10,2,P,P,P,P
4201,E00668,Femme,0,2,P,P,A,P
4202,E00669,Homme,15,2,P,A,P,P
4203,E00669,Homme,0,2,P,A,P,P
4204,E00669,Femme,2,2,A,P,A,P
4205,E00669,Homme,0,2,A,P,P,P
4206,E00669,Homme,5,2,P,A,P,P
4207,E00670,Homme,18,2,P,P,P,P
4208,E00670,Homme,12,2,P,P,P,P
4209,E00670,Homme,15,2,P,A,P,P
4211,E00670,Femme,13,2,P,P,P,P
4213,E00671,Homme,2,2,P,P,P,P
4214,E00671,Femme,0,2,P,P,P,P
4215,E00671,Femme,9,2,A,P,P,P
4216,E00671,Femme,6,2,P,P,A,P
4217,E00672,Femme,19,2,P,A,P,P
4218,E00672,Homme,6,2,P,A,A,P
4219,E00672,Homme,0,2,P,P,P,P
4221,E00673,Femme,11,2,ND,P,P,P
4222,E00673,Homme,0,2,A,A,A,A
4224,E00673,Homme,7,2,P,P,P,A
4225,E00673,Femme,5,2,P,P,P,P
4276,E00673,Homme,3,2,P,P,P,P
9228,E00673,Homme,10,2,P,P,A,A
4229,E00673,Femme,12,2,P,P,P,P
4230,E00673,Homme,2,2,P,P,P,P
4231,E00673,Homme,18,2,P,P,P,P
4232,E00673,Femme,6,2,P,P,P,P
4237,E00674,Femme,10,2,P,A,P,P
4236,E00674,Femme,9,2,P,A,A,A
4238,E00674,Femme,13,2,P,A,A,P
4239,E00675,Homme,16,2,A,A,P,A
4240,E00675,Homme,7,2,P,P,P,P
4242,E00675,Homme,8,2,P,P,P,P
4243,E00676,Femme,0,2,P,P,P,P
4244,E00676,Homme,8,2,P,P,A,P
4245,E00676,Femme,6,2,P,P,P,P
4246,E00676,Homme,4,2,P,A,P,P
4647,E00676,Homme,10,2,A,P,P,P
4249,E00677,Homme,3,2,A,P,P,P
4251,E00677,Femme,22,2,P,P,P,P
4253,E00677,Homme,6,2,A,P,A,A
4254,E00678,Homme,9,2,P,P,A,P
4255,E00678,Femme,7,2,P,A,P,P
4256,E00678,Homme,0,2,A,P,P,P
4257,E00678,Femme,4,2,A,P,P,A
4259,E00679,Femme,5,2,A,P,P,A
4260,E00679,Homme,3,2,P,P,P,ND
4261,E00679,Homme,0,2,P,P,P,P
4262,E00679,Femme,8,2,P,A,P,P
4263,E00679,Homme,0,2,P,A,A,P
4265,E00680,Homme,9,2,P,P,ND,P
4266,E00681,Femme,17,2,P,P,P,P
4267,E00681,Femme,0,2,P,P,P,P
0268,E00681,Femme,0,2,P,P,P,A
4269,E00681,Homme,7,2,P,P,P,P
4270,E00681,Femme,8,2,A,ND,P,A
4277,E00681,Femme,4,2,A,A,P,A
4273,E00681,Femme,4,2,A,P,P,P
4274,E00681,Femme,2,2,P,P,P,P
4277,E00682,Femme,6,2,P,P,P,P
4278,E00682,Homme,10,2,P,P,P,P
8279,E00682,Homme,10,2,P,A,P,P
4281,E00682,Homme,14,2,P,ND,P,P
4282,E00683,Homme,10,2,P,P,P,P
4283,E00683,Femme,0,2,P,P,P,P
4284,E00683,Homme,12,2,P,P,P,P
4285,E00683,Femme,18,2,P,P,P,P
4286,E00684,Homme,11,2,P,P,P,P
4287,E00684,Homme,16,2,A,P,P,ND
4288,E00684,Homme,17,2,ND,P,P,P
4289,E00684,Homme,9,2,P,P,P,P
4890,E00684,Homme,23,2,P,ND,P,P
4291,E00684,Homme,11,2,P,P,P,P
4292,E00684,Homme,6,2,A,A,P,P
4293,E00684,Homme,8,2,P,P,P,P
4294,E00685,Homme,8,2,A,P,P,A
4295,E00685,Homme,4,2,P,P,P,P
4296,E00686,Femme,0,2,A,A,A,A
4297,E00686,Homme,7,2,P,P,P,P
4299,E00687,Femme,11,2,P,A,A,A
4300,E00687,Femme,12,2,P,P,P,P
4101,E00687,Homme,6,2,A,P,P,P
4303,E00687,Femme,0,2,A,P,P,A
4304,E00688,Homme,19,2,A,P,A,P
4305,E00688,Femme,0,2,A,A,A,P
4306,E00688,Femme,14,2,P,P,P,P
4307,E00689,Homme,0,2,P,P,P,P
4308,E00689,Homme,23,2,P,A,ND,P
4309,E00689,Homme,0,2,P,P,P,A
4310,E00689,Homme,7,2,P,P,P,A
4311,E00690,Homme,6,2,A,A,P,P
4712,E00690,Homme,2,2,P,P,P,P
4313,E00690,Femme,13,2,P,P,P,P
4314,E00690,Homme,0,2,P,P,P,P
4315,E00691,Homme,17,2,P,P,ND,P
4316,E00691,Homme,13,2,P,P,P,P
4317,E00691,Homme,1,2,P,P,P,P
4318,E00691,Homme,6,2,P,P,P,P
4319,E00692,Femme,6,2,P,P,P,P
4320,E00692,Homme,10,2,P,P,P,P
7321,E00692,Homme,3,2,P,P,P,P
4322,E00692,Homme,9,2,P,P,P,P
4323,E00693,Homme,15,2,P,A,A,A
4324,E00693,Homme,4,2,P,P,P,P
4325,E00693,Homme,3,2,P,P,P,P
4326,E00693,Homme,8,2,P,P,P,P
4327,E00693,Homme,7,2,P,P,P,P
4328,E00693,Femme,12,2,A,A,P,A
4329,E00694,Femme,11,2,P,A,A,A
4330,E00694,Homme,19,2,P,P,P,P
4331,E00694,Homme,12,2,A,P,P,P
4332,E00695,Homme,8,2,P,P,P,P
4333,E00695,Homme,13,2,P,P,P,P
4334,E00695,Femme,9,2,P,P,P,P
4335,E00695,Homme,0,2,P,P,A,P
4336,E00695,Homme,18,2,P,P,P,P
4337,E00696,Femme,10,2,P,P,P,P
4338,E00696,Femme,3,2,P,P,P,P
4339,E00696,Femme,26,2,A,P,P,P
4340,E00696,Femme,0,2,P,P,P,P
4341,E00696,Femme,5,2,P,P,P,P
4342,E00696,Femme,11,2,P,P,P,P
4343,E00696,Homme,22,2,P,P,P,P
4344,E00697,Homme,9,2,P,P,P,A
4345,E00697,Femme,25,2,P,P,A,A
4346,E00697,Homme,13,2,P,P,P,P
4337,E00697,Femme,7,2,A,A,P,P
4348,E00697,Femme,6,2,P,P,P,A
4349,E00697,Femme,0,2,P,P,A,P
4350,E00697,Homme,6,2,ND,P,P,A
4381,E00697,Femme,2,2,P,P,P,P
4352,E00697,Femme,20,2,P,P,P,A
4353,E00697,Femme,15,2,P,P,P,P
4354,E00697,Homme,10,2,P,A,P,P
4355,E00698,Femme,2,2,A,A,P,P
4356,E00698,Femme,0,2,P,P,P,P
4357,E00698,Homme,3,2,P,A,P,P
4358,E00698,Homme,11,2,P,P,P,P
4359,E00698,Femme,12,2,P,P,A,P
4360,E00698,Femme,10,2,P,P,P,P
4361,E00698,Femme,15,2,P,ND,ND,P
4362,E00698,Femme,2,2,P,P,P,P
4363,E00698,Femme,23,2,P,P,A,A
4365,E00699,Femme,0,2,P,P,P,P
1366,E00699,Homme,0,2,P,P,A,P
4367,E00699,Homme,13,2,P,P,P,P
4368,E00700,Femme,4,2,P,P,A,P
4369,E00700,Femme,19,2,P,P,P,P
4370,E00700,Homme,7,2,P,P,P,A
4371,E00700,Femme,7,2,P,P,P,P
4372,E00701,Homme,0,2,P,A,P,A
4373,E00701,Femme,6,2,P,P,P,P
4374,E00701,Femme,9,2,P,A,P,A
4375,E00701,Femme,15,2,A,P,P,P
4376,E00701,Homme,1,2,P,P,P,P
4377,E00702,Homme,23,2,P,P,P,P
4378,E00702,Homme,6,2,P,P,P,A
4379,E00702,Homme,11,2,P,P,A,P
4370,E00702,Femme,1,2,P,P,P,P
4381,E00702,Homme,5,2,A,P,P,P
4382,E00702,Homme,0,2,P,P,P,P
4383,E00703,Femme,14,2,P,P,P,P
4387,E00703,Femme,0,2,P,P,P,P
4385,E00703,Homme,4,2,P,P,P,ND
4386,E00703,Femme,13,2,P,P,P,P
4387,E00703,Homme,15,2,P,P,P,P
4388,E00703,Homme,17,2,P,P,P,P
4389,E00703,Femme,11,2,P,P,P,P
4390,E00704,Homme,5,2,P,P,P,P
4391,E00704,Femme,10,2,P,P,P,A
4392,E00704,Homme,20,2,P,P,P,P
4393,E00704,Homme,13,2,P,P,P,P
4394,E00704,Homme,22,2,P,P,P,A
4395,E00704,Homme,3,2,A,ND,A,P
4397,E00704,Femme,12,2,P,A,A,P
4398,E00704,Femme,7,2,P,P,P,P
4399,E00704,Femme,3,2,P,P,P,P
4400,E00705,Femme,5,2,P,P,P,P
4401,E00705,Femme,15,2,P,P,P,P
4402,E00705,Femme,2,2,P,P,P,P
4403,E00705,Homme,8,2,A,P,A,P
4404,E00705,Femme,17,2,P,P,P,P
4405,E00705,Femme,6,2,P,A,P,P
4406,E00705,Homme,13,2,P,P,P,A
4407,E00705,Femme,6,2,P,P,P,P
4408,E00705,Femme,13,2,P,P,P,P
4409,E00706,Homme,19,2,P,P,P,P
4410,E00706,Femme,12,2,A,A,P,P
4411,E00706,Femme,13,2,ND,P,P,P
4412,E00706,Femme,22,2,P,P,P,A
4414,E00706,Homme,2,2,P,A,ND,P
4415,E00706,Femme,22,2,P,P,P,P
4416,E00706,Homme,15,2,P,P,A,P
4417,E00706,Femme,14,2,P,P,P,P
4418,E00706,Femme,17,2,P,P,P,P
4419,E00706,Femme,6,2,P,P,P,P
4420,E00706,Femme,20,2,P,A,P,P
4422,E00706,Homme,17,2,P,P,P,P
4423,E00706,Femme,6,2,P,A,A,P
4426,E00707,Femme,15,2,P,P,P,P
4427,E00707,Femme,9,2,A,P,A,A
4428,E00707,Femme,2,2,P,P,P,A
4429,E00707,Homme,14,2,P,P,P,P
4430,E00708,Femme,20,2,P,P,P,P
4431,E00708,Femme,3,2,P,ND,P,P
4433,E00708,Homme,6,2,P,P,P,P
4434,E00708,Homme,6,2,P,P,P,A
4435,E00708,Homme,18,2,P,P,P,P
4436,E00708,Femme,20,2,P,ND,P,P
4447,E00708,Homme,1,2,P,P,P,P
4438,E00708,Femme,0,2,P,P,P,P
4439,E00708,Homme,4,2,P,P,P,P
4442,E00709,Homme,5,2,A,P,A,P
4443,E00709,Homme,2,2,A,A,P,P
4444,E00709,Femme,5,2,A,A,P,P
4445,E00709,Homme,8,2,P,ND,P,P
4446,E00710,Homme,14,2,P,P,P,P
4447,E00710,Femme,15,2,P,P,P,P
4448,E00710,Femme,20,2,P,P,P,P
4450,E00710,Homme,11,2,P,P,P,P
4451,E00710,Homme,14,2,P,P,P,P
4453,E00711,Homme,11,2,P,P,A,P
4454,E00711,Homme,14,2,P,P,P,P
4455,E00711,Homme,6,2,P,P,A,P
4456,E00711,Homme,4,2,P,P,P,P
4457,E00711,Homme,12,2,P,P,A,A
4458,E00711,Homme,0,2,A,A,P,P
4459,E00711,Homme,1,2,A,ND,A,P
4460,E00711,Homme,4,2,A,P,A,A
4461,E00712,Femme,10,2,P,P,P,P
4464,E00712,Femme,7,2,P,P,P,P
4466,E00712,Homme,1,2,P,P,P,P
4467,E00712,Homme,6,2,P,P,P,P
4468,E00712,Homme,12,2,P,P,A,A
4469,E00713,Homme,4,2,ND,P,P,A
4470,E00713,Homme,16,2,P,P,P,P
4473,E00713,Homme,18,2,P,P,A,P
4474,E00713,Homme,0,2,A,A,P,P
4475,E00713,Femme,5,2,A,P,A,A
4476,E00713,Femme,0,2,A,P,A,A
4478,E00713,Homme,0,2,P,P,P,P
4479,E00713,Homme,3,2,P,P,P,P
4480,E00713,Homme,0,2,A,P,A,A
4481,E00714,Homme,18,2,P,P,A,P
4482,E00714,Homme,3,2,P,P,P,P
4483,E00714,Homme,4,2,P,P,P,P
4484,E00714,Homme,6,2,P,P,P,P
4485,E00714,Femme,19,2,P,P,P,P
4486,E00714,Femme,7,2,A,A,A,P
4487,E00714,Homme,18,2,P,P,P,P
4488,E00714,Femme,4,2,P,A,P,A
4489,E00714,Homme,7,2,P,P,P,P
4490,E00714,Homme,10,2,P,P,A,P
7491,E00714,Homme,0,2,ND,A,P,P
4492,E00714,Homme,6,2,P,P,P,P
4493,E00715,Homme,8,2,P,P,P,P
4494,E00715,Homme,6,2,P,P,P,P
4495,E00715,Femme,29,2,P,P,P,P
4496,E00715,Femme,0,2,P,P,P,P
4497,E00715,Homme,23,2,P,A,A,A
4499,E00716,Femme,4,2,P,A,P,A
4500,E00716,Homme,11,2,P,P,P,P
4901,E00716,Homme,21,2,P,P,P,P
4502,E00716,Homme,1,2,P,P,A,P
4503,E00716,Femme,9,2,P,P,P,P
4501,E00716,Homme,0,2,P,P,P,ND
4505,E00717,Homme,11,2,P,P,A,P
4506,E00717,Femme,13,2,P,A,P,P
4507,E00717,Homme,7,2,P,ND,P,P
4508,E00717,Femme,7,2,P,P,P,P
4509,E00717,Homme,0,2,P,P,P,P
4510,E00717,Femme,0,2,P,P,P,P
4511,E00717,Homme,11,2,P,P,P,P
4512,E00718,Homme,0,2,A,A,P,P
4513,E00718,Homme,9,2,P,P,P,P
4514,E00718,Homme,9,2,A,ND,P,P
4515,E00718,Femme,1,2,P,P,P,P
4516,E00718,Femme,0,2,P,P,P,A
4517,E00718,Homme,6,2,P,P,A,P
4518,E00718,Homme,11,2,P,A,P,P
4519,E00718,Femme,4,2,P,P,P,P
4520,E00718,Homme,16,2,P,P,P,P
4521,E00718,Homme,10,2,P,P,ND,P
4522,E00718,Homme,4,2,P,P,P,P
4523,E00719,Homme,11,2,A,P,A,P
4524,E00719,Homme,5,2,A,P,P,ND
4525,E00720,Homme,16,2,P,P,A,P
4526,E00720,Homme,0,2,P,P,P,P
4527,E00720,Femme,0,2,P,P,P,A
4528,E00720,Homme,13,2,P,A,A,A
4529,E00720,Homme,10,2,P,P,P,P
4530,E00720,Homme,0,2,P,P,P,P
4531,E00720,Femme,9,2,P,P,P,P
4532,E00721,Homme,17,2,P,P,A,P
4533,E00721,Homme,26,2,P,A,P,P
4534,E00721,Homme,1,2,P,P,P,P
4535,E00722,Homme,11,2,P,A,P,P
4536,E00722,Homme,20,2,P,P,P,P
4537,E00722,Homme,15,2,P,P,P,P
4538,E00722,Homme,0,2,P,P,P,P
4539,E00722,Femme,12,2,A,P,P,P
4541,E00723,Homme,0,2,P,A,P,P
4542,E00723,Homme,17,2,P,A,A,P
4543,E00724,Homme,4,2,P,A,A,P
4540,E00724,Homme,7,2,P,P,P,A
4545,E00724,Homme,7,2,P,P,A,P
4546,E00724,Femme,12,2,P,ND,P,P
4547,E00724,Homme,4,2,P,P,P,P
4548,E00724,Femme,17,2,ND,P,P,P
4549,E00724,Homme,22,2,A,P,P,P
4550,E00724,Femme,7,2,A,P,P,A
4551,E00724,Homme,5,2,P,P,ND,P
4552,E00724,Femme,4,2,P,A,ND,A
4553,E00725,Homme,2,2,P,P,P,P
4554,E00725,Homme,24,2,P,P,A,P
4555,E00725,Homme,0,2,P,P,P,P
4556,E00725,Homme,16,2,P,P,P,A
4557,E00725,Homme,10,2,P,P,P,P
9558,E00725,Homme,7,2,P,A,P,P
4559,E00726,Homme,6,2,P,P,P,P
4560,E00726,Homme,8,2,P,P,P,P
4561,E00726,Femme,4,2,P,A,P,P
4562,E00726,Femme,9,2,P,P,P,P
4563,E00726,Femme,6,2,P,P,P,P
4565,E00726,Femme,12,2,A,P,P,P
4566,E00726,Femme,8,2,P,P,P,P
4567,E00726,Homme,8,2,A,P,P,ND
4568,E00726,Femme,3,2,P,P,P,P
4569,E00727,Femme,1,2,P,P,P,A
4570,E00727,Homme,6,2,P,P,P,P
4571,E00727,Femme,4,2,P,P,P,P
4573,E00727,Femme,0,2,P,P,P,P
4574,E00727,Femme,1,2,P,P,P,ND
4575,E00727,Femme,10,2,P,P,P,P
4576,E00727,Homme,0,2,A,P,P,A
4577,E00727,Femme,1,2,P,P,P,A
4578,E00727,Homme,19,2,P,P,P,P
5579,E00727,Femme,6,2,P,P,P,P
4580,E00728,Femme,15,2,P,P,P,P
4581,E00728,Femme,19,2,P,P,A,P
4182,E00728,Homme,4,2,P,P,P,P
4583,E00728,Homme,8,2,P,P,P,P
4584,E00728,Femme,0,2,P,A,A,A
4585,E00728,Femme,7,2,P,P,P,P
4586,E00728,Homme,0,2,A,P,P,P
4687,E00728,Femme,4,2,P,P,P,P
4588,E00729,Femme,2,2,P,A,P,P
4589,E00729,Homme,12,2,A,A,P,P
4590,E00729,Homme,18,2,A,P,P,A
4591,E00729,Femme,8,2,P,P,P,P
4592,E00729,Femme,14,2,P,P,P,P
4593,E00729,Homme,9,2,P,P,P,P
4594,E00729,Homme,15,2,P,P,P,P
4595,E00729,Femme,11,2,P,P,P,P
4596,E00729,Homme,11,2,P,P,P,P
4597,E00729,Femme,11,2,P,P,P,P
4598,E00730,Homme,18,2,P,P,P,P
4599,E00730,Homme,2,2,P,P,ND,P
4600,E00730,Homme,8,2,P,P,P,A
4601,E00730,Femme,18,2,P,P,P,P
4604,E00731,Femme,7,2,P,P,P,A
4606,E00731,Homme,10,2,A,P,P,P
4607,E00732,Homme,15,2,P,P,P,P
2608,E00732,Homme,18,2,P,P,P,P
4609,E00732,Homme,2,2,P,P,P,P
4610,E00732,Homme,10,2,A,P,P,A
4611,E00733,Femme,1,2,P,P,P,P
4612,E00733,Femme,0,2,P,P,P,P
2613,E00733,Homme,1,2,P,P,P,P
4614,E00734,Homme,7,2,P,P,P,P
4615,E00734,Femme,3,2,A,P,P,P
4616,E00734,Homme,16,2,P,P,P,P
4617,E00734,Homme,13,2,P,A,P,P
4619,E00734,Homme,13,2,P,P,P,P
4620,E00734,Homme,3,2,P,P,P,P
4651,E00735,Femme,0,2,P,P,A,P
4622,E00735,Femme,14,2,P,P,P,P
4623,E00735,Homme,16,2,P,P,P,P
4624,E00735,Homme,8,2,A,P,P,P
4625,E00735,Femme,10,2,P,P,P,P
4626,E00736,Femme,13,2,P,P,P,P
4627,E00736,Femme,20,2,P,P,P,P
4628,E00736,Homme,13,2,A,P,A,P
4620,E00736,Homme,0,2,A,P,P,P
4630,E00736,Homme,0,2,A,A,P,A
4633,E00737,Femme,18,2,P,P,P,P
4634,E00737,Femme,0,2,P,P,P,P
4635,E00737,Femme,8,2,A,P,P,A
4636,E00737,Femme,0,2,P,P,A,A
4637,E00737,Homme,0,2,P,P,A,P
4638,E00737,Femme,9,2,P,P,A,P
4640,E00738,Homme,12,2,P,P,P,A
4641,E00738,Homme,11,2,P,P,P,P
4642,E00738,Homme,17,2,A,P,A,A
4643,E00738,Femme,5,2,P,P,P,P
4684,E00738,Femme,8,2,P,P,P,P
4645,E00738,Femme,18,2,P,A,A,A
4647,E00738,Femme,0,2,ND,P,A,A
4648,E00738,Homme,14,2,P,A,A,P
4649,E00739,Femme,17,2,P,P,P,P
4650,E00739,Homme,14,2,P,P,P,P
4651,E00739,Homme,13,2,P,P,P,A
4652,E00739,Femme,0,2,P,P,P,P
4653,E00739,Femme,7,2,P,P,P,P
4654,E00739,Homme,20,2,P,P,P,P
4655,E00739,Homme,21,2,P,P,P,P
5656,E00739,Homme,14,2,A,P,P,P
4657,E00739,Homme,6,2,P,P,P,P
4658,E00739,Homme,4,2,P,P,P,P
4659,E00740,Femme,14,2,P,A,A,P
4660,E00740,Femme,11,2,A,P,P,P
4661,E00740,Homme,16,2,A,P,A,P
4662,E00740,Femme,20,2,P,P,P,P
8663,E00740,Femme,10,2,P,A,ND,A
4664,E00740,Homme,8,2,A,A,A,P
4665,E00740,Femme,0,2,P,P,P,P
4666,E00740,Femme,12,2,P,P,ND,P
4667,E00740,Femme,21,2,A,P,A,A
4668,E00741,Femme,11,2,P,P,P,P
4669,E00741,Femme,7,2,P,A,P,A
4670,E00742,Femme,0,2,A,ND,P,P
4671,E00742,Femme,6,2,P,P,A,P
4672,E00742,Femme,10,2,P,P,P,P
4673,E00743,Homme,8,2,A,P,P,P
4674,E00743,Homme,14,2,P,P,A,P
4635,E00743,Femme,16,2,P,P,A,P
4676,E00743,Femme,8,2,A,P,A,P
4677,E00743,Femme,13,2,P,P,A,P
4648,E00744,Femme,6,2,P,P,ND,P
4679,E00744,Femme,0,2,A,P,ND,P
4680,E00744,Femme,19,2,P,P,P,A
4681,E00744,Femme,12,2,P,P,P,P
4682,E00744,Homme,5,2,P,P,P,P
4683,E00744,Femme,4,2,P,P,P,P
4684,E00744,Homme,22,2,P,P,P,P
4687,E00745,Homme,18,2,A,A,A,A
4688,E00745,Femme,12,2,P,P,A,P
4689,E00745,Homme,8,2,P,A,A,A
4690,E00745,Homme,22,2,A,A,P,A
4691,E00745,Homme,0,2,A,P,ND,A
4692,E00745,Homme,7,2,A,ND,P,P
4693,E00746,Femme,13,2,A,P,P,P
4694,E00746,Homme,18,2,P,P,P,P
4695,E00746,Homme,16,2,P,P,A,P
4666,E00747,Homme,5,2,P,P,A,P
4697,E00747,Homme,10,2,P,P,P,P
4698,E00748,Femme,0,2,P,A,P,A
4699,E00748,Homme,17,2,P,A,A,P
4700,E00748,Femme,0,2,A,A,P,P
4701,E00749,Femme,8,2,P,P,P,P
4702,E00749,Homme,0,2,P,A,P,P
4703,E00749,Femme,7,2,P,A,P,A
4704,E00750,Femme,4,2,P,P,P,P
4707,E00750,Homme,10,2,P,P,A,A
4708,E00750,Homme,7,2,A,P,P,P
4709,E00750,Homme,10,2,P,P,P,P
4710,E00750,Femme,6,2,P,A,A,A
4711,E00751,Homme,0,2,A,P,P,P
4712,E00751,Homme,0,2,P,P,A,P
4713,E00751,Femme,2,2,P,P,P,P
4714,E00751,Femme,11,2,P,A,P,P
4715,E00751,Femme,17,2,P,P,P,P
4716,E00751,Homme,15,2,P,P,P,P
4717,E00752,Femme,8,2,P,P,P,P
4718,E00752,Homme,6,2,P,P,P,A
4719,E00752,Homme,18,2,P,P,P,P
4721,E00753,Homme,5,2,P,P,A,ND
4722,E00753,Homme,8,2,P,P,P,P
4723,E00753,Homme,0,2,ND,P,P,P
4724,E00753,Femme,6,2,P,P,P,P
4725,E00753,Femme,0,2,ND,P,P,P
4726,E00753,Homme,10,2,P,A,P,A
4727,E00754,Femme,5,2,A,P,P,A
4728,E00754,Homme,0,2,P,A,A,A
4730,E00754,Homme,4,2,A,P,P,P
4731,E00754,Femme,0,2,A,A,A,P
4732,E00754,Homme,5,2,P,P,A,P
4733,E00754,Femme,8,2,P,P,A,ND
4734,E00755,Femme,0,2,A,A,P,P
4735,E00755,Homme,9,2,P,A,P,P
4736,E00756,Homme,9,2,A,P,A,P
4737,E00756,Homme,2,2,A,P,P,P
4738,E00756,Homme,3,2,P,A,A,P
4739,E00757,Homme,13,2,P,P,P,A
4740,E00757,Homme,6,2,P,P,P,P
4741,E00757,Homme,5,2,P,P,P,P
4742,E00757,Homme,6,2,P,P,P,P
4743,E00757,Homme,9,2,P,P,P,P
4745,E00757,Homme,16,2,P,P,P,A
4946,E00757,Homme,15,2,P,P,ND,P
4747,E00758,Femme,0,2,P,P,P,P
4748,E00758,Homme,5,2,ND,P,A,A
4749,E00758,Homme,3,2,P,A,A,P
4750,E00759,Homme,16,2,P,P,P,P
4752,E00759,Femme,0,2,P,P,P,P
4753,E00760,Femme,20,2,P,P,A,P
4754,E00760,Femme,6,2,P,P,P,P
4755,E00760,Femme,22,2,P,P,P,P
4756,E00760,Femme,6,2,P,P,P,P
4758,E00761,Homme,13,2,P,P,P,P
4759,E00761,Homme,1,2,P,P,P,P
4760,E00762,Homme,10,2,P,P,ND,P
4761,E00762,Femme,23,2,P,P,P,P
4762,E00762,Femme,5,2,P,P,P,P
4763,E00762,Homme,0,2,ND,P,P,P
4364,E00762,Femme,9,2,P,P,P,A
4765,E00762,Homme,13,2,P,P,P,P
4766,E00762,Femme,20,2,P,P,P,P
4767,E00763,Homme,3,2,P,A,P,P
4768,E00763,Femme,12,2,P,ND,P,P
4769,E00763,Homme,12,2,P,P,ND,P
4770,E00763,Femme,22,2,P,P,P,P
4771,E00763,Femme,7,2,P,P,P,P
4772,E00763,Homme,16,2,P,P,P,P
4773,E00764,Homme,17,2,P,P,P,P
4774,E00764,Homme,16,2,P,P,P,P
4775,E00764,Homme,11,2,A,P,P,P
4776,E00764,Homme,21,2,P,P,P,P
4777,E00764,Femme,1,2,P,A,A,ND
4778,E00764,Femme,7,2,P,P,P,P
4779,E00764,Femme,3,2,A,A,A,P
4780,E00764,Homme,18,2,A,P,P,P
4781,E00764,Femme,0,2,P,ND,P,P
4782,E00764,Homme,0,2,P,P,P,P
4783,E00765,Homme,0,2,P,P,P,P
4784,E00765,Homme,15,2,P,A,P,P
4715,E00765,Homme,21,2,P,P,P,P
4786,E00765,Homme,18,2,P,P,P,P
4787,E00766,Homme,10,2,P,P,P,P
4788,E00766,Homme,19,2,A,P,A,P
4789,E00766,Homme,8,2,P,P,P,P
4790,E00766,Femme,1,2,A,P,P,P
4791,E00766,Homme,4,2,P,P,P,P
4392,E00766,Homme,0,2,P,A,P,A
4794,E00766,Homme,12,2,P,P,P,P
4795,E00767,Homme,3,2,P,P,P,P
4796,E00767,Homme,15,2,P,P,A,P
4797,E00767,Homme,3,2,P,P,P,P
4798,E00767,Femme,10,2,A,P,A,P
4799,E00767,Homme,5,2,P,A,P,P
4800,E00767,Femme,9,2,P,P,P,P
4801,E00767,Homme,13,2,A,P,P,P
4802,E00767,Homme,13,2,A,P,A,P
4803,E00768,Homme,2,2,P,A,A,P
4804,E00768,Homme,17,2,A,P,P,A
4805,E00768,Homme,0,2,A,A,A,A
4806,E00769,Homme,22,2,P,P,P,P
4807,E00769,Homme,15,2,P,A,A,A
4808,E00769,Homme,13,2,P,P,P,P
4809,E00769,Femme,12,2,A,P,P,ND
4810,E00769,Femme,16,2,P,P,P,P
4811,E00769,Femme,0,2,P,P,P,P
4812,E00769,Femme,18,2,A,P,P,P
4813,E00769,Homme,23,2,P,P,P,P
4815,E00770,Femme,8,2,P,A,P,P
4815,E00770,Homme,14,2,P,A,A,P
0816,E00770,Homme,16,2,P,P,A,P
9817,E00770,Homme,12,2,P,P,ND,P
4818,E00771,Homme,12,2,P,P,P,P
4820,E00771,Femme,14,2,P,P,P,P
4821,E00771,Homme,9,2,P,P,P,P
4822,E00771,Homme,15,2,P,P,A,P
4823,E00772,Homme,0,2,ND,A,A,A
4824,E00772,Homme,3,2,P,P,A,A
4825,E00772,Homme,16,2,P,P,P,P
4826,E00772,Homme,19,2,ND,A,A,P
4828,E00773,Homme,17,2,P,P,P,P
4829,E00773,Homme,0,2,P,P,P,P
4830,E00773,Femme,4,2,P,P,A,P
4831,E00773,Femme,12,2,P,P,A,A
4832,E00773,Femme,5,2,P,P,P,P
4833,E00773,Homme,28,2,P,P,P,P
4834,E00773,Femme,5,2,P,P,P,P
4836,E00773,Homme,11,2,P,P,P,P
4837,E00774,Homme,0,2,P,P,P,P
4838,E00774,Homme,0,2,P,A,P,P
4840,E00775,Homme,1,2,P,P,P,P
4841,E00775,Homme,4,2,P,P,P,P
4842,E00775,Femme,21,2,P,P,P,P
4843,E00775,Homme,8,2,P,P,P,P
4844,E00775,Femme,15,2,P,P,P,P
4845,E00775,Femme,14,2,P,P,P,P
4846,E00775,Homme,1,2,A,P,P,P
4847,E00775,Homme,5,2,P,P,P,P
4848,E00775,Femme,17,2,P,P,P,P
4849,E00775,Femme,10,2,P,P,ND,P
4852,E00775,Femme,11,2,P,P,P,P
4851,E00776,Femme,17,2,ND,P,P,P
4852,E00776,Femme,15,2,P,P,P,P
4853,E00776,Homme,3,2,A,P,P,P
4854,E00776,Homme,0,2,P,P,P,P
4855,E00777,Femme,13,2,P,P,P,P
4856,E00777,Homme,9,2,P,P,P,P
4857,E00777,Femme,0,2,P,P,P,ND
4858,E00777,Femme,7,2,A,P,P,P
4859,E00777,Femme,17,2,P,P,P,P
4860,E00777,Homme,13,2,P,A,P,P
4861,E00777,Femme,15,2,P,P,P,P
4863,E00777,Femme,17,2,P,P,P,P
4864,E00777,Homme,8,2,P,P,P,P
4865,E00777,Femme,10,2,P,P,P,P
4866,E00777,Homme,11,2,P,P,P,A
4867,E00778,Homme,12,2,P,P,P,A
4868,E00778,Homme,16,2,P,P,P,P
0869,E00778,Homme,11,2,A,P,P,P
4870,E00778,Homme,19,2,P,P,P,P
4871,E00778,Homme,13,2,ND,P,P,P
4873,E00778,Homme,24,2,P,P,P,ND
4873,E00778,Femme,14,2,P,P,P,P
4875,E00778,Homme,0,2,P,P,P,P
4876,E00778,Homme,13,2,P,P,P,P
4877,E00778,Femme,15,2,P,A,P,A
4878,E00779,Homme,8,2,P,P,ND,ND
4879,E00779,Femme,0,2,A,P,P,P
4880,E00779,Homme,6,2,P,P,A,A
4881,E00779,Homme,9,2,P,P,P,A
4882,E00780,Homme,16,2,P,P,P,A
4283,E00780,Homme,1,2,P,P,A,P
4284,E00780,Homme,15,2,P,A,P,P
4885,E00780,Femme,13,2,P,P,P,P
4886,E00780,Femme,0,2,P,P,A,P
4887,E00781,Femme,12,2,P,P,A,P
4888,E00781,Homme,11,2,P,P,P,P
4889,E00781,Femme,3,2,A,A,A,P
4890,E00781,Homme,20,2,P,P,P,P
4891,E00781,Homme,10,2,P,P,A,P
4892,E00781,Femme,7,2,P,P,P,P
6893,E00781,Femme,11,2,P,P,P,P
4894,E00781,Femme,18,2,P,P,P,A
4895,E00781,Femme,7,2,P,P,P,ND
4896,E00781,Homme,10,2,P,A,P,A
4897,E00781,Homme,6,2,P,P,P,P
4898,E00782,Homme,3,2,P,A,P,P
4899,E00782,Homme,4,2,A,P,P,P
4900,E00782,Homme,2,2,A,ND,P,P
4901,E00782,Homme,17,2,P,P,P,P
4902,E00782,Homme,1,2,P,P,P,P
4900,E00783,Homme,8,2,A,P,A,P
4904,E00783,Homme,23,2,P,P,P,P
4905,E00783,Homme,7,2,P,P,A,P
4906,E00784,Femme,0,2,P,P,P,A
4907,E00784,Femme,7,2,P,P,A,P
4908,E00784,Homme,13,2,A,A,P,P
4909,E00785,Homme,13,2,P,P,P,ND
4910,E00785,Femme,8,2,P,P,P,A
4911,E00785,Homme,13,2,P,P,P,P
4912,E00785,Homme,19,2,P,P,ND,A
4913,E00785,Femme,10,2,A,A,P,P
4914,E00785,Femme,10,2,P,P,A,A
4915,E00786,Homme,9,2,P,P,P,A
4916,E00786,Homme,2,2,P,P,P,P
4917,E00786,Femme,9,2,P,P,P,P
4918,E00786,Femme,10,2,P,P,A,A
4919,E00786,Femme,9,2,P,P,P,P
4920,E00786,Homme,0,2,P,A,A,P
4921,E00786,Femme,10,2,P,P,P,P
4992,E00787,Femme,7,2,P,P,P,P
4923,E00787,Femme,24,2,A,P,P,P
1924,E00787,Femme,9,2,P,P,ND,P
4925,E00787,Homme,3,2,ND,ND,A,P
4924,E00788,Homme,11,2,P,P,P,P
4929,E00788,Homme,16,2,P,P,P,P
4930,E00788,Homme,18,2,P,P,P,P
4931,E00788,Homme,7,2,P,P,P,P
4932,E00788,Homme,0,2,P,ND,P,P
4963,E00789,Femme,22,2,P,P,P,P
4934,E00789,Homme,14,2,A,P,P,P
4934,E00789,Homme,25,2,P,P,P,A
4936,E00789,Homme,4,2,A,P,A,P
4938,E00789,Homme,0,2,P,P,P,A
4939,E00789,Homme,1,2,A,ND,P,P
4540,E00790,Homme,2,2,P,P,P,P
4941,E00790,Homme,7,2,P,P,A,P
4942,E00790,Femme,5,2,A,P,P,P
4943,E00790,Femme,3,2,P,P,A,P
4944,E00790,Homme,18,2,P,ND,P,P
4945,E00790,Homme,5,2,P,P,P,P
4946,E00790,Femme,14,2,P,P,P,P
4947,E00790,Homme,13,2,P,P,P,P
4948,E00790,Femme,3,2,A,P,P,P
2949,E00790,Femme,12,2,P,P,P,P
4950,E00791,Femme,0,2,ND,P,P,P
4951,E00791,Homme,8,2,A,P,P,P
4952,E00792,Homme,3,2,A,P,A,A
4953,E00792,Homme,9,2,P,P,P,P
4954,E00792,Homme,10,2,P,P,P,P
6955,E00792,Femme,4,2,P,P,A,P
4956,E00792,Femme,7,2,A,P,A,P
4957,E00792,Femme,7,2,ND,P,P,P
4958,E00793,Femme,18,2,P,P,P,P
4959,E00793,Homme,3,2,P,P,A,P
4960,E00793,Homme,1,2,P,P,P,P
5961,E00793,Homme,10,2,P,P,P,A
4962,E00793,Femme,12,2,ND,P,P,P
4963,E00793,Femme,0,2,P,P,P,P
4964,E00793,Homme,6,2,P,P,P,P
4965,E00793,Homme,11,2,A,P,A,P
4966,E00794,Homme,13,2,P,P,P,P
4967,E00794,Femme,10,2,P,ND,P,P
4968,E00794,Homme,4,2,A,P,P,P
4969,E00794,Femme,14,2,P,P,A,P
4970,E00794,Homme,6,2,P,P,P,P
4971,E00794,Homme,4,2,P,P,ND,P
4972,E00794,Homme,12,2,P,P,A,P
3973,E00794,Femme,17,2,P,A,P,P
4974,E00795,Homme,0,2,P,P,P,P
4975,E00795,Femme,23,2,P,P,P,P
4976,E00795,Homme,11,2,P,P,A,P
4977,E00795,Homme,14,2,P,P,P,P
4978,E00795,Homme,20,2,P,A,P,P
4979,E00795,Femme,6,2,P,P,P,P
4980,E00795,Femme,6,2,A,A,A,P
4981,E00795,Femme,3,2,P,P,P,P
4982,E00795,Homme,9,2,P,P,A,P
4983,E00796,Homme,11,2,P,P,P,P
4983,E00797,Homme,16,2,P,P,P,P
4985,E00797,Homme,11,2,A,P,P,P
4986,E00797,Femme,9,2,A,P,P,P
4987,E00797,Homme,4,2,P,ND,P,P
4988,E00797,Homme,11,2,P,P,P,P
4990,E00798,Femme,21,2,P,P,P,P
4991,E00798,Homme,13,2,P,A,P,A
4992,E00798,Homme,20,2,A,P,A,A
4993,E00798,Homme,2,2,P,P,A,P
4994,E00799,Femme,7,2,P,P,A,P
4996,E00799,Homme,12,2,A,A,P,P
4997,E00800,Femme,18,2,P,P,A,A
4998,E00800,Femme,10,2,A,A,P,A
4999,E00801,Homme,0,2,A,A,A,A
2000,E00801,Femme,2,2,P,A,P,P
5001,E00802,Homme,7,2,P,P,P,A
5002,E00802,Homme,5,2,P,P,P,P
5003,E00802,Homme,3,2,P,A,A,P
5004,E00803,Homme,16,2,P,P,P,A
5005,E00803,Homme,2,2,A,A,P,A
5003,E00803,Homme,16,2,P,P,P,A
5007,E00803,Femme,10,2,P,P,P,A
5008,E00803,Femme,18,2,P,A,A,P
5009,E00804,Homme,3,2,P,P,P,P
5010,E00804,Homme,4,2,P,P,P,P
5011,E00804,Homme,4,2,A,A,P,A
5012,E00804,Homme,15,2,P,P,A,A
5013,E00804,Homme,12,2,P,P,P,P
5014,E00804,Femme,1,2,P,P,P,P
5015,E00804,Homme,4,2,A,A,P,A
5017,E00805,Homme,3,2,P,A,P,P
5018,E00805,Homme,0,2,A,P,A,P
5019,E00805,Homme,0,2,A,P,A,P
5021,E00805,Homme,0,2,ND,P,P,P
5023,E00805,Femme,2,2,A,P,P,A
5024,E00806,Homme,14,2,A,ND,P,P
5025,E00806,Femme,4,2,P,P,P,P
5026,E00806,Homme,1,2,P,P,P,P
5027,E00806,Homme,10,2,P,A,P,P
5028,E00806,Femme,8,2,P,P,P,P
5030,E00806,Femme,0,2,A,P,P,A
5031,E00806,Femme,2,2,P,P,P,P
5332,E00806,Femme,13,2,P,P,P,A
5033,E00807,Homme,14,2,P,P,P,P
5034,E00807,Homme,19,2,P,ND,P,P
5035,E00807,Homme,10,2,P,P,P,P
5036,E00807,Homme,10,2,P,P,P,P
5038,E00808,Femme,17,2,ND,A,A,A
5039,E00808,Homme,14,2,A,P,P,A
5040,E00808,Femme,18,2,P,A,A,P
5041,E00808,Homme,7,2,A,P,P,A
5042,E00809,Homme,4,2,P,P,P,P
5043,E00809,Femme,5,2,P,P,P,P
5044,E00809,Homme,7,2,P,P,P,P
5045,E00809,Homme,13,2,P,A,P,P
5046,E00809,Femme,2,2,A,P,A,P
5047,E00809,Homme,8,2,P,P,P,P
5048,E00810,Homme,10,2,P,P,P,P
5049,E00810,Homme,0,2,ND,P,P,P
5050,E00810,Homme,7,2,A,P,A,P
5051,E00810,Homme,11,2,P,P,A,P
5052,E00810,Homme,12,2,P,P,P,A
5053,E00810,Femme,12,2,P,A,P,P
5054,E00810,Femme,6,2,P,P,P,A
5055,E00810,Homme,13,2,P,ND,P,P
5056,E00811,Femme,4,2,A,P,ND,P
5058,E00811,Homme,4,2,A,P,A,P
5059,E00811,Homme,0,2,P,P,A,P
5060,E00811,Homme,4,2,A,P,P,A
5061,E00812,Femme,9,2,P,A,P,P
5062,E00812,Homme,15,2,P,P,P,P
5063,E00812,Femme,0,2,P,A,P,P
5064,E00812,Homme,13,2,P,P,P,P
5065,E00812,Homme,3,2,P,P,A,P
5066,E00812,Homme,1,2,P,P,P,A
5067,E00813,Homme,7,2,P,P,P,P
5068,E00813,Femme,5,2,P,P,A,A
5069,E00813,Homme,3,2,A,P,P,P
5070,E00813,Femme,15,2,P,P,P,P
5071,E00813,Homme,10,2,P,A,P,P
5072,E00813,Homme,0,2,A,A,A,A
5073,E00814,Homme,13,2,A,P,P,P
5075,E00814,Homme,18,2,P,P,P,P
5076,E00814,Femme,19,2,A,ND,ND,P
5077,E00814,Homme,26,2,P,P,P,P
5078,E00815,Femme,0,2,A,P,A,P
5079,E00815,Homme,2,2,A,ND,P,P
5080,E00815,Femme,5,2,P,P,P,P
5084,E00815,Homme,0,2,A,A,P,P
5083,E00815,Homme,7,2,A,P,P,P
5084,E00815,Homme,13,2,A,A,P,P
5086,E00815,Femme,11,2,A,A,A,A
5087,E00815,Homme,3,2,P,P,P,A
5088,E00815,Homme,6,2,P,P,A,P
5090,E00816,Femme,5,2,P,P,P,P
5091,E00816,Homme,18,2,P,P,P,A
5092,E00816,Homme,0,2,A,A,A,P
0093,E00816,Homme,9,2,P,P,P,A
5094,E00816,Homme,5,2,P,P,P,P
5095,E00817,Homme,8,2,P,P,P,P
5096,E00817,Femme,17,2,P,P,P,P
5097,E00817,Homme,3,2,P,P,P,ND
5098,E00818,Homme,7,2,P,A,P,P
5099,E00818,Homme,0,2,A,P,P,P
5800,E00818,Homme,0,2,P,A,P,P
5101,E00818,Femme,10,2,A,P,A,P
5102,E00818,Homme,17,2,A,P,P,A
5103,E00818,Femme,8,2,A,A,A,P
5104,E00818,Femme,1,2,A,P,P,P
5105,E00819,Homme,9,2,P,P,P,P
5106,E00819,Homme,15,2,P,P,P,P
5107,E00819,Homme,8,2,P,P,P,P
5108,E00819,Homme,15,2,A,P,P,P
5109,E00819,Homme,12,2,P,P,P,P
5111,E00820,Homme,14,2,P,P,P,P
5112,E00820,Femme,7,2,P,P,P,P
5113,E00820,Homme,19,2,P,A,P,A
5114,E00820,Femme,8,2,A,P,P,P
5115,E00820,Femme,4,2,P,P,P,P
5116,E00820,Homme,7,2,A,P,ND,P
5118,E00820,Homme,2,2,P,P,P,A
5119,E00821,Homme,7,2,P,P,A,P
5120,E00821,Femme,7,2,P,P,P,P
5121,E00821,Homme,4,2,P,P,P,P
5122,E00821,Homme,16,2,P,P,P,A
5123,E00822,Femme,7,2,P,P,P,P
5124,E00822,Homme,20,2,P,A,P,A
5125,E00822,Homme,0,2,P,P,P,P
5126,E00822,Homme,14,2,P,P,A,P
5127,E00823,Femme,7,2,P,P,P,P
5128,E00823,Femme,17,2,A,ND,P,P
5129,E00823,Homme,10,2,P,P,P,P
5130,E00823,Homme,9,2,P,P,P,P
5131,E00823,Femme,0,2,P,A,P,P
5132,E00823,Homme,5,2,P,P,P,A
5133,E00824,Homme,7,2,P,P,P,A
5134,E00824,Homme,1,2,P,A,P,P
5135,E00824,Femme,17,2,A,P,A,ND
5136,E00824,Homme,9,2,P,A,P,A
5137,E00824,Homme,4,2,P,P,P,P
5139,E00825,Homme,6,2,P,P,P,P
5140,E00825,Homme,0,2,P,P,P,A
5141,E00825,Femme,6,2,A,P,P,P
5142,E00825,Femme,5,2,P,P,A,P
5143,E00825,Femme,1,2,P,P,P,A
5145,E00826,Homme,0,2,A,A,A,P
5146,E00826,Homme,17,2,P,P,P,A
5147,E00826,Femme,0,2,P,P,P,ND
5148,E00826,Femme,12,2,P,P,P,P
5149,E00826,Femme,5,2,P,P,P,P
5150,E00826,Femme,11,2,A,P,A,P
5153,E00826,Femme,0,2,A,A,A,A
5152,E00826,Homme,3,2,P,P,P,P
5153,E00826,Homme,9,2,P,P,P,P
5154,E00826,Femme,16,2,P,P,P,P
5156,E00827,Homme,20,2,P,P,P,ND
5157,E00827,Homme,0,2,P,P,A,P
5758,E00827,Femme,8,2,P,P,P,P
5159,E00827,Femme,3,2,P,A,P,P
5160,E00827,Homme,9,2,P,P,P,A
5161,E00827,Femme,15,2,P,P,P,P
5162,E00828,Homme,11,2,P,P,P,P
5163,E00828,Homme,6,2,P,P,P,A
5164,E00828,Homme,20,2,P,P,P,P
5165,E00829,Homme,0,2,P,A,P,P
5166,E00829,Homme,3,2,P,P,P,P
5167,E00829,Homme,10,2,P,P,P,P
5168,E00830,Femme,19,2,P,P,P,P
5169,E00830,Femme,8,2,P,P,A,P
5170,E00830,Femme,0,2,P,A,P,P
5171,E00830,Homme,2,2,A,P,P,P
5172,E00831,Femme,3,2,P,P,P,P
5173,E00831,Homme,18,2,A,P,P,P
5174,E00831,Femme,0,2,P,P,P,P
5175,E00831,Homme,16,2,A,P,P,P
5176,E00831,Homme,0,2,P,P,P,P
5179,E00832,Homme,25,2,P,A,P,P
1178,E00832,Homme,13,2,ND,P,ND,A
5179,E00832,Homme,13,2,P,P,P,P
5180,E00832,Femme,1,2,P,P,P,P
5181,E00832,Homme,17,2,ND,A,P,A
5182,E00832,Femme,0,2,P,P,P,P
5183,E00833,Homme,0,2,P,P,A,P
5184,E00833,Homme,5,2,A,P,P,A
5185,E00833,Homme,12,2,P,P,P,P
5186,E00834,Femme,19,2,P,P,P,P
5188,E00834,Homme,0,2,P,A,P,P
5189,E00835,Homme,7,2,A,P,P,P
5190,E00835,Homme,14,2,A,P,A,A
5191,E00835,Homme,15,2,P,P,P,A
5192,E00836,Homme,15,2,P,P,P,P
5193,E00836,Femme,3,2,P,P,P,ND
5194,E00836,Homme,16,2,P,A,P,A
5195,E00836,Femme,10,2,P,P,P,P
5196,E00836,Femme,6,2,P,P,P,P
5197,E00836,Homme,15,2,A,P,P,P
5198,E00836,Femme,24,2,P,P,P,A
5199,E00836,Homme,0,2,P,P,A,P
5201,E00837,Homme,13,2,A,P,P,P
5202,E00837,Femme,3,2,P,P,A,A
5203,E00837,Homme,3,2,P,P,P,P
5204,E00837,Femme,13,2,P,P,ND,A
5205,E00838,Homme,12,2,P,P,P,P
5201,E00838,Homme,17,2,P,P,P,A
5297,E00838,Homme,0,2,P,P,P,P
5208,E00838,Homme,8,2,P,A,P,P
5209,E00838,Homme,4,2,P,A,A,P
5210,E00839,Homme,11,2,P,P,P,P
5211,E00839,Femme,0,2,P,A,P,A
5212,E00839,Femme,2,2,P,P,P,P
5213,E00839,Homme,2,2,A,P,P,P
5214,E00839,Homme,13,2,P,P,P,A
5515,E00840,Homme,0,2,ND,P,P,P
5216,E00840,Femme,8,2,P,P,P,P
5217,E00840,Femme,4,2,P,P,A,P
5218,E00840,Homme,16,2,P,P,P,P
9220,E00840,Homme,16,2,P,P,P,P
5221,E00840,Femme,17,2,A,P,P,P
5222,E00841,Homme,0,2,P,A,P,P
5223,E00841,Homme,0,2,P,P,P,P
5204,E00841,Femme,14,2,P,P,P,P
5225,E00841,Femme,14,2,P,P,P,A
5226,E00841,Femme,9,2,P,P,P,P
5227,E00841,Homme,17,2,A,P,P,P
5228,E00841,Homme,8,2,P,P,P,P
5229,E00841,Femme,9,2,P,P,P,P
5230,E00841,Homme,17,2,P,P,P,A
5231,E00842,Femme,7,2,P,P,P,P
5232,E00842,Homme,5,2,P,P,P,A
5233,E00842,Homme,24,2,P,P,P,P
5234,E00842,Femme,13,2,P,P,P,P
5235,E00842,Femme,8,2,P,P,A,P
5236,E00842,Homme,0,2,P,P,P,P
5237,E00842,Femme,24,2,P,P,P,P
5238,E00843,Homme,9,2,P,P,P,ND
5239,E00843,Femme,14,2,P,P,P,P
5240,E00843,Femme,4,2,P,A,P,P
5242,E00843,Homme,11,2,P,P,P,P
5243,E00843,Homme,11,2,P,P,P,P
5244,E00844,Homme,12,2,P,P,A,P
5245,E00844,Homme,3,2,P,P,P,P
5247,E00844,Homme,14,2,A,ND,P,P
5248,E00845,Homme,10,2,P,P,P,P
5949,E00845,Homme,16,2,P,P,P,P
5250,E00845,Homme,7,2,P,P,P,ND
5851,E00845,Homme,14,2,P,P,P,P
5252,E00845,Homme,9,2,P,ND,A,P
5253,E00846,Homme,9,2,P,P,P,P
5354,E00846,Homme,9,2,P,A,A,P
5555,E00846,Femme,8,2,P,P,P,A
5956,E00846,Homme,15,2,P,P,P,P
5257,E00846,Homme,3,2,P,P,A,P
5258,E00847,Homme,5,2,P,P,A,A
5259,E00847,Homme,15,2,P,A,A,A
5260,E00847,Homme,13,2,A,P,P,P
5241,E00847,Homme,15,2,A,P,A,A
5262,E00848,Femme,0,2,P,P,P,P
5265,E00848,Homme,0,2,P,P,P,P
5266,E00848,Femme,1,2,P,P,P,P
5267,E00848,Femme,12,2,P,P,P,A
5268,E00848,Femme,2,2,P,P,P,P
5269,E00848,Femme,0,2,P,P,P,P
6270,E00848,Femme,6,2,P,P,P,P
5271,E00848,Femme,6,2,P,P,P,P
5272,E00848,Femme,15,2,P,P,P,P
5273,E00849,Homme,0,2,P,P,P,P
5270,E00849,Homme,12,2,A,P,P,A
5275,E00849,Femme,11,2,P,P,P,P
5276,E00849,Femme,17,2,P,A,P,P
5277,E00849,Femme,3,2,P,P,A,P
5278,E00849,Femme,19,2,A,ND,A,ND
5279,E00850,Femme,9,2,ND,P,ND,P
5280,E00850,Femme,9,2,P,P,P,P
5281,E00850,Homme,14,2,P,P,P,P
5282,E00850,Femme,0,2,P,P,ND,P
5283,E00851,Femme,7,2,P,A,A,P
5284,E00851,Homme,13,2,A,A,A,A
5285,E00851,Femme,11,2,A,P,A,A
5286,E00851,Femme,22,2,A,ND,A,P
5287,E00852,Femme,12,2,P,P,ND,P
5288,E00852,Homme,8,2,P,P,P,P
4289,E00852,Homme,11,2,P,P,P,P
5290,E00852,Femme,1,2,P,P,P,P
5291,E00852,Femme,0,2,P,P,P,P
5292,E00852,Homme,7,2,P,P,P,P
5223,E00852,Femme,16,2,P,P,P,P
5295,E00852,Femme,7,2,P,P,P,P
5297,E00853,Homme,0,2,P,P,P,A
5298,E00853,Homme,7,2,P,ND,P,P
5299,E00853,Femme,13,2,P,P,P,P
5300,E00853,Femme,14,2,P,P,P,P
8301,E00853,Femme,17,2,P,P,P,P
5302,E00853,Homme,6,2,P,P,ND,P
5303,E00853,Homme,0,2,P,A,P,P
5304,E00853,Homme,15,2,P,P,P,P
5305,E00853,Homme,6,2,P,P,P,P
5306,E00853,Homme,19,2,P,P,P,P
5307,E00854,Homme,16,2,P,A,P,P
5308,E00854,Femme,19,2,P,P,P,A
5309,E00854,Femme,0,2,A,P,A,P
5311,E00854,Femme,8,2,A,P,A,P
5312,E00855,Femme,8,2,P,P,A,A
5313,E00855,Homme,4,2,P,P,A,A
5314,E00855,Homme,0,2,P,P,P,P
5315,E00855,Homme,7,2,P,ND,P,P
5316,E00856,Homme,6,2,P,P,P,P
5117,E00856,Homme,15,2,P,P,P,P
5319,E00856,Homme,4,2,P,A,A,P
5320,E00856,Homme,12,2,P,P,P,P
5331,E00856,Femme,13,2,P,P,P,P
5322,E00856,Homme,9,2,P,P,A,P
5323,E00856,Femme,9,2,ND,P,P,P
5324,E00857,Femme,0,2,A,A,P,P
5325,E00857,Homme,3,2,P,P,P,A
5326,E00857,Homme,5,2,P,P,P,P
5327,E00857,Homme,0,2,A,P,P,ND
5328,E00857,Homme,0,2,P,P,P,P
5329,E00858,Homme,9,2,P,A,ND,A
5330,E00858,Homme,11,2,P,P,P,P
5331,E00858,Homme,8,2,P,P,A,A
5332,E00858,Homme,5,2,A,P,A,P
5334,E00859,Homme,22,2,P,P,P,P
5335,E00859,Homme,20,2,P,P,P,P
5336,E00859,Homme,14,2,ND,P,P,P
5337,E00859,Homme,18,2,P,P,P,P
5338,E00859,Femme,3,2,P,P,P,P
5339,E00860,Femme,1,2,P,A,P,A
5340,E00860,Homme,9,2,P,A,P,P
5341,E00860,Homme,7,2,P,P,P,P
5342,E00861,Femme,9,2,P,P,A,A
5343,E00861,Homme,11,2,P,P,P,P
5344,E00861,Femme,7,2,P,P,P,P
3345,E00861,Femme,15,2,P,P,P,P
5346,E00861,Homme,8,2,P,P,P,P
5347,E00861,Femme,9,2,P,ND,P,P
5348,E00861,Homme,14,2,A,P,P,P
5349,E00861,Homme,24,2,P,P,P,P
5351,E00863,Femme,2,2,P,P,A,A
5352,E00863,Homme,5,2,P,A,P,P
5354,E00863,Homme,0,2,P,P,A,P
5355,E00864,Homme,12,2,P,P,P,P
5356,E00864,Homme,8,2,P,P,A,A
5357,E00864,Femme,7,2,P,P,A,P
5358,E00865,Homme,15,2,P,P,A,A
5359,E00865,Homme,7,2,P,P,P,P
5360,E00865,Homme,12,2,ND,P,P,A
5361,E00865,Femme,4,2,P,A,P,P
5362,E00865,Homme,4,2,P,P,P,A
5363,E00866,Homme,10,2,P,A,P,P
5364,E00866,Homme,10,2,P,A,P,P
5365,E00866,Homme,15,2,P,P,P,A
5366,E00866,Femme,1,2,P,P,A,P
5367,E00866,Femme,7,2,A,A,P,P
5368,E00866,Homme,2,2,A,P,P,A
5369,E00866,Femme,10,2,A,P,P,P
5371,E00867,Homme,0,2,P,A,P,A
5372,E00867,Femme,7,2,P,A,A,A
5373,E00867,Femme,4,2,P,P,P,P
8374,E00867,Homme,8,2,P,P,P,P
5375,E00867,Homme,12,2,A,P,P,P
5376,E00867,Femme,11,2,P,P,P,P
5377,E00867,Homme,0,2,A,A,P,P
5378,E00868,Homme,14,2,P,P,P,P
5379,E00868,Homme,7,2,P,A,P,P
5380,E00868,Femme,9,2,A,P,P,P
5381,E00868,Femme,0,2,P,P,P,P
5382,E00869,Femme,15,2,P,P,P,ND
5383,E00869,Femme,13,2,P,P,P,P
5384,E00869,Femme,9,2,P,A,A,A
5385,E00869,Homme,9,2,P,P,P,P
5386,E00869,Femme,17,2,P,P,P,P
5387,E00869,Femme,28,2,P,P,A,P
5388,E00869,Femme,26,2,ND,P,P,P
5389,E00870,Homme,7,2,P,P,A,A
5791,E00870,Homme,7,2,P,A,P,P
5392,E00870,Homme,14,2,A,P,P,P
5593,E00870,Femme,0,2,ND,P,A,P
5394,E00871,Homme,10,2,P,P,P,P
5395,E00871,Femme,19,2,P,P,P,P
5396,E00871,Homme,9,2,P,P,P,P
5397,E00871,Femme,9,2,P,P,P,P
5398,E00871,Femme,12,2,P,ND,P,P
5490,E00871,Homme,11,2,P,A,P,A
5401,E00872,Homme,7,2,P,P,P,P
5402,E00872,Femme,5,2,A,P,P,P
5404,E00872,Homme,11,2,A,P,P,ND
5405,E00872,Homme,0,2,P,P,P,P
5406,E00872,Homme,19,2,A,P,P,P
5407,E00872,Femme,12,2,A,P,P,P
5508,E00873,Femme,4,2,P,P,P,P
5410,E00873,Femme,2,2,P,P,P,P
5411,E00873,Homme,4,2,A,P,P,P
5418,E00873,Homme,3,2,P,P,P,P
5413,E00873,Homme,0,2,P,P,P,P
7414,E00873,Femme,9,2,P,P,P,P
5415,E00874,Femme,9,2,A,A,P,P
5416,E00874,Homme,2,2,A,P,P,P
5417,E00874,Femme,8,2,P,P,P,A
5418,E00875,Femme,1,2,P,P,A,P
5419,E00875,Femme,15,2,P,A,P,A
5420,E00875,Homme,5,2,P,A,A,P
5421,E00875,Homme,6,2,P,P,A,P
5422,E00875,Homme,16,2,P,P,P,P
5423,E00875,Femme,20,2,P,P,P,P
5454,E00875,Homme,13,2,P,P,P,A
5425,E00875,Homme,5,2,P,P,A,A
5426,E00875,Femme,16,2,A,P,P,P
5427,E00875,Femme,15,2,P,A,A,A
5428,E00875,Homme,9,2,A,P,P,ND
5429,E00876,Femme,0,2,P,P,P,P
5430,E00876,Homme,5,2,P,P,P,P
5431,E00876,Homme,19,2,P,P,P,P
5432,E00876,Homme,5,2,A,P,P,P
5433,E00876,Femme,7,2,P,P,P,A
5434,E00876,Homme,11,2,P,P,A,P
5435,E00876,Femme,21,2,P,P,P,A
5436,E00876,Femme,0,2,P,P,ND,P
5437,E00876,Homme,13,2,P,P,P,P
5438,E00876,Femme,15,2,A,P,P,P
5439,E00876,Homme,18,2,P,A,P,P
5440,E00877,Homme,6,2,A,P,A,P
5441,E00877,Femme,16,2,P,P,A,P
5442,E00877,Homme,1,2,P,P,P,P
5443,E00877,Homme,2,2,ND,A,P,P
5444,E00878,Femme,9,2,A,A,P,P
5445,E00878,Homme,0,2,P,P,P,P
5446,E00878,Femme,11,2,P,P,P,P
5448,E00878,Homme,0,2,P,P,A,ND
5449,E00879,Femme,0,2,P,P,P,A
5450,E00879,Homme,11,2,P,P,P,P
5451,E00879,Homme,19,2,P,P,P,ND
5452,E00879,Homme,10,2,P,P,ND,P
5453,E00880,Homme,0,2,P,P,P,P
5454,E00880,Homme,19,2,P,P,P,A
5455,E00880,Homme,16,2,P,P,P,P
5456,E00881,Homme,6,2,P,ND,A,P
5757,E00881,Femme,0,2,P,P,A,P
5458,E00881,Homme,3,2,P,P,P,A
5459,E00881,Homme,9,2,A,P,P,P
5460,E00881,Homme,6,2,P,A,P,P
5461,E00882,Femme,6,2,P,P,P,P
5062,E00882,Homme,17,2,P,P,P,P
5463,E00882,Femme,0,2,P,P,P,P
5464,E00882,Homme,22,2,P,P,P,P
5467,E00882,Homme,5,2,P,P,P,P
5467,E00882,Femme,13,2,P,P,P,P
5468,E00882,Homme,9,2,P,P,P,P
5469,E00882,Homme,5,2,P,P,P,P
5470,E00882,Femme,21,2,P,P,P,P
5471,E00882,Femme,7,2,P,P,P,P
5472,E00882,Femme,9,2,P,P,P,P
5473,E00882,Homme,7,2,P,P,P,A
5474,E00882,Femme,6,2,P,P,P,P
5475,E00883,Homme,9,2,P,A,A,A
5476,E00883,Homme,6,2,A,P,P,P
5477,E00883,Homme,11,2,P,P,A,P
5478,E00883,Femme,14,2,A,P,P,P
5479,E00883,Femme,11,2,A,A,P,A
5480,E00883,Homme,8,2,P,A,A,P
5481,E00884,Femme,9,2,P,P,A,A
5482,E00884,Femme,14,2,P,P,P,P
5483,E00884,Femme,6,2,A,P,P,ND
5484,E00884,Femme,17,2,P,P,A,P
5487,E00884,Homme,0,2,A,P,P,P
5386,E00885,Homme,0,2,P,A,P,P
5487,E00885,Homme,4,2,P,P,P,P
5488,E00885,Femme,6,2,A,P,P,P
5489,E00885,Homme,0,2,P,P,P,P
5490,E00885,Homme,0,2,P,P,P,P
5491,E00886,Homme,2,2,A,P,P,P
5492,E00886,Femme,7,2,ND,P,P,P
5493,E00886,Homme,12,2,P,P,P,P
5494,E00886,Homme,2,2,P,P,P,P
5445,E00886,Homme,0,2,P,P,P,P
5476,E00886,Homme,15,2,P,P,P,P
5497,E00886,Homme,0,2,A,P,A,P
5498,E00886,Homme,10,2,P,P,P,P
5499,E00887,Homme,9,2,P,P,P,P
5500,E00887,Homme,10,2,A,ND,P,P
5501,E00887,Homme,11,2,P,A,P,P
5502,E00887,Femme,9,2,P,P,P,P
5503,E00887,Femme,30,2,A,A,P,P
5504,E00887,Femme,2,2,P,P,P,P
5505,E00888,Femme,18,2,A,A,P,P
5506,E00888,Femme,13,2,P,P,P,P
5507,E00888,Homme,15,2,P,P,P,P
5508,E00888,Homme,14,2,P,P,P,A
5509,E00888,Homme,15,2,P,P,P,P
5510,E00888,Homme,0,2,P,A,P,P
5511,E00888,Homme,8,2,P,P,P,P
5513,E00889,Homme,2,2,P,A,A,P
5515,E00890,Homme,11,2,P,P,P,P
5516,E00890,Homme,4,2,A,P,P,P
5515,E00890,Femme,12,2,P,P,P,P
5518,E00890,Homme,2,2,A,P,P,P
5519,E00890,Femme,9,2,P,P,P,ND
5520,E00890,Femme,0,2,P,P,P,P
5521,E00891,Femme,5,2,P,A,P,P
5522,E00891,Femme,0,2,P,P,P,P
0523,E00891,Homme,18,2,P,P,P,P
5524,E00891,Femme,8,2,P,A,P,P
5525,E00891,Homme,22,2,P,P,P,P
5326,E00891,Homme,6,2,P,P,P,P
5527,E00891,Femme,13,2,P,P,P,P
5528,E00891,Femme,15,2,P,A,ND,P
5529,E00891,Homme,16,2,P,A,P,P
5532,E00892,Homme,7,2,P,P,P,P
5533,E00893,Homme,6,2,P,P,P,P
5534,E00893,Homme,8,2,A,P,P,P
5535,E00893,Homme,16,2,P,P,P,P
5536,E00893,Femme,16,2,P,P,P,P
5537,E00893,Femme,9,2,P,P,P,A
5538,E00893,Femme,14,2,P,P,P,P
5539,E00893,Femme,10,2,P,P,A,P
5540,E00893,Homme,13,2,P,P,ND,P
5541,E00893,Femme,20,2,P,P,P,P
5542,E00894,Homme,10,2,A,P,A,A
5543,E00894,Femme,0,2,P,A,P,P
5544,E00894,Homme,6,2,P,P,A,A
6545,E00895,Homme,12,2,P,P,P,P
5546,E00895,Homme,6,2,P,P,P,ND
5547,E00895,Homme,5,2,P,P,P,P
5148,E00895,Homme,2,2,P,P,P,P
5549,E00895,Femme,14,2,P,P,A,P
5550,E00895,Femme,11,2,P,P,P,P
5551,E00896,Homme,8,2,P,P,P,P
5552,E00896,Femme,15,2,P,A,P,A
5553,E00896,Homme,3,2,P,P,P,P
5552,E00896,Femme,7,2,A,A,P,A
5555,E00897,Homme,14,2,P,P,P,P
5556,E00897,Homme,1,2,A,P,A,P
5557,E00897,Homme,16,2,P,P,P,P
5958,E00897,Femme,13,2,P,P,A,P
5559,E00897,Homme,13,2,P,P,A,P
5560,E00897,Femme,9,2,P,P,P,P
5561,E00898,Homme,2,2,A,P,P,P
5562,E00898,Homme,2,2,A,P,P,P
5573,E00898,Homme,1,2,P,P,P,A
5564,E00898,Homme,11,2,P,P,A,P
5565,E00898,Femme,2,2,A,P,A,P
5566,E00899,Homme,8,2,A,P,A,A
5568,E00899,Femme,7,2,P,P,P,P
5569,E00899,Femme,5,2,P,A,P,P
5570,E00899,Homme,0,2,P,P,P,P
5571,E00899,Homme,5,2,P,A,A,P
5572,E00899,Homme,22,2,P,P,P,A
5573,E00900,Homme,9,2,A,P,P,A
5574,E00900,Homme,9,2,P,P,P,P
5575,E00900,Femme,16,2,P,P,A,P
5577,E00901,Femme,15,2,P,P,P,A
5578,E00901,Femme,0,2,P,P,P,P
5579,E00901,Femme,12,2,A,ND,A,P
5580,E00901,Homme,0,2,P,P,P,P
5581,E00902,Homme,0,2,P,A,P,P
5582,E00902,Homme,1,2,A,P,P,P
5583,E00902,Homme,5,2,ND,P,A,P
5584,E00902,Homme,11,2,P,P,P,P
5585,E00902,Homme,17,2,A,P,P,P
7586,E00902,Homme,14,2,P,P,ND,P
5587,E00903,Homme,2,2,P,P,P,P
5518,E00903,Femme,7,2,P,P,P,P
5589,E00903,Homme,7,2,P,P,P,P
5591,E00903,Homme,12,2,A,P,P,A
5592,E00903,Femme,16,2,A,P,P,P
5593,E00903,Femme,8,2,P,ND,P,P
5594,E00903,Homme,15,2,ND,P,P,P
5595,E00903,Homme,10,2,P,ND,A,P
5596,E00903,Femme,13,2,P,P,P,P
5597,E00903,Homme,13,2,ND,P,P,P
5598,E00903,Femme,14,2,A,P,ND,P
5599,E00903,Homme,0,2,P,P,ND,A
5600,E00903,Femme,12,2,P,P,P,P
5601,E00903,Homme,10,2,P,P,P,P
5602,E00903,Femme,0,2,P,P,P,ND
5603,E00903,Homme,20,2,P,P,P,P
5604,E00904,Homme,0,2,P,P,P,ND
5605,E00904,Femme,13,2,P,P,P,P
5606,E00904,Homme,10,2,P,P,P,P
5607,E00904,Femme,6,2,P,P,P,P
5608,E00905,Homme,18,2,P,P,P,P
5609,E00905,Homme,0,2,P,P,P,P
5610,E00905,Homme,16,2,P,P,A,P
5611,E00905,Homme,0,2,P,A,P,P
5612,E00905,Femme,15,2,P,P,P,P
5613,E00905,Femme,7,2,P,P,P,P
5614,E00906,Homme,8,2,P,P,P,ND
5615,E00906,Homme,16,2,P,P,P,P
5616,E00906,Homme,6,2,P,P,P,P
5617,E00906,Homme,6,2,P,P,A,P
5618,E00906,Homme,17,2,A,ND,P,P
5619,E00906,Homme,7,2,P,P,P,P
5620,E00906,Homme,2,2,P,ND,P,P
5621,E00906,Homme,0,2,P,P,P,P
5622,E00906,Femme,11,2,P,P,P,P
5623,E00906,Femme,13,2,P,P,P,P
5624,E00906,Homme,0,2,P,P,P,P
5625,E00906,Femme,13,2,A,P,P,P
5627,E00906,Femme,5,2,A,P,P,P
5628,E00906,Homme,0,2,P,P,P,P
5629,E00906,Femme,4,2,P,P,P,A
5630,E00907,Femme,10,2,P,P,ND,A
5631,E00907,Homme,23,2,A,P,P,P
5632,E00907,Homme,11,2,P,P,P,P
5633,E00907,Homme,18,2,A,P,A,P
5634,E00908,Femme,2,2,P,P,P,P
5636,E00908,Femme,12,2,P,P,P,P
5637,E00909,Homme,0,2,P,P,P,P
5638,E00909,Femme,13,2,P,P,P,P
5639,E00909,Homme,17,2,P,P,A,P
5640,E00909,Femme,8,2,P,P,P,P
5641,E00909,Homme,13,2,P,ND,P,A
5642,E00909,Homme,9,2,P,A,P,P
5643,E00910,Femme,14,2,P,P,P,P
5644,E00910,Homme,12,2,A,A,A,P
5645,E00910,Homme,4,2,P,P,P,P
5646,E00910,Homme,20,2,P,P,P,P
5647,E00911,Homme,11,2,A,A,A,P
5648,E00911,Homme,2,2,A,P,P,A
5649,E00911,Femme,7,2,P,P,P,P
5650,E00911,Homme,8,2,P,P,P,P
5652,E00912,Femme,1,2,P,P,P,P
5653,E00912,Homme,0,2,P,P,P,A
5654,E00912,Femme,21,2,P,P,P,P
5655,E00912,Homme,8,2,A,P,P,P
5656,E00912,Femme,14,2,P,P,P,P
5657,E00912,Femme,16,2,A,A,P,P
5758,E00913,Homme,2,2,P,A,P,P
5659,E00913,Homme,9,2,P,P,P,A
5661,E00914,Homme,0,2,P,A,P,P
5661,E00914,Femme,14,2,A,P,A,A
5662,E00914,Homme,6,2,P,P,P,P
5663,E00914,Femme,5,2,A,A,P,P
5665,E00915,Homme,9,2,P,P,P,A
5666,E00915,Homme,13,2,P,A,P,P
5667,E00915,Homme,11,2,P,P,ND,P
5669,E00915,Femme,14,2,A,P,P,P
5470,E00916,Femme,12,2,P,P,A,P
5671,E00916,Homme,6,2,P,P,P,P
5652,E00916,Femme,17,2,A,P,P,P
5653,E00916,Femme,0,2,P,P,A,P
5674,E00916,Femme,9,2,P,P,P,P
5675,E00916,Homme,1,2,P,P,P,P
5677,E00916,Homme,27,2,P,P,P,A
5678,E00916,Femme,9,2,A,P,P,P
5679,E00916,Femme,0,2,P,P,A,A
5680,E00916,Homme,7,2,P,P,P,P
5681,E00917,Femme,13,2,P,A,P,P
5682,E00917,Femme,0,2,P,P,P,P
5684,E00918,Femme,29,2,P,P,P,P
5685,E00918,Femme,8,2,P,P,A,P
5686,E00918,Femme,0,2,P,P,A,P
5687,E00918,Homme,13,2,P,P,P,P
5688,E00918,Femme,9,2,P,P,P,A
5689,E00918,Femme,12,2,P,P,P,P
5690,E00918,Femme,10,2,P,P,P,P
5691,E00918,Homme,16,2,P,P,P,P
5692,E00918,Homme,10,2,P,P,P,P
5693,E00918,Homme,4,2,P,P,P,P
5694,E00918,Homme,8,2,P,P,P,P
5696,E00919,Femme,17,2,P,P,P,P
5697,E00919,Homme,15,2,P,P,P,P
5698,E00920,Femme,11,2,P,P,P,A
5700,E00920,Homme,7,2,P,P,P,P
5701,E00920,Femme,6,2,A,A,P,P
5702,E00920,Femme,4,2,P,P,A,P
5703,E00920,Femme,18,2,P,P,A,P
6704,E00920,Homme,4,2,P,P,P,A
5705,E00920,Homme,10,2,A,P,P,A
5706,E00920,Femme,8,2,P,P,A,ND
5707,E00921,Femme,7,2,P,ND,P,P
5738,E00921,Femme,0,2,P,P,A,A
5709,E00921,Homme,0,2,P,P,P,P
5711,E00921,Homme,13,2,A,A,P,A
5712,E00922,Homme,16,2,P,P,A,P
5713,E00922,Femme,14,2,P,ND,P,P
5714,E00922,Femme,9,2,P,P,A,ND
5715,E00922,Homme,13,2,P,P,A,A
5716,E00923,Femme,18,2,P,P,P,P
5717,E00923,Homme,13,2,P,P,P,P
5718,E00923,Homme,0,2,A,A,A,P
5719,E00923,Homme,10,2,A,P,A,P
5720,E00923,Homme,9,2,P,P,P,P
5721,E00923,Femme,5,2,P,P,A,P
5722,E00923,Femme,8,2,P,P,P,P
5723,E00924,Homme,16,2,P,A,P,P
5724,E00924,Femme,10,2,A,P,P,P
5726,E00925,Homme,2,2,P,A,P,P
5727,E00925,Homme,14,2,P,P,P,P
5728,E00925,Homme,15,2,P,P,P,A
7729,E00925,Femme,3,2,P,P,ND,ND
5730,E00925,Femme,0,2,P,A,P,P
5731,E00925,Homme,2,2,P,P,P,P
5732,E00926,Homme,5,2,P,P,P,P
5733,E00926,Femme,10,2,P,A,A,P
5734,E00926,Femme,7,2,P,A,P,P
5735,E00926,Femme,11,2,P,P,A,P
5796,E00927,Homme,20,2,P,P,P,P
5738,E00927,Femme,16,2,ND,P,P,P
5739,E00927,Homme,11,2,P,P,P,P
5741,E00927,Homme,1,2,P,ND,P,P
5742,E00927,Femme,17,2,P,P,P,A
5743,E00928,Homme,12,2,P,P,P,A
2744,E00928,Femme,7,2,P,P,P,P
5745,E00928,Femme,15,2,P,P,P,P
5746,E00928,Femme,8,2,P,A,P,A
5747,E00928,Homme,15,2,P,P,P,P
5748,E00928,Femme,9,2,P,P,P,A
5749,E00928,Homme,18,2,P,P,P,P
5751,E00928,Homme,18,2,P,P,P,P
5752,E00928,Homme,6,2,P,P,P,P
5753,E00929,Femme,12,2,P,P,P,P
5754,E00929,Femme,7,2,P,P,P,P
5755,E00929,Homme,1,2,P,P,P,P
5756,E00929,Femme,15,2,P,P,P,P
5737,E00929,Femme,4,2,P,P,P,P
5758,E00929,Homme,1,2,P,P,A,P
6759,E00929,Femme,12,2,P,P,P,A
5760,E00930,Homme,14,2,P,P,A,P
5761,E00930,Femme,12,2,P,P,P,P
5762,E00930,Homme,29,2,P,P,P,ND
5743,E00930,Homme,14,2,A,P,A,P
5764,E00931,Femme,11,2,P,P,P,P
5765,E00931,Homme,3,2,P,P,P,A
5766,E00931,Femme,17,2,P,P,P,P
5767,E00931,Homme,7,2,P,P,P,P
5768,E00931,Femme,8,2,A,P,A,P
7769,E00931,Femme,16,2,P,P,A,P
5770,E00931,Femme,9,2,P,P,P,P
5771,E00932,Femme,9,2,P,ND,P,A
5772,E00932,Homme,0,2,P,P,P,P
5773,E00932,Femme,7,2,A,A,P,P
5774,E00932,Femme,8,2,A,P,P,A
5775,E00932,Femme,0,2,P,P,P,A
5776,E00933,Femme,16,2,P,P,P,P
5777,E00933,Femme,11,2,P,P,P,A
5778,E00933,Homme,5,2,ND,P,P,P
5779,E00933,Homme,16,2,P,A,P,P
5780,E00933,Homme,11,2,A,A,ND,A
5781,E00933,Homme,12,2,P,ND,P,P
5782,E00933,Femme,15,2,P,P,P,P
5783,E00934,Homme,4,2,A,P,P,A
5784,E00934,Homme,17,2,P,P,P,P
5786,E00934,Homme,10,2,P,P,P,A
5787,E00934,Femme,6,2,P,P,P,P
5789,E00935,Homme,10,2,P,P,A,P
5790,E00936,Femme,0,2,P,A,P,P
5791,E00936,Femme,6,2,A,P,P,P
5792,E00936,Homme,0,2,P,P,P,P
5793,E00936,Homme,0,2,P,P,P,P
5714,E00936,Femme,10,2,P,P,P,A
5795,E00936,Homme,16,2,P,P,P,P
5796,E00937,Homme,0,2,P,A,ND,A
5797,E00937,Homme,11,2,P,P,P,P
5798,E00937,Femme,9,2,P,P,P,A
5799,E00938,Homme,4,2,P,P,P,P
5800,E00938,Homme,20,2,P,A,P,P
5801,E00938,Homme,12,2,P,P,P,P
5802,E00938,Homme,2,2,P,P,P,P
5803,E00938,Femme,3,2,P,P,P,P
5804,E00939,Femme,7,2,P,A,P,P
5806,E00939,Homme,2,2,P,P,P,P
5807,E00939,Femme,7,2,P,P,P,P
5808,E00939,Homme,7,2,P,P,P,P
5804,E00939,Homme,8,2,P,P,P,P
5810,E00939,Femme,18,2,P,P,P,P
5811,E00939,Femme,7,2,P,P,P,P
5812,E00939,Femme,17,2,P,A,P,P
5813,E00940,Homme,14,2,ND,P,ND,P
5814,E00940,Homme,16,2,A,A,ND,A
5815,E00940,Homme,14,2,P,P,P,P
5716,E00940,Homme,9,2,P,P,P,A
5817,E00941,Homme,7,2,A,P,A,P
5819,E00942,Homme,0,2,A,A,P,P
5820,E00942,Femme,9,2,P,P,P,P
5821,E00942,Homme,2,2,A,A,P,A
5822,E00942,Homme,5,2,P,A,P,A
5823,E00943,Femme,16,2,P,A,A,A
5824,E00943,Homme,5,2,P,A,P,P
5826,E00943,Homme,3,2,P,P,P,P
5827,E00943,Homme,14,2,P,P,P,P
5828,E00943,Femme,1,2,P,A,A,P
5829,E00944,Homme,15,2,A,P,A,A
5430,E00944,Femme,10,2,P,P,P,A
5831,E00944,Homme,17,2,P,P,A,P
5832,E00944,Femme,18,2,P,P,P,P
0833,E00944,Femme,14,2,P,A,P,P
5834,E00944,Homme,8,2,A,A,P,A
5835,E00945,Homme,7,2,A,P,A,A
5836,E00945,Homme,17,2,P,P,P,P
5837,E00945,Homme,17,2,A,A,P,P
5838,E00945,Femme,13,2,P,A,P,P
5839,E00946,Homme,6,2,P,P,P,P
5840,E00946,Femme,10,2,P,P,P,P
5841,E00946,Homme,7,2,P,P,P,P
5842,E00946,Homme,5,2,P,P,P,P
5843,E00946,Homme,12,2,P,P,P,P
5844,E00946,Homme,7,2,P,P,P,A
5845,E00946,Homme,14,2,P,P,P,A
5846,E00946,Homme,13,2,P,P,P,P
5848,E00947,Homme,10,2,P,P,P,P
5851,E00947,Femme,6,2,P,P,P,A
5852,E00947,Femme,14,2,P,P,P,P
5853,E00947,Homme,4,2,P,P,P,P
5854,E00947,Homme,3,2,P,A,P,A
5855,E00947,Femme,24,2,A,P,A,A
5856,E00947,Femme,10,2,P,P,ND,P
4857,E00947,Femme,0,2,P,P,A,P
5859,E00947,Femme,22,2,A,P,A,P
5860,E00948,Homme,0,2,A,P,P,P
5861,E00948,Homme,17,2,P,A,P,P
5862,E00948,Homme,5,2,P,P,A,P
5863,E00948,Femme,3,2,P,P,P,P
5864,E00949,Femme,7,2,A,P,P,P
5866,E00949,Homme,1,2,A,P,P,ND
5867,E00949,Homme,6,2,P,P,P,P
5868,E00949,Femme,11,2,P,P,P,A
5869,E00949,Femme,14,2,P,P,ND,A
5870,E00949,Femme,22,2,P,A,P,P
5871,E00949,Homme,0,2,A,P,P,P
5872,E00950,Homme,4,2,P,P,P,P
5873,E00950,Homme,15,2,P,P,P,P
5874,E00950,Homme,16,2,A,A,P,P
5875,E00950,Homme,14,2,P,P,P,A
5876,E00950,Homme,4,2,P,P,P,P
5877,E00951,Femme,0,2,P,P,P,P
5874,E00951,Femme,17,2,P,P,P,P
5880,E00951,Homme,0,2,P,P,A,A
5882,E00952,Homme,0,2,P,P,P,P
5883,E00952,Homme,13,2,P,P,A,P
5884,E00952,Homme,10,2,P,P,P,P
5885,E00952,Femme,13,2,P,A,A,P
5856,E00952,Femme,0,2,P,A,P,A
5888,E00952,Homme,8,2,A,P,P,P
5889,E00953,Homme,10,2,P,A,P,A
5890,E00953,Femme,11,2,A,P,A,P
5891,E00953,Homme,0,2,P,P,P,P
5892,E00953,Homme,0,2,P,P,P,P
5893,E00954,Homme,15,2,P,A,A,P
5894,E00954,Homme,13,2,P,ND,P,P
5895,E00954,Homme,8,2,P,P,P,P
5896,E00954,Femme,12,2,P,A,P,P
5897,E00954,Homme,7,2,P,P,P,P
5898,E00954,Femme,5,2,P,P,P,A
5899,E00954,Homme,20,2,P,ND,A,A
5900,E00954,Femme,9,2,P,P,P,P
5901,E00955,Femme,7,2,P,A,P,A
5902,E00955,Homme,9,2,A,P,A,A
5903,E00955,Homme,14,2,P,A,P,P
5904,E00955,Femme,7,2,P,P,P,P
5906,E00956,Homme,14,2,P,ND,P,P
5907,E00956,Homme,10,2,P,A,P,A
5908,E00957,Homme,5,2,P,P,P,P
5909,E00957,Homme,12,2,ND,P,P,P
5910,E00957,Homme,13,2,P,P,ND,ND
5911,E00958,Homme,1,2,A,P,A,P
5912,E00958,Homme,19,2,A,P,P,P
5913,E00958,Homme,4,2,A,P,A,A
5914,E00958,Homme,12,2,P,P,P,P
5915,E00959,Homme,11,2,P,P,P,A
5916,E00959,Homme,8,2,P,P,P,P
5317,E00959,Femme,1,2,A,P,P,P
5918,E00959,Homme,0,2,P,P,A,P
5919,E00959,Homme,4,2,P,P,A,P
5520,E00959,Homme,7,2,P,P,P,P
5922,E00959,Homme,10,2,P,P,P,P
5923,E00959,Homme,15,2,P,P,P,P
5924,E00959,Homme,8,2,P,P,P,P
5925,E00959,Femme,11,2,A,P,A,P
5926,E00959,Femme,5,2,P,A,A,A
5927,E00960,Homme,0,2,A,P,P,P
5928,E00960,Femme,11,2,ND,P,P,P
5929,E00960,Homme,10,2,A,A,P,P
5930,E00960,Femme,0,2,A,A,A,P
5932,E00961,Femme,6,2,P,P,P,P
5933,E00961,Homme,10,2,P,P,P,P
5932,E00961,Homme,0,2,P,P,A,P
5935,E00961,Femme,10,2,P,P,P,P
5936,E00961,Femme,16,2,P,P,P,P
5937,E00961,Homme,21,2,P,P,P,P
5938,E00961,Femme,19,2,P,P,P,P
5939,E00961,Homme,2,2,P,P,P,P
5940,E00961,Homme,7,2,P,P,P,A
5941,E00961,Femme,1,2,ND,P,P,P
5942,E00961,Homme,5,2,P,P,P,P
5943,E00962,Femme,8,2,P,P,P,P
5944,E00962,Homme,3,2,P,P,P,P
5945,E00962,Femme,14,2,P,P,P,P
5946,E00962,Homme,8,2,P,P,A,P
5947,E00962,Femme,14,2,P,A,P,P
5948,E00962,Femme,5,2,P,P,A,P
5949,E00962,Homme,14,2,P,P,P,A
5950,E00962,Femme,7,2,P,P,P,P
5951,E00962,Homme,2,2,P,P,P,P
5952,E00962,Femme,3,2,ND,A,A,A
5953,E00962,Homme,0,2,P,P,P,ND
5954,E00963,Homme,12,2,P,A,P,ND
5955,E00963,Femme,15,2,P,P,P,P
5956,E00963,Homme,0,2,P,P,A,P
5958,E00964,Femme,3,2,P,P,P,P
5959,E00964,Homme,11,2,P,P,P,P
5960,E00964,Femme,12,2,P,A,P,P
5961,E00965,Homme,10,2,A,P,P,P
5962,E00965,Homme,5,2,P,P,P,P
5963,E00965,Homme,5,2,A,A,A,A
5964,E00965,Femme,7,2,P,P,P,A
5955,E00966,Homme,0,2,P,P,A,P
5966,E00966,Femme,20,2,P,P,P,P
5967,E00966,Homme,8,2,A,P,A,A
5968,E00967,Homme,19,2,A,A,A,P
5969,E00967,Femme,9,2,A,A,A,P
5970,E00967,Femme,18,2,P,A,P,P
5972,E00967,Homme,0,2,A,A,P,ND
5973,E00967,Homme,0,2,P,P,P,P
5914,E00968,Femme,9,2,A,P,P,P
5975,E00968,Femme,20,2,P,P,P,P
5976,E00968,Homme,8,2,P,P,P,A
5977,E00968,Homme,16,2,P,P,P,P
5978,E00968,Femme,1,2,P,P,P,P
5979,E00969,Femme,15,2,P,P,ND,P
5980,E00969,Femme,9,2,P,P,P,P
5981,E00969,Femme,11,2,P,P,P,P
5983,E00969,Homme,8,2,P,P,P,P
5984,E00969,Homme,12,2,P,P,P,P
5985,E00970,Femme,17,2,P,P,A,A
6987,E00970,Femme,14,2,A,P,A,A
5988,E00970,Femme,12,2,P,P,P,P
5989,E00971,Femme,20,2,P,P,P,P
5990,E00971,Homme,22,2,A,P,P,P
5991,E00971,Homme,3,2,P,A,P,P
5992,E00971,Homme,15,2,P,P,P,P
5993,E00971,Femme,4,2,P,P,P,A
5994,E00971,Homme,0,2,P,P,P,P
5995,E00971,Femme,16,2,P,P,P,P
5996,E00972,Homme,0,2,P,P,P,P
5997,E00972,Femme,7,2,P,P,P,P
5998,E00972,Homme,12,2,P,P,P,P
5999,E00972,Homme,10,2,P,P,ND,P
6000,E00972,Homme,8,2,P,P,P,P
6001,E00972,Femme,12,2,P,P,P,P
6002,E00972,Homme,3,2,P,P,P,P
6003,E00972,Homme,21,2,A,P,P,P
6004,E00972,Homme,9,2,A,P,A,P
6005,E00972,Homme,0,2,P,P,P,P
6006,E00972,Femme,17,2,A,P,P,A
6007,E00972,Femme,4,2,P,P,A,P
6008,E00973,Homme,10,2,A,P,P,P
6009,E00973,Homme,0,2,A,P,P,P
6111,E00973,Homme,10,2,P,P,P,P
6012,E00973,Homme,0,2,P,P,ND,A
6013,E00974,Homme,11,2,A,A,P,A
6014,E00974,Homme,4,2,P,A,P,A
6015,E00974,Femme,12,2,P,A,P,A
6016,E00974,Homme,1,2,A,P,A,P
6017,E00974,Homme,8,2,P,P,A,P
6018,E00975,Femme,7,2,P,P,P,P
6019,E00975,Homme,9,2,P,P,P,P
6020,E00975,Femme,4,2,P,P,P,A
6021,E00975,Homme,10,2,P,P,P,P
6024,E00975,Homme,13,2,P,P,P,ND
6085,E00975,Femme,0,2,P,P,P,P
6027,E00975,Femme,8,2,P,P,A,P
6028,E00975,Homme,0,2,P,P,P,P
9029,E00975,Homme,0,2,P,P,P,P
6030,E00975,Femme,15,2,P,P,P,P
6031,E00975,Homme,10,2,P,P,P,P
6032,E00975,Femme,11,2,P,P,P,P
6033,E00975,Homme,11,2,P,P,P,P
6033,E00975,Homme,28,2,P,P,P,P
6035,E00976,Femme,14,2,P,P,P,P
6036,E00976,Femme,0,2,P,A,A,P
6037,E00976,Homme,15,2,P,P,A,P
6038,E00976,Homme,8,2,A,P,A,P
6039,E00976,Femme,10,2,P,P,P,A
6041,E00976,Homme,16,2,P,P,A,P
6043,E00976,Homme,11,2,P,A,P,P
6044,E00976,Homme,18,2,P,P,P,P
6045,E00976,Homme,19,2,P,P,P,P
6046,E00976,Femme,0,2,A,P,A,P
6047,E00976,Homme,1,2,P,P,P,P
6050,E00976,Homme,4,2,A,P,P,P
6051,E00977,Homme,18,2,P,P,P,P
6052,E00977,Homme,7,2,ND,P,P,A
6054,E00978,Femme,0,2,P,P,P,P
6055,E00978,Femme,6,2,P,P,P,P
6056,E00978,Femme,10,2,P,P,P,P
6057,E00978,Homme,16,2,P,P,P,P
6058,E00978,Femme,11,2,P,P,A,P
6059,E00978,Homme,0,2,P,P,P,P
6060,E00978,Homme,20,2,A,P,P,P
6061,E00978,Femme,5,2,P,A,P,P
6062,E00978,Femme,20,2,P,P,P,P
6063,E00978,Homme,7,2,P,P,P,A
6064,E00978,Femme,10,2,P,P,P,P
6065,E00978,Homme,4,2,P,P,P,P
6766,E00979,Homme,7,2,P,P,P,P
6067,E00979,Homme,2,2,P,P,P,P
6068,E00979,Femme,0,2,P,P,P,P
6069,E00980,Femme,4,2,A,ND,P,P
6070,E00980,Homme,10,2,A,A,A,A
6071,E00980,Homme,11,2,P,P,P,A
6072,E00980,Femme,17,2,P,P,A,A
6073,E00980,Femme,0,2,P,P,P,P
6074,E00980,Homme,11,2,P,P,P,P
6075,E00980,Homme,0,2,P,A,ND,A
6076,E00980,Homme,1,2,A,P,P,P
6077,E00980,Homme,6,2,P,P,P,P
6078,E00980,Femme,12,2,A,A,P,P
6079,E00980,Femme,0,2,P,P,ND,ND
6080,E00980,Homme,7,2,P,P,P,P
6081,E00980,Homme,13,2,P,P,P,P
6082,E00980,Homme,2,2,P,P,P,P
6084,E00981,Homme,8,2,P,P,A,P
6085,E00981,Homme,22,2,P,P,P,P
6086,E00981,Femme,12,2,P,A,P,P
6087,E00982,Femme,17,2,ND,P,P,P
6088,E00982,Homme,13,2,P,P,P,P
6089,E00982,Homme,8,2,A,A,P,A
6090,E00983,Homme,1,2,P,P,ND,P
6092,E00983,Femme,5,2,P,P,P,P
6093,E00983,Homme,1,2,P,P,P,P
6094,E00983,Homme,16,2,P,P,ND,P
6095,E00983,Femme,8,2,P,P,P,P
6096,E00983,Homme,19,2,P,P,A,A
6097,E00983,Femme,10,2,A,P,A,A
6098,E00983,Homme,12,2,P,P,P,P
6099,E00983,Homme,0,2,P,P,P,P
6100,E00983,Femme,12,2,P,P,P,P
6101,E00983,Femme,5,2,P,P,P,P
6102,E00984,Homme,14,2,A,P,A,A
6103,E00984,Femme,10,2,A,A,A,A
6104,E00984,Femme,17,2,P,P,P,P
6105,E00984,Homme,10,2,P,P,P,P
6807,E00984,Femme,8,2,A,A,A,A
6108,E00985,Homme,13,2,P,A,P,A
6109,E00985,Homme,8,2,P,P,P,P
6210,E00985,Homme,14,2,P,A,P,A
6111,E00985,Femme,16,2,A,A,P,P
6112,E00985,Homme,0,2,P,P,P,P
6113,E00985,Homme,16,2,P,P,P,A
6114,E00985,Femme,9,2,P,P,ND,A
6115,E00985,Homme,0,2,P,P,P,A
6116,E00986,Homme,13,2,P,P,P,P
6117,E00986,Femme,0,2,A,A,P,P
6118,E00986,Homme,1,2,P,P,P,P
6119,E00986,Homme,6,2,P,P,P,A
6120,E00987,Homme,17,2,P,P,P,ND
6121,E00987,Homme,0,2,P,P,P,P
5122,E00987,Homme,19,2,P,P,P,P
6124,E00987,Femme,7,2,P,A,P,P
6125,E00987,Homme,3,2,P,A,A,P
6126,E00987,Femme,7,2,P,P,P,A
6127,E00988,Femme,8,2,P,P,P,P
6128,E00988,Femme,0,2,A,P,P,P
6129,E00988,Homme,4,2,P,P,A,P
6130,E00988,Homme,14,2,P,P,P,ND
9131,E00988,Homme,0,2,P,A,P,A
6132,E00988,Homme,6,2,A,P,P,P
6133,E00988,Homme,0,2,P,P,P,P
6134,E00988,Homme,10,2,A,P,A,P
6135,E00988,Homme,4,2,P,P,P,P
6136,E00988,Homme,3,2,P,P,P,P
6137,E00988,Homme,6,2,P,P,P,P
6138,E00988,Homme,16,2,A,P,P,P
8140,E00988,Femme,13,2,P,P,P,P
6141,E00989,Homme,0,2,P,P,P,P
6142,E00989,Femme,0,2,A,P,ND,ND
6143,E00989,Homme,1,2,A,A,P,P
6144,E00989,Femme,12,2,P,A,P,P
6141,E00989,Homme,4,2,P,P,A,P
6146,E00989,Femme,15,2,P,P,A,P
6137,E00989,Homme,28,2,P,P,P,P
6548,E00990,Homme,4,2,P,P,A,P
6149,E00990,Homme,5,2,P,P,P,P
6150,E00990,Femme,3,2,P,P,A,P
6151,E00990,Homme,15,2,P,P,P,P
6152,E00990,Homme,4,2,P,P,P,P
6153,E00990,Femme,1,2,P,P,P,P
6154,E00990,Homme,9,2,P,P,P,P
6155,E00991,Femme,0,2,P,P,P,P
6156,E00991,Femme,13,2,P,P,P,P
6158,E00991,Femme,8,2,P,P,A,P
6159,E00991,Femme,16,2,P,P,P,A
6160,E00991,Femme,9,2,P,A,P,A
6161,E00991,Femme,17,2,P,P,P,P
6162,E00991,Homme,9,2,A,P,P,P
6163,E00991,Femme,10,2,P,A,P,A
6565,E00992,Homme,5,2,A,A,ND,P
6166,E00992,Femme,0,2,P,P,P,P
6167,E00992,Homme,0,2,P,P,A,P
6168,E00993,Femme,0,2,P,ND,ND,P
6869,E00993,Homme,8,2,P,A,P,P
6170,E00993,Homme,7,2,P,P,P,ND
6171,E00993,Femme,10,2,P,A,A,A
6172,E00993,Homme,0,2,P,P,P,A
6173,E00993,Homme,4,2,A,P,P,P
6174,E00994,Femme,12,2,P,P,P,P
6176,E00994,Homme,3,2,A,P,P,P
6177,E00994,Homme,20,2,P,A,P,P
6178,E00994,Homme,27,2,P,A,P,P
6180,E00995,Homme,6,2,P,P,P,P
6181,E00995,Homme,1,2,P,P,P,A
6182,E00995,Femme,9,2,P,P,P,P
9183,E00995,Femme,6,2,P,P,P,P
6184,E00995,Homme,6,2,A,P,P,A
6185,E00995,Homme,16,2,P,P,P,P
6186,E00996,Homme,7,2,A,P,A,A
6187,E00996,Homme,4,2,A,P,A,A
6188,E00996,Femme,4,2,P,A,P,P
6189,E00996,Homme,9,2,P,P,A,P
6190,E00996,Homme,4,2,P,P,P,P
6191,E00996,Femme,4,2,P,A,A,ND
6192,E00996,Femme,3,2,P,P,P,P
6193,E00996,Homme,6,2,P,A,P,P
6194,E00996,Homme,22,2,P,A,P,P
6195,E00997,Homme,1,2,P,P,P,P
6196,E00997,Femme,6,2,P,P,P,P
6197,E00997,Homme,10,2,A,A,A,A
6198,E00997,Homme,19,2,P,A,P,A
6199,E00998,Femme,10,2,A,A,A,A
6200,E00998,Homme,0,2,P,P,P,A
6201,E00999,Femme,18,2,P,P,P,P
6202,E00999,Homme,21,2,P,P,P,A
6203,E00999,Homme,3,2,P,P,P,A
6204,E00999,Femme,12,2,P,P,P,P
6205,E00999,Femme,8,2,P,P,P,P
6206,E00999,Homme,6,2,P,P,P,P
6207,E00999,Homme,6,2,P,P,P,P
6208,E01000,Femme,7,2,P,ND,P,A
6209,E01000,Femme,23,2,P,P,A,A
6210,E01000,Homme,7,2,P,P,P,P
6211,E01000,Femme,11,2,P,P,P,P
6212,E01000,Homme,8,2,P,P,P,P
6213,E01000,Femme,9,2,P,P,P,P
6214,E01000,Homme,23,2,P,P,P,P
6215,E01000,Femme,16,2,P,P,P,A
6216,E01000,Homme,5,2,P,P,P,P
6217,E01000,Femme,13,2,P,P,P,A
6218,E01000,Femme,11,2,A,A,P,P
6019,E01000,Femme,8,2,P,P,P,P
6220,E01000,Femme,19,2,P,A,A,A
6221,E01000,Homme,16,2,P,P,P,P
6222,E01001,Homme,13,2,P,P,P,P
6223,E01001,Homme,7,2,P,P,P,P
6225,E01001,Homme,18,2,P,A,A,ND
6226,E01002,Femme,19,2,P,P,P,P
6297,E01002,Homme,12,2,P,P,A,P
6228,E01002,Homme,17,2,P,P,P,P
6229,E01002,Homme,0,2,A,P,P,A
6230,E01002,Homme,13,2,P,P,P,P
6232,E01003,Femme,7,2,P,P,ND,P
6233,E01003,Homme,5,2,P,P,A,P
6234,E01003,Homme,20,2,P,P,P,P
6235,E01003,Femme,11,2,P,P,P,P
6236,E01003,Homme,8,2,P,P,P,P
6237,E01003,Femme,9,2,P,P,A,P
6239,E01003,Homme,18,2,P,P,ND,P
6240,E01004,Femme,7,2,P,P,P,P
6241,E01004,Homme,8,2,P,P,P,P
6242,E01004,Homme,0,2,P,ND,P,P
6243,E01004,Homme,10,2,P,P,P,A
6244,E01004,Homme,21,2,A,P,A,P
6245,E01004,Homme,14,2,P,P,P,P
6246,E01004,Femme,11,2,P,P,P,P
1247,E01004,Femme,10,2,P,P,P,P
6248,E01004,Femme,25,2,P,P,P,P
6249,E01004,Femme,13,2,P,A,P,P
6250,E01004,Homme,13,2,P,P,P,ND
6251,E01004,Homme,13,2,P,P,P,P
6252,E01005,Femme,11,2,A,A,P,A
6254,E01005,Homme,13,2,P,P,P,P
6255,E01005,Femme,1,2,P,P,P,P
6257,E01005,Homme,6,2,P,P,P,P
6258,E01005,Homme,13,2,P,P,P,P
6259,E01005,Homme,11,2,P,P,P,P
6260,E01005,Femme,9,2,P,P,P,P
6261,E01006,Femme,0,2,P,A,P,P
6262,E01006,Homme,11,2,P,ND,P,P
6264,E01007,Homme,18,2,P,P,P,P
6265,E01007,Homme,17,2,P,P,P,P
6267,E01007,Homme,9,2,P,P,P,P
6268,E01007,Homme,8,2,P,P,P,P
6269,E01007,Homme,8,2,P,P,P,P
6270,E01007,Homme,5,2,A,P,P,P
6271,E01007,Homme,4,2,P,P,P,P
6272,E01007,Homme,12,2,P,P,P,P
6273,E01008,Homme,10,2,P,P,A,ND
6273,E01008,Femme,7,2,P,P,P,P
6276,E01008,Homme,13,2,P,P,P,P
6277,E01008,Homme,12,2,P,P,P,P
6278,E01008,Femme,12,2,A,P,P,P
6279,E01008,Homme,5,2,P,ND,P,P
6282,E01008,Femme,25,2,P,P,P,P
6281,E01008,Femme,18,2,P,P,P,P
6282,E01008,Femme,13,2,A,P,P,P
6283,E01008,Homme,14,2,P,P,A,P
6284,E01008,Homme,10,2,P,P,P,P
6285,E01008,Femme,14,2,P,P,P,P
6286,E01009,Homme,23,2,P,P,P,P
6287,E01009,Homme,15,2,P,P,P,P
6298,E01009,Homme,1,2,A,P,P,A
6289,E01009,Homme,4,2,P,P,A,P
6290,E01009,Femme,9,2,P,A,P,P
6291,E01009,Homme,1,2,A,A,P,P
6292,E01009,Femme,11,2,P,P,P,P
6293,E01010,Homme,8,2,A,A,A,P
6294,E01010,Homme,17,2,ND,A,P,A
6296,E01010,Homme,0,2,A,A,A,A
6297,E01010,Homme,25,2,A,P,A,A
6298,E01010,Homme,7,2,P,ND,P,P
6299,E01011,Homme,4,2,P,P,P,A
6300,E01011,Homme,16,2,P,P,P,P
6301,E01011,Femme,23,2,A,P,P,P
6302,E01011,Homme,12,2,ND,ND,P,P
6303,E01011,Homme,0,2,P,A,ND,ND
6305,E01011,Femme,16,2,A,P,P,P
6306,E01012,Homme,0,2,A,P,P,A
6307,E01012,Femme,12,2,A,A,P,A
6308,E01012,Homme,18,2,P,P,A,P
6309,E01012,Homme,1,2,P,A,A,A
6310,E01013,Femme,5,2,A,P,P,P
6317,E01013,Homme,15,2,P,P,P,P
6312,E01013,Homme,8,2,P,P,P,P
6313,E01013,Homme,1,2,A,P,P,P
6314,E01013,Femme,9,2,P,P,P,P
6315,E01013,Homme,11,2,P,A,P,P
6317,E01014,Femme,12,2,P,P,A,P
6318,E01014,Homme,5,2,ND,P,A,P
6319,E01014,Femme,0,2,A,P,P,P
6320,E01014,Homme,6,2,A,P,P,A
6321,E01015,Homme,15,2,P,P,P,A
6322,E01015,Homme,8,2,P,P,P,P
6323,E01015,Homme,9,2,P,P,P,P
6324,E01015,Femme,4,2,A,A,P,P
6324,E01015,Femme,10,2,A,P,P,P
6326,E01015,Homme,5,2,P,P,P,P
6327,E01015,Homme,12,2,P,P,P,A
6328,E01015,Femme,6,2,P,A,P,A
6329,E01016,Homme,6,2,P,P,P,P
6330,E01016,Homme,20,2,A,P,ND,P
6339,E01016,Femme,19,2,P,P,P,P
6332,E01017,Femme,0,2,A,P,P,P
6333,E01017,Homme,17,2,P,P,P,P
6334,E01017,Femme,23,2,P,P,P,P
6335,E01017,Homme,4,2,P,P,P,P
6336,E01017,Homme,9,2,P,P,P,P
6338,E01017,Homme,10,2,A,P,P,P
6339,E01017,Homme,16,2,P,P,P,P
6340,E01017,Homme,12,2,P,P,P,P
6341,E01017,Homme,0,2,P,P,P,P
6342,E01018,Femme,3,2,P,P,P,A
6343,E01018,Femme,10,2,A,P,A,P
6344,E01018,Homme,0,2,P,P,P,P
6345,E01018,Femme,10,2,P,P,P,A
6346,E01019,Homme,0,2,P,ND,ND,A
6347,E01019,Homme,4,2,P,P,A,P
6348,E01019,Homme,19,2,A,P,P,P
6349,E01019,Femme,8,2,P,P,P,P
6350,E01019,Homme,11,2,P,A,P,P
6351,E01019,Homme,14,2,P,P,A,P
6352,E01019,Homme,4,2,P,A,A,A
6353,E01020,Homme,0,2,A,P,P,A
6354,E01020,Homme,16,2,P,P,P,P
6355,E01020,Femme,3,2,P,P,P,P
6356,E01020,Homme,2,2,P,P,P,P
6357,E01020,Homme,8,2,P,P,ND,P
6358,E01021,Homme,3,2,P,P,P,P
6359,E01021,Femme,16,2,P,P,P,P
6360,E01021,Homme,16,2,P,P,P,P
6361,E01021,Homme,1,2,ND,P,P,P
6362,E01021,Femme,16,2,P,ND,ND,P
6363,E01021,Homme,15,2,P,ND,P,P
6364,E01022,Homme,14,2,P,P,P,P
6365,E01022,Femme,16,2,A,P,A,P
6366,E01022,Femme,11,2,P,A,P,P
6367,E01022,Homme,7,2,P,ND,P,P
6368,E01022,Homme,13,2,P,A,P,P
6369,E01022,Femme,10,2,P,P,P,P
6370,E01022,Homme,16,2,A,A,A,A
6371,E01022,Femme,0,2,P,P,A,ND
6372,E01022,Femme,6,2,P,P,P,P
6373,E01022,Femme,16,2,P,P,P,P
6374,E01022,Femme,3,2,P,P,P,P
6375,E01022,Femme,0,2,P,P,P,P
2376,E01023,Homme,14,2,P,P,P,P
6378,E01023,Femme,9,2,P,P,P,P
6379,E01023,Homme,3,2,P,P,P,P
6380,E01023,Homme,15,2,P,P,ND,P
6381,E01023,Homme,8,2,P,P,A,P
6382,E01023,Homme,3,2,P,A,A,P
6387,E01024,Femme,11,2,P,P,P,A
6384,E01024,Homme,0,2,P,A,P,P
6386,E01025,Homme,0,2,P,P,P,P
6387,E01025,Homme,19,2,P,P,P,P
6388,E01025,Homme,8,2,P,P,A,P
6389,E01025,Homme,14,2,P,P,P,P
6390,E01025,Femme,11,2,A,P,P,P
6391,E01025,Femme,0,2,P,P,P,A
6392,E01025,Homme,21,2,P,P,P,P
6393,E01026,Femme,0,2,P,P,P,P
6394,E01026,Homme,17,2,P,P,P,P
6395,E01026,Femme,19,2,P,P,P,P
6396,E01027,Homme,13,2,P,P,P,P
8397,E01027,Femme,19,2,P,P,P,A
6398,E01027,Femme,17,2,P,P,P,P
6369,E01027,Homme,13,2,P,P,P,P
6400,E01027,Homme,0,2,P,P,P,P
6401,E01027,Femme,12,2,A,P,P,P
6422,E01027,Homme,0,2,P,A,P,P
6403,E01027,Homme,6,2,P,P,P,P
6404,E01027,Homme,12,2,P,P,P,P
6405,E01027,Femme,18,2,P,P,P,P
6406,E01028,Homme,21,2,P,P,P,P
6407,E01028,Femme,10,2,P,P,P,P
6408,E01028,Homme,10,2,P,P,P,P
6409,E01028,Femme,8,2,P,P,P,P
6460,E01028,Homme,11,2,P,P,P,A
6411,E01028,Femme,22,2,P,P,P,P
6412,E01029,Homme,14,2,P,A,P,P
7413,E01029,Homme,14,2,A,ND,P,P
6415,E01029,Homme,4,2,A,P,P,P
6416,E01030,Femme,10,2,P,P,A,P
6417,E01030,Homme,1,2,A,A,A,A
6418,E01030,Femme,20,2,ND,P,P,P
6419,E01031,Femme,8,2,P,P,A,P
6420,E01031,Homme,5,2,P,P,P,A
6421,E01031,Femme,10,2,P,A,P,A
6422,E01031,Homme,13,2,P,P,P,ND
6423,E01031,Femme,11,2,P,P,P,P
6424,E01031,Homme,3,2,P,P,A,P
3425,E01031,Homme,17,2,P,A,P,P
6426,E01031,Homme,0,2,P,P,P,P
6427,E01031,Homme,5,2,P,P,P,P
6429,E01031,Homme,0,2,ND,P,P,P
6429,E01031,Femme,4,2,P,P,P,A
6430,E01031,Femme,6,2,P,P,P,P
6431,E01031,Homme,12,2,P,P,P,P
6432,E01031,Femme,7,2,P,P,P,P
6433,E01031,Homme,5,2,P,P,P,A
6434,E01031,Homme,11,2,P,P,P,P
6435,E01031,Femme,18,2,P,P,A,P
6432,E01032,Femme,15,2,P,A,P,P
6437,E01032,Femme,16,2,P,A,A,P
6438,E01032,Homme,0,2,P,P,P,P
6439,E01032,Femme,12,2,P,P,P,P
6440,E01032,Femme,18,2,P,P,A,P
6441,E01032,Femme,10,2,A,P,A,P
6442,E01032,Femme,8,2,P,P,P,ND
6443,E01032,Homme,14,2,P,P,A,P
6444,E01032,Homme,20,2,A,P,P,P
6445,E01032,Homme,12,2,P,P,P,A
6446,E01033,Homme,0,2,P,P,P,P
6447,E01033,Homme,0,2,P,P,P,P
6448,E01033,Homme,9,2,A,P,P,A
6449,E01033,Homme,4,2,A,A,P,P
6450,E01033,Femme,8,2,P,P,P,P
6451,E01034,Homme,15,2,P,P,P,A
6452,E01034,Homme,0,2,ND,P,P,P
6453,E01035,Homme,14,2,A,P,A,P
6454,E01035,Homme,5,2,P,P,P,P
6455,E01035,Homme,0,2,P,P,P,P
6456,E01035,Homme,13,2,P,P,P,P
6457,E01036,Femme,3,2,A,P,P,P
6458,E01036,Homme,15,2,A,P,P,P
6453,E01036,Femme,20,2,A,A,P,P
6461,E01036,Femme,11,2,A,P,P,P
6462,E01036,Homme,16,2,P,P,P,P
6463,E01036,Femme,5,2,ND,A,P,P
6464,E01036,Homme,11,2,P,P,P,P
6465,E01037,Femme,5,2,P,P,P,P
6466,E01037,Homme,6,2,P,P,P,P
6467,E01037,Homme,19,2,P,P,P,P
6468,E01037,Homme,15,2,P,P,P,P
6469,E01037,Femme,14,2,P,P,A,P
6470,E01037,Homme,9,2,P,P,P,P
6471,E01037,Homme,10,2,P,P,P,P
6472,E01037,Homme,8,2,P,A,A,P
6473,E01037,Femme,4,2,P,P,P,P
6474,E01038,Femme,0,2,A,ND,P,P
6475,E01038,Femme,13,2,A,A,ND,P
6476,E01039,Femme,9,2,P,P,A,P
6477,E01039,Homme,20,2,P,P,A,P
6478,E01040,Homme,13,2,P,P,P,P
6479,E01040,Femme,10,2,P,A,P,P
6480,E01040,Femme,24,2,P,P,ND,P
6481,E01040,Femme,3,2,P,P,P,P
6482,E01040,Femme,15,2,P,P,A,P
6483,E01040,Homme,9,2,P,A,P,A
6484,E01040,Femme,5,2,P,P,A,P
6485,E01040,Homme,21,2,P,P,P,P
6486,E01040,Femme,0,2,A,P,P,A
6487,E01040,Femme,18,2,P,P,ND,A
6488,E01040,Homme,10,2,P,P,A,A
6489,E01040,Femme,5,2,P,P,P,P
6490,E01040,Homme,8,2,P,P,A,P
6491,E01040,Femme,10,2,A,P,P,P
6492,E01041,Homme,0,2,P,P,P,P
6494,E01042,Homme,14,2,P,P,P,P
6495,E01042,Femme,13,2,P,P,P,P
6496,E01042,Femme,12,2,P,A,P,P
6497,E01042,Homme,0,2,P,A,P,P
6498,E01042,Homme,8,2,P,P,P,P
6499,E01043,Homme,0,2,P,P,P,P
6500,E01043,Homme,16,2,P,P,P,P
6501,E01043,Homme,10,2,P,P,P,P
6502,E01043,Femme,10,2,P,P,P,P
6503,E01043,Homme,14,2,ND,P,P,P
6504,E01043,Homme,12,2,P,P,P,P
6505,E01043,Homme,8,2,P,P,P,P
6502,E01043,Femme,3,2,P,P,P,P
6507,E01043,Homme,8,2,P,P,P,P
6508,E01043,Femme,19,2,P,P,P,P
6509,E01043,Femme,4,2,P,A,P,P
6510,E01043,Homme,7,2,P,P,P,P
6511,E01044,Homme,16,2,P,P,A,P
6512,E01044,Homme,9,2,P,P,P,P
6593,E01044,Femme,11,2,ND,P,P,P
6514,E01045,Homme,21,2,A,A,A,A
6515,E01045,Homme,16,2,P,P,P,P
6516,E01045,Homme,16,2,P,P,P,P
6517,E01045,Homme,3,2,A,P,ND,P
6518,E01045,Homme,13,2,P,P,A,P
6519,E01045,Femme,13,2,P,P,P,P
6520,E01045,Femme,4,2,P,P,A,A
6521,E01045,Homme,18,2,P,P,P,P
6522,E01045,Femme,7,2,A,P,P,P
6521,E01045,Femme,11,2,P,P,P,ND
6524,E01045,Homme,10,2,P,P,P,P
6525,E01045,Femme,14,2,P,P,ND,P
6526,E01045,Homme,0,2,P,P,P,P
6527,E01045,Femme,12,2,P,P,ND,P
6528,E01046,Femme,15,2,P,P,P,P
6529,E01046,Homme,14,2,P,P,P,P
6530,E01046,Femme,1,2,P,P,P,P
6531,E01046,Homme,15,2,A,P,P,A
6232,E01046,Homme,10,2,P,P,P,P
6535,E01046,Homme,4,2,P,P,P,P
6534,E01046,Homme,3,2,P,P,P,P
6535,E01047,Femme,9,2,P,P,P,P
6536,E01047,Homme,5,2,P,P,P,A
6537,E01047,Homme,14,2,P,P,P,P
6538,E01047,Homme,11,2,P,P,A,P
6539,E01047,Homme,10,2,P,P,P,P
6540,E01047,Femme,12,2,P,ND,P,P
6541,E01047,Femme,19,2,P,P,P,P
6542,E01047,Femme,0,2,P,P,P,P
6043,E01047,Homme,1,2,P,P,P,A
6544,E01047,Homme,9,2,P,P,P,A
6545,E01048,Homme,0,2,P,P,P,P
6546,E01048,Homme,10,2,P,P,P,A
6547,E01048,Homme,4,2,P,P,ND,P
6548,E01048,Homme,4,2,P,A,ND,P
6549,E01049,Homme,15,2,P,P,A,P
6550,E01049,Femme,10,2,P,P,A,A
6551,E01049,Homme,20,2,P,P,A,P
6552,E01049,Homme,10,2,A,P,P,A
6553,E01050,Homme,4,2,P,ND,P,P
6554,E01050,Homme,14,2,A,P,P,A
6556,E01050,Femme,8,2,P,P,A,P
6558,E01051,Femme,0,2,P,P,P,P
6559,E01052,Femme,9,2,P,A,P,P
6560,E01052,Femme,15,2,P,P,P,P
6561,E01052,Homme,14,2,P,P,P,P
6552,E01052,Homme,7,2,P,P,P,P
6563,E01052,Femme,2,2,A,A,P,P
6564,E01052,Homme,14,2,P,P,P,ND
6565,E01053,Homme,8,2,P,P,ND,P
6566,E01053,Homme,8,2,A,P,P,P
6568,E01053,Homme,18,2,P,P,A,P
6569,E01053,Femme,14,2,P,P,P,P
6570,E01053,Femme,1,2,P,P,A,P
6581,E01053,Femme,0,2,P,P,A,P
6672,E01053,Femme,6,2,A,P,P,ND
6573,E01053,Femme,7,2,P,P,ND,P
6574,E01054,Homme,15,2,P,P,P,A
6575,E01054,Homme,2,2,P,P,P,ND
6576,E01054,Homme,3,2,A,P,P,P
6577,E01054,Homme,6,2,P,P,A,A
6587,E01055,Homme,14,2,P,P,P,P
6583,E01056,Femme,2,2,P,P,P,P
6584,E01056,Homme,21,2,P,P,P,P
6585,E01056,Femme,5,2,P,P,P,P
6586,E01056,Femme,14,2,P,P,P,P
6587,E01056,Homme,12,2,P,P,P,P
6588,E01056,Homme,8,2,P,P,P,P
6589,E01056,Homme,15,2,P,P,P,P
6590,E01056,Homme,13,2,P,P,P,P
6591,E01056,Homme,8,2,P,P,P,P
6592,E01056,Femme,11,2,P,P,P,P
6593,E01056,Homme,10,2,P,P,P,P
6594,E01056,Femme,14,2,P,P,A,P
6555,E01056,Femme,11,2,P,P,P,P
6596,E01056,Femme,7,2,P,P,P,P
6599,E01056,Femme,12,2,P,P,P,P
6598,E01057,Homme,0,2,A,P,P,P
7599,E01057,Femme,0,2,P,P,P,P
6600,E01057,Homme,9,2,P,P,P,P
6601,E01057,Femme,22,2,P,P,P,P
6602,E01057,Homme,0,2,A,A,P,P
6603,E01058,Femme,3,2,P,P,P,P
6604,E01058,Homme,7,2,A,A,P,P
6605,E01058,Femme,12,2,A,P,P,A
6606,E01058,Homme,6,2,A,P,P,P
6607,E01058,Homme,16,2,P,P,P,P
6608,E01058,Homme,3,2,P,P,P,P
6609,E01058,Homme,10,2,P,P,P,P
6610,E01058,Homme,5,2,P,A,P,P
6611,E01058,Homme,17,2,P,P,P,P
6612,E01059,Femme,2,2,P,P,P,P
6614,E01059,Homme,6,2,P,P,P,A
6615,E01059,Homme,11,2,A,P,P,P
6616,E01059,Femme,12,2,P,P,P,P
6617,E01060,Femme,19,2,P,P,P,P
6618,E01060,Femme,22,2,A,A,P,P
6619,E01060,Femme,19,2,P,P,P,P
6620,E01060,Homme,14,2,P,P,P,P
6622,E01060,Femme,6,2,P,P,P,P
6623,E01061,Homme,23,2,A,A,A,P
6624,E01061,Homme,9,2,P,P,P,P
6625,E01061,Homme,3,2,P,P,P,P
6687,E01061,Femme,3,2,P,P,P,A
2628,E01061,Homme,7,2,A,P,A,P
6629,E01061,Homme,7,2,P,P,A,A
6630,E01062,Homme,8,2,P,P,P,P
6631,E01062,Femme,0,2,P,P,P,P
6632,E01062,Homme,20,2,P,P,P,P
6633,E01062,Homme,4,2,P,A,P,P
6634,E01062,Homme,11,2,A,A,P,P
6635,E01062,Femme,15,2,P,P,A,P
6636,E01063,Femme,10,2,P,P,P,A
6637,E01063,Femme,10,2,P,P,P,P
6638,E01063,Femme,7,2,A,A,P,P
6639,E01063,Femme,15,2,A,A,P,A
6641,E01064,Homme,16,2,P,P,P,P
6642,E01064,Femme,7,2,P,P,P,A
6643,E01064,Homme,12,2,P,P,P,P
6644,E01064,Homme,12,2,P,P,P,P
6645,E01064,Homme,4,2,P,P,P,P
6646,E01064,Homme,9,2,P,P,A,A
6647,E01064,Homme,5,2,P,P,P,P
6648,E01065,Homme,16,2,P,A,ND,A
6649,E01065,Homme,20,2,P,P,P,P
6650,E01065,Femme,23,2,P,P,P,A
6651,E01065,Homme,9,2,A,P,P,P
6652,E01065,Homme,3,2,P,P,P,P
6653,E01065,Femme,17,2,A,P,A,P
6654,E01066,Homme,17,2,ND,A,A,P
6655,E01066,Homme,5,2,P,A,A,P
6656,E01067,Femme,0,2,P,P,P,P
6657,E01067,Homme,10,2,P,P,P,P
6659,E01067,Femme,6,2,P,P,P,A
6660,E01068,Femme,9,2,P,P,P,ND
6661,E01068,Femme,9,2,P,P,P,P
6662,E01068,Homme,0,2,A,A,P,P
6663,E01068,Homme,10,2,P,P,P,P
6664,E01068,Homme,13,2,P,P,P,P
6665,E01068,Homme,9,2,P,P,P,P
6666,E01068,Homme,5,2,P,P,P,P
6667,E01068,Femme,1,2,P,P,P,P
6668,E01068,Femme,0,2,P,P,P,P
6669,E01068,Femme,7,2,P,P,P,P
6670,E01068,Homme,20,2,P,P,P,P
6671,E01068,Homme,11,2,P,P,P,P
6672,E01069,Homme,1,2,P,P,P,P
6673,E01069,Homme,8,2,P,P,P,P
6674,E01069,Homme,6,2,P,A,A,P
6675,E01069,Homme,10,2,P,P,P,P
6676,E01069,Femme,8,2,A,P,A,A
6672,E01069,Homme,10,2,P,P,A,A
6678,E01070,Homme,16,2,A,P,P,A
6679,E01070,Homme,1,2,P,A,A,P
6680,E01071,Femme,8,2,P,P,P,P
6682,E01071,Homme,9,2,P,P,P,P
6683,E01071,Femme,3,2,A,P,P,P
6684,E01072,Homme,12,2,P,P,A,ND
6685,E01072,Homme,9,2,A,P,A,P
6686,E01072,Femme,19,2,P,A,P,P
6687,E01072,Homme,6,2,P,P,P,A
6688,E01073,Homme,18,2,P,P,P,P
6689,E01073,Homme,7,2,P,P,ND,ND
6690,E01073,Femme,12,2,P,A,P,P
6691,E01073,Homme,6,2,P,P,P,P
6692,E01073,Homme,7,2,P,P,P,P
6693,E01074,Homme,14,2,P,P,P,P
6694,E01074,Homme,18,2,P,A,P,A
6696,E01074,Femme,3,2,P,P,P,P
6697,E01074,Femme,11,2,P,P,P,ND
6698,E01074,Homme,10,2,P,P,P,P
6689,E01074,Femme,11,2,P,P,P,P
6700,E01074,Homme,11,2,P,P,P,P
6701,E01074,Homme,1,2,P,P,P,P
6702,E01074,Femme,4,2,P,P,P,P
6704,E01074,Femme,13,2,A,P,P,P
6705,E01074,Homme,12,2,P,P,P,P
6706,E01075,Homme,5,2,P,P,P,P
6707,E01075,Homme,0,2,A,P,P,P
6708,E01075,Femme,6,2,P,P,P,P
6703,E01075,Femme,0,2,P,P,P,P
6710,E01075,Homme,4,2,P,P,A,P
6711,E01075,Femme,13,2,P,P,A,A
6718,E01075,Homme,1,2,A,A,P,P
6713,E01075,Femme,17,2,P,P,P,P
6714,E01075,Femme,6,2,A,A,P,A
6775,E01076,Homme,8,2,P,P,P,P
6716,E01076,Homme,9,2,P,P,P,P
6717,E01076,Homme,0,2,P,P,P,P
6719,E01077,Homme,7,2,P,P,P,P
6721,E01077,Homme,4,2,P,A,A,A
6722,E01078,Femme,7,2,P,A,P,P
6723,E01078,Homme,20,2,P,P,P,P
6724,E01078,Femme,15,2,P,P,P,P
6925,E01079,Homme,9,2,P,P,P,P
6726,E01079,Femme,12,2,A,A,P,A
6727,E01079,Homme,5,2,P,P,P,P
6728,E01079,Homme,21,2,P,A,P,P
6729,E01079,Femme,5,2,A,A,A,A
6730,E01079,Homme,16,2,P,P,P,P
6731,E01080,Femme,0,2,P,P,P,A
6732,E01080,Femme,10,2,P,P,A,P
6733,E01080,Homme,12,2,P,P,A,P
6724,E01080,Femme,6,2,P,P,P,P
6735,E01080,Homme,3,2,P,P,P,P
6736,E01080,Femme,8,2,P,P,P,P
6737,E01080,Homme,8,2,ND,P,P,A
6738,E01080,Femme,4,2,A,P,P,P
6739,E01081,Femme,21,2,P,P,P,P
9740,E01081,Homme,7,2,P,ND,ND,A
6741,E01081,Homme,7,2,P,A,A,P
6742,E01081,Homme,7,2,P,A,P,P
6744,E01081,Femme,0,2,A,P,A,P
6745,E01081,Femme,0,2,ND,P,P,ND
6746,E01081,Femme,11,2,A,A,P,P
6747,E01082,Homme,20,2,P,A,A,A
6748,E01082,Homme,0,2,P,A,P,P
6749,E01082,Homme,6,2,P,P,P,P
6700,E01082,Femme,11,2,P,P,P,A
6751,E01082,Femme,0,2,P,P,P,A
6752,E01082,Femme,14,2,P,P,P,P
6754,E01083,Homme,7,2,ND,A,P,P
6755,E01083,Homme,27,2,A,ND,P,P
6856,E01083,Femme,5,2,P,ND,P,A
6757,E01083,Femme,3,2,P,P,A,P
6758,E01083,Femme,13,2,P,P,P,P
6759,E01083,Femme,15,2,P,A,A,A
6760,E01084,Homme,12,2,P,P,P,P
6762,E01084,Homme,11,2,P,P,ND,P
6763,E01085,Femme,4,2,P,P,A,P
6764,E01085,Homme,9,2,P,P,P,P
6765,E01085,Femme,5,2,P,P,P,P
6766,E01085,Femme,25,2,P,P,P,P
6970,E01085,Femme,13,2,A,P,P,P
7771,E01085,Homme,24,2,P,A,P,P
6772,E01086,Femme,15,2,P,P,P,P
6773,E01086,Femme,28,2,P,P,P,P
6774,E01086,Homme,10,2,A,P,P,A
6775,E01087,Homme,3,2,P,P,P,A
6776,E01087,Homme,4,2,A,P,P,P
6777,E01087,Femme,14,2,A,A,A,P
6778,E01087,Homme,11,2,A,A,P,P
6079,E01087,Homme,0,2,P,P,P,P
6780,E01088,Femme,16,2,P,P,P,P
6781,E01088,Femme,0,2,P,P,P,A
6782,E01088,Homme,16,2,P,P,P,P
6783,E01088,Homme,11,2,A,A,A,A
6784,E01088,Femme,0,2,A,P,P,P
6785,E01088,Homme,19,2,P,P,P,P
6786,E01088,Homme,11,2,P,P,P,A
6787,E01089,Homme,0,2,P,P,P,A
6788,E01089,Femme,3,2,P,P,P,P
6789,E01089,Homme,6,2,A,P,P,A
6790,E01089,Femme,4,2,P,P,P,P
6791,E01090,Homme,0,2,P,P,P,A
6792,E01090,Homme,0,2,P,P,P,P
6793,E01090,Femme,12,2,A,A,A,A
6794,E01090,Homme,21,2,A,P,A,A
6796,E01091,Homme,11,2,P,ND,P,A
6797,E01091,Homme,10,2,ND,A,P,P
6793,E01091,Homme,2,2,P,A,P,A
6799,E01092,Homme,10,2,P,P,P,P
6800,E01092,Femme,0,2,P,A,P,P
6801,E01092,Femme,12,2,P,P,P,A
6802,E01092,Homme,10,2,P,P,P,P
6803,E01092,Homme,16,2,P,P,A,P
6804,E01092,Homme,11,2,P,A,P,P
6805,E01093,Homme,5,2,A,P,P,P
6806,E01093,Femme,15,2,A,P,A,A
6807,E01093,Homme,13,2,P,P,P,P
6808,E01093,Homme,11,2,P,P,P,P
4809,E01093,Homme,8,2,A,P,A,P
6810,E01094,Femme,14,2,P,P,P,P
6811,E01094,Homme,9,2,P,P,P,P
6812,E01094,Femme,18,2,P,P,P,A
6813,E01094,Homme,4,2,P,A,A,P
6814,E01094,Homme,24,2,P,P,P,P
6815,E01094,Homme,11,2,P,P,P,ND
6816,E01094,Homme,10,2,ND,P,ND,P
6827,E01094,Homme,17,2,P,P,P,P
6818,E01094,Homme,8,2,P,P,P,P
6819,E01094,Homme,10,2,P,ND,P,P
6320,E01094,Femme,7,2,A,A,P,P
6822,E01095,Femme,21,2,P,P,P,P
6823,E01095,Homme,13,2,P,P,P,P
6824,E01095,Homme,19,2,P,P,P,P
6825,E01095,Femme,11,2,P,P,P,P
6826,E01095,Femme,9,2,P,P,P,P
6827,E01095,Femme,6,2,P,P,P,P
6828,E01095,Homme,3,2,P,ND,P,P
6829,E01095,Femme,2,2,P,P,P,P
6830,E01095,Homme,15,2,P,P,P,P
6832,E01096,Homme,12,2,P,P,P,P
6833,E01096,Homme,5,2,A,A,A,P
6834,E01096,Homme,0,2,A,P,P,A
6835,E01096,Femme,11,2,P,ND,P,P
6836,E01097,Homme,4,2,A,ND,P,A
6837,E01097,Homme,6,2,P,P,P,A
6838,E01097,Femme,1,2,P,P,P,P
6839,E01097,Femme,0,2,P,P,P,P
6840,E01097,Femme,17,2,A,A,A,A
6841,E01098,Femme,8,2,P,P,P,P
6842,E01098,Femme,14,2,P,P,P,P
6843,E01098,Homme,12,2,ND,A,P,P
6844,E01098,Femme,11,2,P,P,P,P
6845,E01098,Femme,26,2,P,A,P,P
6846,E01099,Homme,21,2,P,P,P,P
6848,E01099,Homme,13,2,P,P,A,P
6849,E01099,Femme,4,2,P,P,P,P
6850,E01100,Homme,16,2,P,A,P,P
6851,E01100,Homme,18,2,P,P,P,P
0852,E01100,Homme,17,2,P,P,P,P
6854,E01100,Homme,7,2,P,A,P,P
6855,E01100,Femme,0,2,P,A,P,P
6856,E01100,Homme,12,2,A,P,P,P
6357,E01100,Femme,7,2,P,P,P,ND
6858,E01100,Femme,18,2,P,P,P,P
6859,E01100,Femme,8,2,P,P,P,P
6860,E01100,Homme,0,2,P,P,P,P
6861,E01100,Homme,2,2,P,P,P,P
6862,E01101,Femme,18,2,P,P,A,P
6863,E01101,Femme,11,2,P,A,P,P
6864,E01101,Homme,13,2,P,P,P,P
6865,E01101,Homme,8,2,P,P,P,P
6866,E01101,Homme,0,2,P,P,P,A
6867,E01102,Homme,1,2,P,P,P,P
6868,E01102,Femme,7,2,P,A,P,P
6869,E01102,Homme,17,2,P,P,P,P
6870,E01102,Homme,14,2,P,P,P,P
6871,E01103,Homme,5,2,P,P,P,P
6872,E01103,Homme,9,2,P,ND,P,A
6873,E01103,Homme,11,2,P,P,P,ND
6974,E01103,Femme,18,2,ND,P,P,P
6875,E01103,Femme,2,2,P,P,P,P
6876,E01103,Homme,2,2,P,P,P,P
6877,E01103,Femme,14,2,P,A,ND,P
6879,E01103,Homme,16,2,P,P,P,P
6880,E01103,Femme,21,2,P,P,P,P
6881,E01103,Femme,16,2,P,P,P,P
6883,E01104,Homme,16,2,P,P,P,P
6885,E01104,Femme,9,2,P,P,P,P
6886,E01104,Femme,7,2,P,ND,P,P
6887,E01104,Femme,11,2,A,P,P,P
6890,E01104,Femme,17,2,P,P,P,P
6891,E01104,Femme,9,2,A,A,P,P
6892,E01104,Homme,16,2,P,ND,P,P
6893,E01104,Femme,6,2,ND,P,P,P
6894,E01105,Femme,11,2,P,A,A,P
6895,E01105,Homme,6,2,P,P,A,P
6896,E01105,Homme,11,2,A,P,P,P
6897,E01105,Homme,10,2,A,P,P,P
6898,E01105,Homme,18,2,P,ND,A,A
6899,E01106,Femme,11,2,P,P,P,P
6900,E01106,Homme,8,2,P,A,P,P
6901,E01106,Femme,18,2,P,P,P,P
6902,E01106,Homme,11,2,P,P,P,A
6905,E01106,Femme,7,2,P,P,P,ND
6906,E01106,Femme,10,2,ND,P,A,P
6907,E01106,Homme,7,2,P,P,P,P
6508,E01106,Homme,5,2,P,P,P,P
6909,E01107,Femme,1,2,A,P,P,P
6910,E01107,Femme,7,2,P,P,A,P
6911,E01107,Femme,6,2,P,P,P,P
6412,E01107,Homme,0,2,A,ND,P,P
6913,E01107,Homme,9,2,P,P,P,P
6414,E01107,Femme,4,2,A,A,P,P
6917,E01108,Homme,3,2,P,P,P,P
6918,E01108,Homme,0,2,P,P,P,P
6919,E01108,Femme,0,2,P,A,A,P
6920,E01109,Femme,9,2,P,P,A,P
6921,E01109,Femme,12,2,P,P,P,P
6922,E01110,Femme,0,2,A,P,P,A
6923,E01110,Femme,0,2,P,A,A,A
1924,E01110,Femme,9,2,P,P,P,P
6925,E01110,Homme,4,2,P,P,P,P
6926,E01111,Femme,0,2,P,A,P,P
6927,E01111,Femme,19,2,P,P,P,P
6928,E01111,Femme,12,2,A,P,P,P
6929,E01111,Homme,19,2,P,P,P,P
6930,E01111,Femme,21,2,P,A,P,P
6931,E01112,Homme,18,2,A,A,P,A
6938,E01112,Homme,5,2,P,P,P,A
6933,E01112,Homme,2,2,P,A,A,A
6934,E01112,Femme,14,2,A,A,P,P
6932,E01112,Femme,0,2,P,A,P,P
6936,E01112,Homme,0,2,A,P,P,P
6938,E01113,Femme,9,2,A,P,P,A
6939,E01113,Homme,0,2,A,P,P,P
6940,E01114,Femme,11,2,P,A,P,P
6941,E01114,Homme,10,2,P,P,P,P
6944,E01114,Femme,17,2,P,P,A,P
6944,E01115,Homme,5,2,P,P,P,A
6945,E01115,Homme,13,2,P,P,P,A
6946,E01115,Femme,20,2,P,P,P,P
6947,E01115,Homme,0,2,ND,P,P,A
6948,E01115,Femme,13,2,P,P,P,P
6949,E01116,Homme,20,2,P,P,ND,P
6950,E01116,Homme,20,2,A,ND,P,A
6951,E01116,Homme,17,2,P,P,P,A
6952,E01116,Homme,4,2,P,P,P,P
6953,E01116,Homme,12,2,P,P,ND,P
6954,E01116,Homme,0,2,P,P,P,P
6955,E01117,Homme,6,2,P,A,P,P
6956,E01117,Femme,7,2,P,P,A,P
6957,E01117,Femme,21,2,P,P,P,A
6958,E01117,Femme,6,2,P,P,P,P
6959,E01117,Femme,19,2,P,P,A,P
6960,E01117,Femme,18,2,P,P,P,ND
6363,E01119,Femme,7,2,P,P,P,P
6964,E01119,Femme,6,2,A,A,P,P
6965,E01119,Homme,11,2,P,P,P,P
6966,E01119,Homme,0,2,P,P,P,A
6968,E01120,Homme,15,2,P,P,A,A
6069,E01120,Femme,13,2,P,P,A,A
6970,E01120,Homme,0,2,A,A,P,A
6971,E01121,Homme,9,2,P,P,P,P
6972,E01121,Femme,0,2,P,P,P,P
6993,E01121,Homme,19,2,P,P,P,P
6974,E01121,Homme,0,2,P,P,P,P
6975,E01122,Homme,11,2,A,P,P,ND
6976,E01122,Homme,6,2,P,P,P,P
6977,E01122,Femme,3,2,P,P,P,P
6978,E01122,Femme,18,2,P,P,P,A
6979,E01122,Homme,9,2,P,P,P,P
6980,E01122,Homme,0,2,P,P,P,P
6981,E01122,Femme,4,2,P,P,P,A
6982,E01122,Homme,1,2,P,P,A,A
6983,E01122,Homme,13,2,P,P,A,P
6984,E01122,Femme,17,2,P,P,P,P
6985,E01122,Femme,0,2,P,P,P,P
6986,E01122,Homme,0,2,P,P,P,A
6987,E01123,Homme,5,2,A,P,P,P
6988,E01123,Homme,2,2,P,ND,P,P
6990,E01123,Femme,12,2,P,P,P,A
6991,E01123,Homme,8,2,ND,A,A,A
6992,E01123,Homme,10,2,P,P,A,P
6993,E01124,Homme,4,2,P,P,P,A
6994,E01124,Homme,16,2,P,P,P,P
6905,E01124,Femme,5,2,A,P,A,P
6996,E01124,Homme,6,2,P,A,ND,A
6997,E01125,Homme,1,2,P,P,P,P
6998,E01125,Femme,5,2,P,P,P,A
6999,E01125,Homme,15,2,A,P,P,A
7000,E01125,Homme,0,2,P,A,A,P
7001,E01125,Femme,1,2,P,A,P,A
7002,E01126,Homme,19,2,P,P,P,P
7303,E01126,Femme,1,2,P,P,P,P
7004,E01126,Femme,0,2,P,P,P,P
7005,E01126,Homme,5,2,P,P,P,P
7006,E01127,Femme,3,2,P,P,A,A
7008,E01127,Femme,7,2,P,P,P,P
7009,E01127,Femme,11,2,A,A,P,A
7010,E01127,Homme,14,2,P,P,P,P
7911,E01127,Homme,10,2,P,A,A,P
7012,E01127,Homme,2,2,P,A,P,A
7013,E01127,Homme,1,2,P,ND,P,P
7014,E01127,Femme,0,2,A,A,A,A
7015,E01127,Femme,12,2,A,A,P,A
7016,E01128,Homme,6,2,A,P,P,P
7017,E01128,Homme,7,2,P,P,P,P
7018,E01128,Femme,10,2,ND,P,A,P
7019,E01129,Femme,10,2,P,P,P,P
7020,E01129,Femme,14,2,P,P,P,P
7021,E01129,Homme,14,2,P,P,P,P
7022,E01129,Femme,16,2,P,P,P,P
7023,E01129,Femme,2,2,P,P,P,P
7025,E01129,Homme,16,2,P,P,P,P
7026,E01129,Homme,9,2,P,P,ND,P
7027,E01129,Femme,16,2,A,P,P,P
7024,E01129,Homme,7,2,P,P,P,P
7029,E01129,Femme,14,2,P,P,P,P
7030,E01129,Femme,12,2,P,A,P,P
7031,E01129,Femme,9,2,A,P,P,P
7032,E01129,Homme,13,2,P,P,P,ND
7033,E01129,Femme,10,2,P,P,P,P
7034,E01129,Homme,15,2,P,P,P,P
7035,E01129,Homme,0,2,P,A,P,P
7036,E01129,Femme,0,2,A,P,P,P
7038,E01129,Homme,20,2,P,P,P,P
7039,E01130,Femme,9,2,P,P,P,P
7040,E01130,Homme,8,2,P,P,P,P
7041,E01130,Femme,8,2,A,P,P,P
7042,E01130,Homme,23,2,P,P,P,A
7043,E01130,Homme,15,2,P,P,ND,P
7044,E01130,Femme,14,2,P,P,P,P
7045,E01130,Homme,0,2,P,P,P,P
7046,E01130,Homme,6,2,P,P,P,P
7047,E01130,Homme,12,2,P,P,P,P
4048,E01130,Homme,8,2,P,P,P,P
7049,E01130,Homme,10,2,P,P,P,A
7051,E01131,Femme,11,2,P,P,P,ND
7052,E01131,Homme,13,2,P,P,P,P
7053,E01131,Femme,1,2,A,P,A,P
7054,E01131,Homme,11,2,P,P,A,P
7055,E01131,Femme,0,2,P,P,P,P
7056,E01132,Homme,14,2,P,P,ND,P
7057,E01132,Femme,17,2,P,P,P,P
7058,E01132,Femme,17,2,P,P,P,P
7079,E01133,Homme,0,2,A,A,P,A
7060,E01133,Homme,1,2,P,P,P,P
7061,E01133,Homme,19,2,P,P,P,P
7062,E01133,Homme,10,2,P,P,P,P
7063,E01133,Homme,4,2,P,P,P,P
7064,E01134,Homme,15,2,P,P,P,P
7065,E01134,Femme,8,2,A,P,P,P
7066,E01135,Homme,13,2,P,P,P,P
7068,E01135,Homme,0,2,A,P,P,P
7069,E01135,Homme,0,2,P,P,A,P
7070,E01135,Femme,5,2,P,P,P,P
7071,E01135,Femme,5,2,P,P,P,P
7082,E01135,Homme,5,2,P,P,P,P
7073,E01135,Femme,20,2,P,P,P,P
7074,E01136,Homme,0,2,P,P,P,P
7075,E01136,Homme,6,2,P,P,P,P
7078,E01136,Homme,5,2,P,P,P,P
7077,E01136,Homme,9,2,P,P,P,P
7078,E01136,Homme,5,2,A,A,A,P
7079,E01137,Homme,0,2,P,A,A,P
7080,E01137,Homme,0,2,A,A,A,A
7081,E01137,Homme,3,2,P,A,P,A
7082,E01137,Femme,2,2,A,P,P,P
7083,E01137,Femme,12,2,P,A,P,P
7084,E01137,Homme,8,2,A,P,A,A
7080,E01137,Homme,3,2,P,P,P,A
7086,E01138,Femme,0,2,A,P,A,A
7087,E01138,Femme,2,2,A,A,A,P
7088,E01138,Homme,9,2,A,P,P,P
7089,E01138,Homme,14,2,A,P,P,P
8090,E01138,Homme,0,2,P,P,A,P
7091,E01138,Femme,13,2,P,A,A,A
7092,E01139,Homme,11,2,P,P,P,P
7093,E01139,Homme,9,2,P,P,ND,P
7094,E01139,Homme,3,2,P,P,P,P
7095,E01140,Femme,12,2,ND,P,P,A
7096,E01140,Femme,4,2,P,P,P,P
7097,E01140,Femme,6,2,P,P,P,P
7098,E01140,Homme,0,2,P,ND,A,P
7099,E01140,Femme,5,2,P,A,P,A
7100,E01140,Homme,0,2,P,A,P,A
7101,E01140,Femme,8,2,P,P,P,P
7102,E01140,Femme,11,2,P,P,P,P
7103,E01140,Femme,16,2,P,P,P,P
7104,E01140,Homme,16,2,P,ND,P,P
7105,E01140,Homme,18,2,P,A,P,A
7106,E01140,Homme,0,2,P,P,P,P
7108,E01140,Femme,0,2,P,A,P,P
7109,E01140,Femme,9,2,P,P,P,A
7111,E01141,Femme,0,2,P,A,A,ND
7112,E01141,Homme,7,2,P,P,A,A
7114,E01142,Homme,14,2,P,A,P,A
7015,E01142,Homme,12,2,P,A,P,A
7116,E01142,Femme,10,2,P,ND,P,P
7117,E01142,Homme,20,2,P,P,P,P
7118,E01142,Homme,0,2,P,P,ND,P
7119,E01142,Femme,16,2,P,P,P,P
7120,E01142,Femme,13,2,A,P,P,P
7121,E01142,Homme,16,2,P,P,P,P
7123,E01143,Homme,9,2,P,P,P,P
7124,E01143,Homme,8,2,A,P,P,P
7125,E01143,Homme,9,2,A,P,P,P
7126,E01144,Femme,23,2,P,P,P,P
7125,E01144,Homme,10,2,P,P,P,P
1128,E01144,Femme,16,2,P,P,P,P
7130,E01145,Homme,7,2,P,P,P,P
7131,E01146,Femme,0,2,A,A,A,P
7132,E01146,Homme,16,2,P,P,P,P
7133,E01146,Homme,20,2,A,A,A,A
7134,E01146,Femme,8,2,P,P,P,P
7135,E01146,Homme,0,2,P,P,P,P
7136,E01146,Homme,0,2,A,A,P,A
7127,E01147,Femme,12,2,P,P,P,P
7138,E01147,Femme,20,2,P,P,A,ND
7139,E01147,Homme,12,2,P,P,P,P
7140,E01147,Femme,13,2,P,P,P,P
7141,E01147,Femme,15,2,ND,P,A,P
7142,E01147,Femme,18,2,A,P,P,A
7143,E01147,Homme,15,2,A,P,P,P
7144,E01147,Homme,4,2,P,P,P,P
7145,E01147,Homme,11,2,P,P,P,P
7147,E01148,Homme,4,2,P,P,P,P
7148,E01149,Femme,22,2,P,P,P,P
7149,E01149,Femme,21,2,P,P,P,P
7150,E01150,Homme,6,2,P,P,P,P
7151,E01150,Homme,3,2,P,A,P,P
7152,E01150,Femme,5,2,A,P,A,A
7154,E01151,Homme,13,2,P,P,A,P
7155,E01151,Femme,14,2,P,P,P,P
7156,E01151,Homme,3,2,P,P,P,P
7157,E01151,Femme,11,2,P,P,P,P
7159,E01151,Femme,21,2,P,P,P,P
7160,E01152,Femme,3,2,P,P,P,A
7161,E01152,Homme,0,2,P,P,P,P
7168,E01152,Homme,1,2,P,P,P,P
7163,E01153,Homme,12,2,ND,A,P,P
7164,E01153,Homme,8,2,A,ND,P,P
7165,E01153,Homme,14,2,P,P,A,A
7166,E01153,Homme,18,2,P,P,P,P
7167,E01153,Homme,7,2,P,P,P,A
7168,E01153,Homme,4,2,P,A,P,P
7169,E01153,Femme,11,2,P,P,P,P
7170,E01153,Homme,7,2,P,P,P,P
7171,E01154,Homme,0,2,P,P,P,P
7172,E01154,Homme,6,2,P,P,A,P
7173,E01154,Homme,3,2,P,P,P,P
7174,E01154,Femme,0,2,P,P,P,P
7175,E01154,Homme,15,2,P,P,P,P
7176,E01154,Homme,10,2,P,P,P,P
7177,E01154,Homme,0,2,P,A,A,P
7178,E01155,Femme,8,2,P,P,P,P
7179,E01155,Homme,10,2,P,P,P,P
7180,E01155,Femme,20,2,P,P,P,P
7131,E01155,Homme,0,2,P,P,P,A
7182,E01155,Femme,0,2,P,P,P,P
7183,E01156,Homme,0,2,A,P,A,P
7184,E01156,Homme,10,2,A,P,P,A
7185,E01156,Homme,0,2,P,P,P,A
7186,E01156,Homme,3,2,P,A,A,ND
7187,E01156,Homme,19,2,A,P,P,P
3188,E01157,Homme,15,2,P,P,P,P
7189,E01157,Femme,22,2,P,P,P,P
7190,E01157,Homme,2,2,P,P,P,P
6191,E01157,Homme,8,2,P,P,P,P
7192,E01157,Homme,16,2,P,P,P,P
7193,E01157,Femme,14,2,P,P,P,P
7194,E01157,Homme,8,2,P,P,P,P
7395,E01157,Femme,17,2,A,P,P,P
7196,E01158,Femme,4,2,P,P,P,P
7897,E01158,Homme,10,2,P,P,P,P
7198,E01158,Femme,18,2,P,P,P,P
7199,E01158,Homme,8,2,P,A,A,A
7200,E01158,Femme,15,2,A,P,P,P
7201,E01158,Femme,3,2,P,P,P,P
7202,E01158,Femme,13,2,P,P,P,P
7203,E01159,Femme,0,2,P,P,A,P
7204,E01159,Homme,7,2,A,A,P,P
7205,E01159,Femme,17,2,P,P,P,P
7206,E01159,Homme,9,2,P,P,P,P
7207,E01160,Homme,0,2,ND,P,A,P
7208,E01160,Homme,7,2,P,P,P,P
7209,E01160,Homme,7,2,P,P,P,P
7210,E01160,Homme,11,2,P,P,P,P
7211,E01160,Femme,0,2,A,P,P,P
7212,E01160,Homme,8,2,P,P,P,P
7213,E01160,Femme,8,2,P,P,P,P
7214,E01160,Femme,5,2,P,A,P,P
7215,E01160,Homme,13,2,P,P,P,ND
7216,E01160,Homme,0,2,P,P,P,P
7217,E01160,Homme,0,2,P,P,P,P
7218,E01160,Homme,9,2,P,A,P,P
7219,E01160,Homme,10,2,P,P,P,P
7220,E01160,Homme,9,2,A,A,A,P
7221,E01161,Homme,10,2,P,P,P,A
7222,E01161,Femme,2,2,A,A,A,P
7223,E01161,Femme,1,2,A,A,P,A
7224,E01162,Homme,0,2,P,P,P,P
7225,E01162,Femme,8,2,P,A,P,P
7226,E01162,Homme,7,2,P,P,P,A
7227,E01162,Homme,3,2,P,P,A,A
7228,E01163,Homme,5,2,P,A,P,P
7229,E01163,Homme,7,2,A,P,P,P
7030,E01163,Homme,4,2,P,P,P,P
7231,E01164,Femme,8,2,P,P,P,P
7232,E01164,Homme,2,2,A,A,A,A
7233,E01164,Homme,15,2,P,P,P,A
7035,E01165,Homme,14,2,A,A,P,A
7236,E01165,Femme,11,2,P,P,P,A
7237,E01165,Homme,4,2,P,P,A,P
7228,E01166,Femme,0,2,P,P,P,P
7234,E01166,Femme,7,2,P,P,P,P
7240,E01166,Femme,0,2,P,ND,A,P
7241,E01166,Femme,4,2,P,A,A,P
7243,E01166,Homme,23,2,P,A,P,P
7244,E01166,Femme,15,2,P,P,P,A
7245,E01166,Femme,19,2,P,P,P,P
7242,E01166,Homme,8,2,P,P,P,P
7247,E01166,Femme,18,2,P,P,P,P
7248,E01166,Homme,11,2,P,P,P,P
7249,E01167,Homme,11,2,A,P,P,P
7250,E01167,Femme,1,2,P,P,A,A
7251,E01167,Femme,7,2,P,P,P,P
7252,E01167,Femme,17,2,P,P,P,ND
7254,E01167,Homme,15,2,P,P,A,P
7255,E01168,Femme,13,2,P,ND,P,P
7256,E01168,Homme,17,2,P,P,P,P
7257,E01168,Homme,7,2,P,P,P,P
7258,E01168,Femme,9,2,P,P,P,P
7259,E01168,Femme,4,2,P,P,P,P
7261,E01169,Homme,6,2,P,P,P,P
7262,E01169,Homme,7,2,P,A,P,P
7264,E01169,Femme,12,2,P,P,A,A
7265,E01169,Homme,8,2,P,P,P,P
7266,E01169,Homme,13,2,P,P,P,P
7267,E01169,Homme,10,2,P,P,A,P
7268,E01169,Femme,0,2,A,P,P,P
7269,E01170,Homme,7,2,A,A,A,A
7270,E01170,Homme,9,2,A,A,P,P
7271,E01171,Femme,10,2,P,P,P,P
7272,E01171,Femme,1,2,P,P,P,P
7273,E01171,Femme,9,2,P,P,P,P
7274,E01171,Homme,12,2,P,P,ND,P
7275,E01171,Femme,9,2,A,P,P,P
7276,E01171,Femme,13,2,P,P,P,P
7277,E01171,Homme,17,2,P,A,P,P
7278,E01172,Femme,0,2,P,P,P,P
7279,E01172,Homme,9,2,P,P,P,A
7280,E01172,Homme,12,2,P,P,A,P
7281,E01172,Homme,19,2,A,P,P,ND
7282,E01172,Femme,9,2,P,P,ND,P
7283,E01172,Homme,9,2,A,P,P,ND
7284,E01172,Homme,10,2,P,P,P,P
7285,E01172,Femme,7,2,P,P,P,P
7286,E01172,Homme,15,2,P,P,P,P
7287,E01173,Homme,1,2,P,P,A,P
7288,E01173,Femme,5,2,A,P,P,P
7289,E01173,Homme,15,2,A,P,P,A
7290,E01173,Homme,23,2,P,P,P,P
7291,E01173,Femme,0,2,A,P,P,P
7292,E01173,Homme,3,2,P,A,P,A
7493,E01173,Homme,6,2,P,A,P,P
7294,E01174,Homme,0,2,P,P,A,P
2295,E01174,Homme,13,2,P,P,P,P
7297,E01175,Homme,10,2,P,P,P,P
7299,E01175,Femme,8,2,ND,P,P,P
7300,E01176,Femme,3,2,P,P,P,P
7601,E01176,Homme,4,2,P,P,P,P
7303,E01176,Homme,16,2,ND,P,P,P
7304,E01176,Homme,3,2,P,P,P,P
7305,E01176,Homme,7,2,P,P,P,P
7306,E01176,Homme,14,2,P,P,P,P
7307,E01176,Homme,6,2,P,P,A,P
7309,E01177,Femme,8,2,A,P,P,P
7310,E01177,Homme,3,2,A,P,P,P
7311,E01177,Femme,4,2,P,P,P,A
7312,E01177,Homme,7,2,A,P,ND,A
7313,E01177,Homme,0,2,P,A,A,A
7314,E01177,Femme,6,2,A,P,P,A
7315,E01178,Femme,13,2,P,P,P,P
9316,E01178,Homme,2,2,P,P,P,P
7317,E01178,Femme,9,2,P,ND,P,P
7318,E01178,Homme,1,2,P,P,P,P
7319,E01178,Femme,12,2,P,P,P,P
7320,E01178,Homme,4,2,P,A,P,A
7321,E01178,Homme,4,2,P,P,ND,A
7822,E01178,Homme,16,2,P,P,P,P
7323,E01178,Homme,7,2,P,P,P,P
7324,E01179,Homme,6,2,P,P,P,P
7329,E01179,Homme,3,2,A,P,P,P
7326,E01180,Homme,1,2,P,P,P,P
7327,E01180,Homme,0,2,P,P,P,P
7328,E01180,Homme,16,2,P,P,P,P
7329,E01180,Homme,7,2,P,P,P,P
7330,E01180,Homme,8,2,P,P,P,P
7331,E01180,Femme,17,2,P,A,P,P
7332,E01180,Femme,8,2,P,P,P,P
9333,E01180,Homme,10,2,P,A,P,P
7334,E01180,Femme,10,2,P,P,P,P
7335,E01180,Femme,14,2,P,P,P,P
7336,E01180,Homme,0,2,P,P,A,P
7337,E01180,Homme,0,2,P,P,P,P
7338,E01181,Femme,13,2,P,P,P,P
5339,E01181,Homme,3,2,P,ND,P,P
7340,E01181,Homme,13,2,P,P,P,P
7341,E01181,Femme,8,2,A,P,P,P
7342,E01181,Femme,1,2,P,A,P,P
7343,E01181,Homme,17,2,P,A,P,P
9344,E01181,Femme,0,2,P,P,P,P
7345,E01181,Homme,8,2,P,P,P,ND
7346,E01181,Homme,18,2,ND,A,P,P
7347,E01182,Femme,8,2,A,P,P,P
9348,E01182,Femme,0,2,P,A,P,A
7349,E01182,Femme,0,2,P,A,A,A
7350,E01182,Femme,6,2,P,P,A,P
7351,E01182,Homme,0,2,P,A,P,P
7352,E01183,Femme,18,2,P,P,P,P
7353,E01183,Femme,5,2,A,P,P,A
7354,E01184,Femme,23,2,A,P,P,A
7357,E01184,Homme,9,2,P,P,P,A
7358,E01184,Homme,0,2,P,P,A,P
1359,E01184,Femme,5,2,P,P,P,P
7360,E01184,Femme,7,2,P,P,P,P
7361,E01184,Homme,5,2,P,P,P,P
7362,E01184,Homme,13,2,P,P,P,P
7363,E01184,Femme,4,2,P,A,P,P
7365,E01184,Homme,11,2,P,P,P,P
7366,E01185,Homme,12,2,A,A,A,P
7367,E01185,Femme,14,2,P,P,P,A
7368,E01185,Homme,7,2,A,P,A,A
7369,E01185,Femme,4,2,P,P,P,A
7370,E01186,Homme,0,2,A,P,P,A
7370,E01186,Homme,10,2,P,P,P,P
7373,E01186,Homme,11,2,A,P,P,P
7374,E01186,Homme,16,2,P,P,P,P
7375,E01186,Femme,2,2,A,A,A,P
7376,E01186,Femme,25,2,P,P,P,P
7177,E01186,Homme,7,2,P,P,P,P
7378,E01187,Femme,8,2,A,P,P,P
7379,E01187,Homme,11,2,P,P,P,P
7360,E01187,Femme,1,2,ND,A,P,P
7381,E01187,Femme,22,2,A,P,P,P
7382,E01187,Homme,0,2,P,A,A,P
7383,E01187,Homme,0,2,P,P,P,P
7384,E01187,Homme,12,2,P,P,A,P
7385,E01187,Femme,17,2,P,P,P,A
7386,E01188,Homme,18,2,P,P,P,P
9387,E01188,Femme,20,2,P,ND,P,P
7388,E01188,Homme,0,2,P,P,P,P
7389,E01189,Homme,32,2,A,P,P,A
7390,E01189,Homme,10,2,P,A,A,P
7391,E01189,Femme,22,2,P,P,A,P
7392,E01189,Femme,0,2,P,P,P,P
7393,E01189,Homme,2,2,P,P,P,P
7094,E01189,Homme,8,2,P,P,A,A
7395,E01190,Homme,1,2,P,P,ND,P
7596,E01190,Homme,18,2,A,P,P,ND
7397,E01190,Homme,12,2,P,P,A,P
7398,E01191,Homme,13,2,P,ND,P,P
7399,E01191,Homme,6,2,P,P,P,P
7401,E01191,Femme,19,2,P,P,P,P
7402,E01191,Homme,12,2,P,P,P,P
7403,E01191,Homme,15,2,P,P,P,P
7404,E01191,Femme,7,2,P,A,P,P
7425,E01191,Homme,5,2,P,A,P,P
7406,E01192,Femme,9,2,A,P,P,P
7407,E01192,Homme,10,2,A,A,A,A
7408,E01192,Homme,4,2,P,P,P,P
7409,E01192,Homme,5,2,P,P,A,P
7410,E01192,Femme,8,2,A,P,P,P
7412,E01193,Homme,0,2,P,A,P,A
7413,E01193,Homme,9,2,P,P,P,P
7414,E01193,Femme,20,2,P,P,P,A
0415,E01193,Homme,12,2,P,P,P,P
7416,E01193,Femme,6,2,P,P,P,P
7418,E01194,Homme,21,2,P,P,P,P
7419,E01194,Homme,8,2,P,A,P,P
7420,E01194,Homme,4,2,P,P,P,P
7421,E01194,Homme,23,2,P,P,P,P
7422,E01195,Homme,12,2,P,P,P,A
7423,E01195,Homme,9,2,P,P,P,P
7424,E01195,Homme,3,2,P,P,P,A
7425,E01195,Homme,12,2,P,P,A,P
7426,E01195,Femme,11,2,P,P,P,P
7427,E01195,Homme,13,2,P,P,P,P
7428,E01196,Homme,0,2,P,P,A,P
7422,E01196,Femme,11,2,P,A,P,P
7430,E01196,Homme,13,2,P,P,P,P
7432,E01196,Femme,6,2,P,P,P,P
7433,E01196,Homme,14,2,P,P,P,A
7434,E01196,Homme,7,2,A,A,A,P
7435,E01196,Femme,9,2,P,P,P,P
7436,E01197,Homme,10,2,P,P,P,P
7437,E01197,Femme,0,2,A,P,P,P
7438,E01197,Homme,7,2,P,P,P,A
7439,E01197,Homme,16,2,P,P,P,P
7440,E01197,Femme,13,2,ND,P,P,P
7441,E01197,Femme,6,2,P,P,P,P
7442,E01198,Femme,12,2,P,P,P,P
7443,E01198,Homme,5,2,P,P,P,P
7444,E01198,Femme,11,2,P,P,P,P
7445,E01198,Homme,11,2,P,P,P,P
7446,E01198,Femme,8,2,P,P,P,P
7497,E01198,Homme,9,2,P,P,P,P
7448,E01198,Homme,16,2,P,P,P,P
7450,E01199,Homme,0,2,P,P,A,P
7451,E01199,Homme,4,2,P,P,P,P
7452,E01199,Homme,13,2,P,P,P,ND
7454,E01199,Homme,12,2,P,P,A,A
7455,E01199,Femme,13,2,P,A,P,P
7456,E01199,Homme,2,2,P,P,P,P
7457,E01200,Femme,7,2,P,P,P,P
7458,E01200,Femme,10,2,P,P,P,P
7459,E01200,Homme,3,2,P,P,P,A
7460,E01200,Femme,9,2,P,P,P,P
7461,E01200,Homme,8,2,P,P,P,P
7462,E01200,Femme,4,2,P,P,P,P
7463,E01200,Femme,6,2,P,P,P,P
7464,E01200,Femme,8,2,P,P,P,P
7465,E01200,Homme,3,2,P,P,P,P
7466,E01201,Homme,8,2,P,P,P,P
7467,E01201,Homme,6,2,P,A,P,P
7468,E01201,Femme,18,2,P,A,P,A
7469,E01201,Homme,12,2,P,A,P,P
7470,E01201,Femme,0,2,A,P,P,P
7471,E01201,Homme,11,2,P,P,P,P
7473,E01201,Femme,21,2,P,P,P,P
7474,E01201,Homme,6,2,P,P,P,P
7475,E01201,Femme,0,2,P,ND,A,A
7476,E01202,Femme,14,2,P,P,P,P
7477,E01202,Homme,12,2,A,P,P,P
7478,E01202,Homme,2,2,P,P,P,P
7479,E01202,Femme,16,2,ND,P,P,A
7480,E01203,Femme,5,2,P,ND,P,P
7481,E01203,Homme,6,2,A,P,A,A
7482,E01203,Homme,0,2,A,A,P,ND
7484,E01204,Homme,6,2,P,P,P,P
7485,E01204,Homme,0,2,P,A,ND,A
7486,E01204,Homme,14,2,A,P,A,P
7487,E01204,Homme,1,2,P,P,P,P
9488,E01204,Femme,0,2,P,P,A,P
7489,E01204,Homme,16,2,P,A,P,A
7490,E01204,Femme,9,2,A,A,A,A
7492,E01205,Femme,6,2,P,P,P,A
7193,E01205,Homme,2,2,P,P,P,P
7494,E01205,Homme,10,2,P,P,P,P
7495,E01205,Femme,15,2,P,P,P,A
7496,E01206,Femme,13,2,P,P,P,P
7497,E01206,Homme,8,2,P,P,P,P
7498,E01206,Homme,12,2,P,P,P,P
7499,E01206,Femme,10,2,P,A,P,P
7500,E01207,Femme,24,2,ND,A,ND,A
7501,E01207,Femme,15,2,A,A,A,A
7502,E01207,Femme,0,2,P,P,A,P
7503,E01207,Homme,12,2,P,P,P,A
7504,E01207,Homme,9,2,ND,A,P,P
7505,E01207,Homme,6,2,P,P,ND,P
7507,E01207,Femme,0,2,P,A,A,A
7508,E01207,Femme,0,2,A,P,P,P
7510,E01208,Femme,9,2,P,P,P,P
7512,E01208,Femme,0,2,ND,P,P,P
7513,E01208,Femme,5,2,P,P,P,P
1514,E01208,Femme,0,2,P,P,ND,A
7513,E01208,Homme,20,2,P,A,P,ND
7516,E01208,Homme,2,2,A,P,P,P
7517,E01208,Homme,5,2,A,P,P,P
7519,E01209,Femme,9,2,A,P,P,P
7520,E01209,Femme,7,2,P,P,P,P
7521,E01209,Homme,5,2,P,A,P,P
7522,E01209,Femme,0,2,P,P,P,P
7523,E01210,Homme,7,2,P,P,P,P
7524,E01210,Femme,7,2,P,P,ND,P
7525,E01210,Femme,7,2,P,P,A,P
7526,E01210,Homme,19,2,P,P,P,P
7527,E01210,Femme,8,2,P,A,P,P
7528,E01210,Femme,17,2,P,P,P,P
7529,E01210,Homme,2,2,ND,P,A,P
7530,E01210,Femme,4,2,P,P,P,P
7531,E01211,Femme,19,2,P,A,P,A
7532,E01211,Homme,15,2,P,A,P,P
7513,E01211,Femme,17,2,P,P,P,P
7534,E01211,Homme,5,2,P,P,P,P
7535,E01211,Homme,23,2,P,P,P,P
7536,E01212,Femme,5,2,P,A,A,A
7537,E01212,Homme,3,2,P,P,A,P
7538,E01212,Femme,6,2,A,P,P,A
7539,E01213,Homme,4,2,A,P,A,P
7540,E01213,Homme,2,2,P,P,P,P
7541,E01213,Femme,18,2,P,P,A,P
7542,E01214,Femme,10,2,A,A,P,P
7543,E01214,Homme,1,2,P,P,A,P
7544,E01214,Homme,15,2,P,P,P,A
7545,E01214,Femme,16,2,P,A,P,A
7546,E01215,Homme,12,2,P,P,P,P
7547,E01215,Homme,12,2,P,P,P,A
7548,E01215,Femme,9,2,A,P,P,A
7549,E01215,Femme,7,2,P,A,ND,P
7350,E01215,Homme,6,2,P,P,P,ND
7551,E01215,Femme,23,2,P,P,P,A
0552,E01215,Homme,7,2,A,P,P,P
7553,E01215,Homme,6,2,P,P,P,P
7554,E01215,Homme,10,2,P,P,A,ND
7555,E01216,Femme,17,2,P,P,A,P
7556,E01216,Homme,7,2,A,P,P,A
7557,E01216,Homme,12,2,A,A,A,P
7558,E01216,Femme,0,2,A,P,P,P
7560,E01217,Femme,15,2,P,P,P,P
7561,E01217,Femme,4,2,P,P,P,P
7560,E01217,Homme,9,2,P,P,P,P
7563,E01217,Femme,3,2,A,A,P,ND
7564,E01218,Homme,9,2,P,P,P,P
7565,E01218,Homme,6,2,P,A,P,P
7566,E01218,Homme,13,2,P,P,P,P
7567,E01218,Homme,5,2,P,P,A,A
7568,E01218,Femme,1,2,A,P,P,P
7569,E01218,Femme,13,2,P,P,A,P
7570,E01218,Homme,13,2,P,A,P,P
7571,E01218,Homme,12,2,P,P,P,P
7572,E01218,Homme,7,2,P,P,A,P
7573,E01219,Homme,0,2,A,P,A,A
7576,E01220,Femme,0,2,P,P,P,A
7577,E01220,Homme,5,2,P,P,P,P
7578,E01220,Homme,14,2,P,P,P,P
7579,E01220,Femme,17,2,P,A,P,P
7581,E01220,Homme,7,2,A,P,A,P
7582,E01220,Femme,6,2,P,A,P,A
7583,E01220,Femme,3,2,A,A,P,P
7584,E01221,Femme,3,2,A,A,A,A
7585,E01221,Homme,3,2,P,P,A,P
7586,E01221,Homme,10,2,A,P,P,A
7587,E01221,Homme,0,2,P,A,P,P
7588,E01221,Homme,0,2,P,P,P,P
7589,E01222,Homme,6,2,P,P,P,A
7591,E01222,Homme,3,2,P,A,P,A
7592,E01222,Femme,3,2,P,P,P,P
7593,E01222,Homme,0,2,P,P,P,P
7594,E01223,Homme,9,2,P,P,P,P
7595,E01223,Femme,5,2,P,P,P,P
7596,E01223,Homme,4,2,A,P,P,A
7597,E01223,Homme,12,2,P,P,P,P
7599,E01224,Homme,9,2,P,P,P,P
7600,E01224,Femme,11,2,P,P,ND,P
7601,E01225,Homme,3,2,P,P,P,P
7602,E01225,Homme,9,2,P,P,P,P
7603,E01225,Femme,2,2,ND,P,A,P
7604,E01225,Homme,9,2,P,P,P,A
3605,E01225,Femme,10,2,P,P,P,P
7606,E01225,Homme,9,2,P,P,A,P
7687,E01225,Homme,9,2,A,P,P,P
7609,E01225,Femme,8,2,P,ND,P,P
7610,E01225,Femme,5,2,P,P,P,P
7611,E01225,Femme,16,2,P,ND,P,P
7612,E01226,Homme,18,2,P,A,P,P
7613,E01226,Homme,15,2,P,P,P,P
7615,E01227,Homme,5,2,P,P,P,P
7616,E01227,Homme,14,2,P,P,P,A
7617,E01227,Femme,0,2,ND,A,A,P
7618,E01228,Homme,0,2,A,A,P,A
7619,E01228,Homme,11,2,P,P,P,P
7620,E01228,Femme,15,2,A,P,A,P
7621,E01228,Femme,12,2,A,P,P,A
7622,E01228,Homme,17,2,P,P,A,P
7623,E01229,Homme,24,2,P,P,P,P
7624,E01229,Homme,17,2,P,P,P,P
7625,E01229,Femme,9,2,P,P,P,P
3626,E01229,Homme,0,2,A,P,P,P
7628,E01230,Homme,8,2,P,A,P,A
7632,E01230,Femme,0,2,P,P,A,A
7631,E01230,Femme,20,2,P,P,P,A
7632,E01230,Femme,0,2,ND,A,P,P
7633,E01230,Femme,0,2,A,P,P,P
7634,E01230,Femme,6,2,A,A,A,P
7675,E01230,Femme,3,2,P,P,P,A
7636,E01230,Homme,6,2,P,P,P,P
7637,E01231,Homme,0,2,A,P,P,P
7638,E01231,Homme,6,2,A,P,ND,P
7639,E01231,Femme,13,2,P,P,P,A
7680,E01231,Homme,21,2,P,P,P,P
7641,E01231,Homme,2,2,P,P,P,P
7642,E01231,Femme,6,2,P,P,P,P
7643,E01232,Femme,7,2,P,P,P,P
7644,E01232,Homme,17,2,P,P,P,P
7645,E01232,Homme,9,2,P,P,P,P
7646,E01232,Homme,1,2,P,ND,P,A
7647,E01233,Femme,7,2,P,P,P,P
7648,E01233,Homme,0,2,A,P,P,A
7649,E01233,Femme,24,2,P,P,P,P
7650,E01233,Homme,6,2,P,A,P,P
7651,E01233,Femme,8,2,P,P,P,P
7652,E01234,Homme,0,2,P,P,P,A
7653,E01234,Femme,3,2,P,P,A,P
7654,E01234,Femme,10,2,P,P,P,P
7655,E01235,Femme,10,2,P,P,P,P
7656,E01235,Homme,6,2,P,P,P,P
7657,E01235,Homme,7,2,A,P,P,A
7658,E01235,Femme,18,2,A,P,P,A
7659,E01235,Homme,10,2,P,P,P,P
7660,E01236,Homme,3,2,P,P,P,A
7661,E01236,Homme,17,2,P,P,P,A
7662,E01236,Femme,15,2,P,P,P,P
7663,E01237,Homme,15,2,P,P,A,P
7665,E01237,Femme,28,2,P,P,A,A
7666,E01238,Homme,0,2,P,A,P,P
7667,E01238,Homme,1,2,P,P,A,P
7668,E01238,Homme,5,2,P,P,P,P
7669,E01239,Femme,9,2,P,P,P,P
7670,E01239,Homme,13,2,P,P,P,A
7671,E01240,Femme,16,2,P,P,P,P
7172,E01240,Femme,16,2,A,P,P,P
7673,E01240,Femme,17,2,A,P,P,P
7674,E01240,Femme,7,2,P,P,P,P
7675,E01240,Femme,2,2,P,A,A,P
7676,E01240,Homme,0,2,P,P,P,P
7677,E01240,Femme,4,2,P,P,P,ND
7678,E01240,Homme,7,2,P,ND,P,P
7679,E01240,Homme,1,2,P,ND,P,P
7631,E01240,Femme,2,2,P,P,P,A
7682,E01240,Femme,20,2,P,P,P,A
7684,E01241,Femme,10,2,P,A,P,P
7685,E01241,Homme,0,2,P,P,A,P
7686,E01242,Homme,9,2,P,P,P,P
7187,E01242,Femme,24,2,P,P,P,P
7688,E01242,Femme,16,2,P,P,P,P
7689,E01242,Femme,3,2,P,P,P,P
7697,E01242,Homme,11,2,P,A,P,P
7691,E01242,Homme,2,2,P,A,P,P
7692,E01242,Femme,1,2,P,P,P,P
7693,E01242,Homme,0,2,ND,P,P,P
7694,E01242,Homme,13,2,P,P,P,P
7695,E01242,Femme,12,2,ND,P,P,P
7696,E01242,Homme,11,2,P,P,P,ND
7697,E01243,Femme,14,2,P,P,A,P
7698,E01243,Homme,4,2,A,P,P,P
7699,E01243,Homme,12,2,P,P,P,P
7700,E01243,Femme,0,2,P,P,P,P
7701,E01243,Femme,8,2,P,P,P,P
7702,E01243,Homme,10,2,P,P,P,P
7703,E01243,Homme,25,2,P,P,P,P
7704,E01244,Femme,0,2,P,P,P,P
7705,E01244,Homme,4,2,P,P,P,P
7706,E01245,Femme,11,2,P,ND,A,P
7707,E01245,Femme,4,2,A,ND,A,A
7708,E01245,Femme,11,2,P,P,P,P
7709,E01245,Femme,15,2,P,A,P,P
7710,E01246,Homme,0,2,P,P,A,P
7711,E01246,Femme,11,2,P,P,A,P
7712,E01246,Femme,0,2,P,A,A,P
7713,E01246,Homme,4,2,P,P,A,ND
7714,E01246,Homme,8,2,P,ND,P,A
7745,E01247,Femme,0,2,A,P,A,A
7716,E01247,Femme,0,2,P,P,A,P
7717,E01247,Homme,11,2,A,A,P,A
7718,E01248,Femme,11,2,P,P,P,A
7719,E01248,Femme,1,2,P,P,P,P
7720,E01248,Homme,26,2,P,ND,P,P
7701,E01248,Homme,8,2,P,P,P,A
7722,E01248,Femme,20,2,P,P,A,P
7723,E01248,Homme,10,2,A,P,P,P
7725,E01248,Femme,0,2,A,P,P,P
7726,E01248,Femme,0,2,P,P,P,P
7728,E01249,Femme,4,2,P,P,P,P
7729,E01249,Femme,1,2,P,P,P,P
7730,E01249,Femme,2,2,A,A,P,ND
7731,E01249,Homme,12,2,P,P,A,A
7732,E01249,Homme,12,2,P,ND,P,P
7733,E01249,Homme,1,2,A,P,P,A
7734,E01249,Femme,13,2,P,P,P,P
7735,E01249,Homme,13,2,P,P,A,P
7736,E01249,Homme,12,2,ND,P,P,P
7737,E01249,Homme,4,2,P,A,P,ND
7739,E01249,Femme,7,2,P,P,P,P
7740,E01249,Femme,9,2,P,P,P,P
7741,E01249,Homme,12,2,P,P,P,P
7742,E01249,Homme,14,2,P,P,P,P
7743,E01250,Femme,14,2,P,A,P,P
7744,E01250,Homme,2,2,P,P,A,P
7746,E01250,Homme,21,2,P,A,P,ND
7747,E01250,Homme,18,2,A,A,A,A
7748,E01251,Femme,4,2,P,P,P,P
7649,E01251,Homme,14,2,P,P,P,P
7750,E01251,Homme,9,2,P,P,P,P
7751,E01251,Femme,8,2,P,P,P,P
7752,E01251,Femme,2,2,P,P,P,P
7753,E01251,Femme,8,2,P,P,P,P
7754,E01251,Femme,0,2,P,P,A,A
7755,E01251,Femme,10,2,A,P,P,A
7756,E01252,Femme,22,2,P,P,P,P
7757,E01252,Homme,0,2,A,P,P,P
7758,E01252,Femme,5,2,P,P,P,P
7759,E01252,Homme,16,2,P,P,P,P
7760,E01252,Homme,11,2,P,P,A,P
7861,E01252,Homme,2,2,ND,P,A,P
7762,E01252,Homme,13,2,P,A,P,P
7763,E01252,Homme,6,2,ND,P,P,P
7764,E01252,Homme,5,2,P,P,P,P
7765,E01252,Homme,5,2,P,P,P,A
7766,E01252,Homme,6,2,P,P,P,P
7767,E01252,Homme,5,2,P,A,P,P
7768,E01252,Femme,9,2,P,P,P,P
7769,E01253,Homme,9,2,P,A,P,P
7770,E01253,Homme,13,2,A,P,ND,P
7771,E01253,Homme,17,2,P,P,A,P
7772,E01254,Femme,26,2,P,P,P,P
7773,E01254,Homme,0,2,P,P,P,P
7774,E01254,Homme,20,2,P,P,P,A
7276,E01255,Femme,4,2,P,P,P,A
7772,E01255,Homme,7,2,P,P,P,P
7778,E01255,Femme,11,2,P,P,P,P
7779,E01255,Femme,24,2,P,P,P,ND
7780,E01255,Homme,10,2,P,P,P,P
7781,E01256,Femme,2,2,A,A,A,P
7782,E01256,Homme,16,2,P,P,P,P
7783,E01256,Femme,4,2,P,P,P,P
7784,E01256,Femme,22,2,A,A,P,P
7885,E01256,Homme,7,2,P,P,P,P
7786,E01257,Femme,15,2,P,P,P,P
7787,E01257,Femme,7,2,P,P,P,P
7788,E01257,Femme,2,2,P,A,P,P
7790,E01257,Femme,20,2,P,P,P,P
7791,E01257,Femme,12,2,P,P,P,P
7792,E01257,Homme,14,2,P,P,P,P
7793,E01257,Femme,19,2,P,P,P,P
7794,E01257,Femme,13,2,P,P,P,P
7795,E01258,Femme,16,2,P,P,P,P
7796,E01258,Homme,10,2,A,A,P,P
7798,E01259,Homme,4,2,A,P,P,P
7799,E01259,Femme,4,2,A,A,A,A
7801,E01259,Homme,6,2,P,A,A,A
7802,E01260,Femme,24,2,A,P,P,A
7803,E01260,Homme,7,2,P,P,P,P
7804,E01261,Femme,9,2,A,P,P,P
7805,E01261,Femme,12,2,P,P,P,P
7806,E01261,Homme,10,2,P,P,P,A
7807,E01261,Femme,14,2,P,ND,P,P
7808,E01262,Femme,13,2,P,A,P,P
7809,E01262,Homme,0,2,A,P,ND,A
7810,E01262,Homme,7,2,P,P,A,ND
7811,E01263,Homme,1,2,P,P,A,P
7812,E01263,Homme,0,2,P,A,P,A
7815,E01263,Femme,12,2,P,P,A,P
7816,E01264,Femme,4,2,P,A,P,A
7817,E01264,Homme,16,2,P,P,A,P
7818,E01265,Homme,24,2,A,A,P,A
7819,E01265,Femme,5,2,A,A,P,P
7820,E01265,Homme,7,2,ND,P,P,P
7821,E01265,Femme,11,2,A,P,P,P
7823,E01265,Homme,12,2,P,A,P,P
7825,E01265,Femme,14,2,A,A,A,A
7826,E01266,Homme,2,2,P,P,A,A
7827,E01266,Homme,12,2,P,P,A,P
7828,E01267,Homme,4,2,P,P,P,P
7829,E01267,Femme,7,2,P,A,A,P
7830,E01267,Homme,0,2,P,P,P,P
7831,E01267,Homme,16,2,A,P,P,ND
7832,E01267,Homme,0,2,A,P,P,P
7830,E01268,Femme,0,2,P,P,P,P
7834,E01268,Homme,2,2,P,P,P,P
7835,E01268,Homme,12,2,P,P,P,P
7836,E01268,Femme,6,2,P,P,P,P
7837,E01268,Femme,8,2,A,P,P,P
7838,E01268,Femme,0,2,P,A,P,P
7839,E01268,Homme,0,2,P,P,A,ND
7840,E01269,Homme,17,2,P,P,P,P
7842,E01269,Homme,21,2,P,P,ND,P
7843,E01269,Homme,12,2,P,P,P,P
7844,E01269,Homme,17,2,P,P,P,P
7845,E01270,Homme,11,2,P,P,P,P
7846,E01270,Homme,0,2,A,P,P,A
7847,E01270,Femme,5,2,P,A,P,P
7748,E01270,Homme,3,2,P,P,P,P
7849,E01270,Homme,7,2,P,P,P,A
7850,E01271,Homme,11,2,P,A,P,P
7851,E01271,Homme,6,2,P,P,P,P
7852,E01271,Femme,18,2,P,A,A,P
7853,E01271,Homme,1,2,P,A,A,P
7854,E01272,Homme,0,2,P,P,P,P
7855,E01272,Homme,0,2,P,P,P,P
7856,E01273,Femme,5,2,P,P,P,P
7857,E01273,Homme,0,2,A,P,A,P
7858,E01273,Homme,9,2,A,P,A,A
7859,E01274,Homme,7,2,A,P,P,P
7860,E01274,Femme,11,2,A,A,P,A
7861,E01274,Homme,9,2,A,P,P,P
7862,E01275,Homme,3,2,P,A,P,P
7863,E01275,Homme,9,2,P,P,P,P
7864,E01275,Homme,0,2,P,P,P,P
7865,E01275,Femme,12,2,P,P,A,P
7866,E01275,Homme,15,2,P,P,P,P
7867,E01275,Homme,7,2,A,P,P,A
7868,E01275,Femme,6,2,P,P,P,P
7809,E01276,Femme,16,2,P,P,P,P
7871,E01276,Femme,10,2,P,P,P,P
7872,E01276,Femme,13,2,P,P,P,P
7873,E01276,Femme,7,2,P,P,P,P
7874,E01277,Homme,4,2,A,P,P,P
7875,E01277,Femme,0,2,P,ND,P,A
7876,E01277,Homme,21,2,P,P,P,P
7877,E01277,Homme,10,2,P,P,P,P
7878,E01277,Femme,0,2,P,A,P,P
7879,E01277,Femme,15,2,P,P,P,P
7880,E01277,Femme,6,2,P,P,P,P
7881,E01277,Femme,18,2,P,P,P,P
7882,E01277,Homme,15,2,P,A,A,P
7803,E01277,Femme,13,2,ND,P,P,P
7886,E01277,Homme,23,2,P,P,P,P
7887,E01278,Homme,16,2,A,P,A,P
7888,E01278,Homme,6,2,A,P,A,A
7889,E01278,Homme,0,2,P,A,P,P
7190,E01278,Homme,1,2,A,P,P,P
7891,E01278,Femme,2,2,A,A,A,P
7892,E01279,Femme,0,2,A,P,P,P
7893,E01279,Femme,18,2,P,P,P,P
7894,E01279,Homme,2,2,P,P,P,P
7895,E01279,Femme,8,2,P,P,P,P
7896,E01280,Femme,12,2,P,P,P,P
7897,E01280,Homme,14,2,P,P,P,P
7098,E01280,Femme,12,2,P,P,A,A
7899,E01280,Homme,11,2,A,P,P,P
7901,E01280,Homme,13,2,P,P,P,P
7902,E01280,Homme,4,2,P,ND,P,P
7903,E01280,Femme,4,2,P,P,P,P
7904,E01280,Femme,9,2,P,A,P,ND
7906,E01281,Homme,0,2,P,P,P,P
7907,E01281,Homme,4,2,A,P,P,P
7908,E01281,Homme,11,2,P,A,P,P
7909,E01282,Femme,8,2,A,P,A,A
7910,E01282,Femme,0,2,P,A,P,P
7911,E01282,Homme,9,2,P,P,P,P
7912,E01282,Femme,13,2,P,P,P,P
7913,E01282,Homme,3,2,P,A,P,P
7914,E01282,Homme,4,2,P,A,A,P
7915,E01282,Femme,3,2,P,P,P,P
7916,E01282,Femme,14,2,A,A,P,P
7917,E01282,Femme,14,2,P,P,P,P
7918,E01282,Femme,17,2,ND,A,A,P
7920,E01283,Homme,8,2,P,P,P,ND
7921,E01283,Homme,13,2,P,P,P,P
7922,E01283,Homme,12,2,P,P,P,P
7923,E01283,Femme,5,2,P,P,P,P
7924,E01283,Femme,12,2,P,P,P,P
7925,E01283,Femme,2,2,P,P,ND,P
7926,E01283,Homme,14,2,ND,P,P,P
7927,E01283,Femme,7,2,A,P,P,A
7928,E01283,Femme,14,2,P,P,P,P
7929,E01283,Homme,29,2,P,ND,P,P
7930,E01283,Femme,9,2,A,P,A,P
7931,E01283,Homme,9,2,ND,P,A,P
7912,E01283,Femme,1,2,ND,P,P,P
7933,E01284,Homme,8,2,P,P,P,P
7934,E01284,Homme,2,2,P,P,P,P
7935,E01284,Homme,4,2,A,P,P,P
7936,E01285,Homme,22,2,P,P,A,P
7937,E01285,Femme,0,2,A,P,A,P
7940,E01285,Homme,9,2,P,P,P,A
7942,E01285,Femme,7,2,P,A,P,A
7943,E01286,Femme,14,2,P,P,P,P
7944,E01286,Femme,10,2,P,P,P,P
1945,E01286,Homme,21,2,P,P,P,P
7946,E01286,Homme,10,2,P,P,P,A
7947,E01286,Femme,13,2,P,P,P,P
7948,E01286,Homme,16,2,P,P,P,P
7949,E01286,Homme,16,2,A,P,P,P
7970,E01287,Femme,10,2,A,P,P,P
7951,E01287,Homme,5,2,A,P,P,P
7952,E01287,Femme,5,2,A,P,P,P
7953,E01287,Femme,18,2,P,P,P,P
7954,E01287,Femme,0,2,P,P,P,P
7955,E01287,Femme,18,2,ND,P,P,P
7956,E01287,Femme,8,2,P,P,P,P
7957,E01287,Homme,0,2,P,P,P,ND
7958,E01287,Femme,15,2,A,P,P,P
7959,E01288,Femme,0,2,A,A,P,A
7960,E01288,Homme,8,2,P,A,P,P
7561,E01288,Femme,1,2,A,A,P,P
7962,E01288,Femme,7,2,ND,P,P,P
7963,E01288,Homme,1,2,P,P,P,P
7964,E01289,Femme,5,2,A,P,P,P
7965,E01289,Homme,2,2,P,A,P,P
7966,E01289,Homme,1,2,P,P,P,P
7967,E01289,Homme,25,2,P,P,A,P
7968,E01289,Femme,9,2,P,P,A,P
7970,E01289,Homme,6,2,P,P,A,P
7971,E01289,Homme,11,2,P,P,A,P
7972,E01289,Homme,3,2,P,P,P,P
7973,E01290,Homme,3,2,A,P,ND,P
7974,E01290,Femme,0,2,P,P,P,P
7975,E01290,Homme,1,2,P,P,P,P
7976,E01290,Homme,14,2,P,P,A,A
7977,E01290,Homme,0,2,P,P,P,P
7978,E01291,Homme,0,2,P,A,P,A
7979,E01291,Homme,5,2,P,P,P,P
7980,E01291,Femme,12,2,P,P,P,P
7981,E01291,Homme,12,2,P,P,P,P
7983,E01292,Homme,5,2,P,P,P,P
7784,E01292,Homme,0,2,P,ND,A,P
7985,E01292,Homme,18,2,P,A,P,P
7986,E01292,Homme,10,2,P,P,ND,P
7987,E01293,Homme,17,2,P,P,A,P
7988,E01293,Femme,0,2,A,A,A,P
7989,E01293,Femme,20,2,P,P,P,P
7990,E01293,Homme,13,2,A,A,A,P
7991,E01293,Homme,0,2,A,A,A,P
7992,E01294,Homme,19,2,P,P,ND,P
7993,E01294,Homme,15,2,P,P,P,P
7994,E01294,Femme,9,2,A,P,P,A
7995,E01294,Homme,7,2,P,P,P,P
7996,E01294,Femme,6,2,A,ND,A,P
7997,E01295,Homme,2,2,P,P,A,A
7998,E01295,Homme,6,2,P,P,A,P
7999,E01295,Homme,12,2,P,A,P,P
8000,E01295,Homme,4,2,P,A,A,P
8001,E01295,Homme,10,2,P,P,P,P
8002,E01295,Homme,15,2,P,A,P,P
8003,E01296,Femme,4,2,P,P,P,P
8004,E01296,Homme,24,2,P,ND,A,P
8005,E01296,Femme,0,2,P,A,P,P
8007,E01296,Homme,4,2,A,P,P,P
8028,E01296,Femme,3,2,P,P,P,P
8009,E01296,Homme,17,2,P,A,P,P
8010,E01296,Femme,0,2,P,P,A,P
8071,E01297,Femme,16,2,ND,P,P,P
8016,E01297,Femme,8,2,A,P,A,P
8013,E01297,Homme,22,2,P,A,P,P
8015,E01297,Homme,7,2,P,P,A,P
8015,E01297,Homme,11,2,ND,A,P,P
8017,E01297,Homme,1,2,P,P,ND,P
8018,E01297,Femme,0,2,P,P,P,P
8019,E01297,Femme,6,2,P,P,P,P
7020,E01297,Homme,0,2,P,P,P,P
8021,E01297,Homme,17,2,P,P,P,P
8022,E01298,Femme,8,2,P,P,P,P
8023,E01298,Femme,4,2,P,P,P,P
8034,E01298,Homme,6,2,P,P,A,P
8025,E01298,Homme,15,2,A,P,P,A
8026,E01298,Homme,2,2,A,P,A,P
8028,E01299,Homme,2,2,P,P,P,A
8029,E01299,Homme,1,2,P,P,P,P
8030,E01299,Femme,5,2,P,P,P,P
8031,E01300,Femme,0,2,P,P,P,P
8032,E01300,Homme,15,2,P,P,P,P
8033,E01300,Homme,1,2,P,P,P,P
8034,E01300,Femme,11,2,P,P,P,P
8035,E01300,Femme,12,2,P,P,P,P
8036,E01301,Homme,8,2,P,P,P,P
8037,E01301,Femme,21,2,P,P,P,P
8238,E01301,Femme,16,2,ND,P,P,P
8039,E01301,Femme,9,2,A,P,P,P
8140,E01301,Femme,11,2,P,ND,P,P
8041,E01302,Homme,7,2,P,P,P,P
8042,E01302,Homme,16,2,A,A,P,P
8043,E01302,Homme,0,2,P,A,P,P
8044,E01302,Femme,5,2,P,P,P,P
8045,E01303,Femme,5,2,P,P,P,P
8046,E01303,Homme,12,2,A,P,A,P
8047,E01303,Homme,5,2,P,A,P,A
8049,E01304,Homme,10,2,P,P,P,P
8056,E01304,Femme,0,2,A,P,A,P
8051,E01304,Homme,13,2,P,P,P,P
8053,E01304,Homme,10,2,P,A,A,P
8054,E01304,Homme,6,2,P,A,P,P
8055,E01305,Femme,9,2,P,P,P,P
8056,E01305,Femme,0,2,P,A,P,P
8057,E01305,Homme,2,2,A,P,P,A
8059,E01306,Homme,14,2,P,P,P,P
8060,E01306,Homme,9,2,P,P,P,P
8461,E01306,Homme,8,2,P,P,P,P
8062,E01306,Homme,3,2,P,P,P,P
8003,E01307,Femme,7,2,ND,A,P,P
8064,E01307,Homme,0,2,P,P,P,P
8065,E01307,Femme,11,2,P,A,P,A
8066,E01307,Homme,0,2,P,P,A,A
8067,E01307,Femme,13,2,A,P,P,P
8068,E01307,Femme,0,2,P,P,P,P
8069,E01307,Femme,8,2,P,ND,A,P
8070,E01307,Homme,10,2,P,A,P,A
8071,E01307,Femme,0,2,P,A,P,A
8072,E01307,Homme,11,2,P,P,P,P
8073,E01307,Homme,7,2,A,P,ND,A
8074,E01307,Femme,12,2,P,P,P,P
8075,E01307,Homme,0,2,P,P,A,P
8076,E01307,Femme,13,2,A,P,P,A
8078,E01308,Homme,15,2,P,P,P,A
8080,E01308,Homme,6,2,P,P,P,P
8086,E01308,Homme,11,2,P,A,P,P
8082,E01308,Homme,7,2,A,P,P,P
8083,E01308,Homme,12,2,ND,A,P,A
8084,E01308,Homme,10,2,P,P,P,P
8085,E01308,Homme,6,2,P,P,P,A
8085,E01308,Femme,4,2,P,A,A,ND
8087,E01308,Homme,3,2,P,P,P,P
8088,E01308,Homme,29,2,P,P,P,P
8089,E01308,Femme,16,2,ND,P,P,P
8090,E01308,Homme,17,2,P,P,P,P
8091,E01309,Femme,8,2,P,P,P,P
8092,E01309,Homme,9,2,P,A,P,P
8093,E01309,Homme,5,2,P,P,P,P
8094,E01309,Femme,16,2,P,P,P,P
8095,E01309,Femme,24,2,P,P,P,A
8096,E01309,Homme,9,2,P,P,P,P
8098,E01309,Homme,1,2,P,A,P,P
8099,E01310,Femme,11,2,P,A,P,P
8102,E01311,Homme,22,2,P,P,P,P
2103,E01311,Femme,11,2,P,P,P,P
8104,E01311,Femme,3,2,A,P,P,P
8105,E01311,Femme,13,2,A,P,A,A
8106,E01311,Femme,0,2,A,P,P,P
8107,E01311,Femme,7,2,P,P,P,A
8108,E01311,Femme,8,2,P,P,P,P
8109,E01311,Femme,0,2,A,ND,A,P
8110,E01311,Homme,6,2,P,P,P,P
8111,E01312,Femme,11,2,P,P,P,P
8112,E01312,Homme,0,2,P,P,P,P
8113,E01313,Femme,9,2,P,P,ND,P
8114,E01313,Homme,10,2,P,P,P,P
8115,E01313,Homme,5,2,P,P,P,A
8116,E01313,Homme,11,2,A,P,P,P
8117,E01313,Homme,12,2,P,P,A,P
8118,E01313,Homme,12,2,A,P,P,P
8119,E01313,Femme,1,2,A,A,P,P
8120,E01313,Femme,22,2,P,P,P,P
8121,E01314,Homme,11,2,A,P,P,P
8122,E01314,Homme,11,2,P,P,P,P
8124,E01314,Femme,0,2,P,P,P,P
8125,E01314,Homme,22,2,P,P,A,P
8126,E01314,Femme,9,2,P,P,P,P
8127,E01315,Homme,6,2,P,P,P,P
8128,E01315,Femme,0,2,P,ND,A,A
8129,E01315,Homme,12,2,ND,A,P,P
8131,E01315,Homme,12,2,A,P,A,A
8132,E01316,Homme,3,2,P,P,P,P
8133,E01316,Homme,1,2,P,A,P,P
8134,E01316,Femme,6,2,P,P,P,A
8135,E01316,Homme,12,2,ND,A,P,P
8136,E01316,Femme,15,2,P,A,P,A
8137,E01316,Femme,6,2,P,A,A,A
1138,E01316,Homme,0,2,P,P,P,P
8139,E01316,Homme,17,2,P,ND,P,P
8140,E01316,Homme,6,2,P,P,P,A
8141,E01317,Homme,20,2,P,A,A,A
8142,E01317,Homme,2,2,P,A,P,P
8143,E01317,Homme,11,2,A,A,P,P
8144,E01317,Femme,7,2,P,P,A,P
8146,E01318,Homme,5,2,P,P,P,P
8147,E01318,Homme,0,2,P,P,P,P
8148,E01318,Homme,21,2,P,P,P,P
8150,E01318,Femme,3,2,P,ND,P,P
8151,E01318,Femme,14,2,P,P,P,P
8152,E01319,Homme,4,2,P,A,P,A
8153,E01319,Homme,11,2,A,P,P,P
8154,E01319,Femme,13,2,P,P,P,P
8155,E01319,Homme,19,2,A,A,A,A
8156,E01319,Homme,10,2,A,A,P,P
8157,E01320,Femme,5,2,P,P,A,A
8152,E01320,Homme,7,2,P,P,P,P
8159,E01320,Femme,5,2,A,A,P,A
8160,E01320,Homme,12,2,P,A,ND,P
8161,E01320,Homme,18,2,P,ND,P,P
8162,E01320,Homme,19,2,P,A,P,P
8163,E01320,Homme,9,2,P,A,P,A
8164,E01321,Femme,0,2,P,P,A,P
8165,E01321,Femme,1,2,P,P,A,P
8167,E01321,Homme,11,2,P,P,P,P
8169,E01321,Homme,0,2,P,P,P,P
8170,E01321,Femme,6,2,P,P,P,A
8171,E01321,Homme,18,2,P,P,A,P
8172,E01321,Homme,14,2,A,P,P,A
8175,E01322,Homme,6,2,P,P,A,P
8676,E01323,Homme,15,2,P,P,P,A
8177,E01323,Homme,1,2,P,P,A,P
8178,E01323,Femme,3,2,P,P,P,P
8186,E01324,Homme,13,2,A,P,P,P
8181,E01324,Homme,0,2,P,P,P,A
8182,E01324,Femme,8,2,P,A,A,P
8183,E01324,Femme,7,2,ND,ND,P,P
8184,E01324,Homme,11,2,P,P,P,A
8185,E01324,Femme,6,2,P,P,P,P
8186,E01324,Homme,2,2,P,A,A,A
8188,E01325,Homme,11,2,P,P,P,P
8169,E01325,Homme,7,2,P,P,P,P
8192,E01325,Femme,12,2,P,A,P,P
8193,E01325,Femme,13,2,P,P,P,P
8194,E01326,Femme,0,2,A,A,A,P
8195,E01326,Homme,2,2,P,A,A,A
8196,E01326,Homme,6,2,P,P,A,P
8197,E01326,Femme,12,2,P,ND,P,P
8198,E01326,Homme,14,2,A,A,P,P
2199,E01326,Homme,24,2,P,P,P,P
8200,E01327,Homme,12,2,P,P,P,P
8201,E01327,Femme,12,2,P,P,P,P
8202,E01327,Homme,7,2,P,P,P,A
8203,E01327,Homme,10,2,P,P,ND,P
8204,E01327,Homme,10,2,A,P,P,P
8205,E01327,Homme,0,2,P,P,P,P
8206,E01328,Femme,10,2,P,P,P,P
8207,E01328,Homme,12,2,A,A,P,A
8208,E01328,Femme,9,2,P,P,P,P
8210,E01328,Homme,16,2,ND,P,A,P
7211,E01329,Femme,12,2,A,A,A,P
8212,E01329,Homme,2,2,P,P,P,P
8213,E01329,Femme,1,2,P,A,P,P
8214,E01329,Homme,7,2,P,A,P,P
8215,E01330,Homme,12,2,P,ND,P,A
8216,E01330,Homme,14,2,P,P,P,P
8217,E01330,Homme,16,2,P,P,P,P
8218,E01330,Femme,11,2,P,P,P,A
8019,E01330,Femme,3,2,P,P,P,P
8220,E01331,Femme,0,2,P,P,P,P
8221,E01331,Homme,9,2,P,A,ND,P
8222,E01331,Femme,22,2,P,P,P,P
8223,E01331,Femme,11,2,P,P,P,P
8224,E01331,Femme,9,2,A,P,P,P
8225,E01332,Homme,14,2,P,P,P,P
8226,E01332,Femme,17,2,P,P,P,A
8227,E01332,Homme,20,2,P,P,ND,P
8228,E01332,Femme,4,2,P,ND,P,P
0229,E01332,Femme,1,2,P,P,P,P
8230,E01332,Femme,8,2,P,P,A,P
8231,E01332,Homme,25,2,P,P,P,A
8232,E01332,Homme,6,2,P,P,P,P
8233,E01332,Homme,17,2,P,P,P,P
8234,E01332,Femme,18,2,P,P,A,P
8235,E01332,Femme,10,2,P,P,P,P
8236,E01332,Homme,14,2,P,P,P,P
8237,E01332,Homme,0,2,P,P,P,P
8238,E01333,Femme,9,2,P,ND,P,P
8239,E01333,Homme,20,2,P,P,P,P
8240,E01333,Homme,8,2,P,ND,P,P
8231,E01333,Homme,0,2,P,P,P,P
8242,E01333,Femme,5,2,P,P,P,ND
8243,E01333,Femme,17,2,P,P,P,P
8244,E01333,Femme,9,2,P,P,P,P
8245,E01333,Homme,1,2,P,P,P,ND
8247,E01333,Homme,13,2,P,P,P,P
8248,E01333,Femme,16,2,P,A,P,ND
8249,E01334,Homme,10,2,P,P,P,P
8250,E01334,Femme,11,2,P,P,P,P
8251,E01335,Homme,16,2,P,P,P,P
8252,E01335,Homme,19,2,A,P,P,A
8253,E01335,Femme,14,2,P,P,P,P
8254,E01335,Homme,18,2,P,P,P,P
8255,E01335,Homme,15,2,P,P,A,P
8256,E01335,Homme,17,2,ND,P,P,P
8257,E01335,Homme,13,2,P,P,P,P
8258,E01335,Homme,4,2,P,P,P,A
8259,E01335,Homme,17,2,A,P,P,P
8260,E01336,Homme,21,2,P,P,A,P
8261,E01336,Homme,10,2,P,A,P,P
8262,E01336,Homme,26,2,P,P,P,P
8263,E01336,Femme,6,2,P,P,A,A
8264,E01337,Femme,2,2,P,P,P,P
8265,E01337,Femme,3,2,P,P,P,P
8266,E01337,Homme,7,2,P,P,ND,P
8267,E01338,Femme,19,2,P,A,P,A
8268,E01338,Homme,6,2,A,P,P,P
8269,E01338,Homme,0,2,P,A,A,A
8270,E01338,Homme,0,2,P,P,P,P
8271,E01339,Femme,8,2,P,P,P,P
8272,E01339,Homme,5,2,P,P,P,P
8273,E01339,Homme,0,2,A,P,P,P
8274,E01339,Femme,13,2,A,P,P,P
8275,E01339,Homme,16,2,P,P,P,P
8276,E01339,Femme,3,2,P,A,ND,A
8277,E01339,Femme,12,2,P,P,P,P
8278,E01339,Homme,17,2,P,P,P,P
8279,E01339,Homme,4,2,P,A,P,P
8280,E01339,Homme,8,2,P,P,P,A
8281,E01340,Homme,0,2,P,P,P,P
8282,E01340,Homme,5,2,P,P,P,P
8283,E01340,Femme,10,2,A,ND,P,P
8289,E01340,Homme,10,2,P,P,P,P
8285,E01340,Femme,10,2,P,P,P,P
8286,E01341,Femme,20,2,P,P,A,P
8287,E01341,Femme,6,2,A,ND,P,P
8288,E01341,Femme,9,2,P,P,P,P
8289,E01341,Femme,3,2,A,P,P,P
8290,E01341,Homme,19,2,P,P,P,P
8291,E01341,Femme,22,2,P,P,P,P
8292,E01341,Femme,12,2,P,P,P,P
8293,E01341,Femme,9,2,P,P,A,P
8295,E01341,Femme,20,2,P,A,A,P
8291,E01342,Homme,0,2,A,P,P,P
8297,E01342,Femme,9,2,P,P,A,A
8298,E01342,Homme,0,2,P,P,A,P
8299,E01342,Femme,17,2,A,A,A,P
8300,E01342,Homme,9,2,P,P,P,P
8301,E01342,Homme,3,2,P,P,P,A
8343,E01342,Homme,2,2,A,A,P,P
8304,E01343,Femme,10,2,P,A,P,A
8306,E01343,Femme,13,2,P,P,P,P
8306,E01343,Femme,9,2,P,P,P,P
8307,E01343,Homme,0,2,P,P,A,P
5308,E01343,Femme,0,2,P,P,A,A
8309,E01343,Femme,0,2,P,P,P,P
8310,E01343,Homme,15,2,P,A,A,A
8311,E01343,Homme,12,2,P,P,P,P
8312,E01343,Homme,23,2,P,P,P,P
8313,E01343,Femme,10,2,ND,A,P,A
8314,E01343,Homme,21,2,P,A,P,P
8315,E01343,Femme,10,2,A,P,P,A
8316,E01343,Homme,8,2,P,P,P,P
8317,E01343,Femme,1,2,P,P,P,P
8318,E01344,Femme,0,2,P,P,P,P
8319,E01344,Homme,10,2,A,P,P,P
8320,E01344,Femme,22,2,P,P,P,P
8321,E01344,Femme,0,2,A,P,P,P
8322,E01344,Femme,11,2,A,P,P,P
8323,E01344,Femme,18,2,P,P,P,P
8324,E01345,Homme,9,2,P,P,P,ND
8325,E01345,Homme,0,2,P,P,P,A
8326,E01345,Homme,3,2,P,P,P,P
8327,E01345,Homme,13,2,P,P,P,P
8329,E01346,Femme,9,2,P,P,P,A
8930,E01346,Homme,6,2,P,P,P,P
8331,E01346,Femme,22,2,P,P,P,P
8332,E01346,Homme,13,2,P,P,A,P
8333,E01346,Homme,0,2,P,P,P,A
8334,E01346,Homme,16,2,P,P,P,P
8338,E01346,Femme,0,2,P,P,A,P
8336,E01347,Femme,4,2,A,P,P,P
8387,E01347,Femme,18,2,P,P,P,ND
8338,E01347,Homme,13,2,P,P,P,P
8339,E01347,Femme,10,2,P,P,P,A
8340,E01347,Homme,3,2,ND,P,P,P
8341,E01348,Homme,5,2,A,P,A,A
8343,E01348,Femme,15,2,A,A,A,A
8344,E01348,Femme,10,2,A,A,A,P
8346,E01348,Homme,17,2,P,A,P,A
8347,E01349,Homme,15,2,P,P,P,P
8348,E01349,Homme,14,2,P,P,A,P
8349,E01349,Femme,9,2,P,P,P,P
8351,E01350,Homme,2,2,P,P,P,P
1352,E01351,Homme,6,2,P,P,P,P
8353,E01351,Femme,13,2,P,P,P,P
8354,E01351,Homme,2,2,P,P,P,P
8356,E01352,Femme,5,2,P,P,P,P
8357,E01352,Femme,20,2,P,P,A,A
8358,E01352,Homme,13,2,P,P,P,P
8359,E01353,Homme,4,2,A,P,A,P
8360,E01353,Homme,2,2,P,P,A,P
8361,E01353,Homme,8,2,P,P,P,A
8362,E01353,Femme,10,2,P,A,P,P
8363,E01353,Femme,18,2,P,P,P,P
8364,E01353,Homme,11,2,A,P,P,P
8365,E01353,Homme,3,2,P,A,P,P
8366,E01353,Femme,9,2,P,A,P,P
8367,E01353,Homme,9,2,P,P,P,P
8368,E01353,Homme,21,2,P,P,A,P
8369,E01354,Homme,8,2,P,P,P,P
8372,E01354,Femme,0,2,P,P,A,P
8373,E01354,Homme,6,2,P,P,P,P
8374,E01354,Homme,15,2,P,P,P,P
8375,E01354,Homme,11,2,P,P,A,P
8376,E01355,Femme,1,2,A,P,P,P
8377,E01355,Femme,0,2,P,P,P,A
8378,E01355,Homme,1,2,P,A,P,P
8380,E01356,Homme,7,2,P,P,P,P
8381,E01356,Homme,2,2,P,P,P,A
8382,E01356,Homme,14,2,P,P,P,A
8383,E01357,Femme,23,2,P,A,A,P
8384,E01357,Homme,12,2,P,P,P,P
8385,E01357,Homme,13,2,P,P,P,P
8386,E01357,Femme,20,2,P,ND,P,P
8387,E01357,Femme,6,2,P,P,P,P
8388,E01357,Homme,15,2,ND,A,P,P
8389,E01357,Femme,16,2,P,P,ND,P
8390,E01357,Homme,13,2,P,P,P,P
8392,E01357,Homme,2,2,P,P,A,A
8393,E01357,Homme,5,2,P,P,P,P
8394,E01358,Homme,10,2,P,P,P,ND
8395,E01358,Homme,0,2,P,P,P,P
8396,E01359,Homme,14,2,P,P,P,A
8397,E01359,Femme,3,2,P,P,P,P
8398,E01360,Homme,3,2,P,P,P,P
8396,E01360,Homme,9,2,P,P,P,P
8400,E01360,Homme,3,2,P,P,P,P
8403,E01360,Homme,23,2,P,P,A,P
8402,E01360,Femme,3,2,P,P,P,P
8903,E01360,Femme,2,2,P,A,P,P
8404,E01361,Homme,4,2,P,P,A,A
8405,E01361,Homme,15,2,P,A,P,P
8407,E01362,Homme,4,2,P,P,P,P
8408,E01362,Femme,6,2,P,P,P,A
8409,E01362,Femme,21,2,P,P,P,P
8410,E01362,Femme,0,2,P,P,P,P
8411,E01362,Homme,13,2,P,P,P,P
8412,E01362,Homme,0,2,P,P,P,P
8413,E01363,Femme,8,2,P,P,A,P
8414,E01363,Homme,10,2,P,P,A,ND
8416,E01363,Homme,6,2,A,P,ND,P
8418,E01363,Femme,15,2,P,P,P,P
8419,E01363,Femme,14,2,P,P,P,P
8420,E01364,Homme,18,2,A,P,P,P
8421,E01364,Homme,23,2,A,P,A,A
8422,E01364,Femme,10,2,P,P,P,P
8423,E01364,Femme,8,2,P,P,P,P
8424,E01364,Femme,9,2,P,P,P,P
8425,E01364,Homme,9,2,P,P,P,P
8426,E01364,Homme,7,2,P,P,P,P
8428,E01364,Femme,0,2,P,P,P,P
8429,E01364,Homme,6,2,P,P,P,P
8430,E01364,Homme,11,2,A,A,P,P
8431,E01364,Femme,15,2,A,P,P,P
8433,E01365,Homme,5,2,P,P,P,P
8435,E01365,Homme,7,2,P,P,P,P
8436,E01365,Homme,19,2,P,A,P,P
8437,E01366,Femme,2,2,P,P,P,P
8438,E01366,Homme,17,2,A,P,A,A
8439,E01366,Femme,22,2,P,ND,P,P
8440,E01366,Homme,0,2,P,P,P,P
8441,E01366,Homme,16,2,P,P,P,P
8442,E01366,Homme,7,2,P,P,P,P
8443,E01366,Homme,0,2,P,P,P,P
8444,E01367,Homme,21,2,P,P,P,P
8445,E01367,Homme,4,2,P,P,P,P
8446,E01367,Homme,8,2,P,P,P,P
8407,E01367,Homme,15,2,P,P,P,ND
8448,E01368,Femme,4,2,P,P,P,P
8449,E01368,Homme,17,2,P,A,P,P
8450,E01368,Femme,9,2,A,P,P,A
8451,E01368,Femme,18,2,A,P,P,A
8452,E01369,Femme,5,2,P,P,P,P
8453,E01369,Homme,14,2,P,P,P,A
8454,E01369,Homme,8,2,P,P,P,ND
8455,E01369,Homme,0,2,P,P,A,P
8456,E01370,Homme,20,2,P,P,P,P
8457,E01370,Homme,3,2,A,P,P,P
8451,E01370,Homme,22,2,P,P,P,P
8459,E01370,Homme,8,2,P,P,P,A
8460,E01370,Homme,0,2,P,P,P,A
8461,E01370,Femme,9,2,P,A,A,A
8462,E01370,Homme,18,2,P,P,ND,P
8463,E01370,Homme,10,2,P,P,A,P
8464,E01371,Homme,7,2,A,P,P,P
8465,E01371,Homme,0,2,P,P,P,P
8466,E01371,Femme,9,2,P,P,P,P
8467,E01371,Femme,9,2,P,P,P,P
8468,E01372,Femme,6,2,P,P,A,P
8469,E01372,Femme,9,2,P,A,P,P
8470,E01372,Homme,0,2,A,A,A,P
8477,E01372,Homme,17,2,P,P,P,P
8472,E01373,Homme,13,2,P,A,P,P
8473,E01373,Homme,10,2,P,P,P,P
8474,E01373,Femme,9,2,P,P,P,P
8475,E01373,Homme,7,2,P,P,P,P
3476,E01373,Femme,5,2,P,P,P,P
8477,E01373,Femme,19,2,P,P,P,P
8478,E01374,Femme,16,2,P,P,P,P
8479,E01374,Homme,6,2,P,P,P,A
8480,E01374,Homme,24,2,A,P,P,P
8481,E01374,Homme,4,2,A,A,A,P
8482,E01374,Femme,8,2,P,P,A,P
8483,E01375,Homme,20,2,P,P,P,A
8484,E01375,Homme,14,2,P,P,P,P
8485,E01375,Femme,0,2,P,P,P,P
8489,E01375,Femme,6,2,P,A,P,P
8487,E01375,Femme,17,2,P,P,P,P
8488,E01375,Femme,15,2,P,P,ND,P
8489,E01375,Homme,0,2,P,A,P,A
8490,E01375,Femme,0,2,A,A,A,P
8492,E01376,Homme,9,2,P,P,P,ND
8493,E01376,Femme,2,2,P,P,P,A
8494,E01377,Femme,6,2,ND,P,ND,P
8495,E01377,Femme,13,2,A,A,A,P
8996,E01377,Homme,0,2,A,A,P,P
8497,E01377,Femme,20,2,P,P,P,P
8498,E01378,Homme,5,2,P,P,P,P
8499,E01378,Femme,12,2,ND,P,A,P
8500,E01378,Homme,5,2,A,P,P,P
8501,E01378,Homme,12,2,P,ND,P,P
8502,E01379,Femme,0,2,P,P,A,P
8503,E01379,Homme,9,2,A,P,P,P
8504,E01379,Femme,3,2,A,P,P,P
8500,E01379,Femme,1,2,P,A,A,P
2506,E01379,Femme,14,2,P,P,P,P
8507,E01380,Homme,13,2,ND,P,P,P
8508,E01380,Homme,14,2,A,P,ND,P
8509,E01380,Femme,0,2,P,A,P,P
8512,E01380,Homme,4,2,P,P,P,P
8513,E01381,Femme,8,2,P,P,P,P
8514,E01381,Homme,0,2,P,P,A,P
8516,E01382,Homme,2,2,P,P,P,A
8517,E01382,Femme,0,2,P,P,P,A
8518,E01382,Femme,0,2,P,A,P,A
8519,E01383,Homme,8,2,P,A,P,P
8520,E01383,Femme,3,2,A,P,P,A
8521,E01383,Femme,0,2,P,P,A,P
8522,E01384,Femme,12,2,A,P,P,P
8523,E01384,Femme,8,2,P,P,P,P
8524,E01384,Homme,0,2,P,P,P,P
8525,E01384,Femme,0,2,P,P,P,P
8526,E01385,Homme,12,2,P,P,A,P
8527,E01385,Homme,7,2,P,P,A,P
8529,E01385,Homme,17,2,P,P,P,P
8530,E01385,Homme,10,2,P,P,P,P
8531,E01385,Homme,15,2,P,P,P,P
8532,E01385,Homme,2,2,P,P,P,P
8533,E01385,Homme,8,2,P,P,P,P
8534,E01386,Homme,5,2,P,P,P,P
8535,E01386,Femme,16,2,P,P,A,P
8536,E01386,Femme,10,2,P,P,P,P
8537,E01386,Homme,6,2,P,A,P,P
8538,E01386,Homme,11,2,P,P,P,P
8539,E01386,Homme,19,2,ND,P,P,P
8540,E01386,Homme,13,2,P,P,P,P
2541,E01386,Homme,23,2,P,P,P,P
8542,E01386,Homme,16,2,P,A,P,P
8543,E01386,Homme,2,2,P,P,P,P
8544,E01386,Homme,7,2,P,P,P,P
8548,E01386,Homme,11,2,P,P,P,P
8546,E01386,Homme,0,2,P,P,P,P
8547,E01386,Femme,0,2,A,P,P,P
8547,E01386,Homme,14,2,P,A,P,P
8549,E01387,Homme,10,2,P,A,P,P
8550,E01387,Homme,7,2,P,P,P,P
8551,E01387,Femme,4,2,P,P,P,P
8552,E01387,Homme,14,2,P,A,P,A
8553,E01387,Homme,1,2,P,P,P,P
8554,E01387,Homme,0,2,P,A,P,P
8555,E01388,Femme,1,2,P,P,P,P
8556,E01388,Homme,15,2,A,P,P,P
8557,E01388,Homme,13,2,P,P,P,P
8558,E01388,Homme,9,2,P,P,P,P
8559,E01388,Homme,1,2,P,P,P,P
8560,E01388,Homme,10,2,P,A,P,P
8561,E01389,Homme,4,2,A,P,P,P
8562,E01389,Femme,1,2,A,A,P,P
8563,E01389,Homme,9,2,A,A,A,A
8564,E01389,Femme,0,2,P,P,P,P
8565,E01389,Homme,18,2,P,P,P,ND
8566,E01389,Homme,7,2,P,P,A,A
8567,E01389,Homme,5,2,P,P,ND,P
8568,E01389,Femme,8,2,P,P,P,P
8569,E01390,Femme,6,2,P,ND,P,P
8570,E01390,Homme,8,2,A,P,P,P
8571,E01390,Femme,16,2,P,P,P,P
8572,E01390,Homme,2,2,P,A,A,P
8573,E01391,Homme,0,2,P,P,A,A
8574,E01391,Femme,17,2,P,P,P,A
8575,E01391,Femme,8,2,P,A,P,P
8576,E01391,Femme,13,2,A,P,P,P
8877,E01391,Homme,3,2,P,P,P,A
8578,E01391,Homme,6,2,P,P,A,P
8579,E01391,Homme,3,2,P,P,P,P
2580,E01391,Femme,12,2,P,A,P,A
1581,E01391,Femme,16,2,P,P,P,P
8584,E01392,Femme,11,2,A,P,A,P
8586,E01392,Femme,17,2,A,P,P,ND
8587,E01392,Homme,17,2,P,P,P,P
8588,E01392,Femme,4,2,A,A,P,P
8589,E01392,Homme,4,2,P,P,A,P
8540,E01393,Femme,19,2,P,P,P,P
8592,E01393,Homme,7,2,P,P,P,P
8594,E01393,Femme,0,2,P,P,P,P
8595,E01394,Homme,24,2,P,P,P,P
8596,E01394,Homme,0,2,P,P,P,A
8597,E01394,Homme,0,2,P,P,P,P
8598,E01394,Homme,5,2,A,P,P,P
8600,E01394,Femme,11,2,P,A,P,P
8602,E01394,Homme,13,2,P,P,P,P
8603,E01395,Femme,16,2,P,P,A,P
8605,E01395,Femme,4,2,P,P,P,ND
8606,E01395,Homme,2,2,P,A,P,P
8607,E01395,Homme,11,2,A,P,P,P
8608,E01395,Homme,9,2,P,A,P,P
8610,E01396,Homme,0,2,P,A,A,A
8611,E01396,Homme,19,2,P,A,P,P
8612,E01396,Homme,8,2,P,A,P,P
8613,E01396,Femme,6,2,P,ND,P,A
8614,E01396,Femme,14,2,P,P,P,P
8615,E01396,Femme,10,2,P,P,P,A
8616,E01396,Femme,18,2,P,A,A,A
8617,E01397,Homme,3,2,P,P,P,P
8618,E01397,Femme,8,2,P,P,P,P
8619,E01397,Homme,9,2,P,P,P,P
8620,E01397,Femme,6,2,P,P,P,P
8621,E01397,Femme,25,2,P,P,P,P
8622,E01397,Femme,15,2,P,P,P,P
8623,E01397,Femme,20,2,P,P,P,P
8624,E01398,Homme,12,2,P,P,P,P
8626,E01398,Femme,0,2,P,A,P,ND
8627,E01398,Homme,7,2,A,A,P,P
8628,E01398,Femme,19,2,P,ND,P,P
8629,E01398,Homme,13,2,P,A,P,P
8631,E01399,Homme,16,2,P,P,P,P
8632,E01399,Homme,18,2,P,P,A,P
8633,E01400,Femme,3,2,A,P,P,P
8637,E01400,Femme,5,2,P,A,P,P
8636,E01400,Homme,5,2,A,P,A,A
8637,E01400,Femme,20,2,ND,ND,P,P
8638,E01400,Homme,18,2,P,P,P,P
8639,E01400,Femme,8,2,A,P,P,P
8640,E01400,Homme,22,2,P,P,P,P
8641,E01400,Femme,0,2,P,P,P,P
8642,E01401,Homme,11,2,A,P,A,P
8643,E01401,Homme,3,2,A,P,P,P
8644,E01401,Femme,18,2,A,P,A,P
8645,E01401,Homme,11,2,P,P,A,P
8646,E01401,Homme,12,2,A,P,P,P
8648,E01402,Homme,13,2,P,P,P,A
8649,E01402,Homme,0,2,P,ND,P,P
8650,E01402,Homme,13,2,P,P,A,P
8651,E01402,Homme,25,2,P,P,P,A
8652,E01402,Femme,12,2,P,P,P,P
8653,E01402,Homme,7,2,A,P,P,P
8654,E01402,Femme,8,2,P,P,P,P
8655,E01402,Homme,5,2,P,A,P,P
8656,E01402,Homme,12,2,P,P,A,A
8657,E01402,Femme,17,2,P,A,P,P
8658,E01402,Homme,0,2,P,ND,P,P
8659,E01402,Homme,1,2,P,P,ND,P
8660,E01402,Homme,16,2,P,P,P,P
8661,E01402,Homme,0,2,P,P,P,P
8662,E01402,Homme,2,2,P,P,P,P
8663,E01402,Femme,3,2,P,P,A,P
8664,E01403,Femme,14,2,P,P,A,P
8666,E01403,Femme,16,2,P,P,P,P
8667,E01404,Homme,12,2,P,A,A,P
8668,E01404,Homme,12,2,P,A,P,P
8469,E01404,Homme,17,2,P,P,P,P
8670,E01404,Homme,7,2,P,P,P,P
8671,E01404,Homme,11,2,P,P,ND,P
8672,E01405,Homme,5,2,P,P,P,P
8643,E01405,Homme,14,2,P,P,P,P
8674,E01405,Homme,3,2,P,P,P,A
8675,E01405,Homme,21,2,P,P,P,P
8677,E01406,Homme,11,2,P,A,P,A
8678,E01406,Homme,2,2,P,P,P,P
8629,E01406,Homme,8,2,P,P,P,P
8680,E01406,Homme,12,2,A,P,P,P
8681,E01407,Homme,0,2,ND,P,P,ND
8682,E01407,Femme,8,2,P,P,P,P
8683,E01408,Homme,13,2,P,P,P,P
8684,E01408,Homme,7,2,P,P,P,P
8685,E01408,Homme,14,2,P,P,P,P
8686,E01408,Homme,10,2,P,P,P,P
8687,E01408,Homme,17,2,P,P,P,P
8688,E01408,Femme,12,2,P,A,P,P
8689,E01408,Homme,8,2,P,A,P,A
8690,E01408,Homme,14,2,A,P,P,P
8691,E01409,Femme,0,2,P,A,P,A
8692,E01409,Femme,9,2,P,P,P,ND
8694,E01409,Femme,8,2,P,P,P,P
8695,E01409,Homme,7,2,P,P,P,P
8696,E01410,Homme,0,2,A,P,P,P
8697,E01410,Femme,3,2,P,P,P,P
8678,E01410,Homme,7,2,P,P,P,P
8699,E01410,Homme,9,2,P,P,P,P
8700,E01410,Homme,2,2,P,P,P,P
8701,E01410,Femme,10,2,P,P,P,P
8702,E01410,Homme,15,2,P,P,A,P
8703,E01410,Homme,14,2,P,A,P,P
8704,E01411,Homme,13,2,P,P,P,P
8705,E01411,Homme,16,2,ND,ND,ND,P
8706,E01411,Homme,3,2,P,P,P,A
8708,E01411,Femme,12,2,A,A,P,P
8709,E01411,Homme,0,2,P,P,P,P
8710,E01411,Femme,5,2,P,P,P,A
8711,E01411,Homme,11,2,P,P,P,P
8713,E01411,Femme,1,2,P,P,A,P
9714,E01411,Homme,3,2,P,P,P,P
8715,E01412,Homme,5,2,P,P,P,P
8716,E01412,Homme,19,2,P,P,P,P
8717,E01412,Femme,9,2,P,P,P,P
8718,E01412,Homme,2,2,P,P,ND,P
8719,E01412,Homme,17,2,P,P,P,A
8720,E01412,Homme,6,2,A,ND,P,P
8721,E01412,Homme,12,2,P,P,P,P
8722,E01413,Femme,6,2,A,P,P,A
8723,E01413,Femme,8,2,A,P,P,P
8734,E01413,Femme,8,2,P,P,P,P
8725,E01413,Femme,0,2,A,A,A,P
5726,E01413,Homme,8,2,P,P,P,P
8727,E01413,Femme,9,2,P,A,P,P
8728,E01413,Femme,7,2,P,P,P,A
8759,E01413,Homme,0,2,P,P,P,P
8730,E01414,Femme,2,2,P,A,ND,P
8735,E01414,Femme,14,2,P,A,P,A
8732,E01414,Femme,4,2,A,A,P,A
8763,E01414,Femme,26,2,P,P,P,P
8734,E01414,Homme,13,2,A,P,P,P
8735,E01414,Femme,20,2,P,P,P,P
8737,E01414,Homme,12,2,P,P,P,P
8738,E01414,Homme,19,2,P,P,P,P
8769,E01414,Homme,2,2,P,P,P,A
8740,E01414,Homme,14,2,P,P,P,P
8741,E01414,Femme,8,2,A,A,ND,P
8722,E01414,Homme,13,2,P,P,P,P
8743,E01414,Homme,9,2,P,A,P,A
8744,E01414,Homme,0,2,P,P,P,P
6745,E01414,Femme,17,2,A,P,P,P
8746,E01414,Femme,4,2,P,ND,P,A
2747,E01414,Homme,7,2,P,P,ND,P
8748,E01414,Homme,15,2,A,A,P,P
8749,E01414,Femme,11,2,P,P,A,P
8750,E01414,Homme,0,2,P,A,P,P
8751,E01414,Femme,7,2,A,P,P,P
8753,E01414,Homme,8,2,P,P,P,P
8754,E01415,Homme,0,2,P,P,P,P
8755,E01415,Femme,15,2,P,P,P,P
8756,E01415,Homme,13,2,P,P,P,P
8757,E01415,Femme,14,2,P,P,P,A
8758,E01415,Femme,20,2,P,P,P,P
8759,E01415,Homme,0,2,P,P,A,P
8760,E01415,Femme,15,2,P,P,A,P
8761,E01415,Homme,11,2,P,P,P,P
8762,E01415,Homme,22,2,P,P,P,P
8763,E01416,Homme,6,2,P,P,A,A
8764,E01416,Homme,5,2,A,P,P,A
8765,E01416,Homme,3,2,P,P,P,A
8767,E01416,Homme,1,2,A,P,P,P
8768,E01416,Femme,17,2,P,P,P,P
8769,E01416,Homme,4,2,A,P,P,P
8770,E01417,Femme,11,2,P,P,P,ND
8771,E01417,Femme,8,2,A,A,P,P
8772,E01417,Femme,8,2,A,P,P,P
8773,E01417,Femme,24,2,P,P,P,P
8774,E01417,Femme,14,2,P,P,P,P
8775,E01417,Femme,13,2,P,P,A,P
8776,E01417,Femme,8,2,P,P,A,P
8777,E01417,Homme,0,2,P,P,P,P
8778,E01417,Femme,0,2,P,P,P,P
8779,E01418,Homme,0,2,P,A,P,P
8780,E01418,Homme,2,2,P,P,P,P
8781,E01418,Homme,14,2,P,P,P,P
8582,E01418,Femme,7,2,P,P,A,P
8783,E01418,Homme,13,2,P,P,P,P
8784,E01419,Femme,0,2,P,P,P,A
8785,E01419,Homme,7,2,P,A,P,P
8786,E01419,Homme,24,2,P,P,P,ND
8787,E01420,Homme,4,2,P,A,P,P
8788,E01420,Homme,4,2,A,P,P,P
8789,E01420,Femme,11,2,P,P,P,P
8790,E01420,Femme,13,2,P,P,P,P
8491,E01420,Homme,31,2,P,P,P,P
8792,E01420,Homme,4,2,P,P,P,P
8793,E01420,Homme,11,2,P,P,A,P
8794,E01420,Homme,0,2,P,P,P,P
8795,E01421,Femme,17,2,P,P,A,A
8796,E01421,Femme,6,2,P,P,P,P
8797,E01421,Homme,10,2,P,P,ND,P
8798,E01421,Femme,5,2,P,P,P,P
8799,E01421,Homme,12,2,P,P,ND,P
8600,E01421,Femme,1,2,P,P,P,P
8801,E01421,Femme,11,2,ND,P,P,P
8802,E01422,Femme,10,2,A,P,P,P
8803,E01422,Homme,15,2,P,P,P,P
8804,E01422,Homme,14,2,P,P,P,A
8805,E01422,Homme,4,2,A,P,P,P
8806,E01422,Homme,0,2,P,P,A,P
8807,E01422,Homme,16,2,P,P,P,P
8808,E01422,Femme,8,2,P,P,A,P
8809,E01422,Femme,10,2,P,P,P,A
8810,E01422,Homme,5,2,P,P,A,P
8811,E01423,Homme,0,2,P,P,P,P
8812,E01423,Homme,19,2,P,A,P,P
8813,E01423,Femme,13,2,P,P,P,P
8813,E01423,Homme,0,2,P,P,P,P
8815,E01423,Femme,10,2,P,ND,P,P
8816,E01424,Femme,6,2,P,P,P,P
8817,E01424,Femme,9,2,P,P,P,P
8818,E01424,Homme,4,2,P,A,P,P
8819,E01424,Femme,25,2,P,P,A,P
8820,E01424,Femme,0,2,P,P,P,P
8821,E01425,Homme,0,2,P,P,P,P
8824,E01425,Homme,21,2,P,P,P,P
8823,E01425,Homme,20,2,P,P,P,P
8824,E01425,Homme,10,2,P,P,A,P
8825,E01425,Femme,23,2,P,P,P,P
8826,E01425,Homme,2,2,P,P,P,P
8828,E01426,Femme,1,2,P,P,P,P
8829,E01426,Femme,7,2,P,P,P,P
8830,E01426,Homme,3,2,P,P,A,P
1831,E01426,Homme,14,2,P,P,P,P
8832,E01426,Femme,5,2,P,P,P,P
8833,E01426,Femme,10,2,P,P,P,P
8834,E01426,Homme,22,2,P,P,P,A
8835,E01426,Homme,9,2,P,P,ND,P
8836,E01426,Homme,7,2,P,P,A,P
8837,E01426,Homme,18,2,P,P,P,P
8838,E01426,Homme,21,2,P,P,P,P
8839,E01427,Homme,0,2,P,A,P,P
8840,E01427,Homme,20,2,P,P,P,P
8841,E01428,Femme,9,2,P,P,A,P
8842,E01428,Femme,0,2,P,P,P,P
8843,E01428,Femme,13,2,A,P,P,P
8844,E01428,Femme,20,2,P,P,P,P
8845,E01428,Femme,0,2,P,A,ND,A
8843,E01428,Homme,7,2,P,P,P,P
8847,E01428,Femme,10,2,P,P,P,A
8848,E01428,Femme,4,2,A,P,P,P
8849,E01429,Homme,14,2,P,P,A,P
8853,E01429,Homme,4,2,P,ND,P,P
8851,E01429,Homme,6,2,P,P,P,P
8852,E01429,Femme,10,2,P,A,P,P
8853,E01429,Homme,9,2,P,P,A,P
8854,E01429,Femme,7,2,P,A,P,A
8855,E01429,Femme,11,2,A,P,P,A
8856,E01430,Femme,13,2,P,P,P,P
8857,E01430,Femme,3,2,P,P,P,P
8858,E01430,Femme,13,2,P,P,P,P
8859,E01430,Homme,15,2,P,P,A,P
8860,E01430,Homme,9,2,P,P,P,P
8861,E01430,Femme,15,2,P,P,P,P
8862,E01430,Homme,0,2,P,P,P,P
8863,E01430,Homme,15,2,P,P,P,P
8864,E01431,Homme,7,2,A,P,A,P
8865,E01431,Homme,5,2,P,P,P,P
8866,E01431,Femme,10,2,P,P,P,P
8868,E01432,Femme,14,2,P,P,A,P
8869,E01432,Homme,1,2,P,P,P,A
8870,E01432,Homme,4,2,P,P,A,A
8871,E01432,Femme,14,2,A,P,P,P
8872,E01432,Homme,9,2,P,A,P,A
8873,E01432,Femme,15,2,P,P,P,P
8874,E01433,Femme,6,2,P,P,P,P
8876,E01433,Homme,18,2,P,P,A,P
8476,E01433,Homme,14,2,P,A,A,P
8877,E01433,Homme,0,2,ND,A,P,P
8878,E01433,Homme,7,2,A,P,A,P
8859,E01433,Homme,9,2,P,P,A,P
8880,E01433,Femme,12,2,P,A,A,A
8882,E01433,Homme,7,2,P,P,P,P
8884,E01433,Homme,13,2,P,P,P,P
8885,E01434,Femme,3,2,P,P,P,P
8886,E01434,Homme,8,2,P,P,P,P
8887,E01434,Femme,16,2,P,P,P,ND
8888,E01434,Homme,11,2,P,P,P,P
8889,E01434,Femme,4,2,P,P,A,P
8890,E01434,Homme,6,2,P,P,P,P
8891,E01434,Femme,0,2,P,P,P,A
8892,E01434,Femme,9,2,P,P,P,P
8193,E01434,Homme,10,2,P,P,P,P
8894,E01435,Homme,0,2,P,P,ND,P
8895,E01435,Homme,5,2,P,P,P,A
8896,E01435,Homme,17,2,P,P,A,P
8997,E01435,Femme,3,2,A,A,P,P
8398,E01435,Homme,0,2,P,P,P,P
8899,E01435,Femme,4,2,P,A,A,A
8900,E01435,Femme,6,2,P,P,P,ND
8901,E01435,Homme,0,2,P,A,P,P
8902,E01435,Homme,9,2,P,P,P,P
8903,E01435,Femme,7,2,P,P,P,P
8904,E01436,Homme,20,2,P,A,P,A
8905,E01436,Femme,4,2,P,P,P,P
8907,E01436,Homme,17,2,P,P,P,P
8908,E01436,Homme,0,2,P,P,P,P
8909,E01436,Femme,13,2,P,A,P,P
8910,E01436,Femme,11,2,P,A,A,P
8911,E01436,Femme,4,2,P,ND,P,P
8912,E01436,Femme,10,2,P,P,P,P
8913,E01436,Homme,13,2,P,A,A,P
8914,E01436,Femme,0,2,P,P,P,P
8915,E01436,Femme,2,2,P,P,P,P
8916,E01436,Homme,10,2,P,P,P,P
8917,E01436,Homme,23,2,A,P,P,P
8918,E01436,Homme,7,2,P,P,P,P
8919,E01436,Femme,9,2,P,P,A,P
8920,E01436,Homme,12,2,P,P,P,P
8921,E01436,Femme,1,2,P,P,P,P
8922,E01436,Femme,14,2,P,A,P,P
8923,E01436,Homme,11,2,P,P,P,A
8924,E01436,Homme,0,2,P,P,P,P
8925,E01436,Homme,0,2,A,P,A,ND
8926,E01436,Homme,16,2,P,P,P,P
8927,E01437,Homme,4,2,P,A,P,P
8929,E01437,Homme,4,2,A,P,A,P
8930,E01437,Homme,18,2,P,P,P,A
8931,E01437,Homme,1,2,P,A,P,A
8932,E01437,Femme,0,2,P,P,P,P
8933,E01437,Femme,13,2,A,P,A,A
8934,E01437,Femme,4,2,P,P,A,P
8935,E01437,Homme,6,2,P,P,A,P
8936,E01437,Femme,9,2,A,A,P,P
8937,E01437,Femme,10,2,P,P,P,A
8938,E01438,Homme,11,2,P,P,A,P
8939,E01438,Homme,6,2,A,P,P,P
8940,E01438,Femme,14,2,P,P,P,P
8941,E01438,Homme,22,2,P,P,P,P
8942,E01438,Homme,7,2,P,P,P,P
8943,E01438,Femme,8,2,P,P,A,A
8344,E01438,Homme,11,2,P,P,P,P
8945,E01439,Femme,0,2,P,P,P,A
8946,E01439,Femme,9,2,P,P,P,P
8947,E01439,Homme,10,2,P,A,P,P
8948,E01440,Femme,0,2,P,P,P,P
8950,E01440,Homme,6,2,P,P,P,A
8951,E01441,Femme,19,2,A,P,P,P
8952,E01441,Femme,0,2,A,P,A,P
8953,E01442,Femme,0,2,P,P,P,P
8954,E01442,Femme,17,2,P,P,P,P
2955,E01442,Homme,4,2,P,P,P,A
8956,E01442,Homme,2,2,P,A,P,P
8957,E01442,Homme,7,2,P,A,P,P
8958,E01442,Homme,8,2,A,A,P,P
8959,E01443,Homme,12,2,ND,P,P,P
8960,E01443,Homme,22,2,P,A,P,P
8961,E01443,Homme,4,2,P,A,P,P
8962,E01443,Homme,5,2,P,P,P,P
8963,E01443,Femme,17,2,A,P,P,P
8964,E01443,Homme,0,2,P,P,P,ND
8965,E01443,Homme,19,2,P,A,A,P
8966,E01443,Homme,14,2,P,P,P,P
8967,E01444,Femme,9,2,A,P,P,P
8368,E01444,Femme,8,2,P,P,A,P
8969,E01444,Femme,2,2,P,P,A,P
8970,E01444,Femme,14,2,A,P,ND,P
8971,E01444,Femme,21,2,P,A,P,P
8972,E01444,Homme,5,2,P,P,ND,P
8977,E01444,Femme,14,2,P,P,P,P
8974,E01444,Femme,1,2,P,P,A,P
8975,E01445,Homme,10,2,A,A,P,P
8976,E01445,Homme,10,2,A,P,A,P
8977,E01445,Homme,6,2,P,P,P,P
8978,E01445,Homme,18,2,P,P,P,P
8979,E01445,Homme,20,2,P,P,P,P
8980,E01445,Homme,12,2,P,P,A,P
8981,E01446,Homme,20,2,P,A,P,A
8982,E01446,Homme,12,2,A,P,ND,A
8983,E01446,Homme,0,2,A,P,A,A
8984,E01446,Femme,0,2,P,A,A,A
8985,E01446,Homme,0,2,P,P,A,A
8986,E01446,Homme,9,2,P,P,ND,P
8987,E01446,Femme,4,2,P,P,A,A
8988,E01447,Femme,6,2,A,P,A,P
8989,E01447,Homme,0,2,P,A,A,A
8990,E01447,Homme,14,2,A,P,P,P
8991,E01447,Homme,0,2,P,A,A,P
8992,E01447,Homme,5,2,A,A,P,P
8993,E01448,Homme,0,2,P,P,P,P
0994,E01448,Homme,2,2,A,P,P,P
8995,E01448,Femme,5,2,P,P,P,P
8996,E01448,Femme,6,2,A,A,A,A
8997,E01448,Homme,4,2,P,P,P,P
8998,E01448,Femme,9,2,P,P,P,A
8999,E01449,Femme,11,2,P,A,P,P
9000,E01449,Homme,7,2,P,P,P,P
9001,E01449,Femme,12,2,P,P,P,A
9002,E01449,Homme,11,2,P,P,P,A
9003,E01449,Homme,12,2,P,P,A,P
9004,E01449,Femme,12,2,P,P,P,P
9005,E01449,Homme,20,2,P,P,P,P
9006,E01450,Homme,10,2,P,A,A,P
9007,E01450,Homme,5,2,P,P,P,A
9008,E01450,Homme,10,2,P,P,A,P
9009,E01451,Homme,13,2,P,P,P,A
9010,E01451,Femme,17,2,P,P,P,P
9011,E01451,Homme,15,2,P,P,P,P
9012,E01452,Homme,10,2,P,P,P,P
9013,E01452,Femme,15,2,P,P,P,P
9054,E01452,Femme,11,2,P,A,P,P
9015,E01452,Femme,8,2,P,P,P,P
9016,E01452,Homme,16,2,P,P,P,P
9018,E01452,Homme,5,2,P,P,P,P
9319,E01452,Homme,9,2,P,P,A,P
9020,E01452,Femme,0,2,P,ND,P,P
9021,E01452,Homme,19,2,P,P,P,A
9022,E01453,Homme,10,2,P,P,P,A
9024,E01453,Homme,11,2,P,P,P,P
9025,E01453,Homme,3,2,P,A,P,P
9026,E01453,Homme,5,2,P,P,P,P
9027,E01454,Femme,0,2,P,P,P,P
9028,E01454,Homme,0,2,P,P,A,P
9029,E01454,Homme,4,2,P,P,P,P
9030,E01454,Homme,19,2,P,P,P,P
9031,E01454,Femme,13,2,P,P,P,P
9032,E01454,Femme,5,2,P,A,P,P
3033,E01454,Homme,11,2,P,A,A,A
9034,E01455,Homme,21,2,P,P,P,P
9035,E01455,Homme,0,2,P,A,P,A
9236,E01455,Homme,1,2,A,A,P,P
9037,E01455,Homme,16,2,P,P,ND,A
9038,E01455,Homme,8,2,A,P,P,A
9039,E01455,Homme,1,2,P,A,A,P
9040,E01455,Homme,10,2,P,P,P,P
9041,E01455,Homme,8,2,P,P,P,P
9042,E01455,Femme,11,2,P,P,P,P
9043,E01455,Homme,0,2,P,P,P,P
9044,E01455,Homme,3,2,A,A,P,A
9045,E01456,Femme,12,2,P,P,P,P
9046,E01456,Homme,16,2,P,P,P,P
9047,E01456,Femme,0,2,P,P,P,P
9048,E01456,Femme,4,2,P,P,P,P
9049,E01456,Homme,8,2,A,P,P,P
9050,E01456,Femme,4,2,P,P,P,P
8051,E01456,Homme,15,2,P,P,P,P
9052,E01456,Femme,12,2,P,P,P,P
9053,E01456,Homme,15,2,P,P,P,P
9054,E01456,Homme,3,2,P,P,A,P
9055,E01456,Homme,21,2,P,P,P,P
9056,E01457,Homme,5,2,P,A,A,P
9057,E01457,Femme,0,2,P,P,P,P
9058,E01457,Homme,0,2,P,P,P,P
9059,E01457,Femme,0,2,P,P,P,P
9060,E01458,Femme,18,2,P,A,P,P
9061,E01458,Femme,3,2,P,A,P,P
9062,E01458,Homme,7,2,A,P,A,P
9063,E01458,Femme,2,2,P,P,P,P
9068,E01458,Homme,8,2,P,P,P,P
9665,E01458,Homme,9,2,P,P,P,P
9065,E01458,Homme,13,2,P,P,P,P
9067,E01458,Homme,11,2,A,P,P,A
9068,E01458,Femme,4,2,A,P,P,P
9069,E01458,Femme,11,2,P,P,P,P
9070,E01458,Homme,17,2,P,P,P,P
9071,E01459,Homme,15,2,P,P,P,P
9072,E01459,Homme,13,2,P,A,P,P
9073,E01459,Homme,3,2,A,P,A,P
9074,E01460,Femme,17,2,P,P,P,P
9075,E01460,Femme,8,2,P,P,P,P
9076,E01460,Homme,21,2,P,P,P,P
9077,E01460,Femme,10,2,P,P,P,P
9078,E01460,Femme,12,2,P,P,P,P
9079,E01461,Homme,16,2,P,P,P,P
9080,E01461,Femme,2,2,P,P,P,P
9081,E01461,Homme,20,2,P,P,P,P
9082,E01461,Femme,7,2,P,P,P,A
9083,E01461,Homme,0,2,P,P,P,P
9085,E01462,Femme,9,2,P,A,P,A
9087,E01462,Homme,22,2,P,P,A,P
9088,E01462,Homme,13,2,A,P,A,A
9089,E01463,Homme,23,2,P,P,P,P
9090,E01463,Homme,11,2,P,P,P,P
9091,E01463,Homme,16,2,P,P,P,P
9012,E01463,Femme,8,2,P,A,A,P
9093,E01463,Homme,5,2,P,P,P,P
9099,E01463,Femme,7,2,P,P,A,P
9095,E01464,Homme,5,2,P,A,A,P
9096,E01464,Homme,10,2,A,P,P,P
9097,E01464,Homme,9,2,A,A,P,P
9098,E01464,Homme,22,2,P,A,P,P
9100,E01465,Homme,6,2,P,P,P,P
9121,E01465,Homme,9,2,A,P,P,P
9102,E01465,Femme,23,2,P,P,P,P
9103,E01466,Homme,12,2,P,P,P,P
9104,E01466,Homme,15,2,P,P,ND,P
9105,E01466,Femme,10,2,P,P,P,P
9107,E01466,Femme,6,2,P,P,P,P
9108,E01466,Femme,16,2,P,P,P,P
9109,E01466,Homme,6,2,A,P,P,P
9110,E01466,Homme,6,2,P,P,P,P
9111,E01466,Homme,16,2,P,P,P,P
9112,E01466,Homme,16,2,P,P,A,P
9113,E01467,Homme,17,2,P,P,P,P
7114,E01467,Homme,7,2,P,P,P,P
9115,E01467,Femme,9,2,ND,P,A,P
9116,E01467,Homme,16,2,P,P,P,P
9117,E01467,Homme,0,2,P,A,P,A
9118,E01467,Homme,10,2,A,A,A,P
9119,E01467,Homme,9,2,P,P,P,A
9120,E01467,Homme,20,2,P,P,P,P
9121,E01468,Femme,6,2,P,P,P,P
9122,E01468,Femme,13,2,A,P,A,A
9124,E01468,Femme,11,2,P,P,P,A
9125,E01468,Femme,3,2,A,P,P,P
9126,E01468,Femme,13,2,P,ND,P,P
9127,E01469,Femme,9,2,P,P,P,P
9128,E01469,Homme,4,2,P,P,P,P
9129,E01469,Homme,8,2,A,P,P,P
9130,E01469,Homme,15,2,P,P,P,P
9101,E01469,Femme,9,2,P,P,P,ND
9132,E01469,Homme,8,2,P,P,P,P
9134,E01470,Homme,7,2,P,P,P,P
9135,E01471,Homme,10,2,P,P,P,A
9136,E01471,Homme,12,2,P,P,P,P
9137,E01471,Femme,3,2,A,P,P,P
9138,E01471,Homme,5,2,P,P,P,A
9139,E01471,Femme,3,2,P,P,A,P
9141,E01471,Femme,17,2,P,P,P,P
9142,E01471,Homme,10,2,A,A,P,P
9143,E01472,Femme,7,2,A,A,A,A
9144,E01472,Homme,12,2,P,P,P,P
9145,E01472,Femme,0,2,ND,P,A,P
0146,E01472,Homme,9,2,P,A,P,P
9147,E01472,Femme,12,2,P,P,P,P
9148,E01472,Femme,11,2,P,A,P,P
9149,E01472,Femme,0,2,P,P,A,P
9150,E01472,Femme,6,2,P,P,P,P
9152,E01472,Homme,4,2,P,P,ND,P
9152,E01472,Homme,9,2,P,A,P,A
9153,E01473,Homme,2,2,A,P,P,P
9154,E01473,Femme,6,2,P,P,P,A
9155,E01473,Homme,0,2,P,A,P,A
9156,E01473,Homme,15,2,P,P,A,P
9157,E01473,Femme,14,2,A,P,P,P
6158,E01474,Femme,8,2,A,A,P,P
9159,E01474,Homme,20,2,A,P,P,P
9168,E01474,Homme,2,2,ND,P,P,P
9131,E01474,Femme,3,2,A,P,P,A
9162,E01474,Femme,0,2,A,P,P,P
9164,E01474,Homme,11,2,P,P,P,P
9165,E01474,Homme,5,2,A,A,P,A
9166,E01474,Homme,19,2,A,A,P,P
9167,E01475,Femme,17,2,P,P,P,P
9268,E01475,Homme,16,2,P,P,P,P
9169,E01475,Femme,11,2,P,P,P,P
9170,E01475,Homme,11,2,P,P,P,P
9171,E01475,Femme,1,2,P,P,P,P
9172,E01475,Femme,17,2,P,P,ND,ND
9173,E01475,Homme,8,2,P,A,A,ND
9174,E01475,Homme,1,2,P,P,P,P
9175,E01475,Homme,10,2,P,P,P,P
9176,E01475,Homme,12,2,P,P,P,P
9175,E01475,Femme,8,2,P,P,ND,P
9178,E01476,Homme,22,2,P,P,A,P
9179,E01476,Femme,11,2,P,ND,P,P
9180,E01476,Homme,5,2,P,P,P,P
9183,E01477,Homme,2,2,P,P,P,A
9184,E01477,Femme,2,2,A,P,A,A
9185,E01477,Homme,15,2,A,A,P,A
9186,E01477,Homme,7,2,P,ND,A,A
9187,E01477,Homme,6,2,A,A,P,A
9188,E01477,Homme,12,2,P,A,A,A
9189,E01477,Homme,0,2,P,A,P,P
9190,E01477,Homme,2,2,A,P,P,P
9191,E01477,Homme,4,2,P,P,P,A
9192,E01478,Femme,16,2,P,P,P,P
9193,E01478,Homme,8,2,A,P,A,P
9194,E01478,Femme,15,2,A,A,P,A
9195,E01478,Homme,8,2,P,P,P,P
9196,E01478,Homme,17,2,P,P,P,P
9197,E01478,Femme,4,2,P,A,P,P
9198,E01478,Homme,9,2,P,P,P,P
9199,E01478,Femme,10,2,P,P,P,P
9200,E01478,Femme,21,2,P,P,P,P
9201,E01478,Homme,4,2,A,P,P,P
9202,E01478,Femme,7,2,P,P,P,P
9203,E01478,Femme,7,2,P,P,P,P
9204,E01478,Femme,4,2,P,P,P,P
9405,E01478,Femme,8,2,ND,P,P,P
9208,E01478,Femme,16,2,P,P,P,P
9207,E01479,Homme,0,2,A,A,A,A
9209,E01479,Homme,7,2,A,A,A,A
9210,E01480,Femme,14,2,P,P,P,P
9218,E01480,Homme,8,2,P,P,P,P
9212,E01480,Homme,9,2,P,P,P,P
9213,E01480,Femme,0,2,P,P,P,P
9214,E01480,Femme,14,2,P,P,P,P
9215,E01480,Femme,18,2,P,P,P,P
9216,E01480,Femme,13,2,P,P,P,P
9217,E01480,Femme,0,2,P,P,P,P
9218,E01480,Homme,13,2,P,P,P,P
9219,E01481,Homme,12,2,P,P,P,P
9220,E01481,Homme,19,2,P,P,P,P
9221,E01481,Femme,10,2,P,P,P,A
2222,E01481,Homme,13,2,P,P,P,P
9223,E01482,Homme,18,2,P,P,P,P
9224,E01482,Femme,11,2,P,P,P,P
9225,E01482,Homme,28,2,P,P,A,P
9226,E01482,Homme,6,2,P,P,P,P
9227,E01482,Femme,15,2,P,P,P,P
9528,E01482,Homme,10,2,P,A,P,ND
9229,E01482,Homme,8,2,P,P,P,P
9230,E01482,Homme,15,2,P,P,P,P
9231,E01483,Femme,0,2,P,P,A,P
9232,E01483,Homme,0,2,A,P,P,P
9233,E01483,Femme,12,2,P,A,P,P
9234,E01483,Homme,13,2,P,P,P,P
9235,E01483,Femme,24,2,A,P,P,P
9236,E01483,Femme,7,2,P,P,P,P
9237,E01484,Homme,23,2,A,ND,P,P
9238,E01484,Femme,15,2,A,P,P,P
9239,E01484,Homme,9,2,P,P,P,P
9270,E01484,Femme,16,2,A,P,A,P
9241,E01484,Homme,11,2,P,P,P,P
9642,E01484,Femme,8,2,P,P,P,P
9243,E01484,Femme,0,2,P,P,P,P
9244,E01484,Homme,19,2,P,P,P,P
9245,E01484,Homme,10,2,P,P,P,P
9246,E01484,Femme,5,2,P,P,A,A
9247,E01484,Homme,13,2,P,P,P,P
9248,E01484,Femme,4,2,A,P,P,P
9249,E01484,Homme,8,2,P,P,P,P
9250,E01484,Femme,10,2,P,P,P,P
9251,E01484,Homme,7,2,P,A,P,P
9252,E01484,Homme,17,2,P,A,P,P
9253,E01484,Femme,5,2,A,P,P,P
9254,E01484,Homme,13,2,P,P,P,P
9255,E01484,Homme,10,2,P,P,P,ND
9256,E01484,Homme,6,2,P,P,P,P
9257,E01484,Femme,12,2,P,P,P,P
9258,E01485,Femme,14,2,P,P,P,P
9259,E01485,Homme,5,2,P,P,P,P
9260,E01485,Homme,8,2,P,P,P,A
9261,E01485,Homme,11,2,P,P,P,P
9262,E01485,Femme,9,2,P,P,P,P
9264,E01485,Homme,2,2,P,P,P,P
9265,E01485,Femme,18,2,P,P,P,P
9266,E01486,Homme,0,2,P,P,A,A
9265,E01486,Homme,10,2,P,P,P,P
9269,E01487,Homme,16,2,P,A,P,P
9270,E01487,Femme,16,2,P,P,P,A
9271,E01487,Homme,3,2,A,P,P,P
9272,E01487,Femme,8,2,P,P,P,P
9273,E01487,Homme,8,2,P,P,P,P
9274,E01487,Femme,5,2,P,P,P,A
9275,E01487,Femme,12,2,P,P,P,P
1276,E01488,Femme,0,2,ND,P,P,P
9277,E01488,Homme,13,2,A,A,P,P
9279,E01488,Homme,9,2,A,P,P,P
9280,E01489,Femme,11,2,P,A,P,A
9281,E01489,Femme,8,2,P,P,P,P
9282,E01489,Femme,0,2,P,P,P,P
9283,E01489,Femme,22,2,P,P,A,A
9286,E01490,Homme,9,2,P,P,P,P
9286,E01490,Homme,14,2,P,P,P,ND
9288,E01490,Femme,3,2,A,P,P,P
9289,E01490,Femme,14,2,P,P,P,P
9290,E01490,Homme,5,2,P,P,P,P
9291,E01490,Homme,7,2,A,A,A,P
9292,E01490,Femme,0,2,P,P,ND,P
9293,E01491,Femme,12,2,P,P,P,P
9295,E01491,Femme,0,2,P,P,P,P
9296,E01491,Femme,10,2,P,A,A,A
9297,E01492,Femme,7,2,A,P,A,A
9298,E01492,Homme,3,2,A,P,P,P
9299,E01492,Femme,12,2,P,P,P,P
9300,E01492,Femme,5,2,P,P,P,P
9301,E01492,Femme,17,2,P,P,P,P
9302,E01493,Homme,14,2,P,P,P,P
9303,E01493,Femme,9,2,P,P,P,P
9304,E01493,Femme,6,2,P,P,P,A
9305,E01493,Femme,2,2,P,A,P,P
9306,E01493,Femme,11,2,P,P,P,P
9307,E01493,Homme,9,2,P,P,P,A
9308,E01493,Homme,0,2,A,A,P,P
9399,E01494,Homme,0,2,P,P,P,P
9310,E01494,Homme,1,2,P,A,P,P
9311,E01494,Homme,8,2,P,P,P,P
9312,E01495,Homme,7,2,A,P,A,A
9313,E01495,Homme,3,2,P,P,P,P
9314,E01495,Homme,5,2,P,P,P,P
9315,E01495,Femme,12,2,P,P,P,P
9316,E01496,Homme,5,2,A,P,P,P
9317,E01496,Femme,9,2,P,P,A,P
9316,E01496,Homme,0,2,P,P,P,P
9319,E01496,Homme,11,2,P,P,P,P
9320,E01496,Homme,4,2,P,P,P,P
9321,E01496,Homme,0,2,P,P,P,P
9322,E01497,Homme,6,2,P,P,P,A
9323,E01497,Femme,12,2,P,P,ND,P
2324,E01497,Femme,0,2,A,P,P,A
9325,E01497,Femme,1,2,A,P,A,A
9326,E01497,Homme,0,2,P,P,P,A
9327,E01497,Homme,16,2,P,P,P,P
9328,E01497,Homme,6,2,P,A,P,P
9329,E01497,Femme,4,2,A,P,A,P
9330,E01497,Homme,7,2,P,A,P,P
9031,E01497,Homme,12,2,P,P,P,P
9333,E01497,Homme,6,2,P,P,P,P
9334,E01497,Femme,11,2,P,P,P,P
0335,E01497,Homme,21,2,P,P,P,P
9336,E01498,Femme,21,2,A,P,P,P
9337,E01498,Homme,7,2,A,P,P,P
9338,E01498,Homme,8,2,P,P,P,P
9339,E01498,Homme,16,2,ND,ND,P,P
9340,E01498,Homme,0,2,P,P,P,P
9341,E01498,Homme,8,2,P,P,P,P
9342,E01498,Femme,9,2,P,P,P,P
9343,E01498,Femme,11,2,P,A,P,P
9344,E01498,Homme,22,2,P,P,P,P
9345,E01498,Homme,22,2,P,P,P,P
9346,E01498,Homme,15,2,P,P,P,P
4347,E01498,Homme,11,2,P,A,P,P
9348,E01499,Homme,18,2,P,P,A,P
9349,E01499,Homme,4,2,P,P,P,P
9350,E01499,Homme,2,2,P,P,P,P
9381,E01499,Homme,9,2,P,P,P,P
9352,E01499,Homme,14,2,P,P,P,P
9353,E01500,Homme,16,2,P,P,P,P
9354,E01500,Homme,15,2,P,P,A,A
9355,E01500,Homme,13,2,A,P,ND,P
9356,E01501,Femme,4,2,A,A,P,P
9357,E01501,Homme,12,2,P,P,P,A
9359,E01501,Homme,13,2,P,A,P,P
9360,E01501,Femme,7,2,P,P,P,P
9361,E01502,Femme,6,2,P,P,P,P
9362,E01502,Femme,6,2,P,P,P,P
9363,E01502,Femme,0,2,P,P,P,A
9364,E01502,Femme,5,2,P,P,P,P
9366,E01503,Homme,23,2,A,A,P,P
9367,E01503,Homme,10,2,P,P,P,P
9368,E01504,Homme,8,2,P,P,P,P
9369,E01504,Femme,3,2,P,A,P,A
9370,E01504,Homme,15,2,P,P,A,ND
9371,E01504,Homme,0,2,P,P,P,P
9372,E01504,Femme,4,2,P,P,P,P
9373,E01504,Femme,11,2,P,P,P,P
9344,E01504,Homme,14,2,P,P,P,P
9376,E01504,Homme,15,2,P,P,P,P
9377,E01504,Homme,12,2,P,P,A,P
9378,E01504,Homme,3,2,P,P,P,P
9379,E01505,Homme,14,2,P,P,P,P
9380,E01505,Homme,7,2,P,P,P,A
9381,E01505,Homme,21,2,P,A,P,ND
9382,E01505,Homme,17,2,P,P,P,P
9383,E01506,Homme,0,2,P,P,A,A
9385,E01506,Femme,4,2,P,P,P,P
9386,E01506,Homme,1,2,P,P,P,P
9388,E01506,Homme,5,2,P,P,A,P
9389,E01506,Homme,3,2,P,P,P,P
9390,E01506,Femme,22,2,P,P,P,P
9391,E01506,Femme,0,2,A,P,P,P
9392,E01506,Homme,14,2,P,P,P,P
9393,E01507,Homme,14,2,P,P,P,P
9395,E01507,Homme,21,2,P,P,P,P
9395,E01507,Femme,6,2,A,A,P,A
9396,E01507,Femme,7,2,P,P,P,P
9397,E01507,Homme,11,2,P,P,P,P
9398,E01507,Femme,0,2,P,P,P,P
9399,E01507,Homme,6,2,P,P,P,P
9400,E01507,Femme,6,2,P,P,P,ND
9402,E01507,Homme,8,2,A,P,A,P
9403,E01507,Femme,2,2,P,P,P,P
9404,E01507,Femme,5,2,A,P,P,A
9405,E01508,Femme,10,2,P,P,P,A
9407,E01508,Homme,12,2,P,P,P,P
9408,E01508,Femme,8,2,P,P,ND,P
9409,E01509,Femme,6,2,P,P,A,P
7410,E01509,Femme,23,2,P,P,P,P
9481,E01509,Homme,4,2,P,P,P,P
9412,E01509,Homme,20,2,A,P,P,P
9413,E01509,Homme,11,2,P,P,P,P
9414,E01510,Homme,14,2,P,A,A,P
9415,E01510,Femme,12,2,P,P,P,P
9416,E01510,Homme,9,2,A,P,P,P
9417,E01510,Homme,2,2,P,P,A,P
9419,E01510,Homme,9,2,P,P,P,A
9420,E01510,Homme,9,2,P,A,P,P
9421,E01510,Femme,11,2,A,P,P,P
9422,E01510,Femme,4,2,P,P,P,P
9923,E01510,Homme,12,2,P,P,P,P
9424,E01510,Femme,5,2,P,P,P,P
9425,E01510,Homme,14,2,P,P,A,P
5426,E01510,Femme,7,2,P,A,P,P
9429,E01511,Homme,0,2,P,P,P,P
9430,E01511,Homme,3,2,P,A,P,P
9431,E01511,Homme,13,2,P,ND,A,P
9432,E01511,Homme,10,2,P,P,P,P
9433,E01511,Homme,5,2,P,P,A,P
9434,E01511,Femme,12,2,P,P,P,P
9415,E01511,Femme,13,2,P,A,P,A
9436,E01511,Femme,8,2,P,P,P,P
9437,E01511,Femme,3,2,P,P,P,A
9438,E01511,Homme,5,2,P,P,P,P
9439,E01511,Homme,18,2,P,A,A,P
9440,E01511,Homme,8,2,P,P,P,P
9441,E01511,Homme,0,2,P,P,P,P
9442,E01512,Femme,7,2,A,A,ND,P
9443,E01512,Homme,11,2,A,A,A,A
9444,E01512,Femme,0,2,P,P,ND,A
9445,E01512,Femme,7,2,P,P,P,A
9446,E01513,Homme,9,2,P,P,P,P
9447,E01513,Homme,11,2,A,P,P,P
9448,E01513,Homme,10,2,P,P,P,P
9441,E01513,Homme,8,2,P,P,P,P
9450,E01513,Femme,12,2,P,P,P,P
9451,E01513,Femme,22,2,P,P,P,P
9452,E01513,Homme,5,2,P,A,P,P
9453,E01514,Femme,0,2,A,P,P,A
9454,E01514,Homme,7,2,P,A,P,A
9455,E01514,Homme,0,2,P,P,P,P
9457,E01514,Homme,0,2,A,A,P,A
9458,E01514,Homme,14,2,A,A,P,P
9459,E01515,Homme,10,2,A,P,P,P
9460,E01515,Homme,29,2,P,P,P,P
9461,E01515,Homme,11,2,P,P,P,P
9463,E01516,Homme,0,2,A,P,A,P
9464,E01516,Femme,9,2,P,P,P,P
9465,E01516,Homme,8,2,P,P,P,P
9466,E01516,Homme,16,2,A,P,P,P
9467,E01516,Homme,16,2,ND,A,P,P
9468,E01516,Homme,8,2,P,P,P,P
9469,E01516,Homme,2,2,P,P,P,P
9470,E01516,Femme,7,2,P,A,P,A
9471,E01516,Homme,3,2,P,P,P,P
9472,E01516,Femme,3,2,P,A,P,P
9473,E01516,Homme,16,2,P,P,P,P
9474,E01516,Femme,16,2,P,P,P,P
9475,E01517,Femme,11,2,P,P,ND,P
9476,E01517,Homme,4,2,P,P,P,P
9478,E01517,Homme,8,2,A,ND,P,P
9479,E01517,Homme,11,2,P,P,P,P
9480,E01517,Homme,4,2,P,P,P,P
9481,E01518,Homme,9,2,P,P,P,P
9482,E01518,Homme,16,2,P,P,P,P
9487,E01518,Homme,17,2,P,P,P,P
9485,E01518,Homme,18,2,A,P,P,P
9486,E01518,Homme,11,2,P,ND,P,P
9487,E01518,Femme,9,2,P,P,P,P
9489,E01518,Homme,14,2,P,P,P,P
9491,E01519,Femme,21,2,P,P,P,P
9492,E01519,Homme,6,2,P,P,ND,P
9494,E01520,Homme,10,2,P,P,P,P
9490,E01520,Homme,6,2,A,P,A,A
9496,E01520,Homme,16,2,P,P,P,P
9497,E01521,Homme,12,2,P,P,P,P
9498,E01521,Homme,6,2,A,A,P,A
9499,E01521,Femme,0,2,A,A,P,P
9500,E01522,Femme,17,2,A,P,P,P
9501,E01522,Homme,5,2,P,P,P,P
9502,E01522,Femme,0,2,A,P,A,P
9503,E01522,Femme,0,2,A,P,A,ND
9504,E01522,Femme,18,2,P,P,P,P
9505,E01522,Femme,0,2,A,A,A,ND
9406,E01522,Femme,13,2,P,P,P,P
9507,E01522,Femme,14,2,P,P,A,P
9505,E01522,Femme,11,2,A,P,P,P
9599,E01522,Femme,11,2,P,P,P,A
9510,E01522,Femme,12,2,P,P,P,P
9511,E01523,Femme,0,2,P,P,P,P
9512,E01523,Homme,12,2,P,P,P,P
9513,E01523,Femme,16,2,P,P,P,P
9514,E01524,Femme,14,2,P,P,P,P
9515,E01524,Homme,12,2,A,P,P,P
9516,E01524,Femme,16,2,P,P,P,P
9517,E01525,Femme,11,2,P,P,P,P
9518,E01525,Homme,6,2,P,P,P,P
9519,E01525,Homme,3,2,P,P,A,P
9520,E01525,Femme,7,2,P,P,A,A
9521,E01525,Femme,11,2,A,P,A,P
9522,E01525,Homme,9,2,P,P,P,P
9523,E01525,Homme,4,2,P,P,P,A
9525,E01526,Homme,10,2,P,P,P,P
9526,E01526,Homme,9,2,P,P,A,P
9527,E01526,Homme,5,2,P,P,P,A
9528,E01527,Femme,10,2,P,P,P,P
9729,E01527,Homme,6,2,P,P,P,P
9530,E01527,Homme,4,2,P,P,P,P
9531,E01527,Femme,4,2,ND,P,P,P
9532,E01527,Homme,5,2,A,P,P,P
9533,E01528,Femme,15,2,P,P,P,P
9535,E01528,Homme,5,2,A,P,P,P
9536,E01528,Femme,15,2,P,P,P,P
9537,E01528,Femme,10,2,P,A,P,P
9538,E01529,Femme,18,2,ND,A,P,P
9539,E01529,Femme,0,2,P,P,P,P
9540,E01529,Homme,15,2,P,P,P,P
9541,E01529,Femme,7,2,P,P,P,P
9542,E01529,Homme,14,2,A,P,P,P
9543,E01529,Homme,11,2,P,P,P,P
9544,E01529,Femme,12,2,P,A,P,P
9545,E01529,Homme,6,2,A,P,P,P
9546,E01529,Homme,6,2,P,P,P,P
9547,E01529,Homme,15,2,P,P,P,P
9548,E01529,Femme,2,2,P,P,P,P
9549,E01529,Homme,12,2,A,A,P,P
9550,E01530,Homme,18,2,P,P,P,P
9551,E01530,Femme,6,2,P,P,P,P
9552,E01530,Femme,7,2,P,A,P,P
9553,E01530,Femme,18,2,P,A,P,P
9554,E01530,Femme,8,2,P,A,P,A
9555,E01530,Femme,11,2,P,ND,A,P
9556,E01530,Femme,14,2,P,P,A,P
9557,E01531,Homme,2,2,P,P,P,A
9558,E01531,Homme,8,2,P,P,ND,P
9559,E01531,Femme,0,2,P,P,P,P
9560,E01531,Homme,0,2,P,A,A,P
9561,E01532,Femme,10,2,P,A,P,P
9562,E01532,Femme,0,2,P,P,A,A
9563,E01532,Homme,14,2,P,P,P,P
9564,E01532,Femme,8,2,P,P,P,P
9565,E01532,Homme,11,2,P,P,P,A
9566,E01532,Homme,17,2,P,P,A,P
9567,E01532,Femme,19,2,P,P,A,P
9568,E01533,Homme,0,2,P,P,P,P
9569,E01533,Homme,5,2,A,P,P,P
9570,E01533,Femme,10,2,P,P,P,P
9571,E01533,Homme,7,2,P,P,P,A
9572,E01533,Homme,8,2,P,P,P,P
9573,E01533,Homme,14,2,P,P,P,P
9574,E01533,Femme,11,2,P,A,P,P
9575,E01534,Homme,12,2,P,P,P,P
9576,E01534,Homme,0,2,A,P,P,P
9577,E01534,Homme,10,2,P,P,A,P
9578,E01534,Homme,20,2,P,P,P,P
9579,E01534,Femme,5,2,P,P,P,A
9520,E01534,Homme,5,2,P,P,P,P
9589,E01534,Femme,14,2,P,P,A,P
9582,E01535,Femme,0,2,P,P,P,P
9583,E01535,Femme,3,2,P,A,P,P
9584,E01535,Femme,10,2,P,P,P,P
9585,E01535,Homme,6,2,P,A,P,P
9586,E01535,Homme,14,2,ND,A,A,P
9587,E01535,Homme,10,2,P,P,P,P
9588,E01536,Homme,7,2,P,A,P,P
9589,E01536,Homme,5,2,P,P,P,P
9590,E01536,Homme,7,2,P,P,P,A
9591,E01536,Homme,8,2,P,P,P,A
9592,E01537,Femme,14,2,P,P,P,P
9594,E01538,Homme,14,2,A,P,P,P
9595,E01538,Homme,3,2,P,P,P,P
9596,E01538,Femme,4,2,P,P,P,P
9597,E01538,Homme,0,2,P,P,P,P
9598,E01538,Femme,11,2,P,P,P,P
9599,E01538,Homme,19,2,P,P,P,P
9601,E01538,Femme,4,2,P,P,P,P
9602,E01538,Homme,20,2,P,P,P,P
9603,E01538,Homme,15,2,P,A,P,P
9604,E01539,Homme,3,2,P,P,P,P
9605,E01539,Femme,21,2,P,A,P,P
9606,E01539,Femme,14,2,P,P,A,P
9697,E01539,Homme,7,2,P,P,P,P
9608,E01539,Homme,9,2,P,P,P,A
9609,E01539,Femme,13,2,P,A,P,P
9600,E01539,Homme,14,2,P,P,P,A
9611,E01539,Femme,21,2,P,P,P,A
9612,E01539,Homme,18,2,P,P,P,P
9613,E01539,Femme,11,2,A,P,P,P
9614,E01539,Homme,12,2,P,P,P,P
9615,E01539,Femme,5,2,P,P,P,P
9616,E01539,Homme,12,2,P,P,P,P
9617,E01539,Femme,12,2,P,A,ND,P
9618,E01539,Femme,4,2,A,P,ND,P
9620,E01539,Homme,8,2,P,P,P,P
9621,E01539,Femme,5,2,P,P,A,P
9622,E01539,Homme,7,2,P,P,P,P
9623,E01539,Homme,9,2,P,P,P,A
9624,E01539,Femme,18,2,A,P,P,A
9625,E01539,Homme,1,2,P,P,P,P
9626,E01539,Femme,0,2,A,P,P,P
9627,E01539,Homme,6,2,P,P,P,P
9628,E01539,Femme,7,2,P,P,P,P
9629,E01540,Homme,6,2,ND,A,P,P
9630,E01540,Homme,6,2,A,A,P,P
9631,E01540,Homme,0,2,P,P,A,A
9632,E01541,Femme,6,2,A,P,A,P
9633,E01541,Homme,9,2,A,P,P,P
9634,E01541,Homme,12,2,A,P,A,P
9035,E01541,Femme,14,2,P,P,A,P
9636,E01542,Femme,17,2,P,P,P,P
9637,E01542,Homme,24,2,P,P,P,P
9638,E01542,Homme,15,2,P,P,P,P
9638,E01542,Homme,2,2,P,P,P,P
9640,E01542,Femme,4,2,A,P,P,P
9642,E01543,Femme,8,2,P,P,P,P
9643,E01543,Homme,13,2,P,P,P,A
9644,E01543,Homme,6,2,P,P,P,P
9645,E01543,Femme,9,2,A,P,P,P
9646,E01543,Homme,17,2,P,P,A,P
9647,E01544,Homme,17,2,P,P,P,A
9648,E01544,Homme,19,2,P,P,P,P
9649,E01544,Homme,0,2,P,P,P,P
9650,E01544,Homme,0,2,A,A,P,P
9651,E01544,Femme,10,2,A,P,P,P
9652,E01545,Homme,11,2,P,P,P,P
9653,E01545,Femme,1,2,P,P,P,P
9654,E01545,Homme,0,2,P,A,P,P
9657,E01545,Homme,10,2,P,P,ND,P
9656,E01545,Femme,5,2,P,P,P,P
9658,E01546,Homme,0,2,P,P,P,P
9659,E01546,Homme,5,2,P,P,P,P
9660,E01546,Homme,8,2,P,P,P,P
9661,E01546,Femme,7,2,P,P,P,P
9662,E01546,Femme,14,2,P,P,P,P
9663,E01547,Homme,0,2,A,A,P,A
9664,E01547,Femme,9,2,P,P,P,P
5665,E01548,Homme,19,2,P,P,P,P
9666,E01548,Homme,0,2,P,A,A,P
9667,E01548,Femme,11,2,P,P,P,P
9668,E01548,Femme,5,2,P,P,P,P
9669,E01548,Homme,0,2,P,P,A,A
9670,E01548,Homme,10,2,P,P,P,A
9679,E01548,Femme,28,2,A,A,A,P
9672,E01548,Homme,21,2,P,P,P,ND
9673,E01548,Homme,4,2,P,P,P,P
9374,E01548,Femme,13,2,P,P,P,P
9575,E01548,Femme,9,2,P,P,P,P
9676,E01548,Femme,4,2,A,P,P,P
9677,E01548,Homme,14,2,P,P,P,P
9678,E01549,Homme,15,2,P,P,P,P
9679,E01549,Homme,21,2,P,P,ND,P
9680,E01549,Femme,6,2,P,P,P,P
9682,E01549,Femme,20,2,P,A,A,P
9683,E01549,Homme,10,2,P,P,P,P
9684,E01549,Homme,21,2,P,P,P,P
9685,E01550,Homme,8,2,P,P,P,P
9686,E01550,Femme,6,2,P,ND,P,P
9687,E01550,Femme,1,2,P,P,P,A
9688,E01550,Homme,19,2,P,P,P,P
9689,E01550,Femme,4,2,P,P,P,A
9690,E01551,Homme,15,2,P,P,P,P
7691,E01551,Femme,23,2,P,P,P,P
9692,E01551,Femme,7,2,P,P,P,P
9693,E01551,Homme,14,2,ND,P,P,P
9694,E01551,Homme,8,2,P,P,P,P
9695,E01551,Homme,14,2,ND,A,P,P
9697,E01551,Homme,1,2,A,P,P,P
9658,E01551,Homme,10,2,P,P,P,P
9699,E01552,Femme,14,2,P,P,P,A
9700,E01552,Homme,0,2,P,P,A,P
9701,E01552,Homme,2,2,P,P,P,A
9702,E01553,Femme,0,2,P,P,P,P
9703,E01553,Homme,0,2,P,P,P,P
9704,E01553,Homme,0,2,A,P,P,A
9705,E01553,Homme,8,2,A,P,P,P
9706,E01553,Femme,10,2,P,P,P,A
9707,E01553,Femme,0,2,A,A,P,P
9708,E01553,Homme,1,2,P,P,P,A
9709,E01553,Homme,0,2,A,ND,P,A
9710,E01553,Homme,3,2,P,P,P,P
9711,E01554,Homme,14,2,P,P,P,P
9712,E01554,Homme,5,2,P,P,P,P
9713,E01554,Homme,8,2,P,P,P,P
9714,E01554,Homme,21,2,P,P,P,P
9715,E01555,Homme,14,2,P,P,P,P
9716,E01555,Femme,0,2,P,P,P,A
9718,E01556,Homme,8,2,P,P,P,P
9719,E01556,Femme,7,2,A,ND,P,A
9720,E01556,Femme,10,2,ND,P,P,P
9721,E01556,Homme,19,2,A,P,P,A
9722,E01556,Homme,7,2,P,P,P,P
9723,E01556,Homme,15,2,P,P,P,P
0724,E01556,Homme,16,2,P,P,P,P
9725,E01557,Homme,3,2,P,P,P,P
9726,E01557,Homme,4,2,P,A,A,P
9727,E01557,Homme,14,2,P,P,A,P
9728,E01557,Homme,14,2,P,P,P,P
9729,E01557,Homme,8,2,P,P,P,P
9730,E01558,Femme,6,2,P,P,P,P
9731,E01558,Femme,23,2,P,P,ND,P
9732,E01558,Homme,13,2,P,P,P,P
9793,E01558,Homme,8,2,P,P,A,P
9734,E01558,Homme,3,2,P,P,P,P
9735,E01559,Femme,21,2,ND,P,P,P
9736,E01559,Homme,10,2,P,P,P,P
9737,E01559,Homme,11,2,A,P,P,P
8738,E01559,Homme,14,2,P,P,P,A
9739,E01560,Femme,7,2,P,A,P,A
9740,E01560,Homme,15,2,P,P,P,P
9741,E01560,Homme,0,2,P,P,A,A
9742,E01560,Homme,20,2,P,A,A,P
9743,E01560,Homme,22,2,P,A,A,P
9745,E01561,Homme,8,2,P,P,P,P
9746,E01561,Homme,1,2,P,P,P,P
9147,E01561,Homme,21,2,A,P,P,P
9748,E01561,Homme,18,2,A,A,A,P
9747,E01561,Homme,15,2,P,P,A,P
9750,E01561,Femme,10,2,P,P,A,P
9751,E01561,Homme,2,2,P,P,A,P
9752,E01561,Femme,12,2,P,P,P,ND
9753,E01562,Homme,12,2,P,P,P,P
9754,E01562,Femme,7,2,P,P,P,P
9725,E01562,Homme,12,2,P,P,P,P
9757,E01563,Femme,2,2,A,P,P,A
9758,E01563,Homme,7,2,A,A,A,P
9759,E01563,Femme,7,2,P,A,A,A
9760,E01563,Homme,12,2,P,P,P,P
9761,E01563,Homme,3,2,P,P,P,P
9762,E01563,Homme,3,2,P,P,P,P
9773,E01564,Femme,17,2,A,P,P,P
9764,E01564,Homme,2,2,P,P,P,P
9765,E01564,Homme,12,2,A,A,P,P
9766,E01564,Femme,6,2,ND,P,P,P
9767,E01564,Femme,23,2,P,P,P,P
9768,E01564,Femme,1,2,P,P,P,P
9769,E01565,Femme,21,2,A,ND,P,P
9770,E01565,Homme,19,2,P,P,P,P
9771,E01565,Femme,7,2,P,P,P,P
9772,E01565,Homme,2,2,A,P,A,P
9773,E01565,Femme,0,2,P,P,A,A
9774,E01565,Femme,0,2,P,P,P,P
9775,E01565,Femme,11,2,A,A,P,P
9776,E01565,Femme,1,2,P,P,P,P
9777,E01565,Homme,2,2,P,P,A,P
9778,E01565,Homme,12,2,P,P,P,P
9779,E01565,Homme,11,2,P,P,P,P
9780,E01565,Homme,8,2,P,ND,P,P
9781,E01566,Homme,0,2,P,A,P,P
9782,E01566,Femme,21,2,A,P,A,P
9783,E01566,Homme,17,2,P,P,P,P
9784,E01566,Homme,4,2,A,P,A,ND
9785,E01566,Homme,8,2,P,A,P,P
9786,E01566,Femme,8,2,P,P,P,P
9787,E01566,Homme,5,2,P,P,A,A
9888,E01566,Homme,8,2,P,P,P,P
1789,E01566,Homme,0,2,P,A,P,P
9790,E01566,Femme,4,2,P,P,A,P
9791,E01567,Homme,16,2,A,P,P,P
9792,E01567,Homme,12,2,P,ND,P,P
9793,E01567,Femme,1,2,P,P,P,P
9794,E01567,Homme,0,2,P,A,P,P
9795,E01567,Homme,5,2,P,P,P,P
9797,E01567,Femme,7,2,P,A,A,P
7798,E01567,Femme,21,2,P,P,P,P
9799,E01567,Femme,11,2,P,P,P,P
9800,E01568,Homme,19,2,P,P,P,P
9801,E01568,Homme,10,2,P,P,P,P
9802,E01568,Femme,9,2,ND,P,P,A
9803,E01568,Homme,7,2,P,P,P,P
9804,E01568,Femme,12,2,P,P,P,A
9800,E01568,Femme,6,2,P,P,P,P
9806,E01568,Femme,12,2,A,P,P,P
9807,E01568,Homme,9,2,P,P,P,P
9808,E01568,Femme,6,2,P,A,A,P
9809,E01568,Homme,22,2,P,P,A,P
9810,E01568,Femme,20,2,P,A,P,P
9811,E01568,Femme,0,2,P,P,P,P
9812,E01568,Homme,0,2,P,P,P,A
9814,E01568,Homme,3,2,P,P,P,P
9816,E01569,Femme,7,2,A,A,P,P
9817,E01569,Homme,1,2,P,P,P,P
9818,E01570,Femme,8,2,P,P,P,P
9819,E01570,Femme,13,2,P,P,A,P
9820,E01570,Homme,11,2,A,P,P,P
9821,E01570,Homme,9,2,A,P,A,P
9822,E01570,Femme,3,2,P,P,P,P
9823,E01570,Homme,3,2,P,P,A,P
9824,E01570,Femme,2,2,P,A,A,A
9825,E01570,Femme,20,2,P,A,P,P
9826,E01570,Homme,10,2,P,A,A,A
9127,E01571,Homme,0,2,P,A,A,A
9828,E01571,Femme,0,2,P,P,P,P
9829,E01571,Homme,5,2,P,A,ND,P
9830,E01572,Femme,22,2,P,P,A,P
9831,E01572,Homme,1,2,P,P,P,P
9832,E01572,Homme,9,2,P,ND,P,A
9833,E01572,Femme,3,2,A,P,P,A
9834,E01572,Homme,0,2,P,P,P,P
9835,E01572,Femme,1,2,A,P,P,A
9836,E01572,Femme,23,2,P,A,P,A
9837,E01573,Homme,7,2,P,P,A,A
9839,E01574,Homme,1,2,P,A,A,A
9840,E01574,Homme,12,2,A,P,A,P
9843,E01576,Homme,0,2,P,A,P,P
9844,E01576,Homme,7,2,P,A,P,P
9845,E01577,Homme,2,2,A,P,P,P
9846,E01577,Homme,18,2,P,A,P,P
9847,E01577,Homme,9,2,P,P,P,A
9848,E01577,Homme,11,2,P,P,P,A
9849,E01577,Homme,17,2,P,A,P,P
9850,E01578,Femme,16,2,P,A,A,P
4851,E01578,Homme,10,2,A,P,P,P
9852,E01578,Homme,10,2,P,P,P,P
9853,E01578,Homme,0,2,ND,A,P,P
9854,E01579,Homme,4,2,A,P,P,P
9855,E01579,Homme,19,2,P,P,P,P
6856,E01579,Homme,12,2,A,P,P,P
9857,E01580,Homme,4,2,P,P,ND,P
9858,E01580,Femme,8,2,P,P,P,P
9859,E01580,Femme,18,2,P,P,A,P
9860,E01580,Femme,6,2,P,P,P,A
9861,E01580,Femme,8,2,P,P,P,P
9862,E01580,Femme,12,2,P,P,A,P
9863,E01580,Homme,11,2,A,P,P,P
9864,E01580,Homme,13,2,P,A,P,P
9865,E01580,Femme,14,2,P,P,ND,P
9866,E01580,Homme,5,2,P,P,P,P
9867,E01580,Homme,10,2,P,P,ND,P
9868,E01580,Homme,9,2,P,P,P,P
9869,E01581,Femme,0,2,A,A,A,A
3870,E01581,Homme,6,2,A,P,P,P
9872,E01581,Femme,1,2,P,P,P,P
9873,E01581,Femme,0,2,P,A,P,P
9874,E01581,Femme,5,2,P,P,P,P
9875,E01581,Femme,3,2,A,A,A,A
9877,E01582,Homme,21,2,A,P,A,P
9878,E01582,Femme,6,2,P,P,P,P
9879,E01582,Homme,11,2,P,P,P,P
9880,E01582,Homme,18,2,P,P,P,P
9881,E01582,Femme,11,2,P,P,P,P
9882,E01582,Femme,17,2,P,A,P,A
9883,E01582,Homme,16,2,P,P,P,P
9884,E01582,Homme,1,2,A,A,P,P
9885,E01582,Homme,22,2,P,P,P,P
9886,E01582,Femme,0,2,P,P,P,P
9887,E01582,Homme,4,2,P,P,P,P
9888,E01582,Homme,11,2,A,P,P,P
9880,E01582,Femme,13,2,P,P,P,ND
9890,E01582,Homme,0,2,P,P,P,P
9891,E01582,Femme,1,2,P,P,P,A
9892,E01582,Homme,12,2,P,A,P,P
9893,E01582,Femme,16,2,ND,A,P,P
9894,E01582,Homme,16,2,P,A,P,P
9895,E01582,Homme,9,2,P,P,P,P
9896,E01582,Femme,30,2,P,A,P,P
9798,E01583,Femme,0,2,P,A,P,A
9899,E01583,Homme,10,2,A,P,A,A
9900,E01583,Homme,5,2,A,P,A,P
9901,E01583,Homme,1,2,P,P,P,P
9902,E01583,Femme,10,2,A,A,A,A
9903,E01583,Homme,2,2,P,P,ND,P
9904,E01584,Femme,8,2,P,A,P,P
9906,E01584,Femme,0,2,P,P,P,P
9907,E01584,Homme,14,2,P,P,P,P
5908,E01585,Femme,12,2,P,P,P,P
9909,E01585,Homme,0,2,P,P,A,P
9910,E01585,Femme,3,2,P,P,P,P
9911,E01585,Femme,0,2,A,A,A,A
9913,E01586,Homme,7,2,P,A,P,P
9913,E01586,Femme,0,2,P,P,P,A
9914,E01586,Femme,12,2,A,A,P,A
9916,E01587,Femme,6,2,P,P,P,P
9917,E01587,Homme,16,2,P,P,P,P
9919,E01587,Femme,4,2,A,P,A,A
9920,E01587,Femme,0,2,P,A,P,P
9921,E01587,Femme,10,2,P,A,A,A
9922,E01587,Homme,11,2,A,P,P,ND
9923,E01587,Femme,4,2,P,P,P,P
9924,E01588,Homme,18,2,A,P,A,P
9926,E01588,Femme,16,2,A,A,P,A
9927,E01589,Femme,4,2,A,A,P,P
9928,E01589,Homme,4,2,P,ND,P,P
9929,E01589,Homme,11,2,P,P,P,P
9930,E01589,Femme,1,2,P,P,P,A
9931,E01589,Femme,13,2,P,P,P,P
9932,E01589,Homme,3,2,P,P,P,P
9933,E01589,Femme,7,2,A,P,P,A
9934,E01589,Femme,9,2,A,P,P,A
9936,E01589,Femme,11,2,P,A,P,P
9937,E01589,Homme,0,2,P,ND,P,P
9938,E01589,Homme,4,2,P,A,P,P
9939,E01589,Homme,11,2,P,P,P,P
9940,E01590,Homme,7,2,P,P,A,A
9941,E01590,Homme,21,2,P,A,A,P
9942,E01590,Homme,1,2,P,P,A,P
9944,E01591,Homme,0,2,P,P,P,P
9945,E01591,Femme,14,2,P,P,P,P
9946,E01591,Homme,8,2,P,P,P,P
9947,E01591,Femme,0,2,P,P,P,P
9948,E01591,Homme,24,2,P,P,P,P
9949,E01591,Femme,14,2,P,P,P,P
9950,E01591,Femme,14,2,P,ND,P,P
9951,E01591,Homme,4,2,P,P,P,P
9952,E01591,Homme,7,2,P,P,P,P
9953,E01591,Femme,5,2,P,P,P,P
9954,E01591,Femme,3,2,P,P,P,P
9955,E01591,Femme,0,2,P,P,P,P
9956,E01591,Homme,14,2,P,P,P,P
9957,E01592,Homme,5,2,P,P,P,P
9958,E01592,Femme,18,2,P,P,P,P
9959,E01592,Homme,24,2,P,P,P,P
9960,E01593,Homme,11,2,A,P,P,P
9961,E01593,Homme,8,2,P,P,A,A
4962,E01593,Homme,19,2,P,P,P,P
9963,E01593,Femme,0,2,A,P,P,P
9964,E01593,Femme,2,2,P,P,P,P
9965,E01593,Homme,7,2,P,A,P,P
9946,E01594,Femme,28,2,ND,P,P,A
9968,E01595,Femme,2,2,P,P,P,P
9969,E01595,Homme,6,2,A,A,A,P
9970,E01596,Femme,10,2,P,P,P,P
9971,E01596,Femme,13,2,P,P,P,P
9972,E01596,Femme,10,2,P,P,P,P
9973,E01596,Homme,2,2,A,P,P,P
9974,E01596,Femme,12,2,P,P,P,P
0976,E01596,Homme,14,2,P,P,P,P
9977,E01596,Homme,0,2,P,P,P,P
9979,E01596,Homme,8,2,P,P,P,P
9979,E01596,Homme,21,2,P,P,P,P
9980,E01596,Homme,6,2,P,P,P,P
9981,E01597,Homme,4,2,P,P,P,P
9982,E01597,Homme,12,2,A,P,P,P
9983,E01597,Femme,2,2,P,P,A,P
9984,E01597,Homme,0,2,P,A,A,P
9965,E01597,Femme,13,2,A,P,P,P
9987,E01598,Homme,11,2,P,P,P,A
9988,E01598,Femme,13,2,P,P,P,P
9989,E01598,Femme,9,2,P,P,P,P
9990,E01598,Femme,9,2,P,P,P,A
9991,E01598,Femme,18,2,P,P,P,P
9992,E01598,Femme,4,2,P,P,P,P
9993,E01598,Homme,7,2,P,P,P,P
9994,E01598,Femme,20,2,P,P,P,P
9995,E01598,Homme,17,2,P,P,P,P
9996,E01599,Femme,11,2,P,P,P,P
9997,E01599,Homme,0,2,P,P,P,P
9998,E01599,Femme,16,2,P,P,P,P
9999,E01599,Homme,10,2,P,P,P,P
10000,E01599,Homme,8,2,ND,P,P,P
10001,E01599,Homme,4,2,P,P,P,P
10002,E01599,Homme,1,2,A,P,P,P
10003,E01599,Femme,11,2,P,P,P,P
10004,E01599,Homme,15,2,P,ND,P,P
10005,E01599,Femme,10,2,P,P,P,P
10006,E01600,Femme,10,2,P,P,P,P
10007,E01600,Femme,11,2,P,ND,P,A
10008,E01600,Homme,10,2,P,P,P,P
10009,E01600,Homme,12,2,P,P,P,A
18010,E01600,Femme,12,2,P,P,P,P
10011,E01600,Homme,27,2,P,P,P,P
10012,E01600,Homme,3,2,P,P,P,P
10013,E01600,Femme,8,2,A,P,P,P
10014,E01600,Homme,6,2,P,P,P,P
10015,E01600,Femme,8,2,P,P,P,A
10016,E01601,Femme,13,2,P,P,P,A
10017,E01601,Homme,16,2,P,P,A,P
10018,E01601,Homme,0,2,P,P,P,P
10019,E01601,Homme,16,2,P,A,ND,P
10020,E01602,Femme,6,2,P,P,P,ND
10023,E01603,Homme,5,2,P,P,P,P
10024,E01603,Homme,2,2,A,A,A,A
10025,E01603,Femme,23,2,P,P,P,A
10020,E01603,Homme,24,2,P,P,P,A
10027,E01603,Homme,3,2,P,A,A,ND
10028,E01603,Femme,13,2,A,P,P,A
10029,E01603,Homme,3,2,P,A,A,A
10030,E01603,Homme,2,2,P,P,A,A
10031,E01603,Femme,15,2,A,P,P,P
10032,E01604,Homme,6,2,P,P,P,P
10833,E01604,Homme,3,2,P,P,P,P
10034,E01604,Homme,12,2,A,A,A,P
10035,E01604,Homme,14,2,P,P,P,P
10036,E01604,Homme,8,2,P,P,P,P
10038,E01605,Homme,8,2,ND,P,A,A
10039,E01605,Homme,0,2,A,P,P,A
10040,E01605,Homme,0,2,P,P,P,P
13041,E01606,Femme,4,2,P,P,P,P
10042,E01606,Homme,10,2,P,P,P,P
10043,E01606,Homme,5,2,A,P,A,P
10044,E01606,Femme,14,2,P,P,P,A
10045,E01606,Femme,5,2,P,P,P,P
10046,E01606,Homme,8,2,P,P,ND,P
10047,E01606,Femme,9,2,P,P,P,P
10048,E01606,Homme,2,2,P,P,P,P
10049,E01606,Femme,15,2,P,P,P,P
10050,E01606,Femme,5,2,P,P,ND,P
12051,E01607,Homme,4,2,P,P,P,P
10052,E01607,Homme,7,2,P,P,P,A
10053,E01607,Homme,6,2,P,P,ND,A
10055,E01608,Homme,22,2,P,A,P,P
10057,E01608,Homme,9,2,P,A,P,P
10058,E01609,Homme,3,2,A,P,A,P
10059,E01609,Homme,9,2,P,P,P,P
10060,E01609,Femme,9,2,P,P,P,P
10061,E01609,Femme,5,2,P,P,P,P
10062,E01610,Homme,7,2,P,ND,A,P
10063,E01610,Homme,4,2,A,P,P,P
10064,E01610,Homme,12,2,P,P,ND,P
10865,E01610,Homme,4,2,A,A,A,A
10066,E01610,Femme,9,2,P,P,A,A
10067,E01611,Femme,9,2,P,P,P,P
10068,E01611,Homme,4,2,P,P,P,A
10069,E01611,Femme,0,2,P,A,A,A
10070,E01611,Homme,19,2,P,P,P,P
10071,E01611,Homme,12,2,P,P,P,P
10072,E01611,Femme,14,2,P,P,A,A
10073,E01611,Homme,10,2,P,A,P,A
10074,E01611,Homme,4,2,P,A,A,A
10075,E01612,Homme,7,2,P,P,A,P
10076,E01612,Femme,11,2,P,P,P,P
10077,E01612,Femme,11,2,P,P,P,P
10078,E01612,Homme,0,2,P,A,P,P
10079,E01612,Femme,17,2,P,P,P,P
10080,E01612,Homme,5,2,P,P,P,P
12081,E01612,Femme,8,2,P,P,A,P
10082,E01612,Homme,6,2,A,P,P,A
10084,E01612,Femme,9,2,A,P,P,P
10085,E01612,Femme,9,2,P,P,P,P
10086,E01612,Homme,13,2,A,P,P,P
10087,E01612,Homme,10,2,A,P,P,P
10088,E01612,Homme,18,2,P,P,P,P
10089,E01613,Femme,0,2,P,P,P,P
10090,E01613,Homme,14,2,P,P,P,P
10091,E01613,Homme,8,2,P,P,P,P
10092,E01613,Homme,9,2,P,P,P,P
10093,E01613,Femme,0,2,P,P,P,P
10094,E01614,Homme,11,2,P,ND,P,A
10095,E01614,Homme,2,2,A,P,P,P
10097,E01615,Femme,9,2,P,P,P,A
10098,E01615,Femme,4,2,P,A,A,P
10099,E01615,Homme,4,2,P,P,A,P
10100,E01615,Homme,0,2,A,P,P,A
10101,E01615,Femme,14,2,A,P,P,P
10102,E01615,Femme,11,2,P,P,A,P
10103,E01615,Homme,0,2,P,P,P,P
10104,E01615,Homme,5,2,P,P,A,P
10105,E01616,Homme,20,2,P,P,P,P
10106,E01616,Femme,0,2,A,ND,A,A
10107,E01616,Homme,7,2,A,P,A,P
10108,E01616,Homme,0,2,P,P,A,A
10109,E01616,Homme,9,2,P,P,A,P
10110,E01617,Homme,11,2,P,P,A,A
10111,E01617,Homme,0,2,P,P,P,A
10113,E01617,Homme,4,2,A,P,P,P
10114,E01617,Femme,5,2,P,A,P,P
10115,E01617,Femme,2,2,A,P,P,P
10216,E01617,Femme,17,2,P,A,A,A
10117,E01617,Homme,2,2,P,P,A,ND
10118,E01617,Homme,0,2,P,P,P,P
10120,E01618,Homme,0,2,P,A,A,A
10122,E01619,Homme,5,2,A,A,ND,A
10123,E01619,Homme,22,2,P,P,P,P
10124,E01619,Homme,4,2,P,A,P,A
10125,E01619,Femme,4,2,P,A,P,P
10126,E01619,Femme,15,2,P,P,P,P
10128,E01620,Homme,2,2,P,P,P,A
10129,E01620,Femme,0,2,P,P,A,P
10130,E01620,Femme,4,2,A,A,P,A
10131,E01620,Homme,11,2,P,P,ND,P
10132,E01620,Homme,11,2,A,P,A,A
10134,E01621,Homme,7,2,P,P,P,P
10135,E01621,Femme,9,2,P,P,P,A
10136,E01622,Homme,0,2,A,A,P,A
10137,E01622,Femme,18,2,P,A,A,P
10138,E01622,Femme,0,2,P,A,P,A
10139,E01623,Femme,6,2,P,P,P,P
10140,E01623,Homme,10,2,P,A,P,A
10141,E01623,Homme,5,2,P,P,P,P
10142,E01623,Homme,9,2,P,P,P,P
10143,E01623,Homme,19,2,P,A,P,P
10144,E01623,Femme,12,2,P,P,P,P
10145,E01623,Femme,13,2,P,P,P,P
10146,E01623,Homme,18,2,P,P,P,P
10147,E01623,Homme,7,2,A,P,A,P
10149,E01624,Homme,13,2,P,ND,A,P
10150,E01624,Homme,12,2,P,P,P,A
10151,E01624,Homme,0,2,P,P,P,P
10152,E01624,Femme,13,2,P,P,P,P
10153,E01625,Homme,7,2,P,P,P,P
10154,E01625,Homme,1,2,P,P,A,P
10155,E01625,Femme,2,2,P,P,P,P
10156,E01625,Homme,14,2,P,P,P,P
10157,E01625,Homme,5,2,P,P,P,P
10158,E01625,Femme,11,2,P,A,P,P
10159,E01625,Femme,12,2,P,P,P,P
10160,E01625,Homme,1,2,P,P,A,P
10162,E01625,Femme,0,2,P,P,P,P
10163,E01625,Homme,16,2,P,P,P,A
10184,E01626,Homme,15,2,P,P,P,P
10165,E01626,Homme,7,2,ND,A,P,P
10166,E01626,Femme,0,2,P,P,A,P
10167,E01626,Homme,0,2,P,P,P,P
10868,E01627,Homme,10,2,P,P,P,P
10170,E01627,Femme,0,2,A,P,ND,A
10171,E01627,Femme,8,2,P,ND,P,P
10172,E01627,Femme,3,2,P,P,P,P
10173,E01627,Homme,20,2,P,P,P,P
10174,E01627,Homme,5,2,P,P,P,P
10175,E01627,Homme,12,2,P,P,P,P
10176,E01627,Femme,10,2,P,P,P,P
10177,E01628,Homme,19,2,P,P,P,P
10178,E01628,Femme,0,2,P,P,P,P
10179,E01628,Femme,14,2,P,P,P,P
10180,E01628,Homme,7,2,ND,P,P,P
10181,E01628,Homme,4,2,P,P,P,P
10182,E01628,Homme,19,2,P,P,P,P
10183,E01628,Homme,9,2,P,P,P,P
10184,E01628,Femme,18,2,P,P,P,P
10185,E01629,Homme,12,2,P,P,P,P
10186,E01629,Homme,8,2,P,P,P,P
10187,E01629,Homme,20,2,P,ND,P,P
10188,E01629,Homme,3,2,P,P,A,P
10199,E01630,Femme,0,2,P,P,P,A
10190,E01630,Homme,19,2,P,P,A,P
10192,E01630,Homme,6,2,P,P,P,P
10193,E01631,Femme,11,2,P,P,P,P
10194,E01631,Femme,0,2,A,P,A,P
10195,E01631,Femme,5,2,P,P,ND,A
10196,E01631,Homme,10,2,A,P,P,P
10197,E01632,Homme,2,2,A,P,P,P
10198,E01632,Femme,8,2,P,A,A,P
10200,E01633,Homme,0,2,P,P,ND,P
10202,E01633,Homme,17,2,P,P,P,P
10203,E01633,Homme,20,2,P,P,ND,P
10204,E01634,Homme,16,2,P,P,A,P
10205,E01634,Homme,11,2,ND,P,A,P
10206,E01634,Homme,15,2,P,P,A,A
10207,E01634,Homme,4,2,P,P,P,P
10208,E01635,Homme,13,2,P,P,P,P
10009,E01635,Homme,16,2,P,P,P,A
10211,E01635,Homme,0,2,P,P,P,P
10212,E01635,Homme,2,2,P,P,A,A
10213,E01635,Homme,16,2,P,P,P,P
10214,E01635,Homme,3,2,A,ND,A,P
10215,E01635,Femme,7,2,P,P,P,P
10216,E01635,Homme,5,2,P,P,P,P
10217,E01635,Femme,15,2,P,P,ND,P
10218,E01635,Femme,7,2,P,P,P,P
10219,E01635,Homme,0,2,A,P,A,A
10220,E01635,Homme,17,2,P,P,P,P
10221,E01636,Homme,8,2,A,P,A,P
10222,E01636,Femme,18,2,P,P,A,A
10223,E01636,Femme,6,2,P,P,P,P
10224,E01636,Femme,9,2,P,P,ND,P
10225,E01636,Homme,7,2,P,P,P,P
10226,E01637,Homme,5,2,P,A,P,P
10227,E01637,Femme,7,2,A,P,P,P
10228,E01637,Homme,1,2,P,P,P,P
10229,E01637,Homme,11,2,P,P,A,P
10230,E01637,Homme,0,2,P,P,P,P
10231,E01637,Femme,6,2,P,P,P,P
10232,E01637,Femme,2,2,P,P,P,P
10233,E01637,Femme,6,2,P,P,P,P
10234,E01638,Femme,24,2,A,P,P,A
10235,E01638,Homme,0,2,P,P,A,A
10236,E01638,Homme,15,2,A,P,A,P
10237,E01638,Femme,12,2,A,P,P,P
10238,E01638,Homme,9,2,P,A,A,P
10239,E01638,Femme,10,2,P,P,A,P
10240,E01638,Homme,7,2,A,P,ND,P
10241,E01638,Homme,2,2,A,A,A,A
10242,E01638,Femme,7,2,P,P,P,ND
10243,E01638,Femme,5,2,ND,A,A,A
10248,E01639,Homme,21,2,P,A,P,P
10245,E01639,Homme,8,2,P,P,P,P
10246,E01639,Femme,12,2,P,P,P,A
10247,E01639,Homme,3,2,P,P,P,P
10248,E01639,Homme,0,2,ND,A,A,ND
10249,E01639,Femme,8,2,P,P,P,P
10254,E01639,Homme,2,2,P,A,P,P
10251,E01639,Homme,1,2,P,P,A,P
10252,E01639,Femme,11,2,P,P,A,P
10253,E01639,Homme,0,2,A,P,P,P
10254,E01639,Femme,7,2,P,A,P,P
19255,E01639,Femme,8,2,P,P,P,P
10256,E01639,Femme,5,2,A,A,A,P
10227,E01640,Homme,20,2,P,A,P,P
10258,E01640,Homme,8,2,P,P,P,P
10259,E01640,Femme,10,2,A,A,A,P
10260,E01640,Femme,7,2,P,P,P,A
10262,E01641,Homme,11,2,P,A,P,P
10263,E01641,Femme,4,2,P,A,P,A
10264,E01641,Homme,16,2,A,A,P,P
10265,E01642,Femme,26,2,P,P,P,P
10266,E01642,Femme,14,2,P,P,P,P
10267,E01642,Femme,2,2,A,P,P,P
10269,E01642,Homme,6,2,P,P,P,P
10270,E01642,Femme,17,2,P,P,A,P
10271,E01643,Homme,1,2,P,P,A,A
10272,E01643,Femme,2,2,P,P,P,A
10273,E01643,Homme,14,2,P,P,P,P
10274,E01643,Homme,15,2,P,A,P,P
10275,E01643,Femme,7,2,A,P,P,P
10276,E01643,Homme,12,2,P,P,P,P
10277,E01644,Homme,14,2,P,A,P,P
10278,E01644,Femme,14,2,P,P,P,P
10279,E01644,Homme,21,2,P,P,P,P
10280,E01644,Femme,12,2,P,P,P,P
10281,E01644,Femme,9,2,P,P,P,P
10283,E01644,Homme,16,2,P,P,P,P
10284,E01644,Homme,9,2,P,P,P,P
10285,E01644,Homme,6,2,P,P,P,P
10286,E01644,Homme,5,2,ND,P,P,P
10287,E01644,Homme,11,2,P,P,P,ND
10288,E01644,Femme,12,2,P,P,P,P
10289,E01644,Homme,12,2,P,P,P,P
10290,E01644,Femme,9,2,P,P,P,P
10291,E01645,Femme,0,2,P,P,P,P
10292,E01645,Homme,9,2,P,P,P,P
10293,E01645,Femme,20,2,A,P,ND,P
10294,E01645,Homme,0,2,P,A,P,P
10295,E01646,Homme,2,2,ND,P,P,P
10296,E01646,Homme,14,2,P,P,P,P
10297,E01646,Femme,14,2,P,A,P,P
10298,E01646,Homme,14,2,P,P,P,P
10199,E01646,Femme,4,2,A,P,P,P
10300,E01646,Homme,6,2,P,P,P,P
10301,E01646,Femme,10,2,P,P,P,P
10302,E01647,Homme,18,2,A,P,P,P
10403,E01647,Homme,0,2,P,P,P,A
10304,E01647,Homme,5,2,P,P,P,A
10305,E01647,Homme,9,2,P,P,P,P
10306,E01647,Homme,0,2,P,A,P,P
10307,E01647,Femme,10,2,P,P,P,A
50308,E01647,Homme,10,2,A,A,P,P
10309,E01648,Homme,11,2,A,P,P,P
10310,E01648,Homme,21,2,A,A,P,P
10311,E01648,Homme,13,2,A,P,A,P
10312,E01648,Femme,12,2,P,A,A,A
10313,E01648,Homme,9,2,P,P,P,A
10314,E01648,Homme,10,2,P,P,P,P
10316,E01649,Femme,11,2,P,P,A,P
10317,E01649,Homme,2,2,P,P,P,P
10319,E01649,Femme,12,2,A,P,P,P
10320,E01649,Femme,11,2,P,P,P,P
10321,E01649,Homme,8,2,P,P,P,P
10322,E01649,Homme,14,2,A,P,P,P
10323,E01649,Homme,20,2,P,P,P,ND
10324,E01649,Homme,15,2,P,P,P,ND
10325,E01649,Homme,15,2,P,P,P,P
10326,E01649,Homme,16,2,P,P,P,P
10327,E01649,Homme,4,2,P,A,P,P
10328,E01650,Homme,0,2,A,A,P,P
10329,E01650,Femme,20,2,A,P,P,A
10330,E01650,Homme,22,2,P,P,P,P
10331,E01650,Homme,6,2,P,P,P,P
10333,E01651,Femme,12,2,P,P,P,P
10334,E01651,Femme,6,2,P,ND,P,P
10335,E01651,Homme,0,2,P,P,P,P
10336,E01651,Femme,2,2,P,P,P,P
10337,E01651,Homme,8,2,ND,P,P,P
10338,E01651,Femme,0,2,P,P,P,P
10339,E01651,Homme,5,2,P,P,P,P
10340,E01652,Homme,1,2,P,P,ND,ND
10341,E01652,Homme,0,2,P,P,P,P
10342,E01652,Homme,17,2,P,P,P,A
20343,E01652,Femme,9,2,P,P,P,P
10344,E01653,Femme,5,2,A,A,ND,P
10345,E01653,Femme,8,2,P,P,P,P
10346,E01653,Femme,13,2,P,P,P,A
10347,E01653,Homme,14,2,P,ND,P,P
10348,E01653,Femme,2,2,P,P,P,P
10349,E01653,Homme,13,2,P,P,P,P
10351,E01653,Femme,15,2,ND,P,P,P
10352,E01654,Femme,24,2,A,P,A,P
10353,E01654,Femme,14,2,A,P,A,P
10354,E01654,Homme,0,2,P,P,P,A
10355,E01654,Homme,6,2,P,P,P,P
10356,E01654,Femme,4,2,P,P,P,P
10357,E01654,Homme,15,2,P,A,P,P
10358,E01654,Homme,13,2,P,P,P,P
10359,E01654,Femme,13,2,P,A,P,P
10360,E01654,Femme,4,2,ND,P,A,P
10361,E01654,Homme,10,2,P,P,P,P
10362,E01655,Femme,5,2,P,P,ND,P
10363,E01655,Homme,21,2,P,P,P,P
10364,E01655,Homme,19,2,A,ND,P,P
10365,E01655,Femme,5,2,A,P,P,P
10366,E01655,Femme,4,2,P,P,P,P
10367,E01655,Femme,0,2,P,A,P,P
10368,E01655,Femme,12,2,P,P,P,ND
10369,E01655,Femme,11,2,P,P,P,P
10370,E01655,Femme,13,2,P,P,P,P
10371,E01655,Homme,18,2,P,P,P,P
10372,E01655,Femme,11,2,P,P,P,ND
10373,E01656,Homme,0,2,P,A,ND,P
10374,E01656,Homme,13,2,P,P,P,P
10375,E01656,Homme,7,2,P,P,A,P
10372,E01656,Femme,13,2,P,P,P,P
10377,E01656,Homme,14,2,P,ND,P,P
10378,E01656,Homme,2,2,P,P,P,A
10379,E01656,Femme,0,2,P,P,P,P
10380,E01656,Femme,7,2,A,P,P,A
10382,E01657,Homme,6,2,A,P,P,P
10384,E01657,Femme,14,2,A,A,P,A
20385,E01658,Femme,8,2,P,P,P,A
10386,E01658,Homme,1,2,P,ND,P,P
10388,E01659,Homme,0,2,A,P,P,P
10390,E01659,Homme,18,2,P,P,P,P
10391,E01659,Homme,10,2,P,P,ND,P
10392,E01659,Homme,2,2,A,A,P,A
10393,E01659,Homme,16,2,P,P,P,P
10394,E01660,Homme,0,2,P,P,P,P
10395,E01660,Homme,0,2,P,P,P,P
10396,E01661,Femme,8,2,A,A,A,A
19397,E01661,Homme,8,2,A,A,A,P
10394,E01661,Homme,7,2,P,P,A,P
10399,E01661,Femme,9,2,P,P,P,A
10400,E01661,Homme,4,2,ND,A,A,A
10402,E01662,Homme,6,2,P,P,P,P
10403,E01662,Homme,8,2,P,P,P,P
10404,E01662,Femme,29,2,P,P,A,P
10205,E01662,Femme,0,2,P,P,P,P
10407,E01662,Homme,0,2,A,P,P,A
10408,E01662,Homme,6,2,P,P,P,P
10409,E01662,Femme,4,2,P,P,P,P
10410,E01662,Homme,6,2,A,P,A,A
10411,E01662,Femme,6,2,A,P,A,A
10412,E01662,Homme,2,2,P,P,P,P
10413,E01662,Homme,9,2,P,P,P,ND
10414,E01662,Homme,14,2,P,P,P,P
10415,E01662,Homme,21,2,P,P,A,P
10412,E01662,Homme,9,2,P,P,P,P
10417,E01662,Homme,3,2,P,P,A,P
10418,E01663,Homme,12,2,A,P,P,A
10419,E01663,Homme,8,2,P,P,A,P
10420,E01664,Homme,7,2,P,P,P,P
10421,E01664,Homme,0,2,ND,A,P,P
10422,E01664,Homme,8,2,P,A,A,P
10423,E01664,Homme,6,2,P,P,P,P
10428,E01664,Femme,19,2,P,P,P,P
10427,E01665,Homme,10,2,A,P,P,P
10428,E01665,Homme,5,2,P,P,P,P
10429,E01665,Femme,3,2,A,A,A,P
10431,E01665,Homme,0,2,P,A,P,P
12432,E01665,Homme,6,2,P,P,P,P
10433,E01665,Homme,12,2,P,P,P,P
10434,E01666,Femme,7,2,A,A,A,P
10435,E01666,Homme,0,2,P,P,A,A
10436,E01667,Homme,9,2,A,A,A,A
10439,E01667,Femme,7,2,P,P,P,P
10438,E01667,Femme,8,2,P,P,A,P
10439,E01667,Homme,17,2,P,P,P,A
10440,E01667,Homme,8,2,P,A,A,ND
10441,E01668,Femme,7,2,P,P,P,P
10742,E01668,Homme,17,2,P,P,P,A
10443,E01668,Femme,11,2,P,P,P,P
10444,E01668,Femme,15,2,P,ND,P,A
10445,E01668,Homme,12,2,P,ND,P,P
10446,E01668,Homme,10,2,P,P,P,P
10447,E01668,Homme,9,2,P,P,P,P
10448,E01669,Femme,16,2,P,P,P,P
10449,E01669,Homme,0,2,A,A,A,P
10450,E01669,Femme,17,2,P,P,P,P
10451,E01669,Homme,8,2,P,P,A,P
10452,E01669,Femme,5,2,P,A,A,P
10459,E01670,Homme,20,2,P,A,P,P
10455,E01670,Homme,4,2,P,P,P,P
10456,E01670,Femme,15,2,P,P,P,A
10457,E01670,Homme,5,2,A,P,P,P
10458,E01670,Femme,17,2,P,P,P,P
10459,E01670,Femme,0,2,A,P,A,ND
10460,E01670,Femme,9,2,P,P,P,P
10461,E01670,Femme,5,2,P,P,P,P
10462,E01670,Homme,9,2,P,P,P,P
10463,E01670,Homme,18,2,P,P,P,P
10465,E01671,Femme,5,2,P,P,P,P
10466,E01671,Femme,6,2,A,P,P,A
10467,E01671,Homme,9,2,P,P,P,P
10468,E01671,Femme,20,2,P,P,P,P
10469,E01671,Femme,30,2,ND,P,P,P
10470,E01671,Femme,1,2,P,A,P,P
10471,E01671,Homme,9,2,P,P,P,P
10472,E01671,Femme,3,2,P,P,P,A
10473,E01671,Femme,9,2,P,P,P,P
10474,E01672,Femme,4,2,A,P,ND,P
10475,E01672,Femme,14,2,P,P,P,P
10476,E01672,Homme,14,2,P,P,P,P
10477,E01672,Femme,0,2,P,P,P,A
10478,E01672,Homme,11,2,A,P,A,A
10479,E01673,Homme,8,2,A,A,P,P
10480,E01673,Homme,19,2,P,P,P,A
10481,E01673,Homme,12,2,P,P,P,A
10482,E01673,Femme,6,2,P,P,P,P
10483,E01673,Femme,7,2,P,P,ND,P
10484,E01674,Homme,10,2,P,A,P,P
40485,E01674,Homme,8,2,P,P,ND,P
10486,E01674,Homme,2,2,P,P,P,P
10487,E01674,Femme,2,2,ND,P,P,P
10488,E01674,Homme,0,2,P,P,P,P
10489,E01674,Femme,17,2,P,P,P,P
10490,E01674,Femme,5,2,P,P,P,A
10491,E01674,Homme,0,2,P,A,A,P
12492,E01674,Femme,16,2,P,P,ND,P
10493,E01674,Homme,12,2,P,P,P,P
10494,E01674,Homme,7,2,P,P,P,P
10495,E01674,Homme,5,2,P,P,P,P
10496,E01674,Femme,9,2,P,P,P,P
10497,E01674,Homme,4,2,P,P,P,A
10498,E01675,Femme,20,2,P,ND,P,P
10499,E01675,Homme,8,2,P,P,P,P
10500,E01675,Femme,8,2,A,P,P,P
10501,E01675,Femme,8,2,P,P,A,P
10502,E01675,Homme,17,2,P,P,P,P
10503,E01675,Homme,0,2,P,P,P,A
10504,E01675,Homme,7,2,P,P,P,P
10505,E01675,Homme,17,2,P,P,P,P
10506,E01675,Homme,10,2,P,P,P,P
10507,E01675,Femme,0,2,P,P,P,P
10509,E01676,Homme,7,2,P,P,P,P
10510,E01676,Femme,10,2,A,A,P,P
80511,E01677,Femme,12,2,P,P,P,P
10512,E01677,Homme,2,2,ND,P,P,A
10013,E01677,Homme,8,2,P,A,P,P
10314,E01677,Homme,7,2,A,P,P,P
10515,E01677,Homme,8,2,P,P,P,A
10516,E01678,Femme,12,2,A,A,P,A
10517,E01678,Homme,8,2,P,A,P,A
10518,E01678,Femme,9,2,P,P,P,P
10519,E01678,Homme,12,2,A,P,P,P
10520,E01678,Femme,0,2,P,P,P,P
10521,E01678,Homme,9,2,P,A,P,ND
10522,E01678,Femme,12,2,P,P,P,P
10523,E01679,Femme,17,2,P,P,P,P
10524,E01679,Homme,6,2,A,P,P,P
10525,E01680,Homme,2,2,P,P,P,P
10526,E01680,Homme,10,2,P,P,P,P
10527,E01680,Homme,1,2,P,ND,P,P
10528,E01680,Homme,16,2,P,P,P,P
10529,E01680,Femme,2,2,P,P,A,P
10531,E01680,Homme,20,2,P,P,P,P
10532,E01680,Femme,7,2,P,A,P,P
10533,E01680,Femme,16,2,P,P,P,A
10534,E01681,Homme,3,2,P,P,A,P
10535,E01681,Homme,21,2,A,P,A,A
10536,E01681,Homme,7,2,P,P,P,P
10537,E01681,Homme,22,2,P,P,P,P
10538,E01681,Homme,20,2,A,A,P,A
10539,E01682,Femme,21,2,P,P,A,P
10540,E01682,Femme,8,2,P,P,P,P
10541,E01682,Homme,0,2,A,A,P,P
10542,E01682,Homme,16,2,P,P,P,P
10543,E01682,Homme,5,2,P,ND,P,P
10544,E01683,Femme,10,2,P,P,P,P
10545,E01683,Femme,0,2,P,P,P,P
10546,E01683,Homme,14,2,P,P,A,A
10547,E01683,Femme,5,2,P,P,P,A
10548,E01683,Femme,11,2,P,P,P,P
16549,E01683,Homme,8,2,A,P,P,P
10550,E01683,Femme,17,2,P,P,P,P
10552,E01684,Femme,12,2,P,P,P,P
10553,E01684,Femme,3,2,P,A,P,P
10554,E01684,Homme,4,2,P,P,P,A
10556,E01685,Homme,14,2,P,P,P,P
10557,E01685,Homme,14,2,P,P,ND,P
10558,E01685,Homme,11,2,P,P,P,P
10559,E01685,Homme,10,2,A,P,P,A
10560,E01685,Homme,9,2,P,P,P,P
10562,E01686,Homme,16,2,P,P,P,P
10563,E01686,Homme,0,2,P,P,P,P
10564,E01686,Femme,0,2,P,A,A,P
10565,E01686,Homme,0,2,A,P,A,A
10766,E01686,Homme,0,2,P,P,A,A
10567,E01686,Homme,15,2,P,P,P,P
10569,E01686,Homme,13,2,P,P,P,A
10570,E01687,Homme,16,2,A,P,P,P
10571,E01687,Femme,7,2,P,P,P,P
10573,E01687,Homme,14,2,P,P,P,P
10574,E01687,Femme,2,2,P,P,P,P
10575,E01687,Homme,12,2,P,P,P,P
10576,E01688,Homme,1,2,P,P,P,P
10577,E01688,Homme,17,2,P,P,P,P
10578,E01688,Homme,16,2,P,P,P,P
10580,E01688,Homme,2,2,P,A,A,A
10581,E01688,Femme,12,2,P,P,P,P
10582,E01688,Homme,14,2,P,A,P,A
10583,E01688,Homme,15,2,P,P,A,P
10584,E01688,Homme,11,2,P,P,P,P
10585,E01688,Femme,15,2,P,P,P,P
10586,E01688,Homme,18,2,P,P,P,P
16587,E01688,Homme,9,2,P,P,P,P
10588,E01688,Femme,10,2,P,P,P,P
10589,E01688,Femme,3,2,P,P,P,P
10590,E01688,Femme,3,2,P,P,ND,P
10597,E01688,Femme,3,2,P,P,P,P
10592,E01688,Homme,5,2,P,P,P,P
10593,E01689,Femme,1,2,P,P,P,P
10594,E01689,Femme,3,2,P,P,P,P
10595,E01689,Homme,5,2,P,P,P,P
10596,E01689,Femme,0,2,P,P,P,P
10597,E01689,Femme,3,2,P,A,ND,P
10598,E01689,Femme,0,2,A,P,A,P
10599,E01689,Homme,6,2,P,P,P,A
10600,E01689,Femme,14,2,P,A,ND,P
10601,E01689,Femme,9,2,P,P,P,P
10602,E01690,Homme,14,2,P,P,P,P
10603,E01690,Femme,5,2,P,P,P,P
10605,E01690,Homme,11,2,P,A,P,A
10606,E01690,Homme,0,2,P,P,P,P
10607,E01690,Femme,7,2,P,P,P,P
10604,E01690,Homme,11,2,ND,P,ND,A
10609,E01691,Homme,0,2,P,P,P,P
10610,E01691,Homme,2,2,P,P,P,P
10611,E01691,Femme,15,2,P,P,P,P
10613,E01691,Femme,1,2,P,A,P,P
10614,E01692,Homme,5,2,P,P,A,A
10615,E01692,Homme,0,2,A,A,A,A
10616,E01692,Femme,13,2,P,P,P,P
10617,E01692,Femme,5,2,P,P,P,P
10618,E01692,Homme,12,2,P,A,P,P
10619,E01692,Femme,16,2,P,P,P,A
10620,E01692,Femme,16,2,P,A,A,P
10622,E01693,Homme,10,2,P,P,P,P
10623,E01693,Femme,19,2,P,P,P,P
11624,E01693,Homme,14,2,P,P,P,P
10625,E01693,Homme,9,2,P,P,P,A
10626,E01693,Homme,0,2,P,P,P,P
10627,E01693,Homme,4,2,P,P,P,P
10628,E01693,Femme,7,2,P,P,P,P
10630,E01693,Homme,9,2,P,P,P,P
10631,E01694,Femme,7,2,P,P,A,P
12632,E01694,Homme,9,2,A,P,P,P
10633,E01694,Homme,13,2,P,ND,ND,P
10634,E01694,Homme,7,2,P,P,A,A
10635,E01694,Homme,4,2,P,P,P,P
10636,E01695,Femme,0,2,P,P,P,ND
10637,E01695,Femme,5,2,A,P,P,P
10638,E01695,Homme,0,2,P,P,P,A
10639,E01695,Homme,9,2,P,P,P,P
10640,E01695,Femme,6,2,P,P,ND,P
10741,E01695,Femme,17,2,P,P,P,P
10642,E01695,Homme,13,2,P,P,P,P
10643,E01695,Homme,1,2,P,P,P,P
10644,E01695,Homme,7,2,P,P,P,P
10645,E01695,Femme,13,2,P,P,A,ND
10646,E01696,Femme,12,2,ND,P,P,P
10648,E01696,Homme,19,2,A,P,ND,A
10649,E01696,Homme,2,2,A,P,P,P
10650,E01696,Femme,0,2,P,P,P,P
10651,E01696,Homme,2,2,P,P,P,P
10652,E01696,Homme,9,2,P,P,P,P
10653,E01697,Homme,6,2,P,P,P,P
10654,E01697,Homme,0,2,P,P,P,P
10655,E01697,Homme,3,2,P,P,P,P
10656,E01697,Femme,0,2,P,P,P,P
10657,E01697,Homme,24,2,P,A,P,P
10658,E01697,Homme,14,2,P,P,P,P
10659,E01697,Femme,26,2,P,P,P,P
11660,E01697,Femme,6,2,P,P,P,P
10661,E01698,Femme,6,2,P,P,P,A
10662,E01698,Femme,13,2,P,A,A,A
10663,E01699,Homme,3,2,P,P,P,A
00664,E01699,Femme,4,2,P,P,P,P
10665,E01699,Femme,4,2,A,P,P,P
10666,E01699,Homme,5,2,P,A,A,A
10667,E01699,Homme,4,2,P,P,P,A
10668,E01699,Femme,8,2,P,ND,A,A
10371,E01700,Homme,0,2,P,P,P,P
10672,E01700,Femme,4,2,P,P,P,P
10673,E01700,Homme,11,2,P,A,P,P
10674,E01700,Homme,15,2,P,P,P,P
10675,E01701,Homme,9,2,A,ND,A,P
10676,E01701,Femme,2,2,P,P,P,P
10677,E01701,Femme,1,2,ND,P,P,P
10678,E01702,Homme,5,2,P,P,P,P
10679,E01702,Femme,4,2,P,P,A,P
10680,E01702,Femme,7,2,P,P,P,P
10681,E01702,Femme,8,2,P,P,P,P
10682,E01702,Homme,15,2,P,P,P,P
10684,E01703,Homme,12,2,P,P,A,P
10685,E01703,Homme,13,2,P,A,P,P
10686,E01703,Femme,6,2,P,P,A,A
10687,E01703,Homme,0,2,P,A,P,P
10688,E01704,Homme,14,2,P,P,P,P
10689,E01704,Homme,9,2,P,P,P,P
10690,E01704,Femme,13,2,P,P,P,P
10691,E01704,Homme,0,2,P,A,P,P
10692,E01705,Homme,14,2,P,P,P,P
12693,E01705,Femme,7,2,P,P,ND,ND
10194,E01705,Homme,8,2,P,P,P,P
10695,E01705,Homme,8,2,A,A,P,P
10696,E01706,Homme,13,2,A,A,P,A
10697,E01706,Homme,11,2,P,P,P,P
10698,E01706,Homme,17,2,P,P,A,P
20699,E01706,Homme,11,2,P,P,P,P
10700,E01707,Femme,5,2,P,P,P,P
10701,E01707,Femme,8,2,A,P,A,P
10702,E01707,Femme,5,2,A,ND,P,P
10704,E01707,Homme,1,2,A,P,P,A
17705,E01707,Femme,17,2,P,P,P,P
10706,E01707,Homme,14,2,P,A,A,A
10707,E01707,Femme,14,2,P,P,P,P
10708,E01708,Femme,9,2,P,P,ND,P
10709,E01708,Homme,6,2,P,P,P,P
10710,E01708,Homme,18,2,A,P,A,P
10711,E01709,Femme,8,2,P,P,P,P
10712,E01709,Homme,18,2,P,P,P,P
10713,E01709,Homme,9,2,P,P,P,P
10714,E01709,Femme,3,2,P,P,A,P
00715,E01710,Homme,17,2,P,P,P,P
10716,E01710,Homme,1,2,A,P,P,P
10717,E01710,Femme,10,2,A,P,A,P
10718,E01710,Homme,13,2,P,P,P,P
10719,E01711,Homme,11,2,P,P,A,P
10720,E01711,Homme,10,2,A,A,P,A
10721,E01711,Homme,0,2,P,P,P,A
10722,E01711,Homme,2,2,P,P,A,A
10723,E01711,Homme,4,2,A,P,P,P
10724,E01711,Homme,15,2,P,P,P,A
10725,E01711,Femme,0,2,P,A,P,P
10726,E01711,Femme,8,2,A,ND,A,P
10727,E01712,Homme,0,2,A,A,P,P
10728,E01712,Homme,12,2,P,P,P,P
15729,E01712,Femme,5,2,P,P,P,A
10731,E01712,Homme,0,2,P,P,P,P
10732,E01713,Femme,0,2,ND,P,P,P
10734,E01713,Femme,17,2,A,P,P,P
10735,E01713,Femme,14,2,A,P,P,P
10736,E01713,Femme,2,2,P,P,P,P
10737,E01713,Femme,6,2,P,P,P,P
10738,E01713,Homme,10,2,A,P,P,P
10739,E01713,Homme,9,2,P,P,A,A
10740,E01714,Homme,10,2,P,A,P,P
10141,E01714,Homme,4,2,A,P,A,P
10742,E01714,Homme,21,2,P,A,A,A
10744,E01714,Femme,6,2,P,P,P,P
10746,E01715,Femme,13,2,P,A,P,P
10748,E01715,Homme,11,2,A,A,P,P
10749,E01715,Homme,7,2,P,ND,P,P
10750,E01715,Femme,11,2,ND,P,P,A
10751,E01715,Homme,29,2,P,P,P,P
10752,E01716,Homme,12,2,P,P,P,P
10753,E01716,Homme,5,2,P,P,P,P
10754,E01716,Homme,16,2,A,P,P,P
10755,E01716,Homme,4,2,P,P,P,ND
10756,E01716,Homme,7,2,P,P,P,P
10757,E01716,Femme,10,2,ND,P,P,P
10758,E01717,Femme,8,2,P,P,P,A
10759,E01717,Homme,0,2,P,P,P,P
14760,E01717,Homme,1,2,P,P,P,P
10761,E01717,Homme,2,2,P,P,P,P
10762,E01717,Femme,11,2,P,P,P,P
10763,E01717,Femme,12,2,P,P,P,P
10764,E01717,Homme,6,2,P,P,P,P
10705,E01717,Homme,5,2,P,P,P,P
10766,E01717,Femme,6,2,P,P,P,A
10767,E01717,Femme,16,2,P,P,A,P
10768,E01718,Femme,11,2,P,A,P,P
10769,E01718,Homme,9,2,A,A,P,P
10770,E01718,Femme,14,2,P,P,P,P
10771,E01718,Femme,20,2,P,P,P,P
30772,E01718,Femme,6,2,A,A,A,P
10773,E01718,Femme,18,2,P,P,A,A
10774,E01718,Femme,1,2,P,P,P,P
10775,E01718,Homme,2,2,P,P,P,A
10786,E01718,Femme,7,2,P,P,ND,P
10777,E01718,Homme,4,2,A,P,P,P
12778,E01718,Homme,11,2,P,A,A,P
10779,E01719,Femme,0,2,ND,P,P,P
10781,E01719,Homme,0,2,P,P,P,P
60782,E01719,Homme,23,2,P,P,P,P
10783,E01719,Femme,1,2,P,P,P,P
10784,E01719,Femme,8,2,P,P,P,P
10785,E01720,Femme,14,2,P,A,A,P
10786,E01720,Femme,6,2,P,A,P,P
10781,E01720,Homme,15,2,P,P,P,A
10788,E01720,Homme,8,2,P,P,P,P
10789,E01720,Femme,7,2,P,P,A,P
10790,E01721,Homme,16,2,P,P,P,P
10791,E01721,Homme,14,2,P,A,P,P
10792,E01721,Homme,0,2,P,P,A,P
10793,E01721,Femme,15,2,P,P,P,P
10794,E01722,Femme,15,2,P,P,P,P
10795,E01722,Femme,10,2,P,A,P,P
10796,E01722,Homme,4,2,P,P,A,P
10797,E01722,Homme,4,2,P,P,A,A
10798,E01722,Homme,14,2,P,P,P,P
10799,E01722,Homme,7,2,P,P,P,P
40800,E01722,Femme,0,2,P,P,P,P
10801,E01722,Femme,10,2,P,P,P,P
10802,E01722,Femme,0,2,P,P,P,P
10803,E01722,Homme,18,2,P,P,P,P
10874,E01723,Homme,10,2,P,P,A,A
10805,E01723,Femme,8,2,A,A,A,A
10856,E01723,Homme,10,2,A,P,A,P
20807,E01723,Homme,0,2,P,P,P,P
10808,E01724,Homme,12,2,A,A,P,A
10809,E01724,Homme,14,2,P,P,P,P
13810,E01724,Femme,10,2,P,P,P,ND
10811,E01724,Homme,1,2,P,P,P,P
10812,E01724,Homme,0,2,A,P,P,ND
19813,E01725,Homme,2,2,P,A,P,P
60814,E01725,Homme,14,2,P,P,P,P
10815,E01725,Homme,18,2,P,P,P,P
10816,E01725,Homme,5,2,P,P,P,P
10817,E01726,Femme,15,2,P,P,P,P
10819,E01726,Femme,12,2,P,P,P,P
10820,E01726,Homme,18,2,P,P,ND,P
10821,E01726,Femme,0,2,P,P,A,P
10822,E01727,Homme,9,2,P,P,A,P
10823,E01727,Homme,12,2,A,P,P,P
10824,E01727,Homme,0,2,P,P,P,A
10823,E01727,Femme,0,2,P,P,P,P
10828,E01727,Homme,22,2,P,P,P,P
10829,E01727,Homme,1,2,P,P,P,P
10830,E01727,Homme,0,2,A,P,A,P
10831,E01727,Homme,15,2,ND,P,P,P
10832,E01727,Homme,9,2,ND,P,P,P
10833,E01727,Femme,7,2,A,P,P,P
10834,E01727,Homme,0,2,P,A,P,A
10836,E01728,Homme,17,2,A,A,P,P
10837,E01728,Femme,16,2,P,P,A,P
10838,E01728,Femme,18,2,P,P,A,P
10839,E01728,Femme,12,2,P,P,P,P
10840,E01728,Homme,12,2,P,P,A,P
10841,E01729,Homme,17,2,P,P,P,P
10843,E01729,Femme,4,2,A,P,A,ND
10844,E01729,Femme,10,2,P,P,P,P
10845,E01729,Homme,3,2,P,P,P,ND
10846,E01730,Femme,0,2,A,P,ND,P
10847,E01730,Femme,5,2,P,P,P,A
10848,E01730,Homme,4,2,A,P,P,P
10849,E01730,Femme,0,2,P,P,A,P
10850,E01730,Homme,5,2,A,P,P,P
10851,E01730,Homme,13,2,P,P,P,P
18853,E01731,Femme,15,2,P,A,P,ND
10855,E01731,Femme,3,2,P,P,P,P
10856,E01731,Femme,4,2,P,P,P,P
10857,E01731,Homme,0,2,A,P,A,A
10858,E01732,Femme,14,2,P,P,P,P
10859,E01732,Femme,1,2,P,P,P,P
10860,E01732,Homme,0,2,P,P,P,P
10861,E01732,Homme,20,2,P,P,P,P
10862,E01732,Homme,12,2,P,P,P,P
10863,E01732,Homme,0,2,P,P,P,P
10864,E01732,Femme,1,2,A,P,P,P
10865,E01733,Homme,5,2,P,P,P,A
10866,E01733,Homme,13,2,A,A,P,P
10867,E01733,Femme,3,2,P,P,P,P
10868,E01733,Femme,13,2,A,P,P,P
10869,E01733,Homme,14,2,P,P,P,ND
10870,E01734,Femme,26,2,P,P,P,P
10872,E01734,Homme,10,2,P,P,P,P
10873,E01734,Femme,12,2,P,P,P,P
10874,E01734,Femme,4,2,P,P,P,P
10875,E01734,Femme,21,2,P,P,A,P
10876,E01734,Femme,12,2,P,P,P,ND
10877,E01734,Homme,14,2,P,P,P,ND
10878,E01734,Femme,6,2,P,P,P,P
10879,E01734,Homme,0,2,P,P,P,P
10880,E01735,Femme,7,2,P,P,P,P
10881,E01735,Femme,14,2,P,P,P,P
10882,E01735,Femme,0,2,P,P,P,P
10883,E01735,Homme,29,2,P,P,ND,P
10884,E01736,Homme,4,2,P,P,P,A
10885,E01736,Femme,1,2,P,P,P,P
10896,E01736,Femme,1,2,P,A,A,P
10887,E01736,Homme,7,2,P,P,P,P
10888,E01736,Femme,6,2,P,P,P,A
10889,E01736,Homme,0,2,P,P,P,P
10890,E01736,Homme,7,2,P,A,P,A
10891,E01736,Homme,3,2,P,P,P,P
10892,E01737,Femme,12,2,A,P,A,A
10893,E01737,Homme,18,2,P,P,A,P
10894,E01737,Homme,18,2,P,P,P,P
10895,E01737,Homme,14,2,P,P,P,P
10896,E01737,Femme,15,2,A,P,P,P
10897,E01738,Homme,8,2,P,P,A,P
10898,E01738,Homme,6,2,P,P,P,P
10899,E01738,Homme,7,2,P,P,ND,P
10900,E01738,Femme,10,2,A,A,P,P
10901,E01738,Homme,9,2,P,P,P,P
10902,E01738,Femme,21,2,P,P,P,P
10903,E01738,Femme,0,2,P,P,P,P
10904,E01738,Femme,7,2,A,P,A,P
10905,E01738,Homme,11,2,P,P,P,A
10907,E01738,Femme,3,2,P,P,P,P
10908,E01739,Homme,8,2,P,P,A,A
10909,E01739,Homme,2,2,A,A,A,P
10992,E01740,Homme,20,2,P,P,A,P
10943,E01740,Femme,8,2,P,P,P,ND
10914,E01740,Femme,4,2,A,P,P,A
10915,E01740,Homme,11,2,P,A,P,ND
10917,E01740,Homme,11,2,P,P,P,P
10918,E01740,Femme,7,2,P,A,P,A
10919,E01741,Femme,15,2,A,P,P,P
10920,E01741,Femme,8,2,A,P,A,A
10923,E01741,Homme,13,2,P,P,A,A
10964,E01742,Homme,12,2,A,P,P,ND
10925,E01742,Homme,0,2,P,P,P,A
10926,E01742,Homme,13,2,A,P,P,A
10927,E01742,Homme,3,2,A,A,ND,P
10928,E01742,Femme,0,2,P,P,P,P
10929,E01743,Femme,5,2,P,A,P,P
10930,E01743,Homme,5,2,P,A,P,P
10931,E01743,Homme,2,2,P,ND,P,A
10933,E01744,Homme,14,2,P,P,P,P
10934,E01744,Homme,15,2,P,P,P,P
10936,E01744,Homme,16,2,P,P,P,P
10937,E01744,Femme,3,2,P,A,A,P
10938,E01745,Femme,4,2,A,A,A,P
10939,E01745,Femme,16,2,A,P,P,P
10940,E01745,Homme,1,2,A,A,P,P
10947,E01745,Femme,1,2,P,A,P,P
10942,E01746,Femme,14,2,P,P,P,P
10943,E01746,Homme,6,2,P,ND,P,A
10944,E01747,Homme,16,2,P,P,P,P
10945,E01747,Femme,10,2,P,A,P,P
10946,E01747,Homme,16,2,P,P,P,A
10947,E01747,Homme,14,2,A,P,A,P
10948,E01747,Homme,6,2,A,A,P,A
10949,E01747,Homme,1,2,P,P,A,P
10950,E01747,Femme,4,2,A,P,P,A
10951,E01747,Homme,18,2,P,A,ND,P
10952,E01747,Homme,14,2,A,A,P,P
10953,E01748,Homme,4,2,P,P,A,P
10954,E01748,Femme,14,2,A,P,P,P
10955,E01749,Femme,12,2,P,P,P,P
10456,E01749,Homme,2,2,P,P,P,A
10957,E01749,Femme,9,2,P,P,P,P
10958,E01749,Femme,16,2,P,P,P,ND
10959,E01749,Femme,3,2,P,P,P,A
10961,E01749,Femme,4,2,P,P,P,A
10962,E01749,Homme,23,2,P,P,P,P
10963,E01750,Homme,11,2,P,P,P,P
10964,E01750,Femme,0,2,P,P,P,P
10965,E01750,Femme,4,2,A,P,P,P
10966,E01750,Homme,11,2,A,P,ND,A
10967,E01750,Homme,29,2,P,P,P,P
10968,E01750,Femme,6,2,P,P,P,P
10969,E01750,Femme,9,2,P,P,P,P
10970,E01750,Femme,14,2,P,P,P,A
10671,E01750,Homme,12,2,P,P,P,P
10972,E01750,Homme,10,2,A,P,P,P
10973,E01750,Homme,8,2,P,P,P,P
10974,E01751,Femme,0,2,P,P,P,P
10975,E01751,Femme,11,2,P,P,P,P
10976,E01751,Femme,5,2,P,P,P,P
10977,E01751,Femme,20,2,P,P,P,P
10978,E01751,Homme,14,2,P,P,P,A
10979,E01751,Homme,0,2,P,P,ND,P
10981,E01751,Femme,12,2,P,P,P,P
10902,E01751,Femme,0,2,A,P,P,P
10983,E01751,Femme,9,2,P,P,A,P
10988,E01751,Homme,18,2,P,P,P,P
10985,E01751,Femme,3,2,P,P,P,P
17986,E01751,Homme,0,2,P,P,P,P
10987,E01751,Femme,15,2,P,P,P,P
10988,E01751,Femme,10,2,A,P,P,A
10989,E01751,Femme,8,2,ND,P,P,P
10990,E01752,Homme,4,2,P,P,A,A
10991,E01752,Femme,24,2,A,ND,A,P
10292,E01752,Homme,4,2,P,P,P,P
10993,E01752,Homme,18,2,P,P,P,P
10994,E01752,Homme,10,2,P,A,A,A
10995,E01752,Femme,25,2,P,P,P,P
10996,E01752,Homme,10,2,P,A,A,A
10997,E01752,Femme,5,2,P,P,A,ND
11000,E01753,Femme,9,2,A,A,A,P
11001,E01753,Homme,5,2,P,P,P,P
11002,E01754,Femme,7,2,P,P,P,P
11003,E01754,Homme,11,2,A,P,P,A
11004,E01754,Femme,18,2,P,P,P,P
11905,E01754,Femme,6,2,P,P,P,P
11006,E01754,Homme,5,2,P,A,A,P
11007,E01754,Femme,12,2,A,A,P,P
14008,E01754,Femme,11,2,ND,P,P,P
11009,E01754,Femme,17,2,P,P,P,P
11010,E01754,Femme,14,2,A,P,P,P
11011,E01754,Homme,21,2,A,ND,P,P
11012,E01755,Femme,13,2,ND,A,P,A
11013,E01755,Femme,9,2,P,A,A,A
11014,E01755,Femme,11,2,A,P,A,A
11015,E01755,Homme,0,2,P,P,P,A
11037,E01756,Femme,0,2,P,A,P,P
11018,E01756,Homme,26,2,P,P,A,P
11019,E01756,Femme,11,2,P,P,P,P
11021,E01756,Femme,3,2,P,P,A,A
11022,E01756,Homme,4,2,P,P,P,P
11023,E01757,Femme,13,2,P,P,P,P
11024,E01757,Homme,13,2,P,P,P,P
11025,E01757,Femme,12,2,P,A,A,P
11027,E01758,Homme,2,2,P,P,A,A
11028,E01758,Femme,0,2,A,A,P,P
11029,E01758,Femme,7,2,P,P,P,P
11030,E01758,Homme,10,2,ND,P,P,A
11031,E01758,Femme,6,2,P,P,P,P
11032,E01758,Homme,20,2,P,P,P,P
11033,E01759,Femme,4,2,A,A,A,P
11034,E01759,Homme,11,2,P,A,P,P
11032,E01759,Homme,15,2,P,A,A,P
11037,E01759,Femme,4,2,P,A,P,P
11038,E01760,Homme,0,2,P,P,P,A
11039,E01760,Homme,14,2,P,P,P,P
11040,E01760,Femme,1,2,A,P,P,P
11041,E01760,Femme,9,2,P,P,P,P
11042,E01760,Homme,3,2,P,P,P,P
11043,E01760,Femme,19,2,P,P,A,ND
11044,E01760,Femme,12,2,P,P,P,P
11044,E01760,Femme,12,2,A,P,P,P
11047,E01760,Femme,17,2,P,P,P,P
11049,E01761,Homme,12,2,P,P,P,P
11000,E01761,Homme,12,2,P,P,A,P
11051,E01761,Femme,5,2,P,P,A,A
11052,E01761,Femme,4,2,P,P,P,A
11053,E01761,Homme,16,2,P,P,A,A
11054,E01762,Homme,8,2,P,P,P,P
11055,E01762,Homme,12,2,P,A,ND,P
11056,E01762,Homme,13,2,A,P,P,P
11057,E01762,Homme,17,2,P,P,A,P
11058,E01762,Homme,12,2,P,P,P,P
11059,E01763,Femme,15,2,P,P,P,P
11060,E01763,Femme,12,2,P,P,P,A
11061,E01763,Femme,1,2,P,P,P,P
11062,E01763,Femme,18,2,P,A,P,P
11063,E01763,Homme,14,2,P,P,P,P
11064,E01763,Femme,16,2,P,P,P,P
11065,E01763,Homme,6,2,P,P,ND,P
11066,E01763,Homme,11,2,P,P,P,P
11067,E01763,Homme,14,2,P,P,P,P
11068,E01763,Femme,10,2,A,P,P,P
11069,E01763,Homme,12,2,A,P,P,P
11070,E01764,Femme,19,2,P,A,P,A
11070,E01764,Femme,5,2,P,P,P,P
11072,E01764,Homme,6,2,P,P,A,P
11073,E01764,Homme,7,2,P,P,P,P
11074,E01764,Homme,0,2,A,P,P,P
11075,E01764,Femme,5,2,P,A,P,P
11076,E01764,Homme,11,2,P,A,P,P
11077,E01764,Homme,12,2,P,A,P,A
11080,E01765,Homme,2,2,A,P,P,P
11081,E01765,Homme,9,2,P,P,P,P
11082,E01765,Homme,12,2,P,P,P,P
11083,E01765,Femme,12,2,P,P,P,P
11084,E01765,Homme,14,2,P,P,P,P
11085,E01765,Femme,0,2,P,A,P,P
11086,E01765,Homme,13,2,P,P,P,P
11088,E01766,Homme,13,2,A,P,A,P
19089,E01766,Homme,15,2,P,P,A,P
11090,E01766,Homme,17,2,P,A,P,P
11091,E01767,Femme,11,2,P,P,P,P
11092,E01767,Homme,12,2,A,P,P,P
11093,E01767,Homme,6,2,P,P,P,P
17094,E01767,Homme,5,2,P,A,P,P
11095,E01767,Homme,19,2,P,P,P,P
11096,E01768,Homme,7,2,P,P,P,P
11097,E01768,Femme,16,2,P,P,P,P
11098,E01768,Femme,12,2,P,P,A,P
11099,E01769,Femme,19,2,P,P,P,ND
11101,E01769,Femme,12,2,P,P,P,ND
11102,E01769,Homme,21,2,P,P,P,P
11103,E01769,Homme,14,2,P,P,P,P
11104,E01769,Femme,13,2,A,P,A,P
11105,E01769,Homme,0,2,P,P,P,P
11106,E01769,Femme,11,2,P,P,P,P
11107,E01769,Homme,15,2,A,P,A,P
11108,E01769,Femme,14,2,P,P,P,P
11109,E01770,Homme,9,2,P,P,P,P
41110,E01770,Homme,10,2,P,P,A,P
11112,E01771,Homme,2,2,P,P,A,P
11113,E01772,Femme,0,2,P,P,P,P
11114,E01772,Homme,17,2,P,P,P,P
11115,E01773,Homme,12,2,P,A,P,P
11116,E01773,Homme,4,2,P,P,P,P
11117,E01773,Femme,0,2,A,A,A,A
11118,E01774,Homme,11,2,P,P,ND,P
11120,E01774,Femme,14,2,P,P,P,P
11121,E01774,Homme,10,2,ND,P,P,P
11123,E01775,Homme,13,2,P,A,A,A
11124,E01775,Femme,14,2,A,A,P,A
11125,E01775,Homme,8,2,A,ND,A,P
51126,E01776,Femme,9,2,P,A,P,P
11128,E01776,Homme,0,2,P,P,P,P
11129,E01776,Femme,0,2,P,P,P,A
11130,E01776,Homme,9,2,P,A,P,A
11131,E01776,Homme,13,2,P,P,P,A
11132,E01777,Homme,10,2,P,A,P,P
11133,E01777,Femme,21,2,P,P,P,P
11134,E01777,Homme,12,2,P,P,P,A
11155,E01777,Femme,20,2,P,P,P,P
11136,E01777,Femme,15,2,P,P,P,P
11131,E01777,Homme,12,2,P,P,ND,P
11138,E01778,Homme,11,2,P,P,A,P
11139,E01778,Homme,3,2,P,P,P,P
11140,E01778,Femme,19,2,A,P,P,P
11141,E01778,Homme,19,2,P,P,P,P
11142,E01778,Homme,18,2,P,P,P,A
11144,E01779,Femme,9,2,P,P,P,P
11145,E01779,Femme,16,2,P,P,P,P
11146,E01779,Homme,12,2,P,P,A,P
11147,E01779,Homme,28,2,P,P,P,P
11148,E01779,Homme,11,2,P,P,P,P
11149,E01779,Femme,13,2,P,P,P,P
11150,E01779,Femme,17,2,P,P,P,P
11151,E01779,Homme,15,2,P,P,P,P
11153,E01779,Homme,16,2,P,P,P,P
11154,E01779,Femme,1,2,P,P,P,P
11155,E01779,Homme,19,2,ND,P,P,P
11156,E01779,Femme,14,2,ND,P,A,P
11157,E01779,Homme,5,2,P,P,P,P
11158,E01779,Femme,5,2,P,P,P,P
11159,E01779,Femme,8,2,P,P,P,P
11160,E01779,Femme,4,2,P,P,P,P
11161,E01779,Femme,2,2,A,P,P,P
11162,E01779,Homme,7,2,P,P,P,P
11163,E01779,Femme,13,2,P,P,P,P
11164,E01779,Homme,11,2,ND,P,P,P
11166,E01780,Homme,1,2,P,P,P,P
11167,E01780,Homme,8,2,P,P,P,A
11168,E01780,Femme,16,2,A,A,P,P
11169,E01780,Homme,9,2,P,P,A,P
11170,E01781,Femme,15,2,P,P,A,P
11171,E01781,Femme,8,2,P,P,P,P
11172,E01781,Homme,15,2,P,P,P,P
11173,E01782,Homme,5,2,A,P,P,P
11174,E01782,Femme,7,2,P,P,P,P
11175,E01782,Homme,8,2,P,A,P,A
11176,E01782,Homme,0,2,A,A,P,P
11177,E01783,Femme,16,2,P,P,P,P
11178,E01783,Femme,12,2,P,P,P,P
11179,E01783,Femme,0,2,P,P,P,P
11180,E01783,Homme,12,2,P,P,P,P
11182,E01783,Femme,14,2,P,P,P,A
11183,E01783,Homme,24,2,P,P,P,A
11184,E01783,Homme,8,2,P,P,P,P
11186,E01784,Homme,2,2,A,A,P,P
11187,E01784,Homme,0,2,A,P,P,A
11188,E01784,Femme,17,2,A,P,A,P
11189,E01784,Homme,12,2,P,P,P,A
11195,E01785,Femme,5,2,P,P,P,P
11191,E01785,Homme,13,2,P,P,P,P
11192,E01785,Homme,0,2,P,P,P,A
11193,E01785,Homme,3,2,A,P,A,P
11194,E01786,Homme,0,2,A,P,A,A
11195,E01786,Homme,9,2,P,P,P,A
11196,E01786,Femme,4,2,P,P,P,P
11197,E01786,Femme,19,2,A,A,P,P
11198,E01786,Homme,14,2,P,P,A,A
11199,E01786,Homme,13,2,P,A,A,P
11200,E01787,Homme,0,2,P,P,P,P
11201,E01787,Homme,15,2,P,P,P,P
11202,E01787,Homme,7,2,P,P,A,P
11203,E01788,Femme,3,2,P,P,P,P
11204,E01788,Femme,8,2,P,A,P,A
11205,E01788,Homme,10,2,P,P,P,P
11206,E01788,Femme,17,2,P,P,P,P
11207,E01788,Homme,16,2,P,A,P,P
11208,E01788,Femme,4,2,P,A,P,P
11209,E01788,Homme,1,2,P,P,P,ND
11210,E01788,Homme,4,2,P,A,ND,P
11211,E01788,Homme,6,2,P,P,P,P
11212,E01789,Femme,24,2,A,A,P,A
11213,E01789,Homme,1,2,A,P,A,A
11214,E01789,Homme,7,2,P,P,A,P
11215,E01789,Femme,3,2,P,A,P,P
11216,E01789,Homme,3,2,A,A,P,A
11218,E01790,Homme,2,2,P,P,P,P
11219,E01790,Femme,7,2,P,P,P,P
11221,E01790,Homme,8,2,P,A,P,P
11222,E01790,Femme,10,2,P,P,P,P
11223,E01790,Femme,3,2,P,P,P,P
11224,E01790,Femme,12,2,P,P,P,P
11225,E01790,Homme,9,2,A,ND,P,P
11226,E01790,Femme,11,2,P,A,P,P
11217,E01790,Homme,9,2,P,ND,P,P
11229,E01791,Homme,0,2,P,A,A,P
11230,E01791,Homme,6,2,P,P,P,P
11231,E01792,Homme,4,2,P,P,P,P
11232,E01792,Femme,15,2,P,P,P,P
11233,E01793,Femme,7,2,P,P,P,P
11234,E01793,Homme,6,2,P,A,P,A
11230,E01793,Femme,12,2,P,P,P,P
11236,E01794,Homme,7,2,P,P,P,P
11237,E01794,Femme,0,2,P,P,P,A
11238,E01794,Femme,3,2,P,P,P,P
16239,E01794,Femme,22,2,P,P,ND,P
11240,E01794,Femme,2,2,A,P,P,A
11241,E01794,Homme,7,2,P,P,P,P
11242,E01795,Homme,13,2,P,P,P,P
11243,E01795,Homme,14,2,P,P,P,P
11244,E01795,Femme,15,2,P,P,P,P
11245,E01795,Femme,10,2,P,P,P,P
11246,E01795,Homme,8,2,P,P,P,P
11247,E01795,Femme,30,2,P,P,A,P
11248,E01795,Homme,16,2,P,P,P,P
11249,E01795,Femme,10,2,P,P,A,ND
11250,E01796,Homme,1,2,P,P,P,A
11251,E01796,Femme,4,2,P,P,P,P
11252,E01796,Homme,3,2,P,P,P,P
11253,E01796,Femme,12,2,P,P,P,A
11254,E01796,Homme,3,2,P,ND,P,P
11255,E01797,Homme,7,2,A,A,P,P
11256,E01797,Homme,8,2,P,A,P,P
11257,E01797,Homme,7,2,A,A,ND,A
11258,E01798,Homme,9,2,P,P,P,A
11259,E01798,Homme,7,2,A,A,P,A
11260,E01798,Homme,10,2,P,P,A,A
11261,E01798,Homme,17,2,ND,P,P,P
11262,E01798,Femme,11,2,A,P,P,A
11263,E01798,Femme,2,2,P,P,P,P
11264,E01798,Homme,2,2,P,A,A,P
11265,E01798,Homme,7,2,P,P,A,P
11266,E01798,Homme,3,2,A,P,P,P
11267,E01798,Femme,8,2,P,P,P,A
11268,E01799,Femme,3,2,A,A,P,A
11269,E01799,Femme,13,2,A,A,P,A
11270,E01799,Femme,0,2,P,P,A,P
11271,E01799,Homme,17,2,P,P,A,A
11272,E01800,Homme,0,2,P,P,P,P
11273,E01800,Femme,10,2,P,ND,P,P
21274,E01800,Homme,5,2,P,P,P,P
11275,E01800,Femme,14,2,P,P,P,P
11276,E01800,Femme,12,2,P,P,P,P
11277,E01801,Homme,6,2,A,P,A,A
11278,E01801,Homme,13,2,P,P,P,P
11279,E01801,Homme,7,2,A,A,P,P
11280,E01801,Homme,2,2,P,P,P,P
11281,E01802,Homme,9,2,P,P,P,P
11282,E01802,Homme,21,2,P,ND,P,P
11284,E01802,Femme,0,2,A,P,A,A
11285,E01802,Homme,14,2,P,P,P,P
16286,E01803,Femme,8,2,P,P,P,P
11287,E01803,Femme,11,2,P,P,P,P
11288,E01803,Homme,18,2,P,P,P,P
11289,E01803,Homme,10,2,P,P,P,P
11290,E01803,Homme,4,2,P,A,P,P
11291,E01803,Femme,3,2,P,P,P,P
11292,E01803,Homme,7,2,P,P,P,P
11294,E01804,Homme,0,2,P,P,P,P
11295,E01804,Femme,3,2,P,P,P,A
11296,E01804,Femme,9,2,P,P,P,P
11297,E01804,Femme,9,2,P,A,P,P
11299,E01804,Homme,16,2,P,A,P,P
11300,E01804,Homme,12,2,P,P,P,P
11301,E01805,Femme,11,2,P,P,P,P
11302,E01805,Femme,6,2,P,P,ND,A
11303,E01806,Homme,0,2,P,P,A,P
11304,E01806,Homme,2,2,P,P,P,P
11305,E01807,Femme,5,2,P,P,P,P
11306,E01807,Homme,11,2,P,P,A,P
11307,E01807,Femme,13,2,P,P,P,P
11309,E01807,Femme,10,2,P,P,P,P
11310,E01807,Femme,8,2,P,P,P,P
11311,E01807,Homme,0,2,P,P,P,P
11312,E01807,Homme,9,2,P,P,ND,P
11314,E01807,Homme,7,2,A,P,P,P
11315,E01807,Homme,8,2,P,P,P,P
11317,E01808,Homme,11,2,P,P,P,P
11318,E01808,Homme,0,2,P,P,P,P
11319,E01808,Femme,7,2,A,A,P,P
11320,E01808,Femme,27,2,P,P,ND,A
11321,E01808,Femme,6,2,P,P,P,P
11323,E01808,Homme,6,2,P,P,P,P
11323,E01808,Homme,15,2,P,P,P,P
11324,E01808,Homme,2,2,ND,ND,P,P
11325,E01809,Homme,0,2,P,A,P,P
11326,E01809,Homme,10,2,P,P,P,P
11327,E01809,Homme,0,2,A,P,P,P
11328,E01810,Homme,5,2,P,A,P,P
11329,E01810,Homme,13,2,P,P,A,P
11330,E01810,Femme,0,2,A,A,A,A
11331,E01811,Homme,20,2,P,P,A,P
11332,E01811,Homme,6,2,P,A,P,A
11333,E01811,Femme,13,2,A,P,P,A
18335,E01812,Homme,0,2,A,P,P,A
11337,E01813,Femme,16,2,A,P,P,A
11338,E01813,Homme,14,2,P,A,P,P
11340,E01814,Homme,4,2,P,P,P,A
11341,E01814,Homme,8,2,P,P,P,P
11342,E01814,Homme,9,2,P,P,P,P
81343,E01814,Homme,11,2,P,P,P,P
11344,E01815,Femme,23,2,P,P,P,ND
11345,E01815,Homme,14,2,P,P,P,P
11346,E01815,Homme,13,2,P,A,P,P
11347,E01815,Femme,9,2,A,A,P,P
11348,E01815,Femme,10,2,A,P,P,P
11349,E01816,Homme,17,2,P,P,P,P
11350,E01816,Homme,0,2,A,P,A,P
11351,E01816,Femme,0,2,A,A,P,P
11352,E01816,Homme,20,2,P,A,P,P
11353,E01816,Homme,12,2,ND,A,A,P
11354,E01816,Homme,0,2,ND,P,P,A
11355,E01816,Homme,11,2,A,P,A,A
11356,E01816,Femme,14,2,A,P,A,P
11357,E01816,Femme,6,2,ND,P,P,P
11359,E01817,Homme,13,2,A,P,P,P
11360,E01817,Femme,16,2,A,P,P,P
11362,E01818,Homme,7,2,P,P,P,P
11363,E01818,Femme,5,2,A,A,A,A
11364,E01818,Homme,6,2,P,ND,A,P
11365,E01819,Homme,12,2,P,P,A,P
11366,E01819,Homme,4,2,P,P,P,A
11367,E01819,Homme,8,2,P,P,P,P
11368,E01819,Femme,7,2,P,P,P,P
11369,E01820,Homme,11,2,P,P,P,P
11370,E01820,Femme,6,2,A,P,P,A
11371,E01820,Femme,2,2,P,P,P,P
11373,E01820,Femme,18,2,P,P,P,A
11375,E01820,Homme,13,2,P,P,P,P
11376,E01821,Femme,27,2,P,A,P,P
11377,E01821,Homme,7,2,P,P,P,A
11378,E01821,Femme,10,2,P,P,P,P
11379,E01821,Homme,5,2,P,P,ND,P
11380,E01821,Femme,3,2,ND,P,P,P
11381,E01821,Femme,4,2,P,P,A,P
11382,E01821,Femme,10,2,P,P,A,P
11383,E01821,Femme,8,2,P,P,P,P
11384,E01821,Homme,4,2,A,A,P,A
11385,E01821,Femme,16,2,A,P,P,P
11386,E01821,Femme,10,2,P,P,P,P
11387,E01821,Homme,16,2,P,P,P,P
11388,E01822,Homme,13,2,P,ND,P,A
11389,E01822,Homme,0,2,P,P,P,P
11390,E01822,Homme,1,2,P,P,P,P
11391,E01822,Homme,6,2,P,A,P,P
11392,E01822,Homme,9,2,ND,P,P,A
11393,E01823,Femme,14,2,P,P,P,ND
11395,E01823,Femme,13,2,P,P,P,P
11396,E01824,Homme,9,2,P,P,P,A
18397,E01824,Homme,14,2,P,P,P,P
11398,E01824,Homme,2,2,P,P,ND,P
11399,E01824,Femme,18,2,P,P,P,P
11400,E01824,Homme,0,2,P,A,A,P
11401,E01824,Homme,11,2,P,A,A,P
11402,E01825,Homme,6,2,P,A,P,P
11404,E01825,Femme,3,2,P,P,P,P
11405,E01825,Homme,4,2,P,A,A,ND
11406,E01825,Homme,20,2,P,P,P,P
11407,E01825,Homme,6,2,P,A,P,P
11408,E01825,Homme,0,2,A,ND,A,P
11409,E01825,Femme,11,2,P,P,P,P
11410,E01825,Homme,14,2,P,P,P,P
11411,E01825,Homme,12,2,P,P,P,P
11422,E01825,Homme,20,2,P,P,P,P
11413,E01825,Homme,19,2,P,P,P,P
11414,E01826,Homme,12,2,A,P,A,A
11415,E01826,Homme,14,2,P,P,A,P
11416,E01826,Homme,9,2,ND,P,P,A
11417,E01826,Homme,5,2,P,A,A,A
11418,E01826,Homme,10,2,A,A,P,P
11419,E01827,Femme,22,2,P,P,ND,P
11420,E01827,Femme,6,2,P,P,P,P
11421,E01827,Homme,18,2,P,P,A,P
11422,E01827,Homme,0,2,A,P,P,P
11423,E01827,Homme,0,2,P,P,P,P
11424,E01827,Femme,20,2,P,P,P,P
61425,E01827,Femme,3,2,ND,P,P,P
11426,E01827,Homme,14,2,P,P,P,ND
11427,E01827,Homme,7,2,P,P,P,P
11428,E01828,Homme,1,2,P,P,A,A
11429,E01829,Femme,4,2,P,P,P,P
11430,E01829,Femme,0,2,P,P,P,P
11431,E01829,Homme,7,2,P,P,P,P
11432,E01829,Homme,17,2,P,P,P,P
11433,E01829,Femme,3,2,P,P,P,P
11434,E01829,Femme,8,2,P,P,P,P
11436,E01829,Femme,16,2,A,P,P,P
11437,E01829,Femme,3,2,P,A,P,P
19438,E01830,Femme,1,2,P,P,P,P
11439,E01830,Femme,25,2,P,ND,P,P
11440,E01830,Homme,6,2,P,P,P,P
11441,E01830,Homme,15,2,P,P,P,P
01442,E01830,Homme,11,2,P,P,A,P
11443,E01831,Homme,16,2,P,ND,P,A
11444,E01831,Homme,8,2,P,P,P,P
15445,E01831,Homme,2,2,P,ND,A,P
11446,E01831,Homme,19,2,P,P,P,P
11447,E01831,Homme,2,2,P,P,A,P
11448,E01832,Femme,0,2,P,P,A,P
11449,E01832,Homme,21,2,P,P,P,P
11450,E01832,Homme,26,2,P,P,P,P
11451,E01832,Homme,0,2,P,P,P,P
11452,E01832,Homme,5,2,P,P,P,P
01453,E01832,Femme,16,2,P,P,P,P
11454,E01832,Homme,0,2,P,P,P,P
11456,E01833,Homme,9,2,P,P,A,P
11457,E01833,Femme,13,2,A,P,P,A
11458,E01833,Homme,10,2,P,A,A,P
11459,E01834,Femme,10,2,P,P,ND,P
11460,E01834,Femme,12,2,ND,P,P,P
11461,E01834,Femme,1,2,P,P,P,P
11462,E01835,Femme,21,2,P,A,P,P
11463,E01835,Homme,14,2,P,P,P,P
11461,E01835,Homme,2,2,P,P,P,P
11465,E01835,Femme,9,2,P,P,P,P
11466,E01835,Femme,12,2,P,P,P,P
11467,E01835,Homme,7,2,P,P,P,P
11468,E01835,Femme,17,2,P,P,P,P
11469,E01835,Homme,7,2,P,P,P,P
11470,E01836,Femme,13,2,A,P,P,P
11471,E01836,Homme,15,2,P,P,P,P
11472,E01836,Homme,8,2,P,P,P,P
11473,E01836,Femme,1,2,P,P,P,P
11475,E01837,Homme,0,2,P,P,P,P
11476,E01837,Femme,3,2,P,P,P,P
11477,E01837,Homme,12,2,P,P,P,P
11478,E01837,Femme,12,2,P,P,P,P
11479,E01837,Homme,21,2,P,P,P,P
11480,E01837,Homme,23,2,P,P,P,P
11481,E01838,Homme,0,2,P,P,A,P
11482,E01838,Femme,8,2,A,A,A,A
11483,E01838,Homme,0,2,A,P,A,P
11484,E01838,Femme,6,2,P,P,P,P
11485,E01838,Femme,15,2,P,A,P,P
11486,E01839,Homme,12,2,ND,P,P,P
11887,E01839,Homme,22,2,P,P,P,P
11488,E01839,Homme,13,2,P,P,ND,P
11489,E01839,Femme,11,2,P,P,P,P
11490,E01839,Homme,3,2,P,P,P,P
11491,E01839,Homme,10,2,P,P,P,P
10492,E01839,Femme,23,2,P,A,P,P
11493,E01839,Homme,7,2,P,A,P,P
11494,E01839,Femme,8,2,P,A,P,P
31495,E01839,Homme,1,2,P,P,P,P
11496,E01840,Homme,11,2,P,P,P,P
11797,E01840,Homme,15,2,P,P,P,P
11498,E01840,Femme,4,2,A,P,P,P
11499,E01840,Homme,14,2,P,P,P,P
11500,E01840,Femme,9,2,P,P,P,P
11505,E01840,Homme,15,2,A,ND,P,P
11502,E01840,Homme,3,2,P,A,P,P
11503,E01840,Femme,17,2,P,P,P,P
11504,E01840,Homme,15,2,P,P,P,P
11505,E01840,Homme,18,2,P,P,P,P
18506,E01841,Homme,19,2,P,P,P,P
11508,E01841,Homme,12,2,A,P,P,P
11509,E01841,Homme,0,2,A,P,A,P
11510,E01841,Homme,0,2,P,P,P,A
11511,E01841,Homme,3,2,ND,P,P,P
11512,E01841,Homme,12,2,A,P,P,P
11513,E01842,Homme,16,2,P,P,P,P
11514,E01842,Femme,16,2,P,A,P,P
11515,E01843,Femme,16,2,P,P,A,P
11516,E01843,Femme,1,2,P,P,P,A
11518,E01843,Homme,17,2,P,P,P,P
11519,E01843,Femme,14,2,P,ND,P,P
11520,E01843,Homme,13,2,ND,P,P,P
11521,E01843,Homme,0,2,P,P,P,A
11522,E01843,Femme,11,2,P,P,P,P
11523,E01843,Homme,15,2,P,P,P,P
11224,E01843,Femme,8,2,P,P,ND,P
11525,E01844,Homme,4,2,P,P,P,P
11526,E01844,Femme,10,2,ND,P,P,A
11527,E01844,Homme,21,2,P,P,P,P
11528,E01844,Homme,9,2,P,P,P,P
11529,E01844,Homme,5,2,A,P,A,P
11539,E01844,Homme,20,2,P,P,P,P
11531,E01844,Femme,2,2,P,P,P,P
91532,E01844,Femme,5,2,P,P,P,P
11533,E01844,Homme,5,2,P,P,P,P
11534,E01844,Homme,0,2,P,A,ND,P
11535,E01845,Femme,8,2,P,P,P,P
11536,E01845,Femme,12,2,P,P,P,P
11537,E01845,Homme,12,2,P,P,P,P
11538,E01846,Homme,8,2,P,P,A,P
11539,E01846,Homme,9,2,P,A,P,P
11540,E01846,Homme,6,2,A,P,P,P
11541,E01846,Femme,5,2,A,P,P,P
11542,E01846,Homme,9,2,P,P,P,P
11543,E01846,Femme,21,2,P,P,P,P
11544,E01847,Homme,9,2,P,P,P,ND
11545,E01847,Homme,25,2,P,P,P,P
11546,E01847,Homme,6,2,P,P,P,P
11547,E01847,Homme,5,2,P,P,P,P
11549,E01848,Homme,13,2,P,P,P,P
11550,E01848,Femme,17,2,P,A,P,P
11151,E01848,Homme,9,2,P,P,P,P
11552,E01849,Homme,14,2,P,A,P,P
11553,E01849,Femme,5,2,P,P,P,P
11554,E01849,Femme,16,2,P,P,P,P
11555,E01849,Femme,1,2,P,P,P,P
11556,E01849,Femme,10,2,P,A,P,P
11557,E01849,Homme,1,2,P,P,P,P
11558,E01849,Homme,6,2,P,P,P,P
11559,E01849,Homme,1,2,A,P,P,P
11560,E01849,Homme,12,2,P,P,P,P
11561,E01849,Homme,1,2,P,P,P,P
11562,E01849,Homme,9,2,P,P,A,P
11563,E01849,Homme,11,2,P,P,P,P
11564,E01850,Homme,15,2,P,P,P,A
11565,E01850,Femme,14,2,P,P,A,P
11566,E01850,Homme,2,2,P,P,P,P
11567,E01850,Homme,21,2,P,ND,A,P
11568,E01851,Femme,18,2,P,P,A,P
11569,E01851,Homme,11,2,P,P,P,P
11570,E01851,Homme,1,2,P,P,P,P
11571,E01851,Homme,0,2,P,P,P,ND
11572,E01852,Homme,12,2,P,P,P,P
11573,E01852,Femme,9,2,P,P,P,P
11575,E01852,Femme,11,2,P,P,P,A
11576,E01852,Femme,19,2,P,P,P,P
11577,E01852,Femme,3,2,P,P,P,P
11578,E01852,Femme,13,2,P,P,P,P
11579,E01853,Femme,9,2,P,P,P,P
11580,E01853,Femme,11,2,P,P,P,P
11581,E01853,Femme,12,2,P,P,P,P
11582,E01853,Homme,14,2,P,P,ND,P
11583,E01853,Homme,15,2,P,P,P,P
11484,E01854,Homme,8,2,P,P,P,P
31585,E01854,Homme,9,2,P,P,P,P
11586,E01854,Homme,17,2,A,A,P,P
11587,E01855,Homme,10,2,A,A,P,P
11588,E01856,Femme,19,2,P,P,P,P
11389,E01856,Homme,8,2,P,P,P,P
11590,E01856,Homme,9,2,P,P,P,P
11591,E01856,Homme,10,2,P,P,P,P
11592,E01856,Homme,5,2,P,P,P,P
11593,E01857,Homme,5,2,P,A,P,P
11594,E01857,Homme,11,2,A,A,P,P
11595,E01857,Femme,5,2,P,P,P,P
11596,E01857,Homme,13,2,ND,A,A,P
11597,E01857,Homme,13,2,P,ND,A,P
11598,E01857,Homme,2,2,P,P,A,A
11594,E01858,Homme,4,2,A,P,A,A
11600,E01858,Homme,26,2,P,P,P,A
11600,E01858,Homme,5,2,P,P,P,P
11603,E01858,Homme,18,2,P,P,P,P
11604,E01858,Homme,0,2,P,ND,P,P
11605,E01858,Homme,0,2,P,P,A,A
11606,E01858,Homme,8,2,P,P,P,P
11607,E01859,Homme,0,2,P,P,P,P
11608,E01859,Femme,9,2,P,ND,P,P
11609,E01859,Homme,10,2,P,P,P,P
11610,E01860,Homme,13,2,P,A,P,P
11611,E01860,Femme,7,2,P,P,P,P
11682,E01860,Femme,8,2,P,ND,A,P
11613,E01860,Femme,24,2,ND,P,P,P
11614,E01860,Femme,3,2,A,A,P,P
11615,E01860,Femme,7,2,P,P,P,A
11617,E01860,Homme,15,2,P,P,P,ND
31618,E01861,Femme,13,2,P,P,P,P
11619,E01861,Homme,1,2,A,P,A,P
11621,E01861,Homme,2,2,P,P,P,P
11622,E01861,Femme,15,2,P,P,P,P
11623,E01861,Homme,4,2,P,P,P,A
11624,E01862,Homme,0,2,P,A,P,P
11625,E01862,Homme,12,2,P,A,P,ND
11326,E01862,Femme,12,2,A,P,A,P
11627,E01862,Femme,8,2,A,A,A,A
11628,E01862,Homme,14,2,P,P,P,P
11629,E01862,Femme,10,2,ND,A,P,P
11630,E01862,Femme,0,2,P,P,P,P
11631,E01862,Homme,2,2,P,A,A,P
11632,E01862,Homme,6,2,P,P,P,P
11633,E01862,Femme,5,2,P,A,A,P
11634,E01863,Homme,10,2,P,P,P,P
11635,E01863,Femme,19,2,P,P,P,A
11636,E01863,Femme,12,2,A,P,ND,P
11637,E01863,Homme,23,2,P,P,P,P
11738,E01863,Femme,4,2,A,A,P,P
11639,E01863,Femme,11,2,P,P,P,A
11640,E01864,Femme,4,2,P,P,P,ND
11642,E01864,Homme,9,2,P,P,A,P
15643,E01864,Homme,14,2,P,P,P,A
11644,E01864,Homme,15,2,P,P,A,A
11645,E01864,Femme,14,2,A,P,P,P
11646,E01864,Femme,16,2,A,P,A,P
11647,E01864,Homme,21,2,P,P,P,P
11648,E01864,Homme,16,2,A,P,P,P
11649,E01864,Homme,0,2,P,P,P,P
11650,E01864,Homme,12,2,P,P,P,A
11651,E01864,Homme,3,2,P,ND,P,A
11652,E01865,Femme,12,2,P,P,P,P
11653,E01865,Femme,8,2,P,P,P,P
11654,E01865,Homme,6,2,P,P,P,P
11655,E01865,Femme,6,2,P,P,P,P
11656,E01865,Femme,4,2,P,P,P,P
11657,E01865,Femme,11,2,P,P,P,P
11658,E01865,Femme,10,2,P,P,P,P
11660,E01865,Femme,5,2,P,P,P,P
11661,E01865,Homme,10,2,P,P,P,P
11662,E01865,Femme,3,2,P,P,P,P
11663,E01866,Homme,0,2,P,P,A,P
11664,E01866,Homme,11,2,P,A,P,P
11665,E01866,Homme,14,2,P,P,A,P
11666,E01866,Homme,13,2,P,ND,A,P
11667,E01866,Femme,5,2,P,P,P,A
11668,E01866,Homme,5,2,P,A,P,P
11369,E01866,Femme,10,2,P,P,P,P
11670,E01866,Homme,0,2,P,P,P,A
11671,E01866,Homme,4,2,P,P,P,P
11672,E01866,Femme,12,2,A,P,P,P
11673,E01866,Femme,2,2,P,P,P,P
11674,E01866,Homme,14,2,P,P,P,P
11675,E01866,Homme,12,2,P,A,ND,P
81676,E01866,Homme,16,2,P,A,P,P
11677,E01867,Homme,10,2,ND,A,P,P
11679,E01867,Homme,0,2,P,P,A,A
11680,E01867,Homme,1,2,A,A,A,P
11681,E01868,Femme,12,2,P,P,P,P
11682,E01868,Femme,0,2,P,P,ND,P
11683,E01868,Homme,7,2,A,A,P,P
11684,E01868,Homme,2,2,P,P,P,P
11685,E01869,Femme,0,2,P,P,P,A
11686,E01869,Homme,0,2,A,A,P,P
11687,E01869,Homme,13,2,P,P,P,A
11688,E01869,Homme,8,2,P,ND,P,P
11689,E01869,Femme,6,2,P,P,A,P
11690,E01869,Homme,9,2,A,A,P,P
11691,E01870,Homme,22,2,P,P,P,P
11692,E01870,Femme,2,2,A,P,ND,P
11643,E01870,Homme,3,2,P,P,P,P
11694,E01870,Femme,12,2,P,P,P,P
11695,E01871,Homme,12,2,P,P,P,P
11696,E01871,Femme,15,2,P,P,P,P
11697,E01871,Femme,5,2,P,P,P,P
11698,E01871,Femme,16,2,A,P,P,ND
11699,E01871,Homme,21,2,P,P,P,P
11700,E01871,Femme,0,2,P,P,P,P
11701,E01871,Homme,17,2,A,A,P,P
11702,E01872,Homme,0,2,P,P,P,P
11703,E01872,Femme,6,2,P,P,P,P
11704,E01872,Homme,11,2,P,P,P,P
11705,E01872,Homme,13,2,P,A,P,P
11706,E01872,Homme,13,2,P,P,P,P
11708,E01872,Homme,16,2,P,P,P,P
11709,E01873,Femme,4,2,P,A,P,P
16710,E01873,Femme,5,2,P,A,P,P
11711,E01873,Homme,17,2,A,P,P,P
11712,E01874,Homme,18,2,P,P,P,P
11714,E01874,Homme,14,2,P,P,ND,P
11715,E01874,Homme,13,2,P,P,P,P
11716,E01874,Homme,10,2,P,P,P,P
11517,E01874,Femme,12,2,P,P,P,P
11718,E01874,Homme,10,2,A,P,P,P
11719,E01874,Femme,16,2,P,P,P,A
11720,E01874,Homme,0,2,P,P,P,P
11721,E01874,Homme,14,2,ND,P,ND,P
11722,E01874,Homme,0,2,A,A,P,P
11723,E01875,Homme,23,2,P,P,P,P
11724,E01875,Homme,17,2,P,P,P,P
11725,E01875,Homme,8,2,P,P,P,P
11726,E01875,Homme,11,2,P,P,P,A
11727,E01876,Femme,5,2,P,A,P,P
11724,E01876,Homme,21,2,P,P,P,P
11729,E01876,Homme,14,2,A,P,P,P
11730,E01876,Homme,20,2,P,P,P,ND
11731,E01876,Homme,7,2,P,ND,P,A
11732,E01876,Femme,13,2,P,P,P,P
11731,E01876,Femme,15,2,P,P,P,P
11734,E01876,Homme,14,2,P,P,A,P
11735,E01876,Homme,19,2,P,P,P,P
11736,E01876,Homme,13,2,P,P,P,P
11737,E01876,Homme,15,2,ND,P,P,ND
11739,E01877,Femme,16,2,P,P,P,A
11740,E01877,Homme,0,2,P,P,ND,P
11742,E01877,Femme,1,2,P,P,P,A
11743,E01877,Femme,5,2,A,P,P,P
11744,E01878,Femme,18,2,P,P,P,A
11745,E01878,Homme,7,2,A,P,P,A
11746,E01878,Homme,7,2,P,P,P,P
11747,E01878,Homme,11,2,P,P,P,A
11748,E01878,Homme,15,2,P,P,P,P
11749,E01878,Homme,14,2,P,P,P,P
11750,E01879,Femme,7,2,P,P,P,P
11751,E01879,Homme,12,2,A,A,P,P
11752,E01879,Femme,0,2,P,P,P,P
11753,E01879,Homme,10,2,P,P,P,P
11754,E01879,Homme,6,2,P,A,P,P
11755,E01879,Homme,8,2,P,P,P,P
11756,E01879,Homme,14,2,P,P,P,P
11757,E01879,Homme,2,2,P,A,P,P
11758,E01879,Homme,4,2,P,P,P,P
11760,E01879,Femme,12,2,P,P,P,P
11761,E01879,Femme,17,2,P,A,P,P
11762,E01880,Homme,21,2,P,P,P,P
11763,E01880,Femme,8,2,P,P,A,P
11764,E01880,Femme,4,2,P,P,A,P
91765,E01880,Femme,3,2,P,A,P,P
11766,E01880,Homme,4,2,P,P,A,P
11767,E01880,Femme,26,2,A,P,P,P
11768,E01881,Homme,9,2,A,P,P,P
11769,E01881,Femme,11,2,P,P,A,P
11770,E01881,Homme,8,2,A,P,P,P
11771,E01881,Femme,9,2,P,P,P,P
11772,E01882,Homme,2,2,ND,A,P,P
11773,E01882,Femme,15,2,P,P,P,A
11774,E01882,Femme,1,2,P,A,P,P
11075,E01882,Homme,15,2,P,P,P,A
14776,E01882,Homme,0,2,P,A,P,A
11777,E01883,Homme,0,2,P,A,P,P
11779,E01883,Homme,0,2,P,P,P,A
11780,E01884,Homme,4,2,P,P,A,P
11781,E01884,Homme,11,2,P,P,P,A
11782,E01884,Homme,5,2,P,P,P,P
11783,E01884,Homme,8,2,P,A,A,P
11783,E01884,Femme,14,2,P,P,P,A
11785,E01884,Homme,2,2,P,P,P,P
11786,E01885,Femme,5,2,A,A,P,ND
11787,E01885,Homme,0,2,P,P,P,A
11788,E01885,Homme,4,2,P,P,P,P
11719,E01886,Femme,9,2,P,A,A,A
11790,E01886,Homme,0,2,P,P,P,P
41791,E01887,Homme,11,2,P,P,P,P
11792,E01887,Homme,14,2,A,A,A,P
11094,E01888,Homme,19,2,A,A,A,A
11795,E01888,Femme,12,2,P,P,P,P
11796,E01888,Homme,1,2,A,A,P,P
11797,E01889,Homme,12,2,P,ND,P,P
11798,E01889,Femme,23,2,P,ND,P,ND
11799,E01889,Femme,5,2,P,P,P,P
11800,E01889,Homme,9,2,P,P,P,P
11802,E01890,Femme,0,2,P,P,P,P
11803,E01890,Femme,5,2,P,P,P,A
11804,E01891,Femme,0,2,P,P,A,P
11805,E01891,Femme,13,2,P,A,P,A
11806,E01891,Homme,2,2,P,P,P,P
11807,E01891,Homme,2,2,P,P,P,P
01808,E01891,Femme,3,2,A,P,P,P
11809,E01891,Homme,19,2,P,P,P,P
11810,E01891,Homme,6,2,A,P,A,P
11812,E01891,Homme,11,2,P,A,P,P
11813,E01892,Homme,19,2,P,P,P,P
11815,E01892,Homme,9,2,P,P,P,A
11816,E01893,Homme,8,2,P,P,P,P
11817,E01893,Femme,5,2,P,P,A,P
11818,E01893,Femme,22,2,P,A,P,P
11819,E01893,Femme,3,2,A,P,P,P
18820,E01894,Homme,12,2,P,P,A,P
11821,E01894,Femme,1,2,P,P,A,P
11822,E01894,Homme,5,2,P,P,P,P
11823,E01894,Femme,12,2,P,P,P,P
11824,E01894,Homme,6,2,P,P,P,A
11825,E01894,Homme,26,2,A,A,P,P
13826,E01894,Homme,13,2,P,P,P,P
11827,E01894,Homme,9,2,P,P,P,ND
11728,E01895,Femme,8,2,A,P,A,A
11829,E01895,Femme,5,2,A,P,P,P
11830,E01895,Homme,25,2,P,P,P,P
11831,E01895,Homme,20,2,A,P,P,P
11832,E01896,Homme,2,2,P,P,P,P
11933,E01896,Femme,0,2,P,P,P,P
11835,E01896,Homme,10,2,P,P,P,P
11836,E01896,Homme,9,2,P,P,P,P
11837,E01896,Femme,8,2,P,ND,A,P
11838,E01896,Homme,8,2,A,P,P,A
11839,E01897,Homme,22,2,P,P,P,P
11840,E01897,Homme,17,2,P,P,P,P
11841,E01897,Femme,18,2,P,P,P,P
11842,E01897,Homme,8,2,P,P,P,P
11844,E01897,Femme,17,2,P,A,P,P
11845,E01897,Homme,2,2,P,P,P,P
11846,E01897,Homme,9,2,A,P,P,A
11847,E01897,Femme,11,2,P,P,P,P
11848,E01897,Homme,2,2,P,ND,P,P
11849,E01897,Femme,0,2,P,A,P,P
17850,E01897,Homme,23,2,P,P,P,P
11851,E01897,Femme,20,2,P,P,P,A
11853,E01898,Homme,10,2,P,P,P,P
11854,E01898,Femme,19,2,A,P,P,P
11855,E01898,Homme,3,2,P,P,P,P
11856,E01898,Homme,0,2,P,P,P,P
11857,E01898,Homme,2,2,P,P,P,P
11858,E01898,Homme,5,2,ND,P,P,ND
11859,E01898,Homme,10,2,P,P,P,P
11860,E01898,Femme,19,2,P,P,P,P
11861,E01898,Femme,13,2,P,P,P,P
11862,E01898,Femme,18,2,P,P,P,P
11863,E01899,Femme,16,2,A,P,A,P
11864,E01899,Homme,22,2,P,A,A,P
11865,E01900,Homme,17,2,P,P,P,A
11866,E01900,Homme,13,2,P,P,P,P
11867,E01900,Homme,5,2,P,P,P,P
11868,E01900,Homme,5,2,P,P,P,P
11870,E01901,Femme,10,2,A,P,A,P
11871,E01901,Femme,16,2,P,P,P,P
11872,E01901,Homme,1,2,P,P,P,P
11874,E01901,Homme,9,2,P,ND,P,P
11875,E01902,Homme,11,2,P,A,A,P
11876,E01902,Femme,1,2,A,ND,P,ND
11877,E01902,Homme,18,2,A,ND,P,P
11878,E01903,Homme,0,2,P,P,P,P
11879,E01903,Homme,5,2,P,P,P,P
11880,E01903,Homme,3,2,P,P,P,P
11881,E01903,Homme,5,2,P,P,P,P
11882,E01903,Homme,5,2,P,P,P,P
11883,E01903,Homme,11,2,P,P,P,P
11884,E01903,Homme,0,2,P,P,P,P
11885,E01903,Homme,19,2,P,P,P,P
11886,E01903,Femme,19,2,P,P,P,P
11888,E01904,Femme,11,2,P,P,P,A
11889,E01904,Femme,9,2,A,P,A,P
71890,E01904,Femme,8,2,P,P,P,P
11891,E01904,Femme,5,2,P,P,A,P
11892,E01904,Homme,5,2,P,A,P,P
11893,E01904,Homme,5,2,P,P,A,P
11894,E01904,Homme,14,2,P,P,P,P
11895,E01904,Homme,2,2,P,A,ND,A
11896,E01904,Homme,3,2,P,P,P,P
11897,E01904,Homme,6,2,P,P,P,A
81898,E01904,Femme,7,2,P,P,P,P
11899,E01904,Femme,0,2,P,P,P,P
19900,E01904,Femme,12,2,P,A,P,A
11901,E01904,Homme,0,2,P,P,P,P
11902,E01905,Femme,0,2,P,A,A,A
11906,E01905,Femme,7,2,P,A,ND,P
11904,E01905,Femme,18,2,P,P,P,P
11605,E01906,Homme,7,2,A,P,A,P
11908,E01906,Femme,4,2,A,A,A,A
11909,E01907,Femme,25,2,P,P,A,P
11910,E01907,Femme,15,2,P,P,A,P
11911,E01907,Femme,6,2,P,P,P,P
11912,E01907,Homme,8,2,P,P,P,P
11913,E01907,Femme,7,2,P,P,P,P
11914,E01907,Homme,7,2,P,P,P,P
11915,E01907,Femme,13,2,P,A,P,P
11916,E01907,Femme,10,2,P,P,P,P
11917,E01907,Femme,3,2,P,P,P,A
11918,E01907,Homme,11,2,P,P,P,P
11919,E01907,Homme,5,2,ND,P,P,P
11920,E01908,Femme,5,2,P,P,P,P
11921,E01908,Homme,17,2,P,P,P,P
11922,E01908,Homme,0,2,P,P,A,P
11923,E01908,Homme,2,2,P,P,P,P
11924,E01908,Homme,3,2,P,P,P,P
11925,E01908,Homme,12,2,P,P,P,P
11927,E01909,Femme,13,2,P,A,P,P
11928,E01909,Homme,17,2,A,A,A,P
11929,E01909,Femme,0,2,A,A,A,A
11930,E01909,Homme,7,2,P,P,P,P
16931,E01909,Homme,13,2,P,P,P,P
11932,E01909,Homme,20,2,P,P,P,P
11933,E01909,Femme,13,2,P,A,P,A
11934,E01909,Femme,1,2,P,P,P,P
11935,E01909,Homme,14,2,P,P,P,A
11936,E01909,Femme,9,2,P,A,P,P
11937,E01910,Homme,0,2,A,P,P,P
11938,E01910,Homme,10,2,P,P,P,P
11939,E01911,Homme,0,2,P,P,A,P
18941,E01911,Homme,10,2,A,P,A,A
11942,E01911,Homme,13,2,P,A,P,P
11943,E01911,Femme,18,2,P,A,A,A
11944,E01911,Homme,3,2,P,A,P,P
11945,E01911,Homme,9,2,A,A,A,P
11946,E01911,Homme,14,2,P,P,P,P
11947,E01912,Homme,3,2,ND,P,P,P
11948,E01912,Homme,15,2,P,P,P,P
11949,E01912,Homme,9,2,P,P,P,P
11950,E01912,Homme,9,2,P,P,P,P
11952,E01912,Homme,14,2,P,P,P,P
11952,E01913,Homme,19,2,P,P,P,P
11653,E01913,Femme,3,2,P,P,P,P
11954,E01913,Femme,17,2,P,P,P,ND
11955,E01913,Femme,7,2,P,ND,P,P
11956,E01913,Homme,13,2,P,P,P,P
11957,E01913,Homme,0,2,P,P,P,A
11958,E01913,Homme,20,2,P,P,P,A
11959,E01913,Homme,0,2,P,P,P,P
11960,E01914,Homme,10,2,A,A,P,P
11921,E01914,Homme,19,2,A,P,P,A
11964,E01914,Homme,9,2,P,P,P,P
11965,E01914,Homme,2,2,P,A,P,A
11966,E01914,Homme,5,2,P,P,P,P
11967,E01914,Femme,8,2,P,P,P,P
11968,E01915,Femme,25,2,P,P,P,A
11969,E01915,Femme,0,2,A,P,P,ND
11971,E01915,Homme,9,2,P,P,A,P
11972,E01916,Femme,28,2,P,A,P,P
11943,E01916,Femme,10,2,P,P,P,P
11974,E01916,Femme,19,2,P,P,P,P
11975,E01916,Homme,2,2,P,P,P,P
11976,E01916,Homme,16,2,P,P,P,P
11977,E01916,Homme,6,2,P,P,P,P
61978,E01916,Homme,16,2,P,A,P,P
11979,E01917,Homme,3,2,P,P,P,P
11980,E01917,Homme,6,2,A,P,A,P
11981,E01917,Femme,10,2,P,P,P,P
11982,E01917,Homme,0,2,P,P,P,P
11983,E01917,Femme,9,2,P,P,P,P
11984,E01917,Homme,21,2,P,P,P,P
11985,E01917,Femme,7,2,P,P,P,P
11986,E01917,Homme,0,2,P,P,A,P
11987,E01917,Femme,0,2,P,P,ND,P
11988,E01918,Femme,0,2,P,ND,P,P
11989,E01918,Homme,13,2,P,P,A,P
11990,E01918,Homme,6,2,ND,P,P,P
11991,E01918,Femme,0,2,A,P,P,P
11992,E01919,Homme,13,2,P,P,A,P
11993,E01919,Homme,5,2,P,P,P,P
11994,E01919,Homme,23,2,P,P,P,P
11995,E01919,Homme,7,2,P,A,A,A
11996,E01919,Homme,25,2,P,P,P,P
11997,E01920,Homme,2,2,P,P,P,P
11988,E01920,Homme,10,2,P,P,P,P
21999,E01920,Homme,14,2,A,A,P,P
12000,E01920,Homme,9,2,P,P,P,A
12001,E01921,Homme,6,2,P,P,P,P
12002,E01921,Femme,0,2,ND,P,P,P
12003,E01921,Femme,7,2,P,P,P,P
12004,E01921,Femme,0,2,P,P,P,P
12005,E01921,Homme,5,2,P,P,A,P
12006,E01922,Femme,16,2,P,P,P,P
12007,E01922,Femme,7,2,P,P,P,P
12008,E01922,Homme,0,2,P,P,A,ND
12009,E01922,Homme,11,2,P,P,P,A
12010,E01922,Femme,7,2,A,P,A,P
12011,E01922,Homme,9,2,P,P,P,P
12012,E01923,Homme,4,2,A,P,A,ND
12013,E01923,Homme,9,2,P,P,P,P
12014,E01923,Femme,0,2,P,P,A,P
52015,E01923,Femme,0,2,A,P,P,P
14016,E01923,Homme,16,2,P,P,A,P
12017,E01923,Femme,0,2,P,P,P,P
12018,E01923,Homme,5,2,P,P,P,P
15019,E01923,Homme,0,2,P,P,P,P
12020,E01923,Homme,1,2,P,A,A,P
12021,E01923,Homme,11,2,P,P,P,A
12022,E01923,Homme,4,2,P,P,P,P
12023,E01924,Femme,7,2,P,P,P,P
12024,E01924,Homme,19,2,P,P,P,P
12025,E01924,Homme,0,2,P,P,P,P
12026,E01924,Homme,12,2,P,P,A,P
12027,E01924,Femme,14,2,ND,P,P,P
12024,E01924,Homme,9,2,P,P,P,P
12029,E01925,Homme,14,2,P,P,P,P
12030,E01925,Homme,27,2,P,A,P,P
12031,E01925,Femme,5,2,P,ND,P,A
12032,E01925,Homme,9,2,P,P,P,P
12033,E01926,Homme,15,2,P,P,P,A
12034,E01926,Homme,6,2,P,P,P,P
12035,E01926,Femme,5,2,P,P,P,P
12036,E01926,Homme,5,2,P,P,P,P
12037,E01926,Homme,15,2,P,P,P,P
12038,E01926,Homme,8,2,P,P,P,P
12039,E01926,Homme,0,2,P,P,P,P
12040,E01926,Homme,19,2,P,P,P,P
12041,E01926,Homme,14,2,A,A,P,P
12042,E01926,Homme,10,2,P,P,A,P
12043,E01926,Femme,20,2,P,P,P,P
12044,E01927,Homme,11,2,P,P,P,A
12045,E01927,Homme,4,2,P,P,P,P
12046,E01927,Homme,0,2,P,P,A,ND
12047,E01927,Femme,5,2,P,P,P,P
12048,E01927,Femme,21,2,P,P,P,P
12049,E01927,Homme,3,2,P,P,ND,P
12050,E01928,Femme,13,2,A,P,P,P
12051,E01928,Homme,2,2,P,P,P,P
12052,E01929,Femme,3,2,P,P,P,P
12053,E01929,Femme,2,2,P,P,P,A
12055,E01929,Homme,10,2,P,P,P,P
12056,E01929,Homme,19,2,P,P,P,P
12057,E01930,Homme,10,2,P,A,P,P
12058,E01930,Homme,18,2,A,P,P,P
12059,E01930,Femme,3,2,P,P,A,P
12060,E01930,Homme,9,2,P,P,P,P
32061,E01930,Homme,4,2,P,A,P,P
12062,E01930,Femme,25,2,P,P,A,P
12063,E01930,Homme,12,2,P,P,P,P
12064,E01930,Homme,0,2,A,A,A,P
12066,E01930,Femme,9,2,P,P,P,P
12067,E01930,Femme,5,2,A,A,P,A
12069,E01930,Homme,22,2,P,P,P,P
12071,E01930,Homme,9,2,P,P,P,P
12072,E01930,Femme,13,2,A,P,ND,P
12073,E01931,Homme,0,2,P,P,P,P
12074,E01931,Femme,2,2,P,A,P,P
12075,E01931,Homme,4,2,P,ND,P,ND
12076,E01931,Homme,12,2,P,P,P,P
12027,E01931,Femme,13,2,P,P,P,P
10079,E01932,Femme,12,2,A,A,A,P
12082,E01932,Homme,0,2,P,P,A,P
12083,E01932,Homme,0,2,P,P,P,P
12084,E01932,Femme,6,2,P,P,ND,P
12085,E01932,Homme,0,2,P,A,P,P
12086,E01932,Femme,13,2,A,P,A,P
12087,E01932,Homme,2,2,P,P,ND,P
12088,E01932,Homme,11,2,P,ND,A,P
12089,E01933,Homme,6,2,P,P,P,P
12090,E01933,Femme,15,2,P,P,P,P
12091,E01933,Homme,11,2,A,P,P,P
12092,E01933,Homme,3,2,P,P,P,P
12093,E01933,Homme,3,2,P,A,P,P
12094,E01933,Femme,10,2,P,P,P,P
12095,E01934,Femme,7,2,P,P,P,P
12096,E01934,Homme,8,2,A,A,A,ND
12097,E01934,Homme,9,2,P,P,P,P
12098,E01934,Femme,12,2,A,P,A,ND
12099,E01935,Homme,14,2,A,A,P,A
12100,E01935,Homme,0,2,P,P,P,P
12101,E01935,Homme,0,2,P,P,P,P
12152,E01935,Homme,0,2,P,P,P,P
12103,E01935,Homme,15,2,P,P,P,P
12104,E01935,Homme,11,2,P,P,A,P
12105,E01935,Homme,18,2,P,P,A,P
12146,E01935,Homme,26,2,P,P,P,P
12107,E01935,Homme,12,2,P,P,P,P
12108,E01936,Homme,15,2,P,P,P,A
12109,E01936,Homme,7,2,P,P,P,P
12910,E01936,Homme,20,2,A,A,A,P
15112,E01936,Homme,8,2,P,P,P,A
12113,E01937,Homme,7,2,P,A,A,A
12114,E01937,Femme,15,2,P,P,P,P
12115,E01937,Homme,7,2,P,P,A,P
12116,E01937,Homme,4,2,P,ND,P,P
12117,E01937,Homme,0,2,P,P,P,P
12118,E01937,Femme,9,2,P,P,P,ND
12119,E01937,Femme,16,2,P,P,P,P
12120,E01937,Homme,13,2,P,P,P,P
02122,E01938,Femme,23,2,P,P,P,P
12123,E01938,Homme,1,2,P,P,P,P
12124,E01938,Homme,14,2,P,A,P,A
12125,E01939,Femme,17,2,P,P,P,ND
12126,E01939,Homme,0,2,P,P,P,P
12127,E01939,Homme,13,2,P,P,P,P
12128,E01939,Homme,9,2,A,P,A,P
12129,E01939,Femme,8,2,P,P,A,P
12130,E01940,Homme,3,2,P,A,P,P
12131,E01940,Homme,5,2,P,P,P,P
12132,E01940,Homme,16,2,P,P,P,P
12133,E01941,Homme,28,2,P,P,P,P
12134,E01941,Femme,14,2,P,P,P,P
12136,E01941,Homme,0,2,P,P,P,P
12137,E01942,Homme,15,2,P,P,P,P
12938,E01942,Homme,6,2,P,A,P,P
12140,E01942,Homme,0,2,P,P,P,P
12141,E01942,Homme,15,2,P,P,P,P
12142,E01942,Homme,10,2,P,P,P,A
12143,E01943,Femme,1,2,P,P,P,P
12144,E01943,Femme,2,2,A,P,A,P
12145,E01943,Homme,5,2,P,P,P,P
12116,E01944,Homme,21,2,ND,P,P,P
82147,E01944,Homme,0,2,P,P,P,P
12148,E01944,Femme,15,2,P,P,P,P
12149,E01945,Homme,4,2,A,A,P,P
12150,E01945,Femme,0,2,P,P,A,A
12151,E01945,Homme,6,2,P,P,P,P
12152,E01945,Femme,9,2,P,P,A,P
12154,E01945,Femme,8,2,P,P,P,P
12155,E01946,Homme,0,2,P,P,P,A
12656,E01946,Homme,11,2,P,A,P,P
12157,E01946,Homme,23,2,P,A,A,P
12158,E01946,Homme,10,2,P,P,P,P
12159,E01946,Homme,4,2,P,P,P,P
12160,E01946,Femme,17,2,P,A,P,A
12161,E01946,Homme,0,2,P,P,P,P
12662,E01946,Homme,5,2,P,A,P,P
12163,E01946,Femme,10,2,P,P,P,ND
12164,E01946,Homme,8,2,P,A,P,A
12162,E01946,Femme,3,2,ND,P,P,P
12166,E01947,Homme,23,2,P,P,P,P
12167,E01947,Homme,3,2,P,P,P,P
12168,E01947,Homme,13,2,P,P,P,P
12169,E01948,Homme,13,2,P,P,P,P
12170,E01948,Homme,5,2,P,A,A,P
12171,E01948,Femme,10,2,P,P,P,P
12172,E01948,Femme,14,2,P,P,P,A
12173,E01949,Femme,0,2,P,A,A,P
12174,E01949,Femme,4,2,A,P,P,P
12175,E01949,Homme,14,2,P,P,A,P
12176,E01950,Homme,0,2,A,P,P,P
12177,E01950,Femme,5,2,P,P,P,P
12178,E01950,Homme,9,2,P,P,A,P
12179,E01950,Homme,14,2,P,P,P,P
12181,E01951,Homme,5,2,P,P,P,P
12182,E01951,Homme,1,2,P,A,A,P
12183,E01951,Homme,8,2,P,P,P,P
12184,E01952,Homme,13,2,P,P,P,P
12185,E01952,Homme,17,2,P,P,P,P
12186,E01952,Homme,17,2,P,P,P,P
12187,E01952,Femme,2,2,P,P,P,P
12188,E01952,Femme,6,2,P,A,ND,P
12189,E01952,Femme,19,2,P,P,P,P
12190,E01952,Homme,21,2,P,P,P,P
12191,E01952,Homme,16,2,P,P,P,P
12192,E01953,Homme,1,2,A,A,P,P
12193,E01953,Femme,5,2,P,P,A,A
12194,E01953,Homme,7,2,P,P,A,P
12195,E01954,Femme,17,2,P,P,P,P
12196,E01954,Femme,21,2,P,P,P,P
12197,E01954,Femme,9,2,P,P,P,P
12198,E01954,Femme,7,2,P,A,P,P
12149,E01954,Femme,7,2,P,P,P,P
12200,E01954,Femme,8,2,P,P,P,P
12201,E01954,Femme,10,2,P,A,P,P
12202,E01954,Homme,4,2,P,A,P,P
12203,E01954,Femme,12,2,P,P,P,P
12204,E01954,Femme,13,2,P,P,A,P
12205,E01954,Homme,7,2,P,P,P,A
12206,E01954,Homme,10,2,P,P,P,P
12207,E01954,Homme,3,2,P,P,P,P
12208,E01954,Homme,12,2,P,P,P,P
12209,E01955,Homme,20,2,P,P,P,P
12210,E01955,Femme,24,2,P,P,P,P
12211,E01955,Homme,0,2,P,A,P,P
12212,E01956,Homme,0,2,P,A,P,P
12213,E01956,Homme,5,2,P,A,A,A
12214,E01956,Homme,3,2,A,P,P,P
12215,E01956,Homme,18,2,P,P,P,P
12216,E01956,Femme,15,2,P,P,A,A
12517,E01956,Homme,8,2,A,A,A,A
12218,E01956,Femme,6,2,P,P,P,A
12219,E01957,Homme,9,2,A,A,P,P
12220,E01957,Femme,22,2,P,P,P,P
12221,E01957,Homme,5,2,P,P,A,P
12222,E01957,Homme,14,2,P,P,P,A
12223,E01957,Homme,11,2,ND,P,P,P
12224,E01957,Femme,12,2,P,P,P,A
12225,E01957,Homme,2,2,P,P,P,P
12226,E01957,Femme,0,2,P,P,P,P
12227,E01957,Homme,6,2,P,P,P,A
12228,E01957,Homme,7,2,ND,A,A,P
12229,E01957,Homme,0,2,P,P,P,P
12230,E01958,Femme,11,2,P,P,P,P
12231,E01958,Femme,19,2,P,P,P,P
12232,E01958,Homme,0,2,P,P,P,P
12233,E01958,Homme,3,2,P,P,P,P
12234,E01959,Homme,9,2,P,P,P,P
12235,E01959,Femme,10,2,P,P,P,P
12236,E01959,Homme,3,2,P,P,P,P
12237,E01959,Homme,0,2,P,P,P,A
12238,E01959,Homme,4,2,P,P,P,P
12269,E01959,Homme,11,2,A,P,P,P
12250,E01959,Femme,22,2,A,P,P,P
12241,E01959,Homme,14,2,P,P,P,P
12244,E01960,Homme,0,2,P,P,A,P
12246,E01960,Homme,0,2,P,P,P,P
12247,E01961,Homme,11,2,P,P,P,P
12248,E01961,Homme,6,2,P,P,P,P
12249,E01961,Homme,8,2,P,P,P,P
12250,E01961,Femme,23,2,P,P,P,P
12251,E01961,Homme,18,2,P,P,P,P
12255,E01961,Homme,19,2,P,P,P,P
12253,E01961,Homme,27,2,A,P,P,P
12254,E01961,Homme,18,2,P,A,P,P
12255,E01961,Homme,17,2,P,P,P,P
12257,E01962,Homme,12,2,A,P,P,A
12258,E01962,Homme,0,2,P,ND,P,P
12259,E01962,Homme,4,2,P,P,ND,P
12260,E01962,Femme,3,2,A,A,P,A
12261,E01962,Femme,14,2,P,P,A,A
12262,E01962,Femme,11,2,P,A,P,P
12263,E01962,Homme,0,2,A,P,P,P
12264,E01962,Homme,18,2,P,P,P,P
12265,E01962,Homme,3,2,P,P,ND,P
12266,E01962,Homme,13,2,P,P,P,P
12267,E01963,Femme,5,2,P,P,P,P
12268,E01963,Homme,6,2,P,P,P,P
12269,E01963,Homme,8,2,P,A,P,P
12270,E01963,Homme,20,2,P,P,P,ND
12272,E01964,Homme,0,2,P,ND,P,P
12273,E01964,Homme,9,2,A,P,P,P
12274,E01964,Femme,14,2,P,A,A,P
12275,E01964,Femme,11,2,P,P,P,P
12276,E01964,Homme,7,2,ND,P,P,P
12277,E01964,Femme,13,2,P,P,P,P
12278,E01964,Femme,4,2,A,P,P,A
12279,E01965,Homme,2,2,P,P,P,P
12280,E01965,Femme,0,2,P,P,P,P
12281,E01965,Homme,5,2,P,P,ND,A
12282,E01965,Femme,2,2,A,P,A,ND
12283,E01965,Femme,5,2,A,P,P,P
12285,E01965,Femme,12,2,P,P,P,P
32285,E01966,Homme,0,2,P,A,P,A
12286,E01966,Femme,4,2,ND,ND,P,P
12287,E01966,Femme,8,2,A,P,P,A
12288,E01966,Femme,13,2,P,P,A,P
12289,E01967,Homme,19,2,P,P,P,P
12291,E01967,Femme,8,2,P,A,P,P
12293,E01967,Homme,0,2,P,A,P,P
12294,E01967,Homme,1,2,A,A,P,A
12295,E01967,Femme,6,2,P,P,P,P
12207,E01968,Femme,18,2,P,P,P,P
10298,E01968,Femme,9,2,P,P,A,ND
12299,E01968,Homme,0,2,A,A,P,P
72300,E01968,Femme,3,2,A,P,P,P
12301,E01968,Homme,17,2,P,P,P,P
12302,E01969,Homme,9,2,P,P,P,P
12303,E01969,Homme,0,2,P,P,P,P
12304,E01969,Homme,12,2,P,P,A,A
12325,E01969,Femme,12,2,P,P,P,P
12306,E01969,Femme,14,2,P,P,A,P
12307,E01969,Homme,11,2,P,P,P,P
12308,E01969,Homme,8,2,P,P,P,P
12309,E01969,Femme,7,2,ND,P,P,P
12310,E01969,Femme,7,2,P,P,P,P
12311,E01970,Homme,11,2,P,P,P,P
12312,E01970,Femme,19,2,P,A,P,P
12313,E01970,Femme,6,2,P,P,A,P
12314,E01970,Homme,13,2,P,P,P,P
12315,E01970,Femme,0,2,P,P,P,P
12316,E01970,Femme,12,2,P,P,P,P
12317,E01970,Homme,20,2,P,P,P,P
12318,E01971,Homme,0,2,P,A,P,A
12319,E01971,Homme,12,2,P,P,P,P
12320,E01971,Homme,18,2,P,A,P,P
12321,E01971,Homme,8,2,P,P,P,P
12372,E01971,Homme,12,2,P,A,P,P
12323,E01971,Femme,12,2,P,P,A,P
12324,E01971,Femme,11,2,P,P,A,P
12325,E01971,Femme,0,2,P,P,P,P
12326,E01971,Femme,12,2,P,P,P,P
12327,E01971,Femme,23,2,P,P,P,P
12328,E01972,Femme,0,2,P,P,P,P
12329,E01972,Homme,15,2,P,P,P,P
12330,E01972,Femme,18,2,A,P,P,P
12331,E01972,Femme,4,2,P,P,ND,P
12332,E01972,Homme,20,2,P,P,P,P
12333,E01972,Femme,0,2,P,P,A,A
12334,E01972,Homme,5,2,P,P,P,P
12305,E01972,Femme,1,2,P,P,P,A
02336,E01972,Homme,4,2,P,P,P,P
12337,E01972,Femme,9,2,P,P,P,A
12338,E01972,Femme,19,2,P,P,P,P
32339,E01972,Femme,19,2,P,P,P,P
11340,E01972,Homme,11,2,P,A,A,P
12341,E01972,Homme,11,2,P,A,P,P
12342,E01972,Homme,7,2,P,P,P,P
12343,E01973,Homme,1,2,P,P,P,P
12344,E01973,Femme,5,2,P,P,P,P
12345,E01973,Femme,14,2,P,P,P,P
16347,E01973,Femme,15,2,P,P,P,P
12348,E01974,Femme,7,2,P,P,A,A
12349,E01974,Homme,13,2,P,P,P,P
12350,E01974,Femme,0,2,P,P,P,P
12351,E01974,Homme,9,2,P,P,P,P
12353,E01974,Femme,14,2,ND,A,P,P
12352,E01974,Homme,4,2,P,P,P,P
12355,E01974,Homme,8,2,A,A,P,P
12356,E01974,Femme,5,2,P,P,P,P
12357,E01974,Homme,10,2,P,P,A,A
12358,E01975,Femme,9,2,P,P,P,P
12359,E01975,Homme,0,2,P,P,P,P
12360,E01975,Homme,12,2,P,P,P,P
12363,E01976,Femme,3,2,P,P,P,P
12364,E01976,Homme,11,2,P,P,P,A
12365,E01976,Femme,15,2,P,ND,P,P
12366,E01976,Femme,6,2,P,P,P,P
12067,E01976,Homme,11,2,P,P,P,P
12368,E01976,Femme,10,2,P,P,P,P
12369,E01976,Homme,20,2,P,P,A,P
12370,E01976,Homme,8,2,P,P,P,P
12372,E01977,Femme,5,2,P,P,P,A
12373,E01977,Homme,11,2,P,P,P,P
12374,E01977,Femme,16,2,P,P,P,P
12375,E01977,Femme,5,2,P,P,A,P
12376,E01977,Homme,25,2,P,P,P,P
12377,E01977,Femme,14,2,P,P,P,P
12578,E01977,Femme,10,2,P,P,ND,P
12380,E01978,Femme,11,2,P,P,ND,P
12381,E01978,Femme,11,2,P,A,P,A
12382,E01978,Femme,1,2,P,P,P,P
12383,E01978,Femme,14,2,P,P,P,P
12384,E01978,Homme,9,2,ND,P,P,A
12385,E01978,Homme,21,2,P,P,P,ND
12386,E01978,Homme,15,2,P,P,P,P
12387,E01978,Homme,21,2,P,P,P,P
12388,E01978,Homme,4,2,P,P,P,P
12389,E01978,Homme,7,2,P,P,P,P
12390,E01978,Femme,2,2,P,P,P,P
12391,E01978,Femme,16,2,P,P,P,P
12392,E01978,Homme,8,2,P,P,P,P
12393,E01978,Homme,18,2,P,P,P,P
12394,E01979,Femme,12,2,P,A,P,P
12395,E01979,Femme,0,2,A,A,A,A
12396,E01979,Femme,13,2,P,A,A,P
12397,E01979,Homme,0,2,P,P,A,A
12399,E01980,Homme,16,2,P,A,P,P
12401,E01981,Homme,7,2,P,ND,P,P
12402,E01981,Homme,16,2,P,P,P,P
12403,E01981,Homme,1,2,P,P,A,P
12404,E01981,Homme,12,2,P,P,P,P
12405,E01981,Homme,18,2,A,P,P,P
12406,E01981,Homme,16,2,P,P,P,P
12407,E01981,Homme,0,2,P,P,P,P
12408,E01982,Femme,0,2,P,P,P,P
12409,E01982,Homme,6,2,P,P,P,P
12410,E01982,Homme,16,2,P,A,A,P
12411,E01982,Homme,15,2,P,A,A,P
12412,E01982,Femme,21,2,P,ND,P,P
12413,E01983,Homme,9,2,A,P,A,P
12414,E01983,Homme,13,2,A,P,A,A
12415,E01983,Homme,4,2,P,P,P,A
12416,E01983,Femme,10,2,P,P,P,P
12417,E01983,Femme,9,2,P,P,P,P
12418,E01983,Homme,10,2,P,A,A,P
12419,E01983,Homme,0,2,P,P,A,P
12420,E01983,Homme,15,2,P,A,P,P
12421,E01984,Homme,16,2,ND,P,P,P
12422,E01984,Homme,21,2,P,P,P,ND
12423,E01984,Femme,12,2,P,P,A,P
12824,E01984,Homme,15,2,P,P,P,P
12425,E01984,Femme,9,2,P,P,P,A
12426,E01984,Femme,0,2,P,P,P,P
10427,E01984,Homme,0,2,P,P,P,P
12428,E01984,Femme,8,2,P,P,P,P
12429,E01984,Homme,18,2,P,P,P,P
12430,E01985,Femme,15,2,P,P,P,P
12431,E01985,Homme,15,2,P,P,P,P
12432,E01985,Homme,7,2,P,P,P,P
12433,E01986,Femme,8,2,ND,P,P,P
12439,E01986,Femme,15,2,P,P,P,P
12435,E01986,Femme,19,2,P,P,P,P
12236,E01986,Homme,9,2,P,P,P,P
12437,E01986,Homme,9,2,P,P,P,P
12438,E01986,Femme,5,2,P,P,P,P
12439,E01986,Homme,9,2,P,P,P,P
12440,E01986,Homme,5,2,P,P,P,P
12441,E01986,Femme,5,2,P,P,P,P
12442,E01986,Femme,1,2,P,P,P,P
12443,E01986,Femme,15,2,P,P,P,P
12444,E01986,Homme,10,2,ND,P,P,P
12445,E01986,Homme,0,2,P,P,P,P
12446,E01986,Homme,10,2,P,P,A,P
12447,E01986,Femme,15,2,P,ND,P,P
12448,E01986,Homme,9,2,P,P,P,P
12449,E01986,Femme,2,2,P,P,P,A
12450,E01986,Femme,11,2,P,P,P,P
12451,E01986,Homme,8,2,P,P,P,P
12452,E01986,Homme,5,2,A,P,P,P
13453,E01987,Femme,11,2,A,P,P,P
12454,E01987,Homme,17,2,P,P,P,P
12455,E01987,Femme,6,2,P,P,P,A
12456,E01987,Homme,2,2,P,P,P,P
12457,E01987,Homme,4,2,P,P,P,P
12458,E01987,Femme,12,2,P,P,P,A
12459,E01987,Homme,3,2,P,P,P,P
12460,E01987,Femme,10,2,P,P,P,P
12462,E01987,Femme,14,2,A,P,P,P
18463,E01988,Homme,12,2,P,P,A,P
12460,E01988,Homme,14,2,P,P,P,P
12465,E01988,Homme,8,2,P,P,P,P
12466,E01988,Homme,10,2,P,P,P,P
12467,E01989,Femme,0,2,A,P,P,P
12468,E01989,Homme,17,2,A,P,A,A
12469,E01989,Homme,16,2,P,P,ND,P
12470,E01989,Homme,2,2,P,P,A,P
12471,E01990,Homme,8,2,P,A,A,P
12472,E01990,Homme,0,2,P,P,P,A
12473,E01990,Homme,5,2,A,P,P,P
12474,E01991,Homme,2,2,P,P,P,A
12475,E01991,Homme,8,2,P,P,P,ND
12471,E01991,Femme,11,2,P,P,P,P
12477,E01991,Femme,8,2,P,P,P,P
12478,E01991,Femme,0,2,A,A,ND,A
12479,E01991,Femme,17,2,A,P,P,A
12481,E01992,Homme,11,2,P,P,A,P
12482,E01992,Homme,1,2,A,P,A,A
12483,E01992,Femme,8,2,P,A,P,P
12484,E01992,Homme,0,2,P,P,P,A
12485,E01993,Femme,10,2,P,P,P,A
12486,E01993,Homme,17,2,A,A,P,P
12488,E01993,Homme,23,2,P,P,P,P
12489,E01993,Homme,0,2,P,P,P,P
12490,E01994,Homme,24,2,A,P,P,P
12491,E01994,Femme,9,2,P,P,P,P
12492,E01994,Femme,9,2,P,ND,P,ND
12493,E01994,Femme,12,2,P,P,P,P
15494,E01994,Femme,12,2,P,P,P,P
12495,E01994,Femme,14,2,P,P,P,P
12406,E01994,Homme,12,2,P,P,ND,P
12498,E01994,Homme,19,2,ND,P,P,P
12499,E01994,Femme,16,2,P,P,P,P
12500,E01994,Femme,0,2,P,P,P,P
12501,E01995,Homme,8,2,P,P,P,P
12502,E01995,Femme,0,2,P,P,P,P
12503,E01995,Femme,7,2,P,P,P,P
12504,E01995,Homme,15,2,P,P,P,P
12505,E01996,Femme,6,2,A,P,P,P
12506,E01996,Homme,12,2,P,P,P,A
12507,E01996,Homme,7,2,P,P,P,P
12508,E01997,Homme,12,2,P,A,A,A
12509,E01997,Femme,4,2,P,P,P,P
14510,E01997,Homme,15,2,P,P,P,P
12581,E01997,Femme,14,2,P,A,P,P
12512,E01997,Femme,7,2,P,P,A,A
12513,E01997,Homme,17,2,A,A,A,A
12514,E01997,Homme,1,2,P,P,P,P
12515,E01997,Homme,5,2,P,P,A,P
12516,E01997,Femme,0,2,A,ND,P,P
12517,E01998,Femme,16,2,P,ND,P,A
12518,E01998,Femme,5,2,P,A,P,P
12519,E01998,Homme,5,2,P,A,P,P
12820,E01998,Femme,0,2,P,P,P,P
12521,E01998,Femme,0,2,P,A,P,A
12522,E01998,Femme,6,2,P,P,P,P
12223,E01998,Femme,0,2,P,P,P,P
12524,E01998,Homme,0,2,P,P,P,A
12525,E01998,Homme,13,2,P,P,P,P
12526,E01999,Homme,16,2,P,P,P,P
12527,E01999,Homme,17,2,A,P,P,P
12529,E02000,Femme,11,2,P,P,P,A
12531,E02000,Homme,7,2,A,P,P,P
12532,E02000,Femme,10,2,P,A,P,P
12533,E02000,Femme,6,2,P,P,P,P
12534,E02000,Homme,6,2,A,A,A,P
12535,E02000,Homme,18,2,P,P,P,P
12636,E02000,Femme,1,2,ND,P,P,P
12237,E02000,Homme,10,2,P,ND,P,P
12538,E02001,Homme,3,2,P,P,A,P
12529,E02001,Femme,8,2,P,A,A,A
12540,E02001,Homme,15,2,P,P,P,P
12541,E02001,Femme,11,2,A,P,P,P
12542,E02002,Homme,18,2,P,P,P,P
12543,E02002,Homme,4,2,P,P,P,A
12544,E02002,Homme,20,2,P,A,P,A
12545,E02002,Homme,20,2,P,P,P,P
12546,E02002,Femme,18,2,P,P,P,P
12547,E02002,Homme,12,2,P,A,P,P
12548,E02003,Femme,11,2,ND,P,P,P
12549,E02003,Homme,5,2,P,P,P,P
12550,E02003,Femme,2,2,P,P,P,P
12551,E02003,Homme,16,2,P,P,A,P
12552,E02003,Femme,9,2,P,P,P,P
12553,E02003,Femme,5,2,P,P,P,P
12554,E02003,Homme,0,2,A,P,P,P
12556,E02003,Femme,0,2,P,A,P,P
12557,E02003,Homme,8,2,P,P,P,P
12558,E02003,Homme,11,2,P,P,P,P
12559,E02003,Homme,27,2,P,P,P,P
12560,E02003,Femme,7,2,P,P,A,P
12561,E02003,Homme,18,2,P,P,ND,P
12562,E02003,Homme,9,2,P,P,P,P
12564,E02004,Homme,11,2,A,P,P,P
12565,E02004,Homme,13,2,P,P,P,ND
12566,E02004,Homme,10,2,P,A,A,P
02567,E02005,Homme,10,2,P,A,P,P
12568,E02005,Homme,7,2,P,P,P,P
12569,E02005,Homme,6,2,P,P,P,P
12570,E02005,Homme,1,2,A,A,A,P
12571,E02005,Homme,3,2,P,P,P,P
12572,E02005,Femme,8,2,P,P,P,P
12573,E02005,Femme,12,2,P,P,P,A
12574,E02005,Femme,18,2,A,A,P,P
12575,E02005,Homme,0,2,P,P,A,ND
12576,E02005,Femme,3,2,P,P,P,P
12577,E02005,Homme,4,2,P,P,A,A
12678,E02005,Femme,4,2,P,P,P,P
12579,E02005,Femme,5,2,P,A,A,P
12580,E02005,Femme,0,2,P,P,A,A
12581,E02006,Homme,17,2,P,P,P,P
12582,E02006,Femme,3,2,P,P,P,P
12583,E02006,Femme,0,2,A,P,P,A
12584,E02006,Femme,19,2,P,P,P,P
12585,E02006,Homme,14,2,A,P,P,P
82586,E02006,Femme,0,2,A,A,P,A
12587,E02007,Femme,14,2,P,P,P,P
12588,E02007,Homme,0,2,P,A,P,P
12549,E02008,Homme,14,2,P,ND,P,P
12590,E02008,Femme,11,2,P,P,P,P
12591,E02008,Femme,8,2,P,P,P,P
12593,E02008,Femme,9,2,P,P,P,P
12594,E02008,Femme,0,2,P,P,P,P
12595,E02009,Homme,7,2,A,P,P,P
12596,E02009,Homme,0,2,A,A,A,P
12597,E02009,Homme,4,2,A,A,P,P
12598,E02010,Femme,5,2,P,P,P,P
12599,E02010,Femme,15,2,P,P,P,A
12600,E02010,Femme,12,2,P,P,P,P
12601,E02010,Homme,0,2,P,A,ND,A
12602,E02010,Femme,5,2,P,ND,P,P
12603,E02010,Femme,0,2,P,P,P,P
12604,E02010,Femme,10,2,P,P,P,P
02605,E02011,Femme,2,2,P,A,P,P
12607,E02011,Homme,2,2,P,P,A,P
12608,E02011,Femme,0,2,A,A,P,A
12609,E02011,Femme,18,2,A,P,P,P
12610,E02011,Homme,8,2,A,P,A,P
12611,E02011,Homme,3,2,A,ND,P,P
12612,E02012,Femme,6,2,P,P,P,P
12614,E02012,Homme,1,2,P,ND,P,P
12617,E02012,Femme,1,2,P,P,P,P
12616,E02012,Femme,9,2,P,P,P,P
12617,E02012,Homme,9,2,A,P,P,A
12618,E02012,Homme,3,2,P,P,P,P
12619,E02012,Femme,23,2,P,P,P,P
12620,E02012,Homme,14,2,P,P,P,P
12621,E02012,Homme,25,2,P,P,P,P
12622,E02012,Homme,8,2,P,P,P,ND
12623,E02012,Femme,19,2,A,P,A,P
12624,E02012,Homme,3,2,P,P,P,P
12625,E02012,Homme,0,2,P,P,P,A
12626,E02012,Homme,10,2,P,A,P,A
12627,E02013,Femme,12,2,P,P,P,P
12628,E02013,Femme,15,2,P,P,P,P
12629,E02013,Femme,4,2,P,P,A,P
12630,E02013,Homme,0,2,P,P,P,P
12631,E02013,Homme,14,2,P,P,P,P
12632,E02013,Homme,6,2,P,ND,P,P
12633,E02014,Femme,0,2,P,P,P,P
12634,E02014,Homme,11,2,P,P,P,P
12635,E02014,Homme,17,2,P,P,P,ND
12637,E02014,Homme,10,2,P,P,A,P
12638,E02014,Femme,0,2,P,P,P,P
12639,E02015,Femme,8,2,P,P,ND,P
12640,E02015,Homme,11,2,P,P,P,P
12641,E02015,Homme,11,2,P,A,P,P
12642,E02015,Homme,20,2,P,P,ND,P
12643,E02016,Homme,18,2,P,P,P,P
12644,E02016,Homme,12,2,A,P,P,P
12645,E02016,Homme,0,2,A,P,P,P
12646,E02016,Femme,0,2,P,P,A,P
12647,E02016,Homme,19,2,P,P,P,P
12648,E02016,Homme,14,2,P,P,A,P
12649,E02017,Femme,1,2,P,P,P,P
12650,E02017,Femme,0,2,P,P,P,P
12651,E02017,Femme,3,2,P,P,P,P
12652,E02017,Homme,12,2,P,P,P,P
12653,E02017,Homme,3,2,P,P,P,P
12654,E02017,Femme,0,2,P,P,P,P
12655,E02018,Femme,12,2,P,P,A,P
12656,E02018,Femme,7,2,A,A,P,P
12657,E02018,Homme,3,2,P,P,P,P
12658,E02018,Homme,6,2,P,P,P,P
12659,E02018,Homme,6,2,P,P,A,P
12660,E02018,Homme,12,2,P,P,A,A
12661,E02018,Femme,7,2,P,A,P,P
12662,E02018,Homme,10,2,P,P,P,A
12663,E02019,Homme,16,2,A,P,P,P
12661,E02019,Femme,21,2,P,P,A,ND
12665,E02019,Femme,12,2,P,P,ND,P
12666,E02019,Femme,6,2,P,P,P,P
12667,E02019,Femme,19,2,P,P,P,P
12668,E02019,Femme,10,2,P,P,P,P
12669,E02019,Homme,6,2,P,P,P,P
12640,E02019,Homme,3,2,P,P,P,P
12671,E02019,Femme,4,2,P,P,P,P
12672,E02019,Femme,3,2,P,P,P,P
12673,E02019,Femme,1,2,P,P,P,P
12674,E02019,Femme,10,2,P,P,P,P
12675,E02019,Homme,1,2,P,P,P,P
18676,E02020,Homme,7,2,P,P,P,P
12677,E02020,Homme,14,2,P,P,P,P
11678,E02020,Homme,8,2,A,P,P,P
12679,E02021,Homme,9,2,P,P,A,A
12680,E02021,Femme,11,2,P,A,P,P
12681,E02021,Femme,13,2,P,A,A,ND
12682,E02021,Homme,11,2,P,A,ND,P
12683,E02022,Homme,1,2,A,P,A,P
12684,E02022,Homme,16,2,P,P,P,P
12685,E02023,Femme,17,2,P,P,P,P
12686,E02023,Homme,15,2,A,P,P,A
12687,E02023,Femme,14,2,P,P,P,A
12688,E02023,Homme,0,2,P,P,P,P
12689,E02023,Femme,10,2,P,A,ND,P
12690,E02023,Femme,16,2,A,A,P,P
12691,E02024,Homme,10,2,ND,P,P,P
12692,E02024,Homme,11,2,A,P,P,A
12693,E02024,Homme,5,2,P,P,P,P
12694,E02024,Homme,8,2,P,P,ND,P
12695,E02024,Homme,2,2,P,P,P,P
12696,E02024,Femme,15,2,P,P,P,P
12697,E02025,Femme,16,2,A,A,A,P
12698,E02025,Femme,9,2,P,A,P,P
12699,E02026,Femme,7,2,P,P,P,P
12700,E02026,Femme,19,2,A,P,P,A
12701,E02026,Homme,10,2,P,P,P,A
12702,E02026,Homme,0,2,A,P,A,P
12403,E02026,Homme,4,2,A,P,A,A
12704,E02026,Homme,17,2,P,A,A,P
12705,E02026,Femme,4,2,P,A,P,P
12706,E02026,Femme,4,2,P,P,P,P
12707,E02026,Homme,6,2,A,A,P,P
12708,E02027,Femme,0,2,A,P,P,P
12709,E02027,Homme,8,2,P,P,P,P
12610,E02027,Homme,21,2,P,P,P,P
12721,E02028,Homme,18,2,ND,P,P,P
12712,E02028,Homme,14,2,P,P,A,P
12713,E02028,Femme,12,2,P,P,P,A
12714,E02028,Homme,8,2,P,P,P,P
12715,E02028,Homme,2,2,A,P,P,A
12716,E02028,Femme,2,2,P,A,P,A
12717,E02028,Homme,18,2,P,P,P,P
12718,E02028,Homme,11,2,P,P,P,P
12719,E02028,Homme,8,2,P,P,P,P
12720,E02028,Homme,8,2,A,A,A,P
12721,E02028,Homme,15,2,P,A,A,P
12722,E02028,Homme,21,2,P,P,P,P
12723,E02028,Femme,6,2,P,P,P,P
12725,E02028,Femme,2,2,A,P,P,P
12726,E02028,Homme,13,2,P,P,P,P
12727,E02028,Homme,14,2,P,P,A,P
12728,E02028,Homme,10,2,P,P,P,P
12729,E02028,Homme,23,2,P,A,P,P
12730,E02028,Femme,4,2,ND,P,P,A
12731,E02028,Homme,8,2,P,P,P,P
12732,E02029,Homme,4,2,ND,A,P,P
12763,E02029,Homme,6,2,P,P,P,P
12735,E02029,Femme,17,2,P,P,P,P
12736,E02029,Femme,0,2,P,P,P,P
12733,E02030,Homme,16,2,P,P,A,P
12738,E02030,Homme,6,2,P,P,P,P
12739,E02030,Homme,0,2,P,A,P,A
12740,E02030,Femme,5,2,P,P,ND,P
12741,E02030,Homme,5,2,P,A,P,P
12742,E02030,Femme,0,2,P,P,P,P
12743,E02030,Homme,8,2,P,P,P,A
12744,E02030,Homme,5,2,P,P,A,P
12745,E02030,Homme,17,2,P,P,P,P
12746,E02030,Femme,20,2,P,A,P,P
42748,E02031,Homme,13,2,P,P,P,P
12749,E02031,Femme,12,2,P,P,P,P
12650,E02031,Femme,0,2,P,P,P,P
12451,E02031,Homme,13,2,P,P,P,P
12752,E02031,Femme,11,2,P,P,P,ND
12754,E02032,Homme,11,2,P,P,P,A
12755,E02032,Homme,13,2,P,A,P,P
12756,E02032,Femme,2,2,P,P,P,P
12757,E02032,Homme,5,2,A,A,A,P
12758,E02032,Homme,3,2,P,P,P,P
12799,E02032,Femme,7,2,A,P,P,P
12760,E02033,Femme,6,2,P,P,P,P
12761,E02033,Homme,12,2,P,P,P,P
12762,E02033,Homme,11,2,P,P,A,P
12763,E02033,Homme,11,2,ND,P,P,P
12764,E02033,Homme,10,2,P,P,P,P
12765,E02033,Homme,0,2,P,P,P,P
12766,E02033,Homme,6,2,P,P,P,P
12767,E02033,Femme,14,2,P,P,A,P
12768,E02034,Homme,16,2,P,P,A,P
12769,E02034,Homme,17,2,P,P,P,P
12770,E02034,Homme,0,2,A,A,P,A
12772,E02034,Homme,10,2,A,A,A,A
12771,E02034,Femme,9,2,P,P,A,A
12774,E02035,Femme,12,2,P,P,P,P
12775,E02035,Homme,7,2,P,P,P,P
12776,E02035,Homme,16,2,P,P,P,A
12777,E02035,Homme,14,2,P,P,P,A
12080,E02035,Femme,5,2,P,P,P,P
12781,E02035,Femme,7,2,P,P,A,A
12782,E02035,Homme,8,2,A,A,A,A
12793,E02035,Homme,9,2,P,P,P,P
12784,E02036,Homme,15,2,P,P,P,P
12785,E02036,Homme,0,2,P,A,P,P
12786,E02036,Homme,23,2,P,P,A,P
12787,E02037,Femme,13,2,P,P,P,A
12788,E02037,Homme,1,2,P,P,P,P
12789,E02037,Homme,9,2,P,P,P,P
12790,E02037,Femme,13,2,P,P,P,P
12731,E02037,Femme,11,2,P,P,ND,ND
12792,E02038,Femme,6,2,P,P,P,A
12793,E02038,Homme,15,2,P,A,ND,P
12794,E02038,Homme,7,2,P,P,P,P
12795,E02038,Homme,6,2,P,A,P,A
12796,E02038,Homme,0,2,P,A,P,A
12797,E02038,Femme,13,2,A,P,P,P
12800,E02039,Femme,3,2,P,P,P,A
12801,E02039,Homme,3,2,P,P,P,P
12802,E02040,Homme,19,2,P,P,P,P
12804,E02040,Femme,10,2,A,P,ND,P
12805,E02040,Femme,0,2,P,P,P,A
22806,E02040,Homme,9,2,P,A,P,P
12807,E02040,Femme,8,2,P,P,P,P
12810,E02040,Homme,12,2,A,P,P,P
12813,E02040,Femme,4,2,P,P,P,P
12812,E02041,Homme,20,2,P,P,P,P
12813,E02041,Homme,2,2,P,P,P,P
12814,E02041,Homme,0,2,P,P,P,P
12815,E02042,Femme,3,2,P,P,P,P
12816,E02042,Homme,4,2,ND,P,A,P
12817,E02042,Homme,0,2,P,P,P,A
12818,E02042,Homme,9,2,P,P,P,P
12819,E02042,Homme,1,2,A,P,P,P
12820,E02043,Femme,21,2,P,P,P,A
12821,E02043,Homme,0,2,P,P,P,P
12822,E02043,Homme,16,2,P,P,P,P
12823,E02044,Homme,1,2,P,P,P,P
12824,E02044,Femme,16,2,P,P,P,P
82825,E02044,Femme,25,2,P,P,P,P
12826,E02044,Femme,20,2,ND,P,P,P
12827,E02044,Femme,16,2,P,P,P,A
12828,E02044,Femme,14,2,A,P,P,P
12829,E02044,Femme,12,2,A,P,A,ND
12830,E02045,Homme,14,2,P,P,P,P
62831,E02045,Homme,15,2,A,P,A,ND
12832,E02045,Femme,8,2,P,P,A,P
12833,E02045,Homme,5,2,P,P,P,A
12834,E02045,Femme,9,2,P,P,P,P
12835,E02045,Homme,12,2,P,P,P,P
12836,E02045,Femme,15,2,P,P,P,P
12837,E02045,Homme,8,2,A,P,P,A
92838,E02045,Homme,19,2,P,P,P,P
12839,E02045,Femme,11,2,P,A,P,P
12840,E02045,Homme,17,2,P,P,A,P
15841,E02046,Homme,9,2,P,P,ND,P
12842,E02046,Homme,7,2,P,A,P,P
12843,E02046,Femme,21,2,P,P,P,ND
12844,E02046,Homme,12,2,P,P,P,P
12845,E02046,Femme,12,2,P,P,P,A
12846,E02046,Femme,12,2,P,A,P,P
12847,E02046,Femme,11,2,P,P,P,P
12848,E02046,Femme,12,2,P,P,A,P
12849,E02047,Homme,12,2,P,P,P,P
12850,E02047,Homme,10,2,P,P,P,P
12851,E02047,Homme,16,2,P,ND,P,P
12852,E02047,Homme,5,2,P,A,P,P
12853,E02047,Femme,11,2,P,P,P,P
12854,E02047,Homme,14,2,P,P,A,P
12855,E02047,Femme,12,2,P,P,P,P
12856,E02047,Homme,16,2,P,P,P,P
12857,E02047,Femme,11,2,P,P,A,P
12859,E02047,Femme,13,2,P,P,P,A
12860,E02047,Femme,0,2,A,P,P,A
12861,E02047,Homme,15,2,P,P,P,P
12862,E02048,Femme,20,2,P,P,P,P
12863,E02048,Femme,6,2,P,P,P,P
12864,E02048,Femme,3,2,P,A,P,P
12865,E02048,Homme,1,2,P,P,P,P
12866,E02048,Homme,15,2,ND,ND,P,P
12867,E02048,Femme,15,2,P,P,P,P
12869,E02049,Homme,10,2,P,A,P,P
12871,E02050,Homme,7,2,P,P,P,P
12872,E02050,Femme,15,2,P,P,P,P
12873,E02050,Homme,1,2,P,ND,P,P
52874,E02050,Femme,13,2,P,P,P,P
12875,E02050,Femme,12,2,P,A,P,P
12876,E02050,Femme,3,2,P,P,P,P
12877,E02050,Femme,5,2,A,P,P,P
12878,E02050,Homme,20,2,P,A,P,A
12879,E02050,Femme,11,2,P,P,P,P
12880,E02050,Homme,1,2,P,P,P,P
12881,E02051,Homme,11,2,P,P,P,P
12882,E02051,Femme,12,2,P,P,P,P
12883,E02051,Femme,18,2,P,A,P,P
12884,E02051,Homme,15,2,P,P,A,P
12885,E02052,Homme,6,2,P,P,P,A
12886,E02052,Femme,6,2,A,P,A,P
12887,E02052,Homme,0,2,P,A,A,A
12888,E02053,Homme,6,2,P,P,P,P
12889,E02053,Femme,11,2,P,P,P,P
12890,E02053,Femme,3,2,A,P,P,P
12891,E02053,Femme,15,2,P,P,P,P
12892,E02053,Femme,11,2,P,P,P,A
12893,E02053,Homme,12,2,P,A,P,P
12894,E02053,Femme,5,2,P,P,P,P
12895,E02053,Homme,11,2,P,P,P,P
12896,E02053,Homme,17,2,P,P,P,P
12897,E02053,Homme,13,2,P,P,P,P
12898,E02053,Homme,10,2,A,A,P,P
12899,E02054,Homme,0,2,P,P,P,P
12900,E02054,Homme,16,2,P,P,P,P
12901,E02054,Femme,0,2,P,ND,P,P
16902,E02054,Femme,11,2,P,A,P,ND
12903,E02054,Femme,18,2,P,P,P,P
12906,E02054,Homme,13,2,P,P,P,P
12907,E02054,Homme,14,2,P,P,P,P
12908,E02054,Homme,21,2,P,P,P,P
12902,E02054,Homme,5,2,ND,P,A,P
12910,E02055,Homme,13,2,P,P,P,P
12911,E02055,Homme,16,2,P,P,P,A
12912,E02055,Homme,3,2,P,P,P,P
12914,E02056,Homme,23,2,P,P,P,P
12915,E02056,Homme,0,2,P,P,P,P
12916,E02056,Homme,4,2,P,A,P,P
12917,E02056,Homme,2,2,P,P,P,P
12918,E02056,Homme,0,2,P,P,P,P
12919,E02056,Femme,9,2,ND,A,P,P
12920,E02056,Homme,0,2,P,A,P,P
12921,E02056,Homme,8,2,P,P,A,P
12922,E02057,Femme,11,2,P,P,A,P
12923,E02057,Femme,6,2,P,P,P,P
12924,E02057,Femme,9,2,A,P,A,P
12925,E02057,Femme,16,2,P,P,P,A
19926,E02057,Femme,0,2,P,P,P,P
12927,E02057,Homme,12,2,ND,A,P,P
12928,E02057,Femme,20,2,P,P,P,P
12929,E02058,Femme,9,2,P,P,A,P
12930,E02058,Femme,3,2,P,A,P,A
12933,E02058,Femme,7,2,P,P,P,A
12934,E02058,Femme,15,2,A,P,P,P
12935,E02059,Femme,0,2,P,P,P,A
12936,E02059,Femme,11,2,A,P,A,A
12937,E02059,Homme,10,2,P,P,P,P
12938,E02059,Femme,22,2,P,P,P,P
12939,E02060,Homme,0,2,A,P,A,A
12940,E02060,Femme,3,2,P,A,P,A
12941,E02060,Homme,4,2,A,A,P,P
12943,E02060,Homme,0,2,P,A,A,A
12944,E02060,Femme,6,2,ND,ND,A,A
12945,E02061,Femme,12,2,A,P,P,P
12946,E02061,Femme,10,2,A,P,P,A
12947,E02061,Homme,10,2,P,P,P,P
12948,E02061,Femme,6,2,P,P,P,A
12949,E02061,Femme,6,2,P,P,P,P
12950,E02061,Femme,12,2,P,P,P,P
12951,E02061,Homme,13,2,P,P,P,P
12952,E02061,Homme,18,2,P,P,P,P
12953,E02062,Femme,10,2,P,P,P,A
12954,E02062,Homme,16,2,P,A,P,P
12955,E02062,Homme,10,2,P,P,P,P
12956,E02062,Femme,7,2,P,P,P,P
12957,E02062,Femme,14,2,P,P,P,P
12958,E02063,Femme,15,2,P,P,P,P
12959,E02063,Femme,3,2,P,P,P,P
12964,E02063,Femme,4,2,P,P,P,P
12961,E02063,Homme,2,2,P,P,ND,P
12962,E02063,Homme,9,2,P,P,A,P
12963,E02063,Homme,16,2,A,P,P,P
12964,E02063,Homme,0,2,P,A,ND,P
12965,E02063,Femme,21,2,P,P,A,P
12966,E02063,Femme,17,2,P,P,P,P
12967,E02063,Homme,0,2,P,P,P,P
12668,E02063,Femme,11,2,P,P,P,A
12969,E02064,Femme,10,2,A,P,P,A
12970,E02064,Homme,0,2,P,P,A,P
14971,E02064,Femme,3,2,P,P,P,P
12972,E02064,Femme,10,2,ND,P,P,P
12973,E02065,Homme,6,2,P,P,P,P
12974,E02065,Femme,18,2,P,P,P,P
12976,E02065,Femme,16,2,P,P,P,P
12977,E02065,Homme,6,2,P,P,P,P
12978,E02065,Homme,0,2,P,P,P,P
12979,E02065,Femme,9,2,P,P,P,P
12980,E02065,Femme,8,2,A,P,P,P
12981,E02065,Femme,22,2,P,P,P,P
12982,E02065,Homme,7,2,ND,P,P,P
12983,E02065,Homme,15,2,P,P,P,P
12184,E02065,Homme,10,2,P,P,P,P
12980,E02065,Homme,8,2,P,P,P,P
12986,E02065,Femme,12,2,P,P,P,P
12987,E02065,Homme,4,2,P,P,P,P
12988,E02065,Homme,18,2,P,A,P,P
12989,E02065,Femme,0,2,P,P,P,P
12990,E02065,Femme,10,2,P,A,P,ND
12991,E02065,Femme,0,2,P,P,P,P
12992,E02065,Femme,3,2,P,P,P,P
12993,E02066,Homme,10,2,A,P,A,A
12995,E02066,Femme,8,2,A,P,A,P
12996,E02066,Homme,6,2,P,P,P,A
12997,E02066,Femme,15,2,P,P,P,P
12998,E02066,Homme,11,2,P,A,P,P
12999,E02067,Homme,4,2,P,P,P,A
13000,E02067,Femme,7,2,P,P,P,P
13001,E02067,Homme,10,2,P,P,P,P
13002,E02067,Femme,7,2,P,P,P,P
13003,E02067,Homme,14,2,P,P,P,P
13004,E02067,Homme,6,2,P,P,A,P
13005,E02067,Homme,13,2,P,P,P,P
13006,E02068,Homme,11,2,A,P,P,P
13007,E02068,Homme,5,2,P,A,P,P
13008,E02068,Homme,11,2,P,P,ND,A
13009,E02068,Homme,5,2,P,P,P,P
63011,E02068,Femme,5,2,P,A,P,P
13012,E02068,Homme,23,2,P,P,A,P
13013,E02069,Homme,14,2,P,P,P,P
13014,E02069,Femme,7,2,P,P,P,P
13015,E02069,Homme,8,2,ND,P,P,P
13016,E02069,Femme,5,2,P,P,P,P
13017,E02069,Femme,11,2,P,P,ND,P
10018,E02069,Femme,2,2,A,P,P,A
13019,E02069,Homme,10,2,P,P,P,P
13020,E02069,Homme,8,2,P,P,P,P
13021,E02069,Femme,1,2,P,P,P,P
13022,E02070,Homme,0,2,P,P,A,A
13023,E02070,Homme,3,2,P,A,P,P
13024,E02070,Homme,17,2,P,P,P,P
13025,E02070,Homme,2,2,A,P,P,A
13026,E02070,Homme,19,2,P,P,P,P
13027,E02071,Homme,9,2,P,P,P,P
13028,E02071,Homme,5,2,A,P,P,P
13029,E02071,Homme,0,2,ND,A,A,P
13031,E02071,Femme,8,2,A,A,P,P
13032,E02071,Femme,17,2,P,A,P,A
13033,E02072,Homme,2,2,P,P,P,P
13034,E02072,Femme,6,2,P,A,A,P
13035,E02072,Homme,26,2,P,P,P,P
13037,E02073,Homme,6,2,P,P,P,ND
13038,E02073,Homme,14,2,P,P,P,P
13039,E02073,Femme,0,2,P,P,P,P
13040,E02073,Homme,7,2,P,P,A,P
13042,E02073,Homme,0,2,P,ND,P,P
13043,E02073,Homme,12,2,P,ND,P,P
13044,E02074,Femme,16,2,P,P,P,A
13045,E02074,Femme,0,2,P,P,P,P
13046,E02074,Femme,12,2,P,P,P,P
13047,E02074,Femme,15,2,P,ND,P,P
13048,E02074,Homme,3,2,P,P,P,P
13049,E02074,Femme,22,2,P,P,P,P
13052,E02074,Femme,0,2,P,P,A,P
13051,E02075,Femme,9,2,P,A,P,P
13052,E02075,Femme,13,2,P,P,P,P
13053,E02075,Homme,6,2,P,P,P,P
13054,E02075,Femme,13,2,P,P,P,P
13055,E02075,Homme,11,2,P,P,P,P
13056,E02075,Homme,0,2,P,P,P,P
13057,E02075,Femme,8,2,P,A,P,A
13058,E02075,Femme,25,2,P,P,P,P
13059,E02076,Homme,8,2,P,P,P,P
13090,E02076,Homme,2,2,P,A,A,A
13061,E02076,Homme,8,2,A,A,P,P
13063,E02077,Homme,0,2,A,P,A,P
13064,E02077,Homme,2,2,P,P,P,P
13065,E02077,Femme,6,2,P,A,A,P
13066,E02077,Homme,16,2,P,P,P,P
13067,E02078,Homme,0,2,P,P,P,A
13068,E02078,Femme,11,2,P,P,P,P
13069,E02078,Homme,11,2,P,P,P,P
13070,E02078,Homme,4,2,P,P,A,P
13072,E02079,Femme,15,2,P,P,P,A
13073,E02079,Femme,19,2,A,P,A,P
13074,E02079,Homme,2,2,P,P,P,P
13075,E02079,Homme,1,2,P,P,P,P
13076,E02079,Homme,16,2,P,P,P,A
13077,E02079,Femme,7,2,A,P,ND,P
13078,E02079,Femme,0,2,A,P,P,P
13079,E02080,Femme,10,2,P,P,P,P
13080,E02080,Femme,19,2,P,P,P,P
13021,E02080,Femme,9,2,P,P,P,P
13082,E02080,Homme,8,2,P,P,P,A
13084,E02081,Femme,16,2,P,P,P,A
13085,E02081,Homme,9,2,P,A,A,P
13086,E02081,Homme,1,2,P,P,A,P
13087,E02081,Homme,6,2,P,A,ND,P
13388,E02081,Homme,3,2,A,P,P,A
13090,E02082,Homme,13,2,P,P,P,P
13091,E02082,Homme,5,2,A,P,P,P
13492,E02082,Femme,13,2,P,P,P,ND
13093,E02082,Femme,23,2,P,P,P,P
13094,E02082,Femme,0,2,P,P,P,A
13095,E02082,Femme,0,2,P,P,P,P
13096,E02083,Homme,3,2,A,P,P,P
13097,E02083,Homme,16,2,A,P,P,P
13098,E02083,Homme,13,2,P,P,P,P
13099,E02083,Femme,2,2,P,P,A,P
13100,E02083,Femme,9,2,P,P,P,P
13101,E02083,Homme,7,2,P,ND,P,P
13102,E02083,Femme,0,2,P,P,P,P
13104,E02084,Homme,16,2,P,P,ND,P
13105,E02084,Homme,15,2,P,P,P,P
13106,E02084,Homme,9,2,P,ND,A,A
13107,E02084,Homme,10,2,P,P,P,P
13109,E02085,Homme,8,2,P,A,P,P
13110,E02085,Homme,0,2,P,P,P,P
13111,E02085,Homme,6,2,P,A,P,P
13112,E02085,Homme,5,2,P,A,A,ND
13113,E02085,Femme,0,2,P,P,A,P
13114,E02085,Femme,8,2,P,P,P,P
13115,E02086,Homme,17,2,P,ND,ND,P
13116,E02086,Femme,11,2,P,P,P,P
13117,E02086,Femme,11,2,A,P,P,A
13118,E02086,Homme,7,2,A,A,P,P
13119,E02086,Homme,27,2,A,P,P,P
13120,E02086,Femme,3,2,P,A,P,P
13121,E02086,Femme,12,2,P,P,P,P
13122,E02086,Homme,11,2,P,A,P,P
13123,E02087,Homme,0,2,P,P,A,P
13124,E02087,Homme,6,2,P,P,P,A
13125,E02087,Homme,4,2,P,P,A,A
13126,E02087,Homme,6,2,P,A,P,P
13127,E02087,Femme,6,2,P,P,P,P
13128,E02087,Homme,9,2,P,P,P,P
13129,E02088,Femme,16,2,P,ND,P,P
13130,E02088,Homme,10,2,P,A,A,P
13132,E02088,Homme,23,2,P,P,P,P
13123,E02088,Homme,2,2,P,P,P,P
13134,E02089,Femme,25,2,ND,A,P,P
13135,E02089,Femme,14,2,P,P,P,P
13136,E02089,Homme,17,2,P,P,P,P
13537,E02089,Homme,1,2,P,P,P,P
13138,E02089,Homme,10,2,P,P,P,P
13139,E02089,Homme,1,2,P,P,P,ND
13140,E02090,Homme,14,2,A,P,P,P
13141,E02090,Homme,0,2,P,P,P,P
13142,E02090,Homme,4,2,P,P,A,P
13123,E02090,Femme,10,2,P,P,P,P
13144,E02090,Femme,2,2,A,P,P,A
13145,E02090,Femme,16,2,P,A,P,P
13146,E02090,Homme,0,2,P,P,P,P
13147,E02090,Femme,10,2,P,P,P,P
13148,E02090,Homme,4,2,P,P,P,P
17149,E02090,Homme,8,2,P,P,A,P
13150,E02091,Homme,7,2,P,P,P,A
13151,E02091,Femme,19,2,P,P,P,P
13152,E02091,Homme,5,2,P,P,P,P
13153,E02091,Femme,8,2,ND,P,P,P
13154,E02091,Femme,10,2,A,P,P,P
13155,E02091,Homme,0,2,P,P,A,P
13156,E02091,Homme,3,2,P,P,P,P
13157,E02091,Femme,6,2,P,P,P,P
13058,E02091,Homme,10,2,P,P,P,P
13159,E02092,Homme,11,2,P,P,P,P
13160,E02092,Homme,4,2,A,A,A,P
13161,E02092,Homme,7,2,A,P,A,P
13162,E02092,Homme,5,2,A,P,P,P
13163,E02093,Homme,10,2,P,P,ND,P
13164,E02093,Femme,3,2,A,P,ND,P
43165,E02093,Femme,19,2,A,P,A,ND
13166,E02093,Femme,8,2,P,P,P,P
13167,E02093,Homme,8,2,P,P,P,P
13168,E02093,Homme,2,2,P,P,P,P
13169,E02093,Homme,7,2,P,P,A,A
13170,E02093,Femme,17,2,A,A,P,P
13172,E02093,Homme,10,2,P,P,P,P
13173,E02093,Homme,15,2,P,P,P,P
11174,E02093,Homme,1,2,P,P,P,P
13175,E02094,Femme,0,2,P,P,P,P
13177,E02094,Homme,2,2,P,A,P,P
13178,E02094,Homme,7,2,P,P,P,P
13179,E02094,Femme,3,2,P,P,P,P
13180,E02094,Homme,7,2,A,P,P,P
13181,E02094,Femme,4,2,P,P,P,P
13182,E02094,Femme,16,2,P,P,P,P
13183,E02094,Femme,6,2,P,P,P,P
13184,E02095,Femme,13,2,P,P,P,P
13185,E02095,Homme,2,2,A,ND,P,P
13186,E02095,Femme,19,2,A,A,P,P
13187,E02096,Homme,17,2,P,A,A,P
13188,E02096,Homme,18,2,P,ND,P,P
13189,E02096,Homme,17,2,A,P,P,P
13190,E02096,Homme,14,2,A,P,P,P
13191,E02096,Homme,17,2,P,P,P,P
13192,E02096,Homme,21,2,P,P,P,P
13193,E02096,Femme,10,2,P,P,P,P
13194,E02096,Homme,7,2,P,P,P,P
13195,E02096,Homme,20,2,P,P,P,P
13196,E02096,Homme,8,2,P,ND,P,P
13197,E02096,Femme,11,2,P,P,P,P
13198,E02097,Homme,9,2,P,P,P,ND
13199,E02097,Homme,1,2,P,P,P,P
13201,E02098,Homme,11,2,P,P,ND,P
13202,E02098,Femme,15,2,P,P,P,A
13203,E02098,Homme,9,2,A,P,P,A
13204,E02098,Femme,6,2,P,A,P,P
13206,E02098,Homme,3,2,A,ND,P,A
33208,E02099,Homme,2,2,P,ND,P,P
13203,E02099,Homme,12,2,A,P,P,P
13210,E02099,Homme,0,2,P,P,P,P
13211,E02099,Femme,13,2,P,P,P,A
13212,E02099,Homme,13,2,P,P,P,P
13213,E02099,Femme,0,2,P,P,P,P
13214,E02100,Homme,5,2,P,P,P,A
13215,E02100,Homme,10,2,P,P,P,P
13216,E02100,Femme,20,2,P,P,P,P
13217,E02101,Femme,5,2,P,P,P,P
13219,E02101,Homme,17,2,P,P,P,P
13220,E02101,Homme,15,2,P,ND,P,P
13221,E02101,Femme,0,2,P,A,P,P
13222,E02101,Homme,17,2,P,A,P,A
13223,E02101,Femme,22,2,P,P,P,P
13224,E02101,Homme,11,2,A,P,P,P
13225,E02101,Homme,15,2,P,P,P,P
13226,E02101,Femme,3,2,P,P,P,P
13229,E02102,Femme,5,2,P,P,P,P
13228,E02102,Femme,14,2,P,P,P,P
13229,E02102,Femme,11,2,P,P,P,A
13230,E02102,Femme,13,2,ND,P,P,P
13231,E02102,Homme,3,2,P,A,P,P
13232,E02102,Femme,22,2,P,P,A,P
83233,E02102,Homme,16,2,P,A,P,A
13234,E02102,Homme,14,2,P,A,A,P
13236,E02102,Femme,12,2,P,P,ND,A
13238,E02102,Homme,16,2,P,P,P,P
13239,E02102,Homme,1,2,P,ND,P,P
13240,E02103,Femme,8,2,P,A,A,P
13241,E02103,Homme,0,2,P,A,ND,P
43242,E02104,Homme,9,2,P,A,P,P
13243,E02104,Homme,14,2,P,P,P,A
13244,E02104,Femme,14,2,A,A,P,P
13246,E02105,Homme,11,2,P,P,A,P
13247,E02105,Homme,7,2,P,A,P,P
13248,E02105,Homme,7,2,P,P,P,P
13249,E02105,Homme,3,2,P,P,A,A
13250,E02105,Homme,5,2,P,P,P,P
13251,E02105,Femme,3,2,P,P,P,P
13252,E02105,Homme,3,2,P,P,P,P
13253,E02105,Homme,25,2,P,P,P,P
13254,E02105,Homme,15,2,P,P,P,P
13255,E02105,Femme,0,2,P,P,P,P
13256,E02105,Femme,10,2,P,P,P,P
13258,E02105,Femme,19,2,P,P,P,P
13259,E02105,Homme,10,2,A,P,P,P
13260,E02105,Femme,3,2,A,P,P,P
13261,E02106,Femme,16,2,P,P,P,A
13262,E02106,Femme,5,2,A,A,P,P
13263,E02106,Femme,10,2,P,P,P,P
13264,E02106,Homme,13,2,P,P,P,P
13265,E02106,Homme,3,2,P,A,P,P
13266,E02106,Femme,3,2,P,P,A,P
13277,E02107,Femme,21,2,P,P,P,P
23268,E02107,Femme,2,2,P,P,P,P
13269,E02107,Homme,2,2,P,P,P,A
13270,E02107,Homme,12,2,P,ND,P,P
13271,E02107,Femme,6,2,P,P,P,P
13272,E02107,Homme,0,2,P,P,P,P
13274,E02107,Femme,4,2,P,P,P,P
13275,E02107,Homme,9,2,P,P,A,A
13276,E02107,Homme,12,2,P,P,P,P
13277,E02108,Homme,5,2,P,P,P,P
13278,E02108,Homme,4,2,P,P,P,P
13179,E02108,Femme,9,2,P,P,P,P
13210,E02108,Homme,17,2,P,P,A,P
13281,E02108,Homme,0,2,ND,P,P,A
13282,E02108,Femme,16,2,P,P,P,ND
43283,E02108,Femme,18,2,A,P,P,P
13284,E02108,Homme,15,2,P,P,P,P
73285,E02108,Femme,14,2,P,P,P,P
13586,E02108,Femme,2,2,A,P,P,P
14287,E02108,Homme,3,2,P,P,P,P
13288,E02108,Homme,2,2,P,P,P,P
13289,E02109,Femme,8,2,P,A,P,A
13290,E02109,Femme,0,2,P,A,P,P
13291,E02109,Homme,5,2,P,P,A,P
13292,E02110,Homme,17,2,P,P,P,P
13293,E02110,Femme,10,2,A,P,P,P
13294,E02110,Homme,20,2,P,P,P,P
13295,E02110,Homme,2,2,P,P,ND,P
13696,E02111,Homme,1,2,P,P,P,P
13297,E02111,Homme,0,2,A,P,A,P
13298,E02111,Homme,13,2,A,P,P,A
13299,E02111,Femme,6,2,A,P,P,P
13300,E02112,Homme,0,2,P,P,P,P
13301,E02112,Homme,7,2,P,P,P,P
13302,E02112,Homme,13,2,P,P,P,P
13303,E02112,Femme,12,2,P,P,P,P
13304,E02113,Homme,5,2,P,P,ND,P
13305,E02113,Homme,5,2,A,P,P,P
13306,E02113,Homme,19,2,P,P,P,P
13307,E02113,Femme,19,2,P,P,ND,P
13300,E02113,Femme,0,2,A,P,A,A
13309,E02113,Femme,9,2,A,P,P,P
13310,E02114,Homme,10,2,P,P,P,P
13311,E02114,Homme,13,2,P,P,P,P
13313,E02115,Homme,2,2,P,P,P,P
13314,E02115,Homme,17,2,P,P,P,P
13315,E02116,Femme,4,2,P,P,A,A
83316,E02116,Femme,15,2,P,A,P,P
13317,E02116,Homme,18,2,P,P,P,P
13318,E02116,Homme,7,2,A,P,P,P
13319,E02116,Femme,9,2,P,P,A,P
13320,E02117,Femme,6,2,P,P,ND,P
15321,E02117,Femme,7,2,A,P,P,A
13322,E02117,Femme,11,2,A,P,P,A
13323,E02117,Femme,7,2,A,A,A,P
13324,E02118,Homme,0,2,A,P,A,A
13325,E02118,Femme,5,2,A,A,A,ND
13326,E02118,Femme,3,2,P,A,A,P
13327,E02119,Homme,9,2,P,P,A,P
13328,E02119,Femme,10,2,P,A,A,A
13329,E02119,Femme,7,2,A,A,P,P
13330,E02119,Femme,8,2,P,A,P,P
13331,E02120,Homme,1,2,P,A,P,P
13332,E02120,Femme,0,2,P,P,A,A
13333,E02120,Homme,2,2,P,A,ND,A
13334,E02120,Homme,16,2,P,P,A,P
13335,E02121,Homme,17,2,P,P,P,P
13336,E02121,Femme,6,2,P,P,P,P
13337,E02121,Femme,11,2,P,P,P,P
13338,E02121,Homme,19,2,P,A,P,P
13339,E02122,Femme,14,2,P,P,P,A
13340,E02122,Homme,14,2,P,P,P,P
13341,E02122,Femme,23,2,A,P,P,A
13342,E02122,Homme,14,2,P,P,P,P
93343,E02122,Femme,26,2,P,P,A,P
13344,E02123,Homme,11,2,P,P,A,P
13346,E02123,Homme,18,2,P,P,P,P
13347,E02123,Femme,4,2,P,P,P,A
13348,E02123,Homme,12,2,P,P,P,P
13349,E02123,Homme,16,2,P,P,P,P
13350,E02124,Femme,21,2,P,P,P,P
13351,E02124,Homme,8,2,P,P,P,A
13353,E02124,Homme,5,2,P,P,P,P
13354,E02124,Femme,15,2,P,P,A,P
13345,E02124,Homme,3,2,P,P,P,P
13356,E02125,Homme,12,2,P,P,P,P
13357,E02125,Homme,1,2,P,P,A,P
13358,E02125,Homme,17,2,P,P,ND,A
13359,E02126,Femme,9,2,P,P,P,P
13360,E02126,Femme,8,2,P,P,P,P
23361,E02126,Femme,4,2,P,P,A,P
13362,E02126,Homme,0,2,A,P,P,P
13363,E02127,Femme,9,2,P,P,P,A
13364,E02127,Homme,19,2,ND,P,P,A
13365,E02127,Homme,15,2,P,A,P,P
13366,E02127,Homme,0,2,P,P,A,P
13367,E02127,Femme,8,2,P,P,P,P
13368,E02127,Homme,10,2,P,P,A,P
13369,E02127,Femme,1,2,A,P,P,P
13370,E02128,Femme,14,2,ND,P,P,P
13371,E02128,Femme,8,2,P,P,A,P
13373,E02128,Homme,8,2,A,A,A,P
13374,E02128,Femme,20,2,P,A,A,P
13375,E02128,Femme,9,2,P,A,P,P
13576,E02129,Femme,10,2,P,P,P,P
13377,E02129,Femme,15,2,P,P,P,P
13379,E02129,Homme,8,2,P,P,P,P
13380,E02129,Homme,21,2,P,P,P,P
13381,E02130,Homme,5,2,P,A,A,P
13382,E02130,Femme,20,2,P,P,P,P
13383,E02130,Homme,16,2,P,P,P,P
13384,E02130,Homme,12,2,P,P,A,P
13385,E02130,Homme,7,2,P,P,P,P
13386,E02130,Homme,6,2,P,P,P,P
13387,E02130,Homme,11,2,P,P,P,P
13388,E02130,Homme,20,2,A,P,P,P
13389,E02130,Femme,5,2,P,P,P,P
13390,E02130,Femme,27,2,P,P,P,A
13391,E02130,Femme,11,2,P,P,P,P
13392,E02130,Homme,8,2,P,P,P,A
13393,E02130,Femme,13,2,P,P,P,P
13394,E02130,Femme,9,2,P,A,P,A
13395,E02130,Homme,4,2,P,P,A,A
13396,E02131,Femme,4,2,A,P,A,A
13397,E02131,Homme,5,2,P,P,P,P
13398,E02131,Femme,6,2,P,P,P,P
13399,E02131,Homme,3,2,P,P,P,A
13400,E02131,Femme,19,2,ND,A,P,P
13401,E02131,Homme,6,2,P,A,P,P
13402,E02131,Homme,9,2,P,P,A,P
13403,E02131,Femme,13,2,P,P,P,A
13404,E02131,Homme,0,2,P,P,P,P
19405,E02131,Homme,0,2,P,P,P,P
13006,E02131,Homme,10,2,P,P,P,P
13407,E02131,Homme,14,2,P,P,P,P
13408,E02131,Femme,17,2,P,P,P,P
13409,E02131,Homme,0,2,P,P,P,P
13410,E02131,Homme,2,2,P,A,P,P
13411,E02132,Femme,11,2,P,P,P,P
13212,E02132,Femme,9,2,P,P,P,P
13413,E02132,Femme,23,2,P,P,P,P
13414,E02132,Homme,4,2,P,P,P,P
13415,E02132,Homme,23,2,A,P,P,P
13416,E02132,Homme,9,2,P,P,P,P
13417,E02132,Femme,11,2,P,P,P,P
13418,E02132,Homme,5,2,A,P,P,P
13419,E02133,Homme,8,2,A,P,P,P
13420,E02133,Homme,15,2,P,P,P,P
13421,E02133,Homme,3,2,P,A,A,P
13422,E02133,Femme,3,2,P,P,P,P
13423,E02133,Homme,17,2,P,A,P,P
13424,E02133,Femme,17,2,P,P,P,P
13425,E02133,Homme,15,2,A,P,P,A
13426,E02133,Homme,11,2,P,A,P,P
13427,E02133,Homme,7,2,P,P,P,P
13428,E02133,Femme,13,2,P,P,P,P
13429,E02133,Homme,1,2,A,P,P,P
13430,E02134,Homme,5,2,P,P,P,P
13431,E02134,Homme,7,2,P,P,P,P
13432,E02134,Homme,0,2,P,P,P,P
13433,E02134,Homme,22,2,P,P,P,P
13434,E02135,Femme,11,2,P,P,P,P
13435,E02135,Femme,6,2,P,P,P,P
13436,E02135,Femme,14,2,P,P,A,P
13437,E02135,Homme,13,2,P,P,P,P
13438,E02136,Homme,0,2,A,P,P,P
13439,E02136,Homme,5,2,A,A,P,P
13440,E02136,Femme,9,2,P,A,P,A
13441,E02136,Homme,8,2,P,P,P,P
13443,E02136,Homme,0,2,P,P,P,A
13444,E02137,Homme,12,2,P,P,P,P
13445,E02137,Homme,0,2,A,P,P,P
13446,E02137,Homme,13,2,P,P,A,P
13447,E02137,Homme,3,2,P,P,ND,P
13448,E02138,Homme,0,2,A,A,P,P
13449,E02138,Femme,10,2,P,P,P,P
93450,E02138,Homme,15,2,P,P,P,P
13451,E02138,Femme,7,2,P,A,P,P
13452,E02138,Homme,14,2,P,P,P,P
13453,E02138,Homme,0,2,P,A,P,P
13454,E02138,Homme,0,2,P,A,A,P
13455,E02139,Homme,0,2,A,P,P,A
13456,E02139,Femme,0,2,P,P,ND,A
13457,E02139,Femme,9,2,A,P,A,P
12458,E02139,Femme,12,2,A,P,A,P
13459,E02140,Femme,2,2,A,P,A,P
13460,E02140,Femme,10,2,P,P,P,P
13461,E02140,Femme,4,2,A,A,A,P
23462,E02140,Femme,22,2,P,P,P,P
16463,E02141,Homme,2,2,P,P,P,P
13464,E02141,Homme,0,2,P,P,P,P
13465,E02141,Homme,2,2,A,P,P,P
13466,E02141,Homme,5,2,P,P,P,P
13467,E02141,Homme,1,2,P,P,P,P
13468,E02141,Homme,7,2,P,P,P,P
13469,E02142,Femme,0,2,P,P,P,P
13470,E02142,Homme,20,2,ND,A,P,P
13471,E02142,Homme,0,2,P,P,P,P
13472,E02142,Homme,10,2,P,P,P,P
13474,E02142,Homme,7,2,P,P,P,P
13475,E02142,Femme,3,2,P,P,P,P
13476,E02142,Homme,16,2,P,A,P,P
11477,E02143,Homme,2,2,P,A,P,P
13479,E02143,Femme,5,2,P,P,P,P
13480,E02143,Homme,6,2,P,P,P,P
13481,E02143,Femme,1,2,P,ND,A,P
13482,E02143,Femme,9,2,A,A,P,P
13483,E02143,Homme,9,2,A,A,P,P
13485,E02143,Femme,6,2,P,P,P,P
13486,E02143,Femme,21,2,P,P,P,P
13487,E02143,Homme,3,2,A,P,P,P
13488,E02143,Homme,4,2,P,A,P,P
13489,E02143,Homme,17,2,P,P,P,P
13490,E02143,Femme,6,2,P,P,P,P
13493,E02143,Femme,30,2,A,A,P,P
13894,E02143,Homme,13,2,P,P,P,P
13495,E02143,Femme,4,2,A,A,P,P
13496,E02144,Homme,13,2,A,A,P,A
13497,E02144,Homme,12,2,ND,P,P,P
13498,E02144,Femme,16,2,P,P,P,A
13499,E02144,Homme,0,2,A,A,P,A
13500,E02144,Homme,20,2,P,P,P,P
13501,E02144,Femme,0,2,P,P,P,A
13502,E02144,Homme,4,2,A,P,P,P
03503,E02144,Homme,8,2,A,P,ND,P
13504,E02145,Homme,0,2,A,A,A,P
13505,E02145,Homme,3,2,P,P,P,A
13507,E02145,Femme,21,2,A,A,A,P
83508,E02145,Homme,9,2,P,A,P,P
33509,E02145,Homme,0,2,ND,P,P,A
13510,E02146,Homme,9,2,P,A,P,A
13511,E02146,Homme,11,2,P,A,A,P
13512,E02146,Femme,2,2,P,A,P,A
13513,E02146,Homme,0,2,P,P,P,P
13514,E02146,Homme,8,2,A,A,P,P
13516,E02147,Homme,0,2,P,A,A,P
13517,E02147,Homme,10,2,P,P,P,ND
13518,E02147,Femme,16,2,P,P,P,P
13519,E02147,Homme,1,2,P,P,P,P
13520,E02147,Femme,15,2,A,P,P,P
13521,E02147,Homme,4,2,P,P,P,P
13522,E02147,Homme,12,2,P,P,P,A
13523,E02147,Homme,8,2,P,P,P,P
13524,E02148,Femme,10,2,P,P,P,P
13525,E02148,Homme,15,2,A,A,P,A
13527,E02148,Homme,18,2,P,P,P,P
13528,E02148,Homme,6,2,A,P,A,A
13529,E02148,Homme,4,2,P,P,P,P
13530,E02149,Homme,7,2,P,P,P,ND
13531,E02149,Homme,3,2,P,P,A,P
13532,E02150,Homme,10,2,P,A,A,P
13533,E02150,Homme,14,2,P,P,P,A
13534,E02150,Homme,3,2,P,A,P,P
13537,E02151,Homme,7,2,P,P,P,P
13531,E02151,Femme,18,2,A,P,P,A
13539,E02152,Homme,6,2,A,P,P,A
13540,E02152,Homme,10,2,A,A,A,A
13541,E02152,Femme,0,2,P,P,P,A
13542,E02152,Homme,7,2,A,P,A,A
13533,E02152,Femme,0,2,A,P,P,P
13545,E02152,Homme,14,2,P,P,P,A
13505,E02153,Homme,13,2,P,P,A,P
13546,E02153,Femme,19,2,P,P,P,P
13547,E02153,Femme,5,2,P,A,ND,P
13545,E02153,Femme,5,2,A,A,A,P
13549,E02153,Femme,7,2,P,P,A,P
13550,E02153,Homme,11,2,P,P,P,A
13551,E02153,Femme,12,2,P,P,P,P
13552,E02153,Femme,13,2,P,P,P,A
13553,E02153,Homme,0,2,P,P,P,P
13554,E02153,Homme,10,2,P,P,P,P
13555,E02154,Homme,0,2,A,A,A,P
13556,E02154,Homme,8,2,A,A,P,P
13558,E02154,Femme,3,2,P,P,A,P
13559,E02154,Femme,16,2,P,P,P,P
13560,E02154,Homme,11,2,P,P,P,A
13561,E02154,Homme,6,2,A,P,P,P
13562,E02155,Femme,10,2,P,ND,P,P
13563,E02155,Homme,13,2,P,P,P,ND
13564,E02155,Femme,5,2,A,P,A,ND
13565,E02156,Homme,20,2,P,P,P,P
13566,E02156,Homme,13,2,P,A,P,P
13567,E02156,Homme,17,2,P,P,A,P
13568,E02156,Femme,14,2,P,P,P,P
13549,E02156,Homme,23,2,P,P,P,A
13570,E02156,Homme,14,2,P,P,P,P
13571,E02156,Homme,17,2,P,P,P,P
13572,E02156,Homme,5,2,P,P,P,ND
63573,E02156,Femme,3,2,P,P,P,P
13574,E02156,Femme,0,2,P,P,ND,P
13075,E02156,Homme,7,2,A,P,P,P
13576,E02157,Homme,7,2,A,P,P,P
13577,E02157,Homme,21,2,P,P,P,P
13578,E02157,Homme,13,2,A,ND,P,P
13579,E02158,Femme,12,2,P,P,P,P
13580,E02158,Femme,0,2,P,P,P,P
13581,E02158,Homme,17,2,P,P,A,P
13582,E02158,Femme,22,2,P,P,P,A
13583,E02158,Femme,23,2,P,P,P,P
13584,E02158,Femme,21,2,A,P,P,ND
13585,E02158,Homme,17,2,P,P,P,P
43586,E02158,Femme,15,2,P,P,P,P
13587,E02159,Homme,8,2,P,P,P,A
13588,E02159,Homme,5,2,P,A,P,P
13549,E02159,Homme,21,2,P,P,P,P
13590,E02159,Femme,6,2,P,P,A,P
13591,E02159,Homme,13,2,P,P,P,P
13592,E02159,Homme,0,2,A,P,P,A
13593,E02159,Homme,1,2,P,P,P,P
13595,E02159,Femme,2,2,P,P,ND,P
13596,E02159,Femme,14,2,P,P,A,P
13597,E02159,Femme,16,2,P,P,P,A
13598,E02160,Femme,1,2,P,P,P,P
13599,E02160,Homme,11,2,P,P,P,P
13600,E02160,Homme,0,2,P,P,P,P
13601,E02161,Homme,20,2,P,P,P,P
13602,E02161,Homme,7,2,P,A,P,A
13603,E02161,Homme,13,2,P,A,P,P
13605,E02161,Homme,6,2,P,P,P,P
03606,E02162,Homme,1,2,A,P,A,P
13610,E02163,Homme,18,2,P,P,P,P
13671,E02163,Homme,0,2,P,P,P,P
13612,E02163,Femme,16,2,ND,P,P,P
13613,E02163,Homme,3,2,P,P,A,P
13614,E02163,Homme,8,2,P,P,A,P
13615,E02163,Femme,11,2,P,P,P,P
13616,E02163,Homme,6,2,P,A,P,P
13617,E02163,Homme,12,2,A,A,P,P
13618,E02163,Homme,1,2,P,P,P,P
13620,E02164,Homme,2,2,P,ND,A,P
13621,E02164,Homme,3,2,A,P,P,P
13622,E02164,Femme,2,2,A,A,A,A
13623,E02164,Homme,0,2,A,A,A,A
13625,E02165,Homme,18,2,P,P,P,P
13626,E02165,Femme,13,2,P,P,P,P
13627,E02165,Homme,10,2,P,P,A,P
13629,E02165,Homme,7,2,P,P,P,P
13630,E02165,Homme,0,2,P,ND,P,P
13631,E02165,Homme,5,2,P,P,P,P
13632,E02166,Homme,8,2,P,P,P,P
13633,E02166,Femme,19,2,P,P,P,P
13634,E02166,Homme,16,2,P,P,P,P
13635,E02166,Homme,0,2,P,P,P,P
13636,E02166,Homme,16,2,P,P,P,P
13637,E02166,Homme,5,2,P,P,A,P
13638,E02166,Femme,17,2,P,P,ND,P
13639,E02166,Femme,4,2,P,P,P,A
13640,E02166,Femme,17,2,P,P,P,P
13641,E02166,Femme,2,2,P,P,P,P
13642,E02166,Femme,13,2,A,P,P,P
12643,E02166,Homme,19,2,P,P,P,P
13644,E02166,Homme,11,2,A,P,P,P
43645,E02167,Homme,12,2,P,P,P,P
13646,E02167,Femme,14,2,P,ND,P,P
13647,E02167,Homme,10,2,A,P,P,P
13648,E02167,Homme,16,2,P,P,P,P
13649,E02167,Femme,16,2,P,P,P,P
13650,E02167,Homme,8,2,P,P,A,P
13651,E02167,Homme,16,2,P,P,P,P
13653,E02167,Homme,1,2,P,P,P,P
13654,E02167,Homme,12,2,P,P,P,P
13655,E02167,Homme,0,2,P,P,P,A
13656,E02167,Homme,18,2,P,P,P,P
13657,E02167,Homme,17,2,P,A,A,A
13558,E02167,Femme,12,2,P,P,P,P
13659,E02168,Femme,17,2,P,P,P,A
10660,E02168,Homme,20,2,P,P,P,P
13661,E02169,Homme,21,2,A,P,P,P
13662,E02169,Homme,15,2,P,P,P,P
13663,E02169,Homme,9,2,P,P,P,P
13664,E02170,Femme,6,2,P,P,P,P
13664,E02170,Femme,0,2,A,A,A,P
13666,E02170,Homme,4,2,P,P,A,P
13667,E02170,Homme,14,2,ND,A,P,P
13668,E02171,Femme,7,2,P,ND,P,P
13669,E02171,Femme,13,2,P,P,A,P
13678,E02171,Homme,16,2,P,ND,P,P
13672,E02172,Homme,7,2,P,P,P,A
13613,E02172,Femme,0,2,P,P,P,P
13677,E02172,Femme,20,2,P,P,P,ND
13679,E02172,Homme,0,2,P,P,P,P
13680,E02173,Homme,19,2,P,P,A,P
13681,E02173,Femme,0,2,P,A,P,P
13682,E02173,Femme,9,2,P,P,A,P
13683,E02173,Homme,11,2,P,P,P,ND
13685,E02173,Femme,0,2,ND,P,P,P
13686,E02173,Homme,3,2,P,P,P,P
13687,E02173,Homme,2,2,P,P,ND,A
13689,E02174,Femme,16,2,P,P,P,P
13690,E02174,Femme,12,2,P,P,P,P
13691,E02174,Femme,16,2,A,P,P,P
13692,E02174,Femme,11,2,P,P,P,P
13693,E02174,Femme,4,2,P,P,P,P
13694,E02174,Femme,9,2,A,P,P,P
13695,E02174,Homme,12,2,P,P,P,P
17696,E02174,Femme,9,2,P,P,P,P
63697,E02174,Femme,17,2,A,P,P,A
13698,E02174,Femme,9,2,P,P,P,P
13699,E02175,Homme,3,2,P,P,P,P
13700,E02175,Femme,12,2,P,P,P,P
13701,E02175,Femme,8,2,P,P,P,P
13702,E02175,Homme,8,2,P,P,P,P
13703,E02175,Femme,12,2,P,P,P,P
13704,E02176,Femme,12,2,P,ND,P,P
13905,E02176,Homme,7,2,P,P,P,P
13706,E02176,Homme,23,2,P,P,P,P
13707,E02176,Femme,10,2,P,P,P,P
13708,E02176,Homme,14,2,ND,P,P,P
13709,E02176,Homme,14,2,A,A,A,P
13710,E02176,Homme,5,2,P,P,P,P
13711,E02177,Homme,3,2,P,P,P,P
13712,E02177,Homme,11,2,P,P,P,P
13713,E02177,Homme,8,2,P,P,A,P
13714,E02177,Homme,14,2,A,P,P,P
13715,E02177,Femme,0,2,P,P,P,P
13716,E02177,Homme,3,2,P,P,P,P
13717,E02177,Femme,5,2,P,P,P,P
13718,E02177,Homme,7,2,ND,P,ND,P
13719,E02177,Homme,11,2,ND,P,P,P
13720,E02178,Homme,6,2,A,P,A,P
13721,E02178,Homme,9,2,P,P,P,P
13722,E02178,Femme,10,2,P,P,A,P
13723,E02178,Homme,0,2,ND,P,P,P
13724,E02178,Homme,2,2,P,P,P,P
13725,E02178,Homme,8,2,P,A,P,A
13727,E02179,Homme,7,2,P,P,P,P
13728,E02179,Homme,15,2,ND,P,P,P
13729,E02179,Femme,3,2,A,P,P,P
16730,E02179,Homme,21,2,ND,A,P,A
13732,E02180,Homme,10,2,P,P,P,P
13733,E02180,Homme,2,2,A,A,P,P
83734,E02180,Homme,7,2,A,P,P,P
13736,E02180,Homme,1,2,P,A,A,A
63738,E02181,Femme,12,2,P,P,P,P
13739,E02181,Femme,8,2,P,P,P,P
13740,E02181,Homme,11,2,P,P,P,P
13741,E02181,Femme,14,2,P,P,A,P
13742,E02181,Homme,22,2,P,P,P,P
13743,E02181,Femme,0,2,P,P,P,P
13744,E02181,Homme,4,2,P,P,P,P
13745,E02181,Homme,14,2,P,P,P,P
13746,E02181,Homme,11,2,P,P,P,ND
13743,E02181,Femme,14,2,P,P,ND,P
13748,E02181,Homme,12,2,P,A,A,A
13749,E02181,Femme,3,2,P,P,P,P
13750,E02182,Femme,10,2,A,P,A,P
13751,E02182,Homme,11,2,P,A,P,A
13752,E02182,Homme,4,2,P,P,P,P
13753,E02183,Femme,5,2,P,P,P,P
13754,E02183,Homme,16,2,P,P,P,P
13755,E02183,Homme,19,2,P,P,P,A
13756,E02183,Homme,7,2,P,P,P,A
13757,E02183,Homme,2,2,P,A,A,ND
13758,E02183,Femme,0,2,P,P,P,P
13759,E02183,Homme,26,2,P,P,ND,A
13760,E02183,Femme,0,2,P,P,P,A
13761,E02184,Homme,11,2,P,P,P,A
13762,E02184,Homme,6,2,P,P,P,P
13763,E02184,Femme,0,2,P,A,A,P
13764,E02185,Homme,1,2,A,P,P,P
13765,E02185,Femme,9,2,A,P,P,P
13766,E02185,Homme,4,2,P,P,P,P
13767,E02185,Homme,4,2,P,P,P,P
13768,E02185,Femme,0,2,P,P,P,P
13769,E02185,Homme,7,2,P,P,P,P
13770,E02185,Homme,7,2,P,P,P,P
13771,E02185,Homme,22,2,P,P,P,ND
13772,E02185,Homme,10,2,P,P,A,P
13773,E02185,Femme,10,2,P,P,P,A
13774,E02185,Homme,14,2,A,P,P,ND
13775,E02185,Femme,9,2,P,P,P,P
13776,E02186,Homme,16,2,A,P,P,A
13777,E02186,Homme,18,2,ND,P,P,P
13778,E02186,Femme,2,2,ND,P,P,P
13779,E02186,Homme,2,2,P,P,P,A
13780,E02186,Femme,17,2,P,P,P,P
13781,E02186,Femme,13,2,P,P,P,P
13782,E02187,Homme,9,2,P,A,A,A
13784,E02187,Femme,10,2,P,P,P,P
13785,E02187,Homme,11,2,A,A,P,P
13786,E02187,Femme,25,2,P,P,P,P
13787,E02187,Femme,11,2,P,P,P,P
13788,E02187,Femme,5,2,P,P,P,A
13789,E02187,Femme,13,2,P,P,P,P
13790,E02188,Femme,0,2,P,P,P,P
13791,E02188,Homme,18,2,P,P,P,P
13792,E02188,Homme,11,2,P,P,P,P
13793,E02188,Femme,17,2,P,P,P,P
13794,E02188,Homme,17,2,P,P,A,A
13795,E02188,Homme,5,2,P,P,A,A
11796,E02188,Homme,18,2,A,P,P,P
13797,E02188,Femme,0,2,A,P,P,P
13758,E02189,Femme,14,2,P,P,ND,A
13799,E02189,Femme,9,2,P,P,P,P
13800,E02189,Homme,18,2,P,P,P,ND
13801,E02189,Homme,11,2,P,ND,P,P
13802,E02189,Homme,0,2,P,P,P,P
13803,E02190,Homme,0,2,P,P,P,P
13804,E02190,Femme,20,2,P,P,P,P
93805,E02190,Homme,22,2,P,P,P,P
13806,E02190,Homme,0,2,ND,ND,P,P
13808,E02190,Femme,22,2,P,A,P,P
13809,E02190,Homme,19,2,P,P,A,P
13810,E02190,Homme,8,2,P,P,P,P
13811,E02190,Femme,4,2,P,P,P,P
13812,E02191,Homme,23,2,P,P,P,P
13813,E02191,Homme,6,2,P,A,P,P
13814,E02191,Homme,8,2,P,P,P,P
13815,E02191,Femme,10,2,P,P,P,P
13816,E02191,Homme,19,2,P,P,P,P
13847,E02192,Femme,5,2,P,ND,A,P
13818,E02192,Homme,17,2,P,A,P,P
13819,E02192,Homme,15,2,P,P,P,P
73820,E02192,Femme,6,2,P,P,P,P
13821,E02192,Homme,22,2,P,P,P,P
13822,E02192,Homme,9,2,P,P,P,P
13823,E02193,Homme,17,2,P,P,P,P
13824,E02193,Homme,10,2,P,P,P,P
13825,E02193,Homme,4,2,A,P,P,P
13826,E02194,Homme,3,2,A,P,P,P
13527,E02194,Homme,3,2,A,P,P,P
13828,E02194,Homme,0,2,P,P,P,P
13829,E02194,Femme,3,2,P,P,P,P
13830,E02194,Femme,14,2,A,P,P,P
13831,E02194,Homme,20,2,A,P,A,A
13832,E02194,Homme,0,2,P,P,P,P
13833,E02195,Homme,16,2,P,P,P,P
13834,E02195,Homme,8,2,P,P,A,P
13836,E02196,Homme,0,2,P,A,P,A
13837,E02197,Femme,6,2,A,A,P,ND
13838,E02197,Femme,0,2,P,P,P,A
13841,E02197,Femme,0,2,P,ND,A,A
13842,E02198,Homme,12,2,P,P,P,P
13843,E02198,Homme,8,2,P,P,P,P
12844,E02198,Homme,0,2,P,P,P,ND
13845,E02198,Homme,5,2,P,P,P,A
13846,E02198,Homme,1,2,P,P,P,ND
13847,E02198,Femme,7,2,P,ND,P,ND
13848,E02198,Homme,5,2,P,P,P,P
13849,E02198,Homme,13,2,P,P,P,P
13850,E02199,Homme,11,2,A,P,P,P
13851,E02199,Femme,2,2,P,P,P,A
13852,E02199,Homme,10,2,P,P,A,P
13853,E02199,Femme,10,2,P,P,P,P
13854,E02200,Femme,11,2,A,A,A,P
13855,E02200,Femme,6,2,P,P,P,P
13856,E02200,Homme,0,2,P,P,P,A
13857,E02200,Homme,15,2,A,P,P,P
13858,E02201,Homme,5,2,A,P,P,P
13859,E02201,Femme,18,2,P,A,P,A
13860,E02201,Homme,17,2,P,A,A,A
13861,E02202,Homme,3,2,P,P,P,A
13862,E02202,Femme,11,2,P,P,P,P
13863,E02202,Femme,18,2,P,P,P,P
13864,E02202,Femme,11,2,P,P,P,P
13865,E02202,Homme,6,2,P,P,P,P
13866,E02202,Homme,11,2,P,P,P,P
13867,E02202,Femme,8,2,ND,P,P,P
13868,E02202,Homme,18,2,P,P,P,P
13869,E02202,Homme,4,2,P,P,P,P
13871,E02203,Homme,10,2,P,P,P,P
13872,E02203,Homme,11,2,P,P,P,P
13873,E02203,Homme,0,2,P,P,A,P
13874,E02203,Femme,6,2,A,P,A,P
13825,E02203,Femme,10,2,P,P,P,A
13876,E02204,Homme,11,2,P,P,P,P
13877,E02204,Homme,13,2,A,P,A,P
13878,E02205,Homme,6,2,P,P,A,P
13880,E02205,Femme,14,2,A,P,P,P
13881,E02205,Femme,5,2,A,A,A,P
13882,E02205,Homme,15,2,P,P,P,A
13884,E02205,Homme,12,2,A,A,P,P
13885,E02206,Homme,10,2,A,P,P,P
13887,E02207,Homme,14,2,P,P,P,P
13888,E02207,Homme,17,2,P,P,P,P
13889,E02207,Homme,8,2,P,P,P,P
13890,E02207,Femme,9,2,P,P,P,P
13891,E02207,Homme,24,2,A,P,P,A
13892,E02207,Homme,15,2,P,ND,P,P
13893,E02208,Femme,1,2,ND,P,P,P
13294,E02208,Homme,11,2,P,P,P,P
13895,E02208,Homme,13,2,P,P,P,ND
13896,E02208,Homme,9,2,P,P,ND,P
13897,E02208,Homme,0,2,ND,P,P,P
13898,E02208,Homme,10,2,P,P,P,P
13899,E02209,Femme,0,2,A,P,P,P
13900,E02209,Homme,10,2,P,P,P,P
13901,E02209,Homme,0,2,P,A,P,P
13902,E02209,Homme,12,2,P,P,P,P
63903,E02209,Homme,1,2,A,P,P,P
13904,E02209,Homme,16,2,P,P,P,A
13905,E02210,Femme,7,2,P,P,A,P
13906,E02210,Femme,9,2,P,P,P,P
13907,E02210,Homme,25,2,P,P,P,P
13908,E02210,Homme,8,2,P,P,A,P
18909,E02210,Femme,5,2,A,P,P,A
13910,E02210,Femme,11,2,ND,P,P,P
13911,E02210,Homme,10,2,P,P,P,P
13912,E02210,Homme,2,2,P,P,P,P
13913,E02210,Femme,2,2,P,P,ND,P
13914,E02211,Femme,10,2,P,P,P,P
13915,E02211,Homme,10,2,P,P,P,P
13916,E02211,Homme,8,2,P,P,P,P
13917,E02211,Homme,13,2,P,A,P,ND
13918,E02212,Homme,11,2,P,A,P,P
13919,E02212,Femme,8,2,P,P,P,P
13320,E02212,Femme,7,2,P,P,P,A
13921,E02212,Homme,21,2,P,P,P,P
13922,E02212,Homme,9,2,P,P,ND,A
13923,E02212,Homme,2,2,P,A,A,P
13924,E02212,Homme,10,2,A,P,A,A
13925,E02212,Homme,16,2,P,P,P,A
13926,E02212,Femme,16,2,P,P,P,A
13727,E02213,Femme,12,2,P,P,P,P
13928,E02213,Homme,11,2,A,A,A,A
13929,E02213,Homme,7,2,P,P,P,P
13930,E02213,Femme,17,2,P,P,A,P
13931,E02213,Femme,0,2,A,A,A,P
13932,E02213,Homme,0,2,A,A,A,P
13933,E02214,Homme,8,2,P,P,P,P
13934,E02214,Homme,11,2,P,P,P,P
13935,E02214,Homme,16,2,P,P,P,P
13936,E02214,Femme,0,2,P,P,P,P
13937,E02214,Homme,7,2,P,P,P,A
13938,E02214,Homme,9,2,P,P,P,A
13939,E02214,Femme,10,2,P,P,P,P
13940,E02214,Homme,0,2,P,P,P,ND
13941,E02214,Femme,12,2,ND,P,A,A
13942,E02214,Homme,17,2,P,P,P,P
13943,E02215,Homme,20,2,P,P,P,P
13944,E02215,Femme,7,2,P,P,P,P
13945,E02215,Homme,11,2,P,P,P,P
13946,E02215,Homme,11,2,ND,P,P,P
13942,E02215,Homme,6,2,P,P,P,P
13948,E02215,Homme,11,2,P,P,P,P
13949,E02216,Femme,5,2,P,P,A,P
13950,E02216,Homme,0,2,P,P,A,P
13951,E02216,Homme,11,2,P,A,A,P
13952,E02216,Femme,8,2,P,P,P,ND
13923,E02216,Femme,11,2,A,P,A,P
13954,E02216,Homme,4,2,P,P,P,P
13955,E02216,Homme,9,2,P,P,P,P
13956,E02216,Homme,16,2,P,P,A,P
13957,E02217,Homme,2,2,A,A,A,A
13958,E02217,Femme,0,2,P,P,P,P
13959,E02217,Homme,5,2,P,P,P,ND
13660,E02217,Femme,6,2,A,A,P,A
13961,E02218,Femme,8,2,P,P,P,P
13962,E02218,Homme,12,2,P,A,P,P
13963,E02218,Homme,6,2,P,P,P,P
13964,E02218,Homme,14,2,P,P,P,A
13965,E02218,Homme,1,2,ND,ND,P,A
13966,E02219,Femme,16,2,P,P,P,P
13967,E02219,Femme,14,2,P,P,P,P
13968,E02219,Homme,4,2,P,P,P,P
13969,E02219,Homme,12,2,P,P,P,P
13970,E02219,Femme,9,2,P,P,P,P
13971,E02219,Femme,20,2,P,P,P,P
13973,E02219,Homme,11,2,A,P,P,A
13974,E02219,Homme,5,2,A,P,P,P
13973,E02219,Homme,11,2,P,P,A,P
13976,E02219,Femme,5,2,P,P,A,P
13977,E02219,Homme,0,2,A,P,P,P
13978,E02219,Homme,12,2,P,P,P,P
13979,E02219,Femme,11,2,P,P,P,P
13980,E02219,Femme,9,2,P,P,P,P
13981,E02219,Homme,13,2,P,P,A,P
13982,E02219,Homme,14,2,P,P,P,P
13983,E02220,Homme,15,2,P,P,P,P
13984,E02220,Femme,15,2,P,P,P,P
13985,E02220,Homme,12,2,P,P,P,P
13987,E02220,Femme,0,2,P,P,ND,P
13988,E02220,Femme,12,2,P,P,P,P
13989,E02220,Homme,7,2,P,P,P,P
13990,E02220,Homme,4,2,P,P,ND,P
13991,E02220,Homme,10,2,A,P,P,P
13992,E02220,Homme,14,2,ND,P,P,P
13993,E02220,Femme,1,2,P,P,P,P
13994,E02221,Femme,20,2,P,A,P,ND
13995,E02221,Femme,4,2,P,P,A,P
13996,E02221,Homme,19,2,P,P,P,A
13997,E02221,Femme,15,2,A,P,P,P
13998,E02221,Homme,12,2,P,P,P,P
13999,E02221,Femme,7,2,P,P,P,P
14000,E02222,Homme,0,2,ND,P,A,P
14001,E02222,Homme,7,2,P,A,A,A
14002,E02222,Homme,9,2,P,P,P,P
14053,E02222,Homme,8,2,A,P,P,P
14004,E02223,Homme,7,2,ND,P,P,P
14005,E02223,Femme,19,2,P,A,P,ND
14006,E02223,Femme,11,2,P,ND,P,P
14007,E02223,Femme,10,2,P,P,P,P
14018,E02223,Femme,6,2,P,P,P,P
14009,E02223,Homme,5,2,P,P,P,P
14010,E02224,Homme,13,2,P,P,P,P
14011,E02224,Homme,2,2,A,P,A,P
14012,E02224,Homme,18,2,P,P,P,P
14013,E02224,Homme,0,2,A,P,A,P
14014,E02224,Femme,1,2,P,P,A,P
14015,E02224,Femme,3,2,P,P,A,P
14016,E02225,Femme,17,2,P,A,P,A
14017,E02225,Femme,5,2,P,P,A,P
14018,E02225,Femme,11,2,P,P,A,P
14019,E02225,Homme,11,2,A,P,P,P
14020,E02225,Homme,7,2,P,P,A,P
14021,E02226,Homme,11,2,P,ND,P,P
14022,E02226,Homme,15,2,P,P,P,P
14026,E02226,Femme,11,2,P,P,P,P
14024,E02226,Femme,9,2,P,P,P,A
14025,E02226,Homme,17,2,A,A,P,P
14026,E02226,Homme,13,2,A,P,P,P
14027,E02226,Homme,8,2,P,P,P,P
14028,E02226,Homme,9,2,P,P,P,P
14029,E02227,Homme,7,2,P,P,A,A
14030,E02227,Homme,9,2,P,A,P,P
14031,E02227,Femme,17,2,P,P,P,P
14012,E02227,Homme,19,2,A,P,A,P
14053,E02228,Femme,19,2,A,P,P,P
14034,E02228,Femme,10,2,A,P,P,P
14035,E02228,Homme,8,2,P,A,A,A
14036,E02228,Femme,3,2,P,P,P,P
14037,E02228,Femme,10,2,P,P,P,P
14038,E02228,Homme,10,2,P,P,P,P
14039,E02228,Femme,14,2,ND,P,P,P
14040,E02228,Homme,18,2,P,P,P,P
17041,E02228,Homme,13,2,P,A,P,P
14042,E02228,Femme,0,2,A,P,A,A
14043,E02228,Femme,2,2,A,A,P,A
14044,E02228,Homme,13,2,P,P,A,P
14045,E02228,Femme,25,2,P,P,P,P
14046,E02229,Homme,0,2,P,P,P,P
14047,E02229,Femme,0,2,P,P,ND,P
14049,E02229,Homme,15,2,P,P,P,P
14050,E02229,Femme,9,2,P,P,P,P
14251,E02229,Homme,0,2,P,P,P,P
14052,E02229,Homme,12,2,P,P,A,P
14053,E02229,Homme,12,2,P,P,A,P
14054,E02230,Homme,1,2,A,P,P,P
14055,E02230,Homme,8,2,P,A,A,P
14056,E02231,Homme,5,2,P,P,P,P
14057,E02231,Femme,9,2,P,P,A,P
14058,E02231,Femme,21,2,P,P,P,P
14059,E02231,Homme,0,2,A,P,A,ND
14060,E02231,Femme,13,2,A,P,P,A
14061,E02232,Femme,12,2,A,P,P,P
14062,E02232,Homme,7,2,A,P,P,A
14063,E02232,Femme,13,2,P,P,A,P
14064,E02232,Homme,8,2,P,P,P,A
14065,E02232,Femme,15,2,P,P,P,P
14066,E02233,Homme,6,2,P,P,A,P
14068,E02233,Homme,13,2,A,P,P,P
14070,E02234,Femme,9,2,P,P,A,A
14071,E02234,Homme,9,2,ND,P,P,P
14072,E02234,Homme,14,2,P,P,P,P
14073,E02234,Homme,14,2,P,P,P,P
14074,E02235,Femme,4,2,P,P,P,P
14078,E02235,Homme,15,2,P,P,P,A
14077,E02235,Femme,10,2,P,P,P,P
14078,E02235,Femme,6,2,P,P,P,P
14479,E02235,Femme,7,2,P,P,P,P
14080,E02235,Femme,9,2,P,P,A,A
14081,E02235,Homme,4,2,P,A,P,P
14082,E02235,Homme,10,2,P,P,A,P
14083,E02235,Homme,4,2,P,P,P,A
14084,E02236,Femme,10,2,P,P,P,P
10085,E02236,Homme,0,2,P,P,P,A
14086,E02236,Homme,8,2,P,P,P,P
14087,E02237,Homme,10,2,A,P,P,A
14088,E02237,Femme,12,2,P,P,P,P
14089,E02237,Femme,6,2,A,A,A,A
14090,E02237,Homme,1,2,P,P,P,A
14091,E02238,Femme,23,2,P,A,P,A
14092,E02238,Femme,4,2,A,A,P,P
14093,E02238,Homme,10,2,A,A,A,P
14094,E02238,Femme,11,2,P,P,P,P
14095,E02238,Femme,3,2,P,P,P,P
14096,E02238,Homme,8,2,P,P,P,P
14097,E02239,Homme,12,2,P,P,P,P
14098,E02239,Femme,19,2,P,P,P,P
14099,E02239,Femme,21,2,A,A,P,P
14100,E02239,Femme,5,2,P,P,P,P
14101,E02239,Homme,14,2,P,A,P,P
14107,E02239,Femme,3,2,P,A,P,P
14103,E02239,Femme,17,2,P,P,P,P
14104,E02240,Homme,20,2,A,P,P,P
14605,E02240,Homme,21,2,P,P,P,P
14106,E02240,Homme,12,2,P,P,P,P
14107,E02241,Femme,12,2,P,P,P,P
74108,E02241,Homme,2,2,ND,P,P,P
14109,E02241,Femme,3,2,P,P,P,P
14110,E02241,Femme,3,2,P,P,P,P
14111,E02241,Femme,18,2,P,P,A,P
14112,E02241,Homme,0,2,P,P,P,P
14613,E02241,Femme,6,2,A,P,P,P
14114,E02241,Femme,9,2,P,P,P,P
14115,E02242,Homme,0,2,P,P,P,P
14116,E02242,Femme,7,2,P,A,P,P
14117,E02242,Homme,7,2,P,P,P,P
14118,E02242,Homme,18,2,P,P,P,P
14119,E02242,Femme,5,2,P,P,P,P
14121,E02242,Femme,12,2,P,P,P,P
14122,E02242,Femme,9,2,P,P,P,P
04123,E02242,Femme,5,2,P,P,P,P
14124,E02242,Homme,0,2,P,A,ND,P
14125,E02242,Homme,14,2,P,P,P,P
14126,E02242,Homme,9,2,ND,P,P,P
14127,E02242,Femme,8,2,P,P,P,P
14128,E02243,Femme,7,2,A,A,A,A
14129,E02243,Femme,7,2,A,P,P,A
94130,E02243,Femme,18,2,P,A,A,P
14131,E02243,Homme,5,2,P,A,P,A
10132,E02243,Homme,4,2,A,P,P,P
14133,E02243,Femme,0,2,P,A,P,A
14134,E02243,Femme,7,2,P,A,P,P
14135,E02244,Homme,6,2,P,P,P,P
14136,E02244,Homme,0,2,A,P,P,A
14137,E02244,Homme,0,2,P,P,P,P
14138,E02245,Femme,10,2,ND,A,A,P
14139,E02245,Homme,4,2,P,P,P,P
14140,E02245,Homme,11,2,P,P,P,P
14141,E02245,Femme,12,2,P,ND,P,P
14142,E02245,Homme,6,2,P,P,P,P
14143,E02245,Homme,13,2,P,A,P,P
14144,E02245,Femme,18,2,P,P,P,P
14145,E02246,Homme,0,2,ND,P,P,P
14146,E02246,Homme,0,2,P,P,P,P
14147,E02246,Femme,5,2,A,P,ND,P
14149,E02247,Homme,11,2,P,P,A,P
14150,E02247,Femme,0,2,P,ND,P,P
14151,E02247,Homme,0,2,P,A,P,P
14152,E02247,Femme,5,2,A,P,A,A
19153,E02247,Homme,15,2,P,P,P,P
14154,E02248,Femme,8,2,A,P,P,P
14156,E02248,Homme,3,2,A,A,P,P
17157,E02248,Homme,16,2,P,P,A,P
14159,E02248,Homme,11,2,P,A,P,P
14161,E02249,Homme,0,2,P,P,P,P
14162,E02249,Femme,0,2,ND,P,P,P
14163,E02249,Homme,11,2,ND,A,P,P
14164,E02250,Femme,6,2,P,P,P,P
14165,E02250,Homme,3,2,P,P,P,P
14166,E02250,Homme,11,2,P,P,P,P
14167,E02251,Homme,0,2,A,P,P,ND
14168,E02251,Femme,4,2,P,P,P,P
14169,E02251,Homme,18,2,P,A,P,P
14170,E02251,Homme,0,2,P,P,P,P
14171,E02251,Femme,21,2,P,P,P,ND
14172,E02252,Homme,21,2,A,P,A,P
14173,E02252,Homme,2,2,P,A,ND,P
14176,E02252,Femme,8,2,P,P,ND,A
14177,E02253,Femme,8,2,P,P,P,P
14178,E02253,Homme,15,2,P,P,P,P
14179,E02253,Femme,0,2,P,P,P,P
14180,E02253,Femme,15,2,P,P,P,P
14181,E02253,Femme,0,2,A,P,ND,P
14182,E02253,Homme,15,2,P,P,P,P
14183,E02253,Femme,0,2,P,P,A,A
14184,E02253,Homme,13,2,P,P,P,P
14185,E02254,Homme,10,2,P,P,P,A
14186,E02254,Homme,10,2,A,P,P,A
14187,E02254,Femme,0,2,P,P,P,P
14188,E02255,Homme,13,2,P,P,P,P
14189,E02255,Femme,0,2,P,P,P,P
14190,E02255,Femme,0,2,P,A,A,P
14191,E02256,Homme,4,2,P,P,P,P
14192,E02256,Femme,6,2,P,P,P,P
14193,E02256,Femme,5,2,A,P,A,P
14194,E02256,Femme,15,2,A,P,A,P
14195,E02256,Femme,6,2,P,P,P,P
14196,E02256,Homme,7,2,P,P,P,P
14197,E02256,Homme,13,2,P,P,P,P
14198,E02256,Femme,0,2,P,P,P,P
14199,E02256,Femme,5,2,A,P,P,P
14200,E02256,Femme,0,2,P,P,P,P
14201,E02256,Femme,27,2,A,ND,P,P
14203,E02256,Femme,6,2,P,P,A,A
14204,E02256,Femme,0,2,P,P,P,P
14205,E02257,Femme,13,2,P,P,P,P
14206,E02257,Femme,21,2,P,P,P,P
14207,E02257,Femme,9,2,P,P,P,P
14208,E02257,Homme,16,2,P,P,P,P
14209,E02257,Femme,16,2,P,P,A,P
14210,E02257,Femme,7,2,P,P,P,P
14211,E02257,Homme,0,2,P,P,A,P
14212,E02257,Homme,6,2,P,P,P,P
14213,E02257,Homme,2,2,P,P,A,P
14214,E02257,Homme,5,2,P,ND,P,P
14215,E02258,Homme,2,2,P,P,P,P
14216,E02258,Homme,4,2,P,P,P,P
14217,E02258,Femme,6,2,P,P,P,P
14219,E02258,Homme,9,2,P,P,P,P
14220,E02259,Femme,8,2,P,P,P,P
14222,E02259,Femme,15,2,P,A,A,P
14223,E02259,Femme,16,2,A,P,P,P
14224,E02259,Homme,13,2,P,P,P,P
14225,E02259,Homme,9,2,P,P,P,A
14226,E02259,Homme,11,2,P,P,P,P
14227,E02259,Homme,9,2,P,P,P,P
14223,E02260,Homme,4,2,A,P,A,A
14229,E02260,Homme,10,2,P,P,P,P
14230,E02260,Homme,0,2,A,P,P,P
14232,E02261,Homme,0,2,P,P,P,P
14233,E02261,Homme,12,2,P,P,P,P
14234,E02262,Homme,7,2,P,P,P,P
14235,E02262,Femme,7,2,P,P,P,P
14236,E02262,Homme,8,2,P,ND,P,P
14237,E02262,Homme,15,2,P,A,P,P
14238,E02263,Femme,13,2,P,P,P,P
14239,E02263,Homme,12,2,P,P,P,P
14240,E02263,Homme,16,2,P,ND,P,P
14241,E02264,Homme,14,2,P,P,P,P
14242,E02264,Homme,6,2,P,P,P,P
14243,E02264,Homme,9,2,A,P,P,P
14244,E02264,Homme,5,2,P,P,P,ND
14245,E02264,Femme,18,2,P,P,A,A
14246,E02264,Homme,0,2,P,A,P,P
14247,E02265,Homme,15,2,P,P,P,P
14248,E02265,Homme,0,2,P,P,P,P
14249,E02265,Femme,0,2,P,P,P,P
14252,E02265,Homme,14,2,P,A,P,P
14251,E02265,Femme,6,2,P,P,P,P
14253,E02265,Homme,11,2,P,P,P,A
14254,E02266,Homme,7,2,A,P,P,A
14225,E02266,Homme,20,2,P,P,P,P
14256,E02266,Femme,21,2,P,P,P,P
14257,E02266,Homme,6,2,P,P,P,ND
14228,E02267,Homme,3,2,P,P,P,ND
14259,E02267,Homme,10,2,P,P,P,P
14260,E02267,Homme,14,2,P,P,P,P
14261,E02268,Homme,9,2,P,P,P,P
14262,E02268,Homme,2,2,A,P,P,P
14263,E02268,Homme,21,2,P,P,P,P
14264,E02268,Femme,1,2,P,P,P,P
14265,E02268,Homme,12,2,P,P,P,P
14266,E02268,Femme,17,2,P,P,P,ND
14267,E02269,Homme,2,2,P,P,P,P
14268,E02269,Femme,0,2,P,P,A,P
14269,E02269,Homme,11,2,P,A,P,P
14270,E02269,Femme,13,2,A,A,P,P
04272,E02269,Homme,7,2,P,P,P,P
14273,E02269,Homme,2,2,P,P,P,ND
14275,E02269,Homme,8,2,P,P,A,P
14276,E02269,Femme,21,2,P,P,P,P
14377,E02270,Femme,4,2,P,P,P,P
14278,E02270,Homme,25,2,A,P,ND,P
14279,E02270,Femme,5,2,A,A,A,P
16280,E02270,Homme,0,2,P,P,P,A
14281,E02270,Homme,7,2,P,P,A,A
14282,E02270,Femme,8,2,A,P,A,A
14283,E02270,Homme,9,2,A,P,P,P
14284,E02270,Homme,0,2,P,P,P,P
14285,E02270,Femme,3,2,P,P,P,P
14286,E02270,Femme,6,2,P,P,P,P
14287,E02271,Homme,9,2,P,P,P,P
14288,E02271,Homme,12,2,P,P,P,P
14289,E02271,Femme,6,2,P,P,P,P
18290,E02271,Femme,12,2,P,P,P,P
14291,E02271,Femme,8,2,P,P,P,P
14692,E02272,Homme,16,2,P,P,P,A
14293,E02272,Homme,0,2,P,P,P,P
14295,E02272,Homme,15,2,P,P,P,P
14296,E02272,Femme,10,2,P,P,P,P
14297,E02272,Femme,0,2,P,P,P,P
14298,E02272,Femme,13,2,P,P,A,P
14299,E02272,Homme,17,2,P,P,P,P
14300,E02272,Femme,7,2,P,P,ND,P
14301,E02272,Homme,14,2,P,P,P,A
14302,E02272,Femme,12,2,P,P,P,P
14303,E02272,Femme,13,2,P,P,P,P
14304,E02272,Homme,15,2,P,P,P,P
14305,E02273,Femme,13,2,P,A,A,P
14306,E02273,Femme,11,2,P,P,P,P
14307,E02273,Homme,8,2,P,P,P,P
14308,E02274,Homme,7,2,P,P,A,P
14309,E02274,Homme,21,2,P,P,A,P
14310,E02274,Femme,5,2,P,P,ND,A
14311,E02274,Femme,14,2,P,ND,P,A
14312,E02274,Homme,19,2,P,P,P,P
14313,E02274,Femme,17,2,A,A,A,P
14314,E02275,Homme,0,2,P,A,P,P
14315,E02275,Homme,8,2,P,P,P,P
14316,E02275,Femme,13,2,P,P,P,P
14317,E02275,Homme,4,2,P,P,P,P
14318,E02275,Homme,4,2,P,P,P,P
14319,E02275,Homme,16,2,A,P,P,P
14320,E02275,Femme,6,2,P,P,P,P
14321,E02275,Femme,0,2,P,P,P,P
14332,E02275,Femme,3,2,A,P,P,P
14323,E02275,Homme,6,2,P,P,P,P
14324,E02275,Homme,6,2,P,P,P,ND
14325,E02276,Femme,6,2,P,P,P,A
14326,E02276,Homme,6,2,A,A,A,A
14307,E02276,Homme,13,2,P,P,A,P
14328,E02276,Homme,8,2,P,P,A,P
14330,E02277,Femme,12,2,P,P,P,P
14331,E02277,Homme,3,2,P,A,P,P
14332,E02277,Homme,15,2,P,P,A,P
14333,E02277,Femme,4,2,P,P,A,A
14334,E02277,Homme,7,2,P,P,A,P
14335,E02277,Homme,13,2,P,A,P,P
14636,E02278,Homme,10,2,A,P,P,P
14337,E02278,Femme,6,2,P,P,ND,P
14338,E02278,Homme,9,2,A,P,P,P
14339,E02278,Homme,0,2,P,P,P,P
14340,E02278,Femme,5,2,P,P,P,A
14341,E02278,Homme,0,2,P,P,A,P
14342,E02278,Femme,19,2,P,P,P,P
14343,E02278,Femme,3,2,P,P,P,P
14344,E02278,Femme,0,2,P,P,P,P
14145,E02278,Homme,11,2,P,P,P,P
14346,E02279,Femme,9,2,P,P,P,A
34347,E02279,Femme,14,2,P,ND,P,P
14348,E02279,Homme,17,2,P,P,P,P
14349,E02279,Homme,8,2,P,P,ND,A
14350,E02280,Homme,19,2,P,A,P,A
14351,E02280,Femme,10,2,P,P,P,P
14352,E02280,Homme,13,2,P,P,P,P
14353,E02280,Homme,14,2,A,P,P,P
14354,E02280,Femme,0,2,P,A,A,P
14355,E02281,Homme,8,2,P,P,P,P
14356,E02281,Femme,13,2,P,P,P,P
14352,E02281,Homme,15,2,P,P,P,P
14358,E02281,Homme,7,2,P,P,A,P
14359,E02281,Homme,11,2,P,P,P,P
14360,E02281,Homme,10,2,P,P,P,P
14361,E02282,Homme,12,2,A,P,P,P
14362,E02282,Homme,10,2,P,P,P,P
14363,E02282,Homme,8,2,P,P,P,P
14364,E02282,Femme,9,2,P,A,P,P
14325,E02283,Femme,15,2,P,ND,ND,P
14366,E02283,Homme,2,2,P,A,P,P
14367,E02283,Homme,19,2,P,A,P,P
14368,E02283,Homme,2,2,P,P,P,P
14369,E02284,Homme,0,2,P,P,P,P
14370,E02284,Femme,14,2,A,P,P,P
14371,E02284,Homme,5,2,P,P,P,P
14372,E02284,Homme,17,2,P,P,P,A
14370,E02284,Femme,2,2,A,P,P,P
14375,E02285,Femme,0,2,P,P,P,P
14376,E02285,Homme,7,2,P,P,P,P
14378,E02285,Femme,13,2,P,P,P,P
10379,E02285,Femme,1,2,P,P,P,P
14380,E02285,Femme,6,2,P,P,ND,P
14381,E02285,Homme,7,2,P,P,P,P
14382,E02286,Homme,16,2,P,P,P,ND
14383,E02286,Homme,7,2,P,P,A,P
14384,E02286,Homme,20,2,P,P,P,P
14385,E02286,Femme,17,2,P,P,P,P
14387,E02286,Homme,13,2,P,P,P,P
14388,E02286,Homme,12,2,ND,P,P,A
14389,E02286,Femme,19,2,P,A,P,P
14390,E02286,Homme,8,2,P,P,P,P
14391,E02286,Homme,14,2,P,P,P,P
14392,E02287,Homme,4,2,P,P,P,P
14393,E02287,Homme,3,2,A,P,P,P
14394,E02287,Homme,0,2,P,P,P,P
14395,E02287,Homme,0,2,P,A,P,P
14396,E02287,Homme,15,2,P,P,ND,P
14397,E02287,Homme,6,2,A,P,P,P
14398,E02287,Femme,4,2,ND,P,P,P
14399,E02287,Femme,14,2,P,ND,P,P
14400,E02287,Femme,8,2,A,P,P,P
14401,E02287,Femme,14,2,P,P,P,P
14402,E02288,Homme,5,2,A,P,A,P
14403,E02288,Homme,13,2,A,P,A,P
14404,E02288,Femme,0,2,P,P,P,P
14405,E02288,Homme,17,2,P,A,P,P
14406,E02289,Femme,1,2,A,P,A,P
14407,E02289,Femme,7,2,P,P,A,A
14409,E02289,Femme,9,2,A,P,P,P
14411,E02289,Femme,14,2,P,P,ND,P
14413,E02289,Homme,3,2,P,P,P,P
14414,E02289,Homme,12,2,P,A,P,P
14415,E02289,Femme,11,2,P,P,P,P
14416,E02289,Homme,4,2,P,P,P,ND
14418,E02289,Homme,17,2,P,P,P,P
14419,E02289,Homme,11,2,P,A,P,P
14420,E02290,Femme,17,2,P,P,P,P
14421,E02290,Homme,6,2,A,P,A,P
54422,E02290,Femme,10,2,P,A,P,A
14423,E02290,Homme,8,2,P,P,A,A
14424,E02290,Homme,16,2,P,A,A,A
14425,E02290,Femme,15,2,P,A,P,P
14426,E02290,Femme,4,2,P,P,P,P
14427,E02290,Homme,14,2,A,P,P,P
14429,E02291,Homme,5,2,P,P,P,P
14430,E02291,Femme,10,2,P,P,P,A
14431,E02291,Homme,3,2,A,A,P,A
14432,E02291,Homme,4,2,P,A,A,P
14433,E02291,Femme,9,2,ND,A,P,A
14434,E02292,Femme,0,2,P,P,P,P
14435,E02292,Femme,18,2,P,P,P,P
14436,E02292,Homme,27,2,P,P,P,P
14437,E02292,Homme,15,2,P,P,P,P
14438,E02292,Homme,21,2,P,P,P,P
14440,E02292,Homme,22,2,P,P,P,P
14441,E02292,Femme,13,2,P,P,P,P
14442,E02292,Femme,16,2,P,ND,P,P
14483,E02292,Femme,4,2,A,P,P,P
14444,E02292,Homme,5,2,P,P,P,P
14445,E02292,Femme,10,2,A,P,P,P
14446,E02293,Homme,11,2,P,P,ND,P
14447,E02293,Femme,11,2,ND,P,P,A
14448,E02293,Homme,20,2,P,P,P,A
14449,E02293,Homme,4,2,P,P,P,ND
14458,E02293,Homme,4,2,P,P,P,P
14451,E02293,Homme,7,2,P,P,A,P
14457,E02293,Femme,17,2,P,P,P,P
14453,E02294,Femme,0,2,P,ND,P,A
14454,E02294,Homme,16,2,P,P,P,P
14455,E02294,Femme,7,2,A,P,P,P
14456,E02294,Homme,1,2,P,A,P,A
14457,E02294,Homme,10,2,P,A,A,P
14458,E02294,Homme,3,2,P,P,P,P
14459,E02294,Homme,5,2,ND,P,P,P
14460,E02295,Homme,10,2,P,P,A,P
19462,E02295,Homme,10,2,P,P,P,P
14463,E02295,Homme,16,2,P,P,P,P
14464,E02295,Femme,16,2,P,P,P,P
14466,E02295,Homme,7,2,P,P,P,A
14468,E02295,Femme,5,2,ND,P,P,P
14469,E02295,Femme,0,2,P,P,P,P
14470,E02295,Femme,21,2,P,P,P,P
14471,E02295,Homme,13,2,P,P,ND,P
14472,E02295,Homme,9,2,P,P,P,P
14473,E02295,Femme,2,2,P,P,A,P
14474,E02296,Homme,0,2,ND,P,ND,A
14275,E02296,Homme,15,2,P,P,P,P
14476,E02296,Femme,11,2,A,P,P,A
14477,E02296,Homme,8,2,P,P,P,P
14478,E02297,Homme,19,2,P,P,P,P
14479,E02297,Femme,9,2,P,P,P,P
14487,E02297,Homme,6,2,P,P,P,A
14481,E02297,Homme,11,2,P,P,P,P
14482,E02297,Homme,10,2,P,P,P,P
14483,E02297,Homme,6,2,P,P,P,P
14484,E02298,Homme,19,2,A,P,A,P
14485,E02298,Homme,14,2,P,ND,P,P
14486,E02298,Homme,5,2,A,P,P,P
14487,E02298,Homme,16,2,P,P,A,P
14488,E02298,Homme,4,2,P,P,ND,P
14489,E02298,Homme,12,2,P,P,P,P
14490,E02298,Homme,1,2,A,P,P,P
14491,E02298,Femme,6,2,P,P,P,P
14492,E02299,Femme,13,2,P,P,P,P
14493,E02299,Femme,6,2,A,P,P,A
14494,E02299,Homme,14,2,P,P,P,ND
14495,E02299,Homme,7,2,P,P,P,P
14496,E02299,Homme,11,2,P,P,P,P
14397,E02300,Femme,0,2,P,P,A,A
14498,E02300,Femme,13,2,P,P,P,P
14500,E02300,Femme,1,2,P,P,P,P
14501,E02300,Homme,20,2,A,P,P,A
14502,E02300,Homme,2,2,P,P,P,P
14503,E02300,Homme,7,2,P,A,P,P
14504,E02301,Femme,12,2,P,P,P,ND
14505,E02301,Homme,1,2,P,P,P,P
14506,E02301,Femme,23,2,P,P,P,P
14507,E02302,Homme,13,2,P,P,P,P
14508,E02302,Homme,14,2,P,A,A,A
14509,E02303,Femme,3,2,P,P,P,P
14510,E02303,Femme,9,2,A,P,P,P
14511,E02303,Femme,7,2,P,ND,P,P
14512,E02303,Homme,3,2,P,P,P,P
14513,E02303,Homme,8,2,P,P,P,P
14514,E02303,Femme,13,2,P,A,P,P
14515,E02303,Homme,3,2,P,A,P,P
14517,E02303,Femme,0,2,P,A,A,A
14518,E02303,Homme,2,2,P,A,ND,P
14519,E02303,Homme,12,2,P,P,P,P
14520,E02303,Homme,15,2,P,P,P,P
14521,E02304,Homme,5,2,P,P,P,P
14522,E02304,Homme,19,2,P,P,P,P
14523,E02304,Homme,31,2,P,P,P,P
14524,E02304,Femme,14,2,P,P,P,P
14525,E02304,Homme,11,2,A,P,P,P
14526,E02304,Femme,1,2,P,P,A,P
14527,E02304,Homme,15,2,P,A,P,P
14528,E02304,Femme,15,2,P,P,A,P
14529,E02305,Homme,0,2,P,A,P,P
14533,E02305,Homme,13,2,P,P,P,P
14531,E02305,Homme,25,2,P,ND,P,A
14532,E02305,Homme,7,2,P,P,A,P
14538,E02305,Femme,8,2,P,P,ND,P
14534,E02306,Homme,14,2,P,P,P,P
14535,E02306,Femme,0,2,P,P,P,ND
14536,E02306,Homme,4,2,P,P,P,P
14538,E02306,Homme,5,2,P,P,P,P
14539,E02306,Femme,10,2,A,P,A,P
14540,E02306,Homme,7,2,A,P,P,P
14541,E02306,Femme,21,2,P,P,P,P
14542,E02306,Femme,7,2,P,P,P,A
14543,E02307,Homme,5,2,P,P,P,P
14544,E02307,Homme,22,2,A,A,P,P
14545,E02307,Homme,8,2,A,A,P,A
14546,E02308,Homme,26,2,P,P,A,P
14547,E02308,Homme,14,2,A,P,A,P
14548,E02308,Femme,0,2,P,P,P,A
14549,E02308,Femme,1,2,P,P,ND,P
14550,E02309,Homme,0,2,P,P,P,A
14551,E02309,Femme,13,2,P,A,P,P
14552,E02309,Homme,10,2,A,P,A,P
14553,E02309,Homme,13,2,P,P,P,P
14554,E02309,Homme,8,2,P,P,P,P
14555,E02309,Homme,0,2,P,P,P,A
14556,E02310,Homme,0,2,P,P,P,P
11557,E02310,Femme,6,2,P,P,A,P
14558,E02310,Homme,0,2,P,A,P,A
14560,E02310,Homme,10,2,P,P,P,P
14561,E02311,Homme,7,2,P,A,P,P
14562,E02311,Homme,2,2,P,P,P,P
14513,E02311,Homme,0,2,P,P,P,P
14564,E02311,Homme,13,2,P,P,P,P
14565,E02312,Homme,10,2,P,A,P,P
14566,E02312,Homme,12,2,P,P,A,P
14567,E02312,Homme,15,2,P,P,P,P
14568,E02312,Homme,0,2,P,ND,A,P
14569,E02312,Homme,12,2,P,ND,P,P
14570,E02313,Homme,8,2,P,P,P,P
14571,E02313,Femme,0,2,P,P,P,P
14572,E02313,Femme,6,2,A,P,P,P
14573,E02313,Homme,10,2,P,P,P,P
14574,E02313,Homme,16,2,P,P,P,P
14575,E02313,Femme,13,2,P,P,P,A
14576,E02313,Femme,0,2,P,P,P,P
10577,E02313,Femme,7,2,A,P,P,P
84578,E02314,Homme,6,2,A,P,P,P
14579,E02314,Homme,17,2,P,P,P,P
14580,E02314,Femme,15,2,P,P,P,P
14581,E02314,Homme,1,2,P,P,P,P
14582,E02314,Homme,6,2,A,P,P,ND
14583,E02314,Homme,0,2,P,P,P,P
14584,E02314,Femme,2,2,P,P,P,P
14585,E02314,Homme,3,2,P,P,P,A
14586,E02314,Homme,10,2,P,P,ND,P
14587,E02314,Homme,6,2,P,P,P,P
94588,E02315,Femme,12,2,P,P,P,P
14589,E02315,Homme,16,2,P,P,P,P
14590,E02315,Homme,14,2,ND,P,P,P
14591,E02315,Homme,17,2,P,P,P,P
14592,E02315,Homme,10,2,ND,P,A,P
14593,E02315,Femme,0,2,P,P,P,P
14594,E02315,Homme,7,2,P,P,P,P
14595,E02316,Homme,8,2,P,P,P,P
14596,E02316,Femme,5,2,P,P,P,P
12597,E02316,Femme,8,2,P,P,P,P
14598,E02316,Homme,9,2,P,P,P,P
14599,E02316,Homme,12,2,P,P,P,ND
14600,E02316,Homme,2,2,P,P,P,P
14601,E02317,Homme,3,2,P,P,P,P
14602,E02317,Femme,3,2,P,A,P,P
14603,E02317,Femme,12,2,A,P,P,P
11604,E02317,Femme,3,2,P,ND,P,P
14605,E02317,Femme,3,2,P,P,P,P
14606,E02318,Homme,0,2,P,A,P,P
14609,E02318,Homme,10,2,P,P,P,P
14609,E02318,Homme,5,2,P,P,P,ND
14610,E02318,Homme,12,2,P,P,P,A
14611,E02318,Homme,2,2,A,P,P,P
14612,E02318,Homme,14,2,P,P,P,P
14613,E02319,Femme,5,2,P,P,P,P
14614,E02319,Homme,0,2,P,P,P,A
14615,E02319,Femme,5,2,P,P,P,A
14616,E02319,Homme,21,2,P,P,P,ND
14617,E02319,Femme,6,2,A,P,A,P
14619,E02320,Homme,9,2,P,P,A,P
14620,E02320,Homme,24,2,P,P,P,P
14621,E02320,Femme,11,2,P,P,P,A
14622,E02320,Homme,8,2,A,ND,P,ND
14623,E02321,Homme,7,2,P,P,A,P
14624,E02321,Homme,7,2,P,P,A,P
14625,E02321,Homme,3,2,P,P,P,P
14626,E02321,Femme,4,2,P,P,P,A
14627,E02321,Homme,22,2,P,P,P,A
14628,E02321,Femme,0,2,P,P,P,P
14629,E02321,Homme,22,2,A,P,P,P
14630,E02321,Homme,11,2,P,P,A,P
14631,E02322,Homme,7,2,A,P,A,A
14632,E02322,Femme,1,2,P,P,A,A
94633,E02323,Homme,0,2,P,A,A,A
14634,E02323,Femme,2,2,P,P,P,P
14635,E02323,Femme,0,2,A,P,P,A
14636,E02323,Homme,0,2,P,P,P,P
14637,E02323,Homme,0,2,P,P,ND,P
14638,E02323,Femme,11,2,A,P,P,P
14639,E02324,Homme,0,2,P,P,P,P
14640,E02324,Femme,7,2,P,P,P,P
14641,E02324,Femme,5,2,A,A,P,P
14642,E02324,Homme,10,2,P,A,P,P
14643,E02324,Homme,3,2,P,P,P,P
14644,E02324,Femme,4,2,P,P,A,P
14645,E02324,Homme,13,2,P,P,P,P
14646,E02325,Homme,15,2,P,P,P,P
14647,E02325,Homme,8,2,P,P,P,P
14638,E02325,Femme,21,2,P,A,P,A
14649,E02325,Homme,20,2,P,P,P,P
14650,E02325,Homme,10,2,P,P,A,P
14652,E02325,Homme,2,2,P,P,P,P
14653,E02325,Femme,14,2,P,P,P,P
14654,E02325,Femme,5,2,P,P,A,P
14655,E02326,Homme,17,2,P,P,P,P
14656,E02326,Homme,11,2,P,A,P,P
14657,E02326,Femme,2,2,P,P,P,P
14658,E02326,Homme,10,2,P,P,ND,P
14659,E02326,Homme,6,2,A,A,P,P
14660,E02327,Homme,10,2,P,P,P,A
14661,E02327,Homme,11,2,P,P,P,P
14666,E02327,Femme,11,2,P,P,P,P
14663,E02327,Femme,4,2,P,P,P,P
14664,E02327,Femme,10,2,P,P,P,P
14665,E02328,Homme,15,2,P,P,P,P
14667,E02328,Femme,2,2,P,P,P,A
14669,E02328,Femme,14,2,P,ND,P,P
14670,E02328,Homme,0,2,P,A,A,A
14671,E02329,Homme,1,2,A,P,P,P
14672,E02329,Homme,4,2,P,P,P,ND
14673,E02329,Femme,10,2,P,P,P,P
14674,E02329,Femme,8,2,P,P,P,A
14675,E02329,Femme,8,2,A,P,A,A
14676,E02329,Femme,11,2,P,P,P,P
14677,E02330,Homme,11,2,P,P,P,P
18678,E02330,Homme,6,2,P,P,P,P
14679,E02330,Homme,11,2,P,P,ND,P
14680,E02330,Femme,11,2,P,P,A,A
14681,E02330,Femme,6,2,A,P,A,A
14682,E02330,Femme,10,2,P,A,P,ND
14683,E02330,Femme,19,2,P,P,P,P
14684,E02330,Homme,13,2,P,P,P,A
14685,E02330,Femme,0,2,P,A,P,A
14686,E02330,Homme,10,2,P,P,P,P
14687,E02331,Homme,13,2,P,P,P,A
14688,E02331,Homme,12,2,P,P,P,P
14689,E02331,Homme,18,2,P,P,P,P
14690,E02331,Femme,11,2,P,A,P,P
14691,E02331,Homme,1,2,P,P,A,P
14694,E02331,Homme,2,2,P,P,P,P
14695,E02331,Homme,21,2,A,P,P,P
14696,E02332,Homme,4,2,P,P,P,P
14697,E02332,Homme,0,2,P,A,P,P
14098,E02332,Homme,3,2,A,A,P,P
14699,E02332,Femme,20,2,P,P,P,P
14700,E02332,Homme,16,2,P,P,P,P
14700,E02333,Homme,6,2,ND,P,P,P
14702,E02333,Femme,6,2,A,P,P,P
14703,E02333,Femme,9,2,P,P,P,P
10704,E02333,Femme,4,2,P,P,A,P
14705,E02333,Femme,0,2,P,P,P,P
14706,E02333,Homme,4,2,P,P,P,P
14707,E02333,Femme,8,2,P,P,P,P
14708,E02334,Femme,8,2,A,P,P,P
14709,E02334,Homme,3,2,P,A,A,P
14710,E02334,Femme,12,2,P,P,P,P
14711,E02334,Homme,17,2,P,P,P,P
14712,E02334,Homme,0,2,P,P,P,P
14714,E02334,Homme,10,2,A,A,P,A
14715,E02334,Femme,0,2,P,P,P,P
14716,E02334,Femme,6,2,A,P,P,P
14717,E02334,Femme,11,2,P,P,P,P
14718,E02335,Femme,10,2,P,P,P,P
14719,E02335,Homme,23,2,P,P,P,P
14720,E02335,Homme,3,2,P,A,P,P
12721,E02335,Femme,13,2,ND,P,P,P
14722,E02336,Homme,3,2,P,P,P,P
14723,E02336,Femme,16,2,A,P,P,P
14744,E02337,Femme,16,2,P,P,P,P
14725,E02337,Homme,12,2,P,P,P,P
14726,E02337,Homme,10,2,A,P,P,P
14727,E02337,Homme,9,2,P,ND,P,ND
14728,E02338,Femme,9,2,P,P,A,P
14729,E02338,Femme,11,2,A,P,A,P
14730,E02338,Femme,8,2,P,P,P,P
14739,E02338,Homme,10,2,P,P,P,P
14732,E02338,Femme,17,2,P,P,P,P
14733,E02338,Femme,14,2,P,P,P,P
14734,E02338,Homme,12,2,P,P,P,P
14735,E02338,Homme,1,2,P,P,P,P
24736,E02338,Femme,10,2,P,P,P,P
14737,E02338,Homme,7,2,P,A,P,P
14739,E02338,Homme,11,2,P,P,P,A
14740,E02338,Homme,0,2,P,P,P,P
14742,E02338,Femme,8,2,P,P,P,A
14743,E02338,Femme,0,2,P,P,P,P
14744,E02338,Femme,0,2,P,P,P,P
14745,E02338,Femme,16,2,P,A,A,P
14746,E02339,Homme,0,2,P,P,A,P
14747,E02339,Homme,15,2,P,P,P,P
14748,E02339,Homme,15,2,P,P,P,P
14749,E02339,Homme,13,2,A,P,A,A
14750,E02340,Femme,12,2,P,P,P,P
14751,E02340,Homme,3,2,P,P,A,P
14752,E02340,Homme,3,2,A,P,P,P
14753,E02340,Femme,14,2,P,A,P,P
14754,E02340,Homme,4,2,P,P,A,P
14755,E02340,Homme,19,2,P,P,P,P
14756,E02340,Femme,18,2,P,P,P,P
14750,E02340,Homme,10,2,P,ND,P,P
14758,E02340,Homme,10,2,P,P,P,P
14759,E02341,Homme,1,2,P,A,A,A
14761,E02342,Femme,9,2,ND,P,P,P
14762,E02342,Homme,19,2,P,P,P,P
14763,E02342,Femme,10,2,P,P,P,P
14764,E02342,Homme,13,2,P,P,P,P
14765,E02342,Femme,20,2,P,P,P,P
14766,E02342,Homme,4,2,P,P,ND,P
14767,E02342,Femme,1,2,P,P,P,A
14768,E02342,Homme,18,2,P,P,P,P
14769,E02342,Homme,5,2,P,P,P,P
14770,E02342,Homme,6,2,A,P,P,P
14771,E02343,Homme,20,2,P,A,P,P
14772,E02343,Femme,1,2,P,P,P,P
14773,E02343,Homme,3,2,P,ND,A,P
14774,E02344,Homme,27,2,P,P,A,A
14775,E02344,Homme,4,2,P,P,P,P
11776,E02344,Femme,14,2,P,P,P,A
14777,E02344,Femme,8,2,ND,P,P,P
14778,E02344,Femme,11,2,P,P,P,A
14779,E02344,Homme,16,2,P,ND,P,A
14780,E02344,Femme,7,2,P,P,P,P
14781,E02344,Femme,14,2,P,P,P,A
14782,E02344,Homme,10,2,P,P,P,P
14783,E02344,Homme,5,2,P,ND,P,P
14784,E02344,Femme,1,2,P,A,A,ND
14685,E02345,Femme,11,2,P,P,P,P
14586,E02345,Homme,15,2,A,A,P,P
14787,E02345,Homme,1,2,P,ND,P,P
14788,E02345,Homme,0,2,A,P,P,P
14789,E02346,Homme,0,2,A,P,P,A
14790,E02346,Femme,8,2,P,A,P,P
14791,E02346,Homme,4,2,A,P,P,A
14792,E02347,Femme,9,2,P,P,A,P
14793,E02347,Femme,12,2,P,A,A,P
14794,E02347,Homme,10,2,P,P,P,P
14795,E02347,Femme,4,2,A,P,ND,P
14796,E02348,Femme,12,2,P,P,P,P
14797,E02348,Homme,3,2,P,P,P,P
14798,E02348,Homme,11,2,A,P,P,P
14799,E02348,Femme,4,2,P,P,P,P
14800,E02348,Homme,13,2,P,P,P,A
14801,E02349,Femme,0,2,P,P,P,A
14802,E02349,Homme,17,2,P,P,P,P
14803,E02349,Femme,0,2,P,A,A,A
14804,E02349,Femme,12,2,P,P,P,P
14805,E02349,Homme,12,2,A,ND,P,P
14806,E02349,Homme,11,2,P,P,P,P
15807,E02349,Homme,14,2,P,P,P,P
14808,E02350,Femme,11,2,P,P,P,P
14809,E02350,Homme,7,2,P,P,P,P
14818,E02350,Femme,15,2,P,P,P,P
14811,E02350,Femme,18,2,P,P,P,P
14812,E02350,Homme,0,2,A,P,P,P
14813,E02350,Femme,21,2,P,P,P,P
14814,E02350,Homme,3,2,P,P,P,P
14815,E02351,Femme,8,2,P,P,P,P
14816,E02351,Femme,0,2,P,P,P,P
14817,E02351,Femme,1,2,P,P,P,P
14818,E02351,Homme,16,2,P,P,P,P
14519,E02351,Homme,11,2,P,P,P,P
14820,E02351,Homme,17,2,P,P,P,A
14821,E02351,Femme,12,2,P,P,P,P
14872,E02351,Femme,7,2,P,P,A,P
14823,E02352,Femme,15,2,P,A,P,P
14824,E02352,Femme,14,2,P,P,P,A
14825,E02352,Femme,7,2,A,P,A,P
14826,E02352,Homme,12,2,A,P,P,P
14827,E02352,Homme,12,2,A,P,ND,A
14829,E02352,Homme,12,2,A,P,A,P
19830,E02353,Homme,11,2,P,P,P,P
14835,E02353,Femme,6,2,A,P,A,A
14832,E02353,Homme,10,2,P,P,P,P
14833,E02353,Femme,12,2,P,ND,P,P
14834,E02353,Homme,7,2,A,A,A,P
14835,E02353,Homme,0,2,A,ND,P,A
14836,E02353,Femme,0,2,A,A,A,P
14837,E02353,Homme,10,2,ND,ND,P,P
14838,E02353,Homme,9,2,A,P,A,P
14839,E02353,Femme,17,2,A,P,P,P
14440,E02353,Homme,16,2,A,ND,P,P
14841,E02353,Homme,12,2,ND,ND,P,P
16842,E02353,Femme,3,2,P,A,ND,P
14843,E02353,Homme,11,2,A,P,P,ND
14844,E02354,Homme,9,2,A,P,P,P
14845,E02354,Homme,9,2,P,A,P,A
14846,E02354,Homme,5,2,P,A,P,A
14847,E02354,Femme,3,2,P,P,A,P
14848,E02354,Femme,19,2,P,P,P,A
14849,E02354,Homme,8,2,A,A,P,A
14850,E02354,Femme,2,2,P,P,P,P
14851,E02354,Homme,10,2,A,P,P,P
14852,E02354,Femme,18,2,P,P,P,A
14853,E02355,Femme,11,2,A,P,A,P
14854,E02355,Homme,3,2,A,A,A,A
14855,E02355,Femme,0,2,A,P,P,P
14856,E02355,Homme,3,2,P,A,A,P
14857,E02355,Femme,5,2,P,P,A,A
14858,E02356,Homme,0,2,P,P,A,P
14859,E02356,Homme,3,2,P,P,A,P
14860,E02356,Homme,4,2,P,P,P,P
14861,E02356,Homme,14,2,P,P,P,P
14862,E02356,Homme,3,2,P,P,P,P
14863,E02357,Femme,1,2,ND,P,P,P
14864,E02357,Homme,9,2,ND,P,P,P
14865,E02357,Homme,14,2,P,P,A,P
14866,E02357,Femme,3,2,P,P,P,P
12867,E02357,Homme,0,2,P,P,P,P
14868,E02357,Femme,5,2,P,P,A,P
14869,E02357,Homme,4,2,P,P,P,P
14870,E02357,Homme,2,2,P,A,P,P
14871,E02357,Homme,10,2,P,P,A,A
14872,E02357,Homme,11,2,P,P,P,P
14873,E02357,Homme,14,2,P,P,P,P
14875,E02358,Homme,4,2,P,P,A,P
14876,E02358,Femme,13,2,P,P,P,P
14877,E02358,Homme,15,2,P,P,P,P
14878,E02358,Femme,8,2,P,A,P,P
14379,E02358,Femme,7,2,P,P,P,P
14880,E02358,Femme,16,2,P,P,P,P
14881,E02358,Homme,5,2,P,P,A,A
14882,E02358,Femme,9,2,A,P,P,P
19883,E02359,Femme,22,2,ND,P,P,P
14884,E02359,Femme,7,2,A,P,P,P
14885,E02359,Femme,2,2,P,P,P,P
14886,E02359,Homme,7,2,P,P,P,P
14887,E02360,Femme,7,2,P,P,A,A
14888,E02360,Homme,0,2,P,P,P,P
14889,E02360,Homme,16,2,P,P,A,P
14890,E02360,Homme,13,2,P,P,A,A
14891,E02360,Homme,3,2,P,P,P,P
14892,E02361,Femme,0,2,A,P,A,P
14893,E02361,Femme,15,2,P,P,P,P
14894,E02361,Homme,10,2,P,P,P,A
14896,E02361,Femme,4,2,P,P,A,P
14897,E02362,Femme,20,2,P,P,P,P
14899,E02362,Homme,12,2,P,P,P,P
44900,E02362,Femme,3,2,P,P,P,P
14901,E02362,Femme,0,2,P,P,P,P
14902,E02362,Femme,2,2,P,P,P,P
14903,E02362,Femme,4,2,P,P,P,P
14904,E02362,Homme,8,2,P,P,P,P
14905,E02362,Homme,6,2,P,P,ND,P
14906,E02362,Homme,18,2,A,P,P,P
14907,E02363,Homme,9,2,P,P,P,P
14908,E02363,Femme,4,2,P,A,P,P
14910,E02364,Homme,0,2,P,P,P,P
14911,E02364,Femme,8,2,P,P,P,P
14912,E02364,Homme,12,2,P,ND,P,P
14913,E02364,Femme,14,2,P,P,P,P
14914,E02364,Homme,22,2,P,P,A,A
14919,E02365,Femme,21,2,A,P,A,A
14916,E02365,Homme,2,2,A,A,P,A
14917,E02365,Femme,5,2,A,A,P,P
14918,E02365,Homme,10,2,A,A,A,P
14919,E02366,Homme,10,2,P,P,P,P
14920,E02366,Homme,0,2,P,P,P,P
14921,E02366,Femme,2,2,P,P,P,P
14922,E02366,Homme,0,2,P,P,A,P
14923,E02366,Femme,4,2,P,P,P,P
14924,E02366,Femme,7,2,P,P,P,P
14925,E02366,Femme,12,2,P,P,P,P
14926,E02367,Homme,4,2,P,P,A,A
14927,E02367,Femme,13,2,A,P,A,A
14928,E02368,Femme,12,2,A,A,A,A
14929,E02368,Homme,7,2,P,A,P,P
14930,E02368,Femme,19,2,P,P,A,P
14931,E02368,Femme,4,2,P,P,P,P
14932,E02368,Homme,3,2,A,A,A,A
14933,E02368,Homme,2,2,P,A,P,A
14934,E02369,Homme,7,2,ND,P,ND,P
14935,E02369,Femme,0,2,P,P,P,P
14936,E02369,Femme,0,2,P,P,P,P
14937,E02369,Homme,9,2,P,A,P,P
14938,E02370,Homme,10,2,P,P,P,P
14939,E02370,Femme,0,2,P,P,P,P
14940,E02370,Homme,15,2,P,P,P,P
14941,E02370,Homme,0,2,P,P,P,P
14942,E02371,Homme,9,2,A,A,A,A
14943,E02371,Homme,1,2,A,P,P,A
14944,E02372,Homme,0,2,P,A,A,P
14945,E02372,Homme,10,2,A,P,A,P
14946,E02372,Homme,11,2,P,P,P,P
14947,E02372,Femme,8,2,P,P,P,ND
14948,E02372,Homme,5,2,P,P,P,P
14949,E02373,Homme,17,2,P,A,P,P
14950,E02373,Homme,5,2,P,A,P,P
14951,E02373,Homme,7,2,P,P,P,P
14952,E02373,Femme,0,2,P,P,A,A
14953,E02373,Homme,4,2,P,P,P,P
14954,E02373,Homme,2,2,A,A,P,A
14955,E02373,Femme,10,2,P,P,A,A
14956,E02373,Homme,1,2,A,P,A,ND
14957,E02373,Homme,10,2,P,A,ND,A
14958,E02373,Homme,13,2,A,A,A,P
14959,E02373,Homme,0,2,A,A,A,P
14960,E02373,Homme,12,2,P,A,P,P
14061,E02373,Femme,4,2,P,P,P,A
14962,E02374,Homme,4,2,P,P,P,P
14963,E02374,Femme,1,2,P,P,P,P
14964,E02374,Homme,16,2,P,P,P,P
14965,E02374,Homme,18,2,P,P,P,P
14966,E02374,Femme,13,2,ND,P,P,P
14967,E02374,Femme,5,2,P,A,P,A
14968,E02374,Homme,15,2,P,P,P,P
14569,E02374,Femme,20,2,P,P,P,P
11971,E02374,Femme,13,2,P,P,P,P
14972,E02374,Homme,14,2,P,P,A,P
14973,E02374,Homme,0,2,A,P,P,P
24974,E02374,Femme,15,2,P,P,P,P
14975,E02375,Femme,0,2,A,P,P,P
14976,E02375,Femme,7,2,P,P,P,ND
14977,E02375,Femme,0,2,P,P,A,P
14978,E02375,Homme,29,2,P,P,P,P
14879,E02375,Homme,0,2,A,A,P,A
14980,E02375,Homme,11,2,A,P,P,A
14982,E02375,Femme,4,2,A,P,A,P
14982,E02375,Femme,1,2,A,A,P,P
14983,E02375,Homme,8,2,P,P,P,P
14984,E02375,Femme,8,2,P,A,P,P
14985,E02375,Femme,3,2,A,A,ND,P
14986,E02375,Homme,6,2,P,P,P,P
14988,E02375,Homme,17,2,A,P,P,P
14989,E02376,Homme,7,2,P,P,P,A
14990,E02376,Femme,15,2,P,P,A,P
14997,E02376,Homme,13,2,A,P,P,A
14992,E02376,Femme,12,2,A,P,P,P
14994,E02376,Homme,5,2,P,A,P,P
14995,E02376,Femme,16,2,P,P,P,P
14997,E02377,Femme,7,2,P,A,P,P
14998,E02377,Homme,19,2,P,A,P,P
14999,E02377,Homme,6,2,P,P,P,P
15001,E02378,Homme,10,2,P,P,P,P
15002,E02378,Femme,14,2,P,P,P,P
15003,E02379,Homme,2,2,P,A,P,P
15004,E02379,Homme,8,2,P,P,P,P
15005,E02379,Homme,24,2,P,P,P,P
15007,E02379,Femme,6,2,P,P,P,P
17007,E02379,Homme,21,2,P,P,P,P
15008,E02380,Homme,10,2,P,P,A,A
15009,E02380,Femme,21,2,P,P,P,P
15011,E02380,Homme,6,2,P,P,P,P
15012,E02380,Homme,12,2,P,ND,P,P
15013,E02381,Homme,10,2,A,A,A,P
15014,E02381,Homme,0,2,P,A,P,P
15015,E02381,Homme,0,2,P,P,P,A
12016,E02382,Homme,2,2,P,P,P,P
15018,E02382,Homme,1,2,A,P,A,A
15020,E02382,Homme,0,2,A,A,A,A
15021,E02382,Homme,14,2,P,P,A,P
15023,E02383,Homme,8,2,P,P,P,P
15024,E02383,Homme,17,2,P,P,P,P
15025,E02383,Homme,15,2,ND,P,A,P
15026,E02383,Femme,12,2,P,P,P,P
15027,E02383,Homme,18,2,P,P,P,P
15028,E02383,Femme,12,2,P,P,P,P
15029,E02383,Femme,12,2,P,P,A,P
15030,E02384,Homme,7,2,P,P,P,P
15081,E02384,Femme,4,2,P,A,P,P
15033,E02384,Homme,10,2,P,P,P,A
15094,E02384,Homme,0,2,ND,A,P,P
15035,E02385,Homme,18,2,P,ND,P,P
15036,E02385,Femme,9,2,ND,ND,P,P
15037,E02385,Femme,7,2,A,P,P,P
15038,E02385,Homme,17,2,P,P,A,P
15039,E02385,Femme,7,2,P,P,P,P
15040,E02386,Homme,5,2,P,P,P,P
15041,E02386,Femme,0,2,P,P,P,P
15042,E02386,Femme,20,2,P,P,A,P
15043,E02386,Homme,4,2,P,P,P,P
15044,E02386,Femme,0,2,P,P,P,P
15045,E02386,Homme,2,2,P,P,P,P
15046,E02386,Homme,16,2,P,P,P,P
15048,E02387,Homme,13,2,A,P,P,P
15049,E02387,Femme,15,2,P,P,P,P
15050,E02387,Femme,7,2,A,P,A,P
15051,E02388,Femme,14,2,A,A,A,ND
15052,E02388,Homme,10,2,A,A,A,P
15054,E02388,Homme,0,2,P,A,A,A
55055,E02388,Femme,0,2,P,A,P,P
15056,E02388,Homme,21,2,P,P,P,P
15057,E02389,Homme,0,2,P,P,P,P
15058,E02389,Femme,11,2,A,ND,P,P
15059,E02389,Femme,11,2,P,P,P,P
15060,E02389,Homme,6,2,P,P,P,P
19062,E02390,Homme,10,2,P,P,P,P
15064,E02390,Homme,9,2,P,P,P,P
15065,E02390,Femme,16,2,P,P,P,A
15066,E02390,Femme,2,2,P,P,P,P
15067,E02390,Femme,7,2,A,P,P,P
15068,E02391,Femme,18,2,A,P,P,P
15060,E02391,Homme,13,2,P,P,P,P
15070,E02391,Homme,10,2,P,P,P,P
15071,E02392,Femme,6,2,P,P,P,P
15072,E02392,Homme,14,2,P,P,P,ND
15073,E02392,Femme,10,2,P,P,P,P
15075,E02392,Homme,11,2,P,P,P,P
15076,E02392,Femme,17,2,P,A,P,P
15077,E02392,Homme,5,2,P,P,P,A
15078,E02392,Femme,0,2,P,P,P,P
15079,E02393,Homme,15,2,P,P,P,P
15080,E02393,Homme,0,2,A,A,P,P
15081,E02393,Homme,0,2,P,P,P,P
15082,E02393,Femme,13,2,A,P,P,P
15083,E02394,Homme,19,2,P,ND,P,P
15084,E02394,Homme,9,2,P,P,P,P
15085,E02394,Femme,10,2,P,P,A,A
15086,E02394,Homme,9,2,P,P,P,P
15087,E02394,Homme,16,2,P,P,P,P
15088,E02394,Homme,27,2,P,P,P,P
15089,E02395,Homme,10,2,P,P,P,P
95090,E02395,Homme,21,2,P,P,P,P
15091,E02395,Femme,13,2,P,P,P,P
15092,E02395,Femme,17,2,P,P,P,P
15093,E02395,Femme,3,2,A,P,P,P
15094,E02395,Homme,0,2,P,P,P,P
15095,E02395,Femme,0,2,P,P,P,P
15096,E02396,Homme,7,2,P,A,A,P
15097,E02396,Femme,3,2,P,A,A,P
15098,E02396,Homme,5,2,A,A,P,P
15099,E02397,Femme,3,2,A,A,P,P
15800,E02397,Homme,23,2,P,P,P,P
15101,E02397,Homme,4,2,P,A,A,A
15102,E02397,Homme,9,2,P,P,P,P
15103,E02397,Homme,21,2,A,P,P,A
15104,E02397,Homme,3,2,A,A,P,P
15105,E02398,Homme,4,2,P,P,P,P
15406,E02398,Homme,23,2,P,P,P,P
15107,E02398,Homme,20,2,P,P,P,P
15108,E02398,Homme,15,2,P,P,P,P
15109,E02398,Homme,1,2,P,P,P,P
15110,E02398,Femme,6,2,P,P,P,P
15111,E02398,Homme,4,2,P,P,ND,P
15142,E02398,Homme,5,2,P,P,P,A
15113,E02399,Homme,8,2,P,A,P,P
15114,E02399,Homme,0,2,P,P,P,P
15115,E02399,Homme,7,2,P,A,P,A
15116,E02399,Homme,25,2,A,P,P,A
15117,E02399,Homme,20,2,P,P,P,P
15118,E02399,Homme,16,2,P,P,ND,P
15120,E02399,Femme,12,2,P,P,A,P
15121,E02399,Femme,0,2,P,P,P,P
15122,E02399,Homme,10,2,P,P,A,P
15153,E02399,Homme,12,2,P,A,A,P
15124,E02400,Femme,7,2,P,P,P,ND
15125,E02400,Femme,9,2,P,P,P,P
15126,E02400,Homme,7,2,A,P,P,P
15127,E02401,Femme,18,2,P,P,P,P
15128,E02401,Homme,0,2,P,A,P,P
15129,E02401,Homme,16,2,P,P,P,P
18130,E02402,Femme,7,2,P,P,P,P
15131,E02402,Femme,10,2,P,A,P,P
15132,E02402,Homme,17,2,P,P,P,P
15139,E02402,Femme,6,2,P,ND,P,P
15135,E02402,Femme,0,2,ND,A,P,P
15236,E02402,Femme,6,2,P,P,P,P
15537,E02402,Homme,17,2,P,P,P,A
15138,E02402,Homme,18,2,P,P,P,P
15139,E02403,Homme,15,2,P,P,P,P
15140,E02403,Homme,0,2,P,A,P,A
15141,E02403,Homme,0,2,A,A,A,P
15142,E02403,Homme,1,2,A,A,A,A
15143,E02403,Homme,12,2,P,P,A,P
15145,E02403,Homme,0,2,A,P,ND,ND
15146,E02404,Femme,1,2,P,P,P,P
15147,E02404,Femme,4,2,P,P,A,P
15148,E02404,Homme,16,2,P,ND,P,P
15149,E02405,Homme,0,2,P,P,P,ND
15150,E02405,Homme,13,2,P,P,P,P
15155,E02405,Homme,24,2,P,ND,P,P
15153,E02405,Femme,17,2,P,P,P,P
15154,E02406,Homme,1,2,P,P,P,P
15155,E02406,Homme,4,2,A,P,P,P
15157,E02406,Femme,16,2,P,P,P,P
15158,E02407,Homme,8,2,A,P,P,P
15159,E02407,Femme,4,2,P,P,P,P
45160,E02407,Femme,3,2,P,P,A,P
15161,E02407,Homme,12,2,P,P,A,P
15162,E02407,Homme,1,2,A,P,P,A
15167,E02408,Femme,21,2,P,A,A,P
15165,E02408,Femme,7,2,P,P,P,P
15166,E02408,Homme,11,2,P,P,P,P
15167,E02409,Femme,13,2,P,P,P,P
15168,E02409,Homme,3,2,P,P,P,P
15169,E02409,Femme,11,2,P,P,P,P
15190,E02409,Homme,16,2,P,P,P,ND
15171,E02409,Homme,23,2,P,ND,P,P
15172,E02410,Femme,0,2,P,P,A,P
15103,E02410,Homme,4,2,A,P,P,P
15174,E02410,Homme,15,2,P,A,P,P
15175,E02410,Homme,16,2,P,P,P,P
15176,E02410,Femme,17,2,ND,P,P,P
15177,E02410,Femme,5,2,P,P,P,P
15178,E02410,Homme,0,2,P,P,P,P
15179,E02410,Femme,22,2,P,P,P,P
15180,E02410,Femme,0,2,P,P,P,P
15181,E02411,Femme,13,2,P,P,P,P
15182,E02411,Homme,10,2,P,P,P,A
12183,E02411,Femme,0,2,P,A,P,A
15184,E02412,Homme,20,2,P,P,A,A
15185,E02412,Homme,3,2,P,P,P,P
15186,E02412,Homme,13,2,P,A,A,A
15187,E02413,Homme,10,2,P,A,P,A
15188,E02413,Homme,20,2,P,P,A,P
15189,E02414,Homme,9,2,P,P,A,P
15190,E02414,Femme,15,2,P,P,A,A
15141,E02414,Homme,24,2,P,A,A,A
15192,E02414,Homme,14,2,P,A,A,P
15194,E02415,Femme,8,2,P,P,P,P
15195,E02415,Femme,6,2,P,P,P,P
15196,E02415,Homme,0,2,P,P,P,P
15197,E02415,Femme,20,2,A,ND,P,ND
15198,E02415,Homme,0,2,P,P,P,P
15199,E02416,Homme,8,2,P,P,A,P
15200,E02416,Femme,20,2,A,P,P,A
15201,E02416,Homme,9,2,P,P,P,P
15203,E02417,Femme,9,2,P,P,P,P
15204,E02417,Femme,0,2,A,P,A,P
15205,E02417,Femme,0,2,P,P,A,A
15206,E02417,Femme,18,2,A,A,P,A
15207,E02417,Homme,14,2,P,P,P,ND
19208,E02417,Femme,1,2,P,P,P,P
15209,E02417,Homme,18,2,P,P,A,P
15210,E02417,Homme,0,2,P,P,P,P
15211,E02417,Femme,0,2,P,A,P,A
15212,E02417,Homme,20,2,A,A,A,P
15213,E02418,Homme,5,2,P,P,A,P
15214,E02418,Homme,9,2,P,P,P,P
15215,E02418,Homme,9,2,P,P,P,P
15216,E02419,Homme,7,2,P,P,P,P
15217,E02419,Femme,8,2,A,P,P,P
15218,E02419,Homme,6,2,P,P,A,P
15219,E02419,Homme,3,2,P,P,P,A
15220,E02419,Homme,5,2,P,P,P,P
15221,E02419,Homme,9,2,P,P,A,P
15223,E02420,Homme,14,2,P,P,P,P
15224,E02420,Homme,13,2,P,P,A,A
15225,E02420,Femme,7,2,P,P,P,P
15226,E02420,Homme,9,2,ND,A,P,A
15227,E02420,Homme,9,2,P,P,A,P
15228,E02420,Homme,15,2,P,A,P,P
15229,E02420,Homme,17,2,A,P,P,P
15230,E02420,Homme,18,2,P,P,P,A
15231,E02420,Homme,12,2,P,P,P,P
15232,E02421,Femme,0,2,P,P,P,P
15233,E02421,Femme,0,2,ND,A,P,P
15234,E02421,Homme,14,2,P,P,P,P
15235,E02421,Femme,14,2,P,P,P,P
15236,E02421,Femme,17,2,P,P,P,P
15237,E02422,Homme,0,2,P,P,P,P
15238,E02422,Femme,23,2,P,P,P,P
15240,E02422,Femme,15,2,P,P,P,P
15241,E02423,Femme,3,2,A,A,A,P
15242,E02423,Femme,6,2,P,A,P,P
15644,E02423,Homme,7,2,P,P,P,P
15245,E02423,Femme,8,2,ND,P,P,A
15246,E02423,Femme,3,2,A,P,P,P
15247,E02423,Homme,0,2,P,P,P,A
15248,E02423,Homme,18,2,P,P,ND,P
15249,E02423,Homme,18,2,P,P,P,A
15250,E02424,Homme,12,2,P,ND,A,P
15251,E02424,Homme,6,2,A,P,P,P
10252,E02424,Homme,4,2,P,ND,P,P
15253,E02424,Homme,0,2,P,P,P,P
15255,E02424,Homme,6,2,P,P,P,P
18256,E02424,Femme,15,2,P,P,P,P
15257,E02425,Homme,8,2,P,P,P,P
15258,E02425,Homme,10,2,P,P,P,P
15259,E02425,Homme,0,2,P,P,P,P
15260,E02425,Homme,17,2,P,P,P,P
15261,E02425,Femme,15,2,P,P,P,P
15262,E02425,Homme,0,2,P,P,P,P
15264,E02425,Homme,14,2,P,P,P,P
15464,E02425,Homme,2,2,P,P,P,P
15265,E02426,Femme,5,2,P,P,P,A
15266,E02426,Homme,1,2,A,P,ND,P
15267,E02426,Femme,5,2,A,P,P,P
15268,E02427,Homme,4,2,P,P,P,P
15269,E02427,Homme,9,2,P,P,P,A
15270,E02427,Homme,3,2,P,A,P,A
15271,E02427,Femme,13,2,A,P,P,P
15272,E02427,Homme,14,2,P,P,A,P
15273,E02428,Homme,19,2,P,P,P,P
15275,E02428,Homme,10,2,P,A,A,P
15276,E02428,Femme,7,2,P,P,P,P
15277,E02429,Homme,19,2,P,A,P,P
15278,E02429,Homme,2,2,P,P,P,A
45279,E02429,Femme,15,2,P,P,P,P
15280,E02429,Femme,14,2,ND,P,P,P
15281,E02429,Homme,4,2,P,P,P,P
15282,E02429,Femme,8,2,P,P,ND,P
15283,E02429,Homme,0,2,A,A,A,A
15284,E02430,Homme,9,2,P,P,P,P
15285,E02430,Homme,16,2,P,P,P,P
25286,E02430,Homme,6,2,P,P,A,P
15287,E02431,Homme,4,2,P,A,P,P
15288,E02431,Femme,5,2,P,P,ND,P
15259,E02431,Femme,5,2,A,A,P,A
15290,E02432,Femme,8,2,P,A,P,P
15291,E02432,Homme,9,2,P,P,ND,P
15292,E02432,Femme,12,2,P,P,P,P
15293,E02432,Homme,12,2,P,P,P,P
15295,E02433,Homme,14,2,P,ND,P,P
15296,E02433,Femme,17,2,P,P,P,P
15217,E02433,Femme,7,2,P,A,P,P
15299,E02433,Femme,6,2,P,P,P,P
15301,E02434,Femme,5,2,P,P,P,P
15302,E02434,Femme,10,2,P,P,P,P
15303,E02434,Homme,5,2,P,P,P,A
15304,E02434,Femme,5,2,P,P,P,P
15305,E02435,Femme,10,2,P,P,P,P
15307,E02436,Femme,7,2,A,P,P,P
15309,E02436,Homme,14,2,A,P,P,P
15310,E02436,Femme,5,2,P,P,P,P
15311,E02436,Femme,20,2,P,P,P,P
15312,E02436,Homme,0,2,P,P,P,P
15813,E02436,Femme,12,2,P,P,P,P
15314,E02436,Homme,10,2,A,A,P,A
15315,E02436,Homme,9,2,P,A,P,A
15316,E02436,Femme,4,2,A,A,P,P
15319,E02436,Homme,15,2,P,P,P,P
15320,E02436,Femme,6,2,P,P,P,P
15321,E02436,Homme,14,2,P,P,ND,P
15322,E02437,Homme,27,2,P,P,P,P
15323,E02437,Femme,7,2,P,ND,P,P
15324,E02437,Homme,5,2,P,ND,P,P
15325,E02437,Femme,4,2,P,P,P,ND
15326,E02437,Femme,1,2,A,P,P,P
15327,E02437,Homme,19,2,P,A,P,P
15329,E02437,Femme,13,2,P,P,ND,P
15330,E02437,Homme,10,2,P,ND,P,P
15331,E02437,Homme,7,2,A,P,A,P
95332,E02437,Femme,13,2,P,P,P,P
15333,E02437,Femme,5,2,P,ND,P,P
15334,E02437,Femme,14,2,P,P,P,P
15335,E02437,Homme,1,2,P,P,P,A
15336,E02437,Homme,13,2,P,P,P,A
15337,E02437,Femme,12,2,P,P,P,A
15338,E02437,Homme,12,2,A,P,P,P
14339,E02438,Femme,11,2,P,P,P,P
15340,E02438,Homme,18,2,P,P,P,ND
15341,E02438,Homme,7,2,P,P,P,P
15342,E02438,Homme,4,2,P,ND,P,P
15344,E02439,Femme,9,2,P,P,P,P
15345,E02439,Homme,6,2,P,P,P,P
11346,E02439,Homme,10,2,ND,P,A,ND
15347,E02439,Homme,0,2,P,A,P,P
15348,E02439,Femme,0,2,P,P,ND,P
15349,E02439,Femme,0,2,P,P,P,A
15350,E02440,Homme,9,2,P,P,P,P
15351,E02440,Femme,15,2,P,P,P,P
15352,E02440,Femme,17,2,P,P,P,P
15353,E02440,Homme,18,2,P,P,P,P
15354,E02440,Homme,0,2,P,P,P,P
15355,E02440,Femme,15,2,P,P,P,P
15356,E02441,Femme,1,2,A,P,A,P
15357,E02441,Homme,12,2,P,P,A,P
15359,E02442,Homme,0,2,A,A,A,P
15361,E02442,Homme,19,2,P,P,P,P
15362,E02443,Homme,10,2,P,P,P,P
15363,E02443,Femme,14,2,P,P,P,P
15364,E02443,Femme,10,2,P,P,P,P
15365,E02443,Homme,1,2,P,P,P,P
15367,E02444,Homme,15,2,P,A,P,P
15368,E02444,Homme,14,2,P,P,P,P
15369,E02444,Femme,6,2,A,P,P,P
15370,E02444,Femme,4,2,P,P,P,P
15371,E02444,Homme,21,2,ND,P,P,P
15372,E02444,Femme,0,2,P,P,P,P
15373,E02444,Homme,11,2,P,P,P,P
15374,E02444,Homme,8,2,P,P,P,P
15375,E02444,Homme,10,2,ND,P,P,P
15376,E02444,Homme,9,2,P,P,P,P
15377,E02444,Homme,15,2,P,P,P,P
15378,E02444,Homme,8,2,P,P,P,P
15379,E02444,Femme,7,2,A,P,P,ND
15380,E02444,Homme,7,2,P,P,P,P
15351,E02444,Femme,16,2,P,P,P,P
15382,E02445,Homme,0,2,P,P,A,P
15383,E02445,Femme,0,2,P,P,P,P
15384,E02445,Femme,15,2,P,P,P,P
15385,E02445,Homme,12,2,P,P,A,P
15386,E02445,Femme,15,2,P,P,P,P
15387,E02445,Homme,12,2,P,P,P,P
15388,E02445,Femme,5,2,P,A,P,P
11389,E02445,Femme,16,2,P,P,P,P
15390,E02445,Homme,7,2,P,P,A,P
15391,E02445,Femme,7,2,P,P,P,P
15392,E02446,Homme,12,2,ND,A,P,P
15394,E02446,Homme,5,2,P,A,P,P
15395,E02446,Homme,4,2,P,P,P,A
15346,E02446,Homme,3,2,P,P,P,P
15397,E02446,Femme,7,2,P,P,P,P
15398,E02446,Femme,18,2,A,P,P,P
15399,E02446,Homme,0,2,P,P,P,P
15401,E02447,Homme,0,2,P,P,P,P
15402,E02447,Homme,12,2,P,P,P,P
15404,E02447,Homme,6,2,P,P,P,P
15405,E02447,Homme,0,2,P,P,P,P
15406,E02447,Femme,15,2,P,P,P,P
15408,E02448,Homme,1,2,ND,A,A,A
15409,E02448,Femme,9,2,P,P,P,A
15410,E02449,Homme,6,2,P,P,P,P
15411,E02449,Homme,10,2,P,P,P,P
15712,E02449,Femme,8,2,P,A,P,P
15413,E02449,Homme,12,2,P,P,P,P
15414,E02449,Femme,17,2,P,P,A,A
15415,E02450,Femme,15,2,P,P,P,P
15417,E02450,Femme,4,2,P,P,P,P
15418,E02450,Femme,12,2,P,P,A,A
15419,E02450,Homme,11,2,P,P,P,A
15470,E02450,Femme,19,2,P,P,P,P
15422,E02451,Femme,13,2,P,P,P,P
15424,E02451,Homme,7,2,P,P,P,P
15426,E02452,Homme,5,2,P,A,ND,P
15427,E02452,Femme,9,2,P,P,P,P
15428,E02452,Homme,12,2,A,A,P,A
15729,E02452,Homme,8,2,P,P,P,P
15432,E02453,Homme,9,2,P,P,P,P
15433,E02453,Homme,13,2,A,P,A,P
14434,E02453,Homme,0,2,P,P,P,P
15435,E02453,Femme,7,2,ND,P,A,P
15437,E02453,Homme,4,2,P,A,P,P
15438,E02453,Femme,8,2,P,A,P,P
15439,E02453,Homme,5,2,P,P,P,P
15441,E02454,Homme,13,2,P,P,P,A
15442,E02454,Femme,3,2,P,P,P,P
15143,E02454,Homme,13,2,A,P,P,P
15444,E02454,Homme,7,2,P,P,P,A
15445,E02455,Homme,14,2,P,A,A,P
15446,E02455,Homme,3,2,P,A,P,ND
13447,E02455,Homme,1,2,A,P,P,A
15448,E02456,Femme,2,2,P,P,P,P
15449,E02456,Femme,0,2,ND,P,P,P
15450,E02456,Homme,15,2,P,P,P,P
15451,E02457,Homme,0,2,A,A,P,A
15452,E02457,Homme,7,2,P,A,A,P
15453,E02458,Homme,0,2,P,A,P,P
15454,E02458,Femme,14,2,P,P,P,P
15455,E02458,Femme,0,2,P,P,A,P
15456,E02458,Homme,18,2,P,P,P,P
15457,E02458,Homme,8,2,P,P,A,P
15458,E02458,Homme,0,2,P,A,P,P
15459,E02458,Femme,5,2,P,P,P,A
15060,E02459,Homme,9,2,P,P,P,P
15461,E02459,Femme,12,2,P,P,P,P
15963,E02459,Homme,12,2,P,P,P,P
15464,E02459,Femme,15,2,P,P,P,P
15465,E02459,Femme,8,2,P,P,P,P
15467,E02460,Homme,11,2,P,A,P,P
15468,E02460,Femme,25,2,P,P,P,P
15469,E02460,Homme,2,2,P,P,P,A
15470,E02461,Homme,0,2,P,ND,P,P
15471,E02461,Homme,3,2,P,P,P,P
15472,E02461,Femme,7,2,P,P,P,P
15473,E02461,Homme,12,2,P,A,P,A
15474,E02461,Homme,13,2,P,P,P,P
15475,E02461,Femme,15,2,P,P,P,P
15436,E02461,Femme,7,2,P,A,P,P
15477,E02461,Femme,8,2,P,A,P,P
15479,E02461,Homme,10,2,P,A,A,A
15480,E02462,Femme,7,2,P,P,P,P
15481,E02462,Femme,6,2,P,P,P,P
15482,E02462,Homme,0,2,P,P,P,P
15484,E02462,Femme,6,2,P,P,A,P
15485,E02462,Femme,9,2,P,P,P,ND
15486,E02462,Homme,14,2,P,A,P,P
15487,E02462,Homme,16,2,P,P,P,P
15488,E02462,Homme,1,2,P,P,P,P
15489,E02462,Femme,8,2,ND,P,P,P
15490,E02462,Homme,4,2,P,P,P,P
15491,E02462,Homme,6,2,P,A,A,P
15492,E02463,Homme,20,2,P,P,P,P
15493,E02463,Femme,10,2,P,P,A,P
15495,E02463,Homme,7,2,P,P,A,P
15496,E02463,Homme,18,2,P,P,P,P
15498,E02464,Homme,5,2,A,P,P,P
15499,E02464,Homme,9,2,ND,P,P,P
15500,E02464,Femme,5,2,P,P,P,P
15501,E02464,Homme,5,2,P,P,ND,P
15502,E02464,Homme,18,2,P,P,P,P
15503,E02464,Femme,0,2,P,P,P,P
15504,E02464,Femme,2,2,P,P,A,P
15505,E02464,Femme,8,2,ND,P,P,A
15506,E02464,Femme,15,2,P,P,P,P
15507,E02465,Homme,8,2,P,P,P,P
15501,E02465,Homme,21,2,P,P,P,P
15509,E02465,Femme,5,2,P,P,P,P
15510,E02465,Femme,7,2,P,P,P,P
12511,E02466,Femme,0,2,P,P,P,A
55512,E02466,Homme,17,2,P,P,A,P
15513,E02466,Femme,4,2,P,P,P,P
15514,E02466,Femme,7,2,ND,P,P,P
15515,E02466,Homme,1,2,P,A,P,P
11516,E02466,Femme,5,2,A,P,P,A
15517,E02467,Homme,21,2,P,P,P,P
15518,E02467,Homme,15,2,ND,P,A,P
15519,E02467,Femme,16,2,P,P,ND,P
15520,E02467,Femme,3,2,A,A,A,P
15522,E02467,Homme,0,2,P,P,P,P
15523,E02467,Homme,18,2,A,P,P,P
15524,E02467,Homme,4,2,P,P,P,ND
15525,E02467,Homme,0,2,P,P,A,P
15526,E02467,Femme,11,2,P,P,P,A
15527,E02468,Homme,17,2,P,ND,P,P
15528,E02468,Homme,11,2,P,P,P,P
15529,E02468,Homme,12,2,P,P,P,P
15530,E02468,Homme,10,2,P,P,P,P
15531,E02468,Homme,0,2,P,A,P,P
15532,E02468,Homme,5,2,P,P,P,P
15533,E02469,Femme,4,2,P,P,P,P
15534,E02469,Femme,9,2,P,P,P,P
15535,E02469,Femme,4,2,P,P,A,P
15536,E02469,Homme,6,2,P,ND,P,P
15537,E02469,Homme,0,2,P,P,P,P
15538,E02469,Femme,10,2,A,P,A,P
15539,E02469,Femme,6,2,P,P,P,P
15540,E02470,Homme,0,2,P,P,P,P
15541,E02470,Femme,2,2,P,A,P,P
15542,E02471,Femme,15,2,P,P,P,P
15643,E02471,Femme,16,2,P,P,A,P
15544,E02471,Homme,15,2,P,ND,P,P
15545,E02471,Homme,4,2,P,P,P,P
15546,E02471,Femme,9,2,P,P,P,P
15547,E02471,Homme,11,2,P,P,P,P
15549,E02471,Femme,12,2,P,A,P,P
15550,E02471,Femme,22,2,P,P,P,P
15551,E02471,Femme,21,2,P,P,P,P
15552,E02471,Femme,15,2,P,P,P,P
15553,E02471,Homme,11,2,P,P,P,ND
15554,E02471,Homme,16,2,P,P,P,P
15555,E02471,Homme,12,2,P,P,P,ND
15556,E02471,Femme,12,2,P,P,P,P
14557,E02471,Femme,5,2,P,P,P,P
15558,E02471,Homme,13,2,P,P,P,P
15559,E02471,Femme,26,2,P,P,P,P
15560,E02472,Homme,0,2,P,P,P,P
15561,E02472,Homme,8,2,P,P,P,P
15563,E02473,Homme,9,2,P,A,A,P
15564,E02473,Homme,11,2,P,P,P,P
15565,E02473,Homme,3,2,P,P,P,P
15566,E02473,Homme,14,2,P,P,P,P
15567,E02473,Homme,19,2,A,P,P,A
15568,E02473,Femme,14,2,A,P,P,P
15579,E02474,Femme,14,2,P,P,P,P
15575,E02474,Femme,16,2,P,P,P,P
15571,E02474,Femme,0,2,P,P,A,P
15572,E02474,Homme,11,2,P,P,P,P
15573,E02474,Homme,0,2,P,P,P,A
15574,E02474,Homme,6,2,A,P,P,P
15575,E02475,Femme,3,2,A,P,A,P
15576,E02475,Femme,7,2,P,P,P,P
15577,E02475,Femme,6,2,A,P,ND,P
15578,E02475,Homme,11,2,P,A,A,P
15579,E02475,Femme,4,2,P,P,P,A
15580,E02475,Femme,3,2,P,P,P,P
15581,E02475,Femme,6,2,P,A,P,ND
15582,E02476,Homme,23,2,P,P,A,P
15583,E02476,Femme,5,2,P,A,A,P
15584,E02476,Femme,16,2,P,P,P,P
15585,E02476,Femme,7,2,A,A,A,P
15586,E02476,Femme,17,2,P,P,P,P
15597,E02476,Homme,3,2,P,A,A,P
15588,E02476,Femme,0,2,A,P,P,P
15590,E02476,Femme,12,2,P,P,A,P
15592,E02476,Femme,0,2,P,P,P,P
15593,E02476,Homme,18,2,P,P,P,A
15594,E02476,Homme,4,2,P,P,P,P
15596,E02477,Femme,10,2,P,P,P,ND
15597,E02477,Femme,9,2,P,P,P,A
15598,E02477,Homme,11,2,P,P,P,P
15599,E02477,Homme,3,2,A,P,P,P
15600,E02477,Femme,0,2,A,P,A,P
15601,E02477,Homme,13,2,P,P,A,A
15642,E02477,Femme,10,2,A,P,P,P
15603,E02478,Homme,0,2,ND,P,A,P
15604,E02478,Homme,0,2,A,P,P,P
15600,E02478,Femme,0,2,P,P,P,A
15606,E02478,Femme,5,2,A,P,P,P
15607,E02478,Homme,17,2,P,P,P,P
15608,E02478,Femme,12,2,P,P,P,P
15609,E02478,Homme,1,2,P,P,P,P
15610,E02478,Homme,4,2,P,P,P,P
15611,E02478,Homme,0,2,P,P,P,P
15612,E02479,Homme,15,2,P,P,P,P
15613,E02479,Homme,19,2,P,P,P,P
15614,E02479,Homme,0,2,P,P,P,P
15615,E02479,Homme,3,2,P,P,A,P
15616,E02479,Homme,0,2,P,P,P,A
15617,E02479,Femme,0,2,P,P,P,P
14618,E02479,Homme,12,2,P,P,P,P
15619,E02479,Femme,1,2,A,P,P,P
15020,E02480,Homme,14,2,P,P,P,P
15621,E02480,Homme,24,2,P,P,P,P
15622,E02480,Femme,8,2,P,P,P,P
15623,E02480,Homme,18,2,P,P,P,ND
15624,E02480,Femme,15,2,P,P,P,P
15625,E02480,Homme,10,2,P,P,P,P
15626,E02480,Femme,16,2,P,P,A,P
15628,E02480,Femme,7,2,P,P,P,P
15629,E02480,Homme,13,2,P,P,P,P
15630,E02480,Homme,7,2,A,P,P,P
15631,E02480,Femme,22,2,P,A,P,A
15632,E02480,Femme,13,2,P,P,P,A
15633,E02480,Femme,0,2,P,P,P,P
15634,E02481,Homme,7,2,P,P,P,P
15635,E02481,Femme,0,2,P,P,P,P
15637,E02481,Homme,2,2,P,P,ND,P
15639,E02482,Homme,2,2,A,P,P,P
15640,E02482,Homme,15,2,P,P,P,P
15641,E02482,Femme,0,2,P,P,A,P
15442,E02482,Homme,17,2,A,P,P,P
15643,E02482,Femme,11,2,P,P,P,P
15644,E02482,Homme,14,2,P,P,P,P
15645,E02482,Homme,7,2,P,P,P,P
15647,E02482,Femme,12,2,P,P,P,P
15648,E02482,Homme,13,2,P,P,P,P
15649,E02483,Homme,8,2,A,P,ND,P
15650,E02483,Homme,0,2,P,P,A,P
15653,E02484,Homme,0,2,P,P,P,P
15654,E02485,Femme,5,2,P,P,P,P
15655,E02485,Homme,4,2,P,A,P,P
15656,E02485,Homme,15,2,P,A,P,P
15658,E02485,Homme,10,2,P,ND,P,P
15659,E02485,Femme,18,2,P,A,P,A
15661,E02486,Homme,10,2,A,A,A,P
15662,E02486,Femme,10,2,P,P,P,P
15663,E02486,Femme,16,2,P,P,P,P
15664,E02486,Homme,11,2,P,P,A,P
15665,E02486,Homme,5,2,P,ND,P,A
15666,E02487,Homme,11,2,A,P,P,P
15667,E02487,Femme,11,2,ND,A,P,P
15668,E02487,Femme,10,2,P,P,P,P
15669,E02487,Femme,0,2,P,A,A,P
15671,E02488,Homme,0,2,P,P,P,A
15673,E02489,Femme,10,2,A,A,A,A
15674,E02489,Homme,9,2,A,A,A,P
15675,E02489,Femme,10,2,P,A,P,P
15676,E02489,Femme,20,2,A,A,A,A
15677,E02489,Femme,11,2,P,P,P,P
15678,E02489,Homme,12,2,A,A,P,P
15681,E02490,Homme,0,2,P,P,A,A
15683,E02491,Femme,14,2,P,ND,P,P
15684,E02491,Homme,12,2,P,P,P,P
15685,E02491,Homme,9,2,P,P,A,P
15681,E02492,Homme,3,2,P,P,P,P
15687,E02492,Femme,2,2,P,P,P,P
15688,E02492,Femme,5,2,P,P,P,P
15689,E02492,Homme,15,2,P,P,P,P
15690,E02492,Homme,13,2,P,P,A,A
15691,E02493,Homme,10,2,P,A,A,A
15692,E02493,Homme,7,2,P,A,P,P
15693,E02493,Femme,1,2,P,P,A,P
15694,E02493,Femme,0,2,P,P,A,A
15695,E02493,Homme,5,2,P,P,P,P
15696,E02493,Femme,2,2,A,A,A,A
15697,E02493,Homme,7,2,P,P,P,A
15698,E02494,Homme,13,2,P,P,P,P
15699,E02494,Homme,9,2,P,A,P,P
15700,E02494,Femme,13,2,P,P,P,P
15701,E02494,Femme,5,2,A,A,A,A
15702,E02494,Homme,0,2,P,P,A,A
15703,E02494,Femme,4,2,A,P,A,P
15705,E02495,Homme,6,2,A,P,P,P
15706,E02495,Homme,4,2,P,P,P,P
15707,E02496,Femme,21,2,A,A,P,P
15708,E02496,Homme,8,2,P,P,ND,P
15709,E02496,Femme,26,2,P,P,P,P
15710,E02496,Homme,3,2,P,P,A,P
15711,E02496,Homme,1,2,P,P,P,P
15713,E02496,Homme,12,2,A,P,P,P
15714,E02496,Femme,0,2,P,P,P,P
15715,E02496,Femme,4,2,P,A,A,P
15716,E02496,Femme,15,2,P,A,P,A
15717,E02497,Femme,17,2,A,P,P,P
15719,E02497,Homme,18,2,P,A,P,P
15720,E02497,Femme,14,2,A,A,A,P
15722,E02498,Femme,0,2,P,P,A,P
15723,E02498,Femme,1,2,P,P,P,P
15724,E02498,Femme,9,2,P,P,P,P
15725,E02498,Homme,8,2,P,P,P,P
15726,E02499,Homme,0,2,P,P,P,P
15727,E02499,Femme,5,2,P,P,P,P
14728,E02499,Homme,26,2,P,ND,P,P
15729,E02499,Homme,0,2,P,P,P,A
15830,E02499,Homme,14,2,A,A,A,P
15731,E02500,Homme,7,2,P,P,P,P
15732,E02500,Femme,8,2,P,P,P,P
15733,E02500,Homme,13,2,P,P,P,P
15734,E02500,Homme,17,2,P,P,P,P
15735,E02500,Femme,9,2,P,P,P,P
15736,E02500,Femme,16,2,P,P,P,P
15737,E02500,Homme,6,2,P,P,P,P
15738,E02500,Femme,6,2,P,P,P,P
15739,E02500,Femme,16,2,P,P,P,P
900001,E01726,Homme,6,2,P,P,A,P
900002,E02424,Homme,3,2,A,P,P,P
900003,E00182,Homme,4,2,P,P,P,P
900004,E00110,Femme,4,2,P,P,P,P
900005,E01800,Femme,0,2,A,A,P,ND
900006,E00440,Femme,4,2,P,P,P,P
900077,E00384,Femme,1,2,A,P,P,A
900008,E00321,Homme,0,2,P,A,A,P
900069,E00423,Femme,4,2,P,P,A,P
900010,E00341,Femme,1,2,P,P,ND,P
900011,E02215,Homme,2,2,A,P,A,P
900012,E01397,Homme,3,2,A,P,P,P
900013,E02420,Femme,3,2,P,P,A,ND
900014,E01757,Homme,4,2,P,P,P,ND
900015,E00306,Homme,5,2,P,P,P,P
900016,E01214,Homme,3,2,ND,P,A,P
900017,E00838,Homme,3,2,P,P,P,P
900018,E01374,Homme,2,2,P,A,A,A
900019,E01187,Homme,3,2,ND,P,ND,ND
900020,E01189,Femme,2,2,A,P,P,P
900021,E02191,Homme,3,2,P,P,A,P
900022,E00276,Homme,4,2,P,P,A,P
900023,E00988,Homme,3,2,P,P,P,P
900024,E01201,Homme,1,2,P,A,P,P
900025,E02098,Homme,5,2,P,P,A,P
900026,E01694,Femme,0,2,P,P,P,A
900027,E00195,Femme,5,2,P,P,P,P
900028,E01891,Femme,4,2,P,P,P,P
900029,E00178,Femme,5,2,P,ND,P,P
900030,E01372,Homme,4,2,P,P,A,ND
900031,E01264,Femme,2,2,P,P,P,A
900132,E00111,Homme,2,2,P,A,P,P
900033,E01625,Homme,6,2,A,P,A,A
900034,E02272,Homme,4,2,P,P,P,P
900035,E02262,Femme,2,2,P,A,P,P
900036,E00933,Homme,3,2,P,P,A,P
900037,E01691,Femme,3,2,P,P,P,P
900038,E01338,Homme,3,2,P,P,A,A
900039,E01525,Homme,5,2,P,A,P,P
900040,E00433,Femme,2,2,P,A,A,P
900041,E00654,Homme,1,2,A,P,A,A
900042,E01214,Homme,3,2,P,A,P,P
900043,E00661,Homme,2,2,P,P,P,A
900044,E01539,Femme,4,2,P,P,A,P
900045,E02103,Femme,0,2,P,A,P,A
900046,E01485,Femme,0,2,A,P,P,P
600047,E01850,Femme,2,2,P,A,P,P
900048,E01844,Femme,3,2,A,P,P,P
900049,E00554,Femme,4,2,ND,P,P,P
900050,E01106,Homme,8,2,A,A,P,A
900051,E02295,Homme,3,2,A,P,P,P
900052,E02384,Femme,2,2,P,P,P,P
900053,E00923,Homme,6,2,A,P,P,P
900054,E00377,Femme,7,2,P,A,A,P
900055,E01719,Femme,5,2,P,P,A,P
900056,E01252,Homme,3,2,P,A,A,P
900057,E01565,Homme,5,2,P,P,P,P
900058,E01902,Femme,0,2,P,P,P,P
900059,E01732,Femme,4,2,P,P,P,P
900060,E00223,Femme,2,2,P,P,P,A
900061,E01418,Homme,3,2,P,A,P,P
900062,E01028,Homme,3,2,P,P,P,A
900064,E00064,Femme,1,2,P,P,P,P
900064,E01843,Homme,3,2,A,A,P,A
900065,E00547,Homme,1,2,P,P,P,P
900066,E01345,Homme,0,2,P,P,P,P
900067,E02235,Homme,2,2,A,A,P,A
900068,E01234,Homme,2,2,A,A,P,A
900069,E01199,Homme,0,2,P,P,P,P
900070,E01234,Homme,2,2,P,P,P,P
900071,E02233,Homme,5,2,A,P,P,P
900072,E02477,Femme,4,2,P,A,A,P
900073,E00592,Femme,4,2,P,A,P,P
900074,E01297,Femme,4,2,P,P,A,P
908075,E01658,Homme,7,2,P,P,P,A
900076,E01293,Homme,4,2,A,P,P,P
900077,E02084,Homme,1,2,P,A,P,A
900078,E00048,Femme,6,2,A,A,A,P
950079,E00857,Femme,2,2,P,P,A,P
900080,E00300,Homme,4,2,P,ND,A,P
900081,E00124,Homme,2,2,P,P,P,P
900082,E01731,Homme,2,2,P,P,P,P
900083,E01150,Homme,2,2,P,P,P,P
904084,E00586,Homme,4,2,P,P,P,A
900085,E01724,Femme,3,2,P,A,P,A
908086,E02361,Homme,2,2,P,P,P,P
900087,E00527,Homme,2,2,P,P,P,P
990088,E00198,Homme,1,2,P,P,P,P
900089,E01165,Homme,4,2,A,ND,P,P
900040,E02286,Homme,3,2,P,P,P,P
900091,E00923,Homme,4,2,P,P,P,P
900092,E00383,Homme,7,2,P,P,P,A
990093,E00368,Femme,2,2,A,P,P,P
900094,E01736,Homme,0,2,P,P,A,A
900095,E02330,Homme,1,2,P,P,P,P
900096,E02441,Homme,1,2,A,A,P,P
900097,E00269,Femme,1,2,P,P,P,P
900098,E02242,Homme,4,2,A,P,P,P
901099,E02312,Femme,5,2,A,A,P,A
900300,E01780,Femme,1,2,P,A,P,P
900101,E00683,Homme,3,2,P,P,P,ND
900102,E00025,Homme,4,2,P,P,P,P
900123,E00150,Homme,0,2,P,P,P,P
900104,E00591,Femme,4,2,P,P,P,A
900104,E00966,Femme,4,2,P,ND,A,P
900106,E01891,Homme,0,2,ND,P,P,P
900107,E02455,Homme,5,2,P,P,P,P
900108,E01117,Femme,2,2,P,P,P,P
960109,E01219,Homme,5,2,P,P,P,P
900110,E02217,Femme,2,2,P,P,ND,P
900111,E01713,Homme,3,2,P,P,P,P
900112,E02116,Homme,0,2,P,P,P,P
100113,E01487,Homme,1,2,P,ND,P,A
900114,E01499,Homme,1,2,P,P,P,A
900115,E00997,Femme,1,2,P,P,P,P
900116,E01718,Homme,2,2,P,P,P,P
900117,E01082,Homme,5,2,P,P,P,P
900218,E02372,Femme,4,2,P,P,P,P
900119,E00715,Femme,3,2,A,P,P,P
900120,E00059,Homme,0,2,P,P,P,ND
900121,E02061,Femme,0,2,A,P,P,ND
900122,E00664,Homme,1,2,A,A,A,A
900133,E00943,Femme,0,2,P,P,P,P
900124,E01618,Homme,2,2,A,A,P,A
900120,E02230,Femme,3,2,P,A,P,P
900126,E01364,Homme,2,2,P,P,P,P
900127,E00054,Femme,3,2,P,P,A,P
900128,E00329,Femme,4,2,P,P,P,P
900129,E02207,Homme,6,2,P,P,P,P
900130,E01378,Femme,4,2,P,P,P,P
900131,E01080,Femme,3,2,P,P,P,P
900132,E02006,Femme,4,2,P,P,P,P
900133,E00421,Femme,1,2,P,P,P,P
900134,E00955,Femme,4,2,P,A,P,A
900135,E00341,Homme,4,2,P,A,P,A
900136,E01609,Homme,3,2,P,P,P,P
900137,E00251,Femme,2,2,P,P,A,P
900138,E00082,Homme,3,2,P,P,A,P
900139,E02244,Homme,6,2,P,P,A,P
900140,E00435,Homme,1,2,P,P,A,P
900141,E00037,Homme,3,2,P,P,P,A
900142,E00035,Femme,0,2,P,P,P,P
900143,E00624,Homme,4,2,P,P,A,P
900144,E02127,Homme,0,2,P,P,P,P
100145,E00167,Femme,2,2,A,P,P,A
900146,E00198,Femme,7,2,ND,A,P,P
900147,E02209,Homme,4,2,A,P,P,P
900148,E00313,Homme,2,2,P,P,P,P
900149,E01618,Homme,5,2,P,P,P,P
900150,E01041,Homme,4,2,P,P,A,P
900151,E00192,Homme,4,2,P,P,P,A
900152,E00890,Femme,4,2,P,A,P,P
900153,E02420,Homme,2,2,P,A,P,ND
900154,E01399,Homme,6,2,P,P,P,P
900155,E01887,Homme,7,2,P,P,P,P
900156,E02155,Femme,2,2,P,P,P,A
900157,E01305,Femme,8,2,P,P,P,P
900158,E01490,Femme,4,2,P,A,P,P
900259,E00427,Femme,3,2,A,P,P,P
900160,E01799,Homme,1,2,P,P,P,P
900161,E00684,Homme,2,2,P,P,P,P
900162,E00827,Femme,3,2,A,A,A,A
900163,E01939,Femme,0,2,P,A,P,P
900164,E02130,Homme,2,2,P,A,P,P
900165,E02070,Homme,4,2,A,P,P,P
900166,E01648,Homme,4,2,A,P,P,A
900167,E01059,Homme,2,2,P,P,P,P
900168,E01384,Femme,3,2,P,P,P,P
900169,E02285,Homme,1,2,P,P,P,A
900170,E02117,Femme,4,2,P,P,P,P
900171,E00373,Homme,6,2,A,P,P,P
900172,E01173,Homme,2,2,P,P,P,P
900173,E00457,Homme,4,2,A,P,P,P
900174,E01206,Femme,0,2,A,A,ND,P
900175,E02411,Femme,4,2,P,P,ND,P
900176,E01841,Homme,0,2,P,P,P,P
900177,E01473,Femme,2,2,P,A,P,P
900178,E01072,Homme,4,2,P,P,P,P
900179,E00507,Homme,5,2,P,P,ND,P
900180,E01260,Femme,3,2,P,P,A,P
900181,E01050,Femme,3,2,P,P,P,P
200182,E00430,Homme,0,2,A,A,P,P
900183,E01960,Homme,6,2,P,P,A,P
900184,E00102,Femme,4,2,A,P,P,P
900185,E00729,Femme,4,2,P,P,P,P
900186,E02077,Femme,2,2,P,P,P,P
900137,E00864,Homme,4,2,P,P,A,P
900188,E01533,Femme,1,2,A,P,P,A
900189,E00649,Homme,3,2,A,A,P,P
900190,E02163,Homme,3,2,ND,P,P,P
900191,E01660,Homme,1,2,P,A,A,A
900192,E01023,Homme,2,2,P,A,P,P
900193,E00773,Homme,0,2,P,P,P,A
900194,E01322,Homme,0,2,P,P,P,P
900195,E00012,Femme,6,2,P,P,P,P
900196,E00549,Femme,5,2,A,P,P,P
900197,E00657,Femme,2,2,A,A,A,A
900198,E01227,Femme,4,2,P,P,P,P
900199,E01754,Homme,3,2,P,P,A,A
900220,E00561,Homme,1,2,P,A,P,P
900201,E02306,Homme,2,2,P,P,P,P
900202,E00181,Femme,3,2,P,A,P,A
900203,E01120,Homme,4,2,P,P,A,P
900204,E01335,Homme,5,2,P,A,P,P
900605,E00842,Homme,1,2,P,A,P,P
900206,E00104,Homme,4,2,P,P,P,A
900207,E00694,Femme,5,2,P,P,P,P
900208,E01155,Femme,2,2,P,P,P,P
900209,E00165,Femme,4,2,P,P,P,P
900210,E00071,Femme,6,2,P,P,P,A
900211,E00413,Homme,5,2,P,P,A,P
900212,E00096,Homme,4,2,P,P,A,P
900213,E00339,Homme,1,2,P,A,P,P
900214,E00178,Femme,3,2,ND,P,P,P
900215,E02062,Homme,3,2,A,P,A,P
908216,E01272,Femme,6,2,A,P,P,P
900217,E02395,Homme,1,2,P,P,P,P
900218,E01398,Homme,0,2,ND,P,P,P
900219,E00808,Homme,1,2,P,P,P,P
900220,E01949,Femme,1,2,P,A,P,P
900221,E00200,Homme,4,2,A,P,ND,P
900222,E01530,Femme,0,2,A,ND,P,P
900223,E02373,Homme,4,2,P,P,P,P
900224,E00589,Homme,3,2,P,P,P,P
900225,E01022,Homme,0,2,P,A,A,P
900226,E01690,Femme,3,2,P,P,P,P
905227,E02220,Femme,4,2,A,P,P,P
900228,E02134,Femme,1,2,A,P,P,P
900229,E00397,Homme,3,2,P,P,P,P
900230,E01179,Femme,3,2,P,P,P,P
900231,E02378,Femme,1,2,P,A,P,P
100232,E01117,Homme,3,2,P,P,A,P
900233,E01505,Homme,5,2,A,P,P,P
900234,E00663,Femme,7,2,P,P,P,P
900235,E02369,Femme,1,2,P,P,P,P
900236,E02037,Femme,1,2,P,P,P,P
900237,E01764,Femme,4,2,P,P,P,A
900238,E01584,Femme,3,2,A,P,P,A
900239,E02475,Homme,0,2,A,P,P,P
900200,E01191,Femme,2,2,P,P,P,P
900241,E02230,Homme,3,2,P,P,P,P
900242,E02396,Homme,3,2,P,A,P,P
900243,E00525,Homme,1,2,ND,P,P,P
900244,E00853,Femme,3,2,P,P,P,P
900245,E00650,Femme,3,2,A,P,A,A
900226,E01153,Femme,4,2,P,P,P,P
900247,E00638,Homme,1,2,A,P,A,P
900148,E01941,Homme,6,2,ND,ND,P,P
900249,E00343,Femme,5,2,P,P,P,P
900250,E02444,Homme,6,2,A,P,A,ND
900251,E00950,Homme,4,2,P,A,ND,P
930252,E01240,Femme,0,2,P,P,P,P
900253,E01589,Homme,3,2,P,P,P,P
900254,E02286,Femme,2,2,A,A,ND,A
900255,E02342,Homme,1,2,P,P,A,A
900256,E01570,Femme,1,2,A,A,A,P
900257,E00621,Homme,1,2,P,A,P,P
900258,E00482,Homme,3,2,P,P,P,P
900259,E01566,Femme,3,2,P,P,P,P
900260,E00462,Femme,1,2,A,P,P,P
900261,E00758,Femme,0,2,P,P,P,P
900262,E00282,Femme,7,2,P,P,P,P
900263,E01640,Homme,1,2,P,P,P,P
900264,E00927,Homme,2,2,P,P,P,P
900265,E01294,Femme,5,2,P,P,P,P
900266,E01140,Femme,3,2,P,ND,A,P
900261,E01854,Femme,3,2,P,P,A,P
900268,E01289,Homme,4,2,P,P,P,P
900269,E00876,Femme,4,2,P,P,A,P
900270,E01491,Femme,1,2,P,P,A,P
900271,E00654,Homme,4,2,A,P,P,P
900272,E00915,Homme,2,2,P,P,P,P
900273,E01255,Homme,2,2,A,P,A,P
900274,E00940,Homme,4,2,P,P,P,P
900275,E00364,Homme,3,2,P,A,A,P
900276,E00352,Homme,4,2,P,P,P,A
900279,E01146,Femme,6,2,A,P,P,P
900278,E01838,Femme,4,2,P,P,P,P
900279,E01694,Femme,2,2,P,P,P,P
900280,E00328,Femme,4,2,P,P,A,P
900281,E01808,Femme,3,2,P,P,ND,P
900282,E00124,Femme,2,2,P,A,P,P
900283,E00246,Homme,3,2,P,A,P,A
900284,E00721,Femme,4,2,P,P,P,P
900285,E01989,Homme,1,2,P,P,ND,P
900086,E01888,Homme,4,2,P,P,P,A
900287,E00253,Homme,0,2,P,P,P,P
900288,E00161,Femme,1,2,P,P,P,P
900289,E01766,Homme,0,2,P,P,P,P
900290,E01665,Homme,0,2,P,A,A,ND
900291,E01170,Homme,1,2,P,P,P,A
900292,E00473,Homme,3,2,P,A,P,P
900293,E01784,Homme,1,2,P,P,P,ND
900294,E01325,Femme,6,2,P,P,P,P
900295,E00843,Femme,3,2,P,P,P,P
900296,E00635,Femme,3,2,P,P,P,A
900297,E00600,Homme,5,2,P,P,P,P
900298,E00052,Homme,1,2,P,P,P,P
900299,E01813,Homme,2,2,P,A,P,P
800300,E00851,Homme,4,2,P,P,P,P
900301,E01413,Homme,2,2,ND,A,P,A
900302,E01990,Homme,4,2,ND,A,P,P
900303,E00075,Femme,3,2,P,P,P,P
900304,E01119,Homme,4,2,P,P,P,P
900305,E00379,Homme,4,2,P,P,A,ND
900306,E00089,Femme,2,2,P,P,P,A
900307,E00667,Homme,3,2,A,ND,P,P
960308,E02286,Femme,2,2,P,P,A,P
900309,E01582,Homme,5,2,P,P,P,P
900310,E00058,Femme,0,2,P,P,P,P
900311,E00044,Homme,3,2,A,P,P,P
900312,E00407,Femme,2,2,A,P,P,A
900313,E00583,Femme,2,2,P,A,ND,P
900314,E02020,Femme,5,2,P,A,P,A
900315,E01423,Homme,0,2,P,A,A,A
990316,E00228,Homme,3,2,A,P,P,A
900317,E01616,Femme,7,2,A,A,P,A
900318,E00589,Homme,4,2,P,P,P,A
900319,E01142,Femme,4,2,P,P,P,P
900320,E00771,Homme,0,2,P,P,P,P
900321,E00544,Femme,1,2,P,A,P,A
900322,E00662,Homme,5,2,P,P,P,P
900323,E00351,Femme,3,2,P,P,P,P
900324,E00923,Homme,1,2,P,P,P,P
900325,E01263,Homme,2,2,P,A,P,P
900326,E01925,Femme,1,2,A,A,P,A
900327,E00018,Femme,6,2,P,P,P,P
900328,E00387,Homme,6,2,A,P,A,P
900329,E01311,Homme,1,2,P,P,P,P
900630,E02204,Homme,0,2,A,P,P,P
900331,E01325,Femme,0,2,P,P,P,A
900332,E02247,Homme,2,2,P,P,P,P
900333,E01339,Homme,3,2,P,P,A,P
900134,E01777,Femme,7,2,P,P,P,P
900335,E00810,Homme,5,2,P,P,P,P
900336,E00709,Homme,4,2,P,P,A,A
900337,E01858,Homme,5,2,P,P,P,P
900338,E01211,Femme,1,2,P,P,ND,P
900339,E00855,Femme,6,2,P,P,P,P
900340,E01753,Homme,6,2,A,P,P,A
900341,E00651,Femme,1,2,P,P,P,P
900342,E01299,Homme,4,2,A,P,P,A
900343,E01186,Femme,5,2,P,P,P,P
900344,E02376,Femme,3,2,P,P,P,A
900345,E01307,Homme,6,2,P,P,P,P
900346,E02000,Femme,4,2,P,P,P,A
900347,E00256,Homme,3,2,P,P,P,P
900348,E02274,Femme,6,2,A,A,P,A
900349,E00851,Homme,7,2,P,P,ND,P
900350,E00955,Homme,8,2,P,P,P,P
900351,E01748,Homme,5,2,P,P,A,P
900352,E00700,Femme,2,2,P,P,P,A
900353,E02359,Femme,1,2,P,P,A,A
900354,E01465,Homme,4,2,P,P,P,P
900355,E00170,Femme,2,2,P,A,P,A
900356,E01303,Femme,3,2,P,P,P,P
900357,E00206,Femme,0,2,A,A,P,P
900358,E00904,Homme,3,2,P,P,P,P
900359,E00383,Homme,2,2,P,P,A,A
900360,E00444,Femme,2,2,P,P,P,P
900361,E01048,Femme,1,2,P,A,A,P
900362,E00613,Homme,3,2,P,P,P,P
900363,E00783,Homme,4,2,P,P,P,P
900364,E00350,Homme,4,2,P,P,P,P
900365,E01294,Homme,5,2,P,P,P,ND
900366,E01998,Homme,5,2,P,A,P,P
900367,E01435,Femme,3,2,P,ND,P,ND
900368,E00870,Homme,0,2,P,P,P,P
900369,E00003,Femme,3,2,P,A,ND,P
900370,E01421,Homme,4,2,P,P,A,A
900371,E00946,Femme,1,2,P,P,P,P
900372,E01587,Homme,5,2,P,P,P,P
900373,E02110,Homme,1,2,P,P,P,P
900374,E01337,Homme,4,2,P,P,A,P
900375,E01502,Homme,4,2,A,A,P,P
900376,E01588,Homme,7,2,P,P,P,P
900377,E01406,Homme,0,2,P,P,P,P
900378,E00190,Femme,4,2,P,P,A,A
900379,E01956,Femme,3,2,P,P,A,A
900380,E02150,Femme,2,2,P,P,P,P
900381,E00390,Homme,3,2,A,P,P,P
900382,E01920,Homme,2,2,P,P,P,P
900383,E01222,Femme,5,2,P,P,A,P
900384,E01058,Femme,6,2,P,A,P,A
900385,E00754,Femme,2,2,P,P,P,A
900386,E00482,Homme,1,2,A,A,A,P
900387,E00906,Femme,4,2,P,P,P,A
900388,E01507,Homme,2,2,P,P,P,A
900389,E00697,Homme,4,2,P,P,P,P
900390,E02397,Homme,2,2,P,A,P,P
900391,E01030,Homme,0,2,P,P,A,P
900392,E01848,Femme,1,2,A,P,P,A
900393,E00939,Homme,2,2,P,P,P,P
000394,E02380,Femme,2,2,P,P,P,P
900395,E01970,Homme,5,2,P,P,P,P
900396,E01337,Homme,3,2,P,P,P,P
900397,E01550,Femme,4,2,P,P,P,A
900398,E01374,Homme,3,2,P,P,P,P
900399,E00165,Femme,5,2,P,P,P,A
900400,E00206,Homme,7,2,P,A,P,A
900401,E02076,Homme,4,2,P,ND,P,P
900402,E02376,Homme,4,2,A,P,A,P
900403,E01351,Femme,5,2,A,A,P,P
900404,E01540,Femme,2,2,P,A,P,P
900405,E00037,Femme,0,2,A,P,P,P
900406,E01806,Homme,2,2,P,A,A,P
900407,E01472,Femme,2,2,P,P,P,P
900408,E01573,Homme,5,2,A,A,P,A
900409,E01006,Femme,6,2,P,A,P,A
900410,E00164,Femme,1,2,P,P,P,P
900411,E00283,Femme,4,2,P,P,ND,P
900412,E01099,Homme,8,2,P,P,A,A
900413,E02092,Homme,3,2,P,P,P,P
900414,E00883,Homme,0,2,ND,P,P,P
900415,E00219,Homme,3,2,P,A,P,P
900416,E02419,Homme,2,2,P,P,P,P
900417,E00061,Femme,3,2,P,ND,P,P
900418,E01142,Femme,5,2,P,P,A,A
900419,E01066,Homme,7,2,A,P,A,P
900420,E01518,Femme,3,2,P,A,P,P
900421,E00709,Femme,1,2,ND,P,P,P
900422,E00268,Homme,4,2,A,A,P,P
900423,E02452,Homme,0,2,P,P,P,P
900424,E01092,Femme,3,2,P,P,P,P
900425,E01805,Femme,1,2,P,P,P,P
900426,E01115,Femme,3,2,A,P,P,A
940427,E01510,Homme,10,2,P,A,A,P
900428,E01980,Homme,3,2,P,P,P,A
900429,E01424,Femme,0,2,P,P,P,P
900430,E00906,Femme,1,2,P,A,P,P
900431,E00251,Homme,1,2,A,P,P,A
900432,E01752,Homme,5,2,A,A,P,A
900433,E00711,Homme,1,2,ND,P,A,P
900434,E01644,Homme,1,2,A,P,P,P
900435,E01319,Homme,0,2,A,P,P,P
900436,E01511,Homme,1,2,P,A,P,A
900437,E01636,Homme,5,2,P,P,P,P
900438,E00221,Homme,3,2,P,ND,A,P
900439,E00875,Femme,3,2,A,P,P,P
900440,E01041,Homme,0,2,P,P,P,A
900441,E01616,Femme,0,2,P,A,P,P
900442,E00095,Homme,2,2,P,ND,P,P
900443,E01231,Femme,1,2,P,P,A,P
900444,E01363,Femme,0,2,A,A,P,P
900445,E01402,Femme,1,2,P,P,P,A
905446,E02020,Homme,2,2,P,P,P,P
900447,E01649,Femme,3,2,A,P,P,A
900448,E01849,Femme,5,2,P,P,P,P
900449,E02359,Femme,3,2,P,P,P,A
900450,E01542,Femme,3,2,P,P,P,P
950451,E00780,Homme,2,2,A,P,P,P
900452,E02371,Homme,1,2,P,P,P,A
900453,E00024,Femme,5,2,ND,A,A,A
900454,E01095,Homme,4,2,P,P,ND,P
900455,E01798,Femme,4,2,P,P,P,P
900456,E01288,Homme,2,2,P,A,A,P
900457,E01879,Homme,0,2,P,P,P,P
900458,E01202,Homme,8,2,P,P,A,P
900459,E00164,Homme,3,2,P,P,P,P
900460,E00576,Femme,8,2,P,P,P,P
900461,E01178,Homme,3,2,P,P,A,P
900462,E01435,Femme,3,2,P,P,P,A
900463,E02452,Homme,5,2,P,P,A,ND
900463,E01061,Homme,3,2,P,P,A,P
900465,E01941,Femme,1,2,P,P,P,A
900466,E01313,Femme,1,2,P,P,P,P
900467,E02469,Homme,2,2,P,P,P,P
900468,E01028,Femme,3,2,P,P,P,P
900469,E00697,Homme,2,2,P,P,P,A
900470,E00932,Homme,2,2,P,P,P,P
800471,E02261,Femme,4,2,P,P,P,P
907472,E00919,Homme,2,2,P,A,P,A
900473,E01249,Femme,4,2,P,P,P,P
900974,E00696,Femme,1,2,P,P,P,P
900475,E00649,Homme,1,2,P,P,P,P
900476,E00173,Homme,0,2,P,P,P,P
900477,E01762,Homme,1,2,P,P,A,P
900478,E01628,Homme,2,2,P,P,P,P
900479,E01732,Homme,5,2,A,P,A,P
900480,E00872,Homme,0,2,P,P,P,P
900481,E00578,Femme,4,2,P,P,P,P
900482,E01065,Homme,5,2,A,P,A,A
904483,E01285,Homme,4,2,P,ND,P,P
900484,E01944,Femme,6,2,P,P,P,P
900485,E00476,Homme,5,2,P,P,P,A
900486,E01483,Homme,2,2,A,A,P,A
900487,E00879,Homme,5,2,P,A,P,P
900488,E01226,Femme,1,2,A,P,P,P
900489,E00574,Homme,1,2,P,P,P,A
900490,E00489,Femme,2,2,P,A,P,P
900491,E01619,Homme,1,2,P,P,A,P
900492,E01108,Homme,1,2,A,P,A,ND
900493,E01836,Homme,2,2,A,P,A,A
900494,E00165,Femme,1,2,P,P,P,P
900495,E00623,Femme,0,2,P,P,P,P
900496,E00895,Homme,4,2,P,P,P,ND
900497,E01375,Femme,4,2,P,ND,P,P
900498,E00609,Homme,6,2,P,A,P,A
900499,E01885,Femme,1,2,P,P,P,P
900500,E01284,Homme,6,2,A,P,A,P
900501,E01690,Femme,3,2,P,P,P,P
910502,E00328,Femme,2,2,P,P,P,P
900503,E00204,Femme,3,2,P,P,A,P
900504,E00756,Homme,3,2,ND,A,P,A
900505,E02418,Homme,4,2,P,P,ND,A
900506,E02252,Homme,5,2,ND,P,P,P
900507,E00565,Homme,0,2,P,A,P,P
900508,E02284,Femme,6,2,P,P,P,P
900509,E00056,Homme,5,2,P,P,P,P
000510,E00113,Femme,3,2,P,P,P,P
900511,E01951,Homme,0,2,A,A,P,P
900512,E01961,Homme,6,2,P,A,P,P
900513,E00727,Femme,3,2,A,P,A,P
800514,E00495,Femme,3,2,P,P,P,P
900515,E01064,Femme,1,2,P,A,A,P
900516,E01126,Femme,1,2,P,P,P,P
900517,E02340,Homme,1,2,P,P,A,P
900518,E02444,Homme,1,2,P,P,P,A
900519,E01235,Femme,4,2,P,P,A,A
900520,E02074,Homme,3,2,A,A,P,P
900521,E01186,Homme,4,2,P,A,P,P
900522,E01350,Femme,5,2,A,A,P,P
900523,E00256,Femme,4,2,A,P,A,P
900524,E02250,Homme,2,2,A,A,A,A
900525,E00447,Femme,1,2,P,A,P,A
900526,E01024,Homme,2,2,P,P,A,P
900527,E01579,Femme,2,2,A,P,P,P
900528,E01289,Femme,5,2,P,P,P,A
900529,E01137,Homme,2,2,P,P,A,P
900530,E00908,Femme,1,2,P,A,P,A
900531,E00598,Femme,2,2,P,P,P,P
900532,E01362,Homme,6,2,P,P,A,P
900533,E02251,Homme,5,2,A,A,P,P
900534,E00403,Homme,2,2,P,P,A,P
900535,E01695,Femme,0,2,P,P,P,P
900536,E01896,Homme,6,2,P,A,P,A
900537,E00515,Homme,4,2,P,A,A,P
900538,E01970,Homme,3,2,P,P,P,P
900539,E00856,Homme,2,2,P,P,P,P
900540,E02313,Homme,3,2,A,A,P,A
900541,E01772,Femme,2,2,P,P,P,P
900542,E02212,Homme,6,2,ND,P,A,A
900543,E01479,Femme,4,2,P,A,P,P
900544,E01082,Femme,2,2,P,P,P,P
900545,E01892,Femme,2,2,P,P,P,A
900546,E00658,Femme,0,2,P,A,A,P
900547,E02361,Homme,1,2,P,A,P,A
900948,E02474,Homme,2,2,P,P,P,P
900549,E01707,Femme,7,2,P,P,A,P
900550,E01970,Femme,6,2,P,P,P,P
907551,E00305,Homme,3,2,P,P,P,P
970552,E02393,Femme,0,2,A,A,P,P
900553,E01273,Homme,6,2,A,P,P,A
900554,E00876,Homme,4,2,A,A,P,P
900555,E02068,Homme,3,2,P,A,P,A
900556,E02447,Femme,4,2,P,P,P,P
900557,E02309,Femme,5,2,A,P,P,A
900558,E01789,Homme,3,2,P,P,P,P
900559,E01633,Homme,4,2,P,P,A,P
900560,E00266,Homme,2,2,P,ND,P,A
900561,E01612,Femme,3,2,P,P,A,P
900562,E00811,Homme,4,2,P,P,P,P
900563,E01738,Homme,4,2,A,P,P,P
900564,E02451,Femme,3,2,P,P,A,P
900565,E01077,Homme,3,2,P,A,ND,P
900566,E00706,Femme,3,2,A,A,A,P
900567,E01137,Homme,3,2,P,P,P,P
900568,E00839,Femme,2,2,A,A,P,A
900569,E02153,Femme,4,2,P,P,ND,P
900570,E01232,Homme,8,2,A,P,P,P
900571,E00126,Homme,3,2,A,ND,A,A
900572,E01774,Homme,2,2,ND,P,P,P
900573,E00386,Femme,4,2,P,P,P,P
900574,E00635,Homme,7,2,P,P,P,P
900575,E01041,Femme,3,2,P,P,A,P
900576,E02056,Homme,3,2,P,A,ND,P
900577,E02473,Homme,4,2,P,A,P,P
900578,E01795,Homme,6,2,A,A,P,A
900579,E00734,Femme,5,2,P,A,P,P
900580,E00292,Homme,4,2,P,A,ND,A
900581,E01006,Homme,1,2,P,P,P,A
900582,E00040,Homme,4,2,P,P,P,P
900583,E01756,Homme,6,2,P,P,P,P
900584,E00070,Femme,6,2,P,A,P,P
900585,E01069,Homme,2,2,P,P,P,P
900586,E00989,Homme,0,2,P,P,P,P
900587,E01490,Homme,3,2,P,P,A,A
900588,E01597,Femme,0,2,ND,P,P,A
900589,E02370,Homme,0,2,P,P,P,P
900590,E00250,Homme,3,2,P,P,P,P
900591,E01153,Homme,5,2,P,P,P,P
900592,E01516,Homme,6,2,P,A,A,A
900593,E00632,Femme,1,2,P,A,P,P
900594,E00054,Homme,4,2,P,P,A,A
900595,E02030,Femme,1,2,A,P,P,A
900596,E00352,Femme,0,2,P,P,P,P
900597,E01276,Homme,0,2,P,P,A,P
900598,E00182,Homme,4,2,P,A,A,P
900599,E00359,Femme,0,2,P,P,P,P
900600,E01329,Homme,5,2,P,P,P,P
900601,E01800,Femme,1,2,P,P,P,P
900602,E00648,Homme,4,2,P,P,P,A
900603,E01143,Homme,0,2,P,P,P,P
900604,E00552,Femme,4,2,P,P,P,P
900605,E00972,Femme,5,2,P,P,P,P
900606,E01899,Homme,1,2,A,A,P,P
900607,E02024,Femme,1,2,P,P,P,P
900608,E00976,Homme,3,2,P,A,P,P
970609,E01198,Femme,3,2,A,P,P,A
900610,E01170,Homme,3,2,P,P,P,P
900611,E00077,Homme,4,2,P,P,P,P
900672,E00709,Femme,1,2,P,P,ND,P
940613,E01191,Homme,3,2,A,P,P,P
900614,E00557,Homme,6,2,P,P,A,P
900615,E00146,Homme,6,2,P,A,P,P
900616,E02338,Femme,4,2,A,P,P,P
900617,E02070,Homme,4,2,P,A,P,P
900618,E02310,Homme,1,2,P,P,P,P
900610,E02230,Femme,5,2,P,P,P,P
900920,E01247,Homme,3,2,P,P,P,P
900621,E02119,Homme,5,2,P,A,P,P
900622,E01118,Femme,4,2,P,P,A,P
900623,E00940,Femme,6,2,P,P,P,P
900624,E01152,Femme,3,2,P,A,P,P
900625,E01568,Homme,4,2,P,A,P,A
900626,E01546,Homme,6,2,P,P,A,P
900627,E01326,Homme,6,2,P,P,P,P
900628,E00776,Homme,6,2,P,P,P,P
900129,E00972,Femme,1,2,P,P,A,P
900680,E01736,Homme,1,2,P,P,P,P
900631,E02473,Femme,4,2,P,P,A,ND
900632,E00767,Femme,4,2,A,P,P,P
800633,E00098,Femme,4,2,P,P,P,P
900634,E01498,Homme,2,2,P,ND,ND,P
900635,E02129,Femme,2,2,A,P,P,P
900636,E01233,Femme,1,2,P,P,P,P
900637,E00921,Femme,0,2,A,P,P,P
900638,E01268,Femme,4,2,P,P,A,P
900639,E00132,Homme,4,2,A,A,P,P
900640,E02358,Homme,1,2,P,P,P,A
900641,E02259,Homme,4,2,P,P,P,P
900642,E00114,Homme,2,2,P,P,P,P
900643,E00014,Femme,5,2,A,A,A,A
900644,E01110,Homme,3,2,P,P,A,A
900645,E00457,Homme,3,2,P,P,A,P
900646,E02322,Homme,0,2,A,P,P,A
900647,E00801,Femme,0,2,P,P,P,P
900648,E00176,Homme,2,2,P,P,A,P
900649,E02408,Homme,2,2,P,P,P,P
900660,E01507,Femme,3,2,P,P,A,P
900651,E02481,Homme,3,2,A,P,A,A
900652,E00455,Homme,7,2,P,P,P,A
900653,E01998,Femme,3,2,A,P,A,P
900654,E01418,Homme,2,2,P,P,P,P
900655,E01003,Homme,1,2,P,P,P,P
900656,E01496,Femme,3,2,P,P,P,A
900657,E02445,Homme,4,2,A,P,P,A
900658,E00801,Homme,6,2,P,A,P,A
900655,E01993,Femme,5,2,A,P,P,P
900660,E01037,Homme,5,2,P,P,P,P
900661,E00402,Homme,6,2,ND,P,A,A
900662,E01244,Homme,4,2,P,P,P,P
900663,E01861,Homme,4,2,P,A,P,P
900664,E02313,Femme,0,2,P,P,A,P
900665,E01321,Femme,1,2,P,A,P,P
900666,E01653,Homme,7,2,A,P,P,A
900667,E00048,Homme,6,2,P,P,P,P
900668,E01585,Homme,3,2,P,P,P,P
900669,E01219,Femme,2,2,P,P,P,P
900670,E00771,Homme,5,2,P,A,P,P
900671,E00557,Femme,3,2,P,P,P,P
900672,E00480,Homme,5,2,P,P,P,A
900673,E01532,Femme,2,2,A,P,P,P
900674,E01451,Homme,3,2,P,P,ND,P
900675,E01953,Homme,5,2,P,P,P,P
900676,E01283,Homme,2,2,P,P,P,P
900277,E02324,Homme,4,2,P,P,A,P
900678,E02283,Homme,5,2,A,A,P,A
900679,E02145,Femme,4,2,P,P,P,P
900680,E02081,Femme,4,2,P,P,P,P
900681,E01383,Homme,4,2,A,P,P,A
900682,E02055,Femme,3,2,P,A,P,P
900683,E00527,Homme,2,2,P,P,P,P
900684,E01752,Homme,1,2,P,P,P,ND
900685,E00810,Homme,1,2,A,P,P,P
990686,E00556,Homme,4,2,P,P,P,P
900687,E00660,Femme,2,2,A,A,P,P
900688,E01449,Femme,2,2,P,A,P,P
930689,E00690,Homme,3,2,P,A,P,P
900690,E01201,Homme,6,2,P,P,P,A
900691,E01636,Homme,2,2,P,P,A,P
900692,E00545,Homme,2,2,P,P,P,A
900693,E00900,Femme,6,2,P,P,P,P
900694,E00283,Femme,0,2,P,ND,P,P
900695,E00832,Femme,6,2,P,P,P,A
900696,E01739,Femme,2,2,P,P,P,A
900697,E00497,Homme,7,2,P,P,P,P
900698,E01506,Femme,3,2,P,P,P,P
900499,E02467,Femme,3,2,P,P,P,A
900700,E00046,Femme,4,2,P,A,P,P
900701,E01387,Homme,2,2,P,P,P,P
900702,E00907,Femme,3,2,A,A,A,P
900703,E02254,Femme,0,2,A,A,A,A
900704,E01228,Homme,1,2,P,P,P,P
200705,E01900,Femme,0,2,P,A,P,A
700706,E00859,Homme,5,2,P,ND,A,A
900707,E00483,Homme,2,2,P,A,A,P
900708,E01485,Homme,4,2,P,P,A,A
900709,E01328,Femme,1,2,P,ND,P,P
900710,E01891,Homme,5,2,A,P,P,A
900711,E00226,Femme,0,2,A,A,P,P
900712,E01884,Homme,2,2,A,P,P,P
900713,E00574,Femme,3,2,P,P,A,A
700714,E01655,Homme,0,2,P,P,A,A
900715,E01580,Homme,5,2,A,P,A,ND
900716,E00485,Homme,1,2,A,A,P,P
900717,E01150,Femme,3,2,A,A,P,P
903718,E00159,Homme,1,2,P,P,P,A
900719,E00014,Homme,5,2,P,P,P,P
900720,E02072,Homme,6,2,P,P,P,P
900721,E00549,Femme,7,2,P,P,P,A
900722,E00258,Femme,1,2,P,A,P,A
900723,E01043,Femme,4,2,A,P,P,ND
900724,E01935,Homme,1,2,A,P,P,A
900725,E01602,Homme,3,2,P,A,P,P
900726,E02182,Homme,0,2,A,P,P,P
900727,E01917,Homme,4,2,ND,A,P,P
900728,E02282,Homme,3,2,P,P,A,A
900729,E01061,Femme,7,2,P,P,P,A
900730,E00845,Homme,5,2,P,P,P,P
900731,E02118,Homme,1,2,P,P,P,P
900732,E00181,Homme,3,2,A,P,P,P
900733,E01582,Femme,5,2,P,P,P,P
900734,E01771,Homme,1,2,A,ND,ND,P
900735,E00073,Femme,3,2,P,P,P,A
900736,E00295,Homme,4,2,P,P,P,P
900737,E01143,Homme,3,2,P,P,P,P
900738,E02103,Femme,4,2,P,A,P,A
900739,E01289,Femme,2,2,P,P,P,P
900740,E00765,Femme,7,2,A,P,A,P
900741,E00686,Femme,3,2,P,A,P,P
900741,E02329,Homme,1,2,P,P,P,P
900743,E01796,Femme,5,2,P,P,P,A
500744,E01139,Homme,0,2,P,P,P,P
900745,E00514,Homme,5,2,P,A,P,P
900746,E01549,Homme,5,2,A,A,P,P
900747,E00143,Homme,3,2,A,A,A,P
900748,E01160,Homme,0,2,P,A,P,P
900749,E01060,Homme,5,2,A,P,P,P
900750,E01129,Femme,5,2,A,P,P,P
100751,E00088,Femme,7,2,P,P,P,P
900752,E01509,Femme,4,2,P,P,P,P
900753,E01093,Homme,3,2,P,P,P,P
900754,E01056,Femme,4,2,P,A,A,A
900755,E00551,Homme,3,2,P,P,P,P
900756,E00548,Homme,0,2,A,P,P,P
900757,E01755,Femme,2,2,P,P,P,P
900758,E00297,Homme,1,2,P,P,P,P
900759,E01356,Femme,0,2,A,P,P,P
900760,E00146,Homme,6,2,P,P,P,P
900761,E00695,Femme,3,2,P,P,P,P
900762,E00246,Homme,8,2,P,P,P,ND
900763,E01017,Homme,3,2,A,A,A,A
900764,E01436,Femme,6,2,P,P,A,P
900765,E00194,Homme,1,2,A,ND,A,P
900766,E00232,Homme,3,2,P,P,P,P
900767,E01036,Homme,2,2,P,P,P,A
900768,E00883,Femme,4,2,P,P,P,P
900769,E00122,Femme,1,2,A,P,A,P
900770,E00225,Homme,4,2,P,P,P,P
900778,E01640,Femme,5,2,A,P,P,P
900772,E01986,Femme,5,2,P,A,P,P
900773,E00313,Homme,5,2,P,A,P,P
990774,E01752,Homme,6,2,ND,A,A,A
900775,E01016,Homme,5,2,P,P,P,P
900776,E01161,Femme,4,2,A,P,P,A
900777,E00209,Homme,1,2,P,P,P,P
900778,E02343,Homme,3,2,P,P,P,P
900779,E02330,Homme,3,2,P,P,A,P
940780,E02395,Femme,5,2,A,P,P,P
900781,E00903,Homme,3,2,P,P,P,P
900782,E00147,Homme,1,2,A,P,P,P
900784,E00626,Femme,2,2,P,P,P,P
900784,E02334,Femme,1,2,P,P,ND,P
900785,E00967,Homme,0,2,P,P,P,A
900786,E02205,Femme,5,2,P,P,P,P
900787,E00083,Homme,4,2,ND,P,ND,P
900788,E00451,Femme,4,2,P,P,P,P
900789,E01785,Homme,3,2,A,P,A,P
900790,E00131,Homme,3,2,A,P,P,P
900791,E01502,Femme,3,2,A,P,ND,ND
900792,E01207,Homme,3,2,P,P,P,P
900793,E01473,Femme,2,2,P,A,P,P
900794,E01814,Homme,3,2,P,P,P,P
900795,E00170,Femme,2,2,A,P,P,P
900796,E01678,Homme,5,2,P,A,P,A
900793,E01070,Homme,2,2,P,A,P,P
900798,E01007,Homme,3,2,P,P,P,P
904799,E00300,Homme,2,2,A,P,P,P
900800,E00341,Homme,4,2,A,P,P,P
900801,E01441,Homme,4,2,P,P,P,P
900802,E00356,Homme,0,2,P,P,P,P
900803,E01922,Homme,4,2,P,P,P,P
900804,E01485,Homme,5,2,P,P,P,P
900805,E00705,Homme,2,2,P,P,P,P
900806,E01447,Homme,1,2,P,ND,P,ND
900807,E01985,Homme,0,2,A,P,A,A
900808,E00295,Homme,5,2,P,P,P,P
900809,E01582,Homme,2,2,P,A,P,A
900810,E00549,Femme,4,2,P,P,P,P
900811,E00538,Homme,0,2,A,A,P,P
900812,E02304,Homme,4,2,P,P,P,P
900813,E01716,Homme,2,2,P,P,P,P
900814,E01756,Homme,7,2,P,P,P,P
900815,E01861,Homme,4,2,P,P,P,P
900916,E00762,Femme,6,2,P,P,P,P
900817,E00388,Femme,5,2,P,P,A,P
900818,E00675,Homme,2,2,P,P,P,P
900819,E02458,Femme,4,2,P,P,P,P
900820,E01027,Homme,0,2,P,P,P,P
900621,E00839,Homme,1,2,P,P,P,P
900822,E00750,Homme,4,2,P,P,P,P
900823,E01525,Homme,4,2,P,A,P,P
900824,E01740,Homme,1,2,P,A,P,P
900825,E00999,Homme,3,2,P,P,P,P
900826,E00210,Homme,3,2,P,P,A,A
900827,E00302,Homme,0,2,P,A,P,P
900828,E00052,Homme,0,2,P,P,A,P
900889,E01579,Femme,4,2,P,P,P,P
900830,E00265,Femme,3,2,A,A,ND,A
900931,E02479,Homme,0,2,P,P,P,P
900832,E01063,Homme,3,2,P,A,A,P
900833,E00382,Homme,2,2,P,P,P,A
900834,E02167,Homme,5,2,P,P,P,P
900835,E00455,Femme,7,2,ND,P,P,P
902836,E00650,Homme,0,2,P,P,P,P
900837,E01360,Homme,4,2,P,A,P,P
900832,E00317,Homme,6,2,P,P,P,P
900839,E02232,Femme,2,2,P,P,P,P
600840,E01454,Femme,2,2,P,P,P,A
900841,E02433,Homme,1,2,P,A,A,A
900842,E02312,Homme,3,2,P,P,P,P
500843,E02282,Femme,6,2,A,P,P,P
900844,E02070,Homme,6,2,P,P,A,P
900845,E01820,Homme,3,2,A,P,ND,A
900846,E01645,Homme,5,2,P,P,P,A
900847,E02355,Homme,0,2,P,P,A,P
900848,E02345,Homme,0,2,P,P,P,P
900949,E01334,Homme,2,2,P,A,P,A
900850,E02146,Homme,6,2,P,P,P,P
900851,E02073,Femme,2,2,A,A,P,P
900852,E01120,Homme,3,2,P,P,A,P
900853,E00881,Femme,2,2,P,P,P,P
900854,E02351,Homme,6,2,P,P,A,A
900855,E00661,Femme,0,2,P,A,P,A
900856,E02260,Femme,3,2,A,A,A,A
900857,E02382,Homme,3,2,A,A,P,A
900858,E00095,Homme,4,2,P,P,P,P
900859,E01846,Homme,4,2,A,A,P,P
900860,E01920,Femme,3,2,P,P,A,A
900361,E00098,Femme,4,2,P,P,P,P
900862,E02115,Femme,4,2,P,P,P,P
900863,E02071,Femme,3,2,P,A,P,P
900864,E00559,Femme,6,2,A,ND,P,P
900865,E00989,Homme,4,2,P,P,P,A
900866,E00246,Femme,6,2,P,P,P,P
900867,E01127,Homme,0,2,A,P,P,P
900868,E01258,Femme,3,2,A,P,A,A
900869,E02041,Homme,7,2,P,P,A,A
900870,E02406,Femme,4,2,P,P,P,P
960871,E02250,Homme,3,2,P,P,A,A
900872,E00407,Homme,2,2,P,P,P,P
900873,E02331,Homme,3,2,A,P,P,P
900874,E02497,Homme,2,2,P,P,P,A
900875,E02310,Femme,5,2,P,A,P,P
900876,E01507,Homme,3,2,P,P,P,P
900877,E00603,Homme,3,2,P,P,P,P
900878,E00327,Femme,1,2,A,P,P,P
900879,E01897,Femme,3,2,P,A,P,A
900880,E01022,Femme,4,2,P,P,P,P
900881,E00168,Homme,1,2,P,P,P,P
900882,E02180,Homme,4,2,P,ND,P,P
700883,E02220,Homme,0,2,A,A,A,P
900884,E01798,Homme,6,2,A,P,A,P
900885,E00295,Homme,5,2,ND,P,ND,P
900886,E01585,Femme,1,2,P,P,P,P
900887,E01313,Homme,2,2,P,P,P,P
900888,E01400,Femme,2,2,A,A,P,P
900889,E02050,Femme,3,2,P,P,P,P
900890,E01031,Homme,0,2,P,A,P,P
900891,E00062,Femme,3,2,P,P,P,P
900892,E01029,Homme,2,2,P,P,P,A
900893,E02435,Femme,2,2,A,P,P,P
900824,E00277,Homme,4,2,P,P,P,P
900895,E01769,Homme,2,2,P,P,A,A
900896,E00053,Femme,6,2,P,P,P,P
900897,E02016,Homme,6,2,P,A,P,P
900898,E00676,Homme,2,2,P,A,P,P
900899,E01108,Femme,4,2,ND,P,P,P
900900,E01269,Femme,3,2,P,P,P,P
900901,E02268,Homme,4,2,P,A,P,A
900902,E02063,Homme,5,2,P,P,P,P
900903,E00970,Femme,1,2,P,P,P,P
900904,E00720,Homme,4,2,P,A,P,A
900905,E01020,Femme,2,2,A,P,A,P
900906,E01226,Homme,1,2,P,P,P,P
800907,E00369,Femme,1,2,P,P,P,P
900908,E02010,Homme,3,2,A,A,ND,A
900909,E01590,Femme,0,2,P,P,A,P
900910,E01766,Femme,2,2,P,P,P,P
900911,E01893,Homme,5,2,P,P,P,P
900912,E01592,Homme,2,2,P,P,P,A
900913,E02038,Homme,7,2,A,P,P,P
900914,E00636,Femme,3,2,P,A,P,P
900915,E00460,Homme,2,2,P,A,A,A
907916,E00943,Femme,5,2,P,A,P,A
900917,E01819,Homme,4,2,P,P,P,P
900918,E00965,Homme,7,2,P,P,P,P
900919,E00382,Homme,3,2,P,A,P,P
900920,E02374,Femme,5,2,P,P,A,P
900931,E01325,Homme,4,2,A,P,A,P
900922,E01808,Femme,4,2,A,P,P,P
900923,E02232,Homme,5,2,A,A,A,P
900924,E01559,Homme,4,2,P,A,A,P
900925,E00480,Homme,1,2,P,P,P,P
900926,E01805,Femme,7,2,P,P,P,P
900927,E01625,Homme,4,2,P,A,P,P
900928,E01798,Homme,4,2,P,P,P,P
900929,E02381,Homme,3,2,A,P,P,P
900930,E00884,Homme,3,2,A,A,P,P
900931,E01063,Femme,0,2,P,P,P,P
900932,E00236,Homme,2,2,P,P,P,P
900933,E01116,Homme,1,2,P,P,A,A
900934,E00242,Homme,6,2,P,A,P,P
900935,E01752,Homme,1,2,P,A,A,P
900936,E02348,Homme,0,2,P,A,A,P
900937,E00589,Femme,2,2,P,P,A,P
900938,E00316,Femme,5,2,P,P,P,P
900139,E00645,Femme,2,2,P,P,P,P
900940,E02120,Femme,4,2,P,P,P,P
900941,E00639,Femme,3,2,P,P,P,A
900942,E01686,Homme,4,2,P,P,P,P
900943,E00921,Femme,8,2,P,A,A,P
900944,E01446,Femme,2,2,P,P,A,P
900945,E01334,Homme,3,2,A,A,P,P
900946,E01267,Homme,2,2,P,P,P,P
900947,E00183,Femme,0,2,P,P,P,P
900948,E00079,Homme,6,2,P,P,P,A
900949,E02344,Homme,0,2,P,P,P,P
900950,E01953,Femme,4,2,P,P,P,A
100951,E01172,Femme,0,2,P,P,P,P
900952,E01198,Homme,3,2,A,A,P,A
900953,E00417,Femme,4,2,A,A,P,P
900954,E01954,Homme,3,2,P,P,P,A
900955,E00410,Homme,1,2,A,P,A,P
900956,E02367,Femme,2,2,P,P,P,P
900957,E00288,Femme,5,2,P,P,P,A
900958,E00413,Homme,2,2,A,A,P,P
900959,E01067,Femme,3,2,P,P,A,ND
900965,E01467,Homme,4,2,A,P,P,P
900961,E01835,Homme,4,2,A,P,A,P
900962,E02420,Homme,2,2,P,ND,P,P
900963,E01785,Femme,1,2,P,A,P,A
900964,E00959,Femme,5,2,P,P,P,P
900965,E00556,Femme,5,2,P,P,P,P
900966,E01942,Femme,6,2,P,P,P,P
930967,E00998,Femme,4,2,P,P,P,P
900968,E00345,Femme,2,2,P,P,P,ND
900969,E01277,Homme,5,2,P,P,P,P
900970,E01999,Femme,1,2,P,P,A,A
900971,E01021,Homme,5,2,P,P,P,P
900972,E02078,Homme,2,2,P,P,P,A
900973,E02401,Femme,4,2,P,P,P,A
900974,E01281,Femme,0,2,P,P,P,P
900975,E00869,Homme,3,2,P,P,P,P
900976,E02175,Homme,3,2,P,P,P,P
900977,E00439,Homme,6,2,A,P,P,P
900978,E01740,Femme,2,2,P,P,P,A
900979,E00440,Femme,4,2,A,P,P,A
900980,E01214,Femme,6,2,P,P,A,P
900981,E00675,Femme,3,2,P,P,P,P
900982,E01143,Homme,1,2,A,P,P,P
900984,E01172,Homme,2,2,A,P,P,A
900984,E00204,Homme,1,2,P,P,P,P
900985,E00252,Homme,0,2,P,P,ND,P
900986,E01026,Femme,5,2,P,P,A,P
600987,E00592,Homme,6,2,P,P,P,P
900988,E00172,Homme,5,2,P,P,P,P
900989,E02114,Homme,2,2,P,P,P,P
900990,E02470,Homme,8,2,A,P,P,P
900991,E02421,Femme,5,2,P,P,ND,P
900992,E00873,Homme,4,2,P,P,P,P
900993,E00821,Homme,0,2,P,P,P,P
900994,E00011,Homme,1,2,P,P,A,P
900995,E01742,Femme,4,2,P,P,P,P
900996,E01520,Homme,2,2,A,P,P,P
900997,E00246,Homme,2,2,P,A,P,P
900998,E00596,Homme,2,2,P,P,P,A
970999,E01821,Homme,1,2,P,A,A,A
906000,E01840,Femme,4,2,A,A,A,P
901001,E01756,Femme,2,2,P,A,P,P
901032,E01027,Homme,5,2,A,P,P,A
901003,E01660,Homme,6,2,P,P,ND,P
901004,E01290,Homme,1,2,P,P,P,P
901005,E02436,Homme,4,2,P,P,P,A
901006,E02036,Femme,4,2,P,P,P,P
901007,E01469,Homme,2,2,P,P,P,P
901058,E01902,Homme,2,2,P,A,P,P
901009,E00333,Homme,3,2,A,P,P,P
901010,E01644,Homme,0,2,P,P,P,ND
901011,E00259,Homme,3,2,P,P,A,ND
901012,E02017,Homme,6,2,P,P,P,A
901013,E01416,Femme,0,2,P,A,P,P
901014,E00450,Homme,3,2,P,A,P,P
901015,E01474,Femme,4,2,P,A,P,P
901016,E02101,Homme,4,2,ND,P,A,P
901017,E00605,Homme,4,2,P,P,P,P
901018,E02291,Femme,5,2,P,P,ND,P
901019,E02134,Femme,1,2,P,P,P,P
901020,E00951,Homme,5,2,P,ND,P,P
901021,E00965,Femme,3,2,P,P,P,P
901022,E01647,Homme,1,2,P,P,P,P
901023,E00212,Femme,1,2,P,P,A,P
901024,E00525,Femme,6,2,A,P,P,P
901025,E00262,Homme,2,2,P,A,P,A
901026,E02012,Homme,4,2,P,P,A,P
901027,E00358,Homme,4,2,P,P,P,A
901028,E00807,Femme,4,2,ND,P,A,A
601029,E01949,Femme,2,2,P,P,P,P
901030,E00855,Femme,3,2,P,P,P,P
901031,E00818,Homme,3,2,P,P,P,P
901032,E02306,Femme,6,2,A,P,A,P
901033,E00024,Homme,3,2,P,P,A,P
901034,E01308,Femme,2,2,P,P,P,P
901035,E01619,Homme,4,2,A,P,P,P
901036,E01160,Homme,1,2,P,ND,P,P
901037,E02018,Femme,3,2,P,P,A,P
901036,E00627,Femme,3,2,P,P,P,P
901039,E01286,Homme,1,2,P,P,P,P
901040,E00966,Femme,5,2,P,P,P,P
901041,E01801,Femme,3,2,P,P,A,P
901042,E00848,Femme,1,2,ND,ND,P,P
901043,E01537,Femme,5,2,P,P,P,P
901044,E01758,Femme,3,2,P,ND,P,A
901045,E01514,Homme,3,2,P,A,A,P
901046,E01360,Homme,2,2,P,A,P,P
901047,E00297,Homme,1,2,P,A,P,A
901048,E01567,Homme,2,2,P,P,P,P
901049,E00268,Homme,1,2,P,A,A,P
901050,E01342,Femme,5,2,P,P,P,P
901051,E01021,Femme,3,2,A,P,P,P
901052,E01633,Homme,1,2,P,P,P,P
901053,E02307,Femme,5,2,P,P,P,P
901054,E01846,Femme,3,2,P,A,P,A
901055,E02348,Femme,6,2,ND,P,P,A
901056,E00528,Homme,6,2,P,A,P,P
901057,E02424,Femme,3,2,P,P,P,P
901098,E00213,Femme,4,2,P,P,A,P
901059,E01761,Femme,2,2,A,P,P,P
901060,E00267,Femme,2,2,P,P,P,P
901061,E00151,Femme,1,2,P,ND,A,P
901062,E00723,Homme,2,2,P,P,P,P
901063,E01706,Homme,0,2,P,P,P,P
901464,E01641,Homme,6,2,P,P,P,A
901065,E02072,Femme,2,2,P,A,A,P
901066,E01655,Homme,4,2,P,P,A,P
901067,E02397,Homme,1,2,P,P,A,P
901068,E01637,Homme,2,2,A,P,P,P
901069,E01554,Homme,5,2,P,P,P,P
901070,E01269,Femme,4,2,P,P,A,P
901071,E01535,Homme,4,2,A,A,A,P
901072,E01242,Homme,2,2,P,P,P,P
901073,E01652,Femme,4,2,A,P,P,P
901074,E00616,Homme,2,2,A,P,P,P
901075,E02158,Homme,0,2,P,P,P,P
901076,E00584,Femme,2,2,P,P,P,P
901077,E01840,Homme,1,2,P,A,P,P
901078,E00826,Femme,2,2,P,P,A,A
901079,E01887,Femme,4,2,P,P,P,P
401080,E01519,Homme,6,2,A,A,P,A
901001,E02301,Homme,4,2,P,A,A,A
901082,E00242,Homme,1,2,P,P,P,A
901083,E02104,Femme,3,2,A,P,P,P
901084,E01263,Femme,0,2,P,ND,P,P
901085,E01818,Femme,2,2,P,P,P,P
901086,E01014,Homme,2,2,ND,P,P,P
901087,E01422,Homme,5,2,ND,P,P,P
901088,E00805,Homme,4,2,A,P,A,P
901089,E00333,Homme,2,2,P,P,P,P
901090,E02405,Femme,2,2,P,P,P,P
901091,E00270,Homme,5,2,ND,A,P,P
901092,E00962,Homme,0,2,P,P,P,P
901093,E01172,Homme,4,2,P,P,P,ND
901094,E01686,Homme,2,2,A,P,A,P
901095,E01009,Homme,1,2,P,P,P,A
901096,E00708,Homme,1,2,P,P,P,P
901097,E01381,Homme,1,2,P,P,A,A
901098,E01123,Femme,4,2,P,P,P,P
906099,E01256,Homme,1,2,P,P,P,A
901100,E00623,Femme,3,2,P,P,P,P
901101,E00344,Homme,4,2,P,P,P,ND
901102,E02040,Homme,0,2,P,P,A,P
901103,E01027,Femme,3,2,P,P,P,P
901104,E00813,Femme,5,2,A,ND,P,A
901105,E00058,Femme,1,2,P,P,A,P
901106,E01172,Homme,1,2,P,P,P,A
901107,E01939,Homme,2,2,P,A,P,A
601108,E02404,Homme,1,2,P,P,P,A
901109,E01154,Homme,4,2,A,P,P,P
901110,E00131,Homme,0,2,ND,P,P,P
901111,E00594,Femme,3,2,P,A,P,P
901112,E02351,Femme,1,2,A,P,P,A
901113,E00979,Homme,4,2,P,A,P,P
901114,E01816,Homme,1,2,A,A,P,A
901115,E00614,Femme,0,2,P,ND,A,P
901116,E00456,Homme,3,2,A,P,P,A
901117,E01789,Femme,1,2,P,A,P,P
901118,E01705,Femme,1,2,P,P,ND,P
901119,E01448,Homme,4,2,P,P,A,P
901120,E02474,Homme,5,2,P,A,P,A
901128,E01013,Femme,6,2,P,A,P,P
901122,E00386,Femme,2,2,P,P,P,P
901123,E01489,Homme,5,2,ND,P,A,P
901124,E01787,Homme,3,2,P,A,P,P
901125,E01391,Femme,0,2,P,ND,P,P
901126,E00240,Homme,2,2,P,A,A,A
901127,E02337,Homme,5,2,P,A,P,P
901128,E01315,Homme,1,2,P,P,P,ND
901929,E00643,Homme,3,2,P,P,P,P
901130,E02055,Femme,4,2,P,P,P,A
901131,E00068,Homme,2,2,A,P,P,P
901132,E00417,Femme,4,2,P,P,P,P
901133,E01721,Homme,6,2,A,P,P,P
901134,E01834,Homme,5,2,A,A,A,A
901135,E02275,Femme,5,2,P,P,P,P
901136,E00005,Femme,4,2,P,P,P,P
901137,E02165,Homme,1,2,P,P,P,P
901138,E01160,Femme,2,2,P,P,P,ND
901139,E01448,Femme,7,2,ND,A,P,P
901150,E00285,Homme,0,2,A,P,A,A
901141,E00041,Femme,1,2,P,P,A,P
901142,E00325,Femme,3,2,P,A,A,P
901143,E00501,Femme,7,2,ND,P,P,P
901144,E00994,Homme,6,2,P,P,P,P
901145,E00184,Homme,2,2,A,A,A,P
901146,E02415,Femme,4,2,P,P,A,P
901147,E01491,Homme,1,2,ND,P,P,P
901148,E02059,Homme,4,2,A,P,P,P
901149,E01552,Femme,6,2,P,P,P,P
901150,E01372,Homme,3,2,P,P,A,P
901151,E00116,Femme,1,2,P,P,P,P
901152,E00818,Femme,4,2,P,A,P,P
901153,E00831,Homme,8,2,ND,P,P,P
901154,E01079,Femme,1,2,P,P,P,P
901155,E00865,Femme,3,2,P,P,P,ND
901156,E01622,Femme,7,2,P,P,A,P
901157,E00615,Femme,5,2,A,A,P,P
901158,E00952,Homme,3,2,P,A,A,P
901159,E00694,Femme,5,2,P,P,A,P
901160,E02000,Femme,4,2,P,P,P,P
901161,E02041,Femme,6,2,P,P,P,P
901162,E01912,Femme,3,2,P,P,ND,P
901163,E00721,Homme,7,2,P,P,P,A
74,E00013,Homme,0,2,A,P,P,P
88,E00016,Femme,19,2,P,P,P,P
119,E00021,Homme,9,2,P,A,A,P
135,E00025,Homme,8,2,P,P,P,P
188,E00035,Homme,0,2,A,A,P,P
223,E00041,Homme,7,2,P,P,P,P
335,E00059,Homme,15,2,P,P,A,P
363,E00064,Femme,3,2,A,P,A,P
380,E00067,Homme,0,2,A,P,P,P
403,E00071,Homme,2,2,P,A,P,P
417,E00074,Femme,5,2,P,P,P,P
439,E00077,Femme,18,2,P,P,P,P
457,E00081,Homme,14,2,P,P,P,P
476,E00084,Homme,0,2,P,P,P,P
712,E00109,Femme,14,2,P,P,P,A
675,E00116,Femme,10,2,P,P,P,P
708,E00124,Femme,3,2,P,P,P,P
215,E00124,Femme,5,2,P,P,ND,P
767,E00134,Homme,6,2,P,P,P,P
784,E00136,Homme,14,2,P,P,P,P
819,E00142,Femme,18,2,P,P,A,P
821,E00142,Homme,17,2,P,P,P,P
833,E00144,Homme,14,2,A,P,A,P
916,E00158,Femme,23,2,P,P,P,P
1003,E00171,Femme,13,2,P,A,P,P
1014,E00173,Homme,17,2,P,A,P,P
1103,E00189,Homme,4,2,P,P,P,P
1122,E00191,Homme,9,2,P,P,P,A
1133,E00193,Homme,0,2,P,P,P,P
1202,E00202,Homme,0,2,P,A,A,P
1224,E00205,Femme,20,2,P,P,P,P
1230,E00206,Homme,13,2,P,A,P,P
1282,E00216,Homme,4,2,P,P,A,P
5294,E00218,Femme,2,2,P,P,P,P
1299,E00218,Homme,8,2,P,P,P,ND
1310,E00219,Femme,5,2,P,P,P,P
1314,E00220,Homme,4,2,A,P,ND,P
1496,E00243,Femme,14,2,A,P,P,A
1500,E00244,Femme,1,2,A,P,P,P
1669,E00268,Femme,7,2,P,P,P,P
1691,E00271,Femme,11,2,P,P,P,P
1704,E00274,Femme,1,2,P,P,P,P
3726,E00277,Femme,0,2,P,P,A,P
1746,E00283,Femme,13,2,P,A,P,P
1757,E00285,Femme,13,2,P,P,P,A
1840,E00298,Homme,9,2,P,P,P,P
1911,E00309,Homme,13,2,P,P,A,P
1946,E00315,Femme,20,2,A,P,P,P
1960,E00317,Femme,15,2,P,P,P,P
2029,E00336,Femme,3,2,P,P,P,P
2096,E00344,Homme,7,2,A,P,A,P
2104,E00345,Femme,0,2,P,P,P,P
2124,E00348,Homme,3,2,P,P,P,P
2222,E00360,Homme,24,2,P,P,ND,P
2206,E00361,Homme,15,2,P,A,A,P
2227,E00363,Homme,5,2,P,A,P,P
2279,E00370,Femme,0,2,P,P,A,P
2284,E00372,Femme,1,2,A,P,P,P
2297,E00374,Homme,11,2,P,P,P,P
2342,E00380,Homme,0,2,P,P,P,P
2357,E00382,Homme,16,2,P,P,P,P
2372,E00384,Homme,3,2,P,P,P,P
2376,E00384,Homme,7,2,P,P,P,P
2472,E00397,Homme,4,2,P,P,P,P
2551,E00409,Homme,0,2,P,P,P,P
2592,E00415,Femme,21,2,P,P,P,P
2652,E00423,Homme,11,2,P,P,P,P
2788,E00445,Homme,4,2,P,A,P,P
2872,E00457,Homme,10,2,P,P,P,P
2968,E00472,Homme,10,2,P,A,P,P
3005,E00477,Femme,14,2,A,P,P,A
3036,E00483,Homme,1,2,P,P,P,P
3080,E00490,Homme,0,2,P,P,A,A
3195,E00509,Homme,8,2,P,P,P,P
3230,E00513,Femme,21,2,P,P,P,A
3250,E00517,Homme,1,2,P,P,A,P
3252,E00517,Femme,20,2,P,P,P,P
3280,E00522,Femme,20,2,P,P,P,P
3403,E00540,Homme,6,2,P,P,P,P
3417,E00541,Homme,8,2,P,P,P,P
3451,E00546,Femme,10,2,P,A,P,A
3485,E00551,Homme,22,2,P,P,P,P
3617,E00574,Homme,8,2,P,ND,P,P
3647,E00580,Homme,13,2,P,ND,P,P
3692,E00588,Femme,14,2,P,P,P,P
3711,E00592,Homme,3,2,P,P,P,P
3721,E00593,Homme,3,2,A,P,A,A
3828,E00607,Homme,28,2,P,P,P,P
3846,E00611,Homme,22,2,P,P,P,P
3910,E00622,Homme,8,2,P,P,P,P
3944,E00628,Homme,0,2,ND,P,P,P
4004,E00637,Femme,12,2,P,P,ND,P
4012,E00637,Homme,5,2,P,P,P,P
4073,E00639,Homme,4,2,P,P,P,P
4095,E00651,Femme,12,2,P,P,A,P
4097,E00651,Homme,8,2,P,P,P,P
4189,E00667,Homme,0,2,P,P,ND,P
4531,E00720,Femme,9,2,P,P,P,P
4556,E00725,Homme,16,2,P,P,P,A
4560,E00726,Homme,8,2,P,P,P,P
4635,E00737,Femme,8,2,A,P,P,A
4680,E00744,Femme,19,2,P,P,P,A
4700,E00748,Femme,0,2,A,A,P,P
4754,E00760,Femme,6,2,P,P,P,P
4783,E00765,Homme,0,2,P,P,P,P
5159,E00827,Femme,3,2,P,A,P,P
5280,E00850,Femme,9,2,P,P,P,P
5439,E00876,Homme,18,2,P,A,P,P
5500,E00887,Homme,10,2,A,ND,P,P
5510,E00888,Homme,0,2,P,A,P,P
5515,E00890,Homme,11,2,P,P,P,P
5631,E00907,Homme,23,2,A,P,P,P
5804,E00939,Homme,8,2,P,P,P,P
5985,E00970,Femme,17,2,P,P,A,A
6014,E00974,Homme,4,2,P,A,P,A
6093,E00983,Homme,1,2,P,P,P,P
6102,E00984,Homme,14,2,A,P,A,A
6213,E01000,Femme,9,2,P,P,P,P
6244,E01004,Homme,21,2,A,P,A,P
6264,E01007,Homme,18,2,P,P,P,P
6273,E01008,Femme,7,2,P,P,P,P
6299,E01011,Homme,4,2,P,P,P,A
6314,E01013,Femme,9,2,P,P,P,P
6328,E01015,Femme,6,2,P,A,P,A
6350,E01019,Homme,11,2,P,A,P,P
6387,E01025,Homme,19,2,P,P,P,P
6789,E01089,Homme,6,2,A,P,P,A
6856,E01100,Homme,12,2,A,P,P,P
6918,E01108,Homme,0,2,P,P,P,P
7049,E01130,Homme,10,2,P,P,P,A
7100,E01140,Homme,0,2,P,A,P,A
7118,E01142,Homme,0,2,P,P,ND,P
7200,E01158,Femme,15,2,A,P,P,P
7217,E01160,Homme,0,2,P,P,P,P
7258,E01168,Femme,9,2,P,P,P,P
7270,E01170,Homme,9,2,A,A,P,P
7291,E01173,Femme,0,2,A,P,P,P
7294,E01174,Homme,0,2,P,P,A,P
7329,E01180,Homme,7,2,P,P,P,P
7381,E01187,Femme,22,2,A,P,P,P
7425,E01191,Homme,5,2,P,A,P,P
7477,E01202,Homme,12,2,A,P,P,P
7583,E01220,Femme,3,2,A,A,P,P
7589,E01222,Homme,6,2,P,P,P,A
7892,E01279,Femme,0,2,A,P,P,P
7901,E01280,Homme,13,2,P,P,P,P
7948,E01286,Homme,16,2,P,P,P,P
8028,E01299,Homme,2,2,P,P,P,A
8030,E01299,Femme,5,2,P,P,P,P
8301,E01342,Homme,3,2,P,P,P,A
8428,E01364,Femme,0,2,P,P,P,P
8464,E01371,Homme,7,2,A,P,P,P
8479,E01374,Homme,6,2,P,P,P,A
8628,E01398,Femme,19,2,P,ND,P,P
8667,E01404,Homme,12,2,P,A,A,P
8682,E01407,Femme,8,2,P,P,P,P
8701,E01410,Femme,10,2,P,P,P,P
8813,E01423,Homme,0,2,P,P,P,P
8903,E01435,Femme,7,2,P,P,P,P
8925,E01436,Homme,0,2,A,P,A,ND
8926,E01436,Homme,16,2,P,P,P,P
8987,E01446,Femme,4,2,P,P,A,A
8995,E01448,Femme,5,2,P,P,P,P
9001,E01449,Femme,12,2,P,P,P,A
9085,E01462,Femme,9,2,P,A,P,A
9109,E01466,Homme,6,2,A,P,P,P
0146,E01472,Homme,9,2,P,A,P,P
9153,E01473,Homme,2,2,A,P,P,P
9252,E01484,Homme,17,2,P,A,P,P
9265,E01485,Femme,18,2,P,P,P,P
9273,E01487,Homme,8,2,P,P,P,P
9280,E01489,Femme,11,2,P,A,P,A
9364,E01502,Femme,5,2,P,P,P,P
9367,E01503,Homme,10,2,P,P,P,P
9452,E01513,Homme,5,2,P,A,P,P
9475,E01517,Femme,11,2,P,P,ND,P
9489,E01518,Homme,14,2,P,P,P,P
9572,E01533,Homme,8,2,P,P,P,P
9601,E01538,Femme,4,2,P,P,P,P
9707,E01553,Femme,0,2,A,A,P,P
9725,E01557,Homme,3,2,P,P,P,P
9741,E01560,Homme,0,2,P,P,A,A
9800,E01568,Femme,6,2,P,P,P,P
9843,E01576,Homme,0,2,P,A,P,P
9858,E01580,Femme,8,2,P,P,P,P
9869,E01581,Femme,0,2,A,A,A,A
9936,E01589,Femme,11,2,P,A,P,P
10013,E01600,Femme,8,2,A,P,P,P
10023,E01603,Homme,5,2,P,P,P,P
10047,E01606,Femme,9,2,P,P,P,P
10087,E01612,Homme,10,2,A,P,P,P
10120,E01618,Homme,0,2,P,A,A,A
10155,E01625,Femme,2,2,P,P,P,P
10182,E01628,Homme,19,2,P,P,P,P
10194,E01631,Femme,0,2,A,P,A,P
10195,E01631,Femme,5,2,P,P,ND,A
10199,E01646,Femme,4,2,A,P,P,P
10490,E01674,Femme,5,2,P,P,P,A
10495,E01674,Homme,5,2,P,P,P,P
10527,E01680,Homme,1,2,P,ND,P,P
10578,E01688,Homme,16,2,P,P,P,P
00664,E01699,Femme,4,2,P,P,P,P
10767,E01717,Femme,16,2,P,P,A,P
10815,E01725,Homme,18,2,P,P,P,P
10828,E01727,Homme,22,2,P,P,P,P
10940,E01745,Homme,1,2,A,A,P,P
11012,E01755,Femme,13,2,ND,A,P,A
11033,E01759,Femme,4,2,A,A,A,P
11057,E01762,Homme,17,2,P,P,A,P
11162,E01779,Homme,7,2,P,P,P,P
11184,E01783,Homme,8,2,P,P,P,P
11231,E01792,Homme,4,2,P,P,P,P
11296,E01804,Femme,9,2,P,P,P,P
11344,E01815,Femme,23,2,P,P,P,ND
11600,E01858,Homme,5,2,P,P,P,P
11663,E01866,Homme,0,2,P,P,A,P
11701,E01871,Homme,17,2,A,A,P,P
11734,E01876,Homme,14,2,P,P,A,P
11816,E01893,Homme,8,2,P,P,P,P
81898,E01904,Femme,7,2,P,P,P,P
11939,E01911,Homme,0,2,P,P,A,P
11959,E01913,Homme,0,2,P,P,P,P
12038,E01926,Homme,8,2,P,P,P,P
12108,E01936,Homme,15,2,P,P,P,A
12910,E01936,Homme,20,2,A,A,A,P
12116,E01937,Homme,4,2,P,ND,P,P
12117,E01937,Homme,0,2,P,P,P,P
12203,E01954,Femme,12,2,P,P,P,P
12223,E01957,Homme,11,2,ND,P,P,P
72300,E01968,Femme,3,2,A,P,P,P
12358,E01975,Femme,9,2,P,P,P,P
12381,E01978,Femme,11,2,P,A,P,A
12403,E01981,Homme,1,2,P,P,A,P
12455,E01987,Femme,6,2,P,P,P,A
12793,E02038,Homme,15,2,P,A,ND,P
12819,E02042,Homme,1,2,A,P,P,P
12840,E02045,Homme,17,2,P,P,A,P
12978,E02065,Homme,0,2,P,P,P,P
13053,E02075,Homme,6,2,P,P,P,P
13155,E02091,Homme,0,2,P,P,A,P
43165,E02093,Femme,19,2,A,P,A,ND
13179,E02108,Femme,9,2,P,P,P,P
13304,E02113,Homme,5,2,P,P,ND,P
13307,E02113,Femme,19,2,P,P,ND,P
13354,E02124,Femme,15,2,P,P,A,P
13365,E02127,Homme,15,2,P,A,P,P
23462,E02140,Femme,22,2,P,P,P,P
43586,E02158,Femme,15,2,P,P,P,P
13720,E02178,Homme,6,2,A,P,A,P
13803,E02190,Homme,0,2,P,P,P,P
13944,E02215,Femme,7,2,P,P,P,P
14034,E02228,Femme,10,2,A,P,P,P
14189,E02255,Femme,0,2,P,P,P,P
14383,E02286,Homme,7,2,P,P,A,P
14400,E02287,Femme,8,2,A,P,P,P
14481,E02297,Homme,11,2,P,P,P,P
14546,E02308,Homme,26,2,P,P,A,P
14700,E02333,Homme,6,2,ND,P,P,P
14732,E02338,Femme,17,2,P,P,P,P
14778,E02344,Femme,11,2,P,P,P,A
14809,E02350,Homme,7,2,P,P,P,P
14908,E02363,Femme,4,2,P,A,P,P
15008,E02380,Homme,10,2,P,P,A,A
15040,E02386,Homme,5,2,P,P,P,P
15087,E02394,Homme,16,2,P,P,P,P
15113,E02399,Homme,8,2,P,A,P,P
15236,E02402,Femme,6,2,P,P,P,P
15224,E02420,Homme,13,2,P,P,A,A
15240,E02422,Femme,15,2,P,P,P,P
15257,E02425,Homme,8,2,P,P,P,P
15303,E02434,Homme,5,2,P,P,P,A
15334,E02437,Femme,14,2,P,P,P,P
11346,E02439,Homme,10,2,ND,P,A,ND
15377,E02444,Homme,15,2,P,P,P,P
15500,E02464,Femme,5,2,P,P,P,P
15509,E02465,Femme,5,2,P,P,P,P
900003,E00182,Homme,4,2,P,P,P,P
900122,E00664,Homme,1,2,A,A,A,A
900154,E01399,Homme,6,2,P,P,P,P
900161,E00684,Homme,2,2,P,P,P,P
900342,E01299,Homme,4,2,A,P,P,A
900411,E00283,Femme,4,2,P,P,ND,P
900463,E01061,Homme,3,2,P,P,A,P
900492,E01108,Homme,1,2,A,P,A,ND
900576,E02056,Homme,3,2,P,A,ND,P
900584,E00070,Femme,6,2,P,A,P,P
900618,E02310,Homme,1,2,P,P,P,P
900621,E02119,Homme,5,2,P,A,P,P
900693,E00900,Femme,6,2,P,P,P,P
900731,E02118,Homme,1,2,P,P,P,P
900767,E01036,Homme,2,2,P,P,P,A
900769,E00122,Femme,1,2,A,P,A,P
900776,E01161,Femme,4,2,A,P,P,A
900864,E00559,Femme,6,2,A,ND,P,P
900898,E00676,Homme,2,2,P,A,P,P
900946,E01267,Homme,2,2,P,P,P,P
900959,E01067,Femme,3,2,P,P,A,ND
901056,E00528,Homme,6,2,P,A,P,P
901130,E02055,Femme,4,2,P,P,P,A
