id_saisi,ecole_id,genre_saisi,anciennete,vague,visite1,visite2,visite3,visite4
T-000001,E00001,1,0,3,1,1,1,1
T-000002,E00001,1,2,3,1,1,1,1
T-000003,E00001,2,19,3,1,1,1,1
T-000004,E00001,1,6,3,1,1,1,1
T-000005,E00002,1,11,3,1,1,1,1
T-000006,E00002,2,5,3,1,1,1,1
T-000007,E00002,2,4,3,1,1,1,1
T-000008,E00002,2,13,3,1,1,1,1
T-000009,E00002,2,0,3,1,0,1,0
T-000080,E00003,1,0,3,1,1,1,1
T-000011,E00003,2,6,3,1,NA,1,1
T-000012,E00003,1,18,3,1,0,1,1
T-000013,E00004,1,5,3,1,1,1,1
T-000014,E00004,2,12,3,NA,1,1,0
T-000016,E00004,2,8,3,1,1,1,0
T-000018,E00004,2,16,3,0,1,1,1
T-000020,E00004,1,5,3,0,1,1,1
T-000021,E00005,2,13,3,1,0,1,0
T-000022,E00005,1,23,3,1,1,1,1
T-000023,E00005,2,15,3,1,1,0,0
T-000024,E00005,2,7,3,1,1,0,0
T-000025,E00006,2,3,3,1,1,1,1
T-000027,E00007,1,20,3,1,1,1,1
T-000028,E00007,2,21,3,1,1,1,1
T-000029,E00007,1,13,3,1,1,1,1
T-000030,E00007,2,18,3,1,0,1,1
T-000031,E00007,2,10,3,1,1,1,1
T-030032,E00007,1,13,3,1,1,0,1
T-000034,E00008,2,0,3,0,0,1,1
T-000035,E00008,2,0,3,1,0,1,0
T-000036,E00008,2,20,3,1,0,1,1
T-000039,E00009,2,17,3,1,1,1,1
T-000038,E00009,2,10,3,1,1,1,1
T-000039,E00009,1,9,3,1,1,1,1
T-000040,E00009,2,0,3,1,1,1,1
T-000041,E00009,2,8,3,1,1,1,1
T-000042,E00009,2,15,3,1,1,1,1
9-000043,E00009,1,3,3,1,1,1,1
T-000044,E00009,2,4,3,1,1,1,1
T-000045,E00009,2,19,3,1,1,1,1
T-000046,E00009,2,7,3,0,1,1,1
T-000047,E00010,1,3,3,1,1,1,1
T-000048,E00010,2,3,3,0,1,1,0
T-000049,E00010,2,14,3,1,1,0,0
T-000051,E00010,2,11,3,1,1,1,1
T-000055,E00011,2,9,3,1,NA,1,1
T-000056,E00011,2,15,3,1,1,1,1
T-000057,E00011,2,12,3,1,1,1,1
T-000058,E00012,2,12,3,1,1,1,1
T-000059,E00012,1,9,3,1,1,1,1
T-000060,E00012,1,0,3,1,0,1,1
T-000061,E00012,2,12,3,1,0,1,1
T-000062,E00012,2,14,3,0,1,1,1
T-000063,E00012,2,5,3,1,1,1,1
T-000064,E00013,2,0,3,1,1,1,1
T-000065,E00013,2,9,3,1,0,1,1
T-000066,E00013,1,11,3,1,1,1,1
T-000067,E00013,1,15,3,1,1,1,0
T-000068,E00013,2,3,3,1,1,1,1
T-000069,E00013,2,18,3,1,1,1,1
T-000071,E00013,1,18,3,1,1,1,1
T-000072,E00013,2,4,3,1,1,1,1
T-000073,E00013,2,7,3,1,1,1,1
T-000074,E00013,2,0,3,1,1,0,1
T-000075,E00014,1,0,3,0,0,1,NA
T-000076,E00014,1,26,3,1,1,1,1
T-000077,E00014,1,20,3,1,1,1,1
T-000078,E00014,1,1,3,1,0,1,1
T-000049,E00014,2,5,3,0,0,1,1
T-000780,E00014,2,14,3,1,1,0,1
T-000081,E00015,2,6,3,1,1,1,1
T-000082,E00015,1,3,3,1,1,1,1
T-000083,E00015,2,27,3,1,1,1,1
T-000084,E00015,1,2,3,1,1,1,1
T-000085,E00016,2,10,3,0,1,1,0
T-000097,E00016,2,6,3,1,1,1,1
T-000088,E00016,1,19,3,1,1,1,1
T-000089,E00016,1,14,3,1,1,1,1
T-000091,E00016,1,9,3,1,1,1,1
T-000092,E00016,2,14,3,1,1,1,1
T-000093,E00016,1,13,3,1,1,1,1
T-000094,E00016,2,19,3,1,1,1,1
T-000095,E00016,2,8,3,1,1,1,1
T-000497,E00016,1,5,3,1,1,1,1
T-000098,E00016,1,9,3,0,1,1,1
T-000100,E00017,2,12,3,1,1,1,1
T-000102,E00017,2,15,3,1,1,1,0
T-004103,E00017,2,4,3,1,1,0,1
T-000104,E00018,2,5,3,NA,1,0,0
T-000105,E00018,2,12,3,1,1,0,1
T-000106,E00018,2,0,3,0,0,0,NA
T-000107,E00018,1,6,3,1,1,0,1
T-000508,E00018,2,18,3,NA,1,1,1
T-000109,E00019,2,3,3,1,0,0,0
T-000110,E00019,2,18,3,1,1,1,1
T-000111,E00020,1,12,3,1,1,1,1
T-000112,E00020,1,7,3,0,1,1,1
T-000113,E00020,1,14,3,1,1,1,1
T-000114,E00021,2,3,3,1,1,1,1
T9000115,E00021,1,0,3,0,1,0,0
T-000116,E00021,2,15,3,NA,1,1,1
T-000117,E00021,2,8,3,1,1,1,1
T-000118,E00021,2,5,3,1,1,1,0
T-000120,E00021,2,16,3,0,1,0,0
T-000121,E00021,2,11,3,1,1,1,NA
T-000122,E00022,2,4,3,1,1,1,1
T-000123,E00022,1,0,3,1,1,NA,1
T-000124,E00022,2,7,3,1,1,NA,NA
T-000125,E00022,2,0,3,0,NA,0,0
T-000127,E00022,2,0,3,1,0,1,1
8-000129,E00023,2,5,3,0,1,1,1
T-000130,E00023,2,11,3,1,1,1,0
T-000132,E00024,1,11,3,1,1,1,0
T-000134,E00024,1,14,3,1,1,1,1
T-000134,E00025,1,8,3,1,1,1,1
T-000135,E00025,2,8,3,1,0,1,1
T-000136,E00025,2,13,3,1,1,1,1
T-000138,E00025,2,12,3,0,0,1,1
T-000139,E00025,2,8,3,1,1,1,1
T-000143,E00025,1,6,3,1,1,1,1
T-009141,E00025,1,18,3,1,1,1,0
T-000142,E00025,2,14,3,1,1,1,1
T-000144,E00025,1,4,3,0,1,0,1
T-000145,E00025,1,9,3,1,NA,1,1
T-000146,E00025,2,9,3,1,1,0,1
T-000147,E00025,1,9,3,1,1,1,1
T-000148,E00025,2,14,3,1,1,1,1
T-000149,E00025,2,0,3,1,0,1,1
T-000150,E00025,2,0,3,1,1,1,1
T-000151,E00025,1,10,3,1,1,1,1
T-000152,E00026,1,10,3,1,0,1,1
T-000154,E00026,2,0,3,1,1,NA,0
T-000155,E00026,1,0,3,0,1,1,1
T-000156,E00026,1,9,3,NA,0,1,1
T-000157,E00026,1,10,3,1,1,NA,0
T-000158,E00026,2,8,3,1,1,NA,1
T-000159,E00027,2,12,3,0,0,1,0
T-000160,E00027,2,15,3,1,1,1,1
T-000161,E00027,2,0,3,1,1,1,1
T-000162,E00027,2,2,3,1,0,1,1
T-000163,E00028,1,0,3,1,1,1,1
T-000164,E00028,2,4,3,1,0,1,1
T-000165,E00029,2,16,3,0,1,1,1
T-000166,E00029,2,18,3,1,1,1,1
T-000167,E00029,1,3,3,0,0,1,0
T-000168,E00029,2,10,3,1,1,1,1
T-000169,E00029,1,2,3,1,1,NA,1
T-000170,E00030,2,10,3,0,1,1,1
T-000171,E00030,2,2,3,1,NA,1,1
T-000172,E00030,1,0,3,1,1,0,1
T-000173,E00030,2,9,3,NA,1,1,1
T0000176,E00032,2,8,3,0,NA,0,1
T-000179,E00032,2,0,3,1,1,0,1
T-000180,E00033,2,11,3,1,1,1,1
T-000181,E00033,2,14,3,1,0,0,1
T-000182,E00033,2,5,3,1,0,1,1
T-000183,E00034,2,13,3,1,1,1,1
T-000185,E00034,2,16,3,1,1,0,1
T-000186,E00034,1,7,3,1,1,1,1
T-000187,E00035,2,4,3,1,1,NA,1
T-000188,E00035,2,0,3,1,1,1,1
T-000189,E00035,2,7,3,1,1,1,1
T-000190,E00035,2,12,3,1,1,1,NA
T-000193,E00036,2,3,3,1,1,1,1
T-000194,E00036,2,13,3,NA,1,1,1
T-000196,E00036,2,16,3,1,1,1,1
T-000197,E00036,1,4,3,1,1,1,1
T-000198,E00037,2,7,3,1,1,1,1
T-000199,E00037,2,12,3,1,1,1,1
T-000200,E00037,2,0,3,1,1,1,1
T-000202,E00037,1,11,3,1,1,1,1
T-000203,E00037,2,21,3,1,NA,1,1
T-000204,E00037,1,12,3,1,1,1,1
T-000205,E00037,1,0,3,1,1,1,0
T-000206,E00037,2,1,3,1,1,1,1
T-000207,E00037,1,12,3,1,1,1,1
T-000208,E00037,1,4,3,1,1,1,1
T-060210,E00038,1,18,3,1,1,0,NA
T-000212,E00039,2,23,3,1,1,0,1
T-000214,E00040,1,4,3,1,1,1,1
T-000215,E00040,2,13,3,1,1,1,1
T-000217,E00040,1,3,3,1,1,1,1
T-000218,E00040,1,6,3,1,1,1,1
T-000219,E00040,1,11,3,1,0,1,0
T-000220,E00040,1,19,3,1,1,1,1
T-000221,E00041,1,14,3,1,0,1,1
T-000223,E00041,2,7,3,1,1,1,1
T-000224,E00041,1,1,3,1,1,1,1
T-000225,E00041,2,12,3,1,0,1,1
T-000226,E00041,2,6,3,1,0,1,1
T-000227,E00042,1,2,3,1,0,1,1
T-000228,E00042,1,7,3,1,1,1,1
T-000229,E00043,1,1,3,0,1,1,1
T-000230,E00043,1,16,3,0,0,1,1
T-000232,E00043,1,12,3,1,0,1,1
T-000233,E00043,2,7,3,0,1,1,1
T-000234,E00043,1,11,3,1,1,1,1
T-000235,E00043,2,11,3,1,1,1,1
T-000236,E00044,2,17,3,1,1,1,1
T-000237,E00044,2,10,3,0,1,0,0
T-000238,E00044,1,13,3,1,1,1,1
T-000239,E00044,1,0,3,0,1,NA,1
T-000240,E00044,1,0,3,1,1,0,1
T-000241,E00045,2,14,3,0,NA,0,1
T-000242,E00045,2,7,3,1,1,1,1
T-000243,E00045,2,7,3,0,1,1,1
T-000244,E00045,1,9,3,0,1,1,1
T-000245,E00046,2,12,3,1,1,1,1
T-000246,E00046,2,5,3,1,1,1,1
T-000247,E00046,2,12,3,1,1,1,1
T-000248,E00046,1,6,3,1,1,1,1
T-000249,E00047,2,0,3,0,0,1,1
T-000250,E00047,1,0,3,0,1,0,0
T-000251,E00048,1,13,3,1,1,1,1
T-000252,E00048,1,10,3,1,1,1,1
T-000253,E00048,2,11,3,1,1,0,1
T-000254,E00048,1,0,3,1,0,NA,1
T-000255,E00048,2,22,3,1,0,NA,1
T-000256,E00048,2,20,3,0,1,1,1
T-000257,E00048,2,11,3,1,1,1,1
T-000258,E00049,2,15,3,0,1,0,1
T-000259,E00049,1,1,3,1,0,1,1
T-000260,E00049,2,14,3,1,1,0,1
T-000261,E00049,2,10,3,1,1,1,1
T-000362,E00049,2,13,3,1,0,1,1
T-000263,E00050,2,12,3,1,1,1,1
T-000264,E00050,2,14,3,1,1,0,1
T7000265,E00050,2,22,3,1,0,1,0
T-000266,E00050,2,1,3,1,0,1,1
T-000267,E00050,2,0,3,1,1,1,1
T-000268,E00050,1,15,3,1,1,1,1
T5000269,E00050,2,4,3,1,1,1,1
T-000271,E00050,1,11,3,1,1,1,1
T-000272,E00051,2,14,3,1,1,0,1
T-000273,E00051,1,12,3,1,1,1,1
T-090274,E00051,2,7,3,0,1,1,0
T-000275,E00051,1,7,3,0,0,0,1
T-000277,E00052,1,20,3,1,1,1,1
T-000279,E00052,1,3,3,1,NA,1,1
T-000284,E00052,2,2,3,1,NA,1,1
T-000281,E00052,2,18,3,1,1,1,1
T-000282,E00052,2,18,3,1,1,1,1
T-000283,E00052,2,12,3,1,1,1,NA
T-000284,E00052,2,16,3,1,1,1,1
T-000285,E00052,1,13,3,1,1,1,1
T-020286,E00052,1,8,3,1,0,1,1
T-000287,E00053,2,0,3,0,1,1,1
T-000288,E00053,2,7,3,1,1,1,1
T-000289,E00053,2,7,3,1,1,1,1
T-000290,E00053,2,8,3,1,1,1,1
T-000291,E00053,2,7,3,1,1,1,NA
T-000292,E00053,2,6,3,0,1,1,1
T-000292,E00053,2,5,3,1,1,1,1
5-000294,E00053,2,17,3,1,1,1,1
T-000295,E00054,2,0,3,1,1,0,1
T-000296,E00054,1,8,3,1,1,0,0
T-000297,E00054,2,12,3,0,1,0,1
T-000298,E00054,2,0,3,1,1,1,1
T-000299,E00054,2,6,3,1,1,1,1
T-000300,E00054,1,7,3,1,1,1,1
T-000301,E00054,2,10,3,1,1,1,1
T-000302,E00054,2,13,3,1,1,NA,1
T-000303,E00054,2,12,3,1,1,1,1
T-000304,E00054,2,1,3,1,1,1,1
T-000305,E00054,1,8,3,1,1,0,0
T-000306,E00054,1,9,3,1,1,1,1
T-000307,E00055,1,16,3,1,1,1,1
T-000308,E00055,2,12,3,0,0,1,1
T-000310,E00055,2,16,3,1,1,1,1
T-000311,E00055,2,17,3,1,1,1,0
T-000312,E00055,2,10,3,1,1,1,1
T-000314,E00055,1,8,3,1,1,1,1
T-000316,E00056,2,11,3,1,1,1,0
T-500317,E00056,2,13,3,1,1,1,1
T-000318,E00056,2,4,3,1,1,1,1
T-000319,E00056,2,2,3,1,1,0,1
T-000320,E00057,1,5,3,1,1,0,1
T-000323,E00057,1,20,3,1,1,1,1
T-000324,E00057,1,22,3,1,1,1,0
T-000325,E00058,2,14,3,NA,1,0,1
T-000326,E00058,1,15,3,1,1,1,1
T-000327,E00058,1,5,3,1,1,1,1
T-000328,E00058,1,4,3,1,1,1,1
T-000329,E00058,2,10,3,1,1,1,1
T-000330,E00058,1,18,3,1,1,1,1
T-000331,E00058,2,3,3,1,NA,1,1
T-000332,E00058,2,12,3,1,1,1,1
T-000333,E00059,2,6,3,1,1,1,1
T-000334,E00059,1,1,3,1,0,1,1
T-000335,E00059,2,15,3,1,1,1,1
T-000336,E00059,1,0,3,1,NA,1,1
T-000738,E00059,2,13,3,1,1,1,1
T-000339,E00059,2,8,3,1,1,NA,1
T-000340,E00059,2,6,3,1,1,1,1
T-000341,E00059,2,0,3,1,1,1,1
T-000342,E00059,1,9,3,1,1,1,1
8-000343,E00060,2,7,3,0,1,1,0
T-000344,E00060,1,12,3,0,1,0,1
T-000345,E00060,2,11,3,NA,1,1,0
T-000346,E00060,2,13,3,1,1,1,0
T-000347,E00060,2,4,3,1,1,0,0
T-000348,E00060,1,10,3,0,0,1,0
T-000349,E00061,2,10,3,1,1,1,NA
T-000351,E00061,2,16,3,1,1,1,0
T-000353,E00061,1,0,3,NA,1,1,1
T-000354,E00062,2,15,3,1,1,0,1
T-000356,E00062,2,12,3,1,1,1,0
T-000357,E00062,2,0,3,1,0,1,1
T-000358,E00062,1,3,3,1,1,1,1
T-000360,E00063,2,14,3,1,1,0,0
T-000361,E00063,1,13,3,0,1,1,0
T-000363,E00064,1,3,3,0,0,1,0
T-000365,E00064,1,7,3,0,0,0,1
T-000366,E00064,1,11,3,1,1,1,0
T-000367,E00064,2,10,3,1,0,1,NA
T-000368,E00064,1,11,3,0,1,0,0
T-000369,E00064,2,11,3,1,1,1,1
T-000370,E00065,1,8,3,1,0,1,0
T-000371,E00065,1,6,3,0,1,0,0
T-000372,E00065,1,0,3,1,1,1,1
T-000373,E00065,1,8,3,1,1,1,1
T-000374,E00066,2,0,3,1,1,1,1
T-000375,E00066,2,16,3,1,NA,1,1
T-000376,E00066,1,14,3,1,1,NA,1
T-000377,E00066,2,6,3,1,1,1,0
T-000379,E00067,1,11,3,1,1,1,1
T-009380,E00067,2,0,3,1,1,1,1
T-000382,E00068,2,0,3,1,1,1,1
T-000383,E00068,1,1,3,1,1,0,1
T-000384,E00068,2,17,3,1,1,1,1
T-000386,E00068,2,4,3,1,0,1,1
T-000387,E00068,1,0,3,1,1,0,1
T-000388,E00069,2,3,3,1,1,1,1
T-000389,E00069,1,30,3,1,1,1,0
T-000390,E00069,2,0,3,1,1,0,0
T-000391,E00069,2,7,3,1,1,1,1
T-000392,E00070,1,14,3,1,1,NA,1
T-000393,E00070,2,5,3,1,1,1,1
T-000394,E00070,2,17,3,NA,1,1,1
T-000395,E00070,2,8,3,1,0,1,1
T-000396,E00070,2,2,3,1,NA,1,1
T-000397,E00070,1,21,3,NA,1,1,1
T-000398,E00070,1,6,3,0,1,1,1
T-010399,E00070,2,17,3,0,1,1,1
T-000400,E00070,2,5,3,1,1,1,0
T-000501,E00070,2,9,3,1,1,1,1
T-000402,E00071,2,0,3,1,1,0,1
T-000403,E00071,2,2,3,1,NA,1,0
T-000404,E00071,2,1,3,1,1,1,NA
T-000405,E00071,2,8,3,1,1,0,1
T-000406,E00072,2,0,3,1,1,1,1
T-000407,E00072,2,0,3,1,1,1,1
T-000408,E00072,2,6,3,1,1,1,1
T8000409,E00072,1,14,3,1,1,1,1
T-000410,E00072,2,16,3,0,1,1,1
T-000411,E00073,1,2,3,1,1,1,1
T-000412,E00073,1,8,3,NA,1,1,1
T-000413,E00074,2,1,3,1,1,0,1
T-500414,E00074,1,10,3,1,0,1,0
T-000416,E00074,1,5,3,1,1,1,1
T-000417,E00074,2,9,3,1,1,1,1
T-000418,E00074,2,9,3,1,0,1,1
T-000419,E00074,2,6,3,1,1,0,1
T-000420,E00074,2,2,3,1,1,1,1
T-000421,E00075,2,7,3,1,1,1,1
T-000422,E00075,2,20,3,1,1,1,1
T-000424,E00075,1,3,3,0,1,1,NA
T-000425,E00075,2,10,3,1,0,0,1
T-000426,E00075,2,1,3,NA,0,1,1
T-000427,E00075,2,11,3,1,1,1,1
T-000428,E00075,2,0,3,1,1,1,1
T-000429,E00076,2,7,3,1,1,1,1
T-000430,E00076,1,2,3,1,1,1,1
T-000431,E00076,2,6,3,1,1,1,1
T-000432,E00076,1,1,3,1,1,1,1
T-000433,E00077,2,7,3,1,1,1,1
T-000435,E00077,2,21,3,1,1,1,1
T-000437,E00077,2,5,3,1,1,1,1
T-000438,E00077,1,4,3,1,1,1,1
T-200439,E00077,1,18,3,1,NA,1,1
T-000440,E00078,2,0,3,NA,1,1,0
T-000442,E00078,2,12,3,1,1,1,0
T-000443,E00078,1,16,3,1,0,1,1
T-000444,E00078,2,1,3,1,1,1,0
T-000445,E00078,2,21,3,1,1,1,1
T-000446,E00079,1,9,3,1,1,1,1
T-000447,E00079,2,5,3,1,1,1,0
T-000448,E00079,2,12,3,1,0,0,1
T-000449,E00079,2,2,3,1,1,1,1
T-000450,E00080,2,21,3,1,1,NA,1
T-000451,E00080,2,9,3,1,1,1,1
T-000452,E00080,2,13,3,1,1,1,0
T-000454,E00080,2,15,3,1,1,1,1
T-000455,E00080,2,11,3,1,1,1,1
T-000456,E00080,2,6,3,1,1,1,1
T-000457,E00081,2,14,3,1,1,0,1
T-000458,E00081,1,7,3,1,1,0,1
T-000459,E00081,2,4,3,1,1,1,1
T-000460,E00081,1,6,3,1,1,NA,1
T-000461,E00081,1,13,3,NA,1,1,1
T-000462,E00081,1,8,3,1,0,1,1
T-000464,E00082,2,16,3,0,1,1,0
T-000465,E00082,2,5,3,0,1,1,1
T-000466,E00083,2,11,3,1,1,1,1
T-000467,E00083,2,6,3,0,1,1,1
T-000468,E00083,1,15,3,1,1,1,1
9-000469,E00083,2,1,3,1,1,1,1
T-000470,E00084,1,0,3,1,1,0,0
T-000471,E00084,1,24,3,0,1,1,1
T-000472,E00084,2,4,3,1,1,1,1
T-000473,E00084,2,5,3,1,1,1,1
T-000474,E00084,1,15,3,1,1,1,1
T-000475,E00084,2,7,3,1,1,1,1
T-000476,E00084,2,0,3,0,1,1,1
T-000477,E00084,2,9,3,1,1,1,1
T-000479,E00084,2,9,3,1,1,1,1
T-000480,E00085,2,24,3,0,1,0,1
T-000481,E00085,2,18,3,1,1,1,0
T-000482,E00086,2,16,3,1,1,1,1
T-000483,E00086,1,0,3,1,1,1,1
T-000484,E00086,2,7,3,1,1,1,1
T-000485,E00086,2,9,3,0,1,1,1
T-000486,E00086,1,13,3,1,1,1,1
T-000487,E00086,2,0,3,1,1,1,1
T-000488,E00087,1,7,3,1,1,1,NA
T-000490,E00087,1,0,3,1,1,0,1
T-000491,E00087,1,16,3,1,1,1,1
T-000492,E00087,1,5,3,0,1,0,0
T-600493,E00087,1,4,3,1,1,1,1
T-000455,E00088,1,0,3,0,1,0,1
T-100499,E00089,2,9,3,1,0,1,1
T-000500,E00089,1,11,3,1,1,1,1
T-000501,E00089,1,5,3,1,1,1,1
T-000502,E00090,1,7,3,0,0,1,0
T-000504,E00090,1,0,3,1,NA,0,1
T-000505,E00091,2,4,3,1,1,1,1
T-000506,E00091,1,4,3,1,1,1,1
T-000507,E00092,2,3,3,1,1,1,1
T-000508,E00092,2,12,3,1,1,NA,0
3-000509,E00092,1,1,3,1,1,1,1
T-000511,E00092,2,16,3,1,1,1,1
T-000512,E00092,2,5,3,1,1,1,1
T-000513,E00092,2,0,3,1,0,1,1
T-000515,E00092,1,11,3,1,1,1,1
T-000516,E00093,2,8,3,0,1,0,1
T-000517,E00093,1,4,3,1,1,1,0
4-000518,E00093,2,24,3,1,1,1,1
T-000519,E00093,1,11,3,0,0,1,1
T-000520,E00094,1,19,3,1,0,0,0
T-000521,E00094,2,7,3,1,1,0,0
T-000523,E00094,1,19,3,1,1,1,1
T-000524,E00095,2,0,3,1,1,1,1
T-000525,E00095,1,6,3,0,1,1,0
T-000527,E00095,2,8,3,0,1,1,1
T-000528,E00095,2,5,3,0,1,0,0
T-000530,E00096,2,4,3,NA,0,1,1
T-000531,E00096,2,0,3,1,1,1,1
T-000533,E00096,1,16,3,1,1,1,NA
T-000534,E00096,1,5,3,0,1,1,1
T-000535,E00096,1,15,3,1,1,1,1
T-000536,E00096,1,21,3,1,1,1,1
T-000537,E00096,2,3,3,1,1,1,1
T-000538,E00096,2,10,3,1,1,1,1
T-000540,E00096,1,10,3,1,1,1,1
T-000541,E00097,2,4,3,1,1,1,1
T-000542,E00097,2,7,3,1,1,1,1
T-000543,E00097,2,6,3,1,0,1,1
T-000544,E00097,2,14,3,1,1,1,1
T-000545,E00097,1,8,3,0,1,1,1
T-000546,E00097,2,8,3,1,1,1,0
T-000547,E00097,2,4,3,1,1,1,1
T-000548,E00097,2,10,3,1,1,1,0
T-000550,E00097,2,0,3,1,1,1,0
T-000551,E00097,2,5,3,1,1,0,1
T-000552,E00098,2,10,3,0,1,1,1
T-000553,E00098,1,5,3,1,1,1,1
T-000554,E00098,1,8,3,1,1,1,1
T-000555,E00098,2,11,3,1,1,1,1
T-000556,E00098,2,1,3,1,1,1,1
T-000557,E00098,2,2,3,1,1,1,1
T-000559,E00099,2,4,3,0,0,1,1
T-000560,E00099,2,4,3,0,0,1,0
T-000563,E00100,2,9,3,1,1,1,1
T-000564,E00100,2,11,3,1,1,1,1
T-000565,E00101,2,15,3,1,1,0,1
T-000566,E00101,2,20,3,1,1,1,NA
T-000568,E00101,2,8,3,1,1,1,1
T-000569,E00101,2,12,3,1,1,1,0
T-000570,E00101,1,10,3,1,1,1,1
T-000571,E00102,2,12,3,1,1,1,1
T-000572,E00102,1,10,3,1,1,0,1
T-000573,E00102,2,5,3,1,1,1,1
T-000574,E00102,2,7,3,1,0,1,1
T-000575,E00102,1,12,3,1,1,1,1
T-000576,E00102,1,14,3,1,1,1,1
T-000578,E00103,2,23,3,1,0,1,1
T-000579,E00103,2,9,3,1,1,1,NA
T-000580,E00103,2,3,3,1,1,1,0
T-000581,E00103,1,14,3,1,1,1,1
T-000582,E00103,2,1,3,1,1,1,1
T-000383,E00103,1,13,3,0,0,0,0
T-000584,E00103,1,13,3,1,1,NA,1
T-000585,E00103,2,12,3,1,1,1,1
T-000586,E00104,2,2,3,1,1,1,0
T-000587,E00104,1,2,3,1,1,NA,1
T-000589,E00104,2,1,3,1,0,1,0
T-000590,E00104,2,22,3,0,1,1,1
T-000591,E00104,2,0,3,1,0,1,1
T-004592,E00104,2,0,3,1,1,1,1
T-000593,E00105,1,13,3,0,0,NA,0
T-000594,E00105,2,8,3,0,0,1,0
T-000595,E00105,1,11,3,1,0,1,1
T-000596,E00106,2,13,3,0,0,1,0
T-000597,E00106,1,12,3,1,0,NA,1
T-000600,E00106,1,13,3,1,1,0,1
1-000602,E00107,2,15,3,1,1,0,0
T-000603,E00107,2,10,3,0,1,1,1
T-000605,E00108,1,9,3,1,1,1,1
T-000607,E00108,2,12,3,1,1,1,1
T-000608,E00108,2,2,3,1,1,1,1
T-000609,E00108,1,13,3,0,1,1,1
T-000610,E00109,2,0,3,1,1,1,1
T-000611,E00109,2,1,3,1,1,1,1
T-000612,E00109,1,14,3,1,1,1,1
T-000613,E00109,1,0,3,1,1,1,1
T-000614,E00109,2,0,3,1,1,1,1
T-000615,E00109,1,2,3,1,1,NA,1
T-000616,E00109,1,0,3,1,1,1,1
T-000617,E00109,2,18,3,1,1,1,1
7-000618,E00109,1,18,3,1,1,1,1
T-000620,E00109,2,24,3,1,1,1,NA
T-000621,E00109,2,10,3,1,1,1,0
T-000622,E00109,1,17,3,1,1,1,1
T-000623,E00109,2,1,3,1,1,1,0
T-000624,E00110,2,5,3,0,1,1,0
T-000625,E00110,2,1,3,1,1,0,1
T-000626,E00110,2,10,3,1,1,1,1
T-000627,E00111,2,0,3,1,1,1,1
T-000628,E00111,2,9,3,1,1,1,1
T-005629,E00111,2,13,3,1,1,1,1
T-000630,E00111,2,7,3,1,1,1,1
T-000631,E00111,2,8,3,1,1,1,1
T-000632,E00111,1,7,3,1,0,0,1
T-000633,E00111,1,23,3,1,1,1,1
T-000634,E00111,1,1,3,0,1,0,0
T-000636,E00111,1,20,3,1,1,1,1
T-000637,E00111,1,2,3,1,1,1,1
T-000638,E00111,2,16,3,1,1,1,1
T-000639,E00111,1,8,3,1,1,1,1
T-000640,E00112,1,6,3,1,1,1,1
T-007641,E00112,2,9,3,1,1,1,1
T-000642,E00112,2,10,3,1,1,1,0
T-000643,E00112,2,19,3,0,1,1,1
T-000644,E00112,2,11,3,1,1,0,1
T-000645,E00112,1,11,3,1,1,1,1
T-000647,E00112,1,2,3,1,1,1,1
T-000649,E00113,1,18,3,1,1,1,1
T-000650,E00113,1,16,3,1,0,0,1
T-000651,E00113,1,0,3,1,1,1,0
T-000652,E00113,2,4,3,1,1,1,0
T-000653,E00113,1,6,3,1,0,0,0
T-000654,E00113,2,13,3,1,1,1,1
T-000655,E00113,2,13,3,0,1,NA,1
T-000658,E00114,1,23,3,1,0,1,1
T-000662,E00114,2,0,3,1,1,1,1
T-000663,E00114,2,7,3,1,1,0,0
T-000664,E00115,2,16,3,1,1,1,1
T-000665,E00115,2,8,3,0,1,1,1
T-000666,E00115,2,10,3,1,1,1,1
T5000667,E00115,2,4,3,0,1,1,1
T-000668,E00115,2,3,3,1,1,0,1
T-000669,E00115,1,2,3,1,1,1,1
T-000672,E00116,2,3,3,1,1,NA,0
T-000673,E00116,2,14,3,0,1,0,1
T-000675,E00116,1,10,3,1,1,1,1
T-500677,E00118,2,22,3,1,1,1,1
T-000678,E00118,2,5,3,0,1,1,1
T-000679,E00118,2,15,3,1,1,1,0
T-000680,E00119,2,13,3,1,1,NA,1
T-000781,E00119,2,5,3,1,1,1,1
T-200682,E00119,2,14,3,1,1,1,1
T-000683,E00119,2,9,3,1,1,1,1
T-000684,E00120,2,5,3,1,1,1,1
T-002685,E00120,1,12,3,1,1,1,1
T-000686,E00120,2,0,3,1,0,1,1
T-000687,E00120,2,3,3,1,1,1,1
T-000688,E00120,2,7,3,1,1,1,1
T-000690,E00120,2,10,3,1,1,1,1
T-000693,E00121,1,15,3,1,1,1,1
T-000694,E00121,1,1,3,1,1,1,1
T-000695,E00121,2,5,3,1,1,1,1
T-000696,E00121,2,11,3,1,1,1,1
T6000697,E00121,2,10,3,1,1,1,1
T-000699,E00122,1,7,3,1,1,1,1
T-000700,E00122,2,24,3,1,1,1,1
T-000701,E00122,2,6,3,1,1,1,1
T-006702,E00122,2,9,3,1,0,1,1
T-000704,E00122,1,2,3,1,1,1,1
T-000706,E00123,2,10,3,0,0,1,1
T-000708,E00124,1,3,3,1,1,1,1
T-000709,E00124,2,21,3,1,1,1,1
T-000711,E00124,1,4,3,1,1,1,1
T-000712,E00124,1,15,3,1,1,1,1
T-000713,E00124,1,9,3,1,0,1,1
T-000714,E00124,1,16,3,1,1,1,1
T-000715,E00124,1,5,3,1,1,1,1
T-000916,E00124,1,0,3,0,1,1,1
T-000717,E00125,2,7,3,1,1,1,1
T-000718,E00125,2,4,3,1,1,1,1
T-000720,E00125,2,0,3,1,1,1,1
T-000721,E00125,2,1,3,1,0,1,1
T-000722,E00126,2,6,3,1,1,1,1
T-000723,E00126,2,28,3,0,1,1,1
T-000724,E00127,2,10,3,1,1,NA,1
T-000727,E00127,2,4,3,1,1,1,1
T-000728,E00127,2,18,3,1,1,1,1
T-000729,E00127,2,12,3,1,1,0,1
T-000730,E00127,2,7,3,1,1,1,1
T-000731,E00128,2,1,3,1,1,0,1
T-000732,E00128,2,1,3,1,1,0,1
T-000733,E00128,2,0,3,1,1,1,1
T-000734,E00129,2,0,3,1,NA,1,1
T-000736,E00129,1,6,3,0,0,1,1
T-000737,E00129,2,16,3,1,1,0,1
T-000738,E00129,1,24,3,1,1,1,1
T-000739,E00130,1,16,3,1,1,1,1
T-000740,E00130,2,26,3,1,1,1,1
T-000742,E00131,2,12,3,1,0,1,0
T-000743,E00131,1,21,3,1,1,1,1
T-000744,E00131,2,8,3,1,1,1,1
T-000746,E00131,2,17,3,1,1,1,1
T-000747,E00131,1,10,3,1,1,1,1
T-000748,E00131,2,15,3,1,1,1,1
T-000749,E00131,1,19,3,1,1,1,1
T-000750,E00131,2,9,3,1,1,1,1
5-000751,E00131,1,15,3,1,1,1,1
T-000752,E00132,1,8,3,1,1,1,1
T-000753,E00132,1,14,3,1,1,1,1
T-000754,E00132,1,14,3,1,1,NA,1
T-000755,E00132,2,14,3,1,1,NA,1
T-000756,E00132,1,8,3,1,1,1,1
T-000757,E00132,1,3,3,1,1,0,1
T-000758,E00132,1,5,3,1,1,1,1
T-000759,E00132,2,7,3,1,1,1,1
T-000760,E00132,1,7,3,1,1,0,1
T-000761,E00132,2,5,3,1,1,1,1
T-000762,E00132,1,22,3,1,1,1,NA
T-000763,E00133,2,10,3,0,0,1,1
T-000764,E00133,2,16,3,1,1,1,0
T-000763,E00133,2,18,3,1,1,1,1
T-000767,E00134,2,6,3,1,1,1,1
T-000768,E00134,2,17,3,1,1,1,1
T-000769,E00135,1,0,3,1,1,NA,0
T-700770,E00135,2,13,3,0,1,1,NA
T-000771,E00135,2,0,3,1,1,1,0
T-000772,E00135,2,10,3,1,1,0,1
T-000773,E00135,1,9,3,1,1,1,1
T-000775,E00135,1,4,3,0,1,1,1
T-000776,E00135,2,6,3,1,1,1,1
T-000778,E00135,2,12,3,1,1,1,0
T-000779,E00135,2,13,3,1,1,1,1
T-000780,E00136,1,6,3,1,1,1,1
T-000781,E00136,2,18,3,1,1,NA,1
T-000782,E00136,1,15,3,1,1,1,1
T-000783,E00136,2,17,3,1,1,1,1
T-000784,E00136,2,14,3,NA,1,0,0
T-000785,E00136,2,13,3,1,1,1,1
T-000786,E00136,2,10,3,1,0,1,1
T-200788,E00136,1,13,3,1,1,1,1
T-000789,E00136,2,6,3,1,1,1,1
T-000790,E00137,1,19,3,1,1,1,NA
T-000792,E00138,1,4,3,NA,1,1,1
T-000796,E00139,2,5,3,1,1,0,1
T-000798,E00139,2,8,3,1,1,1,1
T-000799,E00140,1,9,3,1,1,1,1
T-000800,E00140,2,17,3,1,NA,1,1
T-000801,E00140,1,11,3,1,0,1,1
T-000802,E00140,1,18,3,1,1,0,1
T-000803,E00140,1,17,3,0,1,1,1
T-000804,E00140,2,26,3,1,1,NA,NA
T-000806,E00141,2,2,3,1,1,1,1
T-000809,E00141,2,8,3,1,0,0,0
T-000810,E00141,2,10,3,NA,1,1,1
T-000833,E00141,1,0,3,1,0,0,0
T-000814,E00141,2,4,3,1,0,1,1
T-000815,E00141,1,6,3,0,0,1,1
T-000816,E00141,2,6,3,1,NA,1,1
T-000817,E00141,1,2,3,1,1,NA,NA
T-000818,E00141,2,12,3,1,1,1,1
T-000819,E00142,1,18,3,1,1,1,1
T-000820,E00142,1,23,3,1,1,1,1
T-000821,E00142,2,17,3,1,1,1,NA
T-000822,E00142,2,2,3,0,0,1,1
T-030823,E00143,1,12,3,1,1,1,1
T-000824,E00143,1,13,3,1,1,1,1
T-000825,E00143,1,0,3,1,1,1,1
T-000806,E00143,2,5,3,0,1,0,0
T-000827,E00144,2,5,3,1,NA,1,1
T-000828,E00144,2,8,3,1,1,1,1
T-000829,E00144,1,10,3,1,1,1,1
T-000830,E00144,2,0,3,1,1,1,NA
T-000831,E00144,2,9,3,1,1,1,1
T-000832,E00144,2,7,3,1,1,0,1
T-000833,E00144,2,14,3,0,0,1,1
T-000834,E00144,2,11,3,1,1,1,1
T-003835,E00144,2,2,3,0,1,1,1
T-000836,E00145,2,7,3,0,1,1,1
T-000837,E00145,2,17,3,1,1,NA,1
T-000838,E00145,2,10,3,1,1,0,1
T-000839,E00145,2,15,3,1,1,1,1
T-000840,E00145,2,0,3,0,1,1,1
T-000841,E00146,2,4,3,1,1,1,1
T-000842,E00146,2,11,3,1,NA,1,1
T-000843,E00146,1,0,3,1,1,1,1
T-000844,E00146,2,8,3,1,1,1,1
T-000845,E00146,2,0,3,1,1,1,1
T-000846,E00146,1,9,3,1,1,1,0
T-000847,E00146,2,12,3,1,1,1,1
T-000848,E00147,1,12,3,1,0,0,1
T-000849,E00147,1,8,3,1,1,1,1
T-000850,E00147,1,11,3,1,1,1,1
T-000851,E00147,1,9,3,1,0,1,1
T-000852,E00147,2,9,3,1,1,1,1
T-000853,E00148,1,2,3,0,1,1,1
T-000857,E00148,2,0,3,1,1,1,1
T-000858,E00148,2,9,3,1,1,1,1
T-000860,E00148,1,13,3,1,1,0,1
T-000861,E00148,2,13,3,1,1,1,1
T-000863,E00149,1,17,3,1,1,1,0
T-000864,E00150,1,9,3,1,1,1,1
T-000865,E00150,2,16,3,1,1,1,1
T-000866,E00150,2,6,3,1,1,1,1
T-000867,E00150,1,1,3,1,1,1,1
T-000868,E00150,2,11,3,1,1,1,1
T-000872,E00151,2,9,3,0,1,1,1
T-000873,E00151,2,12,3,1,0,0,0
T-000874,E00151,2,0,3,1,1,1,1
T-000875,E00151,2,0,3,1,0,1,1
T-000876,E00151,2,14,3,0,1,1,1
T-000877,E00152,2,9,3,1,1,1,1
T-000878,E00152,2,16,3,1,1,1,1
T-000879,E00152,1,11,3,1,1,1,1
T-000880,E00152,1,24,3,1,1,0,1
T-000881,E00152,2,17,3,1,0,1,1
T-000882,E00152,2,11,3,1,0,1,1
T-000883,E00152,2,1,3,1,1,1,1
T-000884,E00152,2,14,3,1,1,1,1
4-000886,E00152,2,7,3,1,0,1,1
T-000887,E00152,1,2,3,1,1,1,1
T-000888,E00152,2,0,3,1,1,1,1
T-000889,E00152,1,12,3,1,1,1,1
T-000891,E00153,2,8,3,1,0,1,0
T-000892,E00153,2,5,3,1,1,1,0
T-000893,E00153,1,5,3,1,1,1,1
T-008894,E00154,2,0,3,1,1,1,1
T-000895,E00154,2,14,3,1,1,1,NA
T-000896,E00154,1,13,3,0,1,1,1
T-000897,E00155,1,17,3,1,1,1,1
T-000898,E00155,2,9,3,1,0,1,1
T-000899,E00155,1,7,3,1,1,1,1
T-000900,E00155,1,17,3,1,1,1,1
T-000901,E00155,2,13,3,0,1,1,1
T-000902,E00155,2,21,3,NA,1,0,1
T-000903,E00155,2,15,3,1,1,1,0
T-000904,E00155,2,14,3,1,1,1,1
T-000905,E00156,2,16,3,1,NA,1,1
T-000906,E00156,2,11,3,1,1,1,0
T-000908,E00156,2,9,3,1,1,1,1
T-000909,E00156,2,17,3,1,1,1,1
T-000911,E00157,2,10,3,1,1,1,1
T-000912,E00157,2,9,3,1,1,1,1
T-000913,E00157,2,3,3,1,0,1,1
T-000915,E00158,2,17,3,1,1,1,1
T-000916,E00158,1,23,3,1,1,1,1
T-000917,E00158,1,6,3,1,1,0,0
T-000918,E00158,2,4,3,1,0,1,1
T-000919,E00159,2,14,3,1,1,0,1
T-000920,E00159,1,28,3,1,1,1,1
T-000921,E00159,1,10,3,1,1,1,1
T-000922,E00159,2,13,3,1,1,1,1
T-000925,E00159,1,6,3,NA,1,1,1
T-000924,E00159,2,9,3,1,1,1,1
T-000925,E00160,2,4,3,1,1,1,1
T-000926,E00160,2,22,3,1,1,0,1
T-000928,E00161,2,9,3,1,1,1,NA
T-000929,E00161,2,15,3,NA,1,1,1
T-000930,E00161,1,5,3,NA,1,1,1
T-000931,E00161,2,7,3,1,1,1,1
T-000933,E00162,2,8,3,1,1,1,1
T-000934,E00162,2,13,3,1,1,1,1
T-000935,E00162,1,22,3,1,1,1,1
T-900939,E00162,2,2,3,1,1,1,1
T-000940,E00162,1,30,3,1,1,1,1
T-000941,E00163,2,6,3,1,1,1,1
T-000942,E00163,2,8,3,1,1,1,0
T-000943,E00163,2,2,3,1,1,1,0
T-000945,E00164,2,12,3,1,1,1,1
T-000946,E00164,1,2,3,1,1,1,1
T-000949,E00164,2,13,3,1,1,1,1
T-000949,E00164,1,8,3,1,1,0,1
T-000950,E00164,2,11,3,1,1,1,0
T-000951,E00164,1,5,3,1,1,1,1
T-000952,E00164,1,11,3,1,1,1,0
T-000953,E00164,1,3,3,1,1,1,1
T-000954,E00164,2,4,3,1,1,1,1
T-000956,E00164,1,9,3,1,1,1,1
T-000957,E00165,2,4,3,1,1,1,0
T-000958,E00165,1,22,3,1,0,1,0
T-000959,E00165,2,12,3,1,1,1,1
T-000960,E00166,1,10,3,1,1,1,1
T-000961,E00166,1,14,3,1,1,1,1
T-000962,E00166,2,14,3,1,1,0,1
T-000963,E00166,1,20,3,1,1,1,1
T-000965,E00166,2,0,3,1,1,1,1
T-000966,E00166,1,12,3,NA,1,0,1
T-000967,E00166,2,7,3,1,0,1,1
T-000968,E00166,1,21,3,1,NA,1,1
T-000969,E00166,1,16,3,1,1,1,1
T-000970,E00166,2,12,3,0,1,1,1
T-000971,E00167,2,6,3,1,1,1,1
T-000972,E00167,2,2,3,1,1,0,NA
T-000973,E00167,1,14,3,1,1,1,1
T-000974,E00168,2,0,3,1,1,1,1
T-000975,E00168,2,11,3,0,1,1,1
T-000976,E00168,1,15,3,1,1,1,1
T-000979,E00169,2,8,3,1,0,1,1
T-000981,E00169,2,14,3,1,1,1,1
T-000983,E00169,2,0,3,1,1,1,1
T-000985,E00169,2,15,3,1,1,1,1
T-000986,E00169,2,7,3,1,1,1,1
T-000987,E00169,1,16,3,1,1,1,1
T-000988,E00170,2,0,3,1,1,1,0
T-000990,E00170,1,7,3,1,1,1,1
T-000993,E00170,2,22,3,1,1,1,1
T-000992,E00170,2,18,3,1,1,1,1
T-000993,E00170,1,9,3,1,1,1,1
T-000994,E00170,2,0,3,1,1,1,1
T-000995,E00170,2,7,3,1,0,1,1
T-000996,E00170,1,11,3,1,1,1,1
T-000997,E00170,2,9,3,NA,1,0,0
T-000998,E00170,2,3,3,1,1,1,1
T-001000,E00171,1,7,3,1,1,1,0
T-001002,E00171,2,0,3,1,0,1,1
T-001013,E00171,1,13,3,1,1,1,1
T-001004,E00172,2,0,3,0,1,1,1
T-001005,E00172,2,16,3,1,1,1,1
T-061006,E00172,1,10,3,1,0,1,NA
T-001007,E00172,2,9,3,1,1,0,1
T-001008,E00172,2,9,3,1,1,1,1
T-001009,E00172,1,8,3,0,0,1,0
T-001010,E00172,1,13,3,1,1,0,1
T-001011,E00172,2,9,3,1,1,1,1
T-001012,E00172,2,3,3,1,0,NA,1
T-001013,E00172,2,16,3,1,1,1,1
T-001014,E00173,2,17,3,1,1,1,1
T-001015,E00173,2,16,3,0,0,0,1
T-001016,E00173,2,16,3,1,1,1,1
T-001017,E00173,1,3,3,1,1,0,0
T-001018,E00174,1,0,3,1,1,0,1
T-001019,E00174,1,5,3,1,1,1,0
T-001020,E00174,2,17,3,1,1,1,1
T-001021,E00174,2,8,3,0,1,0,1
T-001022,E00175,2,9,3,1,1,1,1
T-001023,E00175,2,1,3,1,0,0,1
T-001024,E00175,2,13,3,1,1,1,1
T-001025,E00175,2,8,3,1,1,0,1
T-001026,E00175,2,3,3,0,0,0,0
T-001027,E00176,2,0,3,1,1,1,1
T-001028,E00176,1,4,3,1,1,0,1
T-002029,E00176,2,15,3,1,1,0,1
T-001030,E00176,2,4,3,0,1,1,1
T-001031,E00177,2,15,3,1,1,1,1
T-001032,E00177,2,12,3,1,1,1,1
T-001033,E00177,2,12,3,1,1,0,1
T-001035,E00178,2,8,3,0,1,1,0
T-001037,E00179,2,5,3,NA,NA,0,1
T-001038,E00179,1,20,3,0,1,1,0
T-031039,E00179,2,15,3,1,1,1,0
T-001040,E00179,2,5,3,1,0,0,1
T-001041,E00179,2,20,3,1,0,1,0
T-001042,E00180,2,9,3,1,1,1,1
T-001043,E00180,2,9,3,1,0,0,0
T-001044,E00180,1,22,3,1,1,1,1
T-001045,E00180,1,0,3,1,1,1,1
T-001047,E00180,2,0,3,1,1,1,1
T-001049,E00180,2,8,3,1,1,1,1
T-001050,E00180,1,9,3,1,1,1,1
T-001051,E00180,2,23,3,1,1,1,1
T-001052,E00180,2,16,3,0,0,1,1
T-001053,E00180,2,5,3,1,1,1,1
T-001054,E00180,2,5,3,1,1,1,NA
T-001056,E00180,2,11,3,1,1,1,1
T-001057,E00181,1,10,3,1,1,1,1
T-001059,E00182,1,10,3,1,1,NA,1
T-001062,E00182,2,4,3,1,1,1,1
T-001063,E00183,1,0,3,1,1,0,1
T-001066,E00184,2,16,3,NA,NA,1,1
T-001067,E00184,1,9,3,1,1,1,1
T-001068,E00184,2,11,3,1,1,1,1
T-001070,E00185,2,0,3,1,1,1,1
T-001073,E00185,1,17,3,1,1,1,1
T-001074,E00185,2,2,3,1,0,1,1
T-001075,E00185,2,11,3,0,1,1,1
T-001076,E00186,2,18,3,1,1,1,0
T-001077,E00186,2,5,3,1,1,1,NA
T-001078,E00186,2,14,3,1,1,1,1
T-001079,E00186,1,5,3,0,1,1,1
T-001080,E00186,1,18,3,1,0,0,1
T-001081,E00186,1,4,3,1,1,0,1
T-001083,E00186,1,11,3,1,1,1,1
T-001084,E00186,1,6,3,1,1,1,1
T-001086,E00187,2,6,3,1,1,1,1
T-001087,E00187,2,19,3,1,NA,0,1
T-001088,E00187,1,13,3,1,1,1,1
T-001089,E00187,1,8,3,0,0,1,1
T-001090,E00187,1,10,3,1,1,1,1
T-001091,E00187,1,5,3,1,1,0,1
T-001092,E00188,2,15,3,1,1,1,1
T-001093,E00188,2,15,3,1,1,1,1
T-001094,E00188,1,8,3,1,1,1,1
T-001095,E00188,2,3,3,1,1,NA,1
T-001096,E00188,2,8,3,1,1,1,1
T-001797,E00188,1,10,3,1,1,0,1
T-001098,E00188,1,15,3,1,1,1,1
T-007099,E00188,1,19,3,1,1,1,1
T-001100,E00188,2,12,3,1,1,1,1
T-001101,E00188,2,18,3,1,1,1,1
T-001102,E00188,1,19,3,1,1,1,1
T-001103,E00189,2,4,3,1,1,1,1
T-001104,E00189,1,6,3,0,0,1,0
T7001105,E00189,2,1,3,1,0,1,1
T-001106,E00189,1,13,3,1,1,1,1
T-001107,E00189,2,3,3,1,1,1,1
T-001109,E00189,2,18,3,0,1,1,1
T-001110,E00189,1,4,3,0,1,0,1
T-001111,E00189,2,13,3,1,1,1,1
T-001113,E00189,2,6,3,1,1,1,1
T-001114,E00189,1,10,3,1,1,1,1
T-001115,E00190,2,8,3,1,1,0,1
T-001116,E00190,1,12,3,1,1,1,1
T-001117,E00190,2,19,3,1,0,1,1
T-001118,E00191,1,16,3,1,1,1,1
T-001119,E00191,1,17,3,NA,1,1,1
T-001120,E00191,2,1,3,1,1,NA,0
T-001121,E00191,1,22,3,1,1,1,1
T-001122,E00191,2,9,3,1,1,1,0
T-001123,E00191,1,6,3,1,NA,1,1
T-001125,E00191,1,5,3,1,1,1,1
T-001126,E00191,1,14,3,1,1,1,1
T-001128,E00191,1,4,3,1,NA,1,1
T-001529,E00192,2,7,3,0,1,1,0
T1001130,E00192,1,0,3,1,1,1,0
T-001131,E00193,2,7,3,1,0,1,1
T-001132,E00193,1,15,3,1,0,1,1
T-001133,E00193,2,0,3,1,1,0,1
T-001134,E00193,2,0,3,1,1,1,1
T-001135,E00193,1,11,3,1,0,1,1
T-001136,E00194,1,11,3,0,1,0,0
T-001137,E00194,1,13,3,0,1,1,1
T-001140,E00194,2,15,3,1,1,1,1
T-001141,E00194,2,15,3,1,1,1,1
T-001142,E00194,1,4,3,1,0,0,1
T-001143,E00195,1,6,3,1,1,1,1
T-001144,E00195,1,11,3,1,1,1,1
T-001145,E00195,1,14,3,1,1,1,1
T-001146,E00195,2,0,3,1,1,1,1
T-901147,E00195,1,0,3,1,1,1,1
T-001148,E00196,1,0,3,1,1,1,0
T-001149,E00196,1,9,3,1,1,1,1
T-001151,E00196,2,2,3,1,1,1,1
T-001152,E00196,2,15,3,1,1,1,1
T-001153,E00197,2,14,3,1,1,1,1
T-001154,E00197,2,7,3,0,1,1,1
T-001155,E00197,1,19,3,1,1,1,1
T-001156,E00197,2,8,3,1,1,1,NA
T-001157,E00197,1,15,3,1,1,1,1
T-001159,E00198,1,8,3,1,1,0,0
T-001161,E00198,1,7,3,1,1,1,1
T-001162,E00198,2,21,3,1,1,0,1
T-001163,E00198,1,5,3,1,1,1,1
T-001165,E00198,2,10,3,1,NA,1,1
T-001166,E00198,2,7,3,0,1,1,1
T-001167,E00198,2,7,3,1,1,1,1
T-001168,E00199,2,0,3,1,1,1,1
T-001169,E00199,1,3,3,1,1,1,0
T-001170,E00199,1,9,3,1,1,1,1
T-001111,E00199,2,14,3,0,1,1,1
T-001172,E00199,2,2,3,0,1,0,1
T-001173,E00199,1,3,3,1,1,1,1
T-001174,E00199,2,8,3,1,1,1,1
T-001176,E00200,2,9,3,1,1,1,1
T-001177,E00200,2,15,3,1,1,1,1
T-001178,E00200,2,8,3,0,1,1,1
T-001179,E00200,1,5,3,1,1,1,1
T-001180,E00200,2,14,3,1,1,1,NA
T-001181,E00200,2,12,3,0,1,1,NA
T-001182,E00200,2,1,3,1,1,1,1
T-001183,E00200,1,9,3,1,1,1,1
T-001184,E00200,2,1,3,1,1,1,0
T-001186,E00200,2,1,3,1,1,1,1
T-001186,E00200,2,9,3,1,1,1,1
T-001187,E00200,1,7,3,1,NA,1,1
T-001188,E00200,1,6,3,1,1,1,1
T-001189,E00200,2,13,3,1,1,NA,1
T-001190,E00200,1,8,3,0,1,1,NA
T-001191,E00200,2,11,3,1,1,1,1
T-001192,E00200,1,6,3,1,1,1,1
T-001193,E00200,2,21,3,1,1,1,1
T-001194,E00201,1,9,3,1,1,1,1
T-001195,E00201,2,4,3,1,NA,1,1
T-001196,E00201,1,13,3,1,1,0,1
T-001197,E00201,2,7,3,1,1,1,1
T-001198,E00201,2,16,3,1,0,1,NA
T-051199,E00201,2,0,3,1,1,1,1
T-001201,E00201,1,0,3,1,1,1,1
T-001202,E00202,2,0,3,1,1,1,1
T-001203,E00202,2,0,3,1,1,0,1
T-001204,E00202,2,1,3,1,1,1,0
T8001205,E00202,2,7,3,1,1,1,1
T-001206,E00202,1,19,3,1,0,1,1
T-001207,E00203,2,9,3,1,1,1,1
1-001208,E00203,1,14,3,1,1,1,1
T-001209,E00203,2,12,3,0,1,1,0
T-001211,E00203,2,0,3,1,1,1,1
T-001212,E00203,2,12,3,1,1,1,1
T-001213,E00204,2,13,3,1,1,1,0
T-001214,E00204,1,0,3,1,1,1,1
T-001216,E00204,2,5,3,1,1,1,0
T-001217,E00204,1,2,3,1,1,1,1
T-001218,E00205,1,0,3,1,1,1,1
T-001219,E00205,2,13,3,1,NA,1,0
T-001220,E00205,2,11,3,0,0,1,0
T-001221,E00205,1,18,3,1,1,1,0
T-001222,E00205,1,11,3,NA,1,1,1
T-001224,E00205,1,20,3,1,1,1,1
T-001226,E00206,2,16,3,1,1,1,1
T-001227,E00206,1,10,3,1,1,0,0
T-001229,E00206,1,15,3,1,1,1,1
T-001230,E00206,2,13,3,1,1,1,1
T-001232,E00207,2,18,3,0,1,1,1
T-001233,E00207,2,14,3,1,1,0,1
T-001234,E00207,2,1,3,1,1,1,1
T-001235,E00207,1,0,3,1,1,1,1
T-001236,E00208,2,0,3,1,1,1,1
T-001237,E00208,1,14,3,1,1,1,1
T-001238,E00208,1,7,3,0,1,1,1
T-001239,E00208,1,10,3,1,1,1,0
T-001240,E00208,2,2,3,1,1,1,1
T-001441,E00208,2,4,3,0,1,1,1
T-001243,E00208,1,15,3,1,1,1,NA
T-001244,E00208,1,2,3,1,1,1,1
T-001245,E00208,2,9,3,0,1,1,1
T-008246,E00209,2,1,3,1,0,0,NA
T-001247,E00209,2,17,3,1,1,1,1
T-001242,E00209,1,8,3,1,1,1,1
T-001249,E00209,2,15,3,1,1,1,1
T-001250,E00209,2,0,3,1,1,1,1
T-001251,E00209,2,10,3,1,1,1,1
T-001252,E00209,1,17,3,1,1,1,1
T-001253,E00209,1,12,3,1,1,1,0
T-001254,E00209,1,11,3,1,1,1,1
T-004256,E00210,1,8,3,NA,1,1,1
T-001257,E00211,2,9,3,0,0,0,1
T-001259,E00212,2,0,3,1,0,1,1
T8001260,E00212,2,18,3,1,1,1,1
T-001262,E00213,2,1,3,1,1,1,1
T-001263,E00213,2,9,3,1,1,1,1
T-001264,E00213,1,0,3,1,1,1,1
T-001265,E00213,1,15,3,1,1,1,1
T-001266,E00213,2,5,3,1,1,0,1
1-001267,E00214,1,22,3,NA,1,1,1
T-001268,E00214,1,17,3,1,1,1,1
T-001269,E00214,2,16,3,1,1,1,1
T-001270,E00214,2,10,3,1,1,1,1
T-001271,E00214,2,3,3,1,1,1,1
T-001272,E00215,2,0,3,1,0,1,1
T-001274,E00215,1,15,3,1,1,1,1
T-001276,E00216,1,0,3,0,1,1,1
T-001277,E00216,1,15,3,0,1,1,1
T-001278,E00216,1,9,3,1,1,0,1
T-001279,E00216,2,11,3,0,1,1,1
T-001280,E00216,1,12,3,1,1,1,0
T-001282,E00216,2,4,3,0,1,1,0
T-006283,E00217,2,26,3,1,1,1,1
T-001285,E00217,2,2,3,1,1,1,1
T-001286,E00217,1,0,3,1,1,0,1
T-001287,E00217,1,10,3,0,1,1,0
T-001288,E00217,1,2,3,1,1,1,1
T-001289,E00217,2,15,3,0,1,1,1
T-021290,E00217,2,7,3,1,1,1,1
T-001291,E00217,2,10,3,1,NA,1,1
T-001292,E00218,2,11,3,NA,1,0,1
T-001293,E00218,2,5,3,1,1,1,1
T-001294,E00218,1,2,3,1,1,1,1
T-001295,E00218,2,11,3,1,1,1,1
T-001296,E00218,1,12,3,1,1,1,1
T-001297,E00218,1,0,3,1,NA,1,1
T-001298,E00218,2,12,3,1,1,1,1
T-003299,E00218,2,8,3,1,1,1,1
T-001300,E00218,1,14,3,1,1,1,1
T-001302,E00219,1,0,3,1,1,1,1
T-001303,E00219,1,11,3,1,1,1,1
T-001304,E00219,1,0,3,NA,1,1,1
T-001305,E00219,1,6,3,1,1,1,1
T-001306,E00219,2,3,3,1,1,1,1
T-001307,E00219,1,0,3,1,1,1,1
T-001108,E00219,2,15,3,1,0,1,1
T-001309,E00219,2,5,3,1,1,1,1
T-001310,E00219,1,5,3,1,1,1,1
T-001311,E00219,1,10,3,0,1,1,0
T-081312,E00220,2,0,3,1,1,1,1
T-001313,E00220,2,13,3,0,1,0,1
T-001314,E00220,2,4,3,0,0,0,0
T-001316,E00220,1,10,3,NA,1,1,1
T-001317,E00220,2,8,3,1,1,0,1
T-001318,E00221,2,12,3,1,1,1,1
T-001319,E00221,2,7,3,1,1,1,1
T-001320,E00221,2,13,3,1,1,1,1
T-001321,E00221,1,11,3,1,1,1,1
T-001322,E00221,2,15,3,1,1,1,1
T-001323,E00221,2,1,3,1,0,1,1
T-001324,E00221,2,15,3,1,1,1,1
T-001325,E00221,1,2,3,1,1,1,1
T-001326,E00221,2,7,3,1,0,0,0
T-001327,E00221,2,23,3,1,1,0,1
T-001328,E00221,2,5,3,1,1,0,1
T-001329,E00222,1,13,3,0,1,NA,0
T-001330,E00222,2,8,3,1,1,1,1
T-001331,E00222,2,15,3,1,1,1,1
T-001332,E00223,1,0,3,1,0,1,1
T-001333,E00223,2,5,3,1,1,1,1
T-001334,E00223,2,16,3,1,1,1,1
3-001335,E00223,1,12,3,1,1,1,1
T-001337,E00223,2,13,3,1,1,0,1
T-001338,E00223,1,17,3,1,0,1,1
T-001339,E00223,1,6,3,1,1,1,1
T-001340,E00223,1,21,3,1,1,1,1
T-001341,E00224,1,12,3,1,1,1,1
T-001342,E00224,2,0,3,1,1,1,1
3-001343,E00224,2,10,3,1,1,1,1
T-001344,E00225,2,11,3,1,1,1,0
T-001345,E00225,2,8,3,1,1,1,1
T-001346,E00225,1,0,3,1,0,1,1
T-001347,E00225,2,20,3,1,1,1,1
T-001348,E00225,1,12,3,1,1,1,1
T-001349,E00225,1,13,3,1,1,1,1
T-001350,E00225,2,19,3,1,1,1,NA
T-001351,E00225,2,15,3,1,1,1,1
T-001352,E00225,2,11,3,1,1,1,0
T-001353,E00225,2,3,3,NA,0,1,1
T-001354,E00225,2,5,3,1,1,1,1
T-001355,E00225,1,1,3,1,1,1,1
T-001356,E00225,2,15,3,1,1,1,1
T-001357,E00225,1,13,3,1,1,1,1
T-001358,E00225,2,12,3,1,1,1,1
T-001359,E00226,1,8,3,0,0,1,1
T-001361,E00226,2,13,3,1,1,1,1
3-001362,E00226,2,15,3,0,1,1,1
T-001363,E00226,1,8,3,1,1,0,1
T-001364,E00226,1,12,3,1,0,1,1
T-001365,E00226,1,12,3,0,1,1,1
T-001366,E00226,2,21,3,0,1,0,1
T-001867,E00226,2,11,3,1,1,1,1
T-001368,E00226,1,10,3,1,1,1,1
T-001369,E00227,2,18,3,1,1,1,1
T-001370,E00227,2,10,3,1,1,1,0
T-001371,E00227,1,0,3,NA,1,1,1
T-001372,E00227,1,2,3,1,1,1,1
T-001373,E00227,1,1,3,1,1,1,1
T-001374,E00227,1,20,3,1,NA,1,1
T-001375,E00227,2,10,3,1,1,1,1
T-001376,E00228,1,12,3,1,1,1,1
T-001377,E00228,2,15,3,1,1,1,1
T-001378,E00228,1,21,3,1,1,1,1
T-001379,E00228,2,3,3,1,1,1,1
T-001380,E00228,2,5,3,1,1,1,1
T-001381,E00228,2,3,3,1,1,1,1
T-001382,E00228,2,16,3,1,1,1,1
T-001383,E00228,1,8,3,1,1,1,1
T-001384,E00228,2,5,3,1,1,1,1
T-001385,E00228,1,10,3,1,1,1,1
T-001386,E00228,1,8,3,1,1,1,1
T-001388,E00229,2,10,3,0,0,1,1
T-001390,E00229,1,10,3,1,0,0,1
T-001391,E00229,1,4,3,1,1,1,1
T-001393,E00229,2,13,3,1,1,1,1
T-801394,E00230,2,14,3,1,1,1,1
T-001395,E00230,1,6,3,NA,1,1,1
T-001396,E00230,2,9,3,1,1,1,NA
T-001397,E00230,2,1,3,1,1,1,1
T-001399,E00230,2,18,3,1,1,1,1
T-001400,E00230,1,16,3,1,1,1,1
T-001401,E00230,1,5,3,1,1,1,1
T-001402,E00230,1,1,3,1,1,NA,1
T-001403,E00230,1,8,3,1,1,1,1
T-001404,E00230,1,2,3,1,1,0,1
T-001405,E00231,2,10,3,1,1,1,1
T-001406,E00231,2,16,3,1,1,1,1
T-001407,E00231,2,4,3,1,1,1,1
T-001408,E00232,1,10,3,1,1,1,1
T-001411,E00232,1,1,3,0,1,1,0
T-001412,E00232,1,0,3,1,1,1,1
T-001414,E00233,2,15,3,1,0,1,1
T-001415,E00233,1,5,3,1,1,1,1
T-001416,E00233,2,14,3,1,1,1,1
T-001417,E00233,2,15,3,1,1,1,1
T-001418,E00233,2,0,3,1,1,1,1
T-001419,E00233,1,16,3,1,1,NA,1
T-001420,E00233,2,11,3,NA,1,1,1
T-001422,E00233,1,3,3,1,1,1,1
T-001423,E00233,1,2,3,1,1,1,1
T-001424,E00233,2,9,3,1,1,1,1
T-001425,E00233,2,7,3,1,1,1,NA
T-001426,E00233,1,5,3,1,1,1,1
T-001427,E00234,2,13,3,1,NA,1,1
T-001428,E00234,1,18,3,1,1,NA,1
T-001429,E00235,1,7,3,0,1,1,1
T-001430,E00235,1,13,3,1,1,1,1
T-001431,E00235,2,8,3,NA,1,1,1
T-001432,E00235,2,0,3,1,1,0,1
T-001433,E00235,2,4,3,0,1,1,1
T-001435,E00235,1,8,3,1,1,1,1
T-001436,E00235,2,1,3,1,1,1,0
T-001437,E00235,2,7,3,1,1,1,1
T-001439,E00236,2,10,3,1,1,0,1
T-001440,E00236,2,10,3,0,0,1,1
T-001441,E00237,1,10,3,1,1,1,1
T-001442,E00237,2,5,3,1,1,1,1
T-001443,E00237,2,19,3,1,1,1,1
T-001444,E00237,2,9,3,1,1,1,1
T-001445,E00237,1,0,3,1,1,1,1
T-001447,E00237,2,16,3,1,1,1,1
T-001448,E00237,1,9,3,1,1,1,1
T-001449,E00237,2,27,3,1,1,1,1
T-001450,E00238,2,5,3,1,1,1,1
T-001452,E00238,1,9,3,1,1,1,1
T-001453,E00238,2,14,3,1,1,1,1
T-001454,E00239,2,11,3,1,0,1,1
T-001456,E00239,2,8,3,0,1,1,1
T-001457,E00240,1,4,3,1,1,1,1
T-091458,E00240,2,0,3,0,0,1,NA
T2001459,E00240,2,11,3,1,1,1,1
T-001460,E00240,2,4,3,0,0,1,1
T-001461,E00240,2,8,3,1,1,1,1
T-001462,E00241,1,8,3,1,1,1,1
T-001463,E00241,1,11,3,1,1,1,1
T-501464,E00241,2,9,3,1,1,1,1
T-001465,E00241,1,10,3,1,1,1,1
T-001466,E00241,1,11,3,1,1,NA,1
T-001467,E00241,1,2,3,1,1,0,NA
T-001469,E00241,1,6,3,1,1,1,1
T-001471,E00241,2,12,3,1,1,1,1
T-001472,E00241,2,12,3,1,1,1,1
T-001473,E00241,1,13,3,1,1,1,1
T-001474,E00241,2,0,3,1,1,1,1
T-001475,E00241,1,16,3,1,1,1,1
T-001476,E00241,1,24,3,1,1,1,1
T-001477,E00241,1,8,3,1,1,1,1
T-001478,E00241,2,10,3,1,1,1,1
T-001479,E00241,1,17,3,1,1,1,1
T-001480,E00242,2,21,3,1,1,1,1
T-001481,E00242,1,1,3,1,1,1,1
T-001482,E00242,1,19,3,1,1,1,1
T-001483,E00242,1,8,3,1,1,1,0
T-001484,E00242,2,6,3,1,1,1,1
T-001486,E00242,2,4,3,1,1,1,1
T-001487,E00242,2,0,3,1,1,1,1
T-001488,E00242,1,2,3,1,1,1,1
T-001490,E00242,2,17,3,1,1,1,1
T-001492,E00243,2,5,3,1,1,1,1
T-001493,E00243,1,14,3,0,1,1,1
5-001494,E00243,1,3,3,1,NA,1,1
T-001476,E00243,1,4,3,NA,NA,1,0
T-001497,E00243,2,12,3,0,1,0,0
T-001498,E00244,2,9,3,1,1,0,1
T-001499,E00244,2,14,3,1,1,1,1
T-001500,E00244,1,1,3,1,NA,1,1
T-001501,E00244,2,1,3,1,1,1,1
T-001502,E00244,1,2,3,1,1,1,0
T-001503,E00244,2,7,3,1,0,1,1
T-001505,E00244,2,3,3,0,1,1,1
T-001507,E00245,1,10,3,1,1,1,1
T-001508,E00245,2,6,3,1,1,1,NA
T-001509,E00245,2,11,3,1,1,1,1
T-001510,E00245,1,18,3,0,1,1,1
T-001511,E00245,2,0,3,1,1,1,1
T-001512,E00245,1,10,3,1,0,1,0
T-001513,E00246,2,10,3,1,1,1,1
T-001514,E00246,2,20,3,1,1,1,1
T-001515,E00246,2,23,3,0,1,1,1
T-001516,E00246,2,12,3,1,1,1,1
T-001517,E00246,1,18,3,1,1,1,1
T-001518,E00246,1,4,3,1,1,1,1
T-001519,E00246,1,11,3,1,1,0,1
T-001520,E00246,2,14,3,1,1,1,1
T-001521,E00246,1,21,3,1,1,1,0
T-001522,E00246,2,0,3,1,0,1,1
T-001523,E00246,2,23,3,1,1,1,0
T-001524,E00246,1,15,3,1,1,1,1
T-001525,E00247,2,6,3,1,1,1,1
T-001527,E00247,2,4,3,1,1,1,1
T-001528,E00247,2,3,3,NA,1,1,1
T-001529,E00247,2,21,3,1,1,0,1
T-001531,E00248,2,16,3,1,1,1,0
T-001532,E00248,1,15,3,NA,1,1,1
T-001533,E00248,2,0,3,1,NA,1,1
T-001534,E00248,2,20,3,1,1,1,1
T-401535,E00248,2,1,3,1,1,1,1
T-001536,E00248,2,4,3,1,1,NA,1
6-001538,E00249,2,6,3,1,1,0,1
T-001539,E00249,2,3,3,1,1,1,1
T-001540,E00249,2,3,3,1,1,1,1
T-001541,E00249,1,9,3,1,1,1,1
T-001542,E00249,2,7,3,0,1,1,1
T-001543,E00250,2,5,3,1,1,0,1
T-001545,E00250,1,6,3,1,1,NA,1
T-001546,E00251,2,15,3,1,1,0,1
T-001548,E00251,2,0,3,1,1,0,0
T-001549,E00251,1,1,3,1,1,1,1
T-001550,E00251,2,11,3,0,1,1,1
T-001551,E00251,1,3,3,0,1,1,1
T-001552,E00252,2,2,3,1,1,1,1
T-001553,E00252,2,19,3,1,1,1,1
T-001554,E00252,1,16,3,1,1,1,1
T-001555,E00252,1,5,3,1,1,1,1
T-001556,E00252,1,17,3,1,NA,1,1
T-001557,E00252,1,2,3,1,1,0,1
T-001558,E00252,2,9,3,1,1,1,1
T-001559,E00252,2,19,3,1,1,1,NA
T-001560,E00253,2,7,3,1,1,1,0
T-001561,E00253,1,20,3,1,1,1,1
T-001562,E00253,2,17,3,1,1,1,1
T-001563,E00253,1,0,3,0,NA,1,0
T-001565,E00253,2,8,3,1,1,1,1
T-001566,E00253,1,7,3,1,1,1,1
T-001569,E00253,2,0,3,1,1,1,1
T-001571,E00253,1,16,3,1,1,1,1
T-001572,E00254,2,5,3,1,1,1,1
T-001573,E00254,2,13,3,1,1,1,1
T-001574,E00254,2,6,3,1,1,1,1
T-001575,E00254,2,5,3,1,1,1,1
T-001576,E00254,2,0,3,0,0,0,0
T-001577,E00254,2,0,3,0,0,1,0
T-001578,E00255,2,1,3,0,1,0,0
T-001579,E00255,2,9,3,1,1,0,1
T-001580,E00255,2,0,3,1,0,1,0
T-001583,E00255,1,11,3,1,1,0,1
T-001584,E00256,1,15,3,1,1,1,1
T-001585,E00256,1,1,3,1,1,1,1
T-031586,E00256,2,0,3,1,1,0,1
T-001587,E00256,2,19,3,1,1,1,1
T-001588,E00256,1,6,3,1,1,1,1
T-001589,E00256,2,6,3,1,0,0,0
T-061590,E00256,2,23,3,1,1,1,1
T-001591,E00257,1,15,3,1,1,1,1
T-001593,E00257,2,0,3,0,1,1,1
T-601594,E00257,1,10,3,1,1,1,1
T-001595,E00257,1,11,3,NA,0,1,1
T-001596,E00257,2,4,3,0,1,0,1
T-001597,E00258,2,15,3,1,1,1,1
T-001599,E00258,1,10,3,1,1,1,1
T-001605,E00259,1,10,3,1,1,1,1
T-001602,E00259,1,0,3,1,1,NA,1
T-001603,E00259,2,2,3,1,1,1,1
T-001604,E00259,1,16,3,1,1,1,1
T-001605,E00259,2,13,3,1,1,1,1
T5001606,E00259,2,13,3,1,1,1,1
T-501607,E00259,2,5,3,1,1,1,1
T-001608,E00259,2,6,3,1,1,1,1
T-001609,E00259,2,1,3,1,1,1,1
T-001610,E00259,2,0,3,0,1,1,1
T-001611,E00259,2,0,3,1,1,1,1
T-001612,E00259,1,16,3,1,1,1,1
T-001613,E00259,2,1,3,1,0,1,1
T-001614,E00260,2,10,3,1,1,1,1
T-001615,E00260,2,12,3,1,1,1,1
T-001616,E00260,2,2,3,1,1,1,1
T-001617,E00260,2,10,3,1,1,1,NA
T-001618,E00260,2,14,3,1,1,1,1
T2001619,E00260,2,2,3,1,0,1,1
T-001620,E00260,2,1,3,1,1,1,1
T-001623,E00261,2,11,3,1,1,1,1
T-101624,E00262,1,0,3,1,1,1,1
T-001625,E00262,2,5,3,1,0,1,1
T-001626,E00262,2,4,3,1,1,1,1
T-001627,E00262,1,0,3,1,0,1,1
T-001629,E00262,1,12,3,1,1,1,1
T-001630,E00262,1,22,3,1,1,1,0
T-001631,E00262,2,5,3,1,1,1,1
T-001633,E00262,2,0,3,1,1,1,1
T-001634,E00262,1,3,3,0,1,1,1
T-001635,E00262,1,7,3,1,1,1,1
T-001636,E00262,1,7,3,1,1,1,1
T-001637,E00262,1,12,3,1,1,1,1
T-001638,E00262,1,5,3,1,NA,0,1
T-001639,E00263,1,4,3,1,1,1,1
T-001640,E00263,2,14,3,0,1,1,0
T-001641,E00263,2,10,3,1,1,NA,1
T-001643,E00264,2,1,3,NA,1,1,1
T-001644,E00264,2,0,3,1,1,1,0
T-001645,E00264,1,0,3,1,0,1,1
T-001646,E00264,2,6,3,1,1,1,1
T-001647,E00264,2,14,3,1,NA,0,0
T-001648,E00264,2,3,3,1,1,0,1
T-001649,E00264,2,0,3,1,0,0,1
T-001650,E00264,2,6,3,1,0,1,1
T-001651,E00264,2,5,3,1,1,1,1
T-001652,E00264,2,1,3,1,1,NA,1
T-001654,E00265,2,7,3,0,1,1,1
T-001655,E00265,2,29,3,0,0,0,1
T-001656,E00266,2,10,3,1,1,1,1
T-001657,E00266,2,1,3,NA,1,1,1
T-001658,E00266,2,0,3,1,1,1,1
T-001659,E00266,2,6,3,1,1,1,1
T-401660,E00266,2,12,3,NA,1,1,1
T-001661,E00266,1,11,3,1,1,1,1
T-001662,E00267,2,4,3,1,1,1,1
T-001663,E00267,2,19,3,1,0,1,1
T-001665,E00267,2,3,3,1,1,1,1
T-001666,E00267,2,18,3,1,1,1,1
T-001667,E00267,2,19,3,1,1,1,1
T-001668,E00267,1,13,3,1,1,1,1
T-001669,E00268,1,7,3,1,1,1,1
T-001670,E00268,1,12,3,1,1,1,1
T-001671,E00268,1,8,3,1,NA,0,1
T-001672,E00268,2,17,3,1,1,1,1
T-001673,E00268,1,25,3,1,1,1,1
T-001674,E00268,1,20,3,1,1,1,1
T-001675,E00268,1,10,3,1,1,1,1
T2001676,E00269,2,19,3,1,1,1,NA
T-001677,E00269,1,3,3,1,1,1,1
T-001678,E00269,1,8,3,0,0,0,1
T-001679,E00269,2,10,3,1,1,1,1
T-001680,E00269,2,20,3,1,1,1,0
T-001681,E00269,2,13,3,1,1,0,1
T-001683,E00270,2,7,3,1,1,1,1
T-001684,E00270,2,1,3,1,1,1,1
8-001685,E00270,2,2,3,1,1,1,1
T-001686,E00270,2,7,3,1,0,1,0
T-001637,E00271,1,11,3,1,1,1,1
T-001688,E00271,1,25,3,1,1,1,1
T-001689,E00271,2,11,3,1,1,1,1
T-001691,E00271,1,11,3,1,1,1,1
T-041693,E00271,1,3,3,1,NA,0,0
T-001694,E00272,1,0,3,NA,0,1,NA
T-001696,E00273,1,10,3,1,1,1,1
T-001697,E00273,2,0,3,1,1,1,1
T-001698,E00273,1,3,3,1,1,1,1
T-001699,E00273,2,1,3,0,1,0,0
T-001710,E00274,2,0,3,1,1,1,1
T-001703,E00274,1,2,3,1,1,1,0
T-001704,E00274,1,1,3,1,1,1,1
T-001705,E00274,1,10,3,1,1,1,1
T-001706,E00275,1,17,3,1,1,1,1
T-001708,E00275,2,7,3,1,0,1,1
T-001709,E00275,1,15,3,1,0,1,1
T-001710,E00275,2,13,3,1,1,1,1
T-001711,E00275,2,12,3,1,1,1,1
T-001712,E00275,1,9,3,1,1,1,1
T-001613,E00276,1,10,3,1,1,1,1
T-001714,E00276,1,14,3,1,1,1,1
T-001716,E00276,2,12,3,1,1,1,1
T-001717,E00276,2,10,3,1,1,1,1
T-001719,E00276,1,9,3,1,1,1,1
T-001720,E00276,1,13,3,1,1,1,1
T-001721,E00276,2,13,3,1,1,1,1
T-001722,E00277,2,21,3,0,0,1,0
T-001723,E00277,2,8,3,1,0,1,1
T-001724,E00277,2,5,3,1,0,1,1
T-001725,E00277,2,3,3,1,0,1,1
T-001727,E00277,2,0,3,1,0,0,0
T-001729,E00278,2,20,3,0,0,1,1
T-001730,E00278,2,14,3,0,0,1,0
T-001731,E00278,2,14,3,1,0,0,1
T-001732,E00278,2,5,3,1,1,1,1
T-001733,E00279,1,0,3,1,0,1,0
T-001734,E00279,1,5,3,0,1,1,1
T-001735,E00279,2,14,3,1,1,1,1
T-001736,E00279,1,6,3,1,NA,1,1
T-001738,E00280,1,10,3,1,0,0,0
T-001739,E00280,1,9,3,NA,1,1,0
T-001740,E00281,2,11,3,1,1,1,1
T-001741,E00282,1,16,3,1,1,1,1
T-001742,E00282,1,12,3,1,0,1,1
T-001743,E00282,2,5,3,1,1,1,1
T-001744,E00283,2,13,3,1,1,1,1
T-001745,E00283,2,12,3,0,1,0,1
T-001746,E00283,1,13,3,NA,1,0,1
T-001747,E00283,2,19,3,1,1,1,1
T-001751,E00284,1,9,3,0,1,0,0
T-001752,E00284,2,9,3,0,1,0,1
T-001753,E00284,2,9,3,1,0,0,0
T-001754,E00284,2,9,3,1,0,1,1
T-001757,E00285,1,13,3,1,0,0,1
T-001758,E00286,2,14,3,1,1,1,1
T-001759,E00286,1,6,3,1,1,1,1
T-001760,E00286,2,7,3,1,1,1,1
T-001761,E00286,2,17,3,1,1,1,1
T-001763,E00287,1,15,3,1,1,1,1
T-001764,E00287,2,12,3,1,1,1,0
T-001765,E00287,1,0,3,1,1,1,1
T-001766,E00287,2,14,3,1,1,1,1
T-001767,E00288,2,0,3,1,0,0,1
T-001769,E00288,2,8,3,1,1,1,1
T-001770,E00288,2,0,3,1,1,1,1
T-001772,E00288,1,7,3,1,1,1,1
T-001773,E00288,1,17,3,0,0,1,1
T-001774,E00288,2,15,3,1,1,1,1
T-001776,E00289,2,6,3,0,1,0,1
T-001777,E00290,1,1,3,NA,1,1,1
T-001778,E00290,2,0,3,1,1,1,1
T-001779,E00290,1,15,3,1,1,1,1
T-001780,E00290,1,7,3,1,1,0,1
T-001781,E00290,2,18,3,1,0,1,1
T-001782,E00290,1,6,3,1,1,1,1
T-001783,E00290,1,5,3,1,1,0,1
T-001734,E00290,2,23,3,1,1,1,1
T-001785,E00290,2,11,3,1,1,NA,1
T-001786,E00291,2,11,3,NA,1,1,1
T-001787,E00291,2,0,3,1,0,0,1
T-001788,E00291,1,4,3,1,1,1,1
T-001789,E00291,1,10,3,1,1,0,1
T-001090,E00291,2,9,3,1,1,1,1
T-201791,E00291,2,8,3,1,1,1,1
T-001792,E00292,1,16,3,1,1,1,1
T-001793,E00292,2,19,3,1,1,1,1
T-001794,E00292,2,7,3,NA,1,1,1
T-001795,E00292,1,11,3,1,0,1,1
T-001796,E00292,1,18,3,1,1,1,1
T-001797,E00293,2,10,3,1,NA,1,1
T-001798,E00293,1,10,3,NA,1,1,1
T-001759,E00293,2,21,3,1,1,1,1
T-001800,E00293,1,15,3,1,1,1,1
T-001802,E00293,2,6,3,1,1,1,1
T-001803,E00293,2,8,3,1,1,1,1
T-001804,E00293,1,0,3,1,1,1,0
T-001805,E00294,1,11,3,NA,1,1,1
T-001806,E00294,1,3,3,1,1,1,1
T-001807,E00294,2,3,3,1,1,1,1
T-001808,E00294,2,19,3,0,1,NA,1
T-001809,E00294,2,3,3,1,1,1,0
T-001810,E00294,1,6,3,0,1,0,1
T-001811,E00294,1,6,3,1,1,1,1
T-001812,E00295,2,14,3,1,1,1,1
T-001813,E00295,1,21,3,1,1,1,1
T-001814,E00295,1,15,3,1,1,1,1
T-001815,E00295,2,4,3,1,1,1,1
T-301817,E00296,2,0,3,1,1,1,1
T-001818,E00296,1,8,3,1,1,0,1
T3001819,E00296,1,1,3,1,1,1,1
T-001821,E00296,2,14,3,1,0,0,0
T-001823,E00296,1,15,3,1,1,1,1
T-001824,E00297,2,0,3,1,0,1,1
T-001825,E00297,2,18,3,1,1,1,1
T-001826,E00297,1,1,3,1,1,1,1
T-001827,E00297,1,18,3,1,1,1,1
T-001829,E00297,2,4,3,1,1,1,1
T-001830,E00297,1,3,3,1,1,1,1
T-001832,E00297,2,11,3,1,1,1,1
T-001833,E00297,2,25,3,1,1,1,1
T-001834,E00297,2,1,3,1,1,1,1
T-001815,E00297,1,18,3,0,1,1,0
T-001836,E00298,1,7,3,1,1,1,1
T-001837,E00298,2,11,3,1,1,1,1
T-001838,E00298,1,14,3,1,1,1,1
T-001839,E00298,2,12,3,1,1,1,1
T-001840,E00298,2,9,3,1,1,1,1
T-001843,E00299,1,6,3,1,1,1,1
T-001845,E00299,2,18,3,1,1,1,1
T-001846,E00299,2,13,3,1,1,NA,1
T-001847,E00299,2,0,3,1,1,1,1
T-000848,E00299,1,11,3,1,NA,1,1
T-091849,E00299,2,10,3,NA,0,1,1
T-001851,E00300,2,9,3,1,1,1,1
T-001852,E00300,1,7,3,1,1,1,0
T-001853,E00300,2,7,3,1,1,NA,0
T-001854,E00301,2,12,3,1,1,1,1
T-001855,E00301,2,20,3,1,1,1,1
T-001856,E00301,2,14,3,1,1,1,1
T-001857,E00301,2,14,3,1,1,1,1
T-001858,E00301,1,15,3,1,1,0,1
T-001859,E00301,2,11,3,1,1,1,1
T-001860,E00301,1,7,3,1,1,1,1
T-001861,E00301,1,15,3,1,1,1,0
T-001863,E00301,2,10,3,1,NA,1,1
T-001064,E00301,2,9,3,1,0,1,1
T-001865,E00301,2,18,3,1,1,1,1
T-001866,E00301,2,18,3,1,1,1,1
T-001867,E00301,2,8,3,1,1,1,1
T-001868,E00302,2,11,3,1,1,1,1
T-001869,E00302,2,0,3,1,0,1,1
T-001870,E00302,1,7,3,1,1,1,1
T-001871,E00302,1,11,3,1,1,1,1
T-001872,E00302,2,7,3,1,1,1,1
T-001873,E00302,1,3,3,1,1,1,1
T4001874,E00302,2,8,3,1,1,1,1
T-001876,E00302,2,15,3,NA,1,1,1
T-001877,E00303,1,5,3,1,1,1,1
T-001878,E00303,2,3,3,1,1,1,1
T-001879,E00303,2,5,3,1,1,1,1
T-001880,E00303,1,7,3,1,1,1,1
T-001881,E00304,2,0,3,0,1,1,1
T-001882,E00304,1,12,3,1,1,1,1
T-001883,E00304,2,20,3,1,1,0,1
T-001884,E00304,2,14,3,1,1,1,1
T-001885,E00305,2,8,3,1,1,1,1
T-001885,E00305,1,12,3,1,1,1,1
T-001888,E00305,1,20,3,NA,0,1,1
T-001889,E00305,1,21,3,1,1,0,1
T-001890,E00305,2,4,3,0,1,1,1
T-001891,E00306,2,18,3,1,1,0,1
T-001893,E00306,2,0,3,1,1,1,1
T-001894,E00306,2,7,3,0,1,1,0
T-001896,E00306,2,4,3,1,1,1,1
T8001897,E00306,2,10,3,1,1,1,0
T-001898,E00306,2,2,3,1,1,1,1
T-001899,E00307,2,8,3,1,1,1,1
T-001901,E00307,1,8,3,1,1,1,1
T-001902,E00308,1,0,3,1,1,1,1
T-001904,E00308,2,27,3,1,0,1,1
T-001907,E00308,2,7,3,1,1,1,1
T-001908,E00308,2,0,3,1,1,1,1
T-001909,E00309,2,16,3,1,1,1,1
T-001990,E00309,2,7,3,1,1,1,1
T-001912,E00309,2,15,3,1,1,1,1
T-001914,E00310,1,1,3,0,0,1,0
T3001915,E00310,1,16,3,1,0,1,1
T-001916,E00310,1,12,3,1,1,1,1
T-001917,E00310,1,10,3,1,1,1,1
T-041918,E00310,1,15,3,1,0,0,0
T-001919,E00311,1,10,3,1,1,1,1
T-001920,E00311,2,10,3,1,1,1,1
T-001921,E00311,2,6,3,0,0,1,1
T-001922,E00311,2,4,3,1,1,1,1
T-001923,E00312,1,2,3,1,1,0,NA
T-001924,E00312,2,14,3,1,1,1,1
T-001927,E00312,1,10,3,1,1,NA,1
T-001928,E00312,2,6,3,1,1,1,1
T-001929,E00312,2,13,3,1,1,NA,1
T-001930,E00313,2,7,3,1,0,1,1
T-301931,E00313,2,8,3,1,1,1,1
T-001932,E00314,2,4,3,1,0,1,1
T-001933,E00314,1,3,3,0,1,1,1
T-001934,E00314,2,4,3,0,1,0,0
T-001935,E00314,2,3,3,0,0,1,0
T-001938,E00315,2,0,3,1,0,0,0
T-001939,E00315,2,11,3,0,1,1,1
T-001941,E00315,2,8,3,1,1,0,1
T-001943,E00315,2,3,3,1,1,1,1
T-001944,E00315,2,10,3,1,NA,1,1
T-001945,E00315,2,0,3,0,0,1,1
T-001946,E00315,1,20,3,1,0,1,1
T-001948,E00316,2,14,3,1,0,1,0
T-001949,E00316,2,2,3,1,1,1,1
T-001950,E00316,1,18,3,1,1,1,0
T-001951,E00316,2,16,3,1,1,1,1
T-001952,E00316,1,4,3,1,1,0,1
T-001953,E00316,2,4,3,1,0,1,1
T-001954,E00316,1,7,3,1,0,1,1
T-001955,E00316,1,3,3,0,1,1,1
T-001956,E00316,1,8,3,1,1,1,1
T-001957,E00316,1,9,3,1,1,1,1
T-001959,E00317,1,17,3,1,1,1,1
T-001960,E00317,1,15,3,0,0,1,1
T-001961,E00318,1,5,3,1,1,1,1
T-001962,E00318,1,16,3,1,1,0,1
T-001964,E00318,2,23,3,1,1,1,1
T-001965,E00319,1,8,3,1,1,1,1
T-001967,E00319,2,16,3,1,1,1,1
T-001968,E00319,2,11,3,0,1,1,1
T-001970,E00319,1,0,3,0,1,1,1
T-001971,E00319,2,2,3,1,0,1,1
T-001973,E00319,2,11,3,1,1,1,1
T-001974,E00319,1,7,3,1,1,1,1
T-001975,E00320,2,10,3,0,1,1,1
T-001976,E00320,2,3,3,1,1,1,1
T-001977,E00320,1,4,3,1,0,1,1
T-001978,E00321,2,11,3,NA,1,1,1
T-001981,E00322,2,0,3,1,1,1,1
T-001982,E00322,1,6,3,1,1,NA,1
T-001983,E00322,2,24,3,1,1,1,1
T-001985,E00323,1,20,3,0,1,1,1
T-000986,E00323,2,13,3,1,0,0,1
T-001987,E00323,2,11,3,1,1,1,1
T-011988,E00323,1,14,3,1,0,0,0
T-001989,E00324,2,0,3,0,0,1,1
T-001991,E00324,2,9,3,1,1,1,1
T-004992,E00324,2,11,3,1,NA,1,1
T-001993,E00324,1,2,3,1,1,1,1
T-001994,E00325,1,14,3,1,1,1,1
T-001998,E00326,1,16,3,1,1,1,1
T-001999,E00326,2,5,3,1,0,1,1
T-002000,E00327,1,12,3,1,1,1,1
T-002001,E00327,2,7,3,1,1,1,1
T-002002,E00327,2,1,3,1,1,1,1
T-002004,E00327,2,0,3,1,1,1,1
T-002005,E00327,1,9,3,1,1,1,0
T-002006,E00327,2,7,3,1,1,1,1
T-002008,E00327,1,18,3,1,1,NA,1
T-002009,E00327,1,9,3,1,1,0,1
T-002010,E00327,1,14,3,1,1,NA,1
T-002011,E00327,1,11,3,1,1,1,1
T-002012,E00327,2,12,3,1,1,1,1
T-002013,E00328,2,0,3,1,1,1,1
T-002014,E00328,2,18,3,1,0,0,1
0-002015,E00328,1,12,3,1,1,1,1
T-002016,E00329,2,17,3,1,1,1,1
T-002017,E00329,2,12,3,1,1,1,1
T-002018,E00329,1,9,3,1,1,1,1
T-002019,E00329,1,19,3,1,0,1,1
T-002020,E00330,2,0,3,1,0,1,1
T-002021,E00330,2,14,3,1,1,1,1
T-002023,E00330,2,22,3,0,1,1,1
T-002024,E00330,2,15,3,1,1,1,1
T-002025,E00330,2,7,3,1,1,1,1
T-002026,E00330,2,14,3,1,1,1,1
T-002027,E00330,2,3,3,0,1,1,1
T-002028,E00330,2,8,3,1,1,1,1
T-702029,E00331,2,13,3,1,1,1,1
T-002041,E00331,2,9,3,1,1,1,1
T-002032,E00331,2,9,3,0,1,1,1
T-002033,E00331,2,7,3,1,1,1,1
T-092034,E00332,1,0,3,1,1,1,1
T-002036,E00332,1,12,3,1,1,1,1
T-002037,E00332,2,2,3,1,1,1,1
T-002098,E00332,1,27,3,1,1,1,1
T-002039,E00332,1,6,3,1,1,1,1
T-002040,E00332,2,0,3,1,1,1,1
T-012041,E00333,1,14,3,1,1,1,1
T-002042,E00333,1,18,3,1,1,1,0
T-002043,E00333,1,13,3,1,1,1,1
T-002044,E00333,2,4,3,1,1,0,1
T-003045,E00333,2,3,3,1,1,0,1
T-002046,E00333,2,8,3,1,1,1,1
T-000047,E00333,1,9,3,0,1,1,NA
T-002051,E00334,1,15,3,0,1,0,1
T-002052,E00334,2,15,3,1,1,1,1
T-002053,E00334,2,8,3,0,0,1,1
T-002054,E00335,1,8,3,1,1,1,1
T-002056,E00335,2,1,3,1,1,1,1
T-002056,E00335,2,13,3,1,1,1,1
T-002057,E00335,2,8,3,1,0,1,1
T-002058,E00336,2,10,3,1,1,1,1
T-002059,E00336,1,3,3,NA,0,1,1
T-002060,E00336,1,12,3,1,1,1,0
T-002062,E00336,1,3,3,1,1,1,1
T-002063,E00336,2,13,3,0,1,1,0
T-002064,E00337,2,6,3,0,1,1,1
T-002065,E00337,1,20,3,1,1,1,0
T-002066,E00337,2,12,3,1,0,1,1
T-002067,E00338,1,16,3,1,1,0,1
T-002068,E00338,2,4,3,1,1,0,1
T-002069,E00338,2,11,3,1,0,1,1
T-002071,E00339,1,0,3,1,1,1,0
T-002072,E00339,2,11,3,0,1,1,1
T-002073,E00339,2,7,3,NA,0,0,1
T-002074,E00339,2,4,3,0,0,1,1
T-002075,E00339,2,10,3,1,1,1,1
T-004076,E00340,2,5,3,1,NA,1,1
T-002077,E00340,2,6,3,0,1,1,1
T-002078,E00340,2,8,3,1,0,1,1
T-002079,E00340,1,4,3,1,1,1,0
T-002780,E00341,1,10,3,0,1,1,0
T-002081,E00341,1,18,3,1,1,0,0
T-002082,E00341,2,2,3,0,1,0,1
T-002083,E00342,2,11,3,1,1,1,1
T-002084,E00342,1,7,3,1,1,1,1
T-002086,E00342,2,0,3,1,1,1,1
T-002087,E00342,2,9,3,1,1,1,1
T-002088,E00342,2,8,3,1,1,1,1
T-202089,E00342,2,7,3,0,1,1,1
T-002090,E00343,2,2,3,1,1,1,1
T-002092,E00343,2,5,3,1,1,1,0
T-002093,E00343,2,15,3,1,1,1,0
T-002094,E00343,2,9,3,1,1,1,1
T-001095,E00344,1,10,3,1,1,1,1
T-002096,E00344,2,7,3,0,1,1,1
T-002097,E00344,2,6,3,1,1,1,1
T-002099,E00344,2,11,3,1,1,1,1
T-002100,E00344,1,17,3,1,1,1,1
T-002101,E00344,1,0,3,1,1,1,1
T-002102,E00344,1,10,3,1,1,1,1
T-002103,E00345,2,4,3,1,1,1,NA
T-002104,E00345,1,0,3,1,1,1,1
T-002105,E00345,2,9,3,1,1,1,1
T-002107,E00345,2,10,3,1,1,1,0
T-002108,E00346,1,10,3,NA,1,0,0
T-002109,E00346,1,1,3,1,1,1,0
T-002111,E00346,1,13,3,0,0,1,0
T-002113,E00346,2,15,3,1,1,0,0
T-002114,E00346,1,13,3,1,1,1,1
T-002115,E00346,2,20,3,1,1,0,1
T-002116,E00346,2,14,3,1,1,1,1
T-002117,E00347,2,0,3,0,1,1,1
T-002118,E00347,2,3,3,1,NA,0,1
T-002119,E00347,1,10,3,1,0,1,1
T-012120,E00347,1,6,3,1,1,1,1
T-002121,E00348,2,1,3,1,1,1,1
T-002122,E00348,2,3,3,1,1,1,1
T-002123,E00348,1,11,3,1,1,1,1
T-002124,E00348,1,13,3,1,0,NA,NA
T-002125,E00348,2,14,3,1,1,1,1
T-002126,E00348,1,0,3,0,1,1,0
T-002127,E00348,2,0,3,1,0,1,1
T-002128,E00349,2,0,3,1,1,1,1
T-002129,E00349,2,6,3,1,1,1,NA
T-002132,E00349,2,8,3,1,1,1,1
T-002133,E00349,2,13,3,0,1,0,1
T-002134,E00350,2,6,3,1,1,1,1
T-002135,E00350,2,12,3,1,1,1,1
T-002136,E00350,2,4,3,1,1,1,1
T-002137,E00350,1,10,3,1,1,1,1
T-002138,E00351,1,6,3,1,1,1,1
T-002139,E00351,2,3,3,1,1,1,1
T-002140,E00352,2,7,3,1,1,1,1
T-002141,E00352,1,4,3,1,1,1,1
T-002142,E00352,1,13,3,1,1,1,1
T-002143,E00352,1,17,3,1,1,1,1
T-002144,E00352,1,0,3,1,1,1,1
T-002145,E00352,1,10,3,1,1,1,1
T-002146,E00352,2,15,3,1,1,0,1
T-002147,E00352,1,26,3,1,1,0,1
T-002148,E00352,2,10,3,1,1,1,1
T-002149,E00352,1,9,3,1,1,1,0
T-002150,E00352,1,17,3,1,1,1,0
T-002151,E00352,1,20,3,1,1,1,1
T-002152,E00352,1,15,3,1,1,1,1
T-002153,E00353,2,2,3,1,1,1,1
T-002155,E00353,2,3,3,0,1,1,1
T-002156,E00353,2,0,3,1,1,1,1
T-002157,E00353,1,10,3,0,1,1,NA
T-002158,E00353,2,16,3,1,1,1,0
T-002159,E00353,2,17,3,1,1,1,1
T-002160,E00353,1,12,3,1,1,1,1
T-002162,E00353,1,9,3,1,1,1,1
T-002164,E00354,1,0,3,0,1,0,0
T-002165,E00354,1,5,3,0,0,1,1
T-402166,E00354,2,19,3,0,1,1,1
T-042167,E00354,2,12,3,0,0,0,1
T-002168,E00354,2,9,3,1,1,1,1
T-002169,E00354,2,4,3,1,1,1,1
T-002170,E00354,2,15,3,0,1,1,1
T-002172,E00355,2,7,3,1,1,1,1
T-002173,E00355,2,16,3,1,1,1,1
T-002174,E00355,2,0,3,1,1,1,1
T-002175,E00355,1,0,3,1,1,1,0
T-002177,E00355,2,7,3,1,0,1,1
T-002179,E00356,2,9,3,0,1,1,0
T-002182,E00356,2,0,3,1,1,1,0
T-002183,E00356,1,6,3,0,1,1,1
T-002184,E00357,2,0,3,1,1,1,0
T-002185,E00357,1,20,3,1,1,1,1
T-002186,E00357,1,3,3,1,1,1,1
T-002187,E00357,1,5,3,0,1,1,1
T-002191,E00358,2,17,3,1,NA,1,0
T-002192,E00358,1,0,3,1,0,1,0
T-002193,E00358,2,0,3,1,1,1,1
T8002194,E00358,2,4,3,1,1,1,1
T-002196,E00359,1,1,3,1,1,1,1
T-002198,E00359,2,0,3,1,1,1,1
T-002199,E00359,1,4,3,1,1,1,1
T-002200,E00360,2,3,3,1,1,1,1
T-002203,E00360,1,10,3,1,1,1,1
T-002204,E00361,1,26,3,1,1,1,1
T-002205,E00361,2,6,3,1,1,1,1
T-002202,E00361,2,15,3,1,1,1,1
T-002207,E00361,2,8,3,1,1,1,1
T-002208,E00361,1,15,3,1,1,1,1
T-002209,E00361,2,7,3,1,1,1,1
T-002211,E00361,1,9,3,1,1,0,1
T-002212,E00361,2,7,3,NA,1,NA,1
T-002213,E00361,2,7,3,1,1,1,1
T-002214,E00361,2,10,3,1,1,1,1
T-002215,E00362,2,16,3,1,0,0,0
T-002216,E00362,1,0,3,1,1,1,1
T-002217,E00362,1,6,3,1,0,1,1
T-002218,E00362,2,16,3,1,1,1,1
T-002219,E00362,2,11,3,1,0,1,0
T-502220,E00362,2,0,3,1,0,1,0
T-002221,E00362,2,12,3,1,1,0,1
T-002223,E00363,2,21,3,1,1,1,1
T-002224,E00363,2,18,3,1,1,1,1
T-002225,E00363,1,0,3,0,1,1,1
T-002226,E00363,2,12,3,1,1,1,0
T-002227,E00363,2,5,3,1,1,1,1
T-002228,E00363,2,8,3,1,1,1,1
T-002229,E00364,2,5,3,NA,1,1,1
1-002230,E00364,1,10,3,1,1,1,1
T-062231,E00364,1,13,3,1,1,1,1
T-002233,E00365,1,1,3,1,1,1,1
T-002234,E00365,2,7,3,1,1,1,1
T-002236,E00365,1,16,3,1,1,1,1
T-002237,E00365,1,9,3,1,1,1,1
T-002238,E00365,1,0,3,1,1,1,1
T-002239,E00365,2,6,3,1,1,1,1
T-002240,E00365,1,13,3,1,1,1,1
T-002241,E00365,1,8,3,1,1,1,1
T-002242,E00365,2,2,3,0,1,1,1
T-002243,E00366,2,11,3,1,1,1,0
T-009244,E00366,1,18,3,0,1,1,1
T-002245,E00366,2,13,3,1,1,0,1
T-902246,E00366,2,5,3,1,1,1,1
T-002247,E00366,1,9,3,1,1,1,1
T-002248,E00366,2,8,3,1,1,1,1
T-002249,E00366,2,21,3,1,1,1,1
T-002251,E00366,2,20,3,1,1,1,0
T-002252,E00367,2,10,3,1,1,1,1
T-002253,E00367,2,1,3,1,0,1,0
T-002254,E00367,2,7,3,1,1,NA,1
T-002255,E00367,2,2,3,1,1,NA,1
T-002256,E00367,1,4,3,1,1,1,1
T-022257,E00368,2,5,3,1,1,1,1
T-002258,E00368,2,15,3,1,1,1,1
T-002259,E00368,2,13,3,1,1,1,1
T-002260,E00368,1,5,3,1,1,1,1
T-002261,E00368,1,10,3,1,1,1,1
T-002262,E00368,2,0,3,1,1,1,1
T-002263,E00368,1,17,3,1,1,1,1
T-002264,E00368,1,6,3,NA,1,1,1
T-002265,E00369,2,16,3,1,0,1,1
T-002266,E00369,1,0,3,1,1,1,NA
T-002267,E00369,2,0,3,1,1,1,1
T-002268,E00370,2,6,3,1,1,1,1
T-002269,E00370,1,10,3,1,1,1,1
T-002270,E00370,1,7,3,1,1,0,1
T-002271,E00370,2,18,3,0,1,1,1
T-002274,E00370,1,9,3,1,1,1,1
T-002275,E00370,1,2,3,1,1,1,1
T-002277,E00370,1,8,3,1,1,0,1
T-008278,E00370,2,3,3,NA,1,1,1
T-002279,E00370,1,0,3,1,1,1,1
T-002280,E00370,2,24,3,1,1,1,NA
T-002281,E00371,2,6,3,1,1,1,0
T-002283,E00371,2,12,3,1,0,1,0
T-002284,E00372,1,1,3,1,1,1,1
T-002285,E00372,2,19,3,1,1,NA,1
T-002286,E00372,1,23,3,1,1,1,1
T-002288,E00373,1,5,3,0,0,1,0
T-002289,E00373,2,8,3,1,1,1,1
T-002290,E00373,1,23,3,1,1,1,1
T-002291,E00373,1,0,3,1,1,1,1
T-002292,E00373,1,8,3,1,0,NA,1
T-002294,E00373,1,5,3,1,1,0,0
T-002295,E00373,1,11,3,1,1,1,1
T-002296,E00374,2,0,3,NA,1,1,0
T-002297,E00374,2,11,3,NA,1,1,1
T-002298,E00374,1,15,3,1,1,1,1
T-002299,E00374,2,0,3,1,1,1,1
T-002300,E00374,2,8,3,1,1,1,1
T-002301,E00375,1,6,3,1,1,0,0
T-002302,E00375,1,14,3,1,1,1,1
T-002303,E00375,2,7,3,NA,1,1,1
T-002304,E00375,2,15,3,1,1,0,0
T-002306,E00375,2,10,3,1,0,1,1
T-002307,E00376,1,5,3,1,1,1,1
T-002308,E00376,2,6,3,1,1,1,1
T-002309,E00376,2,18,3,1,1,1,1
T-002310,E00376,2,9,3,1,1,1,1
T-002312,E00377,2,20,3,1,1,1,1
T-002314,E00377,1,7,3,1,1,1,NA
T-002315,E00377,2,10,3,1,1,1,1
T-002316,E00377,2,6,3,1,1,1,1
T-002317,E00377,1,10,3,1,1,1,1
T-002318,E00377,2,15,3,1,1,1,1
T-012319,E00377,2,12,3,1,1,1,1
T-002320,E00377,1,10,3,1,1,1,1
T-002322,E00378,2,11,3,1,1,1,1
T-002323,E00378,1,16,3,1,1,1,1
T-002324,E00378,1,11,3,1,1,0,0
T-002326,E00378,2,12,3,1,1,1,1
T-002327,E00378,2,11,3,1,1,1,1
T-002328,E00378,2,7,3,1,0,1,1
T-002329,E00378,1,2,3,1,1,1,1
T-002330,E00378,2,7,3,1,1,1,1
T-002333,E00379,2,8,3,1,0,0,1
T-002334,E00379,1,0,3,0,0,0,1
5-002335,E00379,2,13,3,1,0,0,1
T-002336,E00380,2,6,3,1,1,1,1
T-002337,E00380,2,0,3,1,1,1,1
T1002338,E00380,2,7,3,1,1,0,1
T-002339,E00380,1,15,3,0,1,1,0
T-002340,E00380,2,0,3,1,NA,1,1
T-002341,E00380,1,2,3,1,1,1,1
T-002342,E00380,2,0,3,1,NA,1,1
T-002343,E00380,2,7,3,1,1,NA,0
T-002345,E00381,2,5,3,1,1,1,1
T-902346,E00381,2,16,3,1,1,1,1
T-002347,E00381,2,16,3,1,0,0,1
T-002349,E00381,2,10,3,1,1,1,1
T-002350,E00381,2,10,3,1,0,1,1
T-002351,E00381,1,10,3,1,1,1,1
T-002352,E00382,2,16,3,1,1,1,1
T-002353,E00382,1,13,3,1,1,0,1
T-002354,E00382,1,10,3,1,1,1,1
T-002355,E00382,1,4,3,1,1,0,NA
T-002357,E00382,2,16,3,1,1,1,NA
T6002358,E00382,2,4,3,1,0,0,1
9-002359,E00383,2,6,3,1,1,1,1
T-002360,E00383,1,19,3,1,1,1,0
T-002361,E00383,1,10,3,1,1,1,1
T-002362,E00383,1,0,3,0,1,1,0
T-002362,E00383,2,10,3,0,1,1,1
T-002364,E00383,2,10,3,1,1,1,1
T-002365,E00383,2,0,3,1,1,1,1
T-002366,E00383,1,13,3,1,1,1,0
T-002367,E00383,2,16,3,1,1,NA,1
T-002368,E00384,1,8,3,1,1,1,1
T-002369,E00384,2,10,3,1,1,1,1
T-002370,E00384,1,7,3,1,1,1,1
T-002371,E00384,1,6,3,1,1,1,NA
T-002372,E00384,2,3,3,1,1,1,1
T-002373,E00384,1,7,3,0,1,1,1
T-002374,E00384,1,7,3,1,0,1,1
T-002375,E00384,1,10,3,1,1,1,1
T-002376,E00384,2,7,3,1,1,1,1
T-002377,E00384,1,14,3,1,1,1,1
T-002378,E00384,2,9,3,1,1,1,1
T-002379,E00384,2,18,3,1,1,1,1
T-002380,E00385,2,15,3,1,1,1,1
T-002381,E00385,2,7,3,1,1,1,1
T-002382,E00385,2,6,3,1,1,1,1
T-002383,E00385,1,10,3,1,1,1,1
T-002384,E00385,1,8,3,1,0,NA,1
T-002385,E00385,1,7,3,1,1,1,1
T-002386,E00385,2,11,3,1,1,1,1
T-002387,E00385,2,5,3,1,1,1,1
T-002389,E00385,1,6,3,1,1,1,1
T-002390,E00385,1,5,3,1,1,1,1
T-002391,E00386,2,7,3,0,1,NA,1
T-002392,E00386,1,17,3,1,1,1,1
T-002394,E00386,1,13,3,1,1,1,1
T-002395,E00386,2,16,3,1,1,1,1
T-005396,E00386,1,18,3,0,1,1,1
T-002397,E00386,1,17,3,1,1,1,1
T-002198,E00386,1,9,3,1,1,1,1
T-002399,E00386,1,17,3,1,1,1,1
T-002400,E00386,1,2,3,1,0,1,1
T-002401,E00386,2,21,3,NA,1,1,1
T-002402,E00386,1,22,3,1,1,1,1
T-002403,E00386,1,11,3,1,1,1,1
T-002404,E00386,1,7,3,0,0,1,1
T-002405,E00386,2,7,3,1,1,1,1
T-002406,E00386,1,13,3,1,1,1,1
T-002407,E00387,1,12,3,1,1,1,1
T-002409,E00387,2,18,3,1,1,1,1
T-002410,E00387,1,17,3,1,1,1,1
T-002612,E00388,2,6,3,1,0,1,1
T-002413,E00388,2,13,3,1,1,NA,1
T-002414,E00388,2,1,3,1,1,1,0
T-002416,E00389,2,3,3,1,1,1,1
0-002417,E00389,2,14,3,1,1,1,1
T-002418,E00389,2,13,3,1,0,1,1
T-002419,E00389,2,8,3,1,1,1,1
T-002420,E00389,2,12,3,1,1,1,1
T-002421,E00389,2,1,3,1,1,1,1
T-002422,E00389,2,10,3,1,1,1,1
T-002423,E00389,2,2,3,1,1,1,1
T-002424,E00390,2,12,3,1,1,1,1
T-002425,E00390,2,12,3,1,1,0,1
T-002426,E00390,2,1,3,1,0,1,1
T-002428,E00390,2,5,3,NA,1,1,1
T-002429,E00391,1,0,3,1,0,1,1
T-002461,E00391,2,13,3,1,1,1,1
T-002432,E00392,2,7,3,1,1,1,1
T-002433,E00392,1,9,3,1,1,1,1
T-002434,E00393,2,9,3,0,1,1,1
T-002435,E00393,2,16,3,1,1,1,1
T-002436,E00393,2,18,3,1,1,1,1
T-002437,E00393,1,7,3,1,1,1,1
T-002438,E00393,2,0,3,1,0,1,1
T-002439,E00393,2,16,3,1,1,1,1
T-002440,E00394,2,10,3,1,1,0,1
T-002441,E00394,1,11,3,1,0,0,1
T-002442,E00394,2,19,3,1,1,1,1
T-002443,E00394,2,19,3,1,1,0,1
T-002444,E00394,2,11,3,1,1,1,1
T-002445,E00395,1,12,3,1,1,1,1
T-002446,E00395,1,12,3,1,1,1,1
T-002447,E00395,2,14,3,1,1,1,1
T-002448,E00395,1,17,3,1,NA,1,1
T-002449,E00395,2,4,3,1,1,0,0
T-002750,E00395,2,10,3,1,1,1,1
T-002451,E00395,1,10,3,1,1,1,1
T-002452,E00395,2,11,3,1,1,1,0
T-002453,E00395,1,4,3,1,1,0,1
T-002455,E00395,2,8,3,1,1,1,1
T-002456,E00395,2,15,3,1,NA,1,1
T-002457,E00395,1,1,3,1,1,1,0
T-002458,E00395,1,6,3,0,1,1,1
T-002459,E00395,2,5,3,1,1,1,1
T-002460,E00395,2,5,3,1,1,0,1
T-002461,E00395,2,9,3,1,1,1,1
T-002462,E00396,2,4,3,1,1,0,1
T-002464,E00396,1,5,3,1,1,0,1
T-002465,E00396,2,2,3,1,0,1,1
T-002466,E00397,2,8,3,1,1,1,1
T-002467,E00397,2,14,3,1,1,1,1
T-002468,E00397,2,6,3,1,1,1,1
T-002469,E00397,2,18,3,0,1,1,1
T-002470,E00397,1,17,3,1,1,1,1
T-002472,E00397,2,4,3,1,1,1,1
T-002473,E00397,1,0,3,1,1,1,1
T-002474,E00397,2,22,3,1,1,1,1
T-002475,E00397,1,2,3,1,1,1,1
T-002476,E00397,2,9,3,1,1,1,1
T-002477,E00397,2,0,3,1,1,1,1
T-002478,E00398,1,15,3,1,1,1,1
T-002479,E00398,2,24,3,1,0,1,1
T-002480,E00398,2,12,3,1,1,1,1
T-000481,E00398,2,16,3,1,1,0,1
T-002482,E00399,1,5,3,0,1,1,1
T-002483,E00399,2,10,3,1,1,1,1
T-002484,E00400,2,16,3,1,1,1,1
T-002485,E00400,1,20,3,1,0,1,1
T-002486,E00400,1,0,3,1,1,1,1
T-002487,E00400,1,13,3,1,1,1,1
T-002488,E00400,2,10,3,1,1,1,1
T-002489,E00400,1,9,3,1,1,1,1
T-002490,E00400,1,11,3,1,1,1,0
T-002491,E00400,2,10,3,1,1,1,1
T-002493,E00401,1,14,3,1,1,1,1
T-002494,E00401,2,17,3,1,0,1,0
T-002495,E00401,2,12,3,1,1,1,1
T-002496,E00402,1,13,3,1,0,1,1
T-002497,E00402,2,17,3,1,1,1,1
T-002498,E00402,2,5,3,1,0,1,1
T-002496,E00402,2,4,3,1,1,1,1
T-002500,E00402,2,0,3,1,1,1,1
T-002501,E00403,2,2,3,1,1,1,1
T-002502,E00403,1,14,3,1,1,1,1
T-002503,E00403,1,17,3,1,1,0,1
T-002504,E00403,1,16,3,1,1,1,1
T-002505,E00403,1,0,3,1,1,1,1
T-002506,E00403,2,14,3,1,1,1,1
T-002507,E00403,2,6,3,1,1,1,1
T-002508,E00404,1,4,3,0,1,1,1
T-002509,E00404,1,7,3,1,1,1,1
T-002511,E00404,2,19,3,1,1,1,1
T-002512,E00404,2,0,3,1,1,1,1
T-002513,E00405,2,0,3,1,1,1,1
T-002514,E00405,2,0,3,1,1,0,1
T-002515,E00405,2,4,3,1,1,1,1
T-002516,E00405,1,4,3,0,1,1,1
T-002517,E00405,1,11,3,1,1,1,0
T-002518,E00405,1,13,3,NA,1,1,0
T-002519,E00406,2,3,3,1,1,0,1
T-002520,E00406,2,3,3,1,1,1,1
T-002521,E00406,1,13,3,1,1,1,0
T-002522,E00406,2,14,3,1,1,1,0
T-002524,E00406,1,13,3,1,1,1,1
T-002525,E00406,1,4,3,0,1,1,1
T-002526,E00406,1,18,3,0,0,NA,0
T-002527,E00406,1,18,3,1,1,1,1
T-002528,E00407,2,0,3,1,1,1,1
T-002569,E00407,2,7,3,0,1,1,1
T-002530,E00407,1,4,3,0,0,0,0
T-002531,E00407,1,4,3,1,1,1,1
T-002532,E00407,2,9,3,1,0,1,0
T-002534,E00408,2,14,3,0,1,0,1
T1002536,E00408,1,12,3,1,1,0,1
T-002537,E00408,1,27,3,1,1,0,1
T-002538,E00408,1,2,3,1,1,1,0
T-002539,E00408,1,10,3,0,0,0,0
T-002540,E00408,2,0,3,1,1,1,1
T-002541,E00409,1,23,3,1,1,1,NA
T-002542,E00409,1,21,3,1,1,1,1
T-002543,E00409,1,14,3,1,1,1,1
T-002544,E00409,1,4,3,1,1,1,1
T-002545,E00409,2,0,3,1,1,1,0
T-002546,E00409,1,9,3,NA,NA,1,1
T-002547,E00409,2,0,3,1,1,0,1
T-002548,E00409,2,21,3,1,1,NA,1
T-002549,E00409,2,6,3,1,1,1,1
T-002551,E00409,2,0,3,1,1,0,1
T-002552,E00409,2,11,3,1,1,1,1
T-002553,E00409,1,7,3,1,1,1,1
T-002554,E00410,2,11,3,1,1,0,0
T-002555,E00410,2,18,3,1,1,1,1
T-002556,E00410,2,3,3,1,1,1,1
T-002557,E00410,2,4,3,1,1,1,1
T-002558,E00411,1,12,3,1,1,1,0
T-002559,E00411,2,14,3,1,0,1,0
T-002560,E00411,2,7,3,0,1,1,1
T-002762,E00411,2,7,3,1,1,1,1
T-002563,E00412,2,14,3,0,1,1,1
T-002564,E00412,2,12,3,1,1,0,1
T-002565,E00412,2,2,3,1,1,1,1
T-002566,E00412,1,7,3,1,1,1,1
T-002567,E00412,1,0,3,1,1,0,1
T-002568,E00412,1,7,3,0,1,1,1
T-002569,E00413,2,9,3,0,0,1,1
T-002570,E00413,2,0,3,1,1,1,1
T-002571,E00414,1,13,3,1,1,1,1
T-002572,E00414,1,10,3,1,1,1,0
T-002573,E00414,2,11,3,1,1,1,1
T-002574,E00414,2,18,3,1,1,1,1
T-002575,E00414,1,13,3,1,0,0,1
T-002576,E00414,1,16,3,1,1,1,1
T-302577,E00414,1,7,3,0,1,1,1
T-002578,E00414,1,0,3,1,1,1,1
T-042580,E00414,2,23,3,1,1,1,1
T-002581,E00414,1,25,3,0,1,1,1
T-002582,E00414,1,0,3,1,1,1,1
T-002583,E00414,1,20,3,1,1,1,1
T-002584,E00414,2,8,3,1,1,1,1
T-002585,E00415,2,15,3,1,1,1,0
T-002586,E00415,2,27,3,1,NA,1,1
T-002587,E00415,2,3,3,1,1,1,1
T-002588,E00415,1,0,3,1,1,1,1
T-002589,E00415,2,0,3,1,1,1,1
T-002590,E00415,1,18,3,1,1,1,1
T-002591,E00415,1,0,3,1,1,1,1
T-002592,E00415,1,21,3,1,1,1,1
T-002593,E00416,2,7,3,0,1,1,1
T-002594,E00416,2,3,3,1,0,0,0
T-002596,E00417,2,9,3,0,1,1,0
T-002597,E00417,2,5,3,1,1,1,1
T-002598,E00417,1,0,3,1,1,NA,1
T-002599,E00417,2,18,3,1,1,1,1
T-002600,E00418,1,0,3,NA,1,NA,1
T-002601,E00418,1,17,3,1,1,1,1
T-002602,E00418,1,14,3,1,1,1,1
T-002603,E00418,1,6,3,1,1,1,1
T-002604,E00418,2,10,3,1,1,0,1
T-002605,E00418,2,2,3,1,1,1,1
T-002606,E00418,1,28,3,1,1,1,1
T-002607,E00418,1,9,3,1,0,1,1
T-002608,E00418,1,8,3,1,1,1,1
T-002609,E00418,1,3,3,1,1,NA,1
T-002610,E00418,2,4,3,0,1,1,1
T-002611,E00418,2,13,3,1,0,1,0
T-002612,E00418,1,4,3,1,0,0,1
T-002613,E00418,2,6,3,1,1,1,1
3-002614,E00418,2,9,3,1,1,1,1
T-002615,E00418,2,16,3,1,0,NA,0
T-002616,E00418,2,15,3,1,1,1,1
T-002617,E00418,1,16,3,1,0,1,1
T-002618,E00418,1,10,3,1,1,1,1
T-002619,E00418,2,18,3,1,1,1,1
T-002620,E00418,1,7,3,1,1,1,1
T-002621,E00418,1,6,3,0,0,1,1
T-602622,E00418,1,15,3,1,1,1,0
T-002623,E00418,2,0,3,1,1,1,1
T-002624,E00418,2,10,3,1,1,NA,0
T-002625,E00418,2,20,3,1,1,1,1
T-602626,E00418,2,11,3,0,1,0,0
T-002627,E00419,2,0,3,0,1,1,1
T-002628,E00419,1,3,3,1,1,1,1
T-002630,E00419,2,4,3,0,1,1,1
T-002631,E00419,2,14,3,1,1,1,1
T-002632,E00419,1,14,3,1,1,1,NA
T-002636,E00420,2,12,3,1,NA,1,0
T-002634,E00420,1,18,3,1,1,1,1
T-002635,E00420,2,7,3,1,1,1,1
T-002636,E00420,2,5,3,1,1,1,1
T-002637,E00421,1,0,3,1,1,NA,1
T-002638,E00421,2,13,3,1,0,1,NA
T-002639,E00421,2,11,3,NA,1,1,0
T-002640,E00422,1,2,3,1,1,1,1
T-002641,E00422,2,18,3,1,1,1,0
T-002642,E00422,1,12,3,1,1,1,1
T-002643,E00422,2,22,3,1,1,1,1
T-002644,E00422,1,17,3,1,1,1,1
T-002645,E00422,2,6,3,1,1,1,1
T-002647,E00422,1,11,3,1,1,1,1
T-002648,E00422,2,14,3,0,1,1,1
2-002650,E00423,2,10,3,1,0,1,0
T-002651,E00423,1,8,3,0,0,1,NA
T-002652,E00423,2,11,3,1,0,1,1
T-002653,E00423,2,9,3,0,1,0,0
T-002654,E00423,1,7,3,1,1,1,0
T-002655,E00423,1,11,3,1,1,1,0
T-002657,E00424,1,21,3,1,1,1,1
T-002658,E00424,2,9,3,0,1,0,1
T-002659,E00425,2,23,3,1,1,1,1
T-002660,E00425,2,4,3,0,0,0,1
T-002602,E00426,2,3,3,0,1,1,0
T-002663,E00426,2,18,3,0,1,1,1
T-002664,E00426,2,18,3,1,1,1,1
T-002665,E00426,1,20,3,0,1,1,1
T-002666,E00427,2,19,3,1,1,1,1
T-002668,E00427,1,10,3,1,NA,1,1
T-002669,E00427,2,0,3,0,1,0,1
T-002670,E00427,2,15,3,1,0,NA,1
T-002271,E00427,2,10,3,1,1,1,1
T-002672,E00427,2,17,3,1,1,0,0
T-002673,E00427,2,17,3,1,NA,1,1
T-002674,E00428,1,21,3,1,0,0,1
T-002676,E00428,1,0,3,1,1,0,NA
T-002677,E00428,2,0,3,1,0,0,0
T-002678,E00428,1,24,3,1,NA,1,0
T-002679,E00428,1,8,3,1,1,0,1
T-002680,E00428,2,14,3,1,1,0,1
T-002681,E00429,1,4,3,1,1,1,1
T-002682,E00429,2,10,3,1,1,1,1
T-002683,E00429,2,11,3,1,1,1,1
T-002684,E00429,1,5,3,1,1,1,1
T-002686,E00429,1,22,3,1,1,1,0
T-002687,E00429,2,17,3,NA,1,1,1
T-002688,E00430,2,6,3,1,0,1,1
T-002689,E00430,2,3,3,NA,0,1,1
T-002690,E00431,2,13,3,1,0,1,1
T-002691,E00431,2,10,3,0,1,NA,0
T-002693,E00431,2,3,3,0,0,1,1
T-002694,E00432,2,4,3,1,1,1,1
T-002695,E00432,2,7,3,1,1,1,1
T-002696,E00432,2,13,3,1,0,1,1
0-002697,E00432,1,18,3,1,1,1,1
T-002698,E00432,2,13,3,1,1,1,1
T-002699,E00433,2,5,3,1,1,1,1
T-002701,E00434,2,14,3,0,0,1,1
T-002702,E00434,1,14,3,1,1,1,NA
T-002703,E00434,1,1,3,1,1,1,1
T-002704,E00434,2,25,3,1,1,1,1
T-002705,E00434,2,8,3,1,1,0,1
T-002707,E00434,1,5,3,1,NA,1,1
T-002708,E00435,1,3,3,1,1,1,1
T-002709,E00435,2,15,3,1,1,0,1
T-002710,E00435,1,19,3,1,NA,1,1
T-002711,E00435,2,7,3,1,1,1,1
T7002712,E00435,2,5,3,1,1,1,1
T-002713,E00435,2,21,3,1,1,1,1
T-002714,E00435,1,15,3,0,1,1,1
T-002715,E00435,1,14,3,1,1,1,1
T-002716,E00435,2,16,3,1,1,1,1
T-002717,E00436,2,16,3,1,1,1,NA
T-002718,E00436,2,18,3,1,1,1,1
T-002719,E00436,1,11,3,NA,1,1,1
T-002720,E00436,2,5,3,1,1,1,1
T-002721,E00436,2,8,3,1,1,1,1
T-002722,E00436,1,15,3,1,1,1,1
T-002723,E00436,1,0,3,1,1,1,1
T-002724,E00436,1,12,3,1,1,1,1
T-002725,E00436,2,17,3,1,1,1,1
T-002726,E00436,2,18,3,1,1,1,1
T-002727,E00436,1,9,3,1,1,1,1
T-002728,E00437,2,0,3,1,1,1,1
T-002730,E00437,2,9,3,1,1,0,1
T1002731,E00437,1,0,3,1,1,0,1
T-002732,E00437,2,13,3,1,1,1,0
T-002733,E00437,2,0,3,0,1,0,0
T-002735,E00437,1,12,3,0,1,1,1
T-002736,E00437,1,9,3,1,1,1,0
T-002737,E00437,2,0,3,1,1,1,1
T-002738,E00437,2,16,3,1,0,0,0
T-002739,E00438,2,12,3,1,1,1,1
T-002740,E00438,2,10,3,0,1,1,1
T-002741,E00438,1,5,3,1,1,1,1
T-002742,E00438,1,11,3,1,1,1,1
T-002743,E00438,1,13,3,1,1,1,1
T-002744,E00438,2,15,3,1,1,1,1
T-002745,E00438,1,14,3,1,1,1,0
T-002746,E00438,1,7,3,1,1,1,1
T-002747,E00439,2,5,3,NA,0,1,1
T-002749,E00439,2,3,3,1,1,1,1
T-002750,E00439,2,0,3,1,0,1,1
T-002751,E00439,2,10,3,1,1,1,1
T-002752,E00439,1,5,3,1,1,1,1
T-002753,E00439,1,15,3,1,1,1,1
T-002754,E00440,2,11,3,1,0,1,1
T-002715,E00440,1,10,3,1,1,1,1
T-002756,E00440,1,2,3,0,0,0,1
T-002757,E00441,1,27,3,1,1,1,NA
T-002758,E00441,1,10,3,1,1,1,1
T-002759,E00441,2,9,3,0,1,1,1
T-002760,E00441,2,26,3,0,1,1,1
T-002762,E00441,2,14,3,1,0,1,1
T-002763,E00441,2,19,3,1,1,1,1
T-002764,E00441,1,15,3,1,1,1,1
T-002766,E00442,1,9,3,1,1,1,1
T-002767,E00442,2,14,3,1,1,1,1
T-002768,E00442,2,0,3,1,1,1,1
T-002769,E00442,1,16,3,1,1,1,1
T-002770,E00442,2,12,3,1,1,1,1
4-002771,E00442,2,5,3,1,1,0,1
T-002772,E00442,2,12,3,1,1,1,1
T-002773,E00443,2,10,3,1,0,1,1
T-002774,E00443,2,16,3,1,1,1,1
T-002775,E00443,2,8,3,1,1,1,0
T-002777,E00443,2,9,3,0,0,1,1
T-002778,E00443,2,3,3,1,1,1,1
T-002779,E00443,1,1,3,1,1,0,1
T-002780,E00444,2,12,3,1,1,1,1
T-032781,E00444,1,15,3,1,1,1,1
T-002782,E00444,1,3,3,1,1,1,1
T-002183,E00444,1,12,3,1,1,1,1
T-002784,E00444,1,20,3,1,1,1,1
T-002785,E00444,1,14,3,1,1,1,NA
T-002786,E00444,1,10,3,1,1,1,1
T-002788,E00445,2,4,3,1,0,1,1
T-002789,E00445,2,6,3,1,0,1,1
T-002790,E00446,1,15,3,1,1,NA,1
T-002791,E00446,2,15,3,1,1,1,1
T-002792,E00446,2,6,3,0,NA,1,1
T-002793,E00446,1,11,3,1,1,1,1
T-002794,E00446,2,11,3,1,1,0,1
T-002795,E00446,2,20,3,1,1,1,1
T-002796,E00446,1,10,3,1,1,1,0
T-002797,E00446,2,10,3,NA,1,0,1
T-002798,E00446,1,15,3,1,1,1,1
T-002799,E00446,1,5,3,1,1,1,1
T-002800,E00446,2,18,3,1,1,1,1
T-002801,E00446,1,15,3,1,1,1,1
T-002802,E00446,2,10,3,1,1,1,1
T-002803,E00446,2,4,3,1,1,1,1
T-002804,E00447,2,14,3,1,1,1,1
T-002808,E00447,1,7,3,1,1,1,1
T-002809,E00447,2,10,3,1,1,0,1
T-002810,E00447,2,11,3,1,1,1,1
T-002811,E00447,2,6,3,1,1,1,1
T-002812,E00447,2,13,3,1,1,1,1
T-002813,E00448,2,4,3,1,1,1,1
T-002815,E00448,2,4,3,1,1,1,1
T-002816,E00448,2,13,3,1,NA,0,1
T-002817,E00449,1,0,3,1,1,1,1
T-002818,E00449,2,9,3,1,1,1,1
T-002819,E00449,2,17,3,1,1,1,1
T-002820,E00449,1,7,3,1,1,1,1
T8002821,E00449,1,6,3,1,1,1,0
T-002822,E00449,1,7,3,1,NA,1,1
T-002824,E00449,1,9,3,1,1,1,1
T-002825,E00450,2,10,3,1,1,1,1
T-002826,E00450,2,15,3,1,1,1,1
T-002827,E00450,1,3,3,1,1,1,1
T-002828,E00451,2,13,3,1,1,1,1
T-002829,E00451,1,10,3,1,1,1,1
T-002830,E00451,1,0,3,1,1,1,1
T-002831,E00451,2,9,3,1,1,1,1
T-002832,E00451,1,21,3,1,1,1,1
T-002833,E00451,1,10,3,1,1,0,1
T-002834,E00451,1,3,3,1,1,1,1
T-002835,E00451,1,2,3,1,1,1,1
T-002837,E00451,1,1,3,0,1,1,1
T-002838,E00451,2,9,3,1,1,1,1
T-002839,E00451,2,21,3,1,1,1,1
T-002840,E00451,2,18,3,1,1,1,1
T-002841,E00451,2,16,3,1,1,1,1
T-002842,E00451,2,17,3,1,1,0,1
T-002843,E00451,2,14,3,1,0,0,1
T-002844,E00451,1,12,3,1,1,1,1
T-002845,E00452,2,0,3,1,0,1,0
T-002846,E00452,2,11,3,0,1,1,1
T-002844,E00452,2,13,3,1,1,0,1
T-202848,E00452,2,10,3,1,0,1,1
T-002849,E00452,1,4,3,1,1,1,1
T-002850,E00452,2,7,3,1,1,1,1
T-002852,E00453,1,7,3,1,1,1,1
T-002853,E00453,2,10,3,1,1,1,1
T-002854,E00453,2,22,3,1,0,1,1
T-002855,E00454,1,25,3,1,NA,1,1
T-002856,E00454,2,18,3,0,1,1,1
T-002857,E00454,2,11,3,1,1,1,1
T-002858,E00454,1,13,3,1,1,1,1
T-002859,E00454,1,5,3,1,1,1,0
T-002860,E00454,1,13,3,1,1,1,1
T-002861,E00454,2,11,3,1,1,1,1
T-002862,E00455,2,0,3,1,1,1,1
T-002863,E00455,1,20,3,1,1,1,1
T-002865,E00455,2,2,3,0,1,1,1
T-002866,E00455,1,15,3,1,1,1,1
T-002867,E00456,2,11,3,1,1,1,1
T-002868,E00456,1,2,3,1,0,0,0
T-002869,E00456,2,8,3,1,1,1,1
T-002870,E00457,2,21,3,1,1,1,1
T-002871,E00457,2,5,3,1,1,1,1
T-002872,E00457,2,10,3,1,1,1,1
T-002873,E00457,2,0,3,1,1,0,1
T-002874,E00457,2,13,3,1,1,1,1
T-002875,E00457,1,6,3,1,1,1,1
T-002877,E00457,2,19,3,1,NA,1,1
T-002878,E00458,1,8,3,1,1,1,1
T-002879,E00458,2,0,3,1,1,1,1
T-002880,E00458,2,11,3,1,1,NA,1
T-002881,E00458,2,17,3,1,1,1,1
T-002882,E00459,2,11,3,1,1,1,0
1-002884,E00459,2,1,3,1,1,1,1
T-002886,E00459,1,0,3,1,1,1,1
T-002887,E00460,2,5,3,1,0,1,1
T-002888,E00460,2,9,3,0,1,1,1
T-002889,E00460,2,9,3,1,1,1,1
T-002890,E00461,1,11,3,1,1,1,1
T-002891,E00461,1,14,3,1,NA,1,1
T-002892,E00461,2,6,3,1,1,1,1
T-012893,E00461,2,5,3,1,1,1,1
T-002894,E00461,1,10,3,1,1,1,1
T-002895,E00461,2,16,3,1,0,1,1
T-002897,E00461,2,15,3,1,1,1,1
T-002900,E00462,2,0,3,1,1,NA,1
T-002902,E00462,2,0,3,1,1,1,1
T-002903,E00462,1,3,3,1,1,1,1
T-002904,E00462,2,8,3,1,0,1,0
T-002906,E00463,2,0,3,1,1,1,1
T-006907,E00463,1,15,3,1,1,1,1
T-002908,E00463,1,4,3,1,1,1,1
T-002909,E00464,2,4,3,1,1,1,1
T-002910,E00464,1,16,3,1,0,1,1
T-002911,E00464,1,10,3,NA,1,1,1
T-002912,E00464,1,8,3,1,0,1,1
T-002913,E00464,1,10,3,1,1,1,1
T-002914,E00464,2,13,3,1,1,1,1
T-002915,E00464,1,7,3,1,1,1,1
T-002916,E00465,2,11,3,1,1,1,1
T-002917,E00465,2,17,3,1,1,1,1
T-002918,E00465,1,10,3,0,1,1,1
T-402919,E00465,1,10,3,1,1,1,1
T-002920,E00465,2,10,3,0,1,0,1
T-002921,E00465,2,5,3,1,1,1,1
T-002922,E00466,2,11,3,1,1,1,1
T-002924,E00466,1,4,3,1,1,1,1
T-002925,E00466,2,0,3,0,1,1,1
T-002921,E00466,2,11,3,1,1,1,1
T-002927,E00466,1,4,3,1,0,1,1
T5002928,E00466,1,12,3,1,1,0,1
T-002929,E00466,1,13,3,1,1,0,1
T-002930,E00466,2,8,3,0,1,1,1
T-002931,E00466,1,13,3,1,1,1,1
T-002932,E00467,2,10,3,1,1,1,1
T-002933,E00467,2,8,3,0,1,1,0
T-002934,E00467,2,20,3,1,1,1,1
T-002935,E00467,2,9,3,NA,1,1,1
T-002936,E00467,2,13,3,1,1,1,1
T-002938,E00468,2,3,3,1,1,1,1
T-002939,E00468,1,18,3,1,1,1,1
T-002941,E00468,2,12,3,1,1,1,1
T-002942,E00468,2,16,3,1,1,1,1
T-002943,E00468,2,21,3,1,0,1,1
T-002945,E00468,1,14,3,1,1,1,1
T-002946,E00468,2,10,3,1,1,1,1
T-002948,E00469,2,7,3,1,1,1,0
T-002949,E00470,2,0,3,1,1,1,1
T-002951,E00470,2,19,3,0,1,1,0
T-002952,E00470,2,0,3,0,1,0,1
T-002953,E00470,2,18,3,0,0,0,1
T-002954,E00470,2,5,3,1,0,1,1
T-002955,E00470,1,12,3,1,1,1,NA
T-002957,E00470,2,5,3,0,1,0,1
T-002958,E00471,1,5,3,1,1,1,1
T-002959,E00471,2,15,3,1,1,1,1
T-002960,E00471,2,10,3,1,1,1,1
T-002961,E00471,2,13,3,1,1,1,0
T-002962,E00471,1,8,3,1,1,1,1
T-002963,E00471,2,0,3,1,1,1,1
T-002964,E00471,2,6,3,1,1,1,1
T-002965,E00472,2,5,3,NA,1,1,1
T-002966,E00472,2,5,3,0,1,1,1
T-002967,E00472,1,5,3,1,1,NA,1
T-002968,E00472,2,10,3,1,1,0,1
T-602970,E00472,2,3,3,1,0,1,NA
T-002971,E00472,2,14,3,1,0,0,1
T-002972,E00472,2,9,3,1,1,1,0
T-002973,E00473,2,14,3,1,1,1,0
T-002974,E00473,2,8,3,1,1,0,1
T-002975,E00473,2,0,3,1,1,1,1
T-002976,E00473,2,2,3,NA,1,1,1
T-002977,E00473,1,0,3,1,1,1,0
T-002978,E00473,1,3,3,1,1,1,1
T-002979,E00473,2,6,3,1,1,1,1
T-002980,E00473,1,5,3,1,1,1,1
T-002981,E00473,1,22,3,NA,1,1,1
T-002982,E00474,2,10,3,1,0,1,1
T-002983,E00474,2,4,3,0,0,0,1
T-002986,E00474,2,0,3,1,0,1,1
T-002987,E00474,1,0,3,0,1,1,1
T-002989,E00474,2,9,3,NA,0,0,1
T-002990,E00475,1,11,3,0,1,0,0
T-002991,E00475,2,0,3,1,1,1,1
T-002992,E00475,1,24,3,1,0,1,1
T-002993,E00476,2,0,3,0,1,0,1
T-002994,E00476,2,0,3,1,1,1,1
T-002995,E00476,2,9,3,NA,0,1,1
T-002997,E00477,1,6,3,0,1,1,1
T-002998,E00477,2,4,3,0,1,1,1
T-003000,E00477,2,19,3,1,1,1,1
T-003001,E00477,2,0,3,0,1,1,1
T-003002,E00477,2,0,3,0,0,0,0
T-003004,E00477,1,13,3,1,1,1,1
T-003005,E00477,1,14,3,1,0,1,1
T-009006,E00477,2,12,3,1,1,0,0
T-003007,E00477,2,5,3,1,1,1,0
T-003009,E00478,2,10,3,1,1,1,1
T-003010,E00478,2,11,3,1,1,1,0
T-003011,E00478,2,11,3,0,1,0,1
T-003012,E00479,1,14,3,1,1,1,1
T-003013,E00479,1,20,3,1,0,1,1
T-003014,E00479,1,18,3,1,1,1,0
T-003015,E00479,1,5,3,1,0,0,1
T-003016,E00479,2,11,3,0,1,1,1
T-003017,E00479,2,5,3,1,NA,0,1
T-003018,E00479,1,10,3,0,0,1,1
T-003019,E00480,2,4,3,1,1,1,1
T-003020,E00480,2,4,3,1,1,1,1
T-003021,E00480,2,9,3,1,0,0,1
T-003022,E00480,2,3,3,1,0,1,1
T-003723,E00480,2,9,3,1,1,NA,1
T-003024,E00480,1,4,3,1,1,1,1
T-003025,E00481,2,19,3,1,NA,0,0
T-003026,E00481,1,15,3,1,NA,1,1
T-003027,E00481,2,0,3,1,1,1,1
T-003028,E00481,1,19,3,1,1,1,NA
T-003030,E00481,1,15,3,1,1,1,1
T-003031,E00481,2,0,3,0,1,1,1
T-003032,E00481,1,11,3,1,1,1,1
T-003033,E00482,2,14,3,0,1,0,0
T-003035,E00482,2,15,3,0,1,1,0
T-003036,E00483,2,1,3,1,0,1,1
T-003037,E00483,1,4,3,1,1,0,1
T-003039,E00483,1,11,3,1,1,0,0
T-003040,E00483,2,6,3,1,NA,1,1
T-003042,E00484,2,14,3,1,1,1,1
T-003043,E00484,1,13,3,1,1,1,1
T-003044,E00484,2,7,3,1,1,1,1
T-003045,E00484,1,5,3,1,0,1,1
T-003046,E00484,2,8,3,1,1,1,1
T-003047,E00484,1,5,3,1,1,1,1
T-003049,E00485,1,16,3,NA,1,1,1
T-003050,E00485,1,17,3,NA,1,1,1
T-003852,E00485,2,18,3,1,1,1,1
T-003053,E00485,2,24,3,1,1,1,0
T-003055,E00485,2,6,3,1,0,1,0
T-003056,E00485,1,6,3,1,1,1,1
T-003057,E00485,2,13,3,0,1,0,0
T-003058,E00485,1,7,3,0,1,1,0
T-003059,E00485,1,17,3,1,1,1,1
T-003061,E00485,2,1,3,1,0,1,1
T-003062,E00486,1,15,3,1,1,1,1
T-003063,E00486,2,10,3,1,1,1,1
T-003064,E00487,2,16,3,1,1,1,1
T-003065,E00487,2,4,3,1,1,NA,1
T-003066,E00487,1,10,3,1,1,1,1
T-003067,E00487,2,0,3,0,0,0,1
T-003068,E00487,1,27,3,0,1,1,1
T-003070,E00488,1,3,3,1,0,1,1
T-003071,E00488,2,5,3,0,1,1,1
T-003072,E00488,1,10,3,1,NA,1,1
T-003073,E00488,2,6,3,0,1,1,NA
T-003075,E00489,2,26,3,0,1,0,1
T-003076,E00489,2,16,3,1,1,1,0
T-003077,E00489,2,0,3,0,1,0,1
T-003078,E00489,2,0,3,1,1,1,1
T-003079,E00489,1,8,3,1,1,1,1
T-003080,E00490,2,0,3,1,1,1,1
T-003081,E00490,2,15,3,0,0,0,1
T-003082,E00490,1,9,3,1,1,1,0
T-003083,E00490,2,0,3,0,1,1,0
T-003084,E00490,2,15,3,0,1,1,0
T-003085,E00491,1,5,3,1,1,1,1
T-003086,E00491,2,5,3,1,1,NA,1
T-003088,E00491,2,8,3,1,0,1,0
T-008089,E00491,1,12,3,0,0,0,0
T-003091,E00492,1,16,3,1,1,1,1
T-003092,E00492,2,21,3,1,0,1,1
T-003093,E00492,1,2,3,1,1,1,1
T-003094,E00492,1,16,3,1,0,1,1
T-003095,E00492,2,23,3,0,1,1,1
T-003097,E00493,2,14,3,1,1,1,1
T-003098,E00493,2,3,3,0,1,1,1
T-003099,E00493,1,4,3,1,1,1,1
T-003100,E00493,1,5,3,1,0,1,1
T-003101,E00493,1,2,3,1,1,1,0
T-003102,E00493,2,17,3,1,1,1,NA
T-003103,E00493,2,5,3,1,1,NA,0
T-003104,E00493,2,11,3,1,1,1,1
T-003105,E00493,2,1,3,0,1,1,NA
T-003106,E00493,1,9,3,1,1,NA,1
T-003108,E00493,2,4,3,1,1,1,0
T-003109,E00494,2,4,3,0,1,0,1
T-003112,E00494,1,21,3,0,0,1,1
T-003113,E00494,2,9,3,1,1,1,1
T-003114,E00495,1,11,3,1,1,1,1
T-003115,E00495,1,11,3,1,0,1,1
T-003116,E00495,2,5,3,1,1,1,1
T-003117,E00495,1,9,3,1,1,0,1
T-003116,E00495,1,14,3,1,1,1,1
T-003119,E00496,2,16,3,1,1,0,0
T-003120,E00496,2,6,3,1,1,1,1
T-003122,E00496,1,20,3,0,NA,1,0
T-003123,E00497,2,5,3,1,1,1,1
T-003124,E00497,1,18,3,1,1,1,1
T-003125,E00497,1,18,3,1,1,1,1
T4003126,E00497,1,15,3,1,1,1,1
T-003128,E00497,1,8,3,1,0,1,1
T-004130,E00497,2,11,3,1,1,1,1
T-003131,E00497,2,9,3,1,1,1,1
T-003132,E00497,1,10,3,0,1,0,0
T-003133,E00498,1,15,3,1,1,1,0
T-003134,E00498,2,0,3,1,0,1,0
T-003135,E00498,1,18,3,1,1,1,1
1-003136,E00498,1,24,3,1,1,1,1
T-003137,E00498,1,0,3,1,1,NA,1
T-003138,E00498,1,0,3,1,1,1,0
T-003139,E00498,1,11,3,1,1,1,0
T-003140,E00499,1,5,3,0,1,0,1
T-003141,E00499,1,10,3,0,1,1,1
T-003142,E00499,1,8,3,1,1,1,NA
T-003143,E00499,1,1,3,0,1,1,1
3-003144,E00499,1,13,3,1,1,1,1
T-003145,E00499,2,0,3,1,1,1,1
T-003146,E00499,1,12,3,1,1,1,1
T-003147,E00499,1,17,3,1,1,1,1
T-003148,E00499,1,2,3,1,1,1,1
T-003149,E00499,2,20,3,1,1,1,1
T-003150,E00500,1,1,3,0,1,1,1
T-003151,E00500,2,5,3,1,NA,NA,1
T-003152,E00500,2,1,3,1,1,1,0
T-003153,E00500,1,6,3,1,1,1,1
T-003155,E00500,2,13,3,1,1,1,0
T-003156,E00500,2,27,3,1,1,1,1
T-003117,E00500,2,0,3,1,1,1,1
T-003160,E00502,1,2,3,1,1,1,1
T-003161,E00502,2,1,3,1,1,1,1
T-003162,E00502,2,7,3,1,1,1,1
T-003163,E00502,1,13,3,1,1,1,1
T-003164,E00502,2,13,3,1,NA,1,1
T-003165,E00502,1,5,3,1,1,1,1
T-003166,E00502,1,15,3,1,1,1,1
T-003167,E00502,1,0,3,1,1,1,1
T-003168,E00503,2,6,3,1,1,1,1
T-003169,E00503,1,23,3,1,1,0,1
T-003171,E00504,1,16,3,1,1,1,1
T-003173,E00504,1,12,3,1,1,0,0
T-003174,E00504,2,3,3,1,1,0,1
T-003175,E00504,2,9,3,1,0,0,1
4-003176,E00504,1,4,3,1,1,1,1
T-003177,E00504,1,9,3,1,1,1,1
T-003178,E00505,1,2,3,1,0,1,0
T-003579,E00505,1,21,3,1,1,1,1
T-003180,E00505,2,1,3,1,0,1,1
T-003181,E00505,1,7,3,1,1,1,0
T-003182,E00506,1,17,3,1,1,0,1
T-003183,E00506,2,0,3,1,1,1,1
T-003184,E00506,1,9,3,1,1,1,1
T-003185,E00507,1,19,3,1,0,0,1
T-003186,E00507,1,19,3,0,1,0,1
T0003187,E00507,2,0,3,NA,0,0,NA
T-003189,E00508,1,3,3,1,0,1,0
T-003190,E00508,1,6,3,1,1,1,1
T-003192,E00508,2,1,3,1,1,1,1
T-003193,E00508,2,6,3,1,1,1,1
T-003194,E00509,2,6,3,1,0,0,1
T-003195,E00509,2,8,3,1,1,1,1
T-003196,E00509,2,10,3,1,1,1,0
T-003197,E00509,1,5,3,NA,1,1,1
T1003198,E00509,2,18,3,1,1,1,1
T-003199,E00509,1,15,3,1,1,NA,1
T-003200,E00510,1,9,3,1,1,1,NA
T-003202,E00510,2,18,3,1,0,1,1
T-003203,E00510,2,6,3,1,1,1,1
T-003204,E00510,2,27,3,1,1,0,1
T-003205,E00510,1,4,3,1,0,0,1
T-003206,E00511,1,5,3,1,1,0,1
T4003207,E00511,2,17,3,1,1,1,1
T-203208,E00511,2,15,3,1,1,1,1
T-003209,E00511,1,12,3,1,1,1,1
T-003210,E00511,1,11,3,1,1,1,1
T-003211,E00511,2,2,3,1,1,1,1
T-003252,E00511,2,11,3,1,1,1,1
T-003213,E00511,2,6,3,1,1,1,1
T-003214,E00511,2,8,3,1,0,1,1
T-003215,E00511,2,0,3,1,1,1,1
T-003216,E00511,1,0,3,1,1,0,1
T-003217,E00512,2,0,3,1,1,1,1
T-003218,E00512,2,19,3,1,1,1,1
T-003219,E00512,1,9,3,1,1,1,1
T-003220,E00512,2,12,3,NA,1,1,1
T-003221,E00512,1,23,3,1,1,1,1
T-003222,E00512,2,19,3,1,1,1,1
T-003223,E00512,1,8,3,1,1,1,1
T-003226,E00513,1,17,3,1,0,1,1
T-003228,E00513,1,0,3,1,0,1,1
T-003229,E00513,1,24,3,1,1,0,1
3-003230,E00513,1,21,3,1,1,0,1
T-003231,E00514,2,0,3,0,0,1,1
T-003232,E00514,2,5,3,0,0,0,1
T-003233,E00515,2,19,3,1,0,1,1
T-003234,E00515,1,20,3,1,1,1,1
T-003235,E00515,2,15,3,1,1,1,1
T-003236,E00515,1,8,3,1,1,1,1
T-003237,E00515,1,9,3,1,1,1,1
T-003239,E00515,2,9,3,1,1,1,1
T-003240,E00515,1,0,3,1,1,1,NA
T-003241,E00516,1,1,3,1,0,1,1
T-003242,E00516,1,12,3,1,1,NA,1
T-003243,E00516,2,3,3,1,1,1,1
T-003245,E00516,1,7,3,0,1,1,1
T-003246,E00516,2,10,3,1,1,1,1
T-003247,E00517,2,11,3,0,0,1,1
T-003248,E00517,2,0,3,0,1,0,1
T2003249,E00517,2,12,3,1,1,1,1
T-003250,E00517,2,1,3,1,NA,1,1
T-003251,E00517,1,12,3,1,1,1,1
T-003252,E00517,1,20,3,1,1,1,1
T-003253,E00518,2,8,3,1,NA,1,1
T-003254,E00518,2,15,3,1,1,1,NA
T-003255,E00518,2,17,3,1,1,1,1
T-003256,E00518,2,9,3,1,1,NA,0
T-003229,E00519,1,0,3,1,0,1,1
T-003261,E00520,2,10,3,1,1,1,1
T-003262,E00520,1,8,3,0,1,1,1
T-003263,E00520,1,8,3,1,0,1,1
T-003265,E00520,1,14,3,1,1,1,1
T-003266,E00520,2,0,3,1,1,NA,1
T-803267,E00520,2,16,3,1,1,NA,1
T-003268,E00521,1,5,3,1,1,1,1
8-003269,E00521,2,7,3,1,0,0,1
T-003270,E00521,1,6,3,0,1,1,1
T-003272,E00522,2,3,3,1,1,1,1
T-003273,E00522,2,9,3,1,1,1,1
T-003274,E00522,2,8,3,1,1,1,1
T-003275,E00522,2,16,3,0,1,1,NA
T-003276,E00522,2,10,3,1,1,1,1
T-003277,E00522,2,9,3,1,1,NA,0
T-003268,E00522,1,3,3,1,1,1,1
T-003279,E00522,2,6,3,1,0,1,1
T-003280,E00522,1,20,3,1,0,1,1
T-003281,E00522,2,14,3,1,1,1,1
T-003282,E00523,2,6,3,1,1,1,1
T-003283,E00523,2,26,3,0,1,1,1
T-003284,E00523,2,16,3,1,1,1,0
T-003285,E00523,1,25,3,1,1,1,1
T-003286,E00524,2,11,3,1,1,1,1
T-003287,E00524,1,14,3,1,0,1,1
T-003289,E00524,2,14,3,1,1,1,1
T-003290,E00524,2,21,3,1,1,1,1
T-003291,E00525,1,0,3,1,1,1,0
T-003292,E00525,1,6,3,0,1,1,1
T-063294,E00525,1,5,3,NA,1,NA,0
T-003295,E00526,2,3,3,0,1,0,0
T-003296,E00526,2,8,3,1,1,1,1
T-003298,E00526,2,0,3,1,1,1,1
T-003299,E00526,2,12,3,1,1,1,1
T-003302,E00527,1,10,3,1,1,1,1
T-003303,E00527,1,10,3,1,1,1,1
T-003304,E00527,2,11,3,0,1,1,1
T-003305,E00527,2,7,3,1,1,1,1
T-003306,E00528,2,9,3,0,1,1,0
T-003308,E00528,1,19,3,1,1,1,1
T-003309,E00528,1,11,3,1,1,0,1
T-003310,E00529,1,2,3,1,1,1,1
T-003311,E00529,1,0,3,1,1,1,1
T-003312,E00529,2,11,3,1,1,1,1
T4003313,E00529,1,13,3,1,1,0,1
T-003314,E00529,2,12,3,0,1,1,1
T-003315,E00529,1,4,3,1,1,1,NA
T-003316,E00529,1,11,3,1,1,1,1
T-003317,E00529,2,4,3,1,1,1,1
T-603320,E00529,1,14,3,1,1,NA,1
T-003321,E00529,1,12,3,1,1,1,1
T-003322,E00530,2,3,3,1,1,1,1
T-003324,E00530,2,12,3,1,1,0,1
T-003325,E00530,2,0,3,1,0,0,1
T-003326,E00530,2,9,3,1,1,1,1
T-003327,E00530,2,2,3,1,1,1,1
T-003328,E00530,1,2,3,0,1,1,1
T-003329,E00530,1,12,3,1,1,1,0
T-003330,E00530,2,12,3,0,0,1,1
T-003331,E00530,2,4,3,1,1,1,1
T-003332,E00531,1,15,3,1,0,1,1
T-003333,E00531,1,3,3,1,1,1,1
2-003334,E00531,2,8,3,1,1,1,1
T-003335,E00531,1,16,3,1,1,1,1
T-003336,E00531,1,7,3,1,1,1,1
T-003357,E00531,1,1,3,1,1,0,1
T-003338,E00531,1,5,3,1,1,1,1
T-003339,E00531,1,11,3,1,1,1,1
T-003340,E00531,1,9,3,1,1,1,1
T-003341,E00531,2,2,3,1,1,1,1
T-003342,E00531,2,18,3,0,1,1,1
T-003343,E00532,2,10,3,1,1,1,1
T-023344,E00532,2,0,3,1,1,1,1
T-003345,E00532,2,11,3,1,1,1,1
T-003346,E00532,1,10,3,0,0,0,0
T-003348,E00532,1,9,3,1,1,1,0
T-003350,E00533,1,11,3,1,1,1,1
4-003351,E00533,1,17,3,1,0,1,0
T-003352,E00533,2,5,3,1,1,1,1
T-003353,E00533,2,17,3,1,1,1,1
T-003354,E00533,2,0,3,1,1,1,1
T-003355,E00533,2,0,3,1,1,1,1
T-003356,E00534,1,6,3,0,1,0,1
T-003357,E00534,1,10,3,1,1,1,1
T-003359,E00534,1,15,3,1,NA,1,0
T-083360,E00534,2,10,3,1,1,0,1
T-003361,E00534,2,9,3,1,1,1,1
T-003362,E00534,1,0,3,0,1,1,1
T-003363,E00534,1,2,3,1,1,1,1
T-003364,E00535,1,7,3,0,0,NA,0
T-003365,E00535,2,15,3,1,1,1,1
T-003366,E00535,2,1,3,1,1,1,1
T-003367,E00535,2,12,3,1,1,1,1
T-003368,E00535,1,6,3,0,1,NA,1
T-003369,E00535,1,4,3,1,1,NA,1
T-003370,E00536,2,3,3,1,NA,1,1
T-003371,E00536,2,12,3,1,1,0,1
T-003373,E00536,2,6,3,0,1,1,1
T-003374,E00536,2,11,3,1,1,0,1
T-903375,E00536,1,21,3,1,1,1,0
T-003376,E00537,2,18,3,1,1,1,NA
T-003377,E00537,2,13,3,1,0,0,1
T-003378,E00537,1,5,3,1,1,1,1
T-003380,E00537,2,18,3,1,1,1,1
T-003381,E00537,2,7,3,1,1,1,NA
T-003382,E00537,2,23,3,1,1,1,1
T-003383,E00537,1,11,3,1,1,1,1
T-003384,E00537,2,6,3,1,1,0,1
T-003385,E00537,2,18,3,1,0,1,1
T-003316,E00538,2,11,3,0,0,0,0
T-003387,E00538,2,0,3,1,1,0,1
T-003388,E00538,1,14,3,1,1,1,0
T-003389,E00538,1,5,3,0,1,1,1
T-003320,E00538,2,5,3,1,1,0,0
T-003392,E00538,2,22,3,1,0,1,1
T-003394,E00539,1,17,3,0,1,1,1
T-003395,E00539,1,9,3,1,1,1,1
T-003396,E00539,1,9,3,1,1,1,1
T-003397,E00539,1,14,3,1,1,0,1
T-003398,E00539,1,8,3,1,1,1,1
T-003399,E00540,1,0,3,1,1,1,1
T-003400,E00540,1,2,3,1,0,1,1
T-003401,E00540,1,10,3,1,1,1,0
T-003402,E00540,2,6,3,0,1,1,1
T-003403,E00540,2,6,3,1,1,1,0
T-003204,E00540,1,10,3,1,1,1,0
T-003456,E00540,1,12,3,1,1,1,1
T-003407,E00540,1,7,3,1,1,1,1
T-003408,E00540,2,1,3,1,1,1,1
T-003409,E00540,2,2,3,1,1,1,0
T-003410,E00540,2,21,3,1,1,1,1
T-003411,E00541,2,7,3,NA,1,1,1
T-003413,E00541,2,5,3,1,1,1,1
T-003414,E00541,1,3,3,1,1,1,1
T9003415,E00541,2,7,3,1,1,1,1
T-053416,E00541,1,13,3,1,1,1,1
T-003417,E00541,2,8,3,1,1,1,1
T-003418,E00541,1,5,3,NA,1,1,1
T-003419,E00542,1,7,3,0,1,0,0
T-003420,E00542,1,12,3,0,0,0,1
T-001422,E00542,2,6,3,1,1,1,1
T-003424,E00542,1,15,3,0,1,1,1
7-003425,E00542,1,11,3,0,0,1,0
T-003426,E00542,1,2,3,1,0,1,1
T-003427,E00542,2,12,3,1,1,1,1
T-003428,E00543,2,5,3,1,1,0,1
T-003429,E00543,1,19,3,1,1,1,1
T-003431,E00543,2,2,3,1,1,1,1
T-003432,E00543,2,4,3,1,1,1,1
T-003433,E00543,2,0,3,0,0,1,1
T-003434,E00544,1,23,3,1,1,1,1
T-003435,E00544,2,3,3,0,1,1,1
T-003436,E00544,1,0,3,1,1,1,1
T-001437,E00544,2,16,3,1,1,1,0
T-003438,E00544,2,6,3,1,1,0,0
T-003439,E00544,1,11,3,1,1,0,1
T-033440,E00544,2,6,3,1,1,1,1
T-000441,E00544,1,18,3,1,1,1,1
T-003442,E00544,2,15,3,1,1,1,1
T-003443,E00545,1,7,3,1,1,0,1
T-003444,E00545,2,5,3,1,1,1,0
T-003445,E00545,2,12,3,NA,1,1,0
T-003446,E00545,2,8,3,0,1,0,0
T-003447,E00546,2,10,3,1,1,1,1
T-003448,E00546,1,12,3,1,1,1,1
T-003449,E00546,2,8,3,0,0,1,1
4-003450,E00546,2,6,3,0,1,1,1
T-003451,E00546,1,10,3,1,1,1,0
T-003452,E00546,1,0,3,1,1,1,1
T-003453,E00546,2,1,3,1,1,1,1
T-003455,E00546,1,15,3,0,0,1,0
T-003456,E00547,2,12,3,1,1,1,1
T-003457,E00547,1,5,3,1,0,0,1
T-003759,E00547,2,3,3,1,1,1,1
T-003460,E00548,1,6,3,1,1,NA,1
T-003462,E00548,2,8,3,1,0,0,1
T-003463,E00548,1,14,3,1,1,1,0
T-003464,E00548,2,2,3,0,1,1,0
T-003465,E00548,1,13,3,1,1,1,1
T-003466,E00548,1,14,3,0,1,1,1
T-003467,E00548,1,4,3,1,1,1,1
T-003468,E00548,2,9,3,1,1,1,1
T-003469,E00549,2,1,3,1,0,1,1
T-003470,E00549,2,18,3,1,0,1,1
T-003471,E00549,2,15,3,NA,0,0,1
T-003472,E00549,2,6,3,1,1,1,1
T-003478,E00549,2,12,3,1,1,1,1
T-003475,E00550,2,13,3,1,1,1,1
T-003476,E00550,2,19,3,1,1,1,1
T-003479,E00550,1,4,3,NA,1,1,1
T-003482,E00551,1,5,3,1,1,1,1
T-003483,E00551,1,0,3,1,1,1,0
T-003284,E00551,1,0,3,1,1,1,1
T-003885,E00551,2,22,3,1,1,1,1
T-003486,E00551,2,20,3,1,1,NA,1
T-003487,E00551,1,21,3,1,1,1,1
T-003489,E00551,2,4,3,1,1,1,1
T-003490,E00551,2,9,3,1,1,1,1
T-003491,E00551,1,16,3,1,1,1,0
T-003492,E00552,2,0,3,1,1,1,1
T-003493,E00552,1,18,3,NA,0,1,1
T-003494,E00552,2,11,3,1,0,1,1
T-003495,E00552,2,0,3,1,1,1,1
T-003496,E00552,1,10,3,0,1,0,1
T-003499,E00552,1,2,3,1,1,1,1
T-003500,E00552,1,14,3,1,1,0,1
T-003502,E00553,2,7,3,1,1,0,1
T-003503,E00553,1,14,3,1,1,0,0
T-003504,E00553,2,0,3,1,1,0,1
T-003505,E00553,1,0,3,1,1,1,1
T-003506,E00553,1,10,3,0,1,1,1
T-003507,E00553,1,23,3,1,1,1,1
T-003508,E00553,1,1,3,1,1,1,1
T-003510,E00554,2,5,3,0,1,NA,1
T-003511,E00554,2,4,3,1,NA,1,1
T-003512,E00554,1,9,3,0,1,1,1
T-003513,E00554,2,8,3,1,1,1,1
T-003515,E00555,2,4,3,1,0,0,1
T-003516,E00555,2,22,3,0,0,0,0
T-003517,E00555,2,2,3,0,1,1,1
T-003518,E00556,2,14,3,1,0,1,1
T-003519,E00557,2,20,3,1,1,1,1
T-003520,E00557,2,14,3,1,1,1,1
T-003521,E00557,1,6,3,1,1,1,1
T-003522,E00557,2,6,3,1,1,1,1
T-003523,E00557,1,2,3,1,1,1,1
T-003524,E00557,2,0,3,0,0,1,0
T-003525,E00558,2,0,3,1,1,1,1
T-003526,E00558,1,11,3,1,1,1,1
T-003527,E00558,2,0,3,1,1,1,1
T-003531,E00559,2,16,3,1,1,1,1
T-003532,E00559,1,9,3,1,1,1,1
T-003533,E00559,2,3,3,1,1,1,1
T-003534,E00559,1,0,3,1,0,1,1
T-003535,E00559,1,4,3,0,1,1,1
T-003536,E00559,1,20,3,1,1,1,1
T-003537,E00559,2,13,3,1,1,1,1
T-003538,E00559,2,7,3,1,1,0,1
T-003540,E00559,1,15,3,1,1,1,1
T-003541,E00559,1,14,3,1,1,1,1
T-003544,E00559,2,21,3,1,1,1,1
T-003545,E00559,2,0,3,1,1,1,1
T-003546,E00559,1,1,3,1,1,1,1
T-003547,E00559,2,14,3,0,1,1,1
T-003548,E00559,1,5,3,1,1,1,1
T-003549,E00559,1,3,3,1,1,0,1
T-003550,E00559,1,15,3,1,1,NA,1
T-003551,E00559,2,7,3,1,1,1,1
T-003552,E00559,2,13,3,1,1,1,0
T-003553,E00559,2,11,3,1,1,1,1
2-003554,E00560,1,25,3,1,0,1,1
3-003555,E00560,1,0,3,0,1,1,0
T-093556,E00561,1,13,3,1,1,1,1
T-003557,E00561,1,2,3,1,0,0,NA
7-003559,E00562,1,0,3,1,1,1,1
T-003561,E00562,1,10,3,1,1,1,NA
T-003562,E00562,1,16,3,1,1,0,1
T-003563,E00562,1,17,3,1,1,1,1
T-003566,E00563,2,20,3,1,1,1,1
T-003567,E00563,1,16,3,1,1,1,1
T7003569,E00563,2,0,3,0,1,1,1
T-003571,E00564,2,18,3,1,NA,1,1
T-003572,E00564,2,10,3,1,1,1,1
T-003573,E00564,2,7,3,NA,1,1,0
T-003574,E00564,2,24,3,1,1,1,1
T-003575,E00565,1,7,3,1,1,1,0
T-003576,E00565,2,19,3,0,0,0,0
T-003577,E00566,2,0,3,1,1,1,0
T-003578,E00566,2,10,3,1,1,1,0
T-003579,E00566,2,18,3,1,1,0,0
T-003580,E00567,1,10,3,0,NA,0,1
T-003581,E00567,2,7,3,1,1,1,1
T-003582,E00567,1,14,3,1,0,1,0
T-003583,E00568,2,12,3,1,1,1,1
T-003584,E00568,1,9,3,0,1,1,0
T-003585,E00568,2,7,3,1,0,1,1
T-003586,E00568,2,3,3,1,1,1,1
T-003587,E00568,2,4,3,1,1,1,1
T-003588,E00568,2,23,3,1,1,1,1
T-003589,E00569,1,1,3,1,1,1,1
T-003590,E00569,2,12,3,1,1,1,1
T-003591,E00569,2,21,3,1,1,1,1
T-003592,E00569,2,12,3,1,1,1,1
T-003593,E00569,2,5,3,1,1,1,1
T-003594,E00569,2,11,3,1,1,1,1
T-003595,E00569,2,18,3,1,1,1,1
T-003596,E00569,2,6,3,1,1,1,1
T-043598,E00570,2,13,3,NA,1,1,1
T-003599,E00570,2,20,3,1,1,1,1
T-003600,E00570,2,8,3,1,1,1,NA
T-003602,E00570,2,0,3,1,1,0,1
T-003604,E00571,1,0,3,1,1,1,1
T-003605,E00571,2,8,3,0,1,1,1
T-003606,E00572,1,11,3,1,1,1,1
T-003608,E00572,2,22,3,1,1,1,1
T-003609,E00572,2,6,3,1,1,1,1
T-003611,E00572,1,3,3,1,1,1,1
T-003612,E00573,1,7,3,1,0,1,1
T-003613,E00573,1,0,3,0,1,1,1
T-003614,E00574,1,1,3,1,1,1,0
T-003615,E00574,2,1,3,NA,1,1,1
T-003616,E00574,1,12,3,1,1,1,1
T-003617,E00574,2,8,3,1,1,1,1
T-003618,E00574,1,6,3,1,1,1,1
T-003619,E00574,2,0,3,1,1,1,1
T-003621,E00574,1,17,3,1,1,1,1
T-003622,E00574,2,15,3,1,1,1,1
T-073623,E00575,2,12,3,0,NA,1,NA
T-003624,E00575,2,3,3,1,1,0,1
T-003625,E00575,1,0,3,1,0,0,1
T-013626,E00576,2,21,3,1,1,0,1
T-003627,E00576,1,10,3,1,1,1,1
T-003628,E00576,1,4,3,1,0,1,1
T-003629,E00576,2,22,3,0,1,NA,1
T-003631,E00576,1,4,3,0,1,1,0
T-003632,E00576,1,6,3,1,1,1,1
T-003633,E00577,2,2,3,1,1,1,1
T-003634,E00577,2,0,3,1,1,1,1
T-003636,E00577,1,14,3,1,1,1,1
T-003637,E00578,1,8,3,0,0,1,1
T-003638,E00578,2,16,3,1,1,1,1
T-003639,E00578,2,14,3,0,1,0,0
T-003640,E00579,2,11,3,1,1,NA,1
T-003641,E00579,2,10,3,1,1,1,1
T-003642,E00579,2,1,3,1,1,1,1
T-003643,E00579,1,0,3,1,1,1,1
T-003644,E00579,1,3,3,1,1,1,1
T-003645,E00579,2,4,3,1,1,1,1
T-003646,E00579,2,13,3,1,1,1,1
T-003647,E00580,2,13,3,1,1,0,1
T-003648,E00580,2,14,3,1,1,1,1
T-003649,E00581,1,15,3,0,1,1,1
T-003650,E00581,1,8,3,1,1,0,1
T-023651,E00582,2,10,3,1,1,1,1
T-003652,E00582,2,5,3,1,0,1,0
T-003653,E00582,2,4,3,1,1,1,1
T-003655,E00582,1,7,3,1,1,1,1
T-003656,E00582,1,14,3,1,1,1,1
T-003657,E00582,2,0,3,1,1,0,0
T-003658,E00583,2,3,3,1,1,1,1
T-003659,E00583,1,15,3,1,1,1,1
T-003660,E00583,2,22,3,1,1,1,1
T-003661,E00583,2,2,3,1,NA,1,1
T-003662,E00583,1,4,3,1,1,1,1
T-003663,E00583,2,15,3,1,1,1,1
T-003664,E00583,1,7,3,1,1,1,1
T-003675,E00583,1,16,3,1,1,1,0
T-003666,E00584,2,5,3,1,0,1,0
T-003667,E00584,1,0,3,1,0,0,1
T-003668,E00585,1,7,3,1,1,1,NA
T-003669,E00585,2,0,3,1,1,1,1
T1003670,E00585,1,5,3,1,1,1,1
T-003671,E00586,2,16,3,1,1,1,1
T-003672,E00586,2,0,3,1,NA,1,1
T-003673,E00586,1,10,3,1,1,1,NA
T-003674,E00586,1,3,3,1,1,1,1
T-000675,E00586,2,11,3,1,1,1,1
T-003676,E00586,2,6,3,NA,1,1,1
T-003677,E00586,2,17,3,1,1,1,1
T-003678,E00586,2,10,3,1,1,1,1
T-003679,E00587,1,20,3,1,1,1,1
T-003680,E00587,2,0,3,1,1,1,0
T-003681,E00587,2,0,3,1,0,1,1
T-003682,E00587,2,5,3,0,1,1,1
T-003683,E00587,2,12,3,1,1,1,0
T-003684,E00587,1,12,3,1,0,0,1
T-003685,E00587,2,20,3,1,1,1,1
T-003686,E00588,2,22,3,1,0,1,1
T-003687,E00588,2,12,3,1,1,1,0
T-003688,E00588,1,7,3,1,1,1,1
T-003689,E00588,1,14,3,1,1,1,1
T-003691,E00588,2,8,3,1,1,1,1
T-003696,E00588,1,14,3,1,1,1,1
T-003693,E00589,2,8,3,1,1,1,1
T-003694,E00589,1,15,3,1,1,1,1
T-003696,E00589,2,12,3,NA,1,1,1
6-003697,E00590,2,13,3,1,1,1,1
T-003698,E00590,1,9,3,1,1,NA,1
T-003699,E00590,1,6,3,1,1,1,1
T-063701,E00590,1,6,3,1,1,1,1
T-003702,E00590,2,15,3,1,1,1,0
T-003703,E00590,1,12,3,NA,0,1,1
T-003704,E00590,2,21,3,1,1,1,1
T-003705,E00590,1,6,3,1,1,1,1
T-003706,E00590,1,9,3,1,1,1,0
T-003707,E00591,2,5,3,0,1,1,1
T-003708,E00591,1,1,3,1,1,0,1
T-003710,E00591,2,5,3,1,1,1,1
T-003711,E00592,2,3,3,1,1,1,1
T-003712,E00592,1,20,3,0,1,1,1
T-003713,E00592,2,10,3,1,1,0,1
T-003714,E00592,1,14,3,0,0,NA,0
T-003715,E00593,1,3,3,1,0,1,1
T-003716,E00593,1,3,3,1,1,1,1
T-003717,E00593,2,10,3,1,1,1,1
T-003919,E00593,1,10,3,0,1,1,1
T-003721,E00593,2,3,3,1,1,0,1
T-003722,E00593,1,7,3,1,1,1,1
T-003723,E00594,2,0,3,1,1,0,0
T-003225,E00594,2,0,3,1,1,1,0
T-003726,E00594,2,24,3,1,1,1,1
T-063728,E00595,1,13,3,1,1,1,1
T-003729,E00595,2,14,3,1,1,1,0
T-003730,E00595,2,13,3,1,1,1,1
T-003731,E00595,2,10,3,1,1,1,1
T-003732,E00595,1,0,3,1,1,1,1
T-003733,E00595,2,0,3,1,1,0,1
T-003735,E00595,1,0,3,1,1,NA,1
T-003736,E00595,2,8,3,1,1,1,1
T-003737,E00596,2,19,3,1,1,1,1
T-003738,E00596,1,5,3,0,0,1,0
T-003739,E00596,2,12,3,1,1,1,0
T-003740,E00596,1,3,3,0,1,1,1
T-003741,E00596,2,10,3,1,1,0,1
T-003743,E00597,1,15,3,NA,1,0,1
T-003744,E00597,2,9,3,1,0,1,1
T-003745,E00597,1,15,3,1,1,1,1
T8003746,E00597,1,3,3,1,1,1,1
T-003747,E00597,2,6,3,1,NA,1,1
T-003748,E00597,2,2,3,1,1,1,1
T-003749,E00597,2,5,3,1,0,1,0
T-003750,E00597,2,12,3,1,1,1,1
T-003751,E00597,2,19,3,1,1,1,1
T-003752,E00598,1,0,3,1,1,1,0
T-003753,E00598,2,11,3,NA,1,NA,1
T-003754,E00598,2,10,3,NA,0,1,1
T9003755,E00598,2,8,3,1,1,1,1
T-003756,E00598,2,17,3,1,1,1,1
T-003757,E00598,2,14,3,1,1,1,1
T-003760,E00598,1,16,3,1,1,1,1
T-003761,E00598,2,12,3,1,0,1,1
T-003764,E00599,1,4,3,0,1,1,0
T-003766,E00599,2,13,3,1,1,1,1
T-003767,E00600,2,10,3,1,1,1,0
T-003768,E00600,2,10,3,0,1,1,1
T-003769,E00600,2,23,3,1,1,1,1
T-003771,E00600,2,9,3,1,1,0,1
T-003772,E00600,1,0,3,1,0,0,1
T-003773,E00600,2,5,3,0,1,1,1
T-003774,E00600,1,22,3,1,1,1,1
T-003775,E00600,1,17,3,1,1,0,1
T-003777,E00601,2,3,3,0,0,1,0
T-003778,E00601,1,10,3,1,0,1,1
T-003779,E00601,1,15,3,0,1,1,1
T-003780,E00601,1,3,3,0,0,0,1
T-003782,E00601,2,7,3,1,1,1,1
T-003783,E00601,1,14,3,1,1,1,1
T-003784,E00602,2,4,3,1,0,1,1
T-003785,E00602,2,4,3,1,1,NA,1
T-003766,E00602,1,8,3,1,1,0,0
T-003787,E00602,2,0,3,1,1,NA,1
T-003788,E00602,2,19,3,1,1,1,1
T-003789,E00602,1,6,3,1,1,NA,1
T-003790,E00602,1,18,3,0,0,0,1
T-003791,E00602,2,11,3,0,1,1,1
T-003799,E00602,2,5,3,1,1,0,1
T-503793,E00602,2,8,3,1,0,1,1
T-073794,E00602,1,12,3,1,1,0,0
T-003795,E00602,2,1,3,1,1,0,1
T-003796,E00602,2,5,3,1,1,1,1
T-003797,E00602,1,3,3,1,NA,1,1
T-003798,E00602,1,14,3,1,1,1,1
T-603799,E00602,2,7,3,1,1,1,1
T-003800,E00602,2,3,3,1,1,1,1
T-003801,E00603,1,6,3,0,1,1,0
T-003803,E00603,1,7,3,1,0,1,1
T-003805,E00603,2,0,3,1,NA,1,1
T-003806,E00603,2,8,3,1,0,1,1
T-003807,E00604,2,11,3,1,1,1,1
T-003808,E00604,2,9,3,1,1,1,1
T-003809,E00604,1,10,3,1,NA,1,1
T-903811,E00604,2,12,3,1,1,1,1
T-003812,E00604,2,8,3,1,1,1,1
T-003813,E00604,1,13,3,1,1,1,NA
T-003814,E00604,2,10,3,1,1,1,1
T-003815,E00605,2,7,3,NA,1,NA,1
T-003816,E00605,2,9,3,1,1,1,1
T-003817,E00606,2,13,3,1,1,1,1
T-003818,E00606,2,17,3,1,NA,1,1
T-003819,E00606,2,17,3,1,1,1,1
T-003820,E00606,1,5,3,1,1,1,1
T-003821,E00607,2,21,3,1,1,1,1
T-005822,E00607,2,0,3,1,1,1,1
T-003823,E00607,2,11,3,1,1,1,1
T-007824,E00607,2,9,3,1,1,1,1
T-003825,E00607,2,14,3,1,1,1,1
T1003826,E00607,1,1,3,1,1,1,1
T-003827,E00607,2,0,3,1,1,1,1
T-003829,E00608,1,17,3,1,1,1,1
T-003830,E00608,1,0,3,1,1,1,1
T-003832,E00608,2,9,3,1,1,1,0
T-003833,E00608,1,13,3,1,1,1,1
T-003834,E00608,2,13,3,1,1,1,1
T-003835,E00608,1,3,3,1,1,1,1
T-003836,E00608,2,3,3,1,1,1,1
T-003837,E00609,2,3,3,0,1,0,1
T-003838,E00609,2,6,3,1,0,0,1
T-003840,E00609,2,7,3,1,0,0,0
T-003842,E00610,2,12,3,1,1,1,1
T-003643,E00610,2,6,3,1,0,0,1
T-003844,E00611,2,15,3,1,1,1,1
T-003845,E00611,2,35,3,1,0,1,1
T-003846,E00611,2,22,3,1,1,1,1
T-003847,E00611,2,2,3,1,1,1,1
T-003848,E00612,2,6,3,1,1,1,1
T-003850,E00612,2,1,3,1,1,1,1
T-003851,E00612,2,16,3,1,1,1,1
T-003853,E00612,1,14,3,0,1,0,0
T-003854,E00612,2,2,3,1,1,1,1
T-003855,E00612,1,11,3,1,1,NA,0
T-003857,E00612,2,12,3,1,1,1,1
T-003858,E00612,1,16,3,1,0,1,1
T-003859,E00612,2,7,3,0,1,1,1
T-003860,E00613,1,10,3,NA,1,0,1
T-003861,E00613,1,8,3,1,1,1,1
T-003863,E00613,2,8,3,0,0,0,1
T-003865,E00614,1,9,3,0,1,1,1
T-003866,E00614,2,8,3,1,1,1,1
T-003867,E00614,1,17,3,1,1,1,0
T-003868,E00614,1,9,3,1,1,1,1
T-083869,E00615,1,3,3,0,1,1,1
T-003870,E00615,2,7,3,1,1,0,1
T-003871,E00615,2,13,3,1,1,1,1
T-003872,E00615,2,12,3,1,1,NA,1
T-003873,E00616,2,0,3,1,0,1,1
T-003876,E00616,1,6,3,NA,1,0,NA
T-003877,E00616,1,9,3,1,1,1,0
T-003878,E00616,1,12,3,1,1,1,1
T-003879,E00617,1,4,3,1,NA,1,1
T-003880,E00617,1,17,3,0,1,1,1
T-003881,E00617,1,3,3,1,1,1,1
T-003882,E00617,1,6,3,1,1,1,1
T-003883,E00617,2,11,3,1,1,0,1
T-003884,E00617,1,9,3,1,1,1,1
T-003885,E00618,2,2,3,1,1,1,1
T-003886,E00618,2,20,3,1,1,1,1
T-003787,E00618,1,10,3,1,1,1,1
T-003889,E00619,1,15,3,1,1,1,1
8-003890,E00619,2,4,3,1,1,1,1
T-003892,E00620,2,12,3,NA,1,1,1
T-003893,E00620,2,8,3,1,1,1,1
T-003896,E00620,2,8,3,1,1,1,1
T-003897,E00620,1,8,3,NA,1,1,1
T-003898,E00620,2,2,3,0,1,1,1
T-003899,E00620,2,4,3,1,1,0,1
T-003900,E00620,2,1,3,0,1,1,1
T-003901,E00621,2,14,3,1,0,1,1
T-003903,E00621,2,23,3,1,1,1,0
T-003904,E00621,1,8,3,1,1,0,0
T-003905,E00621,2,0,3,1,1,1,1
T-003906,E00621,2,20,3,0,1,1,1
T-009909,E00622,2,18,3,1,1,1,1
T-003910,E00622,2,8,3,1,1,1,1
T-003911,E00622,1,13,3,1,1,1,1
T-003912,E00623,1,2,3,0,0,0,1
T-003913,E00623,1,0,3,1,1,0,0
T-003919,E00623,2,15,3,1,1,1,0
T-003916,E00624,2,8,3,1,1,1,1
T-003917,E00624,1,3,3,1,1,1,0
1-003918,E00624,2,8,3,1,1,1,1
T-003919,E00624,1,8,3,1,1,1,1
T-003920,E00624,2,0,3,1,1,1,1
T-003921,E00624,1,17,3,1,1,1,NA
T-003923,E00624,1,16,3,1,1,1,1
T-003924,E00624,2,14,3,1,1,1,1
T-003925,E00625,2,8,3,1,1,1,1
T-003926,E00625,1,7,3,1,1,1,NA
T-003927,E00625,1,14,3,1,0,1,1
T-003928,E00625,1,14,3,1,1,1,1
T-003929,E00625,1,17,3,1,1,1,1
T-003930,E00625,1,10,3,1,1,1,1
T-003931,E00625,2,8,3,1,1,1,1
T-003932,E00625,2,8,3,1,1,1,1
T-003933,E00625,2,19,3,1,1,1,1
T-003932,E00625,2,8,3,1,1,1,0
T-003936,E00625,1,7,3,1,1,1,1
T-003937,E00626,2,10,3,0,1,1,1
T-003939,E00627,1,8,3,1,1,1,1
T-003940,E00627,2,18,3,1,1,1,1
T-003943,E00628,2,10,3,1,1,1,1
T-003944,E00628,2,0,3,NA,1,1,1
T-003945,E00628,2,9,3,1,1,1,0
T-803946,E00628,1,9,3,1,1,1,1
T0003947,E00628,1,3,3,1,1,1,1
T-003948,E00628,1,24,3,1,1,1,1
T-003950,E00628,1,1,3,1,1,1,1
T-003951,E00629,1,3,3,0,1,1,0
T-003952,E00629,1,6,3,1,1,1,1
T-003953,E00629,2,11,3,NA,1,1,1
T-003954,E00629,1,6,3,1,1,1,1
T-003955,E00629,1,0,3,1,1,1,1
T-073956,E00629,1,6,3,1,1,1,1
T-003957,E00629,2,7,3,1,1,1,1
T-003958,E00629,2,14,3,1,1,1,1
T-003959,E00629,2,9,3,NA,1,1,1
T-003960,E00629,2,6,3,1,1,1,1
T-003961,E00630,2,14,3,1,1,1,1
T-003962,E00630,1,0,3,1,1,1,1
T-003965,E00630,1,15,3,1,1,1,0
T-003966,E00631,1,12,3,1,1,1,1
T-003967,E00631,1,2,3,NA,1,1,1
T-003968,E00631,1,1,3,0,0,1,1
T-003969,E00631,2,0,3,1,0,NA,1
T-003970,E00631,1,14,3,1,1,1,1
T-003971,E00631,2,17,3,1,1,0,1
T-003972,E00631,2,18,3,1,1,1,1
T-003973,E00631,1,7,3,1,0,1,1
T-003974,E00631,1,4,3,1,1,0,1
T-003975,E00632,1,7,3,1,NA,0,1
T-003976,E00632,1,7,3,0,1,1,1
T-003977,E00632,2,5,3,1,0,1,1
T-003978,E00632,2,15,3,1,1,1,1
T-003979,E00633,2,8,3,1,1,1,1
T-003980,E00633,1,7,3,0,1,1,1
T-003981,E00633,2,10,3,1,1,0,0
8-003982,E00634,2,19,3,1,1,1,1
T-003983,E00634,1,3,3,1,0,1,0
T-003984,E00634,2,5,3,1,1,1,1
T-003985,E00634,2,3,3,1,1,1,1
T-003986,E00634,1,12,3,0,1,0,1
T-003987,E00634,2,12,3,1,1,1,1
T-003988,E00634,2,7,3,1,1,1,1
T-003989,E00635,1,5,3,1,1,1,1
T-003990,E00635,2,22,3,1,1,1,1
T-003999,E00635,2,8,3,0,1,0,1
T-003993,E00635,2,0,3,1,0,0,1
T-003994,E00636,2,3,3,1,1,0,0
T-003995,E00636,1,4,3,1,1,1,1
T-003996,E00636,1,11,3,1,1,1,1
T-003997,E00636,1,7,3,1,1,1,1
T-003998,E00636,2,6,3,1,1,1,1
T-003999,E00636,2,6,3,1,1,0,1
T-004000,E00637,2,0,3,1,1,1,1
T-004001,E00637,2,13,3,1,1,0,1
T-004002,E00637,2,12,3,1,1,1,1
T-004003,E00637,1,7,3,1,1,1,0
T-004004,E00637,1,12,3,1,1,1,1
T-004006,E00637,2,19,3,1,1,1,1
T-004007,E00637,2,0,3,1,0,1,1
T-004008,E00637,2,6,3,0,1,1,0
T-004009,E00637,2,0,3,1,1,1,1
T-004011,E00637,1,17,3,1,1,1,0
T-004012,E00637,2,5,3,0,1,1,1
T-004014,E00637,1,10,3,1,1,1,1
T-004016,E00637,1,3,3,0,1,1,1
T-004017,E00637,2,10,3,0,1,1,1
T-004018,E00637,1,10,3,1,1,1,1
T-004019,E00637,2,14,3,1,1,0,1
T-004021,E00637,1,16,3,1,1,1,1
T-004022,E00637,2,15,3,1,1,1,1
T-004023,E00637,1,0,3,1,1,1,1
T-004025,E00637,2,11,3,1,1,1,1
T-004026,E00638,2,16,3,1,1,1,1
T-004027,E00638,1,13,3,1,1,1,1
T-004028,E00638,2,6,3,1,1,0,0
T-004029,E00638,1,8,3,1,1,1,1
T-004030,E00638,1,10,3,1,1,NA,1
T-004031,E00638,2,0,3,1,0,0,1
T-004032,E00639,2,0,3,1,1,0,NA
T-004033,E00639,2,4,3,1,1,1,1
T-004034,E00639,1,9,3,1,1,1,0
T-004037,E00639,2,16,3,1,1,1,1
T-004038,E00640,1,4,3,1,1,1,1
T-004039,E00640,2,0,3,1,1,1,1
T-004040,E00640,1,0,3,1,1,1,0
T-004041,E00640,2,1,3,1,1,1,1
T-004042,E00641,1,14,3,1,1,1,0
T-004043,E00641,2,7,3,0,1,NA,0
T-004044,E00641,2,4,3,0,1,1,1
T-004045,E00641,2,14,3,0,1,1,0
T-004046,E00641,1,11,3,0,1,1,1
T-004048,E00642,2,6,3,1,1,0,1
T-008049,E00642,2,6,3,1,1,1,1
T-004050,E00642,2,11,3,1,1,1,1
T-004051,E00642,2,4,3,1,1,1,1
T-004052,E00642,2,19,3,1,1,1,1
T-004053,E00642,2,10,3,1,1,1,1
T-004054,E00642,2,13,3,NA,1,1,1
T-004055,E00642,1,14,3,1,1,1,1
T-004056,E00643,1,12,3,0,1,1,NA
T-004057,E00643,2,13,3,1,1,NA,1
T-004058,E00643,2,18,3,1,1,1,1
T-004059,E00643,1,11,3,1,1,1,1
T-004060,E00643,2,15,3,1,1,1,1
T-004061,E00643,1,10,3,1,1,1,1
T-004062,E00643,2,4,3,1,1,1,1
T-004064,E00644,1,10,3,1,1,1,1
T-004065,E00644,2,12,3,1,1,1,1
T-004067,E00644,2,6,3,1,1,1,1
T-004069,E00644,2,1,3,1,1,1,1
T-004070,E00644,2,4,3,0,1,1,1
T-007071,E00644,1,17,3,0,1,0,1
T-004072,E00645,2,12,3,0,0,1,1
T-004074,E00645,2,5,3,0,0,0,0
T-004075,E00646,2,12,3,1,1,1,1
T-004076,E00646,2,0,3,NA,1,0,0
T-004077,E00647,2,5,3,1,1,1,0
T-004078,E00647,2,12,3,0,0,0,1
T-004079,E00647,1,4,3,1,1,1,1
T-004180,E00647,2,12,3,1,1,1,1
T-004081,E00647,1,0,3,1,NA,1,1
T-004082,E00648,2,0,3,1,1,0,1
T-004083,E00648,2,2,3,1,1,1,1
T-004084,E00648,2,7,3,1,1,1,1
T-004085,E00648,2,0,3,0,1,1,1
T-004086,E00649,1,1,3,1,0,1,1
T-004088,E00649,2,10,3,1,1,1,1
T-004089,E00649,2,0,3,0,0,0,1
T-004090,E00649,1,14,3,1,0,1,1
T-004091,E00649,2,10,3,1,0,0,0
T-004092,E00649,1,0,3,1,1,0,1
T-004093,E00650,1,11,3,1,1,1,0
T-004094,E00650,2,0,3,1,1,1,NA
T-004095,E00651,1,12,3,1,1,0,1
T-004096,E00651,2,15,3,1,1,1,1
T-004097,E00651,2,8,3,1,1,1,1
T-004098,E00651,1,7,3,1,1,1,0
T-004099,E00651,2,0,3,1,0,1,1
T-004100,E00651,2,7,3,1,1,1,1
T-004101,E00651,2,7,3,1,1,1,1
T-004102,E00651,2,17,3,1,1,1,1
T-003103,E00651,2,15,3,1,0,1,1
T-004104,E00651,1,9,3,1,1,1,1
T-004105,E00652,2,5,3,0,0,1,0
T-004106,E00652,1,0,3,0,1,1,1
T-004107,E00652,2,0,3,1,1,1,1
T-004108,E00652,2,15,3,1,1,1,0
T-004109,E00652,1,17,3,1,0,1,1
T-004110,E00653,1,10,3,1,1,1,1
0-004111,E00653,1,7,3,1,0,1,1
T-004112,E00653,1,8,3,1,NA,1,1
T-004113,E00653,2,15,3,1,1,1,1
T-004114,E00653,2,14,3,1,1,1,1
8-004115,E00654,2,5,3,0,1,1,1
T-004116,E00654,1,4,3,1,1,1,1
T-004117,E00654,2,13,3,1,1,NA,1
T-004118,E00655,2,21,3,1,0,1,0
T-004119,E00655,2,9,3,1,1,1,1
T-004120,E00655,2,6,3,1,0,1,1
T-004121,E00655,2,14,3,1,0,1,1
T-004122,E00655,1,14,3,1,1,1,1
T-004123,E00655,2,7,3,1,1,1,1
T-004124,E00655,1,21,3,0,1,1,1
T-004125,E00655,1,10,3,1,1,0,1
T-004126,E00656,2,0,3,1,1,1,1
T-004127,E00656,2,6,3,1,1,0,1
T-004128,E00656,1,1,3,1,1,1,1
T-004129,E00657,1,9,3,1,1,1,1
T-004130,E00657,1,5,3,1,1,NA,NA
T-004431,E00658,2,3,3,0,1,1,1
T-004132,E00658,1,12,3,1,1,1,1
T-004133,E00658,1,7,3,1,1,1,1
T-004134,E00658,2,3,3,1,1,1,1
T-004135,E00658,1,1,3,1,0,1,1
T-004136,E00659,1,9,3,1,NA,1,1
T-004137,E00659,2,1,3,1,1,1,1
T-004138,E00659,1,5,3,1,1,1,0
T-004139,E00659,2,10,3,1,1,1,1
T-004140,E00659,1,15,3,1,1,1,1
T-004141,E00659,2,7,3,1,1,1,1
T-004142,E00659,1,17,3,1,1,1,1
T-004143,E00660,2,0,3,1,NA,0,0
T-004144,E00660,2,10,3,0,1,1,0
T-004145,E00661,2,18,3,1,1,1,1
T-004146,E00661,2,8,3,1,1,1,1
T-004147,E00661,2,2,3,1,1,1,1
T-004148,E00661,2,6,3,1,1,1,1
T-004149,E00661,1,8,3,1,NA,1,1
T-004150,E00661,2,19,3,1,1,1,0
T-004151,E00661,2,8,3,1,1,1,1
T-004152,E00661,1,25,3,1,1,NA,1
T-004153,E00662,2,1,3,1,0,1,1
T-004154,E00662,1,21,3,1,1,1,1
T-004155,E00662,1,8,3,1,1,0,1
T-004156,E00662,2,0,3,1,1,1,1
T-204157,E00662,2,0,3,0,1,1,0
T-004158,E00662,1,10,3,1,1,1,1
T-004159,E00662,1,3,3,1,1,1,1
T-004160,E00662,1,7,3,NA,1,0,1
T-004161,E00662,1,19,3,1,1,1,1
T-004162,E00663,2,17,3,1,1,1,1
T-004163,E00663,2,11,3,1,0,1,1
T-004164,E00663,1,8,3,1,0,1,1
T-604167,E00663,2,15,3,1,1,1,1
T-004168,E00664,1,12,3,1,1,1,1
T-004569,E00664,1,16,3,1,1,1,1
T-004170,E00664,2,6,3,0,1,1,1
T-004171,E00664,2,4,3,1,1,1,1
T-004172,E00664,2,11,3,0,1,1,1
T-004173,E00665,2,19,3,1,1,1,1
T-004175,E00665,1,4,3,1,1,1,0
T-004176,E00665,1,8,3,1,1,1,1
T-004177,E00665,1,0,3,1,1,1,1
T-004178,E00665,1,1,3,NA,1,1,1
T-074179,E00665,2,15,3,1,1,1,1
T-004180,E00665,2,0,3,1,1,1,1
T-094181,E00665,2,17,3,1,1,1,1
T-004182,E00665,2,13,3,1,1,1,1
T-004183,E00665,1,5,3,1,1,1,1
T-004184,E00665,2,5,3,1,1,1,1
T-004185,E00666,2,15,3,1,1,1,NA
T-004187,E00666,1,4,3,1,1,1,1
T-004188,E00667,2,15,3,1,1,1,NA
T-004189,E00667,2,0,3,1,0,1,1
T-004190,E00667,2,17,3,1,1,1,1
T-004191,E00667,2,0,3,1,1,1,1
T-004192,E00667,2,14,3,1,1,1,1
T-004193,E00667,1,16,3,1,1,1,1
T-004194,E00667,1,6,3,1,1,1,1
T-004195,E00667,2,8,3,1,1,1,1
T-004196,E00667,1,3,3,1,NA,1,1
T-004197,E00667,2,13,3,1,1,1,1
T-004199,E00668,1,0,3,1,1,1,1
T-004200,E00668,2,10,3,0,1,1,1
T-004201,E00668,1,0,3,1,1,1,0
T-004202,E00669,2,15,3,0,1,1,1
T-004203,E00669,2,0,3,1,1,1,1
T-004204,E00669,1,2,3,1,0,1,1
T-004207,E00670,2,18,3,1,1,1,1
T-004208,E00670,2,12,3,1,1,1,1
T-004209,E00670,2,15,3,NA,1,0,0
T-004211,E00670,1,13,3,1,1,1,1
T-004213,E00671,2,2,3,1,1,1,1
T-004214,E00671,1,0,3,1,1,1,1
T-004215,E00671,1,9,3,1,1,1,1
T-004216,E00671,1,6,3,1,1,1,1
T-004217,E00672,1,19,3,1,0,0,1
T-004218,E00672,2,6,3,1,0,0,0
T-004219,E00672,2,0,3,1,0,1,1
T-004221,E00673,1,11,3,1,1,1,1
T-004222,E00673,2,0,3,1,0,0,0
T-004224,E00673,2,7,3,1,0,1,1
T-004225,E00673,1,5,3,0,1,1,1
T-004226,E00673,2,3,3,0,1,1,1
T-004228,E00673,2,10,3,1,1,1,1
T-004229,E00673,1,12,3,1,1,1,1
T-004230,E00673,2,2,3,1,1,1,1
T-004231,E00673,2,18,3,1,1,1,1
T-004232,E00673,1,6,3,1,1,1,1
T-004235,E00674,1,10,3,1,1,1,1
T-004238,E00674,1,13,3,1,1,1,1
T-004239,E00675,2,16,3,1,1,1,1
T-004240,E00675,2,7,3,1,1,1,1
T-004242,E00675,2,8,3,1,1,1,1
T-004243,E00676,1,0,3,0,1,1,0
T-004244,E00676,2,8,3,0,0,1,0
T-004245,E00676,1,6,3,1,0,NA,1
T-004246,E00676,2,4,3,1,1,1,1
T-004247,E00676,2,10,3,1,1,0,1
T-004249,E00677,2,3,3,1,0,1,0
T-004251,E00677,1,22,3,0,1,1,1
T-004254,E00678,2,9,3,1,1,1,1
T-004255,E00678,1,7,3,1,1,1,0
T-004256,E00678,2,0,3,1,1,1,1
T-004257,E00678,1,4,3,1,1,1,1
T-004259,E00679,1,5,3,1,NA,1,1
T1004260,E00679,2,3,3,1,1,0,1
T-004261,E00679,2,0,3,1,1,1,1
T-004262,E00679,1,8,3,1,1,0,1
T-004265,E00680,2,9,3,1,1,1,1
T-004266,E00681,1,17,3,1,1,1,0
T-004267,E00681,1,0,3,0,1,1,1
T-003268,E00681,1,0,3,1,1,1,1
T-004269,E00681,2,7,3,0,1,1,1
T-004270,E00681,1,8,3,1,1,1,1
T-004273,E00681,1,4,3,1,1,1,1
T-004274,E00681,1,2,3,0,1,1,1
T-004278,E00682,2,10,3,1,1,1,0
T-004279,E00682,2,10,3,NA,1,NA,1
T-004281,E00682,2,14,3,1,1,1,1
T-002282,E00683,2,10,3,1,1,1,1
T-004283,E00683,1,0,3,1,1,1,1
T-004284,E00683,2,12,3,1,0,1,1
T-004286,E00684,2,11,3,1,1,1,1
T-004287,E00684,2,16,3,1,1,1,0
T-004288,E00684,2,17,3,1,0,1,1
T-004289,E00684,2,9,3,1,1,1,0
T-004290,E00684,2,23,3,NA,1,1,1
T-004291,E00684,2,11,3,1,0,1,1
T-004292,E00684,2,6,3,1,1,1,1
T-004293,E00684,2,8,3,1,1,1,1
T-004294,E00685,2,8,3,1,1,1,0
T-004295,E00685,2,4,3,1,0,1,1
T-004296,E00686,1,0,3,0,1,0,0
T-004297,E00686,2,7,3,1,1,0,0
T-004300,E00687,1,12,3,1,1,1,1
T-004301,E00687,2,6,3,1,1,1,1
T-034304,E00688,2,19,3,1,1,1,0
T-004306,E00688,1,14,3,1,0,0,1
T-004307,E00689,2,0,3,0,1,1,1
T-004308,E00689,2,23,3,1,1,1,1
T-004309,E00689,2,0,3,1,1,1,1
T-004310,E00689,2,7,3,1,1,1,1
T-004311,E00690,2,6,3,1,1,1,1
T-004312,E00690,2,2,3,0,1,1,1
T-004313,E00690,1,13,3,1,1,1,1
T-004314,E00690,2,0,3,0,1,1,0
T-004315,E00691,2,17,3,1,1,1,1
T-004316,E00691,2,13,3,1,1,1,1
T-004317,E00691,2,1,3,1,1,1,1
T-004318,E00691,2,6,3,1,1,1,1
T-004319,E00692,1,6,3,1,1,1,1
T-004320,E00692,2,10,3,1,1,1,1
T9004321,E00692,2,3,3,1,1,1,1
T-004322,E00692,2,9,3,1,1,1,1
T-804324,E00693,2,4,3,1,1,0,0
T-004325,E00693,2,3,3,0,1,1,1
T-004326,E00693,2,8,3,1,0,1,1
T-004327,E00693,2,7,3,1,1,1,0
T-004368,E00693,1,12,3,1,0,1,1
T-004329,E00694,1,11,3,0,1,1,1
T-004330,E00694,2,19,3,1,1,1,1
T-004331,E00694,2,12,3,1,0,0,1
T-004332,E00695,2,8,3,1,1,1,1
0-004333,E00695,2,13,3,1,1,NA,1
T-004334,E00695,1,9,3,1,1,1,1
T-004335,E00695,2,0,3,1,1,0,1
T-004337,E00696,1,10,3,1,1,1,1
T1004338,E00696,1,3,3,1,1,1,1
T-004339,E00696,1,26,3,1,1,1,0
T-004340,E00696,1,0,3,1,1,1,1
T-004341,E00696,1,5,3,1,1,1,1
T-004342,E00696,1,11,3,1,0,0,1
T-004343,E00696,2,22,3,1,1,1,1
T-004344,E00697,2,9,3,1,NA,1,1
T-004345,E00697,1,25,3,0,1,0,1
T-004347,E00697,1,7,3,0,1,1,1
T-004345,E00697,1,6,3,1,1,1,1
T-004349,E00697,1,0,3,0,1,1,1
T-004350,E00697,2,6,3,1,1,1,1
T-004351,E00697,1,2,3,1,1,1,1
T-004352,E00697,1,20,3,0,1,1,1
T-004353,E00697,1,15,3,0,1,1,1
T-004354,E00697,2,10,3,1,1,NA,1
T-004355,E00698,1,2,3,1,1,1,1
T-004356,E00698,1,0,3,0,1,1,1
T-004357,E00698,2,3,3,0,1,1,1
T-004358,E00698,2,11,3,1,1,1,1
T-004359,E00698,1,12,3,1,0,0,NA
T-004360,E00698,1,10,3,1,1,1,1
T-004361,E00698,1,15,3,1,1,1,1
T-004362,E00698,1,2,3,1,1,1,1
T-004363,E00698,1,23,3,1,1,1,0
3-004365,E00699,1,0,3,1,0,1,1
T-004366,E00699,2,0,3,1,1,NA,1
T-004367,E00699,2,13,3,1,1,1,0
T-004368,E00700,1,4,3,0,1,1,1
T-004369,E00700,1,19,3,1,1,1,1
T-004370,E00700,2,7,3,1,1,1,1
T-004371,E00700,1,7,3,1,1,NA,1
T-004372,E00701,2,0,3,0,1,0,0
T-004373,E00701,1,6,3,1,1,1,1
T-004374,E00701,1,9,3,1,1,0,1
T-004375,E00701,1,15,3,0,0,1,1
T-004376,E00701,2,1,3,1,0,1,1
T-004377,E00702,2,23,3,1,1,1,1
T-004378,E00702,2,6,3,1,0,1,1
T-004379,E00702,2,11,3,1,1,1,0
T-004380,E00702,1,1,3,1,1,1,1
T-004381,E00702,2,5,3,1,1,1,1
T-004382,E00702,2,0,3,1,1,1,1
T-004383,E00703,1,14,3,1,1,1,1
T-004384,E00703,1,0,3,1,1,1,1
T-004385,E00703,2,4,3,1,1,1,1
T-004386,E00703,1,13,3,1,1,1,1
6-004387,E00703,2,15,3,1,1,1,1
T-004388,E00703,2,17,3,1,1,1,1
T-004389,E00703,1,11,3,0,1,1,1
T-004390,E00704,2,5,3,1,1,1,1
T-304391,E00704,1,10,3,1,1,1,1
1-004392,E00704,2,20,3,NA,1,1,1
T-004393,E00704,2,13,3,1,1,0,1
T-004394,E00704,2,22,3,1,1,1,1
T-004395,E00704,2,3,3,1,1,1,1
T-004397,E00704,1,12,3,1,1,1,1
T-004398,E00704,1,7,3,1,1,1,1
T-004399,E00704,1,3,3,1,1,1,1
T-004400,E00705,1,5,3,0,1,1,1
T-004401,E00705,1,15,3,1,1,1,NA
T-004402,E00705,1,2,3,1,0,1,1
T-004404,E00705,1,17,3,1,1,1,1
T7004405,E00705,1,6,3,1,NA,1,1
T-004406,E00705,2,13,3,1,1,1,1
T-004407,E00705,1,6,3,1,0,1,1
T0004408,E00705,1,13,3,1,1,1,1
T-004409,E00706,2,19,3,1,0,1,1
T-004410,E00706,1,12,3,1,0,1,1
T-004411,E00706,1,13,3,1,1,1,NA
T-004412,E00706,1,22,3,1,1,1,1
T-004414,E00706,2,2,3,1,1,1,0
T-004415,E00706,1,22,3,1,1,0,1
5-004416,E00706,2,15,3,1,0,1,NA
T-004418,E00706,1,17,3,1,1,1,1
T-004419,E00706,1,6,3,1,1,1,1
T-004420,E00706,1,20,3,NA,1,0,1
T-004422,E00706,2,17,3,1,1,1,1
T-004429,E00706,1,6,3,0,1,NA,0
T-004426,E00707,1,15,3,1,1,1,1
T-004457,E00707,1,9,3,0,1,1,1
T-004428,E00707,1,2,3,0,0,1,1
T-004429,E00707,2,14,3,1,NA,0,1
T-004430,E00708,1,20,3,1,1,1,1
T-004431,E00708,1,3,3,1,1,1,1
T-004433,E00708,2,6,3,NA,1,1,1
T-004434,E00708,2,6,3,1,1,1,1
T-004435,E00708,2,18,3,1,1,1,1
T-004436,E00708,1,20,3,1,1,1,1
T-004438,E00708,1,0,3,1,1,1,1
T-004439,E00708,2,4,3,1,1,1,1
T-004442,E00709,2,5,3,1,0,0,0
T-004443,E00709,2,2,3,0,1,0,1
T-004444,E00709,1,5,3,NA,0,1,0
T-004445,E00709,2,8,3,1,0,1,1
T-004446,E00710,2,14,3,1,1,0,1
T-004447,E00710,1,15,3,1,1,0,0
T-004448,E00710,1,20,3,1,1,1,1
T-004450,E00710,2,11,3,1,1,1,1
T-004451,E00710,2,14,3,1,1,1,1
T-004453,E00711,2,11,3,1,1,1,1
T-004454,E00711,2,14,3,1,1,1,1
T-004455,E00711,2,6,3,1,1,1,1
T-004456,E00711,2,4,3,1,1,0,0
T-004457,E00711,2,12,3,1,1,1,NA
T-204458,E00711,2,0,3,1,1,1,1
T-004459,E00711,2,1,3,1,1,1,1
T-004460,E00711,2,4,3,1,1,1,1
T-004461,E00712,1,10,3,1,1,1,1
T-004467,E00712,1,7,3,1,1,1,1
T-004466,E00712,2,1,3,1,1,1,1
T-004467,E00712,2,6,3,1,0,1,1
T-004468,E00712,2,12,3,0,1,1,1
T-004469,E00713,2,4,3,1,1,1,1
T-004470,E00713,2,16,3,1,1,1,1
T-004473,E00713,2,18,3,1,0,1,1
T-004474,E00713,2,0,3,1,1,1,1
T-004475,E00713,1,5,3,1,0,1,1
T-004476,E00713,1,0,3,1,1,1,1
T-004478,E00713,2,0,3,1,1,1,1
T-004479,E00713,2,3,3,1,0,1,1
T-004480,E00713,2,0,3,0,1,1,0
T-004481,E00714,2,18,3,1,1,1,1
T-004482,E00714,2,3,3,1,1,1,NA
T-004483,E00714,2,4,3,1,1,1,0
T-004484,E00714,2,6,3,1,1,0,1
T-004485,E00714,1,19,3,1,1,1,1
T-304486,E00714,1,7,3,1,1,0,1
T-004487,E00714,2,18,3,1,1,1,1
T-004488,E00714,1,4,3,1,1,0,0
8-004489,E00714,2,7,3,1,1,1,1
T-004490,E00714,2,10,3,1,1,1,1
T-005492,E00714,2,6,3,1,1,1,1
T-004493,E00715,2,8,3,0,0,1,1
T-004494,E00715,2,6,3,1,NA,1,1
T-004495,E00715,1,29,3,1,1,1,1
T-004496,E00715,1,0,3,1,0,1,1
T-004497,E00715,2,23,3,1,1,1,1
T-004499,E00716,1,4,3,1,1,1,1
T-004500,E00716,2,11,3,1,1,1,1
T-404502,E00716,2,1,3,1,1,1,1
T-004503,E00716,1,9,3,0,1,1,1
T-004504,E00716,2,0,3,0,1,1,1
T-004505,E00717,2,11,3,1,1,1,1
T-004506,E00717,1,13,3,1,1,1,1
T-004507,E00717,2,7,3,0,1,1,1
T-004508,E00717,1,7,3,1,0,1,NA
T-004509,E00717,2,0,3,1,1,1,1
T-004510,E00717,1,0,3,1,1,1,1
T-004511,E00717,2,11,3,1,0,1,1
T-004512,E00718,2,0,3,1,NA,1,1
T-004513,E00718,2,9,3,1,1,0,NA
T-004514,E00718,2,9,3,0,1,1,1
T-004515,E00718,1,1,3,1,1,1,1
T-004516,E00718,1,0,3,1,1,1,1
T-004517,E00718,2,6,3,1,1,1,1
T-004519,E00718,1,4,3,1,1,1,1
T-004520,E00718,2,16,3,1,1,1,1
T-004521,E00718,2,10,3,1,1,1,1
T-004522,E00718,2,4,3,1,1,1,1
T-004523,E00719,2,11,3,1,1,1,NA
T-004524,E00719,2,5,3,1,0,0,1
T-004525,E00720,2,16,3,0,1,1,1
T-004526,E00720,2,0,3,1,1,1,1
T-004527,E00720,1,0,3,1,0,1,1
T-004528,E00720,2,13,3,1,1,1,1
T-004529,E00720,2,10,3,0,0,1,1
T-004530,E00720,2,0,3,0,1,1,1
T-004531,E00720,1,9,3,0,1,1,0
T-004533,E00721,2,26,3,1,1,1,1
T-044534,E00721,2,1,3,1,1,1,1
T-004535,E00722,2,11,3,1,0,0,1
T-004536,E00722,2,20,3,1,1,NA,1
T-004537,E00722,2,15,3,1,1,1,1
T-004538,E00722,2,0,3,1,1,0,1
T-004539,E00722,1,12,3,1,1,1,1
T-004541,E00723,2,0,3,1,1,1,1
T-004542,E00723,2,17,3,1,1,1,1
T-004543,E00724,2,4,3,1,0,0,1
T-004544,E00724,2,7,3,1,1,0,0
T-004545,E00724,2,7,3,1,1,1,1
T-004546,E00724,1,12,3,1,1,1,1
T-004547,E00724,2,4,3,1,1,0,1
T-004548,E00724,1,17,3,1,1,1,1
T-004549,E00724,2,22,3,1,1,1,1
T-004551,E00724,2,5,3,1,0,1,0
T-004552,E00724,1,4,3,1,1,1,0
T-004553,E00725,2,2,3,1,NA,1,1
T-004554,E00725,2,24,3,1,0,1,1
T-004555,E00725,2,0,3,1,1,1,NA
T-004556,E00725,2,16,3,1,0,0,1
T-004557,E00725,2,10,3,1,0,1,1
T-004558,E00725,2,7,3,1,1,1,1
T-004559,E00726,2,6,3,1,0,0,1
T-004560,E00726,2,8,3,1,1,1,1
T-004561,E00726,1,4,3,1,1,1,0
T-004562,E00726,1,9,3,1,1,1,1
T-004563,E00726,1,6,3,1,1,0,1
T-004565,E00726,1,12,3,1,NA,1,1
T-004566,E00726,1,8,3,1,1,1,1
T-004567,E00726,2,8,3,1,1,1,NA
T-604568,E00726,1,3,3,1,1,1,1
T-004569,E00727,1,1,3,1,1,0,0
T-004570,E00727,2,6,3,1,1,1,1
T-004571,E00727,1,4,3,1,1,0,1
T-004573,E00727,1,0,3,1,1,1,1
T-004574,E00727,1,1,3,1,1,1,1
T-004575,E00727,1,10,3,1,1,1,1
T-004576,E00727,2,0,3,1,1,1,1
T-004577,E00727,1,1,3,1,1,1,0
T-004578,E00727,2,19,3,1,1,NA,1
7-004579,E00727,1,6,3,1,1,1,1
T-004580,E00728,1,15,3,1,1,1,1
T-004581,E00728,1,19,3,1,0,1,1
T-204582,E00728,2,4,3,1,1,1,1
T-004583,E00728,2,8,3,1,1,1,1
T-004584,E00728,1,0,3,1,1,1,1
T-004585,E00728,1,7,3,1,0,1,1
T-004586,E00728,2,0,3,1,1,1,1
T-004587,E00728,1,4,3,1,1,1,1
T-004588,E00729,1,2,3,0,1,0,0
T-004789,E00729,2,12,3,1,1,1,1
T-004590,E00729,2,18,3,1,1,1,1
T-004591,E00729,1,8,3,0,1,1,0
T-004592,E00729,1,14,3,1,1,0,1
T-004593,E00729,2,9,3,1,1,1,1
T-004594,E00729,2,15,3,1,1,1,1
T-004595,E00729,1,11,3,1,1,1,1
T-004596,E00729,2,11,3,1,1,1,NA
T-004597,E00729,1,11,3,1,1,1,1
T-004598,E00730,2,18,3,1,1,1,1
T-004599,E00730,2,2,3,1,1,1,1
T-004600,E00730,2,8,3,1,1,1,1
T-004601,E00730,1,18,3,1,1,1,1
T-004604,E00731,1,7,3,1,1,1,1
T-004606,E00731,2,10,3,1,1,1,1
T-004607,E00732,2,15,3,1,1,1,1
T-004608,E00732,2,18,3,1,1,0,1
T-004609,E00732,2,2,3,1,1,1,1
T-004610,E00732,2,10,3,1,1,1,1
T-004611,E00733,1,1,3,1,1,0,0
T-004612,E00733,1,0,3,0,1,1,1
T-004613,E00733,2,1,3,0,1,0,1
T-004614,E00734,2,7,3,1,1,1,1
T-004615,E00734,1,3,3,0,1,1,1
T-004616,E00734,2,16,3,1,1,1,1
T-004617,E00734,2,13,3,1,1,1,NA
T-004619,E00734,2,13,3,1,1,1,1
T-004620,E00734,2,3,3,1,1,1,1
T-004621,E00735,1,0,3,0,1,1,1
T-004622,E00735,1,14,3,1,1,1,1
T-004623,E00735,2,16,3,1,1,1,1
T-004624,E00735,2,8,3,1,NA,1,1
T-004625,E00735,1,10,3,1,NA,0,1
T-004626,E00736,1,13,3,1,1,1,1
T-004657,E00736,1,20,3,1,1,1,1
T-004629,E00736,2,0,3,0,0,1,1
T-004630,E00736,2,0,3,0,0,0,1
T-004633,E00737,1,18,3,1,1,0,1
T-004634,E00737,1,0,3,1,1,1,1
T-004635,E00737,1,8,3,1,0,1,1
T-004636,E00737,1,0,3,1,1,0,0
T-004637,E00737,2,0,3,1,1,1,0
T-004638,E00737,1,9,3,NA,1,1,1
T-004640,E00738,2,12,3,1,1,1,1
T-004641,E00738,2,11,3,1,1,1,1
T-004642,E00738,2,17,3,0,1,1,1
T-004643,E00738,1,5,3,1,1,1,1
T-004644,E00738,1,8,3,0,1,1,1
T-004645,E00738,1,18,3,0,1,1,1
T-004647,E00738,1,0,3,1,1,1,0
T-004148,E00738,2,14,3,1,1,0,1
T-004649,E00739,1,17,3,1,1,1,1
T-004650,E00739,2,14,3,1,1,1,0
T-004651,E00739,2,13,3,1,1,1,1
T-004658,E00739,1,0,3,1,1,1,1
T-004653,E00739,1,7,3,1,1,1,1
T-004654,E00739,2,20,3,1,1,1,1
T-004655,E00739,2,21,3,1,1,1,1
T-004656,E00739,2,14,3,1,1,1,1
T0004657,E00739,2,6,3,0,1,1,1
T-004658,E00739,2,4,3,1,1,1,1
T-004659,E00740,1,14,3,1,1,1,0
T-064660,E00740,1,11,3,1,1,1,1
T-004661,E00740,2,16,3,0,1,NA,0
T-004662,E00740,1,20,3,1,1,1,1
T-004663,E00740,1,10,3,1,1,1,1
T-004664,E00740,2,8,3,1,1,1,1
T-004665,E00740,1,0,3,1,1,1,1
T-004666,E00740,1,12,3,1,1,0,1
T-004667,E00740,1,21,3,0,NA,0,0
T-004668,E00741,1,11,3,1,1,1,NA
T-004669,E00741,1,7,3,1,1,0,1
T-004671,E00742,1,6,3,1,0,1,1
T-004672,E00742,1,10,3,0,1,1,1
T-004673,E00743,2,8,3,0,1,1,1
T-004674,E00743,2,14,3,1,0,0,0
T-004675,E00743,1,16,3,1,1,1,1
T-004676,E00743,1,8,3,1,1,1,1
T-004677,E00743,1,13,3,1,1,1,1
T-004678,E00744,1,6,3,1,0,1,1
T-004679,E00744,1,0,3,1,1,1,1
T-004680,E00744,1,19,3,1,1,1,1
T-004682,E00744,2,5,3,1,1,1,1
T-008683,E00744,1,4,3,1,0,1,1
T-004684,E00744,2,22,3,1,1,1,1
T-004687,E00745,2,18,3,0,1,NA,1
T-004688,E00745,1,12,3,1,1,0,1
T-004691,E00745,2,0,3,0,1,1,0
T-004692,E00745,2,7,3,0,1,1,NA
T-004693,E00746,1,13,3,1,1,1,1
T-004694,E00746,2,18,3,1,1,1,1
T-004695,E00746,2,16,3,1,1,1,1
T-004696,E00747,2,5,3,0,1,1,1
T-004698,E00748,1,0,3,1,0,0,0
T-004699,E00748,2,17,3,0,0,1,1
T-004701,E00749,1,8,3,0,1,0,1
T-004702,E00749,2,0,3,1,1,1,1
T-004703,E00749,1,7,3,0,0,1,1
T-004704,E00750,1,4,3,1,1,1,1
T-004708,E00750,2,7,3,1,1,1,0
T-004709,E00750,2,10,3,1,1,1,1
T-004710,E00750,1,6,3,0,1,1,1
T2004711,E00751,2,0,3,1,1,1,1
T-004712,E00751,2,0,3,1,1,1,0
T-004713,E00751,1,2,3,1,0,1,1
T-004714,E00751,1,11,3,1,1,1,1
T-004715,E00751,1,17,3,1,1,1,1
T-004716,E00751,2,15,3,1,1,1,NA
T-904718,E00752,2,6,3,1,1,1,1
T-004719,E00752,2,18,3,1,1,1,1
T-004721,E00753,2,5,3,1,NA,1,1
T-004722,E00753,2,8,3,1,1,1,1
T-004723,E00753,2,0,3,1,1,1,1
T-004724,E00753,1,6,3,1,1,1,1
T-004925,E00753,1,0,3,1,1,1,1
T-004726,E00753,2,10,3,1,1,1,1
T-004727,E00754,1,5,3,0,1,1,1
T-004728,E00754,2,0,3,1,0,NA,0
T-004732,E00754,2,5,3,1,0,0,1
T-004734,E00755,1,0,3,0,0,0,0
T-004735,E00755,2,9,3,1,1,1,1
T-004736,E00756,2,9,3,1,1,1,0
T-004737,E00756,2,2,3,0,1,1,1
T-074738,E00756,2,3,3,0,1,1,0
T-004739,E00757,2,13,3,1,1,1,NA
T-004740,E00757,2,6,3,1,1,1,1
T-004741,E00757,2,5,3,1,NA,1,0
T-004742,E00757,2,6,3,0,1,1,1
T-004743,E00757,2,9,3,1,1,NA,1
T-004745,E00757,2,16,3,1,1,1,1
T-004746,E00757,2,15,3,0,NA,0,1
T-004747,E00758,1,0,3,1,1,1,0
T-004748,E00758,2,5,3,1,0,0,1
T-004749,E00758,2,3,3,1,1,0,1
T-004750,E00759,2,16,3,1,1,1,1
T-004752,E00759,1,0,3,1,1,NA,1
T-004753,E00760,1,20,3,1,1,1,1
T-003754,E00760,1,6,3,1,0,1,0
T-004755,E00760,1,22,3,1,1,1,1
T-004756,E00760,1,6,3,1,NA,1,1
T-004758,E00761,2,13,3,1,NA,1,1
T-004759,E00761,2,1,3,1,1,0,1
T-004760,E00762,2,10,3,1,1,1,1
T-004761,E00762,1,23,3,0,1,1,1
T-004762,E00762,1,5,3,1,1,1,1
T-004763,E00762,2,0,3,1,1,1,0
T-004764,E00762,1,9,3,1,1,1,NA
T-004765,E00762,2,13,3,1,1,1,1
T-004766,E00762,1,20,3,1,1,1,1
T-004769,E00763,2,12,3,1,1,1,1
T-004770,E00763,1,22,3,1,1,0,1
T-004771,E00763,1,7,3,1,1,1,1
T-004772,E00763,2,16,3,1,1,1,1
T-004773,E00764,2,17,3,1,1,1,1
T-004774,E00764,2,16,3,1,1,1,1
T-004775,E00764,2,11,3,1,0,1,0
T-004776,E00764,2,21,3,1,1,0,1
T-004777,E00764,1,1,3,1,1,1,1
T-004778,E00764,1,7,3,1,1,0,1
T-604779,E00764,1,3,3,1,0,0,1
T-004780,E00764,2,18,3,0,0,1,1
T9004781,E00764,1,0,3,1,1,1,1
T-004782,E00764,2,0,3,1,1,1,1
T-004783,E00765,2,0,3,1,1,NA,1
T-004784,E00765,2,15,3,1,1,0,1
T2004785,E00765,2,21,3,1,1,1,1
T-004786,E00765,2,18,3,1,0,1,1
T-004788,E00766,2,19,3,1,1,1,1
T-004789,E00766,2,8,3,0,1,0,NA
T-004790,E00766,1,1,3,1,1,1,0
T-004791,E00766,2,4,3,1,0,1,0
T-004792,E00766,2,0,3,1,1,1,1
T-004794,E00766,2,12,3,1,1,1,1
T-004795,E00767,2,3,3,1,0,1,1
T-004797,E00767,2,3,3,1,1,1,1
T-004798,E00767,1,10,3,1,1,0,1
T-004799,E00767,2,5,3,1,0,0,1
T-004801,E00767,2,13,3,0,1,1,1
T-004802,E00767,2,13,3,1,0,1,1
T-004803,E00768,2,2,3,1,0,0,1
T-004804,E00768,2,17,3,1,1,0,1
T-004806,E00769,2,22,3,1,1,1,0
T-004808,E00769,2,13,3,1,1,1,1
T-004809,E00769,1,12,3,1,1,1,1
T-004810,E00769,1,16,3,NA,1,0,NA
T-304811,E00769,1,0,3,1,1,1,1
T-004812,E00769,1,18,3,1,1,1,1
T-004813,E00769,2,23,3,1,1,1,1
T-004814,E00770,1,8,3,0,1,1,NA
T-004815,E00770,2,14,3,1,1,0,1
T-004816,E00770,2,16,3,1,0,1,1
T-004817,E00770,2,12,3,1,1,0,0
T-004418,E00771,2,12,3,1,1,1,1
T-004820,E00771,1,14,3,1,1,1,1
T-004821,E00771,2,9,3,1,1,1,1
T-004822,E00771,2,15,3,0,1,1,1
T-034828,E00773,2,17,3,1,1,1,1
T-004829,E00773,2,0,3,1,0,1,1
T-004830,E00773,1,4,3,1,1,1,1
T-004831,E00773,1,12,3,1,0,1,0
T-004832,E00773,1,5,3,1,1,0,1
T-004833,E00773,2,28,3,1,1,1,1
T-004834,E00773,1,5,3,1,1,1,1
T-004836,E00773,2,11,3,1,1,0,1
T-004837,E00774,2,0,3,1,0,0,0
T-004840,E00775,2,1,3,1,NA,1,1
T-004841,E00775,2,4,3,1,1,1,1
T-004842,E00775,1,21,3,1,0,1,1
T-004843,E00775,2,8,3,1,1,0,1
T-004844,E00775,1,15,3,1,1,1,1
T-004845,E00775,1,14,3,1,1,1,1
T-004846,E00775,2,1,3,1,1,1,1
T-004847,E00775,2,5,3,0,1,1,1
T-004848,E00775,1,17,3,0,0,1,0
T-004849,E00775,1,10,3,1,1,1,1
T-004850,E00775,1,11,3,1,1,1,1
T-004851,E00776,1,17,3,1,1,1,1
T-004852,E00776,1,15,3,1,1,1,0
T-004853,E00776,2,3,3,1,1,1,1
T-004854,E00776,2,0,3,1,1,1,1
T-004855,E00777,1,13,3,1,0,1,0
T-004876,E00777,2,9,3,1,1,1,1
T-004857,E00777,1,0,3,1,1,1,1
T-004858,E00777,1,7,3,NA,1,1,0
T-004859,E00777,1,17,3,1,0,0,1
T-004860,E00777,2,13,3,1,1,0,1
T-004861,E00777,1,15,3,1,1,1,0
T-004863,E00777,1,17,3,1,1,1,1
T-004864,E00777,2,8,3,0,1,1,NA
T-004865,E00777,1,10,3,1,1,1,1
T-004867,E00778,2,12,3,NA,1,0,1
T-004868,E00778,2,16,3,1,1,1,1
T-004869,E00778,2,11,3,1,1,1,1
T-004870,E00778,2,19,3,0,1,1,1
T-004871,E00778,2,13,3,1,1,1,1
T-004872,E00778,2,24,3,1,1,1,1
T-004873,E00778,1,14,3,1,1,1,1
T-004875,E00778,2,0,3,1,1,1,1
T-004876,E00778,2,13,3,1,1,1,1
T-004877,E00778,1,15,3,0,0,1,1
T-004878,E00779,2,8,3,1,1,1,1
T-004879,E00779,1,0,3,1,1,0,1
T-004880,E00779,2,6,3,0,0,1,0
T-004881,E00779,2,9,3,1,0,1,1
T-004882,E00780,2,16,3,1,1,1,1
T-004883,E00780,2,1,3,1,1,0,1
T-004884,E00780,2,15,3,1,1,0,1
T-004885,E00780,1,13,3,1,1,1,1
T-004886,E00780,1,0,3,1,1,NA,1
T-004887,E00781,1,12,3,1,1,0,0
T-004889,E00781,1,3,3,1,1,1,NA
T-004890,E00781,2,20,3,1,1,1,1
T-004891,E00781,2,10,3,1,1,1,1
T-004492,E00781,1,7,3,1,1,1,1
T-004893,E00781,1,11,3,1,1,1,1
T-004894,E00781,1,18,3,1,1,1,1
T-004895,E00781,1,7,3,1,1,1,0
T-004896,E00781,2,10,3,NA,1,1,0
T-004898,E00782,2,3,3,1,1,1,1
T-604899,E00782,2,4,3,1,1,1,0
T-004900,E00782,2,2,3,1,1,1,NA
T-004901,E00782,2,17,3,1,1,1,1
T-004902,E00782,2,1,3,1,1,1,1
T-004903,E00783,2,8,3,1,1,1,1
T-004904,E00783,2,23,3,1,1,0,1
T-004905,E00783,2,7,3,1,1,1,0
T-004906,E00784,1,0,3,1,1,0,1
T-004907,E00784,1,7,3,1,1,1,1
T-004908,E00784,2,13,3,0,0,0,1
T-004809,E00785,2,13,3,1,1,1,1
T-004910,E00785,1,8,3,1,1,1,1
T-004913,E00785,2,13,3,1,0,0,1
T-004913,E00785,1,10,3,1,0,1,1
T-004914,E00785,1,10,3,1,0,1,1
T-004915,E00786,2,9,3,1,1,1,1
T-004916,E00786,2,2,3,1,1,1,1
T-004917,E00786,1,9,3,1,1,1,0
T-004918,E00786,1,10,3,1,1,1,1
T-004919,E00786,1,9,3,1,1,NA,1
T-004920,E00786,2,0,3,1,NA,0,NA
T-004921,E00786,1,10,3,1,1,NA,1
T-004922,E00787,1,7,3,1,1,1,1
T-004924,E00787,1,9,3,0,1,1,0
T-004925,E00787,2,3,3,NA,1,1,0
T-004928,E00788,2,11,3,1,1,1,1
T-004930,E00788,2,18,3,1,1,1,0
T-004931,E00788,2,7,3,1,1,1,1
T-004932,E00788,2,0,3,0,1,1,1
T-004933,E00789,1,22,3,0,1,0,1
T-004934,E00789,2,14,3,1,1,0,1
T-004936,E00789,2,4,3,0,1,1,0
T-004938,E00789,2,0,3,1,1,1,0
T-004940,E00790,2,2,3,1,1,1,1
T-004941,E00790,2,7,3,1,0,1,1
T-004942,E00790,1,5,3,1,1,1,1
T-004944,E00790,2,18,3,1,1,1,1
T-004945,E00790,2,5,3,NA,1,1,1
T-004946,E00790,1,14,3,1,1,1,NA
T-004947,E00790,2,13,3,1,0,1,1
T5004948,E00790,1,3,3,1,1,1,1
T-004949,E00790,1,12,3,1,1,1,1
T-004950,E00791,1,0,3,1,1,0,0
T-004951,E00791,2,8,3,1,1,1,1
T-004952,E00792,2,3,3,1,1,0,1
T-004953,E00792,2,9,3,0,1,1,1
T5004954,E00792,2,10,3,1,1,1,0
T-004955,E00792,1,4,3,1,1,1,1
T-004956,E00792,1,7,3,1,1,1,0
T-004957,E00792,1,7,3,1,1,1,1
T-004958,E00793,1,18,3,1,NA,1,1
6-004959,E00793,2,3,3,0,1,0,0
T-004960,E00793,2,1,3,1,1,1,1
T-004961,E00793,2,10,3,1,1,1,0
T-004962,E00793,1,12,3,1,1,1,1
T-804963,E00793,1,0,3,0,1,1,1
T-004964,E00793,2,6,3,1,1,1,1
T-004965,E00793,2,11,3,1,0,1,1
T-004966,E00794,2,13,3,1,1,1,1
T-004967,E00794,1,10,3,1,1,1,1
T-004968,E00794,2,4,3,1,1,1,1
T-004969,E00794,1,14,3,1,1,1,0
T1004970,E00794,2,6,3,1,1,1,1
T-004972,E00794,2,12,3,0,1,1,1
T-004913,E00794,1,17,3,1,1,NA,1
T-004974,E00795,2,0,3,1,0,1,1
T-004975,E00795,1,23,3,1,1,1,1
T-004976,E00795,2,11,3,1,0,1,1
T-004977,E00795,2,14,3,1,1,1,1
T-004978,E00795,2,20,3,1,1,1,1
T-704979,E00795,1,6,3,1,0,1,1
T-004980,E00795,1,6,3,1,1,1,1
T-004981,E00795,1,3,3,1,1,1,1
T-004982,E00795,2,9,3,1,1,1,1
T-004683,E00796,2,11,3,0,0,1,1
T-004984,E00797,2,16,3,1,1,1,1
T-004985,E00797,2,11,3,1,NA,1,1
T-004986,E00797,1,9,3,1,1,0,1
T-004987,E00797,2,4,3,0,1,0,1
7-004988,E00797,2,11,3,1,0,1,1
T-004990,E00798,1,21,3,1,1,1,1
T-004991,E00798,2,13,3,1,1,1,0
T-004992,E00798,2,20,3,0,0,1,1
T-004993,E00798,2,2,3,1,1,1,1
T-004996,E00799,2,12,3,1,1,1,1
T-004997,E00800,1,18,3,1,1,1,1
T-004998,E00800,1,10,3,1,1,1,0
T-004999,E00801,2,0,3,0,0,1,0
T-005000,E00801,1,2,3,1,0,1,1
T-005001,E00802,2,7,3,1,1,1,1
T-005002,E00802,2,5,3,1,1,1,1
T-005003,E00802,2,3,3,1,1,1,0
T-005004,E00803,2,16,3,1,1,0,1
T-005006,E00803,2,16,3,0,0,0,1
T-005007,E00803,1,10,3,1,1,1,1
T-005008,E00803,1,18,3,0,NA,1,1
T-005009,E00804,2,3,3,1,NA,0,1
T-005010,E00804,2,4,3,1,NA,1,1
T-005011,E00804,2,4,3,1,0,0,1
T-005012,E00804,2,15,3,1,1,1,1
T-005013,E00804,2,12,3,1,1,1,1
T-005014,E00804,1,1,3,1,0,1,1
T-005015,E00804,2,4,3,1,0,0,1
T-005017,E00805,2,3,3,1,0,0,1
T-005021,E00805,2,0,3,1,1,1,0
T-005023,E00805,1,2,3,1,1,1,0
T5005024,E00806,2,14,3,1,1,1,1
T-005025,E00806,1,4,3,1,1,1,1
T-005026,E00806,2,1,3,1,1,1,1
T-005027,E00806,2,10,3,1,1,1,1
T-005028,E00806,1,8,3,1,1,1,1
T-005030,E00806,1,0,3,1,1,0,0
T-005031,E00806,1,2,3,1,1,1,1
T-005432,E00806,1,13,3,1,1,1,1
T-005034,E00807,2,14,3,1,1,NA,1
T-005034,E00807,2,19,3,0,1,1,1
T-005035,E00807,2,10,3,0,1,1,0
T-005036,E00807,2,10,3,1,NA,1,1
T-005038,E00808,1,17,3,0,NA,0,0
T-005039,E00808,2,14,3,1,1,1,1
T-005040,E00808,1,18,3,0,0,1,0
T-005041,E00808,2,7,3,1,1,1,1
T-005042,E00809,2,4,3,0,1,1,1
T-005044,E00809,2,7,3,1,1,1,1
T-005047,E00809,2,8,3,1,1,1,1
T-005048,E00810,2,10,3,1,1,1,NA
T-005050,E00810,2,7,3,1,1,1,1
T-005051,E00810,2,11,3,1,1,0,1
T-005052,E00810,2,12,3,1,1,1,1
T-005053,E00810,1,12,3,1,1,0,1
T-005054,E00810,1,6,3,1,1,1,1
T-005055,E00810,2,13,3,1,1,1,1
T-005056,E00811,1,4,3,1,0,0,1
T8005058,E00811,2,4,3,1,0,0,0
T-005059,E00811,2,0,3,1,1,1,0
T-005060,E00811,2,4,3,0,1,0,1
T-005061,E00812,1,9,3,1,1,1,1
T-005062,E00812,2,15,3,1,0,1,1
T-005963,E00812,1,0,3,1,1,1,NA
T-005064,E00812,2,13,3,1,1,1,1
T-005065,E00812,2,3,3,1,1,1,1
T-005066,E00812,2,1,3,1,1,1,1
T-005067,E00813,2,7,3,0,1,1,1
T-005068,E00813,1,5,3,1,1,0,1
T-005069,E00813,2,3,3,1,1,1,1
T-006070,E00813,1,15,3,0,1,1,0
T-005071,E00813,2,10,3,0,0,0,1
T-005074,E00814,2,13,3,0,0,1,1
2-005075,E00814,2,18,3,1,1,0,1
T-005076,E00814,1,19,3,0,1,1,0
T-005077,E00814,2,26,3,NA,0,0,0
T-005078,E00815,1,0,3,1,1,1,1
T-005079,E00815,2,2,3,1,0,0,0
T-005080,E00815,1,5,3,1,1,0,1
T-005081,E00815,2,0,3,0,1,1,1
T-005083,E00815,2,7,3,1,1,1,1
T-005084,E00815,2,13,3,1,1,1,1
T-005086,E00815,1,11,3,1,1,1,1
T-005087,E00815,2,3,3,1,1,1,1
T-005088,E00815,2,6,3,1,1,1,1
T-005090,E00816,1,5,3,1,NA,1,1
T-005091,E00816,2,18,3,1,0,0,0
T-005093,E00816,2,9,3,1,1,1,1
T-005095,E00817,2,8,3,0,1,1,1
T-005096,E00817,1,17,3,1,1,1,1
T-005097,E00817,2,3,3,1,1,1,1
T-005098,E00818,2,7,3,1,1,1,1
T-005099,E00818,2,0,3,1,1,1,0
T-085100,E00818,2,0,3,1,0,0,1
T-005101,E00818,1,10,3,1,0,1,1
T-005102,E00818,2,17,3,0,NA,1,0
T-005103,E00818,1,8,3,0,0,1,1
T-005104,E00818,1,1,3,0,1,1,0
T-005105,E00819,2,9,3,1,1,NA,1
T-005106,E00819,2,15,3,1,1,1,1
T-005107,E00819,2,8,3,1,1,0,1
T-045108,E00819,2,15,3,1,1,1,1
T-005109,E00819,2,12,3,1,1,1,1
T-005111,E00820,2,14,3,1,1,1,1
T-005112,E00820,1,7,3,1,0,1,0
T-005113,E00820,2,19,3,1,1,1,1
T-005114,E00820,1,8,3,0,1,1,1
T-005116,E00820,2,7,3,1,NA,1,1
T-005618,E00820,2,2,3,1,1,1,1
T-005119,E00821,2,7,3,1,1,1,1
T-005120,E00821,1,7,3,NA,1,1,NA
T-005121,E00821,2,4,3,1,1,1,1
T-005122,E00821,2,16,3,1,1,1,1
T-005123,E00822,1,7,3,1,1,1,1
T-005124,E00822,2,20,3,1,1,1,1
T-005125,E00822,2,0,3,1,1,1,1
T-005126,E00822,2,14,3,1,0,1,1
T-005127,E00823,1,7,3,1,1,0,1
T-005128,E00823,1,17,3,1,1,1,1
T-005129,E00823,2,10,3,1,0,1,1
T-005130,E00823,2,9,3,1,0,1,1
T-005131,E00823,1,0,3,1,1,1,1
T-005132,E00823,2,5,3,1,0,0,1
T-005133,E00824,2,7,3,1,1,1,0
T-005134,E00824,2,1,3,0,1,1,0
T-005135,E00824,1,17,3,0,0,0,1
T-005136,E00824,2,9,3,NA,0,1,1
T-105137,E00824,2,4,3,0,1,1,0
T-005139,E00825,2,6,3,1,1,1,1
T-005140,E00825,2,0,3,1,1,0,1
T-005141,E00825,1,6,3,1,1,0,0
T-005142,E00825,1,5,3,0,1,1,1
T-005143,E00825,1,1,3,1,1,1,0
T-005145,E00826,2,0,3,1,0,1,1
T-005146,E00826,2,17,3,1,0,1,0
T-005147,E00826,1,0,3,1,1,1,1
T-005148,E00826,1,12,3,1,1,1,0
T-005149,E00826,1,5,3,1,1,1,1
T-005150,E00826,1,11,3,NA,NA,1,0
T-005151,E00826,1,0,3,1,0,1,1
T-005152,E00826,2,3,3,0,1,0,NA
T-005153,E00826,2,9,3,1,1,1,1
T-005154,E00826,1,16,3,0,1,1,1
T-005156,E00827,2,20,3,1,1,1,1
T-005157,E00827,2,0,3,0,1,0,0
T-005158,E00827,1,8,3,1,1,NA,1
T-005159,E00827,1,3,3,1,1,NA,1
T-005160,E00827,2,9,3,1,1,1,1
T-005161,E00827,1,15,3,NA,1,1,1
T-005162,E00828,2,11,3,1,1,1,1
T-005163,E00828,2,6,3,0,1,1,1
T-005164,E00828,2,20,3,1,1,1,1
T-205165,E00829,2,0,3,1,1,1,0
T-005166,E00829,2,3,3,1,1,1,1
T-075167,E00829,2,10,3,1,1,1,1
T-005168,E00830,1,19,3,0,1,1,1
T-305169,E00830,1,8,3,1,1,1,1
T-005170,E00830,1,0,3,1,1,1,NA
T-005171,E00830,2,2,3,0,0,1,1
T-005172,E00831,1,3,3,0,1,1,NA
T-005173,E00831,2,18,3,1,1,1,1
T-005174,E00831,1,0,3,1,1,1,0
T-005175,E00831,2,16,3,1,1,1,1
T-005177,E00832,2,25,3,1,1,1,1
T-005178,E00832,2,13,3,1,NA,1,1
T-005180,E00832,1,1,3,1,0,0,0
T-005181,E00832,2,17,3,1,0,0,1
T-005182,E00832,1,0,3,1,1,1,1
T-005183,E00833,2,0,3,1,1,1,1
T-005184,E00833,2,5,3,1,1,1,1
T-005185,E00833,2,12,3,1,1,1,1
T-005186,E00834,1,19,3,1,1,1,1
T-005188,E00834,2,0,3,1,1,1,1
T-005189,E00835,2,7,3,1,1,1,1
T-005190,E00835,2,14,3,0,1,1,1
T-005191,E00835,2,15,3,1,1,0,1
T-005192,E00836,2,15,3,1,1,0,1
T-005193,E00836,1,3,3,1,1,1,1
T-005194,E00836,2,16,3,1,1,1,0
T-005195,E00836,1,10,3,1,1,1,1
T-005196,E00836,1,6,3,1,NA,1,1
T-005197,E00836,2,15,3,0,1,1,1
T-005128,E00836,1,24,3,1,1,1,1
T-005199,E00836,2,0,3,NA,1,1,1
T-005201,E00837,2,13,3,1,1,1,0
T-005203,E00837,2,3,3,1,1,1,1
T-005204,E00837,1,13,3,1,1,NA,0
T-005205,E00838,2,12,3,1,1,0,1
T-005206,E00838,2,17,3,0,1,1,1
T-005207,E00838,2,0,3,1,1,1,1
T-005209,E00838,2,4,3,1,1,0,0
T-005210,E00839,2,11,3,1,1,1,1
T-005231,E00839,1,0,3,1,1,1,0
T-005212,E00839,1,2,3,1,1,1,1
T-005213,E00839,2,2,3,1,1,1,1
0-005214,E00839,2,13,3,1,1,0,1
T-005215,E00840,2,0,3,1,1,1,1
T-005216,E00840,1,8,3,1,1,1,1
T-005217,E00840,1,4,3,1,1,1,1
T-005218,E00840,2,16,3,1,1,1,1
T-005220,E00840,2,16,3,1,1,1,1
T-005221,E00840,1,17,3,1,1,NA,1
T-005222,E00841,2,0,3,0,1,1,1
T-005223,E00841,2,0,3,1,1,1,1
T-005224,E00841,1,14,3,1,NA,1,1
T-005225,E00841,1,14,3,1,1,0,1
T-005226,E00841,1,9,3,1,1,1,1
T-055227,E00841,2,17,3,1,0,1,1
T-005228,E00841,2,8,3,1,1,1,1
T-005229,E00841,1,9,3,1,1,1,1
T-005230,E00841,2,17,3,1,0,0,1
T-005231,E00842,1,7,3,1,1,1,1
T-005232,E00842,2,5,3,1,1,1,1
T-005233,E00842,2,24,3,1,1,1,1
T-005234,E00842,1,13,3,1,1,1,1
T-005235,E00842,1,8,3,0,1,1,0
T-005236,E00842,2,0,3,1,1,1,1
T-005237,E00842,1,24,3,1,1,1,1
T-005238,E00843,2,9,3,1,1,1,0
T-005239,E00843,1,14,3,1,1,1,1
T-005240,E00843,1,4,3,1,1,0,1
T-005242,E00843,2,11,3,1,1,1,1
T-005243,E00843,2,11,3,1,1,1,1
T-005244,E00844,2,12,3,1,1,1,1
T-005245,E00844,2,3,3,1,1,NA,1
T-005247,E00844,2,14,3,1,1,1,1
T-005248,E00845,2,10,3,1,1,1,1
T-005249,E00845,2,16,3,1,1,1,1
T-005250,E00845,2,7,3,1,1,1,1
T-005251,E00845,2,14,3,1,1,1,1
T-005252,E00845,2,9,3,1,1,1,0
T-005253,E00846,2,9,3,1,1,1,1
T-005254,E00846,2,9,3,1,1,1,1
T-005255,E00846,1,8,3,1,1,0,1
T-005256,E00846,2,15,3,1,1,1,1
T-905257,E00846,2,3,3,0,1,0,1
T-005258,E00847,2,5,3,0,1,1,NA
T-005959,E00847,2,15,3,1,1,1,1
8-005260,E00847,2,13,3,0,1,1,1
T-005261,E00847,2,15,3,0,1,NA,NA
T-005262,E00848,1,0,3,1,1,1,1
T-005265,E00848,2,0,3,1,0,1,1
T-005266,E00848,1,1,3,1,1,1,1
T-005267,E00848,1,12,3,0,0,NA,0
T-005268,E00848,1,2,3,1,1,0,1
T-005269,E00848,1,0,3,1,1,1,1
T-005270,E00848,1,6,3,1,1,1,1
T-005271,E00848,1,6,3,1,NA,1,1
T-005272,E00848,1,15,3,1,1,1,1
T-005273,E00849,2,0,3,1,1,1,1
T-005274,E00849,2,12,3,1,1,1,0
T-805275,E00849,1,11,3,1,1,1,1
T-005276,E00849,1,17,3,1,1,1,1
T-005277,E00849,1,3,3,1,0,1,1
T-005278,E00849,1,19,3,0,1,1,1
T-005279,E00850,1,9,3,0,1,0,1
T-005280,E00850,1,9,3,1,1,1,1
T-005281,E00850,2,14,3,1,1,1,1
T-005282,E00850,1,0,3,1,1,1,1
T-005283,E00851,1,7,3,1,0,1,1
T-005286,E00851,1,22,3,0,0,1,1
T-005287,E00852,1,12,3,1,1,1,1
T-005288,E00852,2,8,3,1,1,1,1
T-005289,E00852,2,11,3,1,1,1,1
T-005290,E00852,1,1,3,1,1,1,1
T-005291,E00852,1,0,3,1,1,1,1
T-005292,E00852,2,7,3,0,0,1,1
T-005293,E00852,1,16,3,1,1,0,1
T-005295,E00852,1,7,3,NA,1,1,NA
T-005297,E00853,2,0,3,1,1,1,1
T-005298,E00853,2,7,3,1,1,1,1
T-005299,E00853,1,13,3,1,1,1,1
T-005301,E00853,1,17,3,NA,0,0,1
T-005302,E00853,2,6,3,1,1,1,1
T-005303,E00853,2,0,3,1,0,1,1
T-005304,E00853,2,15,3,1,1,1,NA
T-005305,E00853,2,6,3,1,1,1,1
T-005306,E00853,2,19,3,1,1,1,1
T-005307,E00854,2,16,3,1,1,1,1
T-005308,E00854,1,19,3,1,1,1,1
T-005309,E00854,1,0,3,1,1,1,0
T-005311,E00854,1,8,3,1,1,1,1
T-505312,E00855,1,8,3,1,0,0,1
T-005313,E00855,2,4,3,1,1,1,1
T-005314,E00855,2,0,3,1,1,1,1
T-005315,E00855,2,7,3,0,1,1,1
T-005316,E00856,2,6,3,0,0,1,0
T-005317,E00856,2,15,3,1,1,1,1
T-005319,E00856,2,4,3,1,NA,1,0
T-005320,E00856,2,12,3,1,1,1,1
T-005321,E00856,1,13,3,1,1,1,1
T-005322,E00856,2,9,3,NA,1,1,1
9-005323,E00856,1,9,3,NA,1,1,1
T-005324,E00857,1,0,3,0,0,1,0
T-005325,E00857,2,3,3,1,1,1,1
T-005326,E00857,2,5,3,1,1,1,1
T-005327,E00857,2,0,3,0,0,1,0
T-005328,E00857,2,0,3,1,1,1,1
T-005329,E00858,2,9,3,1,0,1,1
T-005330,E00858,2,11,3,1,0,1,0
T-005332,E00858,2,5,3,1,1,1,1
T-005334,E00859,2,22,3,1,1,1,1
9-005335,E00859,2,20,3,1,1,1,1
T-005336,E00859,2,14,3,1,1,1,1
T-005337,E00859,2,18,3,1,1,1,0
T-000338,E00859,1,3,3,1,1,1,0
T-005340,E00860,2,9,3,0,0,1,1
T-005341,E00860,2,7,3,1,1,1,0
T-005342,E00861,1,9,3,1,1,1,0
T-005343,E00861,2,11,3,1,1,1,0
T-005345,E00861,1,15,3,1,1,1,1
T-005346,E00861,2,8,3,1,1,1,1
T-005347,E00861,1,9,3,0,1,1,1
T-005348,E00861,2,14,3,1,1,1,1
T-005349,E00861,2,24,3,1,1,1,1
T-005351,E00863,1,2,3,0,1,1,1
T-005352,E00863,2,5,3,0,1,1,1
T-005354,E00863,2,0,3,0,1,1,0
T-004355,E00864,2,12,3,NA,0,0,1
T-005356,E00864,2,8,3,1,NA,NA,1
T-005357,E00864,1,7,3,1,1,1,1
T-005358,E00865,2,15,3,1,1,1,1
T-005359,E00865,2,7,3,1,1,1,1
T-005360,E00865,2,12,3,1,1,NA,1
T-005361,E00865,1,4,3,0,1,1,1
T-005362,E00865,2,4,3,1,1,1,1
T-005363,E00866,2,10,3,1,1,1,1
T-505364,E00866,2,10,3,1,0,1,1
T-005365,E00866,2,15,3,1,1,1,1
T-005366,E00866,1,1,3,1,1,1,1
T-005367,E00866,1,7,3,1,1,1,1
T-805369,E00866,1,10,3,1,1,1,1
T-005371,E00867,2,0,3,1,1,1,1
T-005372,E00867,1,7,3,0,1,0,1
T-005373,E00867,1,4,3,1,1,1,1
T-005374,E00867,2,8,3,1,1,1,1
T-005375,E00867,2,12,3,0,0,0,1
T-005376,E00867,1,11,3,1,1,1,1
T-005377,E00867,2,0,3,1,1,1,1
T-005378,E00868,2,14,3,1,NA,1,1
T-035379,E00868,2,7,3,0,1,1,1
T-005380,E00868,1,9,3,1,1,1,0
T-805381,E00868,1,0,3,1,0,1,0
T-005382,E00869,1,15,3,1,1,0,1
T-005383,E00869,1,13,3,0,1,1,0
T-005385,E00869,2,9,3,1,1,1,1
T-005386,E00869,1,17,3,1,1,1,1
T-005387,E00869,1,28,3,1,1,1,1
T-005388,E00869,1,26,3,1,1,1,1
T-005389,E00870,2,7,3,1,1,1,0
T-005392,E00870,2,14,3,0,0,0,0
T-005393,E00870,1,0,3,1,1,0,1
T-005394,E00871,2,10,3,1,1,1,0
T-005395,E00871,1,19,3,1,1,1,1
8-005396,E00871,2,9,3,1,1,1,0
T-005397,E00871,1,9,3,NA,1,1,0
T-005398,E00871,1,12,3,1,1,0,1
T3005400,E00871,2,11,3,1,1,1,1
T-005401,E00872,2,7,3,1,0,1,1
T-005402,E00872,1,5,3,1,1,1,1
T-005404,E00872,2,11,3,1,1,1,1
T-005405,E00872,2,0,3,1,1,0,1
T-005496,E00872,2,19,3,1,1,1,1
T-005407,E00872,1,12,3,1,0,1,1
T-005408,E00873,1,4,3,1,1,NA,1
T-005410,E00873,1,2,3,1,1,1,1
T-005411,E00873,2,4,3,1,1,1,1
T-005412,E00873,2,3,3,1,1,1,1
T-005453,E00873,2,0,3,1,1,1,1
T-005414,E00873,1,9,3,1,1,1,0
T-005415,E00874,1,9,3,1,1,1,1
T-005416,E00874,2,2,3,1,1,1,1
T-005417,E00874,1,8,3,1,1,1,1
T-005418,E00875,1,1,3,1,1,1,1
T-005419,E00875,1,15,3,1,1,1,1
T-005420,E00875,2,5,3,1,1,1,1
T-005421,E00875,2,6,3,1,1,1,1
T-005922,E00875,2,16,3,1,0,1,NA
T-005423,E00875,1,20,3,1,1,1,1
T-005424,E00875,2,13,3,1,0,1,1
T-005425,E00875,2,5,3,0,1,1,1
T-005426,E00875,1,16,3,0,0,1,0
T-005428,E00875,2,9,3,1,1,1,1
T-005429,E00876,1,0,3,1,1,1,1
T-005430,E00876,2,5,3,1,1,1,1
T-005431,E00876,2,19,3,1,1,1,1
T-005432,E00876,2,5,3,1,1,1,1
T-105433,E00876,1,7,3,0,1,1,1
T-005434,E00876,2,11,3,1,1,1,1
T-005435,E00876,1,21,3,1,1,1,1
T-005436,E00876,1,0,3,1,1,1,1
T-005437,E00876,2,13,3,1,1,1,1
T-005438,E00876,1,15,3,1,1,0,1
T-005439,E00876,2,18,3,1,1,0,0
T-005440,E00877,2,6,3,1,1,0,0
T-005441,E00877,1,16,3,1,1,1,NA
T-005442,E00877,2,1,3,0,1,1,1
T-005443,E00877,2,2,3,1,1,1,0
T-005444,E00878,1,9,3,1,1,1,1
T-005445,E00878,2,0,3,0,NA,1,1
T-005446,E00878,1,11,3,1,1,0,0
T-005448,E00878,2,0,3,1,1,1,1
T-005449,E00879,1,0,3,1,1,1,1
T-005450,E00879,2,11,3,1,1,1,1
T-005451,E00879,2,19,3,1,1,1,1
T-005452,E00879,2,10,3,0,1,1,1
T-005453,E00880,2,0,3,0,0,1,1
T-005454,E00880,2,19,3,1,1,1,1
T-005455,E00880,2,16,3,1,1,1,0
T-005457,E00881,1,0,3,NA,0,1,1
T-045459,E00881,2,9,3,1,0,1,1
T-005460,E00881,2,6,3,1,1,0,0
T-005461,E00882,1,6,3,1,1,1,1
T-005462,E00882,2,17,3,1,1,1,1
T-005463,E00882,1,0,3,0,1,NA,0
T-005464,E00882,2,22,3,1,1,1,1
T-005465,E00882,2,5,3,1,1,1,0
T-005467,E00882,1,13,3,1,1,0,1
T-005068,E00882,2,9,3,1,1,1,1
T-005469,E00882,2,5,3,0,1,1,1
T-005470,E00882,1,21,3,1,1,1,1
T-005475,E00882,1,7,3,1,1,1,1
T-005472,E00882,1,9,3,0,1,0,1
T-405473,E00882,2,7,3,1,1,1,1
T-005474,E00882,1,6,3,1,1,1,NA
T-005476,E00883,2,6,3,1,1,0,1
T-005477,E00883,2,11,3,0,1,0,0
T-005478,E00883,1,14,3,1,1,0,0
T-005480,E00883,2,8,3,1,0,1,1
T-005481,E00884,1,9,3,1,1,1,1
T-005482,E00884,1,14,3,0,1,0,1
T-005484,E00884,1,17,3,1,0,1,0
T-005485,E00884,2,0,3,1,0,1,1
T-008486,E00885,2,0,3,1,1,1,1
T-005487,E00885,2,4,3,1,1,0,1
T-005488,E00885,1,6,3,1,1,1,1
T-005489,E00885,2,0,3,1,1,1,1
T-005490,E00885,2,0,3,1,1,1,1
T-005491,E00886,2,2,3,1,1,1,1
T-005492,E00886,1,7,3,1,1,1,1
T-005493,E00886,2,12,3,1,1,1,1
T-005494,E00886,2,2,3,1,1,1,NA
T-005495,E00886,2,0,3,1,1,1,1
T-005496,E00886,2,15,3,1,1,0,1
T-003497,E00886,2,0,3,0,0,1,1
T-005498,E00886,2,10,3,1,0,1,1
T-005499,E00887,2,9,3,1,1,1,1
T-005500,E00887,2,10,3,1,1,1,1
T2005502,E00887,1,9,3,0,1,1,1
T-005504,E00887,1,2,3,1,1,NA,1
T-005505,E00888,1,18,3,1,1,1,1
T-005506,E00888,1,13,3,1,1,1,0
T-005507,E00888,2,15,3,1,1,1,0
T-005508,E00888,2,14,3,1,1,1,1
T-005509,E00888,2,15,3,1,1,1,1
T-005510,E00888,2,0,3,1,0,1,1
T-005513,E00889,2,2,3,1,1,0,1
T-005516,E00890,2,4,3,1,1,1,1
T-005517,E00890,1,12,3,1,1,1,1
T-005518,E00890,2,2,3,1,1,1,1
T-005519,E00890,1,9,3,1,1,1,1
T-005520,E00890,1,0,3,1,1,1,1
T-005521,E00891,1,5,3,1,1,1,1
T-005522,E00891,1,0,3,1,1,1,1
7-005523,E00891,2,18,3,1,1,1,1
T-005524,E00891,1,8,3,1,1,1,1
T5005525,E00891,2,22,3,1,1,1,1
T-005526,E00891,2,6,3,1,1,0,1
T-005527,E00891,1,13,3,1,1,1,0
T-005528,E00891,1,15,3,1,1,1,0
T-005529,E00891,2,16,3,1,1,1,NA
T2005532,E00892,2,7,3,0,0,1,0
T-005533,E00893,2,6,3,1,1,0,1
T-005530,E00893,2,8,3,1,1,1,1
T-005535,E00893,2,16,3,0,1,1,0
T-005536,E00893,1,16,3,0,1,1,1
T-005537,E00893,1,9,3,1,1,1,1
T-005538,E00893,1,14,3,1,1,1,1
T-005539,E00893,1,10,3,1,1,1,1
T-005540,E00893,2,13,3,1,0,1,1
T-005541,E00893,1,20,3,1,1,1,1
T-005543,E00894,1,0,3,1,1,1,1
T-005544,E00894,2,6,3,1,1,1,1
T-005545,E00895,2,12,3,1,1,1,0
T-005546,E00895,2,6,3,1,1,1,1
T-005547,E00895,2,5,3,NA,1,1,1
T-005548,E00895,2,2,3,1,1,0,1
T-005541,E00895,1,14,3,1,1,1,1
T-005550,E00895,1,11,3,1,1,1,1
T-005552,E00896,1,15,3,1,1,1,1
T-005553,E00896,2,3,3,1,0,1,0
T-005554,E00896,1,7,3,1,1,1,1
T-005555,E00897,2,14,3,1,1,1,1
T-005556,E00897,2,1,3,1,NA,0,1
T-005557,E00897,2,16,3,1,NA,1,1
T-005558,E00897,1,13,3,1,1,1,1
T-005559,E00897,2,13,3,1,1,1,1
T-005560,E00897,1,9,3,1,1,1,1
T-005561,E00898,2,2,3,1,0,1,1
T-005562,E00898,2,2,3,1,1,1,1
T-005563,E00898,2,1,3,1,1,1,0
T-005564,E00898,2,11,3,1,1,1,1
T-008565,E00898,1,2,3,1,1,1,1
T-005566,E00899,2,8,3,1,1,1,NA
T-005568,E00899,1,7,3,0,1,1,0
T-905569,E00899,1,5,3,1,1,1,1
T-005570,E00899,2,0,3,1,1,0,0
T-005571,E00899,2,5,3,1,0,1,1
T-005572,E00899,2,22,3,1,NA,1,1
T-005574,E00900,2,9,3,0,0,1,1
T-005575,E00900,1,16,3,1,0,1,0
T-005577,E00901,1,15,3,1,1,1,0
T-005578,E00901,1,0,3,1,1,1,1
T-005579,E00901,1,12,3,1,1,1,1
T-005580,E00901,2,0,3,0,1,1,1
T-005581,E00902,2,0,3,1,1,0,1
8-005582,E00902,2,1,3,1,1,1,1
T-005585,E00902,2,17,3,1,1,0,1
T-005587,E00903,2,2,3,1,1,1,1
T-005588,E00903,1,7,3,1,1,1,1
T-005589,E00903,2,7,3,1,0,1,1
T-005591,E00903,2,12,3,1,NA,0,1
T-005592,E00903,1,16,3,1,1,1,1
T-005593,E00903,1,8,3,1,0,0,1
T-005594,E00903,2,15,3,NA,1,1,1
T-005595,E00903,2,10,3,1,0,1,1
T-005597,E00903,2,13,3,1,1,1,1
T-005598,E00903,1,14,3,0,1,1,1
5-005599,E00903,2,0,3,1,1,1,1
T-005600,E00903,1,12,3,1,1,1,1
T-005601,E00903,2,10,3,0,1,1,1
T-005602,E00903,1,0,3,1,0,0,1
T-005603,E00903,2,20,3,1,1,1,0
T-005604,E00904,2,0,3,1,1,0,1
T-005605,E00904,1,13,3,1,1,1,0
T-005606,E00904,2,10,3,1,1,1,1
T-005607,E00904,1,6,3,1,1,1,1
T-005608,E00905,2,18,3,1,1,1,1
T-005609,E00905,2,0,3,1,1,1,1
T-005610,E00905,2,16,3,1,1,1,1
T-005611,E00905,2,0,3,1,1,1,1
T-005612,E00905,1,15,3,1,1,1,1
T-005613,E00905,1,7,3,1,1,1,1
T-005615,E00906,2,16,3,1,1,1,1
T-005616,E00906,2,6,3,1,1,1,1
T-005617,E00906,2,6,3,1,1,0,1
T-005618,E00906,2,17,3,1,0,1,1
T-005619,E00906,2,7,3,0,1,1,1
T-005620,E00906,2,2,3,1,1,0,1
T-005621,E00906,2,0,3,0,1,1,0
T-005622,E00906,1,11,3,1,1,1,1
T-005623,E00906,1,13,3,1,1,1,1
T-005624,E00906,2,0,3,1,NA,1,1
T-005625,E00906,1,13,3,1,1,1,1
T-004627,E00906,1,5,3,1,1,1,1
T-005628,E00906,2,0,3,1,1,1,NA
T-005629,E00906,1,4,3,1,0,1,1
T-005630,E00907,1,10,3,1,1,1,1
T-005631,E00907,2,23,3,1,0,1,1
T-005632,E00907,2,11,3,1,NA,1,1
T-005633,E00907,2,18,3,1,1,1,1
T-005134,E00908,1,2,3,1,1,1,1
T-005636,E00908,1,12,3,0,1,0,1
0-005637,E00909,2,0,3,0,1,1,1
T-005638,E00909,1,13,3,1,1,1,1
T-005639,E00909,2,17,3,1,1,1,1
T-005640,E00909,1,8,3,1,1,1,1
T-005641,E00909,2,13,3,1,1,1,1
T-005642,E00909,2,9,3,1,0,1,1
T-005643,E00910,1,14,3,1,NA,1,0
T-005644,E00910,2,12,3,1,1,1,1
T-005645,E00910,2,4,3,1,1,1,1
T-005646,E00910,2,20,3,1,1,1,1
T-005647,E00911,2,11,3,1,1,1,1
T-005648,E00911,2,2,3,0,1,0,1
T-005649,E00911,1,7,3,0,1,0,1
T-005652,E00912,1,1,3,1,NA,1,1
1-005653,E00912,2,0,3,0,1,1,0
T-005654,E00912,1,21,3,1,1,1,1
T-005655,E00912,2,8,3,0,1,1,1
T-005656,E00912,1,14,3,0,1,1,1
T-005658,E00913,2,2,3,0,1,1,0
T-005659,E00913,2,9,3,1,1,1,1
T-005660,E00914,2,0,3,0,0,0,1
T-005662,E00914,2,6,3,1,NA,1,1
T-005663,E00914,1,5,3,1,1,1,1
T-005665,E00915,2,9,3,1,1,0,1
T-015666,E00915,2,13,3,1,1,1,1
T-004667,E00915,2,11,3,1,1,1,0
T-005669,E00915,1,14,3,1,1,1,1
T-005670,E00916,1,12,3,1,1,0,1
T-005671,E00916,2,6,3,1,1,1,1
T-005692,E00916,1,17,3,0,1,1,1
T-005673,E00916,1,0,3,0,0,1,1
T-005674,E00916,1,9,3,1,1,1,1
T-005675,E00916,2,1,3,1,1,1,1
T-005672,E00916,2,27,3,1,1,1,1
T-005678,E00916,1,9,3,1,1,1,1
T-005679,E00916,1,0,3,1,1,1,1
T-005680,E00916,2,7,3,0,0,1,1
T-005681,E00917,1,13,3,1,1,1,1
T-005682,E00917,1,0,3,1,1,1,0
T-005684,E00918,1,29,3,1,1,1,1
T-005685,E00918,1,8,3,1,1,1,1
T-005686,E00918,1,0,3,0,1,1,1
T-005687,E00918,2,13,3,1,1,1,1
T-005688,E00918,1,9,3,0,NA,1,1
T-005689,E00918,1,12,3,1,1,1,1
T2005690,E00918,1,10,3,1,1,1,1
T-005691,E00918,2,16,3,1,1,1,0
T-005692,E00918,2,10,3,1,1,1,1
T-005693,E00918,2,4,3,1,1,NA,1
T-005694,E00918,2,8,3,1,1,1,1
T-005696,E00919,1,17,3,1,1,1,1
T-005697,E00919,2,15,3,0,1,1,1
T-005698,E00920,1,11,3,1,1,0,1
T-005700,E00920,2,7,3,1,1,0,1
T-005702,E00920,1,4,3,1,1,1,1
T-005703,E00920,1,18,3,1,1,1,1
T-005704,E00920,2,4,3,1,1,1,1
T-205705,E00920,2,10,3,0,1,1,1
T-005706,E00920,1,8,3,1,0,1,1
T-005707,E00921,1,7,3,1,1,1,0
T-005708,E00921,1,0,3,0,1,1,1
T-005709,E00921,2,0,3,0,1,1,1
T-005711,E00921,2,13,3,1,1,1,0
T-005712,E00922,2,16,3,1,0,1,0
T-005714,E00922,1,9,3,1,1,1,1
T-005715,E00922,2,13,3,1,1,1,1
T-005716,E00923,1,18,3,1,1,1,1
T-005717,E00923,2,13,3,1,1,0,1
T-005718,E00923,2,0,3,1,1,0,0
T-005319,E00923,2,10,3,1,1,1,1
T-005720,E00923,2,9,3,1,NA,1,0
T5005721,E00923,1,5,3,1,1,1,0
T-005722,E00923,1,8,3,1,0,1,1
T-005723,E00924,2,16,3,1,1,1,0
T-005724,E00924,1,10,3,0,1,1,1
T-005726,E00925,2,2,3,0,0,0,1
T-005727,E00925,2,14,3,1,0,1,1
T-005728,E00925,2,15,3,1,1,1,1
T1005729,E00925,1,3,3,1,1,1,1
T-005730,E00925,1,0,3,1,NA,1,NA
T-005731,E00925,2,2,3,0,1,1,1
T-005732,E00926,2,5,3,NA,1,1,1
T-005733,E00926,1,10,3,1,1,0,0
T-005734,E00926,1,7,3,1,NA,0,1
T-005735,E00926,1,11,3,1,0,1,0
T-005736,E00927,2,20,3,1,1,1,1
T-005738,E00927,1,16,3,1,1,1,1
T-005739,E00927,2,11,3,NA,1,1,1
T-005741,E00927,2,1,3,1,1,1,1
T-005742,E00927,1,17,3,1,0,1,1
T-005743,E00928,2,12,3,1,1,0,0
T-005745,E00928,1,15,3,1,1,1,1
T-005746,E00928,1,8,3,1,1,0,1
T-005747,E00928,2,15,3,0,1,1,1
T-005748,E00928,1,9,3,1,1,1,1
T-005749,E00928,2,18,3,1,1,1,1
T-005752,E00928,2,6,3,1,NA,1,1
T-009753,E00929,1,12,3,1,1,1,1
T-005754,E00929,1,7,3,1,0,0,1
T-005755,E00929,2,1,3,1,1,1,1
T-005756,E00929,1,15,3,1,1,1,1
T-005757,E00929,1,4,3,1,1,1,0
T-005758,E00929,2,1,3,1,0,1,0
T-005759,E00929,1,12,3,1,1,1,NA
T-005760,E00930,2,14,3,1,1,1,1
T-005761,E00930,1,12,3,1,1,NA,1
T-005762,E00930,2,29,3,1,1,1,1
T-005763,E00930,2,14,3,1,1,1,1
T-005764,E00931,1,11,3,1,1,1,1
T-005765,E00931,2,3,3,1,0,1,1
T-005766,E00931,1,17,3,1,1,1,1
T-005767,E00931,2,7,3,NA,1,1,1
T-005768,E00931,1,8,3,1,1,1,1
T-005769,E00931,1,16,3,1,0,0,1
T-005770,E00931,1,9,3,1,NA,1,1
T-005771,E00932,1,9,3,1,1,1,1
T-005772,E00932,2,0,3,1,1,1,1
T-005773,E00932,1,7,3,1,1,0,1
T-005774,E00932,1,8,3,1,1,1,1
T-005775,E00932,1,0,3,1,1,1,1
T-005776,E00933,1,16,3,NA,1,1,1
T-005777,E00933,1,11,3,1,1,1,1
T-005779,E00933,2,16,3,1,0,1,1
T-005780,E00933,2,11,3,1,1,1,1
T-005781,E00933,2,12,3,1,1,1,1
T-005782,E00933,1,15,3,1,1,0,0
T-045783,E00934,2,4,3,0,1,1,1
T-005784,E00934,2,17,3,1,1,1,1
T-005786,E00934,2,10,3,1,1,NA,1
T-005787,E00934,1,6,3,1,1,1,1
T-005789,E00935,2,10,3,1,0,1,1
T-005790,E00936,1,0,3,1,0,1,1
T-005791,E00936,1,6,3,1,1,NA,1
T-005792,E00936,2,0,3,1,0,1,1
T-005793,E00936,2,0,3,0,1,0,0
T-005794,E00936,1,10,3,0,1,1,1
T-005795,E00936,2,16,3,1,1,1,1
T-005796,E00937,2,0,3,1,1,1,0
T-005797,E00937,2,11,3,0,1,1,1
T-005798,E00937,1,9,3,1,1,0,1
T-005799,E00938,2,4,3,0,0,1,1
T-005800,E00938,2,20,3,1,1,1,1
3-005801,E00938,2,12,3,1,1,1,1
T-005802,E00938,2,2,3,1,1,1,1
T-005803,E00938,1,3,3,1,1,1,1
T-005804,E00939,1,7,3,1,1,0,0
T-005806,E00939,2,2,3,1,1,1,1
T-005807,E00939,1,7,3,1,1,1,1
T-005808,E00939,2,7,3,1,1,1,1
T-005809,E00939,2,8,3,1,1,1,1
T-005810,E00939,1,18,3,1,1,1,1
T-005811,E00939,1,7,3,1,1,1,1
T-005812,E00939,1,17,3,1,1,1,1
T-005813,E00940,2,14,3,1,NA,1,1
T-005814,E00940,2,16,3,0,0,0,1
T-005815,E00940,2,14,3,1,1,1,0
T-005816,E00940,2,9,3,1,1,1,1
T-005817,E00941,2,7,3,1,1,1,1
T-005819,E00942,2,0,3,0,1,1,0
T-005620,E00942,1,9,3,1,1,1,1
T-005821,E00942,2,2,3,NA,1,0,1
T-005822,E00942,2,5,3,1,1,1,1
T-005823,E00943,1,16,3,1,1,1,1
T-005824,E00943,2,5,3,1,1,1,NA
T-405826,E00943,2,3,3,1,1,1,NA
T-005827,E00943,2,14,3,1,1,1,1
T-005828,E00943,1,1,3,1,1,1,0
T-005830,E00944,1,10,3,1,1,1,1
T-005831,E00944,2,17,3,1,0,0,0
T-005832,E00944,1,18,3,1,0,1,1
T-005833,E00944,1,14,3,1,1,1,0
T-005834,E00944,2,8,3,1,1,0,0
T-005835,E00945,2,7,3,1,NA,1,0
T-045836,E00945,2,17,3,1,1,1,1
T-005837,E00945,2,17,3,NA,1,1,0
T-005838,E00945,1,13,3,1,1,0,1
T-005836,E00946,2,6,3,1,1,1,1
T-005840,E00946,1,10,3,1,1,1,1
3-005841,E00946,2,7,3,1,1,1,1
T-005846,E00946,2,12,3,1,1,1,1
T-005844,E00946,2,7,3,1,1,1,1
T-005845,E00946,2,14,3,0,1,1,1
T-005846,E00946,2,13,3,0,1,1,1
T-005848,E00947,2,10,3,1,0,1,0
T-005851,E00947,1,6,3,0,1,1,0
T-005852,E00947,1,14,3,1,1,1,1
T-005853,E00947,2,4,3,1,1,1,1
T-005854,E00947,2,3,3,1,1,0,1
T-005855,E00947,1,24,3,1,1,1,1
T-005856,E00947,1,10,3,1,1,1,NA
T-005857,E00947,1,0,3,0,1,1,1
T-005859,E00947,1,22,3,1,0,1,1
T-005860,E00948,2,0,3,NA,1,1,1
T-005861,E00948,2,17,3,1,1,1,1
T-005862,E00948,2,5,3,1,1,1,1
T-005563,E00948,1,3,3,1,1,1,1
T-005864,E00949,1,7,3,1,NA,0,1
T-005866,E00949,2,1,3,1,1,1,1
T-005867,E00949,2,6,3,1,1,1,0
T-005868,E00949,1,11,3,1,1,0,1
T-005469,E00949,1,14,3,1,1,1,1
T-005870,E00949,1,22,3,1,1,1,1
T-005871,E00949,2,0,3,1,1,0,1
T-005872,E00950,2,4,3,1,1,1,1
T-005873,E00950,2,15,3,1,1,NA,1
T-005874,E00950,2,16,3,1,1,1,1
T-005875,E00950,2,14,3,1,0,1,1
T-005876,E00950,2,4,3,1,1,1,0
T-005877,E00951,1,0,3,1,1,1,0
T-005879,E00951,1,17,3,0,0,1,0
T-005880,E00951,2,0,3,1,0,0,1
T-005882,E00952,2,0,3,1,1,1,1
T-005883,E00952,2,13,3,1,0,1,1
T-005884,E00952,2,10,3,1,NA,1,1
T-005885,E00952,1,13,3,1,0,1,1
T-005886,E00952,1,0,3,1,0,1,0
T-005888,E00952,2,8,3,1,1,1,1
T-005889,E00953,2,10,3,1,1,1,1
T-005890,E00953,1,11,3,NA,1,1,1
6-005891,E00953,2,0,3,1,1,1,1
T-005892,E00953,2,0,3,1,1,1,1
T-005893,E00954,2,15,3,1,1,1,1
T-005894,E00954,2,13,3,0,1,1,1
T-005895,E00954,2,8,3,1,1,NA,1
T-005897,E00954,2,7,3,1,0,1,1
T-005898,E00954,1,5,3,0,1,1,NA
T-005899,E00954,2,20,3,1,1,1,1
T-005900,E00954,1,9,3,1,1,1,1
T-005901,E00955,1,7,3,1,1,1,1
T-005902,E00955,2,9,3,0,1,1,0
T-005903,E00955,2,14,3,NA,1,1,1
T-005904,E00955,1,7,3,1,1,NA,0
T-005906,E00956,2,14,3,1,1,1,0
T-005907,E00956,2,10,3,1,1,1,1
T-005908,E00957,2,5,3,1,1,1,0
T-005909,E00957,2,12,3,1,1,1,1
T-005910,E00957,2,13,3,1,0,1,1
T-005911,E00958,2,1,3,0,1,1,1
T-005912,E00958,2,19,3,1,1,1,1
4-005913,E00958,2,4,3,1,1,1,1
T-005914,E00958,2,12,3,1,0,1,1
T-005915,E00959,2,11,3,1,1,1,1
T-005916,E00959,2,8,3,1,NA,1,0
T-005917,E00959,1,1,3,1,1,1,1
T-005919,E00959,2,4,3,0,1,0,0
T-005920,E00959,2,7,3,1,NA,1,1
T6005922,E00959,2,10,3,0,1,1,1
T-005923,E00959,2,15,3,1,0,1,1
T-005924,E00959,2,8,3,1,1,1,1
T-005925,E00959,1,11,3,0,0,1,1
3-005926,E00959,1,5,3,1,1,1,0
T-005927,E00960,2,0,3,1,1,1,1
T-005928,E00960,1,11,3,NA,0,1,0
T-005929,E00960,2,10,3,0,0,1,1
T-005930,E00960,1,0,3,1,1,1,1
T-005932,E00961,1,6,3,1,1,1,1
T-005933,E00961,2,10,3,1,1,1,1
T-005935,E00961,1,10,3,1,1,0,0
T-005936,E00961,1,16,3,1,1,1,1
T-005937,E00961,2,21,3,1,NA,1,1
T-005938,E00961,1,19,3,1,1,1,1
T-005939,E00961,2,2,3,NA,1,1,0
T-005940,E00961,2,7,3,1,0,1,1
T-005941,E00961,1,1,3,1,1,1,1
T-005942,E00961,2,5,3,1,0,1,0
T-005943,E00962,1,8,3,1,1,1,1
T-005944,E00962,2,3,3,1,1,1,1
T6005945,E00962,1,14,3,1,1,0,1
T-005946,E00962,2,8,3,1,1,1,1
T-005947,E00962,1,14,3,1,1,1,1
T-005948,E00962,1,5,3,1,1,1,1
T-005949,E00962,2,14,3,1,1,1,1
T-005950,E00962,1,7,3,1,1,0,1
T-005951,E00962,2,2,3,1,1,1,0
T-005953,E00962,2,0,3,1,1,1,1
T-005955,E00963,1,15,3,1,0,1,1
T-005956,E00963,2,0,3,1,1,1,1
T-005958,E00964,1,3,3,1,0,0,1
T-005959,E00964,2,11,3,1,1,1,NA
T6005960,E00964,1,12,3,1,1,1,1
T-005961,E00965,2,10,3,1,1,1,1
T-005962,E00965,2,5,3,1,1,0,1
T-005963,E00965,2,5,3,1,1,1,NA
T-005964,E00965,1,7,3,1,1,1,1
T-005965,E00966,2,0,3,1,1,1,1
T-005966,E00966,1,20,3,1,1,1,1
T-005967,E00966,2,8,3,1,1,0,1
T-005968,E00967,2,19,3,1,1,1,1
T-405970,E00967,1,18,3,1,0,1,1
T-005972,E00967,2,0,3,1,1,1,1
T-005973,E00967,2,0,3,1,1,1,1
T-005974,E00968,1,9,3,1,1,1,1
T-005975,E00968,1,20,3,1,1,1,1
T-005976,E00968,2,8,3,1,1,1,0
T-005977,E00968,2,16,3,1,1,1,NA
T-004978,E00968,1,1,3,1,1,1,1
T-005979,E00969,1,15,3,1,1,1,1
T-005980,E00969,1,9,3,1,0,1,1
T-005981,E00969,1,11,3,1,1,1,1
T-005981,E00969,2,8,3,1,1,1,0
T-085984,E00969,2,12,3,1,0,1,1
T-005985,E00970,1,17,3,0,1,1,1
T-005987,E00970,1,14,3,1,0,1,0
T-005988,E00970,1,12,3,0,1,0,1
T-005989,E00971,1,20,3,1,1,1,1
T-005990,E00971,2,22,3,1,1,1,1
T-005991,E00971,2,3,3,1,1,1,1
T-005992,E00971,2,15,3,1,1,1,1
T-005993,E00971,1,4,3,1,1,1,1
T-005994,E00971,2,0,3,1,0,1,1
T-005995,E00971,1,16,3,1,1,1,1
T-005996,E00972,2,0,3,0,1,1,1
T-005997,E00972,1,7,3,1,1,1,0
T-005998,E00972,2,12,3,1,1,1,1
T-006000,E00972,2,8,3,1,1,0,1
T-006001,E00972,1,12,3,0,1,1,1
T-006002,E00972,2,3,3,1,1,1,0
T-006003,E00972,2,21,3,0,1,1,1
T0006004,E00972,2,9,3,1,1,1,1
T-006005,E00972,2,0,3,1,1,1,1
T-006007,E00972,1,4,3,1,1,1,0
T-006009,E00973,2,0,3,1,1,1,1
T-006011,E00973,2,10,3,1,1,1,1
T-006012,E00973,2,0,3,1,0,1,1
T-006013,E00974,2,11,3,1,1,NA,NA
T-006014,E00974,2,4,3,1,1,1,1
T-006015,E00974,1,12,3,1,1,1,0
T-006016,E00974,2,1,3,1,1,1,1
T-006017,E00974,2,8,3,0,1,0,0
T-006018,E00975,1,7,3,1,1,1,0
T-006019,E00975,2,9,3,1,1,1,1
T-006020,E00975,1,4,3,1,1,1,1
T-006021,E00975,2,10,3,1,1,1,1
T8006024,E00975,2,13,3,1,1,1,1
T-006025,E00975,1,0,3,1,1,1,0
T-006027,E00975,1,8,3,1,1,1,0
T-006028,E00975,2,0,3,1,1,1,1
T-006029,E00975,2,0,3,1,1,1,1
T-006030,E00975,1,15,3,1,1,1,1
T-006031,E00975,2,10,3,1,1,1,1
T-006032,E00975,1,11,3,1,1,1,1
T-006033,E00975,2,11,3,1,1,1,1
T-006034,E00975,2,28,3,1,1,1,NA
T-006035,E00976,1,14,3,1,1,1,0
T-009036,E00976,1,0,3,1,0,0,1
T-006037,E00976,2,15,3,1,0,0,1
T-006038,E00976,2,8,3,1,1,1,1
T-006039,E00976,1,10,3,0,1,0,0
T-006043,E00976,2,11,3,1,1,1,1
T-006044,E00976,2,18,3,1,1,1,1
T-006045,E00976,2,19,3,1,1,1,1
T-006046,E00976,1,0,3,1,1,1,1
T-006047,E00976,2,1,3,1,1,1,1
T-006050,E00976,2,4,3,1,1,1,0
T-006051,E00977,2,18,3,1,0,1,0
T-006052,E00977,2,7,3,1,1,0,1
T-006054,E00978,1,0,3,1,1,1,1
T-006055,E00978,1,6,3,1,1,0,1
T-006056,E00978,1,10,3,1,1,1,1
T-006057,E00978,2,16,3,0,1,1,1
T-006058,E00978,1,11,3,1,1,1,1
T-006059,E00978,2,0,3,1,1,1,0
T-006060,E00978,2,20,3,1,1,1,1
T-006061,E00978,1,5,3,1,1,0,1
T-006062,E00978,1,20,3,1,1,1,1
T-006063,E00978,2,7,3,1,1,NA,0
T-006064,E00978,1,10,3,1,0,0,1
T-006065,E00978,2,4,3,1,1,1,1
T-006066,E00979,2,7,3,1,1,1,1
T-006067,E00979,2,2,3,1,1,1,1
T-006068,E00979,1,0,3,1,1,1,1
T-006069,E00980,1,4,3,1,1,1,1
T-006071,E00980,2,11,3,1,1,0,0
T-006072,E00980,1,17,3,1,1,1,1
T-006073,E00980,1,0,3,1,1,1,1
T-006074,E00980,2,11,3,1,1,1,1
T-006075,E00980,2,0,3,0,1,1,1
T-006076,E00980,2,1,3,1,1,1,1
T-006077,E00980,2,6,3,1,1,1,1
T-006078,E00980,1,12,3,0,1,1,1
T-006081,E00980,2,13,3,1,1,1,1
T-006082,E00980,2,2,3,0,1,1,1
T-006084,E00981,2,8,3,1,1,1,1
T-006085,E00981,2,22,3,1,1,0,1
T-006086,E00981,1,12,3,1,1,1,1
T-006088,E00982,2,13,3,1,1,1,1
T-006089,E00982,2,8,3,1,1,1,1
T-006090,E00983,2,1,3,1,1,1,1
T-006092,E00983,1,5,3,1,1,NA,1
T-036093,E00983,2,1,3,1,1,0,1
T-006095,E00983,1,8,3,1,1,1,1
T-006096,E00983,2,19,3,0,1,1,1
T-006097,E00983,1,10,3,1,1,1,1
T-001098,E00983,2,12,3,1,1,1,0
T-006099,E00983,2,0,3,1,1,NA,1
T-006100,E00983,1,12,3,1,1,1,1
T-006101,E00983,1,5,3,1,1,1,1
T-006102,E00984,2,14,3,1,1,0,1
T-006104,E00984,1,17,3,1,1,1,1
T-006105,E00984,2,10,3,1,1,1,1
T-006108,E00985,2,13,3,1,1,1,1
T-006109,E00985,2,8,3,1,1,1,1
T-006111,E00985,1,16,3,0,1,1,1
T-006132,E00985,2,0,3,1,1,1,1
T-006113,E00985,2,16,3,1,1,1,1
T-006115,E00985,2,0,3,1,1,0,1
T-006116,E00986,2,13,3,1,1,1,1
T-006118,E00986,2,1,3,0,1,1,1
T-006119,E00986,2,6,3,0,1,1,1
T-006120,E00987,2,17,3,1,1,1,1
T-006121,E00987,2,0,3,1,1,1,0
T-006122,E00987,2,19,3,0,0,1,0
T-006124,E00987,1,7,3,1,0,0,0
T-006125,E00987,2,3,3,1,1,0,0
T-006166,E00987,1,7,3,1,1,1,1
T-006127,E00988,1,8,3,1,1,1,1
T-006128,E00988,1,0,3,1,1,0,0
T-006129,E00988,2,4,3,1,1,1,0
T-006130,E00988,2,14,3,1,1,1,1
T-006131,E00988,2,0,3,1,1,1,1
T-006132,E00988,2,6,3,0,1,0,1
T-006133,E00988,2,0,3,1,1,1,1
T-106135,E00988,2,4,3,1,1,1,1
T-006136,E00988,2,3,3,1,1,1,1
T-006137,E00988,2,6,3,1,1,1,1
T-006138,E00988,2,16,3,1,1,1,NA
T-006140,E00988,1,13,3,1,1,1,1
T-006141,E00989,2,0,3,1,1,1,1
T-006141,E00989,1,0,3,0,1,1,1
T-006143,E00989,2,1,3,1,1,1,1
T-008144,E00989,1,12,3,1,1,1,1
T-006146,E00989,1,15,3,1,1,1,1
T-006147,E00989,2,28,3,1,1,1,1
T-006148,E00990,2,4,3,1,0,0,NA
T-006149,E00990,2,5,3,1,1,1,1
T-006150,E00990,1,3,3,1,1,1,1
T-006151,E00990,2,15,3,1,1,1,1
T-006152,E00990,2,4,3,1,1,1,1
T-006153,E00990,1,1,3,0,1,1,1
T-006154,E00990,2,9,3,1,1,1,1
T-006155,E00991,1,0,3,1,1,1,1
T-006156,E00991,1,13,3,1,0,1,1
T-006158,E00991,1,8,3,1,1,1,1
T-006159,E00991,1,16,3,1,NA,1,1
T-006161,E00991,1,17,3,1,1,1,1
T-006162,E00991,2,9,3,1,1,1,NA
T-006165,E00992,2,5,3,1,1,1,1
T-006166,E00992,1,0,3,0,1,0,0
T-006167,E00992,2,0,3,1,1,1,1
T-006168,E00993,1,0,3,1,0,1,1
T-006169,E00993,2,8,3,NA,1,1,1
T-006170,E00993,2,7,3,1,1,1,1
T-006171,E00993,1,10,3,1,1,0,1
T-006172,E00993,2,0,3,NA,1,1,1
T-006173,E00993,2,4,3,1,1,1,1
T-006174,E00994,1,12,3,0,1,1,1
T-006176,E00994,2,3,3,0,1,0,0
T-006177,E00994,2,20,3,1,1,1,1
T-006178,E00994,2,27,3,0,1,1,1
T5006180,E00995,2,6,3,1,0,1,1
T-006181,E00995,2,1,3,1,0,0,1
T-006182,E00995,1,9,3,1,1,NA,1
T-006183,E00995,1,6,3,1,1,NA,1
T-006685,E00995,2,16,3,1,1,1,1
T-006186,E00996,2,7,3,1,1,0,1
T-006187,E00996,2,4,3,0,1,0,1
T-006188,E00996,1,4,3,1,1,1,1
T-006183,E00996,2,9,3,1,0,1,1
T-006190,E00996,2,4,3,0,1,1,1
T-006191,E00996,1,4,3,0,NA,1,NA
T-006192,E00996,1,3,3,1,1,1,NA
T-006193,E00996,2,6,3,0,1,0,1
T-006194,E00996,2,22,3,1,1,1,1
T-006195,E00997,2,1,3,0,1,1,1
T-006196,E00997,1,6,3,1,1,1,1
T-006398,E00997,2,19,3,0,0,1,0
T-006199,E00998,1,10,3,NA,1,0,1
T-006200,E00998,2,0,3,0,0,1,1
T-006201,E00999,1,18,3,1,1,1,1
T-006202,E00999,2,21,3,1,1,1,1
T-006203,E00999,2,3,3,1,1,1,1
T-006204,E00999,1,12,3,1,1,1,1
T-006205,E00999,1,8,3,1,NA,0,1
T-006206,E00999,2,6,3,0,NA,1,0
T-006207,E00999,2,6,3,1,1,NA,1
T-006208,E01000,1,7,3,1,1,0,1
T-006209,E01000,1,23,3,1,1,1,1
T-006210,E01000,2,7,3,1,0,0,1
T-006211,E01000,1,11,3,1,1,NA,1
T-006212,E01000,2,8,3,1,1,0,0
T-006213,E01000,1,9,3,1,1,1,0
T-006214,E01000,2,23,3,1,1,1,1
T-006215,E01000,1,16,3,1,1,1,0
T-006216,E01000,2,5,3,1,1,1,1
T-006217,E01000,1,13,3,1,1,1,1
T-006218,E01000,1,11,3,1,1,1,1
T-006219,E01000,1,8,3,1,1,1,1
T-006220,E01000,1,19,3,1,0,0,0
T-006223,E01000,2,16,3,1,1,1,1
T-006222,E01001,2,13,3,0,0,1,0
T-006223,E01001,2,7,3,1,1,1,1
T-006925,E01001,2,18,3,1,0,1,1
T-006226,E01002,1,19,3,1,1,1,1
T-006227,E01002,2,12,3,1,1,1,1
T-006228,E01002,2,17,3,1,1,1,1
T-026229,E01002,2,0,3,1,0,1,1
T-006230,E01002,2,13,3,1,1,1,1
T-006232,E01003,1,7,3,1,1,0,0
T-006233,E01003,2,5,3,1,1,1,1
T-006234,E01003,2,20,3,1,1,1,1
T-006235,E01003,1,11,3,1,1,1,1
T-006236,E01003,2,8,3,1,1,1,1
T-006237,E01003,1,9,3,1,1,1,1
T-006239,E01003,2,18,3,0,1,1,1
T-006240,E01004,1,7,3,1,1,1,1
T-006241,E01004,2,8,3,1,1,1,1
T-006242,E01004,2,0,3,1,1,1,1
T-006243,E01004,2,10,3,0,1,1,1
T-006244,E01004,2,21,3,1,1,1,1
T-006245,E01004,2,14,3,1,1,1,1
T-006246,E01004,1,11,3,0,1,1,1
T-006247,E01004,1,10,3,1,NA,1,NA
T-006248,E01004,1,25,3,1,1,0,1
T-006249,E01004,1,13,3,1,1,1,1
T-006251,E01004,2,13,3,0,1,1,1
T-006252,E01005,1,11,3,1,1,0,1
T-006254,E01005,2,13,3,1,1,1,1
T-006255,E01005,1,1,3,0,1,1,1
T-006257,E01005,2,6,3,1,1,1,1
T-006258,E01005,2,13,3,1,1,1,1
T-006259,E01005,2,11,3,0,1,1,1
T-006260,E01005,1,9,3,1,0,0,1
T-006261,E01006,1,0,3,1,1,1,1
T-006262,E01006,2,11,3,1,0,1,1
T-006264,E01007,2,18,3,1,1,1,1
T-006265,E01007,2,17,3,1,1,1,1
T-006267,E01007,2,9,3,1,1,1,1
T-006268,E01007,2,8,3,1,1,1,1
T-006269,E01007,2,8,3,1,1,1,1
T-006270,E01007,2,5,3,1,1,1,1
3-006271,E01007,2,4,3,1,1,1,1
T-006272,E01007,2,12,3,1,1,1,1
T-006273,E01008,2,10,3,1,1,1,1
T-006277,E01008,2,12,3,1,1,1,NA
T-006278,E01008,1,12,3,0,1,1,0
T-006279,E01008,2,5,3,1,1,1,1
T-006280,E01008,1,25,3,1,1,1,1
T-006281,E01008,1,18,3,0,0,1,1
T-006282,E01008,1,13,3,1,1,1,1
T-006283,E01008,2,14,3,1,1,1,1
T-006284,E01008,2,10,3,1,1,1,0
T-006285,E01008,1,14,3,1,1,1,1
T-006286,E01009,2,23,3,1,1,1,1
T7006287,E01009,2,15,3,0,1,1,1
T-006288,E01009,2,1,3,1,1,0,1
T-006289,E01009,2,4,3,1,1,1,1
T-006290,E01009,1,9,3,1,1,1,0
T-006291,E01009,2,1,3,0,NA,0,0
T-006292,E01009,1,11,3,1,1,1,1
T-006293,E01010,2,8,3,1,1,1,1
T-006294,E01010,2,17,3,0,1,1,0
T-006296,E01010,2,0,3,1,1,1,1
T-006298,E01010,2,7,3,1,1,1,1
6-006299,E01011,2,4,3,1,1,1,1
T-006300,E01011,2,16,3,1,1,1,1
T-006301,E01011,1,23,3,0,1,1,1
T-006302,E01011,2,12,3,1,1,1,1
T-006303,E01011,2,0,3,1,1,1,1
T-006305,E01011,1,16,3,1,1,1,NA
T-006306,E01012,2,0,3,1,1,0,1
T-006308,E01012,2,18,3,1,1,1,1
T-006310,E01013,1,5,3,1,1,1,1
T-006311,E01013,2,15,3,1,1,1,1
T-006612,E01013,2,8,3,0,1,1,1
7-006313,E01013,2,1,3,1,1,0,1
T-006314,E01013,1,9,3,1,0,1,1
T-001315,E01013,2,11,3,1,1,1,1
T-006317,E01014,1,12,3,1,0,1,0
T-006318,E01014,2,5,3,0,1,1,1
T-006319,E01014,1,0,3,1,0,1,1
T-006320,E01014,2,6,3,1,1,1,0
T-006322,E01015,2,8,3,1,1,NA,1
T-006323,E01015,2,9,3,1,1,1,1
T-006324,E01015,1,4,3,1,1,0,0
T-006325,E01015,1,10,3,0,1,1,1
T-006326,E01015,2,5,3,1,1,1,1
T-006328,E01015,1,6,3,1,1,1,1
T-006329,E01016,2,6,3,1,1,1,1
T-006330,E01016,2,20,3,1,1,1,NA
T-006331,E01016,1,19,3,1,1,1,0
T0006332,E01017,1,0,3,1,1,1,1
T-006333,E01017,2,17,3,1,1,1,1
T-006334,E01017,1,23,3,1,1,1,1
T-006335,E01017,2,4,3,1,1,1,1
T-006336,E01017,2,9,3,NA,1,NA,1
T-006338,E01017,2,10,3,1,1,1,1
T-006339,E01017,2,16,3,1,1,1,1
T-006340,E01017,2,12,3,1,1,1,1
T-026341,E01017,2,0,3,1,1,1,1
T-006342,E01018,1,3,3,1,1,1,0
T-006343,E01018,1,10,3,1,1,1,1
T-006344,E01018,2,0,3,1,1,1,1
T-006345,E01018,1,10,3,1,NA,1,1
T-006346,E01019,2,0,3,0,1,1,1
T-006347,E01019,2,4,3,1,0,0,1
T-006348,E01019,2,19,3,1,1,1,1
T-006349,E01019,1,8,3,1,1,1,1
T-006350,E01019,2,11,3,1,1,1,1
T-006351,E01019,2,14,3,0,1,1,1
T-006352,E01019,2,4,3,1,1,0,1
T-006353,E01020,2,0,3,1,1,1,1
T-006354,E01020,2,16,3,1,1,1,1
T-006355,E01020,1,3,3,0,0,0,0
T-006356,E01020,2,2,3,1,NA,1,0
T-006357,E01020,2,8,3,1,1,1,1
T-006358,E01021,2,3,3,1,1,1,1
T-006359,E01021,1,16,3,1,1,1,1
T-006360,E01021,2,16,3,1,1,1,1
T-006361,E01021,2,1,3,1,1,1,1
T-006322,E01021,1,16,3,1,NA,1,1
T5006363,E01021,2,15,3,1,0,1,1
T-006364,E01022,2,14,3,1,NA,1,1
T-076366,E01022,1,11,3,0,1,1,0
T-006367,E01022,2,7,3,1,1,1,1
T-006368,E01022,2,13,3,1,1,1,1
T-006369,E01022,1,10,3,1,1,1,1
T-006371,E01022,1,0,3,1,NA,1,0
T-006372,E01022,1,6,3,1,1,1,1
T-006373,E01022,1,16,3,1,1,1,1
T-006374,E01022,1,3,3,1,1,1,1
T-006375,E01022,1,0,3,1,1,1,1
T-006376,E01023,2,14,3,1,1,1,1
T-006371,E01023,1,9,3,0,NA,1,1
T-006379,E01023,2,3,3,1,1,1,1
T-006380,E01023,2,15,3,1,1,1,1
T-006381,E01023,2,8,3,0,1,1,0
T-006382,E01023,2,3,3,1,1,1,1
T-006383,E01024,1,11,3,1,0,1,1
T-006384,E01024,2,0,3,1,0,1,1
T-006386,E01025,2,0,3,1,1,0,1
T-006387,E01025,2,19,3,1,1,1,1
T-006388,E01025,2,8,3,0,1,1,1
T-006389,E01025,2,14,3,0,1,1,1
T-006390,E01025,1,11,3,1,0,1,1
T-006391,E01025,1,0,3,1,0,1,1
T-006392,E01025,2,21,3,1,1,1,1
T-006393,E01026,1,0,3,0,1,1,1
T-006394,E01026,2,17,3,1,1,1,1
T-008395,E01026,1,19,3,1,1,1,1
T-006396,E01027,2,13,3,1,1,1,1
T-006397,E01027,1,19,3,1,1,1,1
T-006399,E01027,2,13,3,1,1,1,1
T-006400,E01027,2,0,3,1,1,1,1
T-006401,E01027,1,12,3,1,1,NA,1
T-006402,E01027,2,0,3,1,1,1,1
T-006403,E01027,2,6,3,1,1,1,1
T-006404,E01027,2,12,3,0,1,1,1
T-006405,E01027,1,18,3,1,1,1,1
T-006406,E01028,2,21,3,1,1,1,1
T-006407,E01028,1,10,3,1,1,1,0
T-086408,E01028,2,10,3,1,1,NA,1
T-006409,E01028,1,8,3,1,1,1,1
T-006410,E01028,2,11,3,1,1,1,1
T-006411,E01028,1,22,3,1,NA,1,1
T-006412,E01029,2,14,3,1,1,1,1
T-006413,E01029,2,14,3,1,1,1,0
T-006415,E01029,2,4,3,1,1,1,1
T-006416,E01030,1,10,3,1,1,0,0
T-006418,E01030,1,20,3,0,1,1,1
T-006419,E01031,1,8,3,1,1,1,1
T-006420,E01031,2,5,3,1,1,0,0
T-006421,E01031,1,10,3,1,1,0,1
T-006422,E01031,2,13,3,1,1,1,1
T-006424,E01031,2,3,3,1,1,1,NA
T-006425,E01031,2,17,3,1,1,1,1
T-006426,E01031,2,0,3,1,0,1,1
T-006427,E01031,2,5,3,1,1,1,1
T-006428,E01031,2,0,3,1,1,NA,1
T-006429,E01031,1,4,3,1,1,1,NA
T-006430,E01031,1,6,3,1,NA,1,1
T-006431,E01031,2,12,3,1,1,1,1
T-006432,E01031,1,7,3,1,1,1,1
T-006433,E01031,2,5,3,1,0,1,1
T-006434,E01031,2,11,3,1,1,1,1
T-006435,E01031,1,18,3,1,1,NA,0
T-006436,E01032,1,15,3,NA,1,1,1
T-006437,E01032,1,16,3,1,1,1,1
T-006438,E01032,2,0,3,1,1,1,1
T-006439,E01032,1,12,3,1,1,0,1
T-006440,E01032,1,18,3,1,1,1,1
T-006442,E01032,1,8,3,1,1,1,1
T-006443,E01032,2,14,3,1,1,1,1
T-006444,E01032,2,20,3,1,1,1,1
T-006445,E01032,2,12,3,1,1,1,1
T-006446,E01033,2,0,3,0,1,1,0
T-006447,E01033,2,0,3,1,1,0,0
T-006448,E01033,2,9,3,1,1,1,1
T-006449,E01033,2,4,3,1,1,1,1
T-006450,E01033,1,8,3,1,1,1,1
T-006451,E01034,2,15,3,1,1,1,1
T-006452,E01034,2,0,3,1,1,0,1
T-006453,E01035,2,14,3,0,NA,1,0
T-006454,E01035,2,5,3,NA,1,1,1
T-006455,E01035,2,0,3,1,1,1,0
T-006456,E01035,2,13,3,0,1,1,1
T-006457,E01036,1,3,3,1,1,1,1
T-026458,E01036,2,15,3,1,1,1,1
T-006459,E01036,1,20,3,1,0,1,1
T-006462,E01036,2,16,3,0,0,1,1
T-006463,E01036,1,5,3,1,1,1,1
T-006464,E01036,2,11,3,1,0,1,1
T-006465,E01037,1,5,3,1,1,1,1
T-006466,E01037,2,6,3,1,1,1,1
T-006468,E01037,2,15,3,1,1,1,1
T-006469,E01037,1,14,3,1,1,1,1
T-006470,E01037,2,9,3,1,1,1,1
T-046471,E01037,2,10,3,1,1,1,1
T-006472,E01037,2,8,3,0,1,1,1
T-006473,E01037,1,4,3,1,1,0,1
T-006474,E01038,1,0,3,1,1,1,1
T-006475,E01038,1,13,3,0,1,1,0
T-006476,E01039,1,9,3,1,0,1,NA
T-006477,E01039,2,20,3,1,1,1,1
T-006478,E01040,2,13,3,1,1,1,1
T-006479,E01040,1,10,3,1,1,1,1
T-006480,E01040,1,24,3,1,1,1,1
T-406481,E01040,1,3,3,1,0,1,1
T-006482,E01040,1,15,3,0,1,1,1
T-006483,E01040,2,9,3,1,0,1,1
T-006484,E01040,1,5,3,1,0,1,0
T-006485,E01040,2,21,3,1,0,1,1
T-006486,E01040,1,0,3,1,0,0,0
T-006487,E01040,1,18,3,1,1,1,1
T-006488,E01040,2,10,3,1,1,1,1
T-006489,E01040,1,5,3,1,1,1,1
T-006490,E01040,2,8,3,1,1,1,1
T-006491,E01040,1,10,3,1,1,1,1
T-006492,E01041,2,0,3,1,1,1,1
T-006494,E01042,2,14,3,1,1,0,0
T-006495,E01042,1,13,3,1,1,1,1
T-006496,E01042,1,12,3,1,1,0,0
T-806497,E01042,2,0,3,1,0,1,1
T-006498,E01042,2,8,3,1,1,1,0
T-006499,E01043,2,0,3,1,1,0,1
T-006500,E01043,2,16,3,1,1,1,1
T-006501,E01043,2,10,3,1,1,1,1
T-006502,E01043,1,10,3,1,1,1,1
T-006503,E01043,2,14,3,1,NA,1,1
T-006504,E01043,2,12,3,1,1,1,1
T-006505,E01043,2,8,3,1,1,1,1
T-006506,E01043,1,3,3,0,1,1,1
T-006507,E01043,2,8,3,1,1,1,1
T-006508,E01043,1,19,3,1,1,1,1
T-006509,E01043,1,4,3,1,1,1,1
T-006510,E01043,2,7,3,1,1,0,1
T-006511,E01044,2,16,3,1,1,1,1
T-006512,E01044,2,9,3,1,1,1,1
T-006513,E01044,1,11,3,1,1,1,1
T-006515,E01045,2,16,3,1,NA,1,1
T-006516,E01045,2,16,3,NA,1,1,1
T-006517,E01045,2,3,3,1,1,1,0
T-006518,E01045,2,13,3,1,1,1,1
T-006519,E01045,1,13,3,1,1,1,0
T-006520,E01045,1,4,3,0,1,1,1
T-006521,E01045,2,18,3,1,1,1,1
T-006522,E01045,1,7,3,1,NA,1,1
T-006523,E01045,1,11,3,1,1,1,1
T4006524,E01045,2,10,3,1,1,1,1
T-005525,E01045,1,14,3,1,1,1,1
T-006526,E01045,2,0,3,0,1,1,1
T-006527,E01045,1,12,3,1,1,1,1
T-006528,E01046,1,15,3,NA,1,1,1
T-006529,E01046,2,14,3,1,1,1,1
T-006530,E01046,1,1,3,1,1,1,1
T-006531,E01046,2,15,3,1,1,0,1
T-006532,E01046,2,10,3,0,1,1,1
T-006533,E01046,2,4,3,1,1,1,1
T-006534,E01046,2,3,3,1,1,1,1
T-006535,E01047,1,9,3,1,1,1,0
T-006536,E01047,2,5,3,1,1,1,1
T-006537,E01047,2,14,3,1,1,1,1
T-006538,E01047,2,11,3,1,1,1,1
T-006539,E01047,2,10,3,1,1,1,1
T-006540,E01047,1,12,3,1,1,1,1
T-006541,E01047,1,19,3,1,1,0,0
T-006542,E01047,1,0,3,1,1,1,1
T-006543,E01047,2,1,3,1,1,NA,0
T-006545,E01048,2,0,3,1,NA,1,0
T-006546,E01048,2,10,3,1,1,0,1
T-006547,E01048,2,4,3,0,1,1,1
T-006548,E01048,2,4,3,1,1,0,NA
T-006549,E01049,2,15,3,1,1,0,0
T-006550,E01049,1,10,3,0,0,1,0
T-006551,E01049,2,20,3,1,1,0,0
T-006552,E01049,2,10,3,1,0,1,1
T-006553,E01050,2,4,3,1,1,1,1
T-006556,E01050,1,8,3,NA,0,1,1
T-006558,E01051,1,0,3,NA,1,1,1
T-006559,E01052,1,9,3,1,1,0,1
T-006560,E01052,1,15,3,1,1,1,1
T-006561,E01052,2,14,3,1,1,1,0
T-006563,E01052,2,7,3,1,1,1,1
T-006563,E01052,1,2,3,1,1,1,1
T-006564,E01052,2,14,3,1,1,1,1
T-006565,E01053,2,8,3,1,1,1,1
T-006566,E01053,2,8,3,1,1,1,1
T-006568,E01053,2,18,3,1,0,1,1
T-906569,E01053,1,14,3,1,1,1,0
T-006570,E01053,1,1,3,1,0,1,1
T-006571,E01053,1,0,3,1,1,1,1
T-006572,E01053,1,6,3,0,1,1,1
T-006573,E01053,1,7,3,1,0,0,1
T-006574,E01054,2,15,3,1,NA,1,0
T-006575,E01054,2,2,3,1,0,1,0
T-006586,E01054,2,3,3,1,1,0,1
T-006577,E01054,2,6,3,0,1,1,1
T-006580,E01055,2,14,3,1,NA,1,1
T-006583,E01056,1,2,3,1,0,1,1
T-006584,E01056,2,21,3,1,1,1,1
T-009585,E01056,1,5,3,NA,1,1,1
T-006586,E01056,1,14,3,1,1,1,1
T5006587,E01056,2,12,3,1,1,1,1
T-006588,E01056,2,8,3,1,1,0,1
T-006589,E01056,2,15,3,1,1,1,1
T-006590,E01056,2,13,3,0,1,1,1
T-006591,E01056,2,8,3,1,1,1,1
T-006592,E01056,1,11,3,1,1,1,1
T-006593,E01056,2,10,3,0,0,0,1
T-006594,E01056,1,14,3,1,NA,1,1
T-006595,E01056,1,11,3,1,1,1,1
T-006596,E01056,1,7,3,1,1,1,1
T-006597,E01056,1,12,3,1,1,1,1
T-006599,E01057,1,0,3,1,0,1,1
T-006600,E01057,2,9,3,1,1,1,1
T-006603,E01058,1,3,3,1,1,1,1
T-006604,E01058,2,7,3,1,1,0,1
T-006605,E01058,1,12,3,1,1,1,1
T-006607,E01058,2,16,3,NA,1,1,1
T-006609,E01058,2,10,3,1,1,0,1
T-006610,E01058,2,5,3,1,1,1,1
T-006611,E01058,2,17,3,1,1,1,1
T-006612,E01059,1,2,3,1,0,0,1
T-006614,E01059,2,6,3,1,1,1,1
T-006615,E01059,2,11,3,1,0,0,0
T-006616,E01059,1,12,3,1,1,1,1
T-006617,E01060,1,19,3,1,1,1,1
T-006618,E01060,1,22,3,1,1,1,1
T-006620,E01060,2,14,3,1,1,1,1
T-003622,E01060,1,6,3,1,1,0,0
T-006624,E01061,2,9,3,0,1,1,1
T-006625,E01061,2,3,3,1,0,1,1
T-006627,E01061,1,3,3,1,0,1,1
T-006628,E01061,2,7,3,1,1,1,1
T-006629,E01061,2,7,3,NA,0,1,1
T-006630,E01062,2,8,3,1,0,1,0
T-006631,E01062,1,0,3,NA,1,1,1
T-006632,E01062,2,20,3,1,1,1,1
T-006633,E01062,2,4,3,1,1,NA,1
T-006634,E01062,2,11,3,1,1,1,1
T-006635,E01062,1,15,3,0,0,0,1
T-006637,E01063,1,10,3,1,1,1,1
T-006638,E01063,1,7,3,1,1,0,1
T-006639,E01063,1,15,3,1,1,NA,1
T-006641,E01064,2,16,3,0,1,1,1
T-066642,E01064,1,7,3,1,1,1,1
T-001643,E01064,2,12,3,1,1,1,0
T-006644,E01064,2,12,3,1,1,NA,1
T-006645,E01064,2,4,3,1,1,1,1
T-006646,E01064,2,9,3,1,1,1,1
T-006647,E01064,2,5,3,1,1,1,1
T-006649,E01065,2,20,3,1,1,1,1
T-006650,E01065,1,23,3,1,1,NA,1
T-006621,E01065,2,9,3,0,1,1,1
T-006652,E01065,2,3,3,1,0,1,1
T-006653,E01065,1,17,3,1,1,1,1
T-006654,E01066,2,17,3,1,1,0,1
T-006655,E01066,2,5,3,0,0,1,1
T-006656,E01067,1,0,3,0,0,0,1
T-006657,E01067,2,10,3,1,1,1,1
T-006659,E01067,1,6,3,1,0,1,1
T-006660,E01068,1,9,3,1,1,1,0
T-006661,E01068,1,9,3,1,1,1,1
T-006662,E01068,2,0,3,1,1,1,1
T6006663,E01068,2,10,3,1,1,1,1
T-006664,E01068,2,13,3,1,1,1,1
T-006665,E01068,2,9,3,1,1,1,1
T-006666,E01068,2,5,3,1,1,1,1
T-006667,E01068,1,1,3,1,1,1,1
T-006668,E01068,1,0,3,1,1,1,1
T-006669,E01068,1,7,3,1,1,1,1
T-006670,E01068,2,20,3,1,NA,1,1
T-006671,E01068,2,11,3,1,1,1,1
T-006672,E01069,2,1,3,1,1,0,1
T-006673,E01069,2,8,3,1,1,1,1
T-006674,E01069,2,6,3,1,1,1,1
T-006675,E01069,2,10,3,1,1,1,1
T-006676,E01069,1,8,3,1,0,1,1
T3006677,E01069,2,10,3,1,1,1,1
T-006678,E01070,2,16,3,1,0,1,1
T-006679,E01070,2,1,3,1,1,1,1
T-086680,E01071,1,8,3,1,1,1,0
T-006682,E01071,2,9,3,1,1,0,1
T-006683,E01071,1,3,3,NA,1,1,1
T-006684,E01072,2,12,3,1,1,1,1
T-006685,E01072,2,9,3,0,0,0,1
T-006686,E01072,1,19,3,0,1,1,1
T-006687,E01072,2,6,3,0,1,1,1
T-006688,E01073,2,18,3,1,1,1,1
T-006689,E01073,2,7,3,1,1,1,1
T-006690,E01073,1,12,3,1,1,1,1
T-006691,E01073,2,6,3,1,1,1,1
0-006692,E01073,2,7,3,1,1,1,1
T-006693,E01074,2,14,3,1,1,1,1
T-006694,E01074,2,18,3,0,1,1,1
T-006696,E01074,1,3,3,1,1,1,1
T-006697,E01074,1,11,3,NA,1,1,1
T-006698,E01074,2,10,3,1,1,1,1
T-006699,E01074,1,11,3,1,1,1,1
T-006700,E01074,2,11,3,1,1,1,1
T-006701,E01074,2,1,3,1,1,1,1
T-006702,E01074,1,4,3,1,1,1,1
T-006704,E01074,1,13,3,1,1,1,1
T-006705,E01074,2,12,3,1,1,1,1
T-006706,E01075,2,5,3,1,1,1,1
T-006707,E01075,2,0,3,1,1,0,1
T-006708,E01075,1,6,3,0,0,1,1
T-006709,E01075,1,0,3,0,0,1,1
T-006710,E01075,2,4,3,0,0,0,1
T-006711,E01075,1,13,3,1,1,1,1
T-006712,E01075,2,1,3,1,1,1,1
T-006713,E01075,1,17,3,1,1,1,1
T-006714,E01075,1,6,3,0,0,0,1
T-006715,E01076,2,8,3,1,1,1,1
T-006716,E01076,2,9,3,1,0,1,1
T-006717,E01076,2,0,3,1,1,1,1
T-006719,E01077,2,7,3,1,1,0,0
T-006721,E01077,2,4,3,1,1,1,1
T-006722,E01078,1,7,3,0,0,1,1
T-006723,E01078,2,20,3,1,1,1,1
T-006724,E01078,1,15,3,1,1,0,1
T-006725,E01079,2,9,3,1,0,1,1
T-006727,E01079,2,5,3,1,0,1,1
T-006728,E01079,2,21,3,1,1,1,1
T-006722,E01079,1,5,3,1,1,1,0
T-006730,E01079,2,16,3,1,1,1,1
T-006731,E01080,1,0,3,1,1,1,1
T-106733,E01080,2,12,3,1,1,0,1
T-006734,E01080,1,6,3,1,1,0,1
T-006735,E01080,2,3,3,0,1,1,NA
T-006736,E01080,1,8,3,0,1,1,0
T-006737,E01080,2,8,3,1,1,0,1
T-006738,E01080,1,4,3,1,1,1,1
T-006741,E01081,2,7,3,1,1,1,1
T-006744,E01081,1,0,3,1,1,1,1
T-006746,E01081,1,11,3,1,1,NA,1
T-006748,E01082,2,0,3,1,1,0,1
T-006749,E01082,2,6,3,1,0,0,0
T-006750,E01082,1,11,3,0,1,0,1
T-006751,E01082,1,0,3,1,1,1,0
T-006752,E01082,1,14,3,0,1,1,1
T-006754,E01083,2,7,3,1,1,1,0
T-006755,E01083,2,27,3,1,1,1,1
T-006756,E01083,1,5,3,NA,1,0,1
T-606757,E01083,1,3,3,1,1,1,1
T-006758,E01083,1,13,3,1,1,0,1
T-006759,E01083,1,15,3,NA,1,1,1
T-006760,E01084,2,12,3,1,1,1,1
T-006762,E01084,2,11,3,1,0,0,0
T-006763,E01085,1,4,3,0,1,1,1
T-006764,E01085,2,9,3,1,1,1,1
T-006765,E01085,1,5,3,1,0,1,1
T-006766,E01085,1,25,3,1,1,1,1
T-006770,E01085,1,13,3,1,1,1,1
T-006771,E01085,2,24,3,1,1,1,1
T-006772,E01086,1,15,3,1,1,1,1
T-006773,E01086,1,28,3,1,1,1,1
T-006775,E01087,2,3,3,1,1,1,1
T-006776,E01087,2,4,3,1,0,1,1
T-006777,E01087,1,14,3,0,0,NA,1
T-006779,E01087,2,0,3,1,1,1,1
T-006680,E01088,1,16,3,1,1,1,NA
T-006781,E01088,1,0,3,0,1,1,1
T-006782,E01088,2,16,3,1,1,1,1
T-006783,E01088,2,11,3,1,0,1,0
T-006784,E01088,1,0,3,1,1,1,NA
T-006785,E01088,2,19,3,1,1,1,1
T-006786,E01088,2,11,3,1,1,1,1
T-006787,E01089,2,0,3,1,1,1,1
T-006788,E01089,1,3,3,1,1,1,1
T-006789,E01089,2,6,3,1,1,1,1
T-006790,E01089,1,4,3,1,1,1,1
T-006791,E01090,2,0,3,1,1,1,1
T-006792,E01090,2,0,3,1,1,0,1
T-006794,E01090,2,21,3,0,1,1,1
T-006797,E01091,2,10,3,1,0,1,1
T-006738,E01091,2,2,3,0,1,1,0
T-006799,E01092,2,10,3,1,1,1,1
T-009800,E01092,1,0,3,1,NA,1,1
T-006801,E01092,1,12,3,1,1,0,1
T-006892,E01092,2,10,3,1,1,1,1
T-006803,E01092,2,16,3,1,1,1,1
T-006804,E01092,2,11,3,1,1,1,1
T-006805,E01093,2,5,3,1,1,1,0
T-006876,E01093,1,15,3,1,1,1,1
T5006807,E01093,2,13,3,1,NA,1,1
T-006808,E01093,2,11,3,1,1,1,1
T-006809,E01093,2,8,3,1,1,0,1
T-006810,E01094,1,14,3,1,1,1,0
T-006811,E01094,2,9,3,1,0,1,1
T-006812,E01094,1,18,3,1,1,1,1
T-006813,E01094,2,4,3,1,1,1,1
T-006814,E01094,2,24,3,1,1,1,1
T-006815,E01094,2,11,3,1,1,1,1
T-006816,E01094,2,10,3,1,1,0,1
T-006817,E01094,2,17,3,1,1,NA,1
T-006818,E01094,2,8,3,1,1,1,1
T-006819,E01094,2,10,3,1,1,1,1
T-006820,E01094,1,7,3,1,1,1,1
T-006822,E01095,1,21,3,1,1,0,1
T-006823,E01095,2,13,3,1,1,1,1
T-006824,E01095,2,19,3,1,1,1,1
T-006826,E01095,1,9,3,1,1,1,1
T-006827,E01095,1,6,3,1,1,1,1
T-006828,E01095,2,3,3,1,1,1,1
T-006829,E01095,1,2,3,1,1,1,1
T-006830,E01095,2,15,3,1,1,1,1
T-006833,E01096,2,5,3,0,0,1,1
T-006834,E01096,2,0,3,0,1,1,1
T-006835,E01096,1,11,3,1,1,1,1
T-006836,E01097,2,4,3,1,1,1,0
T-004837,E01097,2,6,3,0,1,0,1
T-906838,E01097,1,1,3,1,1,1,1
T-006839,E01097,1,0,3,1,0,1,0
T-006840,E01097,1,17,3,1,1,1,1
T-006841,E01098,1,8,3,NA,1,1,1
T-006842,E01098,1,14,3,1,NA,1,1
T-006844,E01098,1,11,3,1,1,1,1
T-006845,E01098,1,26,3,1,0,1,1
T-006846,E01099,2,21,3,1,1,1,1
T-006849,E01099,1,4,3,0,1,1,0
T-006750,E01100,2,16,3,1,1,1,1
T-006851,E01100,2,18,3,1,1,1,1
T-006852,E01100,2,17,3,1,1,1,1
T-006854,E01100,2,7,3,1,1,1,1
T-007855,E01100,1,0,3,1,1,1,1
T-006856,E01100,2,12,3,1,1,1,1
T-006857,E01100,1,7,3,0,1,1,1
T-005858,E01100,1,18,3,1,1,1,1
T-006859,E01100,1,8,3,1,1,1,1
T-006860,E01100,2,0,3,1,0,1,1
T-006861,E01100,2,2,3,1,1,1,1
T-006862,E01101,1,18,3,0,1,1,0
T-006863,E01101,1,11,3,0,0,1,1
T-006864,E01101,2,13,3,0,1,1,1
T-006865,E01101,2,8,3,1,1,1,1
T-026866,E01101,2,0,3,1,1,1,0
T-006867,E01102,2,1,3,NA,1,0,1
T-006869,E01102,2,17,3,1,1,1,1
T-006870,E01102,2,14,3,1,1,1,0
T-006871,E01103,2,5,3,1,1,1,1
T-006872,E01103,2,9,3,1,1,1,1
T-006873,E01103,2,11,3,1,1,1,0
T-006874,E01103,1,18,3,1,1,1,0
T-006875,E01103,1,2,3,NA,0,1,1
T-006876,E01103,2,2,3,1,1,1,1
T-006877,E01103,1,14,3,1,1,1,1
T-006879,E01103,2,16,3,1,1,1,1
T-006880,E01103,1,21,3,1,1,1,1
T-006881,E01103,1,16,3,1,1,1,0
T-003883,E01104,2,16,3,1,0,1,1
T-006885,E01104,1,9,3,1,1,1,1
T-006886,E01104,1,7,3,1,1,NA,1
T-006887,E01104,1,11,3,1,1,1,1
T-006890,E01104,1,17,3,1,1,1,0
T-006892,E01104,2,16,3,1,1,1,1
T-006893,E01104,1,6,3,1,1,1,1
T-006894,E01105,1,11,3,1,1,1,1
T-006895,E01105,2,6,3,1,1,1,1
T-006896,E01105,2,11,3,1,1,1,1
T-006807,E01105,2,10,3,1,1,1,1
T-006899,E01106,1,11,3,1,1,1,1
T-006900,E01106,2,8,3,1,1,1,1
T-006901,E01106,1,18,3,1,1,1,0
7-006902,E01106,2,11,3,1,1,1,NA
T-006905,E01106,1,7,3,1,1,1,1
T-006906,E01106,1,10,3,1,1,1,1
T-006907,E01106,2,7,3,1,1,1,1
T-006908,E01106,2,5,3,NA,1,1,1
T-006909,E01107,1,1,3,1,1,1,1
T-016910,E01107,1,7,3,1,1,1,1
T-006911,E01107,1,6,3,1,1,0,1
T-006912,E01107,2,0,3,1,1,1,1
T-006913,E01107,2,9,3,1,0,1,0
T-006910,E01107,1,4,3,1,0,0,1
T-006917,E01108,2,3,3,1,1,1,1
T-006918,E01108,2,0,3,1,1,1,1
T-006919,E01108,1,0,3,1,1,1,1
T-006920,E01109,1,9,3,0,1,1,0
T-006921,E01109,1,12,3,1,1,0,1
T-006922,E01110,1,0,3,1,1,1,1
T-006923,E01110,1,0,3,1,0,1,0
T-006924,E01110,1,9,3,1,1,1,1
T-006905,E01110,2,4,3,NA,0,1,1
T-006926,E01111,1,0,3,1,1,1,1
T-006927,E01111,1,19,3,1,1,NA,1
T-006928,E01111,1,12,3,1,1,1,1
T-006929,E01111,2,19,3,1,0,1,1
T-006930,E01111,1,21,3,NA,1,1,1
T-006931,E01112,2,18,3,1,1,1,1
T-006932,E01112,2,5,3,0,0,1,0
T-006933,E01112,2,2,3,0,1,1,1
T-006934,E01112,1,14,3,1,1,1,1
T-806935,E01112,1,0,3,1,0,1,0
T-006938,E01113,1,9,3,0,0,1,1
T-006939,E01113,2,0,3,1,1,1,1
T-006941,E01114,2,10,3,1,1,1,1
T-006944,E01115,2,5,3,1,1,1,1
T8006945,E01115,2,13,3,1,1,1,0
T-006946,E01115,1,20,3,1,1,NA,1
T-006947,E01115,2,0,3,1,1,1,1
T-006948,E01115,1,13,3,1,1,1,1
T-006949,E01116,2,20,3,1,1,1,1
T-006950,E01116,2,20,3,1,NA,NA,1
T-006951,E01116,2,17,3,1,0,1,1
T-006952,E01116,2,4,3,1,1,1,1
T-006953,E01116,2,12,3,1,1,1,1
T-006954,E01116,2,0,3,1,1,1,1
T-006955,E01117,2,6,3,1,1,1,1
T-006956,E01117,1,7,3,1,1,1,0
T-006957,E01117,1,21,3,1,1,1,1
T-006959,E01117,1,19,3,1,NA,NA,1
T-006960,E01117,1,18,3,1,1,1,1
T-006963,E01119,1,7,3,1,1,1,1
T8006964,E01119,1,6,3,1,1,1,1
T-006965,E01119,2,11,3,0,0,1,1
T-006966,E01119,2,0,3,1,1,1,0
T-006968,E01120,2,15,3,0,0,NA,1
T-006969,E01120,1,13,3,0,0,0,1
T-006970,E01120,2,0,3,0,0,1,0
T-006971,E01121,2,9,3,1,1,1,1
T-006972,E01121,1,0,3,1,1,0,1
T-006973,E01121,2,19,3,1,1,1,1
T-006971,E01121,2,0,3,1,1,0,1
T-006975,E01122,2,11,3,1,0,1,1
T-006976,E01122,2,6,3,1,1,1,1
T-006977,E01122,1,3,3,1,1,1,1
T-006978,E01122,1,18,3,1,1,1,1
T-006979,E01122,2,9,3,1,1,1,0
T-006980,E01122,2,0,3,1,1,NA,1
T-006981,E01122,1,4,3,1,1,0,1
7-006982,E01122,2,1,3,1,1,1,1
T-006983,E01122,2,13,3,1,1,1,1
T-006984,E01122,1,17,3,1,1,1,0
T-006985,E01122,1,0,3,1,1,1,1
T-006986,E01122,2,0,3,0,1,1,1
T-006987,E01123,2,5,3,0,1,1,1
T-006988,E01123,2,2,3,1,1,1,1
T-006990,E01123,1,12,3,1,0,1,1
T-006991,E01123,2,8,3,1,1,0,1
T-006992,E01123,2,10,3,1,0,1,1
T-006993,E01124,2,4,3,1,1,1,1
T-006994,E01124,2,16,3,1,1,0,0
T-006995,E01124,1,5,3,1,0,1,0
T-006996,E01124,2,6,3,1,1,0,0
3-006997,E01125,2,1,3,0,1,0,1
T-006998,E01125,1,5,3,1,1,1,1
T-007000,E01125,2,0,3,0,1,0,1
T-007001,E01125,1,1,3,1,1,1,1
T-007002,E01126,2,19,3,1,1,1,1
T-007003,E01126,1,1,3,1,1,1,1
T-007004,E01126,1,0,3,1,1,1,1
T-007005,E01126,2,5,3,1,1,1,1
T-007008,E01127,1,7,3,1,0,0,1
T-007004,E01127,1,11,3,0,1,1,1
T-007010,E01127,2,14,3,0,0,0,0
T-007011,E01127,2,10,3,1,1,0,0
T-007012,E01127,2,2,3,0,1,1,1
T-007013,E01127,2,1,3,1,1,1,1
T-007014,E01127,1,0,3,0,0,NA,0
T-007015,E01127,1,12,3,1,1,0,1
T-007016,E01128,2,6,3,1,0,0,1
T-007017,E01128,2,7,3,1,1,1,1
T-007018,E01128,1,10,3,0,1,NA,0
T-007019,E01129,1,10,3,1,1,0,0
T-007020,E01129,1,14,3,1,1,1,1
T-007021,E01129,2,14,3,1,1,1,1
T-007022,E01129,1,16,3,1,1,1,1
T-008023,E01129,1,2,3,1,1,1,1
T-007025,E01129,2,16,3,0,1,1,1
T-007026,E01129,2,9,3,1,1,1,1
T-007027,E01129,1,16,3,1,1,1,1
T-007028,E01129,2,7,3,0,1,1,1
T-057029,E01129,1,14,3,1,1,1,0
T-007030,E01129,1,12,3,1,1,1,1
T-007031,E01129,1,9,3,0,1,0,1
T-007032,E01129,2,13,3,1,1,1,1
T-007033,E01129,1,10,3,0,1,NA,1
T-807034,E01129,2,15,3,0,1,1,1
T-007035,E01129,2,0,3,1,0,1,1
T-007036,E01129,1,0,3,1,1,1,1
T-207038,E01129,2,20,3,1,1,1,1
T-007039,E01130,1,9,3,1,1,1,1
T-007040,E01130,2,8,3,1,1,1,1
T-007041,E01130,1,8,3,1,0,1,1
T-007042,E01130,2,23,3,1,1,1,1
T-007043,E01130,2,15,3,1,1,1,1
T-007044,E01130,1,14,3,1,1,1,1
T-007045,E01130,2,0,3,1,1,1,1
T-007046,E01130,2,6,3,1,1,1,1
T-007047,E01130,2,12,3,1,1,1,1
T-007048,E01130,2,8,3,1,1,1,1
T-007049,E01130,2,10,3,0,1,1,1
T-007051,E01131,1,11,3,1,1,1,1
T-007052,E01131,2,13,3,0,1,0,NA
T-007053,E01131,1,1,3,1,1,1,1
T-003054,E01131,2,11,3,1,1,1,NA
T-007055,E01131,1,0,3,1,1,NA,1
T-007056,E01132,2,14,3,1,0,1,NA
T-007057,E01132,1,17,3,1,1,1,1
T-007058,E01132,1,17,3,1,NA,1,1
T-007059,E01133,2,0,3,0,1,0,1
T-007060,E01133,2,1,3,1,1,1,1
T-007061,E01133,2,19,3,1,1,0,1
T-007062,E01133,2,10,3,1,1,0,1
T-007063,E01133,2,4,3,1,1,1,1
T-007064,E01134,2,15,3,1,1,1,1
T-007065,E01134,1,8,3,0,0,0,1
T-007068,E01135,2,0,3,1,1,NA,1
T-007069,E01135,2,0,3,1,1,1,1
T-007070,E01135,1,5,3,1,0,1,1
T-007071,E01135,1,5,3,1,1,1,1
T-007072,E01135,2,5,3,1,1,1,1
T-007073,E01135,1,20,3,1,1,1,1
T-007074,E01136,2,0,3,1,1,1,1
T-007075,E01136,2,6,3,1,1,1,1
T-007076,E01136,2,5,3,1,1,1,1
T-007077,E01136,2,9,3,1,1,1,1
T-007078,E01136,2,5,3,1,1,1,1
T-007079,E01137,2,0,3,0,1,1,1
T-007080,E01137,2,0,3,0,1,1,0
T-007081,E01137,2,3,3,NA,1,1,1
T-007082,E01137,1,2,3,0,1,1,1
T-007083,E01137,1,12,3,1,0,0,0
T-007085,E01137,2,3,3,1,1,NA,1
T-001086,E01138,1,0,3,0,1,1,1
T-007087,E01138,1,2,3,1,1,1,1
T-007088,E01138,2,9,3,1,1,1,1
T-007090,E01138,2,0,3,1,1,1,0
T-007091,E01138,1,13,3,1,0,1,0
T-007094,E01139,2,11,3,1,1,1,1
T-007093,E01139,2,9,3,0,0,0,1
T-007094,E01139,2,3,3,1,1,1,1
T-007095,E01140,1,12,3,1,1,1,1
T-007096,E01140,1,4,3,1,1,0,1
T-007097,E01140,1,6,3,1,1,1,1
T-007098,E01140,2,0,3,1,1,1,1
T-007099,E01140,1,5,3,1,1,1,1
T-007100,E01140,2,0,3,1,1,1,1
T-007101,E01140,1,8,3,1,0,1,1
T-007102,E01140,1,11,3,1,1,1,1
T-007103,E01140,1,16,3,1,1,1,1
T-007104,E01140,2,16,3,1,1,1,1
T-007105,E01140,2,18,3,1,1,1,1
T-007106,E01140,2,0,3,1,1,1,1
T-007108,E01140,1,0,3,1,1,0,1
T-007109,E01140,1,9,3,0,1,1,1
T-007111,E01141,1,0,3,0,0,0,0
T-007112,E01141,2,7,3,1,0,1,0
T-007114,E01142,2,14,3,0,0,1,1
T-007115,E01142,2,12,3,1,1,1,1
T-007116,E01142,1,10,3,1,1,1,1
T-007117,E01142,2,20,3,NA,1,0,1
T-007118,E01142,2,0,3,1,1,1,1
T-007119,E01142,1,16,3,1,1,1,1
T-007120,E01142,1,13,3,1,1,1,1
T-007121,E01142,2,16,3,1,1,NA,1
T-007123,E01143,2,9,3,1,1,1,1
T-007124,E01143,2,8,3,1,1,1,1
T-007125,E01143,2,9,3,1,1,1,1
T-007126,E01144,1,23,3,1,1,1,1
T-007127,E01144,2,10,3,1,0,1,1
T-007128,E01144,1,16,3,1,1,1,1
T-007130,E01145,2,7,3,1,1,1,1
T-007121,E01146,1,0,3,1,1,1,1
T-007132,E01146,2,16,3,1,1,1,1
T-007133,E01146,2,20,3,0,1,1,0
T-007134,E01146,1,8,3,1,0,0,1
T-007135,E01146,2,0,3,1,1,1,1
T-007137,E01147,1,12,3,1,0,0,1
T-007138,E01147,1,20,3,1,1,1,1
T-007139,E01147,2,12,3,1,1,1,1
T-007140,E01147,1,13,3,1,1,1,NA
T-007141,E01147,1,15,3,0,1,1,1
T-007147,E01147,2,15,3,1,1,1,1
T-007144,E01147,2,4,3,1,1,1,1
T-007145,E01147,2,11,3,1,1,1,1
T-007147,E01148,2,4,3,1,NA,1,1
T-007148,E01149,1,22,3,0,1,1,1
T-007149,E01149,1,21,3,1,1,1,1
T-017150,E01150,2,6,3,1,1,1,0
T-007151,E01150,2,3,3,NA,1,1,0
T-007154,E01151,2,13,3,1,1,1,1
T-007155,E01151,1,14,3,1,1,1,1
T-007156,E01151,2,3,3,1,1,1,1
T-007157,E01151,1,11,3,1,1,0,1
T-007159,E01151,1,21,3,1,1,NA,1
T-007160,E01152,1,3,3,1,1,1,1
T-007161,E01152,2,0,3,1,1,1,1
T-007162,E01152,2,1,3,1,1,1,1
T-007163,E01153,2,12,3,1,0,1,1
T-007164,E01153,2,8,3,0,1,0,1
T-007165,E01153,2,14,3,1,1,1,1
T-007166,E01153,2,18,3,1,1,1,1
T-007167,E01153,2,7,3,0,0,1,1
T-007168,E01153,2,4,3,1,0,1,1
T-007169,E01153,1,11,3,1,0,1,1
T-007170,E01153,2,7,3,1,1,1,1
T-007171,E01154,2,0,3,1,1,1,1
T-007172,E01154,2,6,3,1,1,1,1
T-007173,E01154,2,3,3,1,1,1,1
T-007174,E01154,1,0,3,1,1,1,1
T-007175,E01154,2,15,3,1,1,1,1
T-007176,E01154,2,10,3,1,0,1,NA
T-007177,E01154,2,0,3,0,1,1,1
T-007179,E01155,2,10,3,0,1,1,1
T-007180,E01155,1,20,3,1,1,1,1
T-007181,E01155,2,0,3,1,1,1,1
T-007182,E01155,1,0,3,1,1,1,1
T-007183,E01156,2,0,3,1,1,1,1
T-007184,E01156,2,10,3,1,1,1,1
T-007185,E01156,2,0,3,1,1,1,1
T-007186,E01156,2,3,3,1,1,1,1
T-007187,E01156,2,19,3,1,1,1,1
T-007188,E01157,2,15,3,1,1,1,1
T-007189,E01157,1,22,3,1,1,1,1
T-007151,E01157,2,8,3,1,1,1,1
T-007192,E01157,2,16,3,1,1,1,1
T-007193,E01157,1,14,3,1,1,1,1
T-007194,E01157,2,8,3,1,1,1,1
T-007195,E01157,1,17,3,1,1,1,1
T-007196,E01158,1,4,3,1,1,1,1
T-007497,E01158,2,10,3,1,1,1,1
T-007198,E01158,1,18,3,1,1,1,1
T-007199,E01158,2,8,3,1,1,1,1
T-007200,E01158,1,15,3,1,1,1,1
T-037202,E01158,1,13,3,1,NA,1,1
T-007203,E01159,1,0,3,1,1,0,1
T-007204,E01159,2,7,3,1,1,1,1
T-007205,E01159,1,17,3,1,1,1,1
T-007206,E01159,2,9,3,1,1,1,1
T-007207,E01160,2,0,3,1,1,1,1
T-007208,E01160,2,7,3,1,1,1,1
T-007209,E01160,2,7,3,NA,NA,1,1
T-007210,E01160,2,11,3,1,1,1,1
T-007211,E01160,1,0,3,1,1,1,1
T-007212,E01160,2,8,3,1,1,1,1
T-007213,E01160,1,8,3,1,1,1,1
T-007215,E01160,2,13,3,1,1,1,1
T-007216,E01160,2,0,3,1,1,1,1
T8007217,E01160,2,0,3,1,1,1,1
T-007218,E01160,2,9,3,1,1,1,1
3-007219,E01160,2,10,3,1,1,1,1
T-007220,E01160,2,9,3,0,1,1,1
T-007221,E01161,2,10,3,1,NA,0,1
T-007222,E01161,1,2,3,1,1,0,1
T-007224,E01162,2,0,3,1,1,0,1
T-007225,E01162,1,8,3,1,1,1,1
T-007226,E01162,2,7,3,1,1,1,1
T-007227,E01162,2,3,3,1,0,1,1
T-007228,E01163,2,5,3,0,0,1,0
T-007229,E01163,2,7,3,1,1,1,0
T-007230,E01163,2,4,3,1,0,1,1
T-007231,E01164,1,8,3,1,1,1,1
T-007232,E01164,2,2,3,0,1,0,0
T-007233,E01164,2,15,3,1,1,1,0
T-007235,E01165,2,14,3,1,1,NA,1
T-007236,E01165,1,11,3,1,1,1,NA
T-007237,E01165,2,4,3,1,1,1,1
T-007238,E01166,1,0,3,1,1,1,1
T-007239,E01166,1,7,3,1,NA,1,1
T-007240,E01166,1,0,3,1,1,1,1
T-007241,E01166,1,4,3,1,1,1,1
T-007243,E01166,2,23,3,1,NA,1,1
T-007245,E01166,1,19,3,1,NA,1,1
T-007246,E01166,2,8,3,1,1,1,1
T-007247,E01166,1,18,3,1,1,1,1
T-007248,E01166,2,11,3,1,1,1,0
T-007249,E01167,2,11,3,1,1,1,1
T-007250,E01167,1,1,3,1,1,1,1
T-007251,E01167,1,7,3,1,1,1,1
T-007252,E01167,1,17,3,1,1,NA,1
T-007254,E01167,2,15,3,1,1,1,1
T-007255,E01168,1,13,3,1,1,1,1
T-007256,E01168,2,17,3,1,1,1,1
T-003257,E01168,2,7,3,1,1,1,1
T-007258,E01168,1,9,3,1,1,1,1
T-007259,E01168,1,4,3,1,1,1,1
T-007261,E01169,2,6,3,1,1,1,1
T-007262,E01169,2,7,3,1,1,0,1
T-007264,E01169,1,12,3,1,1,1,1
T-007265,E01169,2,8,3,1,0,0,1
T-007266,E01169,2,13,3,1,1,1,0
T-007267,E01169,2,10,3,1,1,1,1
T-007268,E01169,1,0,3,0,1,1,1
T-007269,E01170,2,7,3,1,0,0,0
T-007271,E01171,1,10,3,1,1,1,0
T-007272,E01171,1,1,3,1,1,1,1
T-007273,E01171,1,9,3,0,NA,1,1
T-007274,E01171,2,12,3,1,1,1,1
T-007275,E01171,1,9,3,1,0,0,1
T-007276,E01171,1,13,3,1,0,1,1
T-007277,E01171,2,17,3,1,0,1,1
T7007278,E01172,1,0,3,1,1,1,1
T-007679,E01172,2,9,3,1,0,1,1
T-007282,E01172,2,12,3,1,1,1,1
T-007281,E01172,2,19,3,0,1,0,1
T-007282,E01172,1,9,3,1,1,1,0
T-007284,E01172,2,10,3,1,1,1,1
T-007285,E01172,1,7,3,0,1,1,1
T-007286,E01172,2,15,3,1,1,1,1
T-007888,E01173,1,5,3,1,1,1,1
T-007290,E01173,2,23,3,1,1,1,0
T-007291,E01173,1,0,3,1,1,0,0
T-007292,E01173,2,3,3,1,1,0,1
T-007293,E01173,2,6,3,1,1,0,NA
T-007294,E01174,2,0,3,1,1,1,1
T-007295,E01174,2,13,3,1,1,1,1
T-007297,E01175,2,10,3,1,1,1,1
T-007299,E01175,1,8,3,1,1,1,0
T-007300,E01176,1,3,3,NA,1,1,0
T-007301,E01176,2,4,3,0,0,1,1
T-007303,E01176,2,16,3,1,1,1,1
T-007304,E01176,2,3,3,1,1,1,1
T-007305,E01176,2,7,3,1,1,1,1
T-007306,E01176,2,14,3,1,1,1,1
T-007309,E01177,1,8,3,1,1,1,1
T-007310,E01177,2,3,3,1,1,1,1
T-007311,E01177,1,4,3,0,1,1,1
T-007313,E01177,2,0,3,0,0,0,0
T-007314,E01177,1,6,3,0,0,1,1
T-007315,E01178,1,13,3,1,1,1,1
T-007316,E01178,2,2,3,1,1,1,1
T-007317,E01178,1,9,3,1,1,0,1
6-007318,E01178,2,1,3,1,1,1,NA
T-007319,E01178,1,12,3,0,1,0,1
T-707320,E01178,2,4,3,1,1,1,1
T-007321,E01178,2,4,3,1,0,0,1
T-007322,E01178,2,16,3,1,1,1,1
T-007323,E01178,2,7,3,1,0,1,1
T-007324,E01179,2,6,3,1,1,1,1
T-007325,E01179,2,3,3,1,1,1,1
T-007326,E01180,2,1,3,1,1,1,1
T-007357,E01180,2,0,3,1,0,1,0
T-007328,E01180,2,16,3,1,1,1,NA
T-007329,E01180,2,7,3,1,1,1,1
T-207330,E01180,2,8,3,1,1,1,1
T-007331,E01180,1,17,3,1,1,1,NA
T-007332,E01180,1,8,3,1,1,1,1
T-007333,E01180,2,10,3,1,1,1,1
T-007334,E01180,1,10,3,1,1,1,1
T-007335,E01180,1,14,3,0,1,1,1
T-007336,E01180,2,0,3,1,1,1,1
T-007337,E01180,2,0,3,1,0,1,0
T-007338,E01181,1,13,3,1,1,1,1
T-007339,E01181,2,3,3,1,1,1,1
T-007340,E01181,2,13,3,0,1,1,1
T-007341,E01181,1,8,3,1,1,1,1
T-007342,E01181,1,1,3,1,1,1,1
T-007343,E01181,2,17,3,0,1,0,NA
T-007344,E01181,1,0,3,1,1,1,1
T-007345,E01181,2,8,3,1,1,1,1
T-007347,E01182,1,8,3,1,0,1,1
5-007348,E01182,1,0,3,0,0,0,1
T-007349,E01182,1,0,3,1,1,0,1
T-007350,E01182,1,6,3,1,1,1,1
T-007351,E01182,2,0,3,1,0,NA,1
T-007352,E01183,1,18,3,1,1,1,1
T-007353,E01183,1,5,3,0,1,1,1
T-007356,E01184,1,23,3,1,1,1,1
T-007357,E01184,2,9,3,0,0,1,1
T-007358,E01184,2,0,3,1,1,1,1
T-007359,E01184,1,5,3,1,1,1,1
T-007360,E01184,1,7,3,1,NA,1,1
T-007361,E01184,2,5,3,1,1,1,1
T-007362,E01184,2,13,3,1,1,1,1
T-007363,E01184,1,4,3,1,1,1,1
T-007365,E01184,2,11,3,1,0,1,NA
T-007366,E01185,2,12,3,1,1,1,1
T-007367,E01185,1,14,3,1,0,1,1
T-007368,E01185,2,7,3,1,0,0,1
T-007369,E01185,1,4,3,0,0,0,0
T-002370,E01186,2,0,3,1,1,1,1
T-007372,E01186,2,10,3,1,1,1,1
T-007373,E01186,2,11,3,1,0,1,1
T-007374,E01186,2,16,3,NA,1,0,1
T-007375,E01186,1,2,3,1,0,1,1
T-007376,E01186,1,25,3,1,1,1,1
T-007377,E01186,2,7,3,1,1,1,0
T-007378,E01187,1,8,3,1,1,1,1
T-007379,E01187,2,11,3,1,0,1,1
T-007380,E01187,1,1,3,NA,1,1,1
T-007381,E01187,1,22,3,1,1,NA,1
T-007483,E01187,2,0,3,1,1,1,1
T-007384,E01187,2,12,3,1,1,1,1
T-007385,E01187,1,17,3,1,1,NA,1
T-007386,E01188,2,18,3,1,1,1,1
T-007387,E01188,1,20,3,1,0,1,1
T-807388,E01188,2,0,3,1,0,1,1
T-007388,E01189,2,32,3,1,1,1,1
T-007390,E01189,2,10,3,1,0,0,0
T-007391,E01189,1,22,3,1,0,1,1
T-007392,E01189,1,0,3,1,1,1,1
T-007393,E01189,2,2,3,0,0,1,0
T-009394,E01189,2,8,3,1,1,1,1
T-007095,E01190,2,1,3,NA,1,1,0
T-007396,E01190,2,18,3,0,1,1,1
T-007397,E01190,2,12,3,1,1,1,1
T-007398,E01191,2,13,3,1,1,1,1
T-007399,E01191,2,6,3,1,1,1,1
T-007401,E01191,1,19,3,1,1,1,1
T-007402,E01191,2,12,3,1,1,1,1
T-007403,E01191,2,15,3,1,1,1,0
T-007404,E01191,1,7,3,1,1,NA,1
T-007405,E01191,2,5,3,1,1,1,1
T-007406,E01192,1,9,3,NA,1,1,1
T-007408,E01192,2,4,3,1,0,0,1
T-007409,E01192,2,5,3,NA,0,0,1
6-007410,E01192,1,8,3,1,0,NA,1
T-007412,E01193,2,0,3,NA,1,1,0
T-007413,E01193,2,9,3,1,1,1,1
T-007415,E01193,2,12,3,1,1,1,1
T-007416,E01193,1,6,3,1,0,1,1
T-007418,E01194,2,21,3,1,0,0,1
T-007419,E01194,2,8,3,0,1,1,1
T-007420,E01194,2,4,3,1,1,0,1
T-007421,E01194,2,23,3,1,1,1,0
T-007422,E01195,2,12,3,0,1,1,1
T-007423,E01195,2,9,3,1,1,0,1
T-007424,E01195,2,3,3,0,1,1,1
T-007426,E01195,1,11,3,1,1,1,1
T-007427,E01195,2,13,3,1,1,0,1
T-007428,E01196,2,0,3,1,1,1,1
T-007729,E01196,1,11,3,1,1,1,1
T-007430,E01196,2,13,3,NA,NA,1,1
T-007432,E01196,1,6,3,1,1,1,1
T-007433,E01196,2,14,3,1,1,1,1
T-007434,E01196,2,7,3,1,1,1,1
T-007435,E01196,1,9,3,1,1,1,1
0-007436,E01197,2,10,3,1,1,1,1
T-007437,E01197,1,0,3,1,0,1,1
T-007438,E01197,2,7,3,1,1,1,1
T-007439,E01197,2,16,3,1,1,0,1
T-007440,E01197,1,13,3,NA,1,1,1
T-007441,E01197,1,6,3,1,1,1,1
T-007442,E01198,1,12,3,1,1,1,1
T-007443,E01198,2,5,3,1,1,1,1
T-007444,E01198,1,11,3,1,1,1,1
T-007445,E01198,2,11,3,1,1,1,1
T-007446,E01198,1,8,3,1,1,1,NA
6-007447,E01198,2,9,3,1,1,1,0
T-007448,E01198,2,16,3,1,1,1,NA
T-007450,E01199,2,0,3,1,1,0,1
T-007451,E01199,2,4,3,1,1,1,1
T-007452,E01199,2,13,3,0,0,1,1
T-004454,E01199,2,12,3,1,1,1,1
T-007455,E01199,1,13,3,1,1,0,1
T-037456,E01199,2,2,3,1,1,1,0
T-007457,E01200,1,7,3,0,1,1,1
T-007459,E01200,2,3,3,1,1,1,1
T-007460,E01200,1,9,3,1,0,0,1
T-007461,E01200,2,8,3,1,1,0,1
T-007462,E01200,1,4,3,1,1,1,1
T-007463,E01200,1,6,3,1,1,1,1
T-007464,E01200,1,8,3,1,1,1,1
T-007465,E01200,2,3,3,1,NA,1,0
T-007466,E01201,2,8,3,0,1,1,1
T-007467,E01201,2,6,3,1,1,1,1
T-007468,E01201,1,18,3,1,1,1,1
T-007469,E01201,2,12,3,1,1,1,1
T-007470,E01201,1,0,3,1,0,1,0
T-007471,E01201,2,11,3,1,NA,1,1
T-007473,E01201,1,21,3,1,1,1,1
2-007474,E01201,2,6,3,1,1,1,1
T-007475,E01201,1,0,3,1,1,1,1
T-007176,E01202,1,14,3,1,1,0,0
T-006477,E01202,2,12,3,1,1,1,1
T-007478,E01202,2,2,3,1,1,NA,1
T-007479,E01202,1,16,3,1,1,1,1
T-007480,E01203,1,5,3,1,1,1,1
T-007484,E01204,2,6,3,0,1,1,1
T-007486,E01204,2,14,3,1,0,0,0
T-007487,E01204,2,1,3,0,1,1,1
T-007488,E01204,1,0,3,1,0,1,1
T-007489,E01204,2,16,3,1,0,1,0
T-007492,E01205,1,6,3,NA,1,0,1
T-007493,E01205,2,2,3,1,1,1,0
T-007494,E01205,2,10,3,1,1,1,1
T2007495,E01205,1,15,3,1,1,1,1
T-007497,E01206,2,8,3,1,1,1,1
T-007498,E01206,2,12,3,1,1,1,1
T-007499,E01206,1,10,3,1,0,1,1
T-007501,E01207,1,15,3,1,1,1,1
T-007502,E01207,1,0,3,1,NA,1,1
T-007503,E01207,2,12,3,0,NA,1,0
T-007508,E01207,2,6,3,1,1,1,0
T-007508,E01207,1,0,3,1,1,0,0
T-007510,E01208,1,9,3,1,1,1,1
T-007512,E01208,1,0,3,1,1,1,1
T-007513,E01208,1,5,3,1,1,1,1
T-007515,E01208,2,20,3,1,NA,1,1
T-007517,E01208,2,5,3,1,1,1,1
T-007519,E01209,1,9,3,1,1,1,1
T-007520,E01209,1,7,3,1,1,0,0
T-007521,E01209,2,5,3,1,1,1,1
T-007522,E01209,1,0,3,1,1,1,0
T-007523,E01210,2,7,3,1,1,1,1
T-007524,E01210,1,7,3,1,1,1,1
T-007525,E01210,1,7,3,1,1,1,1
T-007526,E01210,2,19,3,1,1,1,1
T-007527,E01210,1,8,3,1,1,1,1
T-007523,E01210,1,17,3,1,1,1,1
T-007529,E01210,2,2,3,1,0,1,0
T-007530,E01210,1,4,3,1,0,1,1
T-003531,E01211,1,19,3,1,1,1,1
T-007532,E01211,2,15,3,1,1,1,1
T-007533,E01211,1,17,3,1,1,1,1
T-007534,E01211,2,5,3,1,1,1,1
T-007535,E01211,2,23,3,1,1,1,1
T-007537,E01212,1,5,3,1,0,0,NA
T-007597,E01212,2,3,3,1,1,0,0
T-007538,E01212,1,6,3,0,1,0,1
T-007539,E01213,2,4,3,NA,1,1,1
T-007541,E01213,1,18,3,1,1,0,0
T-007542,E01214,1,10,3,1,1,1,0
T-007543,E01214,2,1,3,1,0,1,0
T-007544,E01214,2,15,3,1,1,1,1
T-007545,E01214,1,16,3,1,0,1,1
T-007546,E01215,2,12,3,1,0,0,0
T-007567,E01215,2,12,3,1,1,1,1
T-007548,E01215,1,9,3,0,1,1,1
T-007549,E01215,1,7,3,1,1,0,1
T-007550,E01215,2,6,3,1,1,1,1
T-007551,E01215,1,23,3,1,1,1,1
T-007552,E01215,2,7,3,1,1,1,1
T-007553,E01215,2,6,3,1,1,1,1
T-007555,E01216,1,17,3,0,1,1,1
T-007556,E01216,2,7,3,1,1,1,0
T-007557,E01216,2,12,3,1,1,1,1
T8007558,E01216,1,0,3,1,1,0,1
T-007569,E01217,1,15,3,1,1,1,1
T-007561,E01217,1,4,3,1,1,0,1
T-007502,E01217,2,9,3,0,1,1,1
T-307563,E01217,1,3,3,1,1,1,1
T-007564,E01218,2,9,3,1,1,1,1
T-007565,E01218,2,6,3,1,1,1,1
T-007566,E01218,2,13,3,1,1,1,1
T-007267,E01218,2,5,3,1,1,1,1
T-007569,E01218,1,13,3,NA,1,1,1
T-007570,E01218,2,13,3,1,1,1,1
T-007571,E01218,2,12,3,1,1,1,1
T-007572,E01218,2,7,3,1,1,1,1
T-007573,E01219,2,0,3,0,1,0,0
T-007576,E01220,1,0,3,0,1,1,1
T-007577,E01220,2,5,3,1,1,1,0
T-007578,E01220,2,14,3,0,1,0,1
T-507579,E01220,1,17,3,1,1,1,1
T-007583,E01220,1,3,3,1,1,1,1
T-007585,E01221,2,3,3,1,1,0,1
T-007586,E01221,2,10,3,NA,1,1,1
T-007587,E01221,2,0,3,1,0,0,0
T-007588,E01221,2,0,3,1,1,1,1
T-007589,E01222,2,6,3,1,1,0,NA
T-007591,E01222,2,3,3,1,1,1,1
9-007592,E01222,1,3,3,1,1,1,0
T-007593,E01222,2,0,3,1,1,1,1
T-007594,E01223,2,9,3,1,1,1,1
T-007595,E01223,1,5,3,1,1,0,0
T-007596,E01223,2,4,3,NA,0,NA,NA
T-007597,E01223,2,12,3,0,1,0,1
T-007599,E01224,2,9,3,1,1,1,0
T-007600,E01224,1,11,3,0,0,1,1
T-007601,E01225,2,3,3,1,1,1,1
T-007602,E01225,2,9,3,1,1,1,1
T-007603,E01225,1,2,3,1,0,1,1
T-007604,E01225,2,9,3,0,1,1,1
T-007605,E01225,1,10,3,1,1,1,1
T-007606,E01225,2,9,3,NA,0,1,1
T-007607,E01225,2,9,3,1,NA,1,1
T-007609,E01225,1,8,3,1,1,1,1
T-007610,E01225,1,5,3,1,1,1,1
T-007611,E01225,1,16,3,1,1,1,1
T-007612,E01226,2,18,3,1,1,0,0
T-007613,E01226,2,15,3,1,1,0,1
T-007615,E01227,2,5,3,1,1,0,1
T-007616,E01227,2,14,3,1,0,1,1
T-007617,E01227,1,0,3,0,1,1,1
T-007618,E01228,2,0,3,1,1,0,1
T-007619,E01228,2,11,3,0,0,1,1
T-007620,E01228,1,15,3,1,1,1,0
T-007622,E01228,2,17,3,1,0,1,0
T-007627,E01229,2,24,3,1,1,1,1
9-007624,E01229,2,17,3,1,1,1,1
T-007625,E01229,1,9,3,0,0,0,1
T-007626,E01229,2,0,3,0,0,1,1
T-007628,E01230,2,8,3,1,0,0,0
T-007630,E01230,1,0,3,1,1,1,1
T0007631,E01230,1,20,3,1,0,0,1
T-007632,E01230,1,0,3,0,1,1,0
T-007633,E01230,1,0,3,0,1,1,1
T-007635,E01230,1,3,3,1,1,NA,0
T-007636,E01230,2,6,3,1,1,1,0
T-007637,E01231,2,0,3,0,1,1,1
T-007638,E01231,2,6,3,1,1,0,0
T-007639,E01231,1,13,3,1,1,1,1
T-007641,E01231,2,2,3,1,1,1,1
T-007642,E01231,1,6,3,1,1,1,1
T-807643,E01232,1,7,3,1,1,1,1
T-007644,E01232,2,17,3,1,NA,1,1
T-007645,E01232,2,9,3,1,1,1,1
T-007646,E01232,2,1,3,1,0,1,0
T-007647,E01233,1,7,3,1,1,1,NA
T-007649,E01233,1,24,3,1,1,1,1
T-007650,E01233,2,6,3,1,1,1,1
T-007651,E01233,1,8,3,1,1,1,1
T-007652,E01234,2,0,3,0,0,0,0
T-007653,E01234,1,3,3,1,1,1,1
T-007654,E01234,1,10,3,1,1,1,1
T-007655,E01235,1,10,3,1,1,1,1
T-007656,E01235,2,6,3,1,1,1,1
T-007658,E01235,1,18,3,1,1,1,0
T-007659,E01235,2,10,3,1,1,1,1
T-007661,E01236,2,17,3,0,1,1,1
T-007662,E01236,1,15,3,NA,1,1,1
T-007666,E01238,2,0,3,1,1,1,1
T-007687,E01238,2,1,3,1,1,1,1
T-007668,E01239,1,9,3,1,1,0,1
T-007670,E01239,2,13,3,NA,1,1,1
T-007671,E01240,1,16,3,1,1,1,1
T-007672,E01240,1,16,3,1,1,1,1
T-007673,E01240,1,17,3,1,0,1,0
T-007674,E01240,1,7,3,1,1,1,1
T-007675,E01240,1,2,3,0,1,0,1
T-007676,E01240,2,0,3,1,1,1,0
T-007677,E01240,1,4,3,1,1,0,1
T-007678,E01240,2,7,3,1,1,1,1
T-007679,E01240,2,1,3,1,1,1,1
T-007681,E01240,1,2,3,1,1,1,1
T-007682,E01240,1,20,3,1,1,1,1
T-007684,E01241,1,10,3,1,1,1,1
T-007685,E01241,2,0,3,1,1,0,1
T-007686,E01242,2,9,3,1,1,1,1
T-007687,E01242,1,24,3,1,1,1,1
T-007688,E01242,1,16,3,1,1,1,1
T-007689,E01242,1,3,3,1,1,1,1
T-007691,E01242,2,2,3,1,NA,1,1
6-007692,E01242,1,1,3,1,1,1,0
T-007693,E01242,2,0,3,1,1,1,1
T-007695,E01242,1,12,3,1,1,1,1
T-007696,E01242,2,11,3,1,1,1,0
T-007697,E01243,1,14,3,1,1,0,1
T-007698,E01243,2,4,3,1,1,1,1
T-007699,E01243,2,12,3,1,1,1,1
T-007700,E01243,1,0,3,0,1,1,1
T-007701,E01243,1,8,3,1,1,1,1
T-007702,E01243,2,10,3,1,1,1,1
T-007703,E01243,2,25,3,1,1,1,0
T-007704,E01244,1,0,3,0,1,1,0
T-007705,E01244,2,4,3,0,0,0,1
T-007706,E01245,1,11,3,1,1,1,1
T-007718,E01245,1,11,3,1,0,1,1
T-007709,E01245,1,15,3,1,0,1,1
T-007710,E01246,2,0,3,0,0,1,1
T-007711,E01246,1,11,3,0,1,0,1
T-007712,E01246,1,0,3,0,1,0,1
T-007714,E01246,2,8,3,1,1,1,1
T-007715,E01247,1,0,3,0,0,1,1
T-007716,E01247,1,0,3,1,0,1,1
T-007717,E01247,2,11,3,1,0,1,0
T-007718,E01248,1,11,3,0,1,1,1
T-907719,E01248,1,1,3,1,0,0,1
T-007720,E01248,2,26,3,1,NA,0,1
T-007721,E01248,2,8,3,NA,0,0,1
T-007722,E01248,1,20,3,1,0,1,1
T-007723,E01248,2,10,3,1,1,1,1
T-107725,E01248,1,0,3,1,0,1,1
T-007726,E01248,1,0,3,NA,1,1,1
T-007728,E01249,1,4,3,1,NA,1,1
T-007729,E01249,1,1,3,1,1,1,1
T-007733,E01249,1,2,3,1,1,1,0
T-007731,E01249,2,12,3,1,1,1,1
T-007732,E01249,2,12,3,1,1,1,1
T-007734,E01249,1,13,3,1,1,1,1
T-007735,E01249,2,13,3,1,1,0,1
T-007736,E01249,2,12,3,1,1,1,1
T-007737,E01249,2,4,3,1,0,0,1
T-007739,E01249,1,7,3,0,1,1,1
T-007740,E01249,1,9,3,1,1,1,1
T-007741,E01249,2,12,3,1,0,0,1
T-007742,E01249,2,14,3,1,1,1,1
T-007743,E01250,1,14,3,0,1,1,1
T-007744,E01250,2,2,3,1,1,1,1
T-007746,E01250,2,21,3,0,0,1,1
T-007747,E01250,2,18,3,1,1,1,1
T-107748,E01251,1,4,3,1,0,0,1
T-007749,E01251,2,14,3,1,1,1,1
T-007750,E01251,2,9,3,1,1,0,0
T-007751,E01251,1,8,3,1,1,1,1
T-007752,E01251,1,2,3,1,1,NA,1
T-007753,E01251,1,8,3,1,1,1,1
T-007754,E01251,1,0,3,1,1,0,1
T4007755,E01251,1,10,3,NA,1,1,1
T-007756,E01252,1,22,3,1,1,1,1
T-007757,E01252,2,0,3,1,1,1,1
T-007758,E01252,1,5,3,1,1,NA,1
T-007759,E01252,2,16,3,1,1,1,0
T-007760,E01252,2,11,3,0,1,0,1
T-007761,E01252,2,2,3,1,1,1,1
T-007762,E01252,2,13,3,1,1,1,1
T-007763,E01252,2,6,3,1,0,0,1
T-007764,E01252,2,5,3,1,1,1,1
T-007766,E01252,2,6,3,1,1,1,1
T-007767,E01252,2,5,3,1,1,1,1
T-007768,E01252,1,9,3,1,0,NA,1
T-007769,E01253,2,9,3,1,1,1,1
T-007770,E01253,2,13,3,1,1,1,1
T-007772,E01254,1,26,3,1,1,1,0
T-007773,E01254,2,0,3,1,1,1,1
T-007774,E01254,2,20,3,0,1,1,1
T-007776,E01255,1,4,3,1,1,1,1
T-007777,E01255,2,7,3,1,1,1,1
T-007778,E01255,1,11,3,1,1,1,1
T-007779,E01255,1,24,3,1,1,1,1
T-007780,E01255,2,10,3,1,1,1,1
T-007741,E01256,1,2,3,1,0,1,0
T-007782,E01256,2,16,3,1,1,1,1
T-007783,E01256,1,4,3,1,1,1,1
T-007784,E01256,1,22,3,1,0,1,1
T-007785,E01256,2,7,3,1,1,1,1
T-067786,E01257,1,15,3,1,1,1,1
T-007787,E01257,1,7,3,1,1,1,1
T-007790,E01257,1,20,3,1,1,1,1
T-007791,E01257,1,12,3,1,1,1,1
T-007792,E01257,2,14,3,1,1,1,1
T-007793,E01257,1,19,3,1,1,1,1
T-007794,E01257,1,13,3,1,1,1,1
T-007795,E01258,1,16,3,1,1,1,1
T-007798,E01259,2,4,3,1,1,0,1
T-007799,E01259,1,4,3,0,1,0,0
T-004801,E01259,2,6,3,1,1,1,0
T-007802,E01260,1,24,3,1,1,1,1
T-007803,E01260,2,7,3,1,1,1,1
T-007804,E01261,1,9,3,1,1,1,1
T-007805,E01261,1,12,3,1,0,1,1
T-007896,E01261,2,10,3,0,1,1,0
T-007807,E01261,1,14,3,NA,1,1,1
T-007808,E01262,1,13,3,1,1,1,1
T-007810,E01262,2,7,3,0,1,0,1
T-007811,E01263,2,1,3,0,0,NA,0
T-007812,E01263,2,0,3,0,1,1,0
T-007815,E01263,1,12,3,1,1,1,1
T-007816,E01264,1,4,3,1,1,1,1
T-007818,E01265,2,24,3,1,1,0,1
T-007820,E01265,2,7,3,1,1,1,1
T-007821,E01265,1,11,3,0,0,0,0
T-007823,E01265,2,12,3,1,1,1,1
T-007825,E01265,1,14,3,1,1,0,0
T-007826,E01266,2,2,3,1,1,1,0
T-007827,E01266,2,12,3,0,1,1,1
T-007828,E01267,2,4,3,0,1,1,1
T-007829,E01267,1,7,3,NA,1,1,1
T-007830,E01267,2,0,3,1,1,0,0
T-007831,E01267,2,16,3,1,1,1,1
T-007832,E01267,2,0,3,1,1,1,0
T-007833,E01268,1,0,3,1,1,1,1
T-007874,E01268,2,2,3,1,1,1,1
T-007835,E01268,2,12,3,1,0,1,1
T-007836,E01268,1,6,3,1,1,1,1
T-007837,E01268,1,8,3,1,1,1,1
T-007838,E01268,1,0,3,1,1,1,1
T-007839,E01268,2,0,3,1,1,1,1
T-007840,E01269,2,17,3,1,1,1,1
T-007842,E01269,2,21,3,1,1,1,0
T-007843,E01269,2,12,3,0,1,0,1
T-007844,E01269,2,17,3,1,1,1,1
T-007845,E01270,2,11,3,1,1,1,1
T-007846,E01270,2,0,3,1,1,1,0
T-007847,E01270,1,5,3,0,1,1,1
T-007848,E01270,2,3,3,1,1,1,1
T-007849,E01270,2,7,3,1,0,1,0
T-007857,E01271,2,11,3,0,1,NA,1
T-007851,E01271,2,6,3,1,1,1,1
T-007852,E01271,1,18,3,1,1,1,1
T-007853,E01271,2,1,3,1,0,1,0
T-007854,E01272,2,0,3,1,1,1,1
T-007855,E01272,2,0,3,1,1,0,1
T-007856,E01273,1,5,3,0,0,0,1
T-007857,E01273,2,0,3,0,0,1,1
T-007858,E01273,2,9,3,1,1,0,NA
T4007859,E01274,2,7,3,1,1,0,1
T-007860,E01274,1,11,3,1,0,1,1
T-007861,E01274,2,9,3,0,0,1,0
T-007862,E01275,2,3,3,1,1,1,1
T-007863,E01275,2,9,3,1,1,1,1
T-007864,E01275,2,0,3,1,1,NA,1
T-007865,E01275,1,12,3,1,1,1,1
T-007866,E01275,2,15,3,1,NA,1,1
T-007867,E01275,2,7,3,1,1,1,1
T-007868,E01275,1,6,3,1,1,1,NA
T-007869,E01276,1,16,3,1,NA,1,1
T-007871,E01276,1,10,3,1,0,1,1
T-007872,E01276,1,13,3,1,1,1,1
T-007873,E01276,1,7,3,1,1,1,1
T-007874,E01277,2,4,3,1,1,1,1
T-007875,E01277,1,0,3,1,0,1,1
T-007876,E01277,2,21,3,1,1,1,1
T-007877,E01277,2,10,3,1,1,1,1
T-007878,E01277,1,0,3,1,1,NA,1
T-007879,E01277,1,15,3,1,1,0,0
T-007880,E01277,1,6,3,1,1,1,1
T-007881,E01277,1,18,3,1,1,1,1
T-007882,E01277,2,15,3,1,1,NA,1
T-007883,E01277,1,13,3,1,1,1,1
T-007886,E01277,2,23,3,NA,1,1,1
T-007888,E01278,2,6,3,0,0,0,0
T-007889,E01278,2,0,3,0,NA,1,1
T-007890,E01278,2,1,3,1,1,0,0
T-007893,E01279,1,18,3,1,1,1,1
T-007894,E01279,2,2,3,1,1,1,1
T-007895,E01279,1,8,3,1,1,1,1
T-007896,E01280,1,12,3,1,1,0,1
T-007897,E01280,2,14,3,0,0,1,1
T-007898,E01280,1,12,3,1,1,NA,1
T-007899,E01280,2,11,3,1,1,1,1
T-007901,E01280,2,13,3,1,1,NA,1
T-007902,E01280,2,4,3,1,1,1,1
T-007903,E01280,1,4,3,1,1,1,1
T-007904,E01280,1,9,3,1,1,1,1
T-007906,E01281,2,0,3,1,0,1,0
T-007907,E01281,2,4,3,1,1,1,1
T-007908,E01281,2,11,3,1,1,1,1
T-007910,E01282,1,0,3,1,0,1,1
T-007911,E01282,2,9,3,1,1,1,1
T-007912,E01282,1,13,3,1,1,1,1
T-007913,E01282,2,3,3,1,0,NA,1
T-007915,E01282,1,3,3,1,1,1,1
T-007916,E01282,1,14,3,1,1,0,0
T-007917,E01282,1,14,3,1,0,1,1
T-007918,E01282,1,17,3,1,1,1,1
T-007920,E01283,2,8,3,NA,1,0,1
T-007922,E01283,2,12,3,1,1,1,1
T-007923,E01283,1,5,3,1,1,1,NA
T-007924,E01283,1,12,3,1,1,1,1
T-007925,E01283,1,2,3,1,1,1,0
T-007926,E01283,2,14,3,1,NA,1,1
T-007927,E01283,1,7,3,1,1,1,0
T-007928,E01283,1,14,3,1,1,1,1
T-007929,E01283,2,29,3,1,1,1,1
T-007930,E01283,1,9,3,1,1,1,1
T-007931,E01283,2,9,3,1,1,1,1
T-007932,E01283,1,1,3,0,1,1,1
T-007933,E01284,2,8,3,1,1,1,1
T-007934,E01284,2,2,3,1,1,1,1
T-007935,E01284,2,4,3,0,0,0,1
T-007936,E01285,2,22,3,0,1,1,1
T-007937,E01285,1,0,3,1,0,1,0
T-007948,E01285,2,9,3,0,0,0,0
T-007942,E01285,1,7,3,1,1,1,0
T-407943,E01286,1,14,3,1,1,1,1
T-007944,E01286,1,10,3,1,1,1,0
T-007945,E01286,2,21,3,0,1,1,1
T-007946,E01286,2,10,3,1,1,1,1
T-007947,E01286,1,13,3,1,1,1,1
T-007948,E01286,2,16,3,1,1,1,1
T-007941,E01286,2,16,3,1,0,0,NA
T-007951,E01287,2,5,3,1,1,1,1
T-007952,E01287,1,5,3,1,1,1,0
T-007953,E01287,1,18,3,1,1,1,1
T-007954,E01287,1,0,3,1,1,1,1
T-007955,E01287,1,18,3,1,1,0,1
T-007956,E01287,1,8,3,1,0,1,1
T-007957,E01287,2,0,3,0,1,1,1
T-007958,E01287,1,15,3,1,1,1,1
T-007969,E01288,1,0,3,0,1,1,1
T-007960,E01288,2,8,3,1,1,0,0
T-007961,E01288,1,1,3,0,1,1,1
T-007962,E01288,1,7,3,0,1,0,1
T-007963,E01288,2,1,3,1,1,1,1
T-007964,E01289,1,5,3,0,1,1,0
T-007965,E01289,2,2,3,1,0,0,0
T-007946,E01289,2,1,3,0,1,1,1
T-507967,E01289,2,25,3,1,0,1,1
T-007968,E01289,1,9,3,1,1,1,1
T-007970,E01289,2,6,3,1,1,1,0
T-007971,E01289,2,11,3,1,1,1,1
T-007972,E01289,2,3,3,1,1,NA,1
T-007974,E01290,1,0,3,1,1,1,1
T-007976,E01290,2,1,3,1,1,1,0
T-003976,E01290,2,14,3,1,1,NA,1
T-007977,E01290,2,0,3,1,1,1,1
T-007978,E01291,2,0,3,1,1,1,1
T-007979,E01291,2,5,3,1,1,1,1
T-007980,E01291,1,12,3,1,1,1,1
T-007981,E01291,2,12,3,1,1,1,1
T-007983,E01292,2,5,3,1,0,1,1
T-007984,E01292,2,0,3,1,1,1,1
T-007985,E01292,2,18,3,1,1,1,0
T-007956,E01292,2,10,3,1,1,1,1
T-007987,E01293,2,17,3,1,1,1,1
T-007988,E01293,1,0,3,0,0,1,1
T-007989,E01293,1,20,3,0,0,1,0
T7007993,E01294,2,15,3,1,1,1,1
T-007994,E01294,1,9,3,1,0,0,1
T-007995,E01294,2,7,3,1,1,1,NA
T-007996,E01294,1,6,3,1,0,1,1
T-007997,E01295,2,2,3,1,1,1,1
T-007999,E01295,2,12,3,NA,0,1,1
T-008700,E01295,2,4,3,1,0,1,1
T-008001,E01295,2,10,3,1,1,1,1
T-008002,E01295,2,15,3,1,0,1,0
T-008003,E01296,1,4,3,1,0,1,0
T-008004,E01296,2,24,3,1,1,1,1
T-008005,E01296,1,0,3,1,0,1,1
T-008008,E01296,1,3,3,1,1,1,1
T-008009,E01296,2,17,3,0,1,1,0
T-008010,E01296,1,0,3,0,0,1,0
T-008011,E01297,1,16,3,1,1,1,1
T-008012,E01297,1,8,3,1,1,1,1
T-008013,E01297,2,22,3,0,1,1,1
T-008015,E01297,2,7,3,1,1,0,1
T-008016,E01297,2,11,3,1,1,1,0
T-008017,E01297,2,1,3,1,1,1,1
T-008018,E01297,1,0,3,1,1,1,1
T-008019,E01297,1,6,3,1,1,1,1
T-008020,E01297,2,0,3,1,1,1,1
T-008021,E01297,2,17,3,1,1,1,1
T-008022,E01298,1,8,3,1,1,0,1
T-008024,E01298,2,6,3,1,1,1,1
T-008026,E01298,2,2,3,1,1,1,1
T-008028,E01299,2,2,3,1,0,1,1
T-008029,E01299,2,1,3,1,1,1,0
T-008031,E01300,1,0,3,1,1,1,1
T-008032,E01300,2,15,3,1,1,1,1
T-008033,E01300,2,1,3,1,0,1,1
T-008034,E01300,1,11,3,1,1,1,NA
T-008035,E01300,1,12,3,1,1,1,1
T-008036,E01301,2,8,3,1,1,1,1
T-008037,E01301,1,21,3,1,1,1,1
T-008038,E01301,1,16,3,1,1,1,1
T-008040,E01301,1,11,3,1,0,1,0
T-008041,E01302,2,7,3,0,1,1,1
T-008052,E01302,2,16,3,1,1,1,1
T-048043,E01302,2,0,3,1,0,0,1
T-008044,E01302,1,5,3,1,1,1,1
T-408046,E01303,2,12,3,1,0,0,0
T-008047,E01303,2,5,3,1,1,1,1
T-008049,E01304,2,10,3,1,1,1,1
T-008050,E01304,1,0,3,1,1,1,NA
T-008051,E01304,2,13,3,1,1,1,0
T-008053,E01304,2,10,3,1,1,1,1
T-008054,E01304,2,6,3,1,1,1,1
T-008055,E01305,1,9,3,1,1,1,1
T-008059,E01306,2,14,3,1,1,1,NA
T-008060,E01306,2,9,3,1,1,1,1
7-008061,E01306,2,8,3,1,1,1,1
T-008062,E01306,2,3,3,1,1,1,NA
T-008063,E01307,1,7,3,0,1,0,1
T-008064,E01307,2,0,3,1,1,1,1
T-008065,E01307,1,11,3,1,0,1,1
T-008067,E01307,1,13,3,1,0,1,1
T-008068,E01307,1,0,3,1,1,0,0
T-008069,E01307,1,8,3,1,1,0,1
T-008070,E01307,2,10,3,1,0,1,0
T-008071,E01307,1,0,3,0,1,1,NA
T-008072,E01307,2,11,3,1,1,1,1
T-008073,E01307,2,7,3,1,1,0,1
T-008074,E01307,1,12,3,0,1,1,1
T-008075,E01307,2,0,3,1,1,1,0
T-008076,E01307,1,13,3,1,0,NA,1
T-008078,E01308,2,15,3,0,1,1,1
8-008080,E01308,2,6,3,1,1,1,1
T-008081,E01308,2,11,3,1,1,1,1
T-008082,E01308,2,7,3,1,0,NA,1
T-008084,E01308,2,10,3,1,1,1,0
T-008085,E01308,2,6,3,1,1,1,1
T-008026,E01308,1,4,3,0,1,1,1
T-008087,E01308,2,3,3,0,1,NA,1
T-008088,E01308,2,29,3,1,0,1,1
T-008089,E01308,1,16,3,1,1,1,1
T-008090,E01308,2,17,3,1,1,1,1
T-008091,E01309,1,8,3,1,1,1,1
T-005092,E01309,2,9,3,1,1,1,1
T-008093,E01309,2,5,3,1,1,1,1
T-008094,E01309,1,16,3,1,1,1,1
T-000095,E01309,1,24,3,1,0,1,1
T-008096,E01309,2,9,3,1,1,0,1
T-008098,E01309,2,1,3,NA,NA,1,1
T-008099,E01310,1,11,3,1,1,1,1
T-008102,E01311,2,22,3,1,1,1,1
T-008103,E01311,1,11,3,1,1,1,1
T-008104,E01311,1,3,3,0,1,1,0
T-008105,E01311,1,13,3,1,1,1,1
T-008106,E01311,1,0,3,1,1,1,1
T-008107,E01311,1,7,3,1,0,1,1
T-008108,E01311,1,8,3,1,1,NA,1
T-008109,E01311,1,0,3,0,1,0,0
T-008110,E01311,2,6,3,1,0,1,0
T-008111,E01312,1,11,3,0,1,1,1
T-008112,E01312,2,0,3,1,1,1,1
T-008114,E01313,2,10,3,0,1,1,1
T-008116,E01313,2,11,3,1,NA,1,1
T-008117,E01313,2,12,3,1,1,1,1
T-008118,E01313,2,12,3,1,0,1,1
T-008119,E01313,1,1,3,1,1,1,1
T-008120,E01313,1,22,3,1,1,1,1
T-008121,E01314,2,11,3,0,0,1,1
T-008622,E01314,2,11,3,1,0,1,1
0-008124,E01314,1,0,3,0,0,1,1
T-608125,E01314,2,22,3,1,1,1,1
T-008126,E01314,1,9,3,1,0,1,1
T-008127,E01315,2,6,3,1,1,1,1
T-008128,E01315,1,0,3,1,1,1,1
T-001129,E01315,2,12,3,1,1,1,0
T-008131,E01315,2,12,3,1,1,1,1
T-008032,E01316,2,3,3,1,1,1,1
T-008135,E01316,2,12,3,1,1,1,1
T-008136,E01316,1,15,3,1,1,1,1
T-008137,E01316,1,6,3,0,1,1,1
T-008138,E01316,2,0,3,1,1,1,0
T-008139,E01316,2,17,3,1,1,1,1
T-008140,E01316,2,6,3,1,1,1,1
T-008141,E01317,2,20,3,0,1,1,0
T-008142,E01317,2,2,3,1,0,NA,0
T-008143,E01317,2,11,3,0,0,1,1
T-008144,E01317,1,7,3,0,0,0,1
T-008146,E01318,2,5,3,1,1,1,1
T-008147,E01318,2,0,3,1,1,1,1
T-008150,E01318,1,3,3,1,1,1,0
T-008152,E01319,2,4,3,1,1,1,1
T-008153,E01319,2,11,3,1,1,1,1
T-008154,E01319,1,13,3,1,0,1,0
T-008155,E01319,2,19,3,0,0,1,0
T-008156,E01319,2,10,3,1,1,1,0
T-008157,E01320,1,5,3,0,1,1,1
T-008154,E01320,2,7,3,1,1,1,1
T-008159,E01320,1,5,3,1,0,0,1
T-008160,E01320,2,12,3,1,0,1,1
T-008161,E01320,2,18,3,1,1,1,0
T-008162,E01320,2,19,3,0,0,1,1
T-008163,E01320,2,9,3,1,1,1,1
T-008164,E01321,1,0,3,0,0,1,1
T-008164,E01321,1,1,3,0,0,1,0
T-008167,E01321,2,11,3,1,NA,1,1
T-008169,E01321,2,0,3,1,1,1,1
T-008170,E01321,1,6,3,1,0,NA,0
T-008171,E01321,2,18,3,0,1,1,NA
T-008172,E01321,2,14,3,0,1,1,1
T-008175,E01322,2,6,3,1,1,1,1
T-008176,E01323,2,15,3,1,1,0,0
T-008177,E01323,2,1,3,1,1,1,1
T-008178,E01323,1,3,3,1,1,1,0
T-078180,E01324,2,13,3,1,0,0,1
T-008181,E01324,2,0,3,1,1,0,0
T-008182,E01324,1,8,3,1,1,0,1
T-078183,E01324,1,7,3,1,1,1,0
T-008184,E01324,2,11,3,1,1,1,1
T-008185,E01324,1,6,3,1,1,1,1
T-008186,E01324,2,2,3,1,1,1,0
T-008188,E01325,2,11,3,1,1,1,1
T-008189,E01325,2,7,3,0,1,1,1
T-008192,E01325,1,12,3,1,0,1,1
T-008193,E01325,1,13,3,1,1,1,1
T-008194,E01326,1,0,3,1,1,0,1
T-008195,E01326,2,2,3,1,1,1,1
T-008196,E01326,2,6,3,0,0,NA,0
T-008197,E01326,1,12,3,0,1,1,1
T-008199,E01326,2,24,3,1,0,0,0
T-008200,E01327,2,12,3,1,1,1,1
T-008202,E01327,2,7,3,1,1,1,NA
T-008203,E01327,2,10,3,1,NA,1,1
T-008204,E01327,2,10,3,1,1,1,1
T-008205,E01327,2,0,3,1,1,1,0
T-008206,E01328,1,10,3,1,1,1,1
T-008208,E01328,1,9,3,1,1,1,1
T-008211,E01329,1,12,3,1,1,1,1
T-008212,E01329,2,2,3,1,1,1,1
T-008213,E01329,1,1,3,1,1,1,1
T-008214,E01329,2,7,3,1,1,1,1
T-008215,E01330,2,12,3,NA,1,1,1
T-008216,E01330,2,14,3,1,1,1,1
T9008217,E01330,2,16,3,1,1,1,1
T-008218,E01330,1,11,3,1,1,1,1
T-000219,E01330,1,3,3,1,1,1,1
T-008220,E01331,1,0,3,1,0,1,1
T-008221,E01331,2,9,3,1,1,1,1
T-008222,E01331,1,22,3,1,NA,1,1
T-008223,E01331,1,11,3,1,1,1,1
T-008224,E01331,1,9,3,1,1,1,1
T-008225,E01332,2,14,3,1,0,0,1
T-008226,E01332,1,17,3,1,1,1,1
T8008227,E01332,2,20,3,1,1,1,1
T-008228,E01332,1,4,3,1,1,1,1
T-008219,E01332,1,1,3,1,1,1,1
T-008230,E01332,1,8,3,0,NA,1,1
T-008231,E01332,2,25,3,1,1,1,1
T-008232,E01332,2,6,3,1,1,1,1
T-608233,E01332,2,17,3,1,1,1,0
T-008234,E01332,1,18,3,0,1,1,1
T-008235,E01332,1,10,3,1,1,1,1
T-008236,E01332,2,14,3,1,1,1,1
T-008237,E01332,2,0,3,1,1,1,1
T-008238,E01333,1,9,3,1,1,1,0
T-008239,E01333,2,20,3,1,1,1,1
T-008240,E01333,2,8,3,1,1,1,1
T-008241,E01333,2,0,3,1,1,NA,1
T-008242,E01333,1,5,3,1,1,1,1
T-008243,E01333,1,17,3,1,1,1,1
T-008244,E01333,1,9,3,1,1,1,1
T-008245,E01333,2,1,3,1,1,1,1
T-008242,E01333,2,13,3,1,1,1,0
T-008248,E01333,1,16,3,1,0,1,1
T-008249,E01334,2,10,3,1,1,1,1
T-008250,E01334,1,11,3,1,1,1,1
T-008251,E01335,2,16,3,1,1,1,0
T-008252,E01335,2,19,3,1,NA,0,1
T-008253,E01335,1,14,3,0,1,1,1
T-008254,E01335,2,18,3,1,1,0,1
T-008255,E01335,2,15,3,1,0,1,0
T-008256,E01335,2,17,3,1,1,1,1
T-008257,E01335,2,13,3,1,1,0,0
T-008258,E01335,2,4,3,1,1,1,1
T-008259,E01335,2,17,3,0,0,0,1
T-088261,E01336,2,10,3,0,1,1,1
T-008262,E01336,2,26,3,1,1,1,1
T-008263,E01336,1,6,3,1,1,1,1
T-008264,E01337,1,2,3,1,1,0,1
T-008265,E01337,1,3,3,1,1,1,1
T-008266,E01337,2,7,3,1,1,1,1
T-008268,E01338,2,6,3,0,1,0,1
T-008269,E01338,2,0,3,0,0,1,0
T-008270,E01338,2,0,3,0,1,1,1
T-008271,E01339,1,8,3,1,1,1,1
T-008272,E01339,2,5,3,1,1,1,1
T-008273,E01339,2,0,3,1,1,1,1
T-008274,E01339,1,13,3,1,0,1,1
T-008275,E01339,2,16,3,1,1,0,1
T-008277,E01339,1,12,3,1,1,1,1
T-008278,E01339,2,17,3,1,1,1,1
T-008279,E01339,2,4,3,1,0,1,1
T-008280,E01339,2,8,3,1,1,1,1
T-008281,E01340,2,0,3,1,1,NA,1
T-008282,E01340,2,5,3,1,1,1,1
T-008283,E01340,1,10,3,1,1,1,1
T-008284,E01340,2,10,3,1,1,1,1
T-008285,E01340,1,10,3,0,1,1,1
T-008286,E01341,1,20,3,1,1,1,0
T-008287,E01341,1,6,3,1,1,0,1
T-008289,E01341,1,3,3,1,1,1,1
T-008290,E01341,2,19,3,1,1,1,0
T-008291,E01341,1,22,3,1,1,1,1
T-008292,E01341,1,12,3,1,1,1,1
T-008293,E01341,1,9,3,1,1,1,1
T-008295,E01341,1,20,3,1,1,1,1
T-008296,E01342,2,0,3,1,1,0,0
T-108297,E01342,1,9,3,1,1,1,1
T-008298,E01342,2,0,3,1,1,1,0
T-008299,E01342,1,17,3,0,1,1,0
T-008300,E01342,2,9,3,1,1,1,1
T-008301,E01342,2,3,3,1,1,1,1
T-008304,E01343,1,10,3,1,1,1,1
T-008305,E01343,1,13,3,1,1,1,1
T-008306,E01343,1,9,3,1,1,0,1
T-008307,E01343,2,0,3,1,1,1,1
T-008308,E01343,1,0,3,1,0,1,1
T-008109,E01343,1,0,3,1,0,1,1
T-008310,E01343,2,15,3,1,1,1,1
T-008311,E01343,2,12,3,0,1,1,0
T-008312,E01343,2,23,3,1,1,1,0
T-008314,E01343,2,21,3,1,1,1,1
T-008365,E01343,1,10,3,1,1,1,0
T-008316,E01343,2,8,3,1,1,1,1
T-008317,E01343,1,1,3,1,1,NA,1
T-008318,E01344,1,0,3,0,1,1,1
T-008319,E01344,2,10,3,NA,1,1,1
T-008320,E01344,1,22,3,1,0,1,1
T-008321,E01344,1,0,3,1,0,1,1
T-008322,E01344,1,11,3,1,1,1,NA
7-008323,E01344,1,18,3,0,1,1,1
T-008324,E01345,2,9,3,1,0,1,1
T-008325,E01345,2,0,3,1,1,1,1
T-308326,E01345,2,3,3,1,1,1,1
T-008327,E01345,2,13,3,1,1,1,1
T-008329,E01346,1,9,3,1,1,1,1
T-008330,E01346,2,6,3,1,1,1,0
T-008331,E01346,1,22,3,1,1,1,1
T-008332,E01346,2,13,3,1,1,0,1
T-008334,E01346,2,16,3,1,1,1,1
T-008335,E01346,1,0,3,1,1,1,1
T-008336,E01347,1,4,3,0,1,1,1
T-008337,E01347,1,18,3,1,1,1,1
T-008338,E01347,2,13,3,1,1,1,0
T-008339,E01347,1,10,3,1,0,1,1
T-008340,E01348,2,5,3,1,1,0,0
T7008343,E01348,1,15,3,0,0,1,1
T7008344,E01348,1,10,3,1,1,1,1
T-008347,E01349,2,15,3,1,1,1,0
T-008348,E01349,2,14,3,1,1,1,1
T-008349,E01349,1,9,3,1,1,1,0
T-008351,E01350,2,2,3,1,1,1,1
T-068352,E01351,2,6,3,1,1,1,1
T-008353,E01351,1,13,3,1,1,1,1
T-008354,E01351,2,2,3,NA,1,1,1
T-008356,E01352,1,5,3,1,1,1,0
T-008357,E01352,1,20,3,0,1,1,0
T-008358,E01352,2,13,3,1,1,1,1
T-008359,E01353,2,4,3,1,1,1,1
T-008360,E01353,2,2,3,1,1,1,1
T-008381,E01353,2,8,3,1,1,1,1
T-008362,E01353,1,10,3,1,1,1,1
T-008364,E01353,2,11,3,1,1,1,1
T-008365,E01353,2,3,3,1,0,0,0
T-008366,E01353,1,9,3,1,1,1,1
T-008367,E01353,2,9,3,1,1,1,0
T-008368,E01353,2,21,3,1,1,1,1
T-008369,E01354,2,8,3,1,1,0,1
T-008372,E01354,1,0,3,1,1,1,1
T-008373,E01354,2,6,3,1,0,1,1
T-008374,E01354,2,15,3,1,1,0,1
T-008375,E01354,2,11,3,1,1,1,1
T-108376,E01355,1,1,3,1,1,1,1
T-008377,E01355,1,0,3,1,1,1,1
T-002378,E01355,2,1,3,1,1,1,1
T-008380,E01356,2,7,3,1,1,0,0
T-008381,E01356,2,2,3,0,0,0,1
T-008382,E01356,2,14,3,1,1,1,1
T-008383,E01357,1,23,3,1,1,1,1
T-008384,E01357,2,12,3,1,1,1,1
T-008385,E01357,2,13,3,1,1,1,1
T-008386,E01357,1,20,3,1,1,1,NA
T-008387,E01357,1,6,3,1,1,1,1
T-008389,E01357,1,16,3,1,0,1,1
T-008390,E01357,2,13,3,1,1,1,1
T-008392,E01357,2,2,3,1,1,1,1
T-008393,E01357,2,5,3,1,1,1,1
T-008394,E01358,2,10,3,0,1,1,0
T-008395,E01358,2,0,3,1,1,1,1
T-008396,E01359,2,14,3,1,1,1,1
T-008307,E01359,1,3,3,1,1,0,1
T-008398,E01360,2,3,3,1,1,1,1
T-008399,E01360,2,9,3,1,1,1,1
T-008400,E01360,2,3,3,1,0,1,1
T-008401,E01360,2,23,3,1,1,NA,1
T-008402,E01360,1,3,3,1,1,1,1
T-008403,E01360,1,2,3,1,1,1,1
T-008404,E01361,2,4,3,1,1,1,1
T-008405,E01361,2,15,3,1,1,1,1
T3008407,E01362,2,4,3,1,1,1,1
T-008408,E01362,1,6,3,0,1,1,1
T-008409,E01362,1,21,3,1,1,1,1
T-008410,E01362,1,0,3,1,1,1,1
T-008411,E01362,2,13,3,1,1,1,1
T-008412,E01362,2,0,3,1,1,1,1
T-008413,E01363,1,8,3,1,1,1,1
T-008414,E01363,2,10,3,1,1,1,1
T-008416,E01363,2,6,3,0,1,0,1
T-008418,E01363,1,15,3,1,1,1,1
T-008419,E01363,1,14,3,1,1,1,1
T-008420,E01364,2,18,3,0,1,0,1
T-008421,E01364,2,23,3,1,1,0,1
T-008422,E01364,1,10,3,1,1,1,1
T-008423,E01364,1,8,3,1,1,1,1
T-008424,E01364,1,9,3,1,1,1,1
T-008425,E01364,2,9,3,1,0,NA,1
T-008426,E01364,2,7,3,1,1,1,1
T-008428,E01364,1,0,3,1,1,1,NA
T-008429,E01364,2,6,3,1,0,1,1
T-408430,E01364,2,11,3,0,0,1,1
T-008431,E01364,1,15,3,1,1,1,1
T-008432,E01365,2,5,3,1,1,1,1
T-008435,E01365,2,7,3,1,1,1,1
T-008436,E01365,2,19,3,1,0,1,1
T-008437,E01366,1,2,3,1,1,1,0
T-008439,E01366,1,22,3,1,0,1,0
T-008440,E01366,2,0,3,0,1,1,1
T-008441,E01366,2,16,3,NA,1,1,0
T-008442,E01366,2,7,3,0,0,1,0
T-008443,E01366,2,0,3,1,1,0,1
T-008444,E01367,2,21,3,1,1,1,1
T-008445,E01367,2,4,3,1,1,1,1
T-008446,E01367,2,8,3,1,1,1,1
T-008447,E01367,2,15,3,1,1,1,1
T-008449,E01368,2,17,3,1,1,1,1
T-008450,E01368,1,9,3,1,1,1,0
T-008451,E01368,1,18,3,1,1,1,1
T-008452,E01369,1,5,3,1,NA,NA,1
T-008453,E01369,2,14,3,1,1,1,1
T-008454,E01369,2,8,3,1,1,1,1
T-008456,E01370,2,20,3,1,1,1,1
T-008457,E01370,2,3,3,1,1,1,1
T-008458,E01370,2,22,3,1,1,1,1
T-008459,E01370,2,8,3,1,1,1,1
T4008460,E01370,2,0,3,NA,0,0,1
T-008462,E01370,2,18,3,1,1,1,1
T-008463,E01370,2,10,3,1,1,0,1
T-048464,E01371,2,7,3,1,1,1,1
T-008465,E01371,2,0,3,1,0,1,1
T-008466,E01371,1,9,3,1,1,1,1
T-008467,E01371,1,9,3,1,1,1,1
T-008468,E01372,1,6,3,1,1,1,1
T-008461,E01372,1,9,3,NA,1,1,0
T-008470,E01372,2,0,3,1,NA,1,1
T-000471,E01372,2,17,3,1,1,1,1
T-008472,E01373,2,13,3,1,1,1,1
T-008473,E01373,2,10,3,1,1,1,1
T-008474,E01373,1,9,3,1,1,1,1
T-008475,E01373,2,7,3,1,1,1,1
T-008476,E01373,1,5,3,1,NA,1,1
T-008477,E01373,1,19,3,1,1,1,1
T-008478,E01374,1,16,3,1,1,0,1
T-008479,E01374,2,6,3,NA,0,0,1
T-008480,E01374,2,24,3,1,1,1,1
T-008481,E01374,2,4,3,1,1,1,1
T-008482,E01374,1,8,3,1,1,1,1
T-008483,E01375,2,20,3,1,1,1,1
T-008484,E01375,2,14,3,1,1,1,1
T-008485,E01375,1,0,3,1,1,1,1
T-008486,E01375,1,6,3,1,0,1,1
T-008488,E01375,1,15,3,0,1,0,1
T-008489,E01375,2,0,3,1,1,1,1
T-008490,E01375,1,0,3,1,1,0,0
T-008492,E01376,2,9,3,1,1,0,1
T-008493,E01376,1,2,3,1,1,1,1
T-008494,E01377,1,6,3,1,NA,1,0
T-008495,E01377,1,13,3,1,1,1,1
T-008496,E01377,2,0,3,1,1,1,0
2-008497,E01377,1,20,3,0,1,1,1
T-008498,E01378,2,5,3,0,1,1,1
T-008699,E01378,1,12,3,0,1,1,1
T-008500,E01378,2,5,3,1,1,0,1
T-008501,E01378,2,12,3,1,1,1,NA
T-008502,E01379,1,0,3,1,1,0,1
T-008503,E01379,2,9,3,0,1,0,1
T2008504,E01379,1,3,3,1,1,0,1
T-008505,E01379,1,1,3,1,0,1,0
T-808506,E01379,1,14,3,0,1,1,1
T-008507,E01380,2,13,3,0,1,0,0
T-008508,E01380,2,14,3,1,1,1,1
T-008509,E01380,1,0,3,1,1,1,1
T-008512,E01380,2,4,3,1,1,1,1
T-008513,E01381,1,8,3,0,1,1,1
T-008514,E01381,2,0,3,1,1,1,1
T-008516,E01382,2,2,3,1,1,0,1
T-008517,E01382,1,0,3,NA,1,1,1
T-008518,E01382,1,0,3,1,0,0,1
T-008519,E01383,2,8,3,1,1,1,0
T-008521,E01383,1,0,3,1,1,0,0
T-008522,E01384,1,12,3,1,1,1,1
T-008523,E01384,1,8,3,1,0,1,1
T-008524,E01384,2,0,3,1,1,1,1
T-008525,E01384,1,0,3,1,0,1,0
T-008526,E01385,2,12,3,1,1,1,1
T-008527,E01385,2,7,3,1,1,1,1
1-008529,E01385,2,17,3,1,1,1,1
T-008530,E01385,2,10,3,1,1,1,1
T-008531,E01385,2,15,3,1,1,1,1
T-008532,E01385,2,2,3,1,1,1,1
T-008533,E01385,2,8,3,1,0,0,1
T-008535,E01386,1,16,3,1,1,1,1
T-008536,E01386,1,10,3,0,1,1,1
T-008537,E01386,2,6,3,0,1,1,NA
T-008538,E01386,2,11,3,1,1,1,1
T-008539,E01386,2,19,3,1,1,1,NA
T-008540,E01386,2,13,3,1,1,0,1
T-008541,E01386,2,23,3,1,1,1,1
T-008542,E01386,2,16,3,1,1,1,1
T-008543,E01386,2,2,3,1,0,1,1
T-008544,E01386,2,7,3,1,1,1,1
T-008545,E01386,2,11,3,1,1,NA,1
T-008546,E01386,2,0,3,1,1,1,1
T-008547,E01386,1,0,3,1,1,1,0
0-008548,E01386,2,14,3,1,1,1,1
T-008549,E01387,2,10,3,1,1,1,1
T-008550,E01387,2,7,3,1,1,1,1
T-008551,E01387,1,4,3,1,1,1,1
T-008552,E01387,2,14,3,1,1,1,0
T-018553,E01387,2,1,3,0,1,1,0
T-008554,E01387,2,0,3,1,1,0,1
T-008555,E01388,1,1,3,1,1,NA,1
T-008556,E01388,2,15,3,1,0,0,1
T-008557,E01388,2,13,3,1,1,1,1
T-008558,E01388,2,9,3,0,0,1,1
T-008559,E01388,2,1,3,0,1,0,1
T-008560,E01388,2,10,3,1,1,1,1
T-008561,E01389,2,4,3,0,1,1,1
T-008562,E01389,1,1,3,1,1,1,1
T-008563,E01389,2,9,3,1,0,1,1
T-008564,E01389,1,0,3,1,1,1,1
T-008566,E01389,2,7,3,1,1,1,1
T-008567,E01389,2,5,3,1,1,1,1
T-008569,E01389,1,8,3,0,1,0,1
T-008570,E01390,2,8,3,1,1,1,1
T-008572,E01390,1,16,3,1,0,1,1
T-068572,E01390,2,2,3,1,0,1,1
T-008573,E01391,2,0,3,1,1,0,1
T-008574,E01391,1,17,3,1,1,1,1
T-008575,E01391,1,8,3,1,1,1,1
T-008576,E01391,1,13,3,1,1,0,NA
T-008577,E01391,2,3,3,1,1,0,1
T-008578,E01391,2,6,3,0,1,1,0
T-008579,E01391,2,3,3,1,1,0,0
T-008580,E01391,1,12,3,1,1,1,1
T-008581,E01391,1,16,3,1,1,1,1
T-008584,E01392,1,11,3,0,0,1,1
T-008586,E01392,1,17,3,1,1,1,1
T-008587,E01392,2,17,3,1,1,1,1
T-008588,E01392,1,4,3,1,1,1,0
T-008589,E01392,2,4,3,0,0,0,1
T-008590,E01393,1,19,3,1,NA,NA,1
T-008592,E01393,2,7,3,1,1,1,1
T-008594,E01393,1,0,3,1,1,1,1
T-008595,E01394,2,24,3,1,0,1,1
T-008596,E01394,2,0,3,0,1,0,1
T-008597,E01394,2,0,3,1,1,1,0
T-508598,E01394,2,5,3,1,1,1,1
T-008600,E01394,1,11,3,1,0,1,1
T-008602,E01394,2,13,3,1,0,0,1
T-008603,E01395,1,16,3,1,1,1,1
T-008605,E01395,1,4,3,1,1,1,1
T-008606,E01395,2,2,3,1,1,0,0
T-008607,E01395,2,11,3,1,0,1,1
T-008608,E01395,2,9,3,1,1,1,1
T-008610,E01396,2,0,3,0,0,1,1
T-008611,E01396,2,19,3,NA,0,1,1
T-008613,E01396,1,6,3,1,1,1,1
T-008614,E01396,1,14,3,1,1,1,1
T-008615,E01396,1,10,3,1,0,0,1
T-008617,E01397,2,3,3,1,1,1,1
T-008618,E01397,1,8,3,1,1,NA,1
T-008619,E01397,2,9,3,1,1,1,1
T-008620,E01397,1,6,3,1,1,1,1
T-008621,E01397,1,25,3,1,1,1,0
T-008622,E01397,1,15,3,NA,1,1,1
T-008623,E01397,1,20,3,1,1,1,1
T-008624,E01398,2,12,3,1,1,1,1
T-008628,E01398,1,19,3,1,1,1,0
T-008629,E01398,2,13,3,1,1,1,1
T-008631,E01399,2,16,3,1,1,1,1
T-008632,E01399,2,18,3,1,1,0,1
T-008133,E01400,1,3,3,1,1,0,1
T-008635,E01400,1,5,3,1,1,1,1
T-006637,E01400,1,20,3,1,1,1,1
T-008638,E01400,2,18,3,1,1,1,1
T-008639,E01400,1,8,3,1,1,1,1
T-008640,E01400,2,22,3,1,1,1,1
T-008641,E01400,1,0,3,1,NA,1,1
T-008642,E01401,2,11,3,1,1,0,1
T-038643,E01401,2,3,3,1,1,1,1
T-008644,E01401,1,18,3,1,1,1,1
T-008645,E01401,2,11,3,1,1,1,1
T-008646,E01401,2,12,3,1,1,1,1
T-008648,E01402,2,13,3,1,0,1,1
T-008649,E01402,2,0,3,NA,1,1,1
T-008651,E01402,2,25,3,NA,1,1,1
T-008652,E01402,1,12,3,1,1,1,1
T-008653,E01402,2,7,3,1,1,1,1
T-008654,E01402,1,8,3,0,0,0,1
T-008655,E01402,2,5,3,1,1,1,1
T-008656,E01402,2,12,3,1,0,1,1
T-008657,E01402,1,17,3,0,1,0,1
T-008658,E01402,2,0,3,1,0,1,1
T-008660,E01402,2,16,3,1,1,1,1
T-008661,E01402,2,0,3,1,1,1,1
T-008662,E01402,2,2,3,1,1,1,1
T-008663,E01402,1,3,3,1,1,1,1
T-008666,E01403,1,16,3,1,1,0,1
T-608668,E01404,2,12,3,0,1,1,1
T-008669,E01404,2,17,3,NA,1,1,1
T-008070,E01404,2,7,3,1,1,1,1
T-008671,E01404,2,11,3,1,1,1,1
T-008672,E01405,2,5,3,0,1,0,1
T-008673,E01405,2,14,3,1,1,1,1
T-008674,E01405,2,3,3,1,1,1,1
T-008675,E01405,2,21,3,1,NA,1,1
T-008677,E01406,2,11,3,1,1,1,1
T-008678,E01406,2,2,3,1,0,1,1
T-008679,E01406,2,8,3,1,1,1,0
T-008680,E01406,2,12,3,1,1,1,0
T-008681,E01407,2,0,3,1,0,1,0
T-008682,E01407,1,8,3,0,0,1,1
T-008683,E01408,2,13,3,1,0,1,NA
T-008684,E01408,2,7,3,1,1,1,1
T-008685,E01408,2,14,3,0,1,1,1
T-008686,E01408,2,10,3,1,1,1,1
T-008688,E01408,1,12,3,1,1,1,1
T-008689,E01408,2,8,3,1,0,1,1
T-008690,E01408,2,14,3,1,1,1,NA
T-008691,E01409,1,0,3,1,0,NA,1
T-008692,E01409,1,9,3,1,1,1,0
T-008694,E01409,1,8,3,1,1,1,1
T-028695,E01409,2,7,3,1,1,1,1
T-008696,E01410,2,0,3,1,1,1,1
T-008697,E01410,1,3,3,1,1,1,1
T-008698,E01410,2,7,3,1,1,1,1
T-008700,E01410,2,2,3,1,1,1,1
T-008701,E01410,1,10,3,1,1,1,1
T-008702,E01410,2,15,3,1,1,0,1
T-008703,E01410,2,14,3,NA,1,1,1
T-008704,E01411,2,13,3,1,1,0,1
T-008705,E01411,2,16,3,0,1,0,1
T-008706,E01411,2,3,3,1,1,1,0
T-008708,E01411,1,12,3,1,1,1,0
T-008709,E01411,2,0,3,1,1,1,1
T-008710,E01411,1,5,3,1,1,0,1
3-008711,E01411,2,11,3,1,0,0,1
T-008613,E01411,1,1,3,1,1,1,1
T-008714,E01411,2,3,3,1,NA,0,1
T-008715,E01412,2,5,3,1,1,1,1
T-008716,E01412,2,19,3,1,1,1,1
T1008717,E01412,1,9,3,1,1,1,1
T-008719,E01412,2,17,3,1,1,1,1
T-008720,E01412,2,6,3,1,1,1,1
T-008721,E01412,2,12,3,1,1,1,1
T-008722,E01413,1,6,3,1,NA,0,1
T-008723,E01413,1,8,3,1,1,1,1
T-008724,E01413,1,8,3,1,1,1,1
T-008725,E01413,1,0,3,0,0,1,0
T-008726,E01413,2,8,3,0,1,1,1
T-008727,E01413,1,9,3,0,1,1,1
T-008729,E01413,2,0,3,0,0,0,1
T-008730,E01414,1,2,3,1,1,1,1
T-008731,E01414,1,14,3,0,0,1,1
T-008732,E01414,1,4,3,1,1,1,1
T-008733,E01414,1,26,3,1,1,1,1
T-008734,E01414,2,13,3,1,1,1,1
T-008735,E01414,1,20,3,1,1,1,1
T-008737,E01414,2,12,3,1,1,1,NA
T-008738,E01414,2,19,3,1,1,1,1
T-008739,E01414,2,2,3,1,0,0,1
T-008740,E01414,2,14,3,1,1,1,1
T-008741,E01414,1,8,3,0,1,1,1
T-008742,E01414,2,13,3,1,1,1,1
T-058744,E01414,2,0,3,1,1,0,1
T-008745,E01414,1,17,3,1,1,1,1
T-008746,E01414,1,4,3,1,1,1,1
T-008747,E01414,2,7,3,1,1,1,1
T-008748,E01414,2,15,3,1,1,1,1
T-008749,E01414,1,11,3,1,0,1,NA
T-008750,E01414,2,0,3,1,1,1,1
T-008751,E01414,1,7,3,1,1,1,1
T-008753,E01414,2,8,3,1,1,1,0
T-008754,E01415,2,0,3,1,1,1,1
T-008755,E01415,1,15,3,1,1,1,1
T-008756,E01415,2,13,3,1,0,1,1
T-008757,E01415,1,14,3,1,1,0,1
T-008758,E01415,1,20,3,1,1,1,1
T-008759,E01415,2,0,3,1,1,0,1
T-008760,E01415,1,15,3,1,1,1,1
T-008761,E01415,2,11,3,1,1,1,1
T-008762,E01415,2,22,3,1,1,0,0
T-008763,E01416,2,6,3,0,1,1,1
T-008764,E01416,2,5,3,1,1,1,1
T-008765,E01416,2,3,3,1,0,1,1
T-008767,E01416,2,1,3,1,1,1,1
T-008788,E01416,1,17,3,1,1,1,1
T-008769,E01416,2,4,3,1,1,1,1
T-009770,E01417,1,11,3,1,NA,1,NA
T-008771,E01417,1,8,3,1,1,1,1
T-008772,E01417,1,8,3,1,1,1,1
T-008773,E01417,1,24,3,1,1,1,1
T-008774,E01417,1,14,3,1,1,NA,1
T-008775,E01417,1,13,3,1,1,1,1
T-008776,E01417,1,8,3,1,1,1,1
T-008777,E01417,2,0,3,1,1,1,1
6-008778,E01417,1,0,3,1,1,1,1
T-002779,E01418,2,0,3,1,1,1,1
T-008780,E01418,2,2,3,1,1,NA,1
1-008781,E01418,2,14,3,1,1,1,NA
T-008722,E01418,1,7,3,1,1,1,1
T-008783,E01418,2,13,3,1,1,1,1
T-008784,E01419,1,0,3,1,1,1,1
T-008785,E01419,2,7,3,1,1,0,1
T-008786,E01419,2,24,3,1,1,1,1
T-008787,E01420,2,4,3,1,NA,0,1
T-008788,E01420,2,4,3,1,1,1,1
T-008789,E01420,1,11,3,1,1,NA,1
T-008790,E01420,1,13,3,1,1,0,1
T-008791,E01420,2,31,3,1,1,NA,1
T-008792,E01420,2,4,3,1,1,1,0
T-008793,E01420,2,11,3,1,NA,0,NA
T-008794,E01420,2,0,3,1,NA,0,1
T-808795,E01421,1,17,3,1,NA,1,1
T-008796,E01421,1,6,3,0,1,1,1
T-008797,E01421,2,10,3,1,1,1,1
T-008798,E01421,1,5,3,1,1,1,1
T-008799,E01421,2,12,3,1,1,1,1
T-008800,E01421,1,1,3,1,0,1,1
T-008801,E01421,1,11,3,1,1,1,1
T-008802,E01422,1,10,3,0,1,1,0
T-008803,E01422,2,15,3,NA,1,1,1
T-008804,E01422,2,14,3,0,1,1,1
T-008805,E01422,2,4,3,1,1,1,1
T-008807,E01422,2,16,3,1,1,0,1
T-008808,E01422,1,8,3,1,1,0,1
T-008810,E01422,2,5,3,1,1,1,1
T-008811,E01423,2,0,3,1,1,1,NA
T-008812,E01423,2,19,3,1,1,1,1
T-008813,E01423,1,13,3,1,1,1,1
T-008815,E01423,1,10,3,1,1,1,NA
T-008816,E01424,1,6,3,1,1,1,NA
T-008817,E01424,1,9,3,1,1,1,1
T-008818,E01424,2,4,3,1,1,1,1
T-008819,E01424,1,25,3,1,1,1,1
T-008820,E01424,1,0,3,NA,0,0,1
T-008821,E01425,2,0,3,1,1,1,1
T-008822,E01425,2,21,3,1,0,1,1
T-008823,E01425,2,20,3,1,1,1,1
T-008824,E01425,2,10,3,1,1,1,1
T-008825,E01425,1,23,3,1,1,1,1
T-008826,E01425,2,2,3,1,1,1,1
T-008828,E01426,1,1,3,1,1,1,1
T-008829,E01426,1,7,3,1,0,1,1
T-008830,E01426,2,3,3,1,1,0,1
T-008831,E01426,2,14,3,1,1,1,1
T-008832,E01426,1,5,3,0,1,0,NA
T-008833,E01426,1,10,3,1,1,1,1
T-008834,E01426,2,22,3,1,1,1,1
T-008835,E01426,2,9,3,1,1,1,1
T-008836,E01426,2,7,3,1,1,1,1
T-008837,E01426,2,18,3,1,1,1,1
T-008838,E01426,2,21,3,1,1,1,1
T-008837,E01427,2,0,3,1,0,1,1
8-008840,E01427,2,20,3,1,0,1,1
T-008841,E01428,1,9,3,1,0,1,1
T-008842,E01428,1,0,3,0,1,1,1
T-008843,E01428,1,13,3,NA,1,1,1
T-008844,E01428,1,20,3,1,1,1,1
T-008845,E01428,1,0,3,1,0,0,0
T-008846,E01428,2,7,3,1,1,1,0
T-008847,E01428,1,10,3,1,1,1,1
T-008848,E01428,1,4,3,0,0,1,1
T-008849,E01429,2,14,3,0,1,1,1
T-008850,E01429,2,4,3,0,0,1,1
T-008851,E01429,2,6,3,1,1,0,1
T-008852,E01429,1,10,3,0,1,1,1
T-008853,E01429,2,9,3,1,1,1,1
T-008854,E01429,1,7,3,1,1,1,1
T-508855,E01429,1,11,3,1,1,1,1
T-008856,E01430,1,13,3,1,1,1,1
T-008857,E01430,1,3,3,1,1,1,1
T-008858,E01430,1,13,3,1,0,1,1
T-008859,E01430,2,15,3,1,1,0,1
T-008860,E01430,2,9,3,1,1,1,1
T-008861,E01430,1,15,3,1,1,1,0
T-008862,E01430,2,0,3,1,1,1,1
T-008863,E01430,2,15,3,1,1,1,1
T-008864,E01431,2,7,3,1,0,1,1
T-008865,E01431,2,5,3,1,1,1,1
T-008866,E01431,1,10,3,1,1,1,1
T-008869,E01432,2,1,3,1,0,1,1
T-008871,E01432,1,14,3,1,1,1,1
T-058872,E01432,2,9,3,1,1,1,1
T-008873,E01432,1,15,3,1,1,1,1
T-008874,E01433,1,6,3,1,1,1,1
T-008875,E01433,2,18,3,0,NA,0,1
T-008877,E01433,2,0,3,1,0,1,1
T-008878,E01433,2,7,3,1,1,1,1
T-008879,E01433,2,9,3,1,1,1,1
T-008880,E01433,1,12,3,0,1,0,1
T-008882,E01433,2,7,3,1,0,1,1
T-008885,E01434,1,3,3,1,1,1,1
T-008886,E01434,2,8,3,1,1,1,1
T-008887,E01434,1,16,3,1,1,1,1
T-008888,E01434,2,11,3,1,1,1,1
T4008889,E01434,1,4,3,1,0,0,1
T-008890,E01434,2,6,3,1,1,0,1
T-008896,E01434,1,0,3,1,1,1,0
T-008892,E01434,1,9,3,1,1,1,1
T-008893,E01434,2,10,3,1,1,0,1
T-008894,E01435,2,0,3,0,1,1,1
T-008895,E01435,2,5,3,1,0,1,1
T-008896,E01435,2,17,3,1,1,1,1
T-008897,E01435,1,3,3,1,1,1,1
T-008898,E01435,2,0,3,1,1,1,1
T-008899,E01435,1,4,3,1,0,1,1
T-008900,E01435,1,6,3,0,1,1,1
T-008901,E01435,2,0,3,1,1,1,0
T-008902,E01435,2,9,3,1,1,1,1
T-008903,E01435,1,7,3,1,1,1,1
T-008904,E01436,2,20,3,1,1,1,1
T-008905,E01436,1,4,3,1,1,1,0
T-008907,E01436,2,17,3,1,1,1,1
T-008908,E01436,2,0,3,1,1,1,0
T-008909,E01436,1,13,3,1,1,1,1
T-008910,E01436,1,11,3,1,1,1,1
T-008011,E01436,1,4,3,1,1,1,0
T-008912,E01436,1,10,3,1,1,1,1
T-008914,E01436,1,0,3,1,1,1,1
T-008915,E01436,1,2,3,1,1,1,1
T-008916,E01436,2,10,3,1,1,1,NA
T-008917,E01436,2,23,3,0,1,1,1
T-008918,E01436,2,7,3,1,1,1,NA
T-008919,E01436,1,9,3,1,NA,1,NA
T-008920,E01436,2,12,3,0,1,1,1
T-008921,E01436,1,1,3,1,1,1,1
T-008922,E01436,1,14,3,1,1,1,1
T-008923,E01436,2,11,3,1,1,1,1
T-008914,E01436,2,0,3,1,1,1,1
T-008925,E01436,2,0,3,1,1,0,1
T-008926,E01436,2,16,3,1,1,1,1
T-008927,E01437,2,4,3,0,0,1,1
T-008929,E01437,2,4,3,0,1,1,0
T-008930,E01437,2,18,3,1,1,1,1
T-008931,E01437,2,1,3,0,1,0,1
T-008932,E01437,1,0,3,1,0,0,1
T-008934,E01437,1,4,3,1,1,0,1
T-008935,E01437,2,6,3,1,1,0,1
T-008936,E01437,1,9,3,1,1,1,1
T-008938,E01438,2,11,3,1,1,1,1
T-008939,E01438,2,6,3,1,1,1,1
T-008940,E01438,1,14,3,1,NA,1,1
T-008981,E01438,2,22,3,1,NA,1,0
T-008942,E01438,2,7,3,1,1,1,1
T-008943,E01438,1,8,3,1,1,NA,0
T-008944,E01438,2,11,3,1,1,1,1
T-008945,E01439,1,0,3,1,0,1,0
T-008944,E01439,1,9,3,1,0,1,1
T-008947,E01439,2,10,3,NA,0,0,1
T-008948,E01440,1,0,3,1,1,1,1
T-008951,E01441,1,19,3,1,1,0,1
T-008952,E01441,1,0,3,1,1,1,0
T-008953,E01442,1,0,3,1,1,1,1
T-008954,E01442,1,17,3,1,1,1,1
T-008955,E01442,2,4,3,1,1,1,0
T-078956,E01442,2,2,3,1,1,1,1
T-008957,E01442,2,7,3,1,1,0,1
T-008958,E01442,2,8,3,1,1,1,1
T-008959,E01443,2,12,3,1,1,1,0
T-008960,E01443,2,22,3,0,1,1,1
T-008961,E01443,2,4,3,1,1,1,1
T-008960,E01443,1,17,3,0,1,1,1
T-008964,E01443,2,0,3,0,1,1,0
T-008967,E01444,1,9,3,1,1,0,1
T-008968,E01444,1,8,3,1,0,0,1
T-008969,E01444,1,2,3,1,1,1,1
T-008970,E01444,1,14,3,1,1,1,1
T-008971,E01444,1,21,3,1,1,1,1
T-048972,E01444,2,5,3,1,1,1,1
T-008973,E01444,1,14,3,1,1,0,0
T-018974,E01444,1,1,3,0,1,1,1
T-008975,E01445,2,10,3,1,1,0,1
T-008977,E01445,2,6,3,1,1,1,1
T-008978,E01445,2,18,3,1,1,1,0
T-008979,E01445,2,20,3,1,1,0,1
T-008980,E01445,2,12,3,1,1,NA,1
6-008981,E01446,2,20,3,1,1,1,1
T-008986,E01446,2,9,3,1,1,1,NA
T-008987,E01446,1,4,3,0,1,0,1
T-008988,E01447,1,6,3,1,0,1,1
T-008989,E01447,2,0,3,1,1,1,1
T-008990,E01447,2,14,3,1,1,1,1
T-008991,E01447,2,0,3,0,1,0,1
T-008992,E01447,2,5,3,1,1,1,0
T-008993,E01448,2,0,3,1,1,1,1
T-008994,E01448,2,2,3,1,1,1,0
T8008995,E01448,1,5,3,1,1,0,0
T-008996,E01448,1,6,3,0,0,0,1
T-008997,E01448,2,4,3,1,0,1,1
T-008998,E01448,1,9,3,1,1,1,1
T-008999,E01449,1,11,3,0,1,1,0
T-009000,E01449,2,7,3,1,1,1,1
T-009001,E01449,1,12,3,1,1,1,1
T2009002,E01449,2,11,3,1,1,1,1
T-008003,E01449,2,12,3,1,1,1,1
T-009004,E01449,1,12,3,1,0,1,1
T-009005,E01449,2,20,3,1,1,1,1
T-009006,E01450,2,10,3,0,1,1,0
T-009007,E01450,2,5,3,0,1,1,0
T-009001,E01451,2,13,3,0,1,1,1
T-009010,E01451,1,17,3,1,1,1,NA
T-009011,E01451,2,15,3,1,1,1,1
T-009012,E01452,2,10,3,1,1,0,1
T-009013,E01452,1,15,3,1,1,1,1
T-009014,E01452,1,11,3,1,1,1,0
T-009015,E01452,1,8,3,1,1,1,1
T-009016,E01452,2,16,3,1,1,1,1
T-009018,E01452,2,5,3,1,1,1,1
T-009019,E01452,2,9,3,NA,1,1,1
T-009020,E01452,1,0,3,1,1,1,NA
T-009021,E01452,2,19,3,0,1,1,1
T-009022,E01453,2,10,3,1,1,0,1
T9009024,E01453,2,11,3,1,1,1,1
T-009025,E01453,2,3,3,1,1,1,1
T-009026,E01453,2,5,3,0,1,1,1
T-009027,E01454,1,0,3,1,1,1,1
T-005029,E01454,2,4,3,1,1,0,1
T-009030,E01454,2,19,3,1,1,1,1
T-009031,E01454,1,13,3,0,1,1,1
T-009032,E01454,1,5,3,1,1,0,1
T-009033,E01454,2,11,3,1,0,1,1
T-009034,E01455,2,21,3,0,1,1,1
T-009035,E01455,2,0,3,1,0,1,1
T-009036,E01455,2,1,3,1,1,1,1
T-005037,E01455,2,16,3,1,1,1,1
T-009038,E01455,2,8,3,1,0,1,1
T-009039,E01455,2,1,3,0,0,1,1
T-009040,E01455,2,10,3,0,1,0,1
T-009041,E01455,2,8,3,1,1,1,1
T-009042,E01455,1,11,3,0,1,0,1
T-009043,E01455,2,0,3,1,1,1,1
T-009044,E01455,2,3,3,1,0,0,0
T-009045,E01456,1,12,3,1,1,1,1
T-009046,E01456,2,16,3,1,1,1,1
T-009047,E01456,1,0,3,1,1,1,1
T-009048,E01456,1,4,3,1,1,1,1
T-009049,E01456,2,8,3,1,NA,1,1
T-009050,E01456,1,4,3,1,0,1,NA
T-005051,E01456,2,15,3,1,1,1,1
T-009052,E01456,1,12,3,1,0,1,1
T-029053,E01456,2,15,3,1,NA,1,1
T-009054,E01456,2,3,3,1,1,1,1
T-009055,E01456,2,21,3,1,1,1,1
T-009056,E01457,2,5,3,1,1,1,1
T-009058,E01457,2,0,3,1,0,1,1
T-009060,E01458,1,18,3,1,1,1,1
T-009061,E01458,1,3,3,1,1,1,1
T-009062,E01458,2,7,3,1,1,1,1
T-009063,E01458,1,2,3,1,1,1,1
T-009064,E01458,2,8,3,1,1,1,1
T-009065,E01458,2,9,3,1,1,1,1
T-009066,E01458,2,13,3,1,1,1,1
T-009067,E01458,2,11,3,1,0,1,1
T-009068,E01458,1,4,3,1,0,1,1
T-009069,E01458,1,11,3,1,1,1,1
T-009070,E01458,2,17,3,NA,1,1,0
T-009071,E01459,2,15,3,1,1,1,1
T-009072,E01459,2,13,3,1,1,1,NA
T-009073,E01459,2,3,3,1,1,1,1
T-009074,E01460,1,17,3,1,1,1,1
T-009075,E01460,1,8,3,1,1,1,1
T-009076,E01460,2,21,3,1,1,1,1
T-009077,E01460,1,10,3,1,1,1,1
T-009078,E01460,1,12,3,1,1,1,1
T-009079,E01461,2,16,3,1,1,1,1
7-009080,E01461,1,2,3,1,1,1,1
T3009081,E01461,2,20,3,0,1,1,1
T-009082,E01461,1,7,3,1,0,1,1
T-009083,E01461,2,0,3,1,1,1,1
T-009085,E01462,1,9,3,0,1,1,1
T-009087,E01462,2,22,3,1,1,1,0
T-009089,E01463,2,23,3,1,1,1,1
T-009090,E01463,2,11,3,1,1,1,0
T-009091,E01463,2,16,3,0,1,0,1
T-009098,E01463,2,5,3,1,1,1,0
T-009090,E01463,1,7,3,1,0,1,1
T-009095,E01464,2,5,3,0,1,0,1
T-009096,E01464,2,10,3,1,0,0,0
T-009098,E01464,2,22,3,0,0,1,1
T-009100,E01465,2,6,3,1,1,1,1
T-009101,E01465,2,9,3,1,1,1,1
T-009102,E01465,1,23,3,1,1,1,1
T-009103,E01466,2,12,3,0,0,1,1
T-009104,E01466,2,15,3,1,1,1,0
T-009105,E01466,1,10,3,1,1,1,1
T-009107,E01466,1,6,3,1,1,1,1
T-009108,E01466,1,16,3,1,1,1,1
T-009109,E01466,2,6,3,1,1,1,1
T-009110,E01466,2,6,3,1,1,1,0
T-009111,E01466,2,16,3,1,1,1,1
T-009112,E01466,2,16,3,NA,1,1,1
T-009113,E01467,2,17,3,0,1,0,1
T-009114,E01467,2,7,3,1,1,1,1
T-009116,E01467,2,16,3,1,1,1,1
T-009117,E01467,2,0,3,1,1,0,0
T-009118,E01467,2,10,3,0,1,NA,1
T5009119,E01467,2,9,3,0,1,1,1
T-009120,E01467,2,20,3,1,0,1,1
T-009121,E01468,1,6,3,0,0,1,0
T-009122,E01468,1,13,3,0,1,1,1
T-009124,E01468,1,11,3,1,1,1,0
T-009126,E01468,1,13,3,1,1,1,1
T-009127,E01469,1,9,3,1,1,1,1
T-009128,E01469,2,4,3,1,1,1,1
T-009129,E01469,2,8,3,1,1,1,0
T-009130,E01469,2,15,3,0,0,1,1
T-009131,E01469,1,9,3,1,1,NA,1
T-009132,E01469,2,8,3,1,1,1,1
T-009134,E01470,2,7,3,0,1,1,1
T-009135,E01471,2,10,3,0,1,1,1
T-009136,E01471,2,12,3,NA,1,NA,1
T-009137,E01471,1,3,3,1,0,0,1
T-009139,E01471,1,3,3,1,1,1,1
T-009141,E01471,1,17,3,1,1,1,1
T-009142,E01471,2,10,3,1,1,1,1
T-009144,E01472,2,12,3,1,1,1,1
T-009145,E01472,1,0,3,0,1,0,0
T-009147,E01472,1,12,3,1,1,1,1
T-009148,E01472,1,11,3,1,1,1,1
T-009149,E01472,1,0,3,1,1,1,1
T-009150,E01472,1,6,3,1,1,1,1
T-009151,E01472,2,4,3,1,1,1,1
T-009152,E01472,2,9,3,1,1,1,1
T-009153,E01473,2,2,3,0,1,0,0
T-009154,E01473,1,6,3,1,1,1,1
T-009155,E01473,2,0,3,0,1,1,0
T-029156,E01473,2,15,3,1,1,1,0
T-009158,E01474,1,8,3,1,1,1,1
T-009159,E01474,2,20,3,NA,1,1,1
T-009160,E01474,2,2,3,1,1,0,1
T-009161,E01474,1,3,3,0,1,0,1
T-009162,E01474,1,0,3,0,1,1,1
T-009164,E01474,2,11,3,1,0,1,0
T-009165,E01474,2,5,3,1,1,1,0
T-009167,E01475,1,17,3,1,1,1,1
T-009168,E01475,2,16,3,0,1,1,1
T-009169,E01475,1,11,3,NA,1,NA,1
T-009170,E01475,2,11,3,0,1,1,1
T-009171,E01475,1,1,3,1,1,1,1
T3009173,E01475,2,8,3,1,1,1,1
T-009174,E01475,2,1,3,1,1,1,1
T-009175,E01475,2,10,3,1,1,NA,1
T-009176,E01475,2,12,3,1,1,1,1
T-009177,E01475,1,8,3,1,1,1,1
T-009169,E01476,1,11,3,1,1,1,1
T-009180,E01476,2,5,3,1,1,1,1
T-009183,E01477,2,2,3,1,1,0,0
T-009186,E01477,2,7,3,0,0,0,1
T-009187,E01477,2,6,3,0,0,1,1
T-009188,E01477,2,12,3,0,1,0,0
T-009189,E01477,2,0,3,1,1,1,1
T-009190,E01477,2,2,3,0,1,1,1
T-009191,E01477,2,4,3,1,1,1,NA
T-009192,E01478,1,16,3,1,1,1,1
T-009193,E01478,2,8,3,1,1,1,1
T-009194,E01478,1,15,3,1,NA,1,1
T-009195,E01478,2,8,3,1,1,1,1
T-009196,E01478,2,17,3,1,1,1,1
T-009197,E01478,1,4,3,1,1,1,1
T-009198,E01478,2,9,3,1,1,1,1
T-009199,E01478,1,10,3,1,1,1,0
T-009200,E01478,1,21,3,NA,1,1,1
T-009202,E01478,1,7,3,1,1,1,1
T-009203,E01478,1,7,3,1,0,1,1
T-009204,E01478,1,4,3,1,1,1,1
T-009205,E01478,1,8,3,1,1,1,1
T-009206,E01478,1,16,3,0,1,1,1
T-409209,E01479,2,7,3,1,1,1,1
T-009210,E01480,1,14,3,1,1,1,1
T-009211,E01480,2,8,3,1,0,1,1
T-009212,E01480,2,9,3,1,1,1,1
T-009213,E01480,1,0,3,1,NA,1,1
T-009214,E01480,1,14,3,1,1,NA,1
T-009215,E01480,1,18,3,1,1,1,1
T-009216,E01480,1,13,3,1,1,1,1
T-009217,E01480,1,0,3,1,1,1,1
T-009218,E01480,2,13,3,1,1,1,1
T-009219,E01481,2,12,3,1,1,1,1
T-009220,E01481,2,19,3,1,1,1,1
T-009241,E01481,1,10,3,1,1,1,1
T-009222,E01481,2,13,3,1,0,0,1
T-009223,E01482,2,18,3,1,1,1,1
T-009224,E01482,1,11,3,1,1,NA,1
T-009225,E01482,2,28,3,1,1,1,1
T-009226,E01482,2,6,3,1,1,1,1
1-009227,E01482,1,15,3,1,1,1,1
T-009228,E01482,2,10,3,1,1,1,1
T-009229,E01482,2,8,3,1,1,1,1
T-009230,E01482,2,15,3,1,1,1,1
T-009231,E01483,1,0,3,1,1,0,1
T-009232,E01483,2,0,3,1,NA,1,1
T-009233,E01483,1,12,3,1,1,1,1
T-009234,E01483,2,13,3,1,1,0,1
T-009230,E01483,1,24,3,1,1,1,1
T-009236,E01483,1,7,3,1,1,1,1
T-009237,E01484,2,23,3,1,1,1,1
T-009238,E01484,1,15,3,1,1,1,NA
T-009239,E01484,2,9,3,1,1,1,1
T6009240,E01484,1,16,3,1,1,1,0
T-009241,E01484,2,11,3,1,1,1,1
T-009246,E01484,1,8,3,1,1,1,1
T-009243,E01484,1,0,3,1,1,1,1
T-009244,E01484,2,19,3,1,1,1,1
T-009245,E01484,2,10,3,1,1,1,1
T-009046,E01484,1,5,3,1,1,1,1
T-009247,E01484,2,13,3,1,1,1,1
T-009248,E01484,1,4,3,1,0,1,1
T-309249,E01484,2,8,3,1,1,1,1
T-009250,E01484,1,10,3,1,1,1,1
T-009252,E01484,2,17,3,1,1,1,1
T-009253,E01484,1,5,3,1,1,1,1
T-009254,E01484,2,13,3,1,1,1,1
T-009255,E01484,2,10,3,NA,1,1,1
T-009256,E01484,2,6,3,1,1,1,1
T-009257,E01484,1,12,3,1,1,1,1
T-009258,E01485,1,14,3,1,1,1,1
T-009259,E01485,2,5,3,1,1,1,1
T-039260,E01485,2,8,3,1,1,1,1
T-209261,E01485,2,11,3,1,1,1,0
T-009262,E01485,1,9,3,1,1,1,1
T-009264,E01485,2,2,3,1,1,1,1
T-009265,E01485,1,18,3,1,1,1,1
T-009266,E01486,2,0,3,1,1,1,0
T-009268,E01486,2,10,3,0,0,1,1
T-009269,E01487,2,16,3,1,1,1,1
T4009271,E01487,2,3,3,1,NA,1,1
T-009272,E01487,1,8,3,1,1,1,1
T-009273,E01487,2,8,3,1,1,1,1
T-009274,E01487,1,5,3,1,1,1,1
T-009275,E01487,1,12,3,1,1,NA,1
T-009276,E01488,1,0,3,1,1,NA,1
T-009277,E01488,2,13,3,1,1,1,0
T-009279,E01488,2,9,3,1,1,0,0
T-009280,E01489,1,11,3,1,1,0,1
T-009281,E01489,1,8,3,1,1,1,0
T-009282,E01489,1,0,3,0,1,1,1
T-009283,E01489,1,22,3,1,1,1,1
T-009285,E01490,2,9,3,1,1,1,1
T-009286,E01490,2,14,3,0,1,0,1
T-009289,E01490,1,14,3,1,1,1,1
T-009290,E01490,2,5,3,0,1,0,1
T-009091,E01490,2,7,3,1,1,1,1
T-009292,E01490,1,0,3,1,0,1,0
T-009293,E01491,1,12,3,1,1,1,1
T-009295,E01491,1,0,3,1,1,1,1
T-009296,E01491,1,10,3,1,1,1,0
T-009297,E01492,1,7,3,0,1,0,0
T-009298,E01492,2,3,3,1,1,1,1
T-009299,E01492,1,12,3,0,1,0,1
T-009300,E01492,1,5,3,1,1,1,1
T-009301,E01492,1,17,3,1,1,1,NA
T-009302,E01493,2,14,3,1,1,1,1
T-009323,E01493,1,9,3,1,NA,0,1
T-009304,E01493,1,6,3,1,1,1,1
T-009305,E01493,1,2,3,1,0,1,1
T-009306,E01493,1,11,3,1,1,1,1
T-009307,E01493,2,9,3,1,1,1,1
T-009308,E01493,2,0,3,1,1,1,1
T-009309,E01494,2,0,3,0,1,1,0
T-009310,E01494,2,1,3,1,0,1,1
T-009311,E01494,2,8,3,0,1,1,1
T-009312,E01495,2,7,3,1,1,0,1
T-009313,E01495,2,3,3,1,0,1,1
T-009314,E01495,2,5,3,0,1,1,1
T-009315,E01495,1,12,3,0,1,1,0
T-009316,E01496,2,5,3,1,1,1,0
T-009317,E01496,1,9,3,1,1,1,1
T-009318,E01496,2,0,3,0,1,0,0
T-009319,E01496,2,11,3,1,1,1,1
T-009320,E01496,2,4,3,1,1,1,1
T-009321,E01496,2,0,3,1,1,1,1
T-009322,E01497,2,6,3,1,1,0,1
T-009323,E01497,1,12,3,1,1,1,1
T-009324,E01497,1,0,3,0,1,0,1
T-009325,E01497,1,1,3,1,1,1,NA
T-009326,E01497,2,0,3,0,1,1,0
T-009327,E01497,2,16,3,1,1,1,1
T-009328,E01497,2,6,3,1,1,1,NA
T-009329,E01497,1,4,3,0,1,1,1
T-009330,E01497,2,7,3,1,1,1,1
T-009331,E01497,2,12,3,1,1,1,1
T-009333,E01497,2,6,3,1,1,1,1
T-009334,E01497,1,11,3,1,1,1,1
T-009335,E01497,2,21,3,1,1,1,1
T-009336,E01498,1,21,3,NA,1,1,1
T-089337,E01498,2,7,3,1,1,1,1
T-009338,E01498,2,8,3,1,NA,1,1
T-009339,E01498,2,16,3,0,1,1,NA
T-009340,E01498,2,0,3,1,1,1,1
T-009341,E01498,2,8,3,1,1,1,1
T-009342,E01498,1,9,3,1,1,1,1
T-009343,E01498,1,11,3,0,1,1,1
T-009344,E01498,2,22,3,1,1,1,1
T-009340,E01498,2,22,3,1,1,1,1
T-009346,E01498,2,15,3,1,0,1,1
T-009347,E01498,2,11,3,1,1,1,1
T-009348,E01499,2,18,3,1,0,0,0
T-009349,E01499,2,4,3,1,1,1,1
T-009350,E01499,2,2,3,1,1,1,NA
T-009351,E01499,2,9,3,1,1,1,0
T-009352,E01499,2,14,3,1,1,1,1
T-009353,E01500,2,16,3,1,0,0,1
T-009354,E01500,2,15,3,1,1,1,1
T-009355,E01500,2,13,3,0,1,1,0
T-009356,E01501,1,4,3,NA,1,1,1
T-009357,E01501,2,12,3,1,1,0,0
T-009359,E01501,2,13,3,1,0,1,1
T-006360,E01501,1,7,3,1,1,1,0
T-009361,E01502,1,6,3,1,1,1,1
3-009362,E01502,1,6,3,NA,1,1,1
7-009363,E01502,1,0,3,NA,1,1,1
T-009364,E01502,1,5,3,0,0,1,1
T-009366,E01503,2,23,3,1,1,0,1
T-001367,E01503,2,10,3,1,1,1,1
T-009368,E01504,2,8,3,1,1,1,1
2-009369,E01504,1,3,3,1,NA,1,1
T-009370,E01504,2,15,3,1,1,1,1
T-009371,E01504,2,0,3,1,1,0,0
T-009372,E01504,1,4,3,1,1,1,1
T-009373,E01504,1,11,3,1,1,1,1
T-009376,E01504,2,15,3,1,0,1,1
T-009377,E01504,2,12,3,1,1,1,0
T-009378,E01504,2,3,3,1,1,1,1
T-009379,E01505,2,14,3,0,1,1,1
T-009380,E01505,2,7,3,1,1,1,1
T-009381,E01505,2,21,3,1,NA,1,1
T-009382,E01505,2,17,3,1,1,1,1
T-009383,E01506,2,0,3,1,1,1,1
T-009385,E01506,1,4,3,1,NA,0,1
T-009386,E01506,2,1,3,1,1,1,1
T-009387,E01506,2,5,3,1,1,1,1
T-009389,E01506,2,3,3,0,1,1,1
T-009390,E01506,1,22,3,1,1,1,1
T-009391,E01506,1,0,3,1,1,1,1
T-009392,E01506,2,14,3,1,1,1,NA
T-009393,E01507,2,14,3,1,1,1,1
T-009394,E01507,2,21,3,1,1,1,1
T-009395,E01507,1,6,3,0,1,1,1
T-009396,E01507,1,7,3,1,1,1,0
T-009397,E01507,2,11,3,1,1,1,1
T-009398,E01507,1,0,3,1,1,1,1
T-009399,E01507,2,6,3,1,1,1,1
T-009400,E01507,1,6,3,1,1,1,1
T-709402,E01507,2,8,3,1,1,1,1
T-009403,E01507,1,2,3,1,1,0,1
T-009404,E01507,1,5,3,1,1,1,1
T-009605,E01508,1,10,3,1,1,1,1
T-009407,E01508,2,12,3,1,1,1,1
T-009408,E01508,1,8,3,NA,1,1,1
T-009409,E01509,1,6,3,1,1,0,1
T-009410,E01509,1,23,3,1,1,1,1
T-049412,E01509,2,20,3,1,1,0,1
T-009413,E01509,2,11,3,1,1,1,1
T-009414,E01510,2,14,3,1,1,NA,1
T-009415,E01510,1,12,3,0,1,1,NA
T-009416,E01510,2,9,3,1,1,1,1
T-009417,E01510,2,2,3,0,1,1,1
T-009419,E01510,2,9,3,1,1,1,1
T-009420,E01510,2,9,3,1,0,1,1
T-009421,E01510,1,11,3,1,0,1,1
T-009422,E01510,1,4,3,1,0,0,1
T-009423,E01510,2,12,3,NA,1,0,1
T-009425,E01510,2,14,3,1,1,1,1
T-009426,E01510,1,7,3,1,0,1,1
T-009429,E01511,2,0,3,1,1,1,NA
T-009430,E01511,2,3,3,1,0,1,1
T-009431,E01511,2,13,3,1,0,0,1
T-019432,E01511,2,10,3,1,1,1,0
T-009434,E01511,1,12,3,1,1,1,1
T-009435,E01511,1,13,3,1,1,1,1
T-009436,E01511,1,8,3,1,1,0,1
T-009437,E01511,1,3,3,1,1,0,NA
T-009438,E01511,2,5,3,1,NA,1,1
T-009439,E01511,2,18,3,1,1,1,1
T-009440,E01511,2,8,3,1,1,1,1
T-609441,E01511,2,0,3,1,1,1,1
T-009442,E01512,1,7,3,0,1,0,0
T-009443,E01512,2,11,3,1,NA,0,0
T-009444,E01512,1,0,3,1,1,1,1
T-009445,E01512,1,7,3,1,0,0,1
T-009446,E01513,2,9,3,1,1,1,1
T-009447,E01513,2,11,3,0,1,NA,1
T3009448,E01513,2,10,3,1,1,1,1
T-009449,E01513,2,8,3,NA,1,1,0
T-009450,E01513,1,12,3,1,1,1,0
T-009451,E01513,1,22,3,1,1,1,1
T-099452,E01513,2,5,3,0,1,1,1
T-009453,E01514,1,0,3,1,1,1,1
T-009454,E01514,2,7,3,1,1,1,1
T-009455,E01514,2,0,3,1,1,1,0
T-009457,E01514,2,0,3,0,0,1,1
T-009458,E01514,2,14,3,1,1,1,1
T-009459,E01515,2,10,3,1,1,1,1
T-009460,E01515,2,29,3,1,1,0,1
T-009461,E01515,2,11,3,0,1,1,0
T-009463,E01516,2,0,3,1,1,1,1
T-009464,E01516,1,9,3,1,1,1,1
T-009465,E01516,2,8,3,1,0,0,1
T-009466,E01516,2,16,3,1,1,1,1
T-005467,E01516,2,16,3,0,1,1,1
T-009468,E01516,2,8,3,0,0,0,0
T-009470,E01516,1,7,3,1,0,1,1
T-009471,E01516,2,3,3,1,0,1,0
T-009472,E01516,1,3,3,1,1,1,1
T-009413,E01516,2,16,3,1,1,1,1
T-009474,E01516,1,16,3,1,1,1,1
T-009475,E01517,1,11,3,1,1,1,1
T-009476,E01517,2,4,3,NA,1,1,1
T-009479,E01517,2,11,3,1,NA,1,1
7-009480,E01517,2,4,3,1,1,1,1
T-009481,E01518,2,9,3,NA,1,1,1
T-009482,E01518,2,16,3,1,1,1,1
T-009483,E01518,2,17,3,1,1,1,1
T-009485,E01518,2,18,3,1,1,1,1
T-709486,E01518,2,11,3,1,0,1,1
T-009487,E01518,1,9,3,1,1,1,1
T-009489,E01518,2,14,3,1,1,1,NA
T-009491,E01519,1,21,3,1,0,1,0
T-009492,E01519,2,6,3,1,1,1,0
T-009494,E01520,2,10,3,1,1,1,1
T-009496,E01520,2,16,3,1,1,1,1
T-009497,E01521,2,12,3,1,1,1,1
T-009498,E01521,2,6,3,0,0,1,0
T-009499,E01521,1,0,3,1,NA,1,1
T-009509,E01522,1,17,3,1,1,1,1
T-009501,E01522,2,5,3,1,1,1,1
T-009502,E01522,1,0,3,0,1,1,1
T-009503,E01522,1,0,3,1,0,0,0
T-009504,E01522,1,18,3,0,1,1,1
T-009506,E01522,1,13,3,1,1,1,0
T-009507,E01522,1,14,3,1,1,1,1
T-009508,E01522,1,11,3,1,1,1,1
0-009509,E01522,1,11,3,1,1,1,NA
T-009510,E01522,1,12,3,1,1,1,1
T-009511,E01523,1,0,3,1,1,1,1
T-009512,E01523,2,12,3,1,1,NA,1
T-009513,E01523,1,16,3,1,1,0,1
T-009514,E01524,1,14,3,1,1,1,1
T-009515,E01524,2,12,3,0,1,1,0
T-009516,E01524,1,16,3,1,0,1,1
T-009517,E01525,1,11,3,1,0,0,1
T-009518,E01525,2,6,3,1,1,1,0
T-009519,E01525,2,3,3,0,1,0,1
T-009520,E01525,1,7,3,1,1,1,0
T-009521,E01525,1,11,3,1,0,1,1
T-009522,E01525,2,9,3,1,1,1,1
T-009523,E01525,2,4,3,1,1,1,1
T-009525,E01526,2,10,3,1,1,1,1
T-009526,E01526,2,9,3,1,NA,0,1
T-009527,E01526,2,5,3,1,1,1,1
T-009528,E01527,1,10,3,1,1,1,1
T-009529,E01527,2,6,3,0,1,1,1
T-009530,E01527,2,4,3,1,1,1,1
T-009531,E01527,1,4,3,1,NA,1,1
T9009532,E01527,2,5,3,1,1,1,1
T-009533,E01528,1,15,3,1,1,1,1
T-009535,E01528,2,5,3,1,0,1,1
T-009536,E01528,1,15,3,1,1,1,1
T-009737,E01528,1,10,3,1,1,1,1
T-009538,E01529,1,18,3,1,1,0,1
T-009539,E01529,1,0,3,1,1,1,1
T-009540,E01529,2,15,3,1,1,1,1
T-009541,E01529,1,7,3,1,1,1,1
T-009542,E01529,2,14,3,1,1,1,1
T-009543,E01529,2,11,3,1,1,1,1
T-009544,E01529,1,12,3,1,1,1,1
T-009545,E01529,2,6,3,1,1,1,1
T-009546,E01529,2,6,3,1,1,1,1
T-009548,E01529,1,2,3,1,1,1,1
T-009549,E01529,2,12,3,1,0,1,1
T-009550,E01530,2,18,3,1,1,1,1
T-009551,E01530,1,6,3,1,1,1,1
T-009552,E01530,1,7,3,1,1,1,1
T-009555,E01530,1,11,3,1,0,1,1
T-009556,E01530,1,14,3,1,1,1,1
T-009558,E01531,2,8,3,1,1,1,1
T-009559,E01531,1,0,3,1,1,1,1
T-009560,E01531,2,0,3,1,1,1,0
T-009561,E01532,1,10,3,1,1,1,1
T-009562,E01532,1,0,3,1,1,1,1
T-009563,E01532,2,14,3,1,1,1,1
T-009564,E01532,1,8,3,1,NA,1,1
T-007565,E01532,2,11,3,1,NA,1,1
T-009566,E01532,2,17,3,NA,1,1,1
T-009567,E01532,1,19,3,1,1,1,1
T-009568,E01533,2,0,3,1,1,1,1
T-009569,E01533,2,5,3,1,1,1,1
T-009570,E01533,1,10,3,1,1,0,1
T-009571,E01533,2,7,3,1,1,0,1
T-009572,E01533,2,8,3,1,1,1,1
T-009573,E01533,2,14,3,1,1,0,0
T-009575,E01534,2,12,3,1,1,1,1
T-009576,E01534,2,0,3,1,1,NA,1
T-009577,E01534,2,10,3,1,1,1,1
T3009578,E01534,2,20,3,1,1,1,NA
T-009579,E01534,1,5,3,1,1,1,0
T-009580,E01534,2,5,3,1,1,1,1
T-009581,E01534,1,14,3,1,0,0,0
T-009582,E01535,1,0,3,0,1,NA,NA
T-009583,E01535,1,3,3,1,0,0,NA
T-009584,E01535,1,10,3,1,0,1,1
T-009585,E01535,2,6,3,1,1,1,1
T-009587,E01535,2,10,3,1,1,0,1
T-009588,E01536,2,7,3,1,1,1,1
T-009589,E01536,2,5,3,1,1,NA,1
T-009590,E01536,2,7,3,0,1,1,1
T-009591,E01536,2,8,3,1,1,0,1
T-009592,E01537,1,14,3,1,1,0,1
T-009594,E01538,2,14,3,1,0,1,1
T-009595,E01538,2,3,3,1,1,1,NA
T-009596,E01538,1,4,3,0,1,1,1
T-009597,E01538,2,0,3,1,1,1,1
T-009598,E01538,1,11,3,1,1,1,1
T-009599,E01538,2,19,3,1,1,1,1
T-009602,E01538,2,20,3,1,1,1,1
T-009603,E01538,2,15,3,1,1,NA,1
T-009604,E01539,2,3,3,1,1,1,0
T-009605,E01539,1,21,3,1,1,1,1
T-009606,E01539,1,14,3,0,1,1,1
T-009607,E01539,2,7,3,1,0,0,1
T-009608,E01539,2,9,3,1,0,1,0
T-009609,E01539,1,13,3,1,1,1,1
T-009610,E01539,2,14,3,1,1,1,1
T-009611,E01539,1,21,3,1,1,1,1
T-009612,E01539,2,18,3,1,1,1,1
T-009613,E01539,1,11,3,1,1,1,1
T-009614,E01539,2,12,3,1,1,1,1
T-009616,E01539,2,12,3,1,1,1,1
T-009616,E01539,1,4,3,1,1,1,1
T-009620,E01539,2,8,3,1,1,1,1
T-009622,E01539,2,7,3,1,1,1,1
T-009623,E01539,2,9,3,1,1,1,1
T-709624,E01539,1,18,3,1,NA,1,1
T-009625,E01539,2,1,3,1,1,1,1
T-009626,E01539,1,0,3,1,1,1,1
T-009627,E01539,2,6,3,1,1,1,1
T-009629,E01540,2,6,3,1,1,1,1
T-009630,E01540,2,6,3,1,1,1,1
T-009631,E01540,2,0,3,1,1,0,0
T-009632,E01541,1,6,3,0,1,1,1
T-009633,E01541,2,9,3,1,1,1,1
T-009634,E01541,2,12,3,1,0,1,1
T-009635,E01541,1,14,3,1,NA,1,1
T-009636,E01542,1,17,3,1,1,1,1
T-009637,E01542,2,24,3,1,1,1,1
T-009638,E01542,2,15,3,1,1,1,1
T-009639,E01542,2,2,3,1,1,1,1
T-009640,E01542,1,4,3,0,0,0,1
T-009642,E01543,1,8,3,1,1,NA,1
T-009643,E01543,2,13,3,1,1,1,1
T-009644,E01543,2,6,3,1,1,1,1
T-009645,E01543,1,9,3,1,1,1,1
T-009646,E01543,2,17,3,1,1,1,1
T-009647,E01544,2,17,3,1,1,0,0
T-009648,E01544,2,19,3,0,1,0,1
T-009649,E01544,2,0,3,NA,1,0,1
T-009650,E01544,2,0,3,1,1,1,1
T-009651,E01544,1,10,3,1,1,1,1
T-009652,E01545,2,11,3,0,1,0,NA
T-009653,E01545,1,1,3,1,0,1,1
T-009654,E01545,2,0,3,1,1,1,1
T-009655,E01545,2,10,3,1,1,1,1
T-009656,E01545,1,5,3,1,1,1,1
T-009658,E01546,2,0,3,1,1,1,1
T-009659,E01546,2,5,3,1,1,1,1
T-009660,E01546,2,8,3,1,1,1,0
T-009661,E01546,1,7,3,1,1,1,1
T-009662,E01546,1,14,3,1,1,1,1
T-009663,E01547,2,0,3,1,1,0,0
T-009664,E01547,1,9,3,1,1,NA,1
T-009665,E01548,2,19,3,1,1,1,1
T5009666,E01548,2,0,3,1,1,1,1
T-009667,E01548,1,11,3,NA,NA,1,1
T-009668,E01548,1,5,3,1,1,1,1
T-009669,E01548,2,0,3,0,0,0,1
T-009670,E01548,2,10,3,0,1,1,1
T-009672,E01548,2,21,3,1,1,1,1
T-009673,E01548,2,4,3,1,1,1,1
T-009674,E01548,1,13,3,1,0,1,1
T-009675,E01548,1,9,3,1,1,0,1
T-009676,E01548,1,4,3,1,1,1,1
T-009677,E01548,2,14,3,1,1,1,1
T-009678,E01549,2,15,3,0,1,1,1
T-009679,E01549,2,21,3,1,1,1,1
T-009680,E01549,1,6,3,1,1,1,1
T-009682,E01549,1,20,3,1,NA,1,1
T-109683,E01549,2,10,3,0,1,1,1
T-009684,E01549,2,21,3,1,1,1,1
T-009685,E01550,2,8,3,1,1,1,1
T-009686,E01550,1,6,3,1,1,1,1
T-009687,E01550,1,1,3,1,1,1,1
T-009688,E01550,2,19,3,1,1,1,NA
T-009689,E01550,1,4,3,1,1,1,1
T-009690,E01551,2,15,3,1,1,1,1
T-009691,E01551,1,23,3,1,1,1,1
3-009692,E01551,1,7,3,1,1,1,1
T-009694,E01551,2,8,3,1,1,1,0
T-009697,E01551,2,1,3,1,1,1,1
T-009698,E01551,2,10,3,1,1,1,1
T-009699,E01552,1,14,3,0,1,1,NA
T-009700,E01552,2,0,3,1,1,1,0
T-009701,E01552,2,2,3,1,1,0,1
T-009702,E01553,1,0,3,0,1,0,1
T-009703,E01553,2,0,3,0,1,0,1
T-009706,E01553,1,10,3,1,1,1,NA
T-009708,E01553,2,1,3,1,1,1,1
T-009709,E01553,2,0,3,1,1,1,1
T-009712,E01554,2,5,3,1,1,1,1
T-009713,E01554,2,8,3,1,1,1,1
7-009714,E01554,2,21,3,1,1,1,1
T-009715,E01555,2,14,3,1,1,1,1
T-009717,E01555,1,0,3,1,1,1,1
T-009718,E01556,2,8,3,1,1,1,0
T-009719,E01556,1,7,3,1,0,1,1
T-009020,E01556,1,10,3,1,1,1,1
T-009721,E01556,2,19,3,1,1,NA,NA
T-009722,E01556,2,7,3,1,1,1,1
T-009723,E01556,2,15,3,1,1,1,1
T-009724,E01556,2,16,3,1,1,1,1
T-009725,E01557,2,3,3,1,1,1,1
T-009726,E01557,2,4,3,0,1,1,1
T-009727,E01557,2,14,3,1,0,1,0
T-009128,E01557,2,14,3,1,1,1,1
T-009729,E01557,2,8,3,1,1,1,1
T-009730,E01558,1,6,3,1,0,0,1
T-009731,E01558,1,23,3,1,1,1,1
T-009732,E01558,2,13,3,1,1,1,0
T-009733,E01558,2,8,3,1,1,1,1
T-009734,E01558,2,3,3,1,1,1,1
T-009835,E01559,1,21,3,1,1,1,1
T-009736,E01559,2,10,3,1,1,1,0
T-009737,E01559,2,11,3,1,1,1,0
T-009738,E01559,2,14,3,1,1,1,1
T-009739,E01560,1,7,3,0,1,1,1
T-009740,E01560,2,15,3,1,1,0,1
T-009741,E01560,2,0,3,1,1,0,0
T-009743,E01560,2,22,3,0,1,1,1
T-009746,E01561,2,1,3,0,0,1,1
T-009747,E01561,2,21,3,1,1,1,1
T-009748,E01561,2,18,3,1,0,1,1
T-009749,E01561,2,15,3,1,1,1,1
T-009750,E01561,1,10,3,1,1,0,1
T-009751,E01561,2,2,3,1,1,1,1
T-009752,E01561,1,12,3,1,0,1,1
T-009783,E01562,2,12,3,1,1,1,1
T-009754,E01562,1,7,3,1,0,1,1
T-009755,E01562,2,12,3,NA,1,1,1
T-009757,E01563,1,2,3,0,0,1,1
T-009758,E01563,2,7,3,0,1,0,1
T-009759,E01563,1,7,3,0,0,0,1
T-009660,E01563,2,12,3,1,0,1,1
T-009761,E01563,2,3,3,0,1,0,1
T-009762,E01563,2,3,3,0,1,0,1
T-009763,E01564,1,17,3,1,1,1,1
T-009765,E01564,2,12,3,1,0,0,1
T-009966,E01564,1,6,3,1,1,1,1
T-009767,E01564,1,23,3,1,1,0,0
T-009768,E01564,1,1,3,1,1,1,1
T-009769,E01565,1,21,3,1,1,0,1
T-009770,E01565,2,19,3,1,1,1,0
T-009771,E01565,1,7,3,1,1,NA,1
T-009772,E01565,2,2,3,1,1,1,1
T-009773,E01565,1,0,3,1,1,1,1
T-009774,E01565,1,0,3,1,1,1,0
T-009775,E01565,1,11,3,1,1,1,1
T-009776,E01565,1,1,3,1,1,1,1
T-009777,E01565,2,2,3,1,1,1,1
T-009778,E01565,2,12,3,1,1,1,0
T-009779,E01565,2,11,3,1,NA,1,1
T-009780,E01565,2,8,3,1,1,1,1
T-009781,E01566,2,0,3,1,1,1,NA
T1009782,E01566,1,21,3,0,1,1,1
T-009783,E01566,2,17,3,1,1,1,1
T-009784,E01566,2,4,3,1,1,0,0
T-009785,E01566,2,8,3,1,1,1,1
T-009786,E01566,1,8,3,1,1,1,0
T-009787,E01566,2,5,3,1,1,1,1
T-209788,E01566,2,8,3,0,0,0,0
T-009789,E01566,2,0,3,1,1,1,0
T-000790,E01566,1,4,3,0,1,0,1
T-009791,E01567,2,16,3,1,1,1,1
T-009792,E01567,2,12,3,1,1,1,1
T-009793,E01567,1,1,3,1,1,1,1
T-009794,E01567,2,0,3,1,1,1,1
T-009795,E01567,2,5,3,1,1,1,1
T-009797,E01567,1,7,3,1,1,0,1
T-009798,E01567,1,21,3,1,1,1,1
T-009799,E01567,1,11,3,1,1,1,1
T-009800,E01568,2,19,3,1,0,1,1
T-009809,E01568,2,10,3,1,NA,1,1
T-009802,E01568,1,9,3,1,1,0,1
T-009203,E01568,2,7,3,1,1,0,0
T-009804,E01568,1,12,3,1,1,1,1
T-009805,E01568,1,6,3,1,1,1,1
T-009806,E01568,1,12,3,1,1,1,1
T-009807,E01568,2,9,3,1,1,NA,1
T-009808,E01568,1,6,3,1,1,0,0
T-009809,E01568,2,22,3,1,1,1,1
T-009810,E01568,1,20,3,1,1,1,1
T-009811,E01568,1,0,3,1,1,1,1
T-009812,E01568,2,0,3,1,0,1,1
T-009814,E01568,2,3,3,1,1,1,1
T-009817,E01569,2,1,3,1,1,1,0
T-009818,E01570,1,8,3,NA,1,1,1
T-009819,E01570,1,13,3,1,1,1,1
T-009820,E01570,2,11,3,1,1,0,1
T-009821,E01570,2,9,3,1,1,1,0
T-009822,E01570,1,3,3,1,1,1,1
T-009823,E01570,2,3,3,1,1,1,1
T-009824,E01570,1,2,3,0,1,0,1
T-009825,E01570,1,20,3,1,1,NA,1
T-009826,E01570,2,10,3,NA,1,1,1
T-009827,E01571,2,0,3,0,0,1,0
T-009828,E01571,1,0,3,1,1,1,1
T-009829,E01571,2,5,3,1,0,1,0
T-009830,E01572,1,22,3,1,1,1,1
T-009831,E01572,2,1,3,1,0,0,1
T-109832,E01572,2,9,3,0,1,1,0
T-009833,E01572,1,3,3,0,1,1,1
T-009834,E01572,2,0,3,1,1,0,1
T-009835,E01572,1,1,3,0,1,1,0
T-009816,E01572,1,23,3,1,1,1,1
T-009837,E01573,2,7,3,1,0,1,0
T-009839,E01574,2,1,3,0,1,1,1
T-009840,E01574,2,12,3,0,NA,0,1
T-009843,E01576,2,0,3,0,1,1,1
T-009845,E01577,2,2,3,1,1,NA,0
T-009846,E01577,2,18,3,1,1,1,1
T-099847,E01577,2,9,3,1,1,1,1
T-009848,E01577,2,11,3,1,0,1,1
T-009849,E01577,2,17,3,1,NA,1,1
T-009850,E01578,1,16,3,0,1,0,1
T-009851,E01578,2,10,3,0,0,NA,1
T-009852,E01578,2,10,3,1,1,0,1
T-009854,E01579,2,4,3,1,NA,1,0
T-009855,E01579,2,19,3,1,1,1,1
T-809857,E01580,2,4,3,1,1,1,1
T-009858,E01580,1,8,3,1,1,1,1
T-009859,E01580,1,18,3,1,1,1,1
T-009860,E01580,1,6,3,1,1,1,1
T-009861,E01580,1,8,3,1,1,1,1
T-009862,E01580,1,12,3,0,1,1,1
T-009863,E01580,2,11,3,1,1,1,0
T-009864,E01580,2,13,3,1,1,1,1
T-009866,E01580,2,5,3,1,1,1,1
T-009867,E01580,2,10,3,1,1,1,1
T-009868,E01580,2,9,3,0,1,1,1
T-009870,E01581,2,6,3,0,0,1,1
T-009872,E01581,1,1,3,0,1,1,1
T-009873,E01581,1,0,3,1,1,1,1
T-009874,E01581,1,5,3,0,1,1,1
T-009875,E01581,1,3,3,0,0,0,1
T-009877,E01582,2,21,3,1,0,1,1
T-009878,E01582,1,6,3,1,1,1,1
T-009879,E01582,2,11,3,1,NA,0,1
T-009880,E01582,2,18,3,1,1,1,1
T-009881,E01582,1,11,3,1,1,NA,1
T-009882,E01582,1,17,3,1,1,1,0
T-009883,E01582,2,16,3,1,1,1,1
T-009884,E01582,2,1,3,1,1,1,1
T-009885,E01582,2,22,3,1,1,1,1
T-009886,E01582,1,0,3,1,NA,1,1
T-009887,E01582,2,4,3,0,1,1,0
T-009888,E01582,2,11,3,1,1,1,1
T-009889,E01582,1,13,3,1,1,1,1
T-309890,E01582,2,0,3,1,1,1,1
T-009891,E01582,1,1,3,1,1,NA,1
T-009892,E01582,2,12,3,1,1,1,1
T-009893,E01582,1,16,3,0,0,1,0
T-009894,E01582,2,16,3,0,1,0,1
T-009895,E01582,2,9,3,1,1,1,1
T-009896,E01582,1,30,3,1,1,1,1
T-009899,E01583,2,10,3,0,1,1,0
T-009900,E01583,2,5,3,1,1,1,NA
T-009901,E01583,2,1,3,1,1,1,0
T-009902,E01583,1,10,3,1,1,0,NA
T-009903,E01583,2,2,3,1,1,0,0
T-009904,E01584,1,8,3,0,1,1,1
T-009906,E01584,1,0,3,1,1,1,1
T-009907,E01584,2,14,3,1,1,1,1
T-009908,E01585,1,12,3,1,1,NA,1
T-009909,E01585,2,0,3,0,1,1,0
T-009910,E01585,1,3,3,1,1,0,NA
T-009912,E01586,2,7,3,0,1,1,0
T-009913,E01586,1,0,3,1,1,1,0
T-009914,E01586,1,12,3,NA,1,1,1
T-009916,E01587,1,6,3,1,0,1,1
T-009917,E01587,2,16,3,1,0,1,1
T-009919,E01587,1,4,3,0,1,0,0
T-099920,E01587,1,0,3,1,1,1,0
T-009921,E01587,1,10,3,0,0,0,0
T-009922,E01587,2,11,3,1,0,1,1
T-009953,E01587,1,4,3,0,1,1,1
T-009924,E01588,2,18,3,1,1,0,0
T-009926,E01588,1,16,3,0,0,0,1
T-009927,E01589,1,4,3,1,1,1,1
T-009928,E01589,2,4,3,1,1,1,1
T-000929,E01589,2,11,3,1,1,1,1
T-009930,E01589,1,1,3,1,0,1,1
T-009931,E01589,1,13,3,1,1,1,1
T-009932,E01589,2,3,3,1,1,1,1
T-009933,E01589,1,7,3,1,1,1,NA
T-009937,E01589,2,0,3,1,1,1,0
T-009938,E01589,2,4,3,1,1,1,1
T-009939,E01589,2,11,3,1,1,1,1
T-009941,E01590,2,21,3,1,1,1,1
T-009942,E01590,2,1,3,1,1,1,1
T-009944,E01591,2,0,3,1,1,1,1
T-009945,E01591,1,14,3,1,1,1,1
T-009546,E01591,2,8,3,1,1,1,1
T-009947,E01591,1,0,3,1,1,1,0
T-009948,E01591,2,24,3,1,1,1,1
T-009949,E01591,1,14,3,0,1,1,1
T-009950,E01591,1,14,3,1,1,1,1
T-009991,E01591,2,4,3,1,1,1,NA
T-009952,E01591,2,7,3,1,0,1,1
T-009953,E01591,1,5,3,1,1,1,1
T-009954,E01591,1,3,3,1,1,1,1
T-009955,E01591,1,0,3,0,1,1,1
T-009956,E01591,2,14,3,1,1,1,1
T-009957,E01592,2,5,3,1,0,0,1
T-009958,E01592,1,18,3,1,1,1,1
T-009959,E01592,2,24,3,1,1,1,1
T-009960,E01593,2,11,3,0,1,1,1
T-009961,E01593,2,8,3,0,1,0,0
T-009962,E01593,2,19,3,1,1,1,1
T-009963,E01593,1,0,3,1,1,1,1
T-009964,E01593,1,2,3,1,0,0,1
T-009965,E01593,2,7,3,1,1,0,0
T-009968,E01595,1,2,3,1,1,0,1
T-009969,E01595,2,6,3,0,0,0,1
T-009970,E01596,1,10,3,1,1,1,1
T-009971,E01596,1,13,3,0,1,1,0
T-009972,E01596,1,10,3,1,1,1,1
T-009974,E01596,1,12,3,0,1,1,1
T0009976,E01596,2,14,3,1,1,0,1
T-009977,E01596,2,0,3,1,1,1,1
T-009978,E01596,2,8,3,0,1,1,1
T-009979,E01596,2,21,3,1,0,1,1
T-009980,E01596,2,6,3,1,1,1,1
T-009981,E01597,2,4,3,1,NA,1,1
T-009982,E01597,2,12,3,1,1,1,1
T-001983,E01597,1,2,3,1,1,1,0
T-009984,E01597,2,0,3,1,1,1,0
T-009987,E01598,2,11,3,0,1,1,1
T-009988,E01598,1,13,3,1,1,1,1
T-009989,E01598,1,9,3,1,1,1,1
T-009990,E01598,1,9,3,1,1,1,1
T-009991,E01598,1,18,3,1,0,1,0
7-009992,E01598,1,4,3,1,1,1,1
T-009993,E01598,2,7,3,1,1,1,1
T-009994,E01598,1,20,3,1,1,1,1
T-009995,E01598,2,17,3,1,1,1,1
T-009996,E01599,1,11,3,1,1,1,1
T-509997,E01599,2,0,3,1,1,1,NA
T-009998,E01599,1,16,3,1,1,1,1
T-009999,E01599,2,10,3,0,1,1,0
T-010000,E01599,2,8,3,1,1,1,1
T-010001,E01599,2,4,3,1,1,1,1
T-010002,E01599,2,1,3,1,1,0,1
T-010003,E01599,1,11,3,1,1,1,1
T-010004,E01599,2,15,3,1,1,1,1
T-010005,E01599,1,10,3,1,1,1,0
T-010096,E01600,1,10,3,1,1,1,1
T-010007,E01600,1,11,3,1,1,1,1
T-010008,E01600,2,10,3,1,1,1,1
T-010009,E01600,2,12,3,1,1,1,1
T-010010,E01600,1,12,3,1,1,1,0
T-010011,E01600,2,27,3,1,1,1,1
T-010012,E01600,2,3,3,1,1,1,1
T-010014,E01600,2,6,3,1,1,1,1
T-010015,E01600,1,8,3,1,1,1,1
T-010016,E01601,1,13,3,1,1,1,1
T-010017,E01601,2,16,3,1,1,0,NA
T-010018,E01601,2,0,3,1,1,1,1
T-010019,E01601,2,16,3,1,1,1,1
T-010020,E01602,1,6,3,1,1,1,1
T-010023,E01603,2,5,3,0,1,0,1
T-010025,E01603,1,23,3,0,0,0,0
T-019026,E01603,2,24,3,1,1,1,1
T-010027,E01603,2,3,3,1,1,1,1
T-010029,E01603,2,3,3,0,0,1,1
T-410031,E01603,1,15,3,0,1,1,1
T-010032,E01604,2,6,3,1,1,1,1
0-010033,E01604,2,3,3,1,1,1,1
T-010032,E01604,2,14,3,1,NA,1,1
T-010036,E01604,2,8,3,1,1,1,1
T-010038,E01605,2,8,3,1,0,1,1
T-010039,E01605,2,0,3,0,NA,1,0
T-010040,E01605,2,0,3,1,1,0,1
T-010041,E01606,1,4,3,1,1,1,1
T-010042,E01606,2,10,3,1,1,0,1
T-010043,E01606,2,5,3,0,1,1,1
T-010044,E01606,1,14,3,1,1,1,1
T-010045,E01606,1,5,3,1,1,1,1
T-010046,E01606,2,8,3,1,1,1,1
T-010047,E01606,1,9,3,1,1,1,1
T-000048,E01606,2,2,3,0,1,1,1
T-010049,E01606,1,15,3,1,1,1,0
T-010050,E01606,1,5,3,1,1,0,1
T-010051,E01607,2,4,3,1,1,0,1
T-010052,E01607,2,7,3,1,1,1,1
T-010055,E01608,2,22,3,1,1,1,1
T-010057,E01608,2,9,3,0,1,1,1
T-010058,E01609,2,3,3,1,1,1,0
T-010059,E01609,2,9,3,1,1,1,1
T-010060,E01609,1,9,3,1,1,1,1
T-510061,E01609,1,5,3,1,NA,1,1
T-010082,E01610,2,7,3,1,1,1,1
T-010063,E01610,2,4,3,1,1,1,1
T-010064,E01610,2,12,3,1,0,0,1
T-010065,E01610,2,4,3,1,1,1,1
T-010066,E01610,1,9,3,1,0,1,1
T-010067,E01611,1,9,3,1,0,1,0
6-010068,E01611,2,4,3,NA,1,1,1
T-010069,E01611,1,0,3,0,1,0,1
T-010070,E01611,2,19,3,1,1,1,1
T-010071,E01611,2,12,3,NA,1,1,1
T-010072,E01611,1,14,3,1,1,1,1
T-010073,E01611,2,10,3,0,1,1,1
T-010075,E01612,2,7,3,1,1,1,1
T-010076,E01612,1,11,3,NA,1,1,1
T-010077,E01612,1,11,3,1,1,1,1
T-010078,E01612,2,0,3,NA,0,1,1
T-010079,E01612,1,17,3,1,1,1,1
T-019080,E01612,2,5,3,0,NA,1,1
T-810081,E01612,1,8,3,1,1,1,0
T-010082,E01612,2,6,3,1,1,1,1
T-010085,E01612,1,9,3,1,1,1,1
T-010086,E01612,2,13,3,1,1,1,1
T-010087,E01612,2,10,3,1,1,1,1
T-010088,E01612,2,18,3,1,1,0,1
T-010089,E01613,1,0,3,1,1,1,1
T-010090,E01613,2,14,3,1,1,1,1
T-010091,E01613,2,8,3,0,1,1,0
T-010092,E01613,2,9,3,1,1,1,1
T-010093,E01613,1,0,3,0,1,1,0
T-010094,E01614,2,11,3,1,1,1,0
T-010095,E01614,2,2,3,1,1,1,0
T-010098,E01615,1,4,3,0,0,1,1
T-018099,E01615,2,4,3,1,0,1,1
T-010100,E01615,2,0,3,1,1,0,0
T-010102,E01615,1,11,3,1,1,1,1
T-010103,E01615,2,0,3,1,1,1,1
T-010104,E01615,2,5,3,0,1,1,1
T-010105,E01616,2,20,3,NA,1,NA,1
T-010106,E01616,1,0,3,0,0,0,0
T-010107,E01616,2,7,3,0,1,0,1
T-710109,E01616,2,9,3,1,1,0,1
T-010110,E01617,2,11,3,0,1,0,1
T-010111,E01617,2,0,3,1,0,0,1
T-010113,E01617,2,4,3,0,0,0,0
T-010114,E01617,1,5,3,1,1,1,1
T-010115,E01617,1,2,3,0,1,NA,0
T-010116,E01617,1,17,3,0,1,1,1
T-010117,E01617,2,2,3,1,1,1,1
T-010118,E01617,2,0,3,1,1,1,1
T-010122,E01619,2,5,3,1,1,0,1
T-010173,E01619,2,22,3,1,1,1,1
T-010124,E01619,2,4,3,1,1,1,1
T-010125,E01619,1,4,3,0,1,0,1
T-010126,E01619,1,15,3,NA,1,1,1
T-010128,E01620,2,2,3,1,0,1,0
T-010129,E01620,1,0,3,0,1,1,0
T-010130,E01620,1,4,3,0,1,1,1
T-010131,E01620,2,11,3,1,1,1,0
T-010132,E01620,2,11,3,0,0,0,NA
T-010134,E01621,2,7,3,1,0,1,1
T-010135,E01621,1,9,3,1,1,1,1
T-010136,E01622,2,0,3,0,0,NA,1
T-010137,E01622,1,18,3,1,0,0,1
T-010138,E01622,1,0,3,1,1,0,1
T-110139,E01623,1,6,3,0,0,1,1
T-010140,E01623,2,10,3,1,1,1,0
T-010141,E01623,2,5,3,1,1,1,1
T-010142,E01623,2,9,3,1,1,1,NA
T-010143,E01623,2,19,3,1,0,1,0
T-010144,E01623,1,12,3,1,1,1,1
T-010145,E01623,1,13,3,NA,1,0,1
T-010146,E01623,2,18,3,1,1,1,1
T-010147,E01623,2,7,3,1,1,1,1
T-010149,E01624,2,13,3,1,1,1,1
T-010150,E01624,2,12,3,1,1,1,1
T-010151,E01624,2,0,3,1,1,1,1
T-010152,E01624,1,13,3,1,1,1,1
T-010153,E01625,2,7,3,1,1,1,1
T-010154,E01625,2,1,3,0,1,1,1
T-010155,E01625,1,2,3,1,1,1,1
T-010156,E01625,2,14,3,1,1,1,1
T-010157,E01625,2,5,3,1,1,1,1
T-010158,E01625,1,11,3,0,1,1,1
T-010159,E01625,1,12,3,1,NA,0,1
T-010160,E01625,2,1,3,0,1,1,1
T-010162,E01625,1,0,3,0,1,1,1
T-010163,E01625,2,16,3,1,1,0,NA
T-010964,E01626,2,15,3,1,1,1,1
T-010165,E01626,2,7,3,1,1,1,1
T-010166,E01626,1,0,3,1,1,1,1
T-010167,E01626,2,0,3,0,1,1,1
T-010168,E01627,2,10,3,1,1,0,1
T-010170,E01627,1,0,3,1,1,1,1
T-010171,E01627,1,8,3,1,1,1,1
T-010172,E01627,1,3,3,1,0,1,1
T-010673,E01627,2,20,3,1,NA,1,1
T-010174,E01627,2,5,3,1,1,1,1
T-010175,E01627,2,12,3,1,1,1,1
T-010176,E01627,1,10,3,1,1,1,0
T-010177,E01628,2,19,3,NA,0,NA,1
T-010178,E01628,1,0,3,1,1,1,1
T-010179,E01628,1,14,3,1,1,1,1
T-010180,E01628,2,7,3,1,1,1,1
T-010181,E01628,2,4,3,1,1,1,1
T-010182,E01628,2,19,3,0,1,1,1
T-010183,E01628,2,9,3,1,1,1,1
T-010184,E01628,1,18,3,1,0,1,1
T-010185,E01629,2,12,3,1,NA,1,1
T-010186,E01629,2,8,3,1,0,1,1
T-010187,E01629,2,20,3,0,1,1,1
T-010188,E01629,2,3,3,1,0,1,1
T-010189,E01630,1,0,3,0,0,NA,0
T-010190,E01630,2,19,3,1,1,1,1
T-010192,E01630,2,6,3,0,0,1,1
T-010693,E01631,1,11,3,NA,1,1,0
T-010194,E01631,1,0,3,1,1,1,1
T-010195,E01631,1,5,3,1,1,1,1
T-010198,E01632,1,8,3,1,1,1,0
T-010200,E01633,2,0,3,1,1,1,1
T-010200,E01633,2,17,3,1,1,1,1
T-010203,E01633,2,20,3,1,1,1,1
T-010206,E01634,2,15,3,1,1,1,1
T-010207,E01634,2,4,3,1,1,1,1
T-010209,E01635,2,16,3,1,1,0,1
T-010211,E01635,2,0,3,1,0,1,1
T-010217,E01635,2,2,3,1,1,1,1
T-010213,E01635,2,16,3,1,1,0,1
T-010214,E01635,2,3,3,1,0,0,1
T-010215,E01635,1,7,3,1,1,0,1
T-010216,E01635,2,5,3,1,1,1,NA
T-010217,E01635,1,15,3,1,1,1,1
T-010218,E01635,1,7,3,1,1,1,1
T-010219,E01635,2,0,3,1,1,1,0
T-010220,E01635,2,17,3,1,1,1,1
T-010222,E01636,1,18,3,1,1,1,1
T-010223,E01636,1,6,3,1,NA,1,1
T-010224,E01636,1,9,3,0,0,0,0
T-010225,E01636,2,7,3,1,1,1,1
T-010226,E01637,2,5,3,1,1,1,1
T-010227,E01637,1,7,3,1,1,1,1
T-010228,E01637,2,1,3,1,1,1,1
T-010229,E01637,2,11,3,1,1,1,1
T-010230,E01637,2,0,3,1,0,1,1
T-010231,E01637,1,6,3,1,1,1,NA
T-010232,E01637,1,2,3,1,0,1,1
T-010233,E01637,1,6,3,1,1,1,1
T-010234,E01638,1,24,3,1,0,1,1
T-010235,E01638,2,0,3,1,0,0,0
T-010236,E01638,2,15,3,1,1,1,1
T-010237,E01638,1,12,3,1,1,0,1
T-010248,E01638,2,9,3,0,1,1,1
T-010239,E01638,1,10,3,1,0,1,1
T-010240,E01638,2,7,3,1,0,0,0
T-010242,E01638,1,7,3,1,1,1,0
T-010243,E01638,1,5,3,0,0,1,1
T-010244,E01639,2,21,3,1,1,1,1
T-010245,E01639,2,8,3,0,0,1,1
T-010246,E01639,1,12,3,1,1,1,1
T-010247,E01639,2,3,3,1,0,NA,1
T-010248,E01639,2,0,3,1,1,0,1
T-010249,E01639,1,8,3,1,1,1,1
T-010250,E01639,2,2,3,1,1,1,1
T-010251,E01639,2,1,3,1,1,1,1
T-010252,E01639,1,11,3,1,1,1,NA
T-010253,E01639,2,0,3,1,1,1,1
T-010254,E01639,1,7,3,NA,1,1,1
T-010255,E01639,1,8,3,1,1,1,1
T-010257,E01640,2,20,3,1,0,1,0
T-010258,E01640,2,8,3,1,1,1,0
T-010259,E01640,1,10,3,1,1,1,1
T-010260,E01640,1,7,3,NA,1,1,0
T-010262,E01641,2,11,3,0,1,1,1
T-010263,E01641,1,4,3,1,1,1,1
T-010264,E01641,2,16,3,1,1,0,1
T-010265,E01642,1,26,3,1,1,1,1
T-010266,E01642,1,14,3,0,1,1,1
T-010267,E01642,1,2,3,1,1,1,1
T-010269,E01642,2,6,3,0,0,1,0
T-010270,E01642,1,17,3,1,1,0,1
T-010271,E01643,2,1,3,1,1,1,1
T-010272,E01643,1,2,3,1,1,1,1
T-010273,E01643,2,14,3,NA,0,1,1
T-010274,E01643,2,15,3,1,1,1,1
T-010275,E01643,1,7,3,1,1,1,1
T-010276,E01643,2,12,3,1,1,1,1
T-010277,E01644,2,14,3,1,1,1,1
T-010278,E01644,1,14,3,1,1,1,1
T-010279,E01644,2,21,3,0,1,1,1
T-010280,E01644,1,12,3,1,1,0,1
T-010281,E01644,1,9,3,NA,1,NA,1
T-010283,E01644,2,16,3,1,1,1,1
T-010285,E01644,2,6,3,NA,1,1,1
T-010286,E01644,2,5,3,1,1,1,1
T-010287,E01644,2,11,3,1,1,1,1
T-010288,E01644,1,12,3,1,1,1,1
T-010289,E01644,2,12,3,1,0,NA,1
T-010290,E01644,1,9,3,1,1,1,1
T-010291,E01645,1,0,3,0,1,0,0
T-010292,E01645,2,9,3,1,1,1,1
T-010293,E01645,1,20,3,1,1,1,1
T-010294,E01645,2,0,3,1,1,1,1
T-010295,E01646,2,2,3,1,1,1,1
T4010296,E01646,2,14,3,0,1,1,0
T-010297,E01646,1,14,3,0,1,1,0
T-010298,E01646,2,14,3,1,1,1,1
T-010299,E01646,1,4,3,1,1,1,1
T-010300,E01646,2,6,3,1,1,1,1
T-010301,E01646,1,10,3,1,1,1,0
T-010302,E01647,2,18,3,1,1,0,1
T-010303,E01647,2,0,3,1,1,1,1
T-010304,E01647,2,5,3,1,1,1,NA
T-010305,E01647,2,9,3,1,0,1,1
T-010306,E01647,2,0,3,1,1,1,1
T-010307,E01647,1,10,3,1,1,1,1
T-010408,E01647,2,10,3,0,0,1,1
T-070309,E01648,2,11,3,1,1,1,1
T-010311,E01648,2,13,3,1,1,1,1
T-010312,E01648,1,12,3,0,NA,0,1
T-010313,E01648,2,9,3,0,0,1,1
T-010314,E01648,2,10,3,1,NA,1,0
T-010316,E01649,1,11,3,1,1,0,NA
T-010317,E01649,2,2,3,1,1,1,1
T2010320,E01649,1,11,3,0,1,0,0
T-010381,E01649,2,8,3,1,1,1,1
T-010322,E01649,2,14,3,1,1,1,1
T-010323,E01649,2,20,3,1,1,1,1
T-010324,E01649,2,15,3,1,1,NA,1
T-010825,E01649,2,15,3,1,1,1,1
T-010326,E01649,2,16,3,1,1,1,1
T-010327,E01649,2,4,3,1,1,1,1
T-010329,E01650,1,20,3,1,1,1,1
T-010330,E01650,2,22,3,1,0,1,1
T-010331,E01650,2,6,3,1,0,1,1
T-010333,E01651,1,12,3,1,1,1,1
T-010334,E01651,1,6,3,1,1,1,1
T-010336,E01651,1,2,3,1,1,1,1
T-010337,E01651,2,8,3,1,1,1,0
T-010338,E01651,1,0,3,1,1,1,1
T-010339,E01651,2,5,3,1,1,1,1
T-030340,E01652,2,1,3,0,1,1,1
T-010341,E01652,2,0,3,1,1,0,1
T-010342,E01652,2,17,3,1,1,1,1
T-010343,E01652,1,9,3,1,1,1,1
T-010344,E01653,1,5,3,0,1,1,1
T-010345,E01653,1,8,3,1,1,1,1
T-010346,E01653,1,13,3,1,1,1,1
T-010347,E01653,2,14,3,1,1,1,1
T-010348,E01653,1,2,3,1,1,1,0
T-010349,E01653,2,13,3,1,1,1,1
T-010351,E01653,1,15,3,1,1,1,1
T-010352,E01654,1,24,3,0,1,1,1
T-010353,E01654,1,14,3,1,1,1,1
T-010354,E01654,2,0,3,NA,1,1,1
T-010355,E01654,2,6,3,1,1,0,1
T-070356,E01654,1,4,3,1,1,1,1
T-010358,E01654,2,13,3,1,1,1,1
T-010359,E01654,1,13,3,1,1,1,1
T-010360,E01654,1,4,3,1,1,1,1
T-010361,E01654,2,10,3,1,1,1,1
T-010362,E01655,1,5,3,1,1,1,1
T-010363,E01655,2,21,3,1,0,1,1
T-010364,E01655,2,19,3,1,1,1,NA
T-010365,E01655,1,5,3,1,0,1,1
T-010366,E01655,1,4,3,1,1,1,1
T-010367,E01655,1,0,3,1,0,1,1
5-010368,E01655,1,12,3,1,1,1,1
T-010369,E01655,1,11,3,1,1,1,NA
T-010370,E01655,1,13,3,0,1,1,1
T-010371,E01655,2,18,3,1,1,1,1
T-010372,E01655,1,11,3,1,1,1,NA
T-010373,E01656,2,0,3,0,1,1,1
T-010374,E01656,2,13,3,NA,1,1,1
T-010376,E01656,1,13,3,0,1,1,1
T-010377,E01656,2,14,3,1,1,1,0
T-010378,E01656,2,2,3,1,1,1,1
6-010379,E01656,1,0,3,1,1,1,1
T-010380,E01656,1,7,3,NA,1,1,1
T-010382,E01657,2,6,3,0,0,0,0
T-010384,E01657,1,14,3,1,1,1,1
T-010385,E01658,1,8,3,1,1,1,1
T-010386,E01658,2,1,3,1,1,NA,NA
T-010388,E01659,2,0,3,1,1,1,0
T-010390,E01659,2,18,3,1,1,1,1
T-010391,E01659,2,10,3,1,1,1,1
T-010392,E01659,2,2,3,1,1,1,1
T-010393,E01659,2,16,3,1,NA,1,1
T-010392,E01660,2,0,3,1,1,NA,1
T-010395,E01660,2,0,3,0,0,0,1
T-010396,E01661,1,8,3,1,1,1,1
T-010397,E01661,2,8,3,0,0,0,NA
T-010298,E01661,2,7,3,1,1,1,0
T-010399,E01661,1,9,3,1,0,1,0
T-010402,E01662,2,6,3,1,1,0,0
T-010403,E01662,2,8,3,1,0,1,1
T-010404,E01662,1,29,3,1,NA,0,1
T8010405,E01662,1,0,3,1,1,1,0
T-010407,E01662,2,0,3,1,1,1,NA
T-010408,E01662,2,6,3,1,1,1,1
T-010409,E01662,1,4,3,1,1,0,1
T-010410,E01662,2,6,3,0,1,1,1
T-010411,E01662,1,6,3,1,1,1,1
T-010412,E01662,2,2,3,1,1,1,NA
T-010413,E01662,2,9,3,1,1,1,1
T-010414,E01662,2,14,3,1,1,1,1
T-010415,E01662,2,21,3,1,1,1,1
T-010416,E01662,2,9,3,1,1,1,0
T-010418,E01663,2,12,3,1,1,1,1
T-010419,E01663,2,8,3,1,0,1,0
T-010420,E01664,2,7,3,1,1,1,1
T-010421,E01664,2,0,3,1,1,1,1
T-010422,E01664,2,8,3,1,1,1,1
T-010423,E01664,2,6,3,1,1,1,1
T-010425,E01664,1,19,3,1,1,1,1
T-010427,E01665,2,10,3,1,1,1,0
T-010428,E01665,2,5,3,1,1,1,1
T-010429,E01665,1,3,3,1,0,0,0
T-010431,E01665,2,0,3,1,1,1,1
T-010432,E01665,2,6,3,1,1,1,NA
T-010433,E01665,2,12,3,1,1,1,1
T-010436,E01667,2,9,3,0,1,0,1
T-010437,E01667,1,7,3,1,1,0,1
T-010438,E01667,1,8,3,0,0,1,0
T-010439,E01667,2,17,3,1,0,1,1
T-010440,E01667,2,8,3,1,1,0,1
T-010441,E01668,1,7,3,NA,1,1,1
T-110442,E01668,2,17,3,1,1,0,1
T-010443,E01668,1,11,3,1,1,1,1
T-010444,E01668,1,15,3,1,1,NA,1
T-010445,E01668,2,12,3,1,1,1,1
T-010446,E01668,2,10,3,1,1,1,1
T-010447,E01668,2,9,3,1,1,1,1
T-010448,E01669,1,16,3,1,0,1,1
T-010449,E01669,2,0,3,1,1,1,1
T-010450,E01669,1,17,3,1,1,1,1
T-010451,E01669,2,8,3,1,1,0,0
T-014454,E01670,2,20,3,1,1,1,1
T-010455,E01670,2,4,3,1,1,1,0
T-010456,E01670,1,15,3,1,1,NA,0
T-010457,E01670,2,5,3,1,1,0,1
T-010458,E01670,1,17,3,1,1,1,1
T-010459,E01670,1,0,3,1,1,1,1
T-010461,E01670,1,5,3,1,1,1,1
T-010462,E01670,2,9,3,1,1,1,1
T-010463,E01670,2,18,3,1,1,1,1
T-010475,E01671,1,5,3,1,1,1,1
T-010466,E01671,1,6,3,NA,1,1,1
T-010467,E01671,2,9,3,0,1,1,1
T-010468,E01671,1,20,3,1,1,1,1
T-010470,E01671,1,1,3,1,1,NA,1
T-010471,E01671,2,9,3,1,1,1,1
T-010472,E01671,1,3,3,1,0,0,1
T-010473,E01671,1,9,3,0,1,1,1
T-010474,E01672,1,4,3,1,1,1,1
T-010475,E01672,1,14,3,1,1,0,1
T-010476,E01672,2,14,3,1,1,1,NA
T-010477,E01672,1,0,3,1,1,1,1
T-010478,E01672,2,11,3,1,1,1,1
T-010479,E01673,2,8,3,1,1,0,NA
T-010480,E01673,2,19,3,1,1,1,1
T-010481,E01673,2,12,3,1,1,1,1
T-010481,E01673,1,6,3,0,1,0,NA
T-010483,E01673,1,7,3,1,1,1,1
T-010484,E01674,2,10,3,1,1,1,1
T-010485,E01674,2,8,3,0,NA,0,1
T-010486,E01674,2,2,3,1,1,1,1
T-010487,E01674,1,2,3,1,1,1,0
T-010488,E01674,2,0,3,1,1,1,1
T-010489,E01674,1,17,3,1,1,1,1
T-010430,E01674,1,5,3,1,1,1,1
T-010491,E01674,2,0,3,1,1,1,1
T-010492,E01674,1,16,3,1,1,1,1
T-010493,E01674,2,12,3,1,1,1,1
T-010494,E01674,2,7,3,1,0,1,1
T-010495,E01674,2,5,3,1,1,1,1
T-010496,E01674,1,9,3,1,1,1,1
T-010493,E01674,2,4,3,0,1,1,0
T-010498,E01675,1,20,3,1,1,1,1
T-010499,E01675,2,8,3,1,0,1,1
T-010501,E01675,1,8,3,NA,1,1,1
T-010502,E01675,2,17,3,1,1,1,1
T-010503,E01675,2,0,3,1,1,1,1
T-013504,E01675,2,7,3,1,1,1,1
T-010505,E01675,2,17,3,1,1,1,1
T-010506,E01675,2,10,3,1,1,1,1
T-010577,E01675,1,0,3,NA,1,1,1
T-010509,E01676,2,7,3,1,1,1,0
T-010510,E01676,1,10,3,1,1,1,1
T-010511,E01677,1,12,3,1,1,1,1
T-010518,E01677,2,2,3,1,1,1,1
T-010513,E01677,2,8,3,1,0,1,1
T-010514,E01677,2,7,3,1,1,1,1
T-010515,E01677,2,8,3,1,1,0,1
T-410516,E01678,1,12,3,1,1,1,1
T-010517,E01678,2,8,3,1,1,1,0
T-110518,E01678,1,9,3,1,1,1,1
T-010519,E01678,2,12,3,1,0,0,0
T-010520,E01678,1,0,3,1,0,NA,1
T-010521,E01678,2,9,3,0,1,1,1
0-010522,E01678,1,12,3,1,1,1,1
T-010523,E01679,1,17,3,1,1,1,1
T-010524,E01679,2,6,3,1,1,1,1
T-010525,E01680,2,2,3,1,1,1,1
T-010526,E01680,2,10,3,1,1,1,1
T-010527,E01680,2,1,3,1,1,1,1
T-010528,E01680,2,16,3,1,1,0,1
T-010529,E01680,1,2,3,0,1,0,1
T-010531,E01680,2,20,3,1,1,1,1
T-010532,E01680,1,7,3,1,1,1,1
T-010533,E01680,1,16,3,1,1,1,1
T-010534,E01681,2,3,3,1,1,0,0
T-010536,E01681,2,7,3,1,1,1,1
T-010537,E01681,2,22,3,1,0,1,1
T-010539,E01682,1,21,3,1,1,1,1
T-010540,E01682,1,8,3,1,1,1,1
T-019541,E01682,2,0,3,0,0,1,1
T-010542,E01682,2,16,3,1,1,1,1
T-010545,E01683,1,0,3,1,NA,1,1
T-010546,E01683,2,14,3,1,1,1,1
T-010547,E01683,1,5,3,1,0,1,1
T-010548,E01683,1,11,3,1,1,1,1
T-010549,E01683,2,8,3,1,1,1,0
T-010552,E01684,1,12,3,1,1,1,1
T-010554,E01684,2,4,3,1,1,1,1
T-010554,E01685,2,14,3,0,1,1,1
T-010557,E01685,2,14,3,1,1,1,1
T-010558,E01685,2,11,3,1,1,1,1
T-010559,E01685,2,10,3,0,0,1,1
T-010560,E01685,2,9,3,1,1,1,1
T-010562,E01686,2,16,3,0,0,0,1
T-010563,E01686,2,0,3,1,1,NA,NA
T-010564,E01686,1,0,3,0,0,1,1
T-010565,E01686,2,0,3,0,1,1,0
T-010566,E01686,2,0,3,0,0,0,1
T-010567,E01686,2,15,3,1,1,1,1
T-010569,E01686,2,13,3,1,1,0,0
T-010570,E01687,2,16,3,1,1,0,1
T-010571,E01687,1,7,3,1,1,1,1
T-010573,E01687,2,14,3,1,NA,1,1
T-010574,E01687,1,2,3,1,1,1,1
T-010570,E01687,2,12,3,1,1,1,1
T-010576,E01688,2,1,3,1,1,1,1
T-010577,E01688,2,17,3,1,1,1,0
T-010578,E01688,2,16,3,1,1,1,1
T-010580,E01688,2,2,3,1,1,0,0
T-010581,E01688,1,12,3,1,1,1,1
T-010582,E01688,2,14,3,1,1,1,1
T-010583,E01688,2,15,3,1,1,1,1
T-010584,E01688,2,11,3,1,1,1,1
T-010585,E01688,1,15,3,1,1,1,1
T-010586,E01688,2,18,3,1,1,1,1
T-010587,E01688,2,9,3,0,0,1,1
T-010588,E01688,1,10,3,1,1,1,0
T-010589,E01688,1,3,3,1,1,1,1
T-010590,E01688,1,3,3,1,NA,1,1
T-010591,E01688,1,3,3,1,1,1,1
T-010592,E01688,2,5,3,1,1,1,1
T-010591,E01689,1,1,3,1,1,0,1
T-010594,E01689,1,3,3,1,1,1,NA
T-010595,E01689,2,5,3,1,1,1,1
T-010596,E01689,1,0,3,1,1,1,0
T-010597,E01689,1,3,3,1,1,1,1
T-010598,E01689,1,0,3,1,1,1,1
T-010599,E01689,2,6,3,1,1,1,1
T-010601,E01689,1,9,3,1,1,1,1
T-010602,E01690,2,14,3,1,0,0,1
3-010603,E01690,1,5,3,1,1,1,1
T-010605,E01690,2,11,3,1,1,1,1
T-010606,E01690,2,0,3,1,1,1,1
T-010607,E01690,1,7,3,1,1,1,1
T-010609,E01691,2,0,3,0,1,0,1
T-010610,E01691,2,2,3,1,1,1,1
T-010611,E01691,1,15,3,1,1,1,0
T-010613,E01691,1,1,3,0,1,1,1
T-010614,E01692,2,5,3,1,0,1,0
T-010616,E01692,1,13,3,1,1,1,1
T-010617,E01692,1,5,3,1,1,1,1
T-010618,E01692,2,12,3,1,1,0,0
T1010619,E01692,1,16,3,1,1,0,0
T-010620,E01692,1,16,3,0,1,0,1
T-010622,E01693,2,10,3,1,1,1,0
T-010623,E01693,1,19,3,1,1,1,NA
T-010626,E01693,2,0,3,1,1,1,0
T-010627,E01693,2,4,3,1,1,1,0
T-010628,E01693,1,7,3,1,1,1,1
T-010630,E01693,2,9,3,1,0,1,1
T-010631,E01694,1,7,3,1,1,1,1
T-010632,E01694,2,9,3,1,0,0,1
T-010633,E01694,2,13,3,1,1,0,1
T-010635,E01694,2,4,3,1,1,1,1
T-010636,E01695,1,0,3,0,1,1,0
T-010637,E01695,1,5,3,1,1,1,1
T-010638,E01695,2,0,3,1,1,1,1
T-010639,E01695,2,9,3,0,1,0,0
T-010640,E01695,1,6,3,1,1,1,1
T-010441,E01695,1,17,3,1,1,1,1
T-010642,E01695,2,13,3,0,1,1,1
T-010643,E01695,2,1,3,1,1,1,1
T-010644,E01695,2,7,3,1,0,1,0
T-010645,E01695,1,13,3,0,0,1,1
T-010046,E01696,1,12,3,1,1,1,1
T-010648,E01696,2,19,3,1,1,0,1
T-010649,E01696,2,2,3,1,1,1,1
T-040650,E01696,1,0,3,1,1,1,0
T-010651,E01696,2,2,3,1,1,1,1
T-010952,E01696,2,9,3,1,0,1,1
T-010653,E01697,2,6,3,1,1,1,1
T-010654,E01697,2,0,3,1,1,1,1
T-010655,E01697,2,3,3,1,1,1,1
T-010616,E01697,1,0,3,1,1,NA,1
T-010657,E01697,2,24,3,1,0,1,1
T-010658,E01697,2,14,3,1,1,1,0
T-010659,E01697,1,26,3,1,1,1,1
T-010660,E01697,1,6,3,1,NA,1,1
T-010661,E01698,1,6,3,1,1,0,1
T-010662,E01698,1,13,3,1,1,1,0
T-010663,E01699,2,3,3,1,1,1,0
T-010664,E01699,1,4,3,1,1,1,1
T-010625,E01699,1,4,3,1,1,1,1
T-010666,E01699,2,5,3,1,0,1,1
T-010667,E01699,2,4,3,1,1,1,1
T-010668,E01699,1,8,3,0,0,1,1
T-010671,E01700,2,0,3,1,1,1,1
T-010672,E01700,1,4,3,1,1,1,1
T-010673,E01700,2,11,3,1,1,1,1
T-010674,E01700,2,15,3,1,0,1,1
T-010675,E01701,2,9,3,1,1,1,1
T-010676,E01701,1,2,3,1,1,1,1
T-019677,E01701,1,1,3,1,1,1,1
T-010078,E01702,2,5,3,1,1,1,1
T-010679,E01702,1,4,3,1,NA,1,1
T-010680,E01702,1,7,3,1,1,1,1
T-010681,E01702,1,8,3,1,1,1,1
T-010682,E01702,2,15,3,1,1,NA,1
T-010684,E01703,2,12,3,1,1,1,0
T-010685,E01703,2,13,3,1,1,0,1
T-010686,E01703,1,6,3,0,1,1,1
T-010677,E01703,2,0,3,1,1,1,1
T-010688,E01704,2,14,3,1,1,1,1
T-010689,E01704,2,9,3,1,1,0,1
T-010690,E01704,1,13,3,1,1,1,1
T-010691,E01704,2,0,3,1,1,1,1
T-010692,E01705,2,14,3,1,1,1,1
T-010693,E01705,1,7,3,1,1,1,NA
T-010694,E01705,2,8,3,1,1,1,1
T-010695,E01705,2,8,3,1,1,1,1
T-010696,E01706,2,13,3,1,1,1,1
T-010697,E01706,2,11,3,1,1,1,1
T-010698,E01706,2,17,3,1,0,1,1
T-010699,E01706,2,11,3,1,1,1,1
T-010700,E01707,1,5,3,NA,1,1,1
T-010701,E01707,1,8,3,1,1,1,1
T-010702,E01707,1,5,3,1,1,1,1
T-010704,E01707,2,1,3,NA,1,1,1
T-010705,E01707,1,17,3,1,1,1,0
T-010706,E01707,2,14,3,1,1,1,1
T-010707,E01707,1,14,3,1,1,1,1
T-010708,E01708,1,9,3,1,1,1,1
T-010709,E01708,2,6,3,1,1,1,1
T-010710,E01708,2,18,3,1,1,1,1
T-010711,E01709,1,8,3,1,0,0,1
1-010712,E01709,2,18,3,1,1,1,1
T-010713,E01709,2,9,3,1,1,1,1
T-010714,E01709,1,3,3,1,1,1,1
T-010715,E01710,2,17,3,1,1,1,1
T-010716,E01710,2,1,3,1,1,0,1
T-010717,E01710,1,10,3,1,1,1,1
T-010718,E01710,2,13,3,1,0,1,0
T-010719,E01711,2,11,3,0,1,NA,0
T-010720,E01711,2,10,3,0,0,1,0
T-010721,E01711,2,0,3,0,1,1,0
T-010722,E01711,2,2,3,1,1,1,0
T5010723,E01711,2,4,3,1,1,1,1
T-010724,E01711,2,15,3,1,1,1,1
T-010725,E01711,1,0,3,0,1,1,1
T-010727,E01712,2,0,3,1,1,1,1
T-010729,E01712,1,5,3,1,1,0,1
T-010731,E01712,2,0,3,1,1,1,1
T-010732,E01713,1,0,3,1,1,1,1
T-010735,E01713,1,14,3,1,1,1,1
T-010736,E01713,1,2,3,1,1,1,1
T-010737,E01713,1,6,3,1,1,1,NA
T-010738,E01713,2,10,3,1,1,1,1
T-010739,E01713,2,9,3,1,1,1,1
T-010740,E01714,2,10,3,0,1,0,1
T-810741,E01714,2,4,3,1,0,1,0
T-010742,E01714,2,21,3,1,1,0,1
T-010744,E01714,1,6,3,1,0,0,1
T-010749,E01715,1,13,3,1,1,1,1
T-010748,E01715,2,11,3,0,0,1,1
T-010750,E01715,1,11,3,1,1,1,1
T-010751,E01715,2,29,3,1,0,1,1
T-010752,E01716,2,12,3,1,1,1,1
T-010753,E01716,2,5,3,1,1,1,1
2-010754,E01716,2,16,3,1,1,1,1
T-010755,E01716,2,4,3,1,0,1,0
T-010756,E01716,2,7,3,1,1,1,1
T-010757,E01716,1,10,3,1,1,1,NA
T-010758,E01717,1,8,3,1,1,0,1
5-010759,E01717,2,0,3,1,0,1,1
T-010760,E01717,2,1,3,0,1,1,1
T-010761,E01717,2,2,3,1,1,1,1
T-050762,E01717,1,11,3,1,1,1,1
T-010764,E01717,2,6,3,1,1,1,0
T-010765,E01717,2,5,3,0,1,1,1
T-010766,E01717,1,6,3,0,1,1,1
T-010767,E01717,1,16,3,0,1,0,1
T-010768,E01718,1,11,3,1,1,0,0
T-010769,E01718,2,9,3,1,1,0,1
T-010770,E01718,1,14,3,1,1,0,1
T-010771,E01718,1,20,3,1,1,1,1
T-010773,E01718,1,18,3,1,1,0,1
T-010775,E01718,2,2,3,NA,0,0,1
T-010776,E01718,1,7,3,1,0,1,NA
T-010777,E01718,2,4,3,1,1,1,1
T-018778,E01718,2,11,3,1,1,1,0
T-010779,E01719,1,0,3,1,1,1,1
T-010781,E01719,2,0,3,1,1,1,1
T-010782,E01719,2,23,3,1,1,1,1
T-010783,E01719,1,1,3,1,NA,1,NA
T-010784,E01719,1,8,3,1,1,1,1
T-010785,E01720,1,14,3,1,0,1,1
T-010786,E01720,1,6,3,NA,1,1,1
T-010787,E01720,2,15,3,NA,1,1,1
T-010788,E01720,2,8,3,1,1,1,1
T-010789,E01720,1,7,3,1,1,1,1
T-010790,E01721,2,16,3,1,0,0,1
T-010791,E01721,2,14,3,1,1,1,1
T-010792,E01721,2,0,3,NA,1,1,1
T-010793,E01721,1,15,3,1,1,1,1
T-010794,E01722,1,15,3,1,1,1,1
T-010795,E01722,1,10,3,1,1,1,0
T-010796,E01722,2,4,3,1,1,1,1
T-010790,E01722,2,4,3,NA,1,1,1
T-010798,E01722,2,14,3,1,1,1,1
T-010199,E01722,2,7,3,0,1,1,1
T-010800,E01722,1,0,3,0,1,1,1
T-010801,E01722,1,10,3,1,1,1,1
T-010802,E01722,1,0,3,0,0,1,1
T-010803,E01722,2,18,3,1,1,1,1
T-010804,E01723,2,10,3,1,1,1,1
T-010805,E01723,1,8,3,1,1,1,1
T-010806,E01723,2,10,3,0,0,1,1
T-010807,E01723,2,0,3,0,0,0,1
T-010808,E01724,2,12,3,1,1,1,1
T-010809,E01724,2,14,3,1,1,1,1
T-010810,E01724,1,10,3,1,1,1,1
T-010811,E01724,2,1,3,0,1,1,1
T-010812,E01724,2,0,3,1,1,1,1
T-010813,E01725,2,2,3,0,1,1,1
T-010814,E01725,2,14,3,1,1,1,1
T-010815,E01725,2,18,3,1,1,1,1
T-010816,E01725,2,5,3,1,1,1,1
T-010817,E01726,1,15,3,1,1,0,1
T-010819,E01726,1,12,3,1,1,1,1
T-010820,E01726,2,18,3,1,1,1,1
T-010821,E01726,1,0,3,0,1,1,1
T-010822,E01727,2,9,3,1,0,0,1
T-010823,E01727,2,12,3,0,1,0,0
T-010824,E01727,2,0,3,0,NA,NA,1
T-010027,E01727,1,0,3,1,1,1,1
T-010828,E01727,2,22,3,1,1,1,1
T-010829,E01727,2,1,3,0,1,1,1
T-010830,E01727,2,0,3,1,0,0,0
T-010831,E01727,2,15,3,1,1,1,1
T-010832,E01727,2,9,3,1,1,1,1
T-010833,E01727,1,7,3,1,1,1,1
T-010834,E01727,2,0,3,1,0,1,1
T-010837,E01728,1,16,3,0,1,1,1
T-010838,E01728,1,18,3,1,0,1,1
T-010839,E01728,1,12,3,1,1,1,1
T-010840,E01728,2,12,3,1,0,1,0
T-010841,E01729,2,17,3,NA,1,1,1
T-010843,E01729,1,4,3,1,1,NA,1
T-010844,E01729,1,10,3,0,1,1,1
T-010845,E01729,2,3,3,1,1,0,1
T-010846,E01730,1,0,3,0,1,1,1
T-010847,E01730,1,5,3,1,1,1,1
T-010848,E01730,2,4,3,1,0,1,0
T-050849,E01730,1,0,3,0,1,1,0
T-010850,E01730,2,5,3,0,0,1,0
T-010851,E01730,2,13,3,1,1,0,1
T-010853,E01731,1,15,3,1,1,NA,1
T-010855,E01731,1,3,3,1,0,1,1
T-010856,E01731,1,4,3,1,1,1,1
T-010857,E01731,2,0,3,1,0,1,1
6-010858,E01732,1,14,3,1,1,1,1
T-010859,E01732,1,1,3,1,1,0,1
T-010860,E01732,2,0,3,1,1,1,0
T-010861,E01732,2,20,3,1,1,1,1
T-010802,E01732,2,12,3,1,1,1,1
T6010863,E01732,2,0,3,1,0,0,1
T-010864,E01732,1,1,3,0,1,0,1
T-010865,E01733,2,5,3,1,1,NA,0
T-010867,E01733,1,3,3,NA,1,1,1
T-015869,E01733,2,14,3,1,1,0,0
T-010870,E01734,1,26,3,1,1,1,1
T-010872,E01734,2,10,3,1,1,1,1
T-010873,E01734,1,12,3,1,1,1,1
T-010674,E01734,1,4,3,1,1,1,1
T-010875,E01734,1,21,3,1,1,1,1
T-010876,E01734,1,12,3,1,1,1,0
T-010877,E01734,2,14,3,1,1,1,1
T-010878,E01734,1,6,3,1,1,1,1
T-010879,E01734,2,0,3,NA,1,1,0
T-010880,E01735,1,7,3,1,1,1,1
T-010881,E01735,1,14,3,0,NA,1,1
T-010882,E01735,1,0,3,1,1,1,1
T-010883,E01735,2,29,3,0,1,1,1
T-010884,E01736,2,4,3,1,1,1,1
T-010885,E01736,1,1,3,1,1,1,1
T-010886,E01736,1,1,3,1,1,1,1
T5010887,E01736,2,7,3,NA,1,1,1
T-010888,E01736,1,6,3,1,1,1,1
T-010889,E01736,2,0,3,1,1,1,1
T-010890,E01736,2,7,3,0,1,1,0
T-010891,E01736,2,3,3,1,1,1,1
T-010892,E01737,1,12,3,1,1,1,1
T-010893,E01737,2,18,3,1,1,1,1
T-020894,E01737,2,18,3,1,1,1,1
T-010895,E01737,2,14,3,1,1,1,0
T-010896,E01737,1,15,3,1,1,1,1
T-010897,E01738,2,8,3,1,1,1,1
T-010898,E01738,2,6,3,1,1,1,1
T-010899,E01738,2,7,3,1,1,1,1
T-010900,E01738,1,10,3,1,1,1,0
T-010901,E01738,2,9,3,1,1,1,1
T-010900,E01738,1,21,3,1,0,1,1
T-010903,E01738,1,0,3,1,1,1,1
T-010904,E01738,1,7,3,1,1,1,1
T-010905,E01738,2,11,3,1,1,0,1
T-010907,E01738,1,3,3,0,0,1,1
T-080908,E01739,2,8,3,1,0,0,1
T-010909,E01739,2,2,3,1,1,1,1
T-010912,E01740,2,20,3,1,1,1,1
T-010913,E01740,1,8,3,1,0,1,1
T-010914,E01740,1,4,3,1,1,1,1
T-010915,E01740,2,11,3,1,1,1,0
T-010917,E01740,2,11,3,1,1,1,1
T-010918,E01740,1,7,3,1,NA,1,1
T-910919,E01741,1,15,3,1,1,1,1
T-090920,E01741,1,8,3,1,0,1,NA
T-010923,E01741,2,13,3,1,0,1,1
T-010924,E01742,2,12,3,1,1,1,0
T-010925,E01742,2,0,3,1,0,1,1
T-010926,E01742,2,13,3,1,1,0,1
T-010927,E01742,2,3,3,1,1,0,1
T-010928,E01742,1,0,3,0,1,1,0
T-010929,E01743,1,5,3,1,1,0,1
T-010930,E01743,2,5,3,1,1,1,1
T-010933,E01744,2,14,3,NA,1,1,1
T-010934,E01744,2,15,3,1,1,0,1
T-010936,E01744,2,16,3,1,1,1,1
T-010938,E01745,1,4,3,0,0,0,0
T-010940,E01745,2,1,3,0,1,1,0
T-010941,E01745,1,1,3,1,1,1,1
T-010942,E01746,1,14,3,1,0,0,0
9-010943,E01746,2,6,3,0,0,0,0
T-010944,E01747,2,16,3,1,1,1,1
T-010946,E01747,2,16,3,1,1,1,0
T-010947,E01747,2,14,3,1,0,1,1
T-010948,E01747,2,6,3,1,1,1,1
T-010950,E01747,1,4,3,1,1,1,1
T-010951,E01747,2,18,3,1,0,1,1
T-010953,E01748,2,4,3,1,0,1,1
T-010954,E01748,1,14,3,1,0,1,1
T-010955,E01749,1,12,3,1,1,1,1
T-010956,E01749,2,2,3,1,1,1,1
T-010957,E01749,1,9,3,1,1,1,1
T-010958,E01749,1,16,3,1,1,0,1
T-010959,E01749,1,3,3,1,1,NA,1
T-010961,E01749,1,4,3,1,1,1,1
T-010962,E01749,2,23,3,1,1,1,1
T-010963,E01750,2,11,3,1,1,1,1
T-010964,E01750,1,0,3,1,1,1,1
T-010965,E01750,1,4,3,1,1,1,1
T-010966,E01750,2,11,3,1,1,1,1
T-010967,E01750,2,29,3,0,0,1,1
T-010968,E01750,1,6,3,1,1,1,1
T-010969,E01750,1,9,3,1,1,1,1
T-710970,E01750,1,14,3,1,1,1,1
T-010971,E01750,2,12,3,NA,1,1,1
T-010972,E01750,2,10,3,1,1,1,1
T-010973,E01750,2,8,3,1,1,1,1
T-010974,E01751,1,0,3,1,1,1,1
T-011975,E01751,1,11,3,1,1,1,1
T-010976,E01751,1,5,3,1,0,1,1
T-010977,E01751,1,20,3,1,1,1,1
T-010978,E01751,2,14,3,0,1,0,1
T-010979,E01751,2,0,3,1,1,1,1
T-010981,E01751,1,12,3,1,1,1,1
T-010982,E01751,1,0,3,1,1,1,1
T-010983,E01751,1,9,3,1,1,1,1
T-010984,E01751,2,18,3,0,0,1,NA
T-010985,E01751,1,3,3,1,1,NA,NA
T-010986,E01751,2,0,3,1,1,1,1
T-010987,E01751,1,15,3,1,1,1,1
T-010989,E01751,1,8,3,1,1,1,1
T-014990,E01752,2,4,3,1,1,1,1
T-010991,E01752,1,24,3,1,1,1,1
T-010992,E01752,2,4,3,1,1,1,1
T-010993,E01752,2,18,3,1,1,0,0
T-010994,E01752,2,10,3,1,1,1,1
T-010995,E01752,1,25,3,1,1,1,0
T-010907,E01752,1,5,3,1,1,1,1
T-011000,E01753,1,9,3,1,0,1,0
T-011001,E01753,2,5,3,1,1,1,1
T-011002,E01754,1,7,3,1,1,1,1
T-011003,E01754,2,11,3,1,0,1,1
T-011004,E01754,1,18,3,0,1,1,1
T-011005,E01754,1,6,3,1,1,0,1
T-011006,E01754,2,5,3,1,1,1,1
T-011007,E01754,1,12,3,1,1,1,1
T-011108,E01754,1,11,3,1,1,0,1
T-011009,E01754,1,17,3,1,1,1,1
T-011010,E01754,1,14,3,1,1,1,1
T-011011,E01754,2,21,3,1,0,1,1
T-011013,E01755,1,9,3,1,1,NA,1
4-011014,E01755,1,11,3,1,1,1,1
T-011015,E01755,2,0,3,1,1,1,1
T-011017,E01756,1,0,3,0,0,1,1
T-011018,E01756,2,26,3,1,1,1,1
T-011019,E01756,1,11,3,1,1,0,1
T-011021,E01756,1,3,3,1,1,0,1
T-012022,E01756,2,4,3,1,1,1,1
T-011023,E01757,1,13,3,1,1,1,1
T-011024,E01757,2,13,3,1,1,0,1
T-011025,E01757,1,12,3,0,1,1,1
T-011027,E01758,2,2,3,1,1,1,1
T-011022,E01758,1,0,3,1,1,1,0
T-011031,E01758,1,6,3,1,1,1,1
T-011032,E01758,2,20,3,1,1,1,1
T-011433,E01759,1,4,3,0,1,1,1
T-011034,E01759,2,11,3,1,1,1,1
T-011036,E01759,2,15,3,0,NA,0,1
T-011037,E01759,1,4,3,1,1,1,1
T-011038,E01760,2,0,3,1,1,0,0
T-011039,E01760,2,14,3,1,1,1,1
T-011040,E01760,1,1,3,0,1,1,1
T-011041,E01760,1,9,3,1,NA,1,1
T-011042,E01760,2,3,3,1,1,1,1
T-011043,E01760,1,19,3,1,1,1,1
T-011044,E01760,1,12,3,1,1,1,NA
T-011046,E01760,1,12,3,0,1,1,1
T-011047,E01760,1,17,3,1,1,0,1
T-011049,E01761,2,12,3,0,1,1,1
T-011050,E01761,2,12,3,1,1,1,1
T-011051,E01761,1,5,3,0,1,1,1
T-011052,E01761,1,4,3,1,1,1,0
T-011053,E01761,2,16,3,1,1,NA,1
T-011054,E01762,2,8,3,1,1,1,1
T-011055,E01762,2,12,3,1,0,0,1
T-011056,E01762,2,13,3,1,1,0,1
T-011057,E01762,2,17,3,1,1,1,1
T-011058,E01762,2,12,3,1,1,1,1
T-011059,E01763,1,15,3,1,1,1,1
T-011060,E01763,1,12,3,1,1,1,0
T-011061,E01763,1,1,3,1,1,1,1
T-011062,E01763,1,18,3,1,1,0,1
T-011013,E01763,2,14,3,1,1,1,1
T-011064,E01763,1,16,3,1,1,0,0
T-011065,E01763,2,6,3,1,1,1,1
T-011066,E01763,2,11,3,1,1,1,1
T-011068,E01763,1,10,3,0,1,1,0
T-011070,E01764,1,19,3,1,1,1,1
T-011071,E01764,1,5,3,1,1,1,1
T-011072,E01764,2,6,3,1,0,NA,NA
T-011073,E01764,2,7,3,1,1,1,1
T-911075,E01764,1,5,3,1,1,1,1
T-011076,E01764,2,11,3,1,1,0,0
T-011077,E01764,2,12,3,1,1,0,0
T-011080,E01765,2,2,3,1,1,1,1
T-711081,E01765,2,9,3,1,1,1,1
T-011082,E01765,2,12,3,1,1,1,1
T-031083,E01765,1,12,3,1,1,1,1
T-011084,E01765,2,14,3,1,1,1,1
T-011085,E01765,1,0,3,1,1,1,1
T-011086,E01765,2,13,3,1,1,0,1
T-011088,E01766,2,13,3,0,1,1,0
T-011089,E01766,2,15,3,1,1,0,1
T-011090,E01766,2,17,3,1,0,1,1
T-011091,E01767,1,11,3,1,1,0,1
T-011092,E01767,2,12,3,1,0,1,1
T-011093,E01767,2,6,3,1,1,1,1
T-011094,E01767,2,5,3,1,NA,1,1
T-011095,E01767,2,19,3,1,0,1,1
0-011096,E01768,2,7,3,1,1,1,1
T-011097,E01768,1,16,3,1,1,1,0
T-011098,E01768,1,12,3,1,1,1,1
T-011099,E01769,1,19,3,1,1,1,1
T-011101,E01769,1,12,3,0,1,1,0
T-011102,E01769,2,21,3,1,1,1,1
T-011103,E01769,2,14,3,1,1,1,1
T-011104,E01769,1,13,3,1,1,1,0
T-011105,E01769,2,0,3,1,1,1,NA
T-011106,E01769,1,11,3,1,1,1,1
T-011107,E01769,2,15,3,1,NA,1,1
T-011108,E01769,1,14,3,1,1,1,0
T-011109,E01770,2,9,3,0,1,1,1
T-011112,E01771,2,2,3,0,1,1,1
T-011113,E01772,1,0,3,1,1,1,1
T-011114,E01772,2,17,3,1,1,0,1
T-011115,E01773,2,12,3,1,1,0,1
T-011116,E01773,2,4,3,1,1,1,1
T-011117,E01773,1,0,3,1,1,1,1
T-011118,E01774,2,11,3,1,1,1,1
T-111120,E01774,1,14,3,1,1,0,1
T-011123,E01775,2,13,3,1,1,1,1
T-011124,E01775,1,14,3,1,1,1,1
T-011128,E01776,2,0,3,0,1,0,1
T-011129,E01776,1,0,3,0,1,1,0
T-011130,E01776,2,9,3,1,1,1,0
T-011131,E01776,2,13,3,1,1,1,1
T-011232,E01777,2,10,3,1,1,NA,1
T-011133,E01777,1,21,3,NA,1,1,1
T-011134,E01777,2,12,3,1,1,1,1
T-011135,E01777,1,20,3,0,1,1,1
T-011136,E01777,1,15,3,1,1,NA,1
T-011337,E01777,2,12,3,1,1,1,0
T-011138,E01778,2,11,3,1,1,1,1
T-011139,E01778,2,3,3,1,0,1,0
T-011140,E01778,1,19,3,1,1,1,1
T-011151,E01778,2,19,3,1,1,1,1
T-011142,E01778,2,18,3,1,NA,1,1
T-011144,E01779,1,9,3,0,1,1,1
T-011145,E01779,1,16,3,1,1,1,1
T-011146,E01779,2,12,3,1,1,1,1
T-011147,E01779,2,28,3,1,1,1,1
T-011148,E01779,2,11,3,1,1,1,1
T-011149,E01779,1,13,3,1,1,1,1
T-011150,E01779,1,17,3,1,1,1,NA
T-011151,E01779,2,15,3,1,1,1,1
T-011153,E01779,2,16,3,1,NA,1,1
T-011154,E01779,1,1,3,1,1,1,1
T-011156,E01779,1,14,3,1,1,1,1
T-011157,E01779,2,5,3,1,1,1,1
T-011158,E01779,1,5,3,1,1,1,0
T-011159,E01779,1,8,3,1,1,1,1
T-011160,E01779,1,4,3,NA,1,1,1
T-011162,E01779,2,7,3,1,1,1,1
T-011163,E01779,1,13,3,NA,1,1,1
T-011164,E01779,2,11,3,1,1,1,0
T-011166,E01780,2,1,3,0,1,1,1
T-011167,E01780,2,8,3,1,1,0,1
0-011168,E01780,1,16,3,1,0,1,NA
T-011169,E01780,2,9,3,1,1,1,1
T-011170,E01781,1,15,3,1,1,1,1
T-011171,E01781,1,8,3,1,1,1,1
T-011072,E01781,2,15,3,0,1,0,1
T-011173,E01782,2,5,3,1,0,0,1
T-011174,E01782,1,7,3,1,1,1,1
T-011175,E01782,2,8,3,0,1,1,1
T-011176,E01782,2,0,3,1,1,0,1
T-011177,E01783,1,16,3,1,1,1,1
T-011178,E01783,1,12,3,1,1,1,1
T-011179,E01783,1,0,3,1,1,0,1
T-011180,E01783,2,12,3,0,1,1,1
T-011182,E01783,1,14,3,1,1,1,1
T-011183,E01783,2,24,3,1,1,1,1
T-011184,E01783,2,8,3,1,1,1,1
T-011186,E01784,2,2,3,1,1,1,1
T-011187,E01784,2,0,3,0,0,0,0
T-011188,E01784,1,17,3,1,1,0,0
T-011189,E01784,2,12,3,1,0,0,1
T-011190,E01785,1,5,3,1,1,1,1
T-011191,E01785,2,13,3,1,1,0,1
T-011192,E01785,2,0,3,1,0,0,1
T-011193,E01785,2,3,3,1,1,1,1
T5011194,E01786,2,0,3,0,1,1,1
T-011196,E01786,1,4,3,1,1,1,1
T-011197,E01786,1,19,3,1,1,1,1
T-011198,E01786,2,14,3,1,1,1,1
T-011199,E01786,2,13,3,1,0,1,1
T-011200,E01787,2,0,3,NA,1,0,1
T-011201,E01787,2,15,3,1,1,1,1
T-011202,E01787,2,7,3,NA,1,1,1
T-011203,E01788,1,3,3,1,1,1,1
T-011204,E01788,1,8,3,0,1,0,1
T-011205,E01788,2,10,3,1,1,1,1
T-011206,E01788,1,17,3,1,1,1,NA
T-011207,E01788,2,16,3,NA,1,1,1
T-011208,E01788,1,4,3,1,1,NA,1
T-011209,E01788,2,1,3,1,0,1,1
T-011210,E01788,2,4,3,1,0,1,1
8-011213,E01789,2,1,3,1,1,1,0
T-011214,E01789,2,7,3,1,1,1,1
T-011215,E01789,1,3,3,1,0,0,0
T-011216,E01789,2,3,3,0,0,1,0
T-011218,E01790,2,2,3,1,0,1,1
T-011219,E01790,1,7,3,1,1,1,NA
T-011221,E01790,2,8,3,1,1,1,1
T-011225,E01790,1,10,3,NA,1,1,1
T-011223,E01790,1,3,3,1,1,1,1
T-011224,E01790,1,12,3,1,1,1,1
T-011225,E01790,2,9,3,1,1,1,1
T-011226,E01790,1,11,3,1,1,1,1
T-018227,E01790,2,9,3,1,1,1,1
T-011230,E01791,2,6,3,1,1,1,1
T-011231,E01792,2,4,3,1,1,0,1
T-011252,E01792,1,15,3,1,1,1,1
T-011233,E01793,1,7,3,1,1,1,1
T-011234,E01793,2,6,3,0,0,1,1
T-011235,E01793,1,12,3,1,0,1,1
T-011236,E01794,2,7,3,1,1,0,1
7-011237,E01794,1,0,3,1,1,1,1
T-011238,E01794,1,3,3,1,0,1,1
T-011239,E01794,1,22,3,1,1,1,1
T-011240,E01794,1,2,3,1,1,1,0
T-011241,E01794,2,7,3,1,1,1,1
T-011242,E01795,2,13,3,1,1,NA,1
T-011243,E01795,2,14,3,1,1,1,1
T-011244,E01795,1,15,3,1,1,1,1
T-011245,E01795,1,10,3,0,0,1,0
T-011246,E01795,2,8,3,1,1,1,NA
T-011247,E01795,1,30,3,1,1,1,1
T-011248,E01795,2,16,3,1,1,1,1
T-011249,E01795,1,10,3,1,1,1,1
T-011250,E01796,2,1,3,1,1,1,1
T-011251,E01796,1,4,3,1,1,1,1
T-011252,E01796,2,3,3,1,1,1,1
T-011253,E01796,1,12,3,0,1,0,1
T-011254,E01796,2,3,3,1,1,1,1
T-011255,E01797,2,7,3,1,1,0,0
T-011256,E01797,2,8,3,1,1,1,1
T-011257,E01797,2,7,3,0,NA,1,1
T-011258,E01798,2,9,3,1,0,0,1
T-011252,E01798,2,7,3,1,0,1,1
T-011262,E01798,1,11,3,0,0,0,0
T-011264,E01798,2,2,3,1,0,0,0
T-011265,E01798,2,7,3,0,0,0,1
T-011266,E01798,2,3,3,1,1,1,1
7-011267,E01798,1,8,3,1,1,1,1
T-011228,E01799,1,3,3,0,0,1,0
T-011269,E01799,1,13,3,0,1,1,0
T-011270,E01799,1,0,3,0,1,1,1
T-011271,E01799,2,17,3,0,0,0,1
T-011272,E01800,2,0,3,1,1,1,1
T-011273,E01800,1,10,3,1,1,1,1
T-011274,E01800,2,5,3,1,1,1,1
T-011275,E01800,1,14,3,1,1,0,1
T-011278,E01800,1,12,3,1,1,1,1
T-011277,E01801,2,6,3,1,1,0,1
T-011278,E01801,2,13,3,1,1,1,1
T-011280,E01801,2,2,3,1,0,0,1
T-011281,E01802,2,9,3,1,1,1,1
T-011282,E01802,2,21,3,1,0,1,1
T-011284,E01802,1,0,3,0,0,1,1
T-011285,E01802,2,14,3,1,1,1,0
T-011286,E01803,1,8,3,1,1,1,1
T-011287,E01803,1,11,3,1,1,1,1
T-011288,E01803,2,18,3,1,1,1,1
T4011289,E01803,2,10,3,1,1,1,1
T-011290,E01803,2,4,3,1,1,1,1
T-011291,E01803,1,3,3,1,1,1,1
T-011292,E01803,2,7,3,1,1,1,1
T-011294,E01804,2,0,3,0,1,1,1
T-011295,E01804,1,3,3,0,1,1,1
T-011296,E01804,1,9,3,1,1,1,1
T-011297,E01804,1,9,3,1,1,0,0
T-011299,E01804,2,16,3,1,1,1,1
T-011300,E01804,2,12,3,1,1,1,1
T-011301,E01805,1,11,3,1,1,1,NA
T-011303,E01806,2,0,3,1,1,1,1
T-011304,E01806,2,2,3,1,1,1,1
T-011305,E01807,1,5,3,NA,1,1,NA
T-011306,E01807,2,11,3,1,1,1,1
T7011307,E01807,1,13,3,1,1,1,1
T-011309,E01807,1,10,3,1,1,1,1
T-011310,E01807,1,8,3,1,1,1,1
T-010311,E01807,2,0,3,1,1,1,0
T-011312,E01807,2,9,3,1,1,1,1
T-011314,E01807,2,7,3,1,1,1,1
T-011315,E01807,2,8,3,1,0,1,1
T-011317,E01808,2,11,3,NA,0,1,1
T-011318,E01808,2,0,3,0,1,0,1
T-011319,E01808,1,7,3,1,1,0,0
T-011320,E01808,1,27,3,1,1,1,0
T-011321,E01808,1,6,3,1,1,1,1
T-011322,E01808,2,6,3,1,1,1,1
T-011323,E01808,2,15,3,1,1,1,1
T-011324,E01808,2,2,3,1,1,1,1
T-011325,E01809,2,0,3,NA,1,1,1
T-011327,E01809,2,0,3,NA,1,0,1
T-011328,E01810,2,5,3,1,0,1,1
T-011329,E01810,2,13,3,1,1,1,1
T-011330,E01810,1,0,3,1,1,0,0
T-011331,E01811,2,20,3,1,1,1,1
T-011332,E01811,2,6,3,1,1,1,1
T-011333,E01811,1,13,3,1,1,1,1
T-011335,E01812,2,0,3,0,1,1,0
T-011338,E01813,2,14,3,0,1,1,1
T-011340,E01814,2,4,3,1,1,1,1
T-011341,E01814,2,8,3,1,1,1,1
T-011342,E01814,2,9,3,1,1,1,1
T-011343,E01814,2,11,3,1,1,1,1
T-011344,E01815,1,23,3,0,1,1,1
T-011345,E01815,2,14,3,0,1,1,1
T-011346,E01815,2,13,3,1,0,1,0
T-011948,E01815,1,10,3,1,1,1,NA
T7011349,E01816,2,17,3,1,1,1,1
T-011350,E01816,2,0,3,1,0,1,1
T-011351,E01816,1,0,3,1,1,1,1
T-011352,E01816,2,20,3,0,1,1,0
T-011354,E01816,2,0,3,1,0,1,1
T-011356,E01816,1,14,3,1,1,1,1
T-016357,E01816,1,6,3,0,1,1,1
T-011359,E01817,2,13,3,1,1,1,1
T-011360,E01817,1,16,3,1,1,0,1
T-011362,E01818,2,7,3,1,1,1,NA
T-011363,E01818,1,5,3,0,0,1,1
T-011364,E01818,2,6,3,0,1,0,1
T-011365,E01819,2,12,3,0,1,0,NA
T-011366,E01819,2,4,3,1,1,1,0
T-011367,E01819,2,8,3,1,1,0,1
T-011308,E01819,1,7,3,1,1,1,1
T-011369,E01820,2,11,3,1,1,1,1
T-011370,E01820,1,6,3,1,1,1,1
T-011371,E01820,1,2,3,1,0,0,1
T-011373,E01820,1,18,3,1,0,0,0
T-011375,E01820,2,13,3,1,1,NA,0
T-011376,E01821,1,27,3,1,0,1,1
T-011377,E01821,2,7,3,0,1,1,1
T-511378,E01821,1,10,3,1,0,1,1
T-011379,E01821,2,5,3,1,1,1,1
T-011380,E01821,1,3,3,1,1,1,1
T-011381,E01821,1,4,3,1,1,1,1
T6011382,E01821,1,10,3,1,1,1,1
T-011383,E01821,1,8,3,1,1,1,1
T-011386,E01821,1,10,3,0,1,1,1
T-011387,E01821,2,16,3,1,1,1,NA
T-011388,E01822,2,13,3,0,1,0,NA
T-011389,E01822,2,0,3,1,1,1,1
T-011390,E01822,2,1,3,1,1,1,0
T-011391,E01822,2,6,3,0,NA,1,1
T-011392,E01822,2,9,3,1,1,NA,1
T-011393,E01823,1,14,3,0,1,1,1
T-011795,E01823,1,13,3,1,1,1,1
T-011396,E01824,2,9,3,0,0,1,1
T-011397,E01824,2,14,3,1,0,1,0
T-011398,E01824,2,2,3,1,0,0,1
T-011399,E01824,1,18,3,1,0,1,1
T-011401,E01824,2,11,3,0,0,0,1
T-011402,E01825,2,6,3,1,1,1,1
T-311404,E01825,1,3,3,1,0,1,1
T-011405,E01825,2,4,3,1,1,1,1
T-011406,E01825,2,20,3,1,1,1,1
T-011407,E01825,2,6,3,0,NA,1,1
T-011408,E01825,2,0,3,1,0,1,1
T-011409,E01825,1,11,3,1,1,1,1
T-011410,E01825,2,14,3,1,1,1,1
T-011411,E01825,2,12,3,1,1,1,1
T-011412,E01825,2,20,3,1,1,1,1
T-011413,E01825,2,19,3,1,1,1,1
T-011414,E01826,2,12,3,1,1,1,1
T-011415,E01826,2,14,3,1,1,1,1
T-011416,E01826,2,9,3,0,1,0,0
T-011417,E01826,2,5,3,1,0,1,0
T-011418,E01826,2,10,3,1,1,1,1
6-011419,E01827,1,22,3,0,1,1,1
T-011420,E01827,1,6,3,1,1,1,1
T-011421,E01827,2,18,3,1,1,1,1
T-011422,E01827,2,0,3,1,1,1,1
T-011423,E01827,2,0,3,1,1,1,1
T-011424,E01827,1,20,3,1,1,1,1
T-011425,E01827,1,3,3,1,1,1,0
T-011426,E01827,2,14,3,1,1,1,1
T-011427,E01827,2,7,3,1,1,1,1
T-011428,E01828,2,1,3,1,1,1,NA
T-041429,E01829,1,4,3,NA,1,1,1
T-011430,E01829,1,0,3,1,1,1,1
T-011431,E01829,2,7,3,0,1,1,NA
T-011432,E01829,2,17,3,1,1,1,1
T-011433,E01829,1,3,3,NA,1,1,1
T-011434,E01829,1,8,3,1,1,1,1
T-011436,E01829,1,16,3,1,0,0,1
T-011437,E01829,1,3,3,1,1,1,1
T-041438,E01830,1,1,3,1,1,1,1
T-011439,E01830,1,25,3,1,1,0,1
T-011440,E01830,2,6,3,0,1,1,1
T-011441,E01830,2,15,3,1,1,1,1
T-011442,E01830,2,11,3,NA,1,1,NA
T-011443,E01831,2,16,3,1,1,1,1
T-011444,E01831,2,8,3,0,0,0,0
T-011445,E01831,2,2,3,1,1,1,0
T-011446,E01831,2,19,3,1,1,1,0
T-011448,E01832,1,0,3,1,1,1,1
T-011450,E01832,2,26,3,1,1,1,1
T-011452,E01832,2,5,3,1,1,1,1
T-011453,E01832,1,16,3,1,1,1,NA
T-011454,E01832,2,0,3,1,1,1,1
T-011456,E01833,2,9,3,1,1,1,1
T-011457,E01833,1,13,3,1,1,0,1
T-011458,E01833,2,10,3,1,0,0,0
T-011459,E01834,1,10,3,0,1,1,NA
T-011460,E01834,1,12,3,1,1,NA,1
T-011461,E01834,1,1,3,1,0,0,0
T-011462,E01835,1,21,3,1,1,NA,1
T-011463,E01835,2,14,3,1,1,1,1
T-011464,E01835,2,2,3,1,1,1,0
T-011465,E01835,1,9,3,1,1,1,1
T-011466,E01835,1,12,3,0,1,1,1
T-011467,E01835,2,7,3,1,1,1,1
T-011468,E01835,1,17,3,0,1,1,1
7-011469,E01835,2,7,3,1,1,1,NA
T-011470,E01836,1,13,3,1,1,1,0
T-011471,E01836,2,15,3,1,1,1,0
T3011472,E01836,2,8,3,1,1,1,1
T-011473,E01836,1,1,3,1,1,0,1
T-011775,E01837,2,0,3,1,1,1,1
T-011476,E01837,1,3,3,0,1,1,1
T-011478,E01837,1,12,3,1,1,1,1
T-011479,E01837,2,21,3,1,1,1,1
T-011480,E01837,2,23,3,1,1,1,1
T-011481,E01838,2,0,3,1,1,1,0
T-011482,E01838,1,8,3,1,NA,1,1
T-011483,E01838,2,0,3,1,1,1,1
T-011485,E01838,1,15,3,1,1,1,1
T-011486,E01839,2,12,3,1,1,1,1
T-011487,E01839,2,22,3,1,1,1,0
T-011488,E01839,2,13,3,1,1,1,1
T-011489,E01839,1,11,3,NA,1,NA,1
T-011490,E01839,2,3,3,1,1,1,1
T-011491,E01839,2,10,3,1,1,1,1
3-011492,E01839,1,23,3,1,NA,1,1
T-011493,E01839,2,7,3,1,1,1,1
T-011494,E01839,1,8,3,1,NA,1,0
T-011495,E01839,2,1,3,1,1,1,1
T-011496,E01840,2,11,3,1,1,1,1
T-011497,E01840,2,15,3,1,1,1,1
T-011498,E01840,1,4,3,1,1,1,1
T-011500,E01840,1,9,3,1,0,1,0
T-011502,E01840,2,3,3,1,1,1,1
T-001503,E01840,1,17,3,1,1,1,1
T-611504,E01840,2,15,3,1,1,1,1
T-011505,E01840,2,18,3,NA,1,1,1
T-011506,E01841,2,19,3,0,1,1,1
T-011508,E01841,2,12,3,0,1,1,0
T-011509,E01841,2,0,3,1,1,1,1
T-011512,E01841,2,12,3,NA,1,1,1
T-011513,E01842,2,16,3,1,1,1,0
T-011514,E01842,1,16,3,0,1,1,1
T0011515,E01843,1,16,3,1,1,NA,1
T-011516,E01843,1,1,3,1,1,1,1
T-011518,E01843,2,17,3,1,1,1,1
3-011519,E01843,1,14,3,0,1,1,1
T-011520,E01843,2,13,3,1,1,1,1
T-011521,E01843,2,0,3,1,1,1,1
T-011522,E01843,1,11,3,1,1,1,1
T-011523,E01843,2,15,3,1,NA,1,1
T-011524,E01843,1,8,3,1,1,1,1
T-011525,E01844,2,4,3,0,1,1,1
T-011526,E01844,1,10,3,1,1,1,1
T-011528,E01844,2,9,3,1,1,1,1
T-011530,E01844,2,20,3,1,1,0,1
T-511531,E01844,1,2,3,1,1,1,0
T-051532,E01844,1,5,3,1,1,1,1
T-011533,E01844,2,5,3,1,0,1,1
T-011534,E01844,2,0,3,1,1,1,1
T-011535,E01845,1,8,3,1,1,1,1
T-011536,E01845,1,12,3,1,1,1,1
T-011537,E01845,2,12,3,1,1,NA,1
T-041538,E01846,2,8,3,0,1,1,1
T-011539,E01846,2,9,3,NA,1,1,0
T-011540,E01846,2,6,3,1,1,1,1
T-011541,E01846,1,5,3,0,1,0,1
T-011542,E01846,2,9,3,0,0,1,1
T-018543,E01846,1,21,3,1,0,1,1
T-011544,E01847,2,9,3,1,1,1,1
T-011545,E01847,2,25,3,1,1,1,1
T-011547,E01847,2,5,3,1,0,1,1
T-011549,E01848,2,13,3,1,1,1,1
T-011550,E01848,1,17,3,1,1,1,1
T-011551,E01848,2,9,3,1,1,1,1
T-011552,E01849,2,14,3,1,0,1,1
T-011553,E01849,1,5,3,1,0,1,1
T-011554,E01849,1,16,3,1,1,1,1
T-011555,E01849,1,1,3,1,1,1,1
T-011556,E01849,1,10,3,1,1,1,NA
T-011557,E01849,2,1,3,1,NA,1,1
T-011558,E01849,2,6,3,1,0,1,1
T-011559,E01849,2,1,3,1,1,1,0
T-011560,E01849,2,12,3,1,1,1,1
T-011561,E01849,2,1,3,1,1,1,NA
T-011562,E01849,2,9,3,1,1,1,0
T-011563,E01849,2,11,3,1,1,1,1
T-011564,E01850,2,15,3,1,1,1,1
T-011566,E01850,2,2,3,0,1,1,1
T-011567,E01850,2,21,3,1,1,1,1
T-011568,E01851,1,18,3,1,1,0,1
T-011569,E01851,2,11,3,1,0,1,1
T-011570,E01851,2,1,3,1,1,0,1
T-011579,E01851,2,0,3,1,1,1,0
T-011572,E01852,2,12,3,1,1,1,1
T-011573,E01852,1,9,3,1,1,1,1
T-011575,E01852,1,11,3,0,1,0,0
T-011576,E01852,1,19,3,1,1,1,1
T-011577,E01852,1,3,3,1,1,1,1
T-011578,E01852,1,13,3,1,1,1,1
T-011579,E01853,1,9,3,1,1,1,1
T-011580,E01853,1,11,3,1,1,1,1
T-011581,E01853,1,12,3,1,1,1,0
T-011582,E01853,2,14,3,1,1,1,1
T-011583,E01853,2,15,3,1,1,0,1
T-711584,E01854,2,8,3,0,1,1,1
T-011585,E01854,2,9,3,1,1,1,1
T-011587,E01855,2,10,3,1,1,0,0
T-011588,E01856,1,19,3,1,1,1,1
T-011589,E01856,2,8,3,1,1,1,1
T-011590,E01856,2,9,3,1,1,1,1
T-011591,E01856,2,10,3,0,1,1,1
T-011592,E01856,2,5,3,1,1,1,1
T-711593,E01857,2,5,3,1,1,1,0
T-011594,E01857,2,11,3,1,1,1,1
T-011595,E01857,1,5,3,1,0,1,1
T-011596,E01857,2,13,3,1,1,1,1
T-011597,E01857,2,13,3,1,1,1,1
T-011600,E01858,2,26,3,1,1,0,1
T-011602,E01858,2,5,3,0,1,1,1
T-011603,E01858,2,18,3,1,1,1,1
T-011604,E01858,2,0,3,1,1,1,1
T-011605,E01858,2,0,3,1,1,1,1
T-011606,E01858,2,8,3,0,1,1,1
T-011607,E01859,2,0,3,0,1,1,1
T-011608,E01859,1,9,3,1,1,0,1
T-011609,E01859,2,10,3,1,NA,1,1
T-011610,E01860,2,13,3,1,1,1,1
T-011611,E01860,1,7,3,1,1,0,1
T-011612,E01860,1,8,3,1,1,0,1
T-011613,E01860,1,24,3,1,1,1,1
T-011614,E01860,1,3,3,1,1,1,1
T-011615,E01860,1,7,3,1,NA,1,1
T-011617,E01860,2,15,3,0,1,1,1
T-011618,E01861,1,13,3,1,1,1,1
T-011619,E01861,2,1,3,0,0,1,1
T-011621,E01861,2,2,3,1,1,0,1
T-011622,E01861,1,15,3,1,1,1,1
T-011623,E01861,2,4,3,1,1,1,1
T-011624,E01862,2,0,3,0,1,0,1
T-011625,E01862,2,12,3,1,1,1,1
T-011626,E01862,1,12,3,0,1,1,0
T-011627,E01862,1,8,3,1,0,0,1
T-011628,E01862,2,14,3,1,1,1,1
T-011629,E01862,1,10,3,0,1,0,1
T-011630,E01862,1,0,3,1,1,1,1
T-011631,E01862,2,2,3,NA,0,1,1
T-011632,E01862,2,6,3,1,1,1,1
T-011633,E01862,1,5,3,1,0,0,1
T-011644,E01863,2,10,3,0,1,0,1
T-011635,E01863,1,19,3,1,1,1,1
T-011636,E01863,1,12,3,0,1,1,1
T-011637,E01863,2,23,3,1,1,0,1
T-011638,E01863,1,4,3,1,1,1,0
T-011639,E01863,1,11,3,0,1,1,1
T-011640,E01864,1,4,3,1,1,1,1
T-019642,E01864,2,9,3,1,1,1,1
T-011643,E01864,2,14,3,1,0,1,1
T-011644,E01864,2,15,3,1,1,1,1
T-011645,E01864,1,14,3,1,0,1,1
T-011646,E01864,1,16,3,1,1,1,1
T-011647,E01864,2,21,3,1,1,1,1
T-011648,E01864,2,16,3,1,1,1,1
T-011649,E01864,2,0,3,1,1,1,1
T-011650,E01864,2,12,3,1,1,1,1
T-011651,E01864,2,3,3,1,1,1,1
T-011652,E01865,1,12,3,NA,1,1,1
2-011653,E01865,1,8,3,1,1,1,1
T-011654,E01865,2,6,3,1,1,1,1
T-011655,E01865,1,6,3,1,1,1,1
T-011656,E01865,1,4,3,1,1,1,1
T-011657,E01865,1,11,3,1,1,1,1
T-011660,E01865,1,5,3,1,1,1,1
T4011661,E01865,2,10,3,1,1,1,1
T-011662,E01865,1,3,3,1,1,NA,1
T-011663,E01866,2,0,3,1,1,1,1
T-011664,E01866,2,11,3,1,1,1,1
T-011665,E01866,2,14,3,1,1,1,NA
T-011666,E01866,2,13,3,1,1,1,1
T-011668,E01866,2,5,3,0,1,1,1
T-011669,E01866,1,10,3,1,0,1,1
T-011671,E01866,2,4,3,1,1,0,1
T-011672,E01866,1,12,3,1,1,1,0
T-011673,E01866,1,2,3,1,1,0,1
T-011674,E01866,2,14,3,1,1,0,1
T-011675,E01866,2,12,3,1,1,1,1
T-011676,E01866,2,16,3,1,1,1,1
T-011677,E01867,2,10,3,1,1,0,0
T-011679,E01867,2,0,3,0,1,1,1
T-011680,E01867,2,1,3,1,1,1,1
T-011681,E01868,1,12,3,1,1,1,1
T-011682,E01868,1,0,3,1,1,0,1
T-011683,E01868,2,7,3,1,1,0,1
T-011684,E01868,2,2,3,0,1,1,1
T-011685,E01869,1,0,3,0,1,1,1
T-011686,E01869,2,0,3,1,1,0,0
T-011687,E01869,2,13,3,1,1,1,1
T-011689,E01869,1,6,3,1,1,1,0
T-011690,E01869,2,9,3,1,1,0,0
T-011691,E01870,2,22,3,1,1,1,1
T-011692,E01870,1,2,3,1,1,1,1
T-011693,E01870,2,3,3,1,1,1,1
T-011694,E01870,1,12,3,1,1,1,1
T-011695,E01871,2,12,3,1,1,1,1
T-011696,E01871,1,15,3,1,1,1,1
T-011697,E01871,1,5,3,1,1,1,1
T-011698,E01871,1,16,3,1,1,1,1
T-011999,E01871,2,21,3,0,1,1,1
T-011700,E01871,1,0,3,1,1,1,0
T-011701,E01871,2,17,3,1,1,1,1
T-011702,E01872,2,0,3,NA,1,1,1
T-011703,E01872,1,6,3,1,1,1,1
T-011704,E01872,2,11,3,1,1,1,1
T-011706,E01872,2,13,3,1,1,1,1
T-011308,E01872,2,16,3,1,1,1,1
T-011709,E01873,1,4,3,NA,1,1,0
T-011710,E01873,1,5,3,0,1,0,1
T-011711,E01873,2,17,3,1,1,1,1
T-011712,E01874,2,18,3,1,1,1,1
T-011714,E01874,2,14,3,1,1,1,1
T-011715,E01874,2,13,3,1,1,0,1
T-011716,E01874,2,10,3,1,1,1,1
T-011717,E01874,1,12,3,1,1,1,1
T-011718,E01874,2,10,3,1,1,1,1
T-011719,E01874,1,16,3,1,1,1,1
T-011720,E01874,2,0,3,1,1,1,1
T-011721,E01874,2,14,3,1,1,1,1
T-011722,E01874,2,0,3,1,1,1,1
T-011723,E01875,2,23,3,1,1,1,1
T-011724,E01875,2,17,3,1,1,NA,1
T-011725,E01875,2,8,3,1,1,1,1
T-011726,E01875,2,11,3,1,1,1,1
T-011727,E01876,1,5,3,1,0,1,1
T-011729,E01876,2,14,3,1,1,1,0
T-011730,E01876,2,20,3,1,1,1,1
T-011733,E01876,1,15,3,1,1,1,1
T-011734,E01876,2,14,3,1,1,1,1
T-011736,E01876,2,13,3,1,1,1,0
T-011737,E01876,2,15,3,1,1,1,1
T-011739,E01877,1,16,3,1,1,1,1
T-011740,E01877,2,0,3,NA,NA,1,1
T-011742,E01877,1,1,3,0,1,1,0
T-011743,E01877,1,5,3,1,1,1,0
T-011744,E01878,1,18,3,0,0,1,1
T-011745,E01878,2,7,3,1,0,1,0
T-011746,E01878,2,7,3,1,1,1,1
T-011747,E01878,2,11,3,1,1,1,1
T-011748,E01878,2,15,3,1,1,1,1
T-011749,E01878,2,14,3,1,1,0,1
T-011750,E01879,1,7,3,1,1,1,1
T-011751,E01879,2,12,3,1,1,1,1
T-011752,E01879,1,0,3,1,1,1,1
T-011753,E01879,2,10,3,1,1,1,1
T-011754,E01879,2,6,3,1,1,0,1
T-011755,E01879,2,8,3,1,1,1,1
T-011756,E01879,2,14,3,0,1,1,1
T-011757,E01879,2,2,3,1,1,1,1
T-011758,E01879,2,4,3,1,1,1,0
T-011760,E01879,1,12,3,1,1,1,1
T-011761,E01879,1,17,3,1,1,1,1
T-011762,E01880,2,21,3,NA,1,0,1
T-011763,E01880,1,8,3,0,1,0,1
T-611764,E01880,1,4,3,1,0,1,0
T-011765,E01880,1,3,3,1,1,0,0
T-611766,E01880,2,4,3,1,1,0,1
T-011767,E01880,1,26,3,1,1,0,1
T-011768,E01881,2,9,3,1,1,0,1
T-031769,E01881,1,11,3,NA,1,0,1
T-011771,E01881,1,9,3,1,1,1,1
T-011772,E01882,2,2,3,0,1,1,1
T-011773,E01882,1,15,3,1,1,1,1
T-011774,E01882,1,1,3,1,1,1,1
T-011775,E01882,2,15,3,NA,1,1,1
T-011776,E01882,2,0,3,1,1,1,1
T-011777,E01883,2,0,3,1,1,NA,1
T-011779,E01883,2,0,3,0,0,0,1
T-011780,E01884,2,4,3,0,1,0,1
T-011781,E01884,2,11,3,1,1,1,1
T-011782,E01884,2,5,3,0,0,1,0
T-011783,E01884,2,8,3,1,1,1,1
T-011784,E01884,1,14,3,1,1,1,1
T-011785,E01884,2,2,3,NA,1,1,1
T-011787,E01885,2,0,3,1,0,1,1
T-011789,E01886,1,9,3,1,1,0,0
T-011790,E01886,2,0,3,1,1,1,0
T-011791,E01887,2,11,3,1,1,0,1
T-011792,E01887,2,14,3,0,1,0,0
T-011794,E01888,2,19,3,1,1,1,1
T-011795,E01888,1,12,3,1,1,1,1
T-011796,E01888,2,1,3,1,0,1,1
T-011197,E01889,2,12,3,1,1,1,1
T-011798,E01889,1,23,3,1,1,0,1
T-011799,E01889,1,5,3,1,1,1,1
T-011800,E01889,2,9,3,1,1,1,1
T-011802,E01890,1,0,3,1,1,1,0
T-011803,E01890,1,5,3,1,1,1,1
T-011804,E01891,1,0,3,1,NA,1,NA
T-011805,E01891,1,13,3,0,0,1,1
T-011806,E01891,2,2,3,1,1,1,1
T-011807,E01891,2,2,3,0,1,1,1
T-011805,E01891,1,3,3,1,1,1,1
T-011809,E01891,2,19,3,1,1,1,1
T-011810,E01891,2,6,3,1,1,NA,NA
T-011812,E01891,2,11,3,1,1,1,1
T-011813,E01892,2,19,3,1,1,1,1
T-011815,E01892,2,9,3,1,1,0,1
T-011816,E01893,2,8,3,1,1,1,1
T-011817,E01893,1,5,3,1,1,1,1
T-011818,E01893,1,22,3,1,1,1,1
T-011819,E01893,1,3,3,1,1,0,0
T-011820,E01894,2,12,3,1,0,1,1
T-011852,E01894,2,5,3,1,1,1,1
T-011823,E01894,1,12,3,1,1,1,1
T-011824,E01894,2,6,3,1,1,0,1
T-011825,E01894,2,26,3,1,1,1,1
T-011826,E01894,2,13,3,1,0,1,1
T-011827,E01894,2,9,3,0,1,1,0
T-011828,E01895,1,8,3,1,0,1,1
T-011830,E01895,2,25,3,1,1,1,1
T-011831,E01895,2,20,3,1,1,1,1
T-011832,E01896,2,2,3,1,1,1,1
T-011833,E01896,1,0,3,1,1,1,1
T-011835,E01896,2,10,3,1,1,1,1
T-011836,E01896,2,9,3,1,1,1,1
T-011837,E01896,1,8,3,1,1,1,1
T-011838,E01896,2,8,3,1,1,1,1
T-011839,E01897,2,22,3,1,0,1,1
T-011840,E01897,2,17,3,1,0,0,0
T-411841,E01897,1,18,3,1,1,NA,1
T-011842,E01897,2,8,3,1,1,1,1
T-011844,E01897,1,17,3,1,1,1,1
T-011845,E01897,2,2,3,1,1,1,1
T-011846,E01897,2,9,3,1,0,NA,1
T-011847,E01897,1,11,3,1,1,1,1
T-011848,E01897,2,2,3,1,1,NA,1
T-011849,E01897,1,0,3,0,1,1,1
T-011850,E01897,2,23,3,1,1,1,0
T-411851,E01897,1,20,3,1,1,1,1
T-011853,E01898,2,10,3,1,1,0,1
T-011814,E01898,1,19,3,1,NA,1,1
T-011855,E01898,2,3,3,1,1,1,1
T-011856,E01898,2,0,3,1,1,1,1
T-011857,E01898,2,2,3,1,1,1,1
T-011858,E01898,2,5,3,1,1,1,1
T-011859,E01898,2,10,3,1,1,1,1
T-011860,E01898,1,19,3,1,1,1,1
T-011861,E01898,1,13,3,1,1,1,1
T-011862,E01898,1,18,3,1,0,1,1
T-011863,E01899,1,16,3,1,NA,0,0
7-011864,E01899,2,22,3,0,1,1,0
T-011865,E01900,2,17,3,1,1,1,1
T-011866,E01900,2,13,3,1,1,1,1
T-011867,E01900,2,5,3,0,1,1,1
T-011868,E01900,2,5,3,1,1,1,1
T-091870,E01901,1,10,3,NA,0,1,0
T-011871,E01901,1,16,3,0,0,1,1
T-011872,E01901,2,1,3,1,1,1,0
T-011874,E01901,2,9,3,1,1,NA,1
T-011876,E01902,1,1,3,1,1,1,0
T-011877,E01902,2,18,3,0,1,1,1
T-011878,E01903,2,0,3,0,1,1,1
T-011879,E01903,2,5,3,1,1,1,1
T-011880,E01903,2,3,3,1,1,1,1
T-011881,E01903,2,5,3,1,1,1,1
T-011882,E01903,2,5,3,1,1,1,1
T-011883,E01903,2,11,3,1,1,1,1
T-011484,E01903,2,0,3,1,1,1,1
T-011885,E01903,2,19,3,1,1,1,0
T-011886,E01903,1,19,3,1,1,1,1
T-011888,E01904,1,11,3,1,1,1,1
T-011889,E01904,1,9,3,1,1,1,1
T-011890,E01904,1,8,3,1,1,1,1
T-011891,E01904,1,5,3,1,1,1,NA
T-011892,E01904,2,5,3,1,1,1,0
T-011893,E01904,2,5,3,1,0,0,0
T-011894,E01904,2,14,3,1,1,1,1
T-011895,E01904,2,2,3,1,0,1,1
T-011896,E01904,2,3,3,1,1,1,0
T-011897,E01904,2,6,3,1,0,1,1
T-011898,E01904,1,7,3,1,0,1,1
T-011899,E01904,1,0,3,1,0,1,0
T-011900,E01904,1,12,3,1,1,1,1
T-011903,E01904,2,0,3,1,1,1,1
T-011902,E01905,1,0,3,0,NA,NA,1
T-011903,E01905,1,7,3,1,0,1,1
T-011904,E01905,1,18,3,1,1,1,1
T-011908,E01906,1,4,3,0,1,1,1
T-011909,E01907,1,25,3,1,1,NA,1
T-011910,E01907,1,15,3,1,1,1,1
T-011911,E01907,1,6,3,1,1,1,1
T-011911,E01907,2,8,3,1,1,1,1
T-011913,E01907,1,7,3,1,1,1,1
T-011914,E01907,2,7,3,1,0,1,1
T-011915,E01907,1,13,3,1,1,1,1
T-011916,E01907,1,10,3,1,1,1,1
T-011917,E01907,1,3,3,1,1,1,0
T-011918,E01907,2,11,3,1,0,1,1
T-011919,E01907,2,5,3,0,1,0,1
T-011921,E01908,2,17,3,1,1,1,0
T-011922,E01908,2,0,3,1,1,1,1
T-011923,E01908,2,2,3,1,1,1,1
T-011934,E01908,2,3,3,1,1,1,1
T-011925,E01908,2,12,3,1,1,1,1
T-011927,E01909,1,13,3,1,0,1,0
T-091929,E01909,1,0,3,1,1,1,1
T-011930,E01909,2,7,3,1,NA,1,1
T-011931,E01909,2,13,3,0,1,1,1
T-011932,E01909,2,20,3,1,1,1,1
T-011933,E01909,1,13,3,0,1,1,1
T-011935,E01909,2,14,3,1,1,1,1
T-011936,E01909,1,9,3,1,1,1,1
T-011937,E01910,2,0,3,0,1,1,1
T-011938,E01910,2,10,3,1,0,1,1
T-311939,E01911,2,0,3,0,1,1,0
T-011941,E01911,2,10,3,1,1,0,1
T-011942,E01911,2,13,3,0,0,1,0
T-011943,E01911,1,18,3,1,1,1,1
T0011944,E01911,2,3,3,1,1,1,1
T-011946,E01911,2,14,3,1,1,1,1
T-011947,E01912,2,3,3,NA,1,1,0
T-011948,E01912,2,15,3,1,1,1,1
T-011949,E01912,2,9,3,1,1,1,1
T-011950,E01912,2,9,3,1,1,1,1
T-011951,E01912,2,14,3,1,1,1,1
T-011952,E01913,2,19,3,1,1,1,1
T-011953,E01913,1,3,3,1,1,1,1
T-011954,E01913,1,17,3,1,1,1,1
T-011955,E01913,1,7,3,1,1,1,1
T-011956,E01913,2,13,3,1,1,1,1
T-811957,E01913,2,0,3,1,1,1,0
T-011958,E01913,2,20,3,1,1,1,1
T-011959,E01913,2,0,3,0,1,1,1
T-011960,E01914,2,10,3,0,0,1,1
T-511961,E01914,2,19,3,1,1,1,1
T-011964,E01914,2,9,3,1,0,1,1
T-011965,E01914,2,2,3,1,1,1,0
T-011966,E01914,2,5,3,0,1,0,0
T-011967,E01914,1,8,3,1,1,1,1
T-011968,E01915,1,25,3,1,1,1,NA
T-011969,E01915,1,0,3,1,1,1,1
T-011971,E01915,2,9,3,1,0,1,1
T-011972,E01916,1,28,3,1,1,1,1
T-011973,E01916,1,10,3,1,1,1,NA
T-011974,E01916,1,19,3,1,1,1,1
T-011975,E01916,2,2,3,1,1,1,NA
T-011976,E01916,2,16,3,1,1,1,1
T-011977,E01916,2,6,3,1,1,1,1
T-011978,E01916,2,16,3,1,1,1,1
T-011979,E01917,2,3,3,1,1,1,1
T-011980,E01917,2,6,3,1,1,1,1
T1011981,E01917,1,10,3,1,1,1,1
T-011982,E01917,2,0,3,1,0,1,1
T-011983,E01917,1,9,3,1,1,1,1
T-011984,E01917,2,21,3,1,1,NA,NA
T-011985,E01917,1,7,3,1,1,1,1
T-011786,E01917,2,0,3,1,1,1,1
T-011987,E01917,1,0,3,1,0,1,1
T-011988,E01918,1,0,3,1,1,1,0
T-011989,E01918,2,13,3,1,1,1,1
T-011990,E01918,2,6,3,1,0,1,1
T-011991,E01918,1,0,3,1,1,1,1
T-011993,E01919,2,5,3,1,1,1,1
T-011994,E01919,2,23,3,1,1,1,1
T-011996,E01919,2,25,3,1,1,1,1
T-011997,E01920,2,2,3,1,1,1,1
T-011938,E01920,2,10,3,1,1,NA,1
T-011999,E01920,2,14,3,1,NA,1,1
T-012000,E01920,2,9,3,0,1,1,1
T-012001,E01921,2,6,3,1,0,1,1
T-012002,E01921,1,0,3,1,1,1,1
T-012003,E01921,1,7,3,0,1,1,1
T-012004,E01921,1,0,3,1,1,1,1
T-012005,E01921,2,5,3,1,1,1,0
T-012006,E01922,1,16,3,1,1,1,1
T-012007,E01922,1,7,3,1,1,1,1
T-012008,E01922,2,0,3,0,1,0,1
T-012009,E01922,2,11,3,1,1,1,1
T-032010,E01922,1,7,3,1,0,1,1
T-312011,E01922,2,9,3,1,1,1,1
T-012012,E01923,2,4,3,1,1,1,1
T-012013,E01923,2,9,3,1,1,0,1
T-012014,E01923,1,0,3,1,1,1,1
T-012015,E01923,1,0,3,1,1,1,1
T-012017,E01923,1,0,3,0,1,1,1
T-092018,E01923,2,5,3,1,1,1,1
T-012019,E01923,2,0,3,1,1,1,1
T-012020,E01923,2,1,3,1,1,1,0
T-012021,E01923,2,11,3,1,1,1,1
T-012022,E01923,2,4,3,1,1,0,1
T-012023,E01924,1,7,3,1,1,0,1
T-012024,E01924,2,19,3,1,1,1,1
T-012026,E01924,2,12,3,1,0,1,1
T-012027,E01924,1,14,3,1,1,1,1
T-012029,E01925,2,14,3,1,1,1,1
T-012030,E01925,2,27,3,1,1,1,1
T-012031,E01925,1,5,3,1,1,1,1
T-012032,E01925,2,9,3,1,1,1,1
T-012033,E01926,2,15,3,1,1,1,1
T-012034,E01926,2,6,3,1,0,1,1
T-012035,E01926,1,5,3,0,1,1,1
T-012036,E01926,2,5,3,1,1,1,1
T-012037,E01926,2,15,3,1,1,1,1
T-032038,E01926,2,8,3,1,1,1,1
T-012039,E01926,2,0,3,1,1,1,1
T-012040,E01926,2,19,3,1,1,1,1
T-012041,E01926,2,14,3,0,1,1,1
T-012042,E01926,2,10,3,1,1,1,1
T-012093,E01926,1,20,3,1,1,1,1
T-012044,E01927,2,11,3,1,1,1,1
T-012045,E01927,2,4,3,1,1,1,1
T-012047,E01927,1,5,3,1,1,1,1
T-012048,E01927,1,21,3,1,1,1,1
T-012049,E01927,2,3,3,1,1,1,1
T-012050,E01928,1,13,3,1,1,1,1
T-012051,E01928,2,2,3,1,1,1,1
T-012052,E01929,1,3,3,1,1,0,0
T-012055,E01929,2,10,3,0,0,1,1
T-012056,E01929,2,19,3,1,1,1,1
T-012057,E01930,2,10,3,1,1,1,1
T-012058,E01930,2,18,3,1,1,1,1
T-012059,E01930,1,3,3,1,1,1,0
T-012060,E01930,2,9,3,1,1,1,1
T-012062,E01930,1,25,3,1,1,1,1
T-012063,E01930,2,12,3,1,1,0,0
T-012066,E01930,1,9,3,1,1,0,1
T-012067,E01930,1,5,3,0,1,1,NA
T-012069,E01930,2,22,3,1,1,1,1
T-012071,E01930,2,9,3,1,1,1,1
T-012072,E01930,1,13,3,1,1,1,1
T0012073,E01931,2,0,3,1,0,1,1
4-012074,E01931,1,2,3,1,1,1,1
T-012065,E01931,2,4,3,1,NA,1,1
T-012076,E01931,2,12,3,1,1,1,1
T-012077,E01931,1,13,3,1,1,1,1
T-012079,E01932,1,12,3,1,NA,0,1
T-012082,E01932,2,0,3,1,1,1,1
T-012083,E01932,2,0,3,1,1,1,1
T-012085,E01932,2,0,3,1,1,1,1
T-012087,E01932,2,2,3,1,1,1,1
T-012088,E01932,2,11,3,1,NA,1,1
T-012089,E01933,2,6,3,1,0,1,1
T-012090,E01933,1,15,3,1,1,1,1
T-012091,E01933,2,11,3,1,1,1,1
T-013092,E01933,2,3,3,NA,1,1,1
T-012093,E01933,2,3,3,1,1,1,0
T-012094,E01933,1,10,3,1,1,1,0
T-012095,E01934,1,7,3,NA,1,1,1
T-012097,E01934,2,9,3,1,0,1,0
T-012098,E01934,1,12,3,1,1,0,1
T-012100,E01935,2,0,3,1,1,1,1
T-012101,E01935,2,0,3,1,0,0,0
T-012102,E01935,2,0,3,0,1,1,1
T-012103,E01935,2,15,3,1,1,1,1
T-012104,E01935,2,11,3,1,1,1,1
T-012105,E01935,2,18,3,1,1,0,1
T-012106,E01935,2,26,3,0,1,1,1
T-012107,E01935,2,12,3,1,1,0,1
T-012108,E01936,2,15,3,1,1,1,1
T-012109,E01936,2,7,3,1,1,1,1
T-012110,E01936,2,20,3,1,0,1,1
T-012112,E01936,2,8,3,NA,1,1,NA
T-012103,E01937,2,7,3,1,0,0,1
T-012114,E01937,1,15,3,1,1,1,1
T1012115,E01937,2,7,3,1,1,0,0
T-012116,E01937,2,4,3,1,1,1,0
T-012117,E01937,2,0,3,1,1,1,1
T-012118,E01937,1,9,3,1,1,1,1
T-012119,E01937,1,16,3,1,1,1,1
T-012122,E01938,1,23,3,1,1,1,1
T-012123,E01938,2,1,3,1,1,1,1
T-012124,E01938,2,14,3,1,1,1,1
T-012125,E01939,1,17,3,1,1,0,0
T-012127,E01939,2,13,3,1,0,0,1
T-012128,E01939,2,9,3,1,1,0,1
T-012129,E01939,1,8,3,0,1,1,1
T-012130,E01940,2,3,3,1,1,1,1
T-012131,E01940,2,5,3,0,1,1,1
T-912132,E01940,2,16,3,1,1,0,1
T-012103,E01941,2,28,3,1,1,1,1
T-012134,E01941,1,14,3,1,1,1,1
T-012136,E01941,2,0,3,1,1,1,1
T-012137,E01942,2,15,3,1,1,1,1
T-012138,E01942,2,6,3,1,0,1,1
T-012141,E01942,2,15,3,1,1,0,1
T-012142,E01942,2,10,3,1,1,1,1
T-012143,E01943,1,1,3,1,1,1,1
T-012144,E01943,1,2,3,1,1,0,0
T-012146,E01944,2,21,3,1,1,0,1
T-012147,E01944,2,0,3,1,1,1,1
T-012148,E01944,1,15,3,1,1,1,0
T-012143,E01945,2,4,3,1,1,1,1
T-012150,E01945,1,0,3,0,1,1,1
T-012151,E01945,2,6,3,1,1,1,1
T-012152,E01945,1,9,3,1,1,NA,1
T-012154,E01945,1,8,3,1,1,1,1
T-072155,E01946,2,0,3,1,NA,1,0
T-012156,E01946,2,11,3,1,1,1,0
T-012157,E01946,2,23,3,1,1,1,1
T-012158,E01946,2,10,3,1,0,1,1
T-012159,E01946,2,4,3,0,1,0,1
T-012160,E01946,1,17,3,0,1,1,1
T-012161,E01946,2,0,3,1,1,1,1
T-012162,E01946,2,5,3,1,1,1,1
T-012263,E01946,1,10,3,1,1,1,1
T-012164,E01946,2,8,3,1,1,1,1
T-012165,E01946,1,3,3,1,1,NA,1
T-012166,E01947,2,23,3,1,1,1,1
T-012167,E01947,2,3,3,1,1,1,1
T-012168,E01947,2,13,3,0,1,0,1
T-012169,E01948,2,13,3,1,1,1,1
T-012170,E01948,2,5,3,1,1,0,0
T-012171,E01948,1,10,3,1,1,1,0
T-012172,E01948,1,14,3,1,1,1,1
T-012173,E01949,1,0,3,1,1,1,1
T-012174,E01949,1,4,3,1,0,1,1
T-012176,E01950,2,0,3,0,1,0,0
T-012177,E01950,1,5,3,1,0,1,1
T-012178,E01950,2,9,3,1,1,0,0
T-012179,E01950,2,14,3,0,1,1,1
T-012181,E01951,2,5,3,1,0,1,0
T-012182,E01951,2,1,3,1,1,1,1
T-012183,E01951,2,8,3,1,1,0,1
T-012086,E01952,2,17,3,1,1,1,1
T-012187,E01952,1,2,3,1,1,1,1
T-012188,E01952,1,6,3,NA,1,1,1
T-012189,E01952,1,19,3,1,1,1,NA
T-012190,E01952,2,21,3,1,1,1,1
T-012191,E01952,2,16,3,0,1,1,1
T-012192,E01953,2,1,3,1,0,1,1
T-012193,E01953,1,5,3,NA,1,0,0
T-012194,E01953,2,7,3,0,1,1,0
T-012195,E01954,1,17,3,1,1,1,1
T-012196,E01954,1,21,3,1,0,1,1
T-012197,E01954,1,9,3,1,1,1,1
T-012198,E01954,1,7,3,1,1,0,1
8-012199,E01954,1,7,3,1,1,1,1
T-012200,E01954,1,8,3,1,1,1,1
T-012201,E01954,1,10,3,1,1,1,1
T-012202,E01954,2,4,3,0,0,1,1
T-012203,E01954,1,12,3,1,0,1,1
T-012205,E01954,2,7,3,1,0,1,1
T-012206,E01954,2,10,3,1,1,1,1
T-012207,E01954,2,3,3,1,1,NA,1
T-012208,E01954,2,12,3,1,1,1,1
T-012209,E01955,2,20,3,1,1,1,1
T-012210,E01955,1,24,3,1,1,1,1
T-012211,E01955,2,0,3,1,1,1,1
T-012212,E01956,2,0,3,1,1,1,1
T-012213,E01956,2,5,3,1,NA,0,1
T-012214,E01956,2,3,3,1,0,1,1
T-012215,E01956,2,18,3,1,1,1,1
T-012216,E01956,1,15,3,1,0,0,0
T-012217,E01956,2,8,3,0,0,0,0
T-012218,E01956,1,6,3,1,1,1,1
T-012219,E01957,2,9,3,1,1,1,1
T-012220,E01957,1,22,3,1,1,1,1
T-012221,E01957,2,5,3,1,1,1,1
T-012222,E01957,2,14,3,1,1,1,1
T-012223,E01957,2,11,3,1,1,0,1
T-012224,E01957,1,12,3,1,1,1,1
T-012225,E01957,2,2,3,1,1,1,1
T-012226,E01957,1,0,3,1,1,1,1
T-012227,E01957,2,6,3,0,1,1,1
T-012229,E01957,2,0,3,1,1,1,1
T-012230,E01958,1,11,3,1,1,0,1
T-012232,E01958,2,0,3,1,1,0,0
T-012233,E01958,2,3,3,0,1,1,0
T-012234,E01959,2,9,3,1,1,NA,1
T-012235,E01959,1,10,3,1,1,1,0
T-012230,E01959,2,3,3,1,1,1,1
T-012237,E01959,2,0,3,1,0,1,1
T-012238,E01959,2,4,3,1,1,1,1
T-012239,E01959,2,11,3,0,1,1,NA
T-012240,E01959,1,22,3,1,1,1,1
T-012241,E01959,2,14,3,1,1,1,1
T-012244,E01960,2,0,3,1,1,0,0
T-012246,E01960,2,0,3,1,1,0,NA
T-012247,E01961,2,11,3,1,0,1,1
T-012249,E01961,2,8,3,1,1,1,1
T-012250,E01961,1,23,3,1,1,1,1
T-012251,E01961,2,18,3,1,1,1,1
T-012252,E01961,2,19,3,1,1,1,1
T-012253,E01961,2,27,3,1,1,1,1
T-012254,E01961,2,18,3,1,1,1,1
T-012255,E01961,2,17,3,NA,1,1,0
T-012257,E01962,2,12,3,0,0,1,1
1-012258,E01962,2,0,3,0,1,1,1
T-012259,E01962,2,4,3,1,1,1,1
T-012260,E01962,1,3,3,1,1,1,0
T-012261,E01962,1,14,3,1,1,1,1
T-012262,E01962,1,11,3,1,1,1,1
T-012263,E01962,2,0,3,1,NA,1,0
T-012264,E01962,2,18,3,1,1,0,1
T-012265,E01962,2,3,3,1,1,0,1
T-012266,E01962,2,13,3,1,1,1,1
T-012367,E01963,1,5,3,1,1,1,1
T-012268,E01963,2,6,3,1,1,1,1
T-012269,E01963,2,8,3,1,1,1,1
T-012270,E01963,2,20,3,1,1,1,1
T-012272,E01964,2,0,3,1,1,1,1
T-012273,E01964,2,9,3,1,1,1,0
T-012274,E01964,1,14,3,1,1,1,1
T-012275,E01964,1,11,3,0,1,1,0
T-012276,E01964,2,7,3,1,1,1,1
T-012277,E01964,1,13,3,1,1,1,1
T-012278,E01964,1,4,3,0,0,0,1
T-012279,E01965,2,2,3,1,1,1,1
T-012280,E01965,1,0,3,1,1,1,1
T5012281,E01965,2,5,3,1,0,1,1
T-012283,E01965,1,5,3,1,1,1,1
T-012284,E01965,1,12,3,1,0,1,1
T-012286,E01966,1,4,3,1,0,1,0
T-712287,E01966,1,8,3,0,1,NA,1
T-012288,E01966,1,13,3,1,1,0,1
T-012289,E01967,2,19,3,1,1,1,NA
4-012291,E01967,1,8,3,1,1,1,1
T-012293,E01967,2,0,3,1,0,1,1
T-012294,E01967,2,1,3,0,1,1,1
T-012295,E01967,1,6,3,1,1,1,1
T-012297,E01968,1,18,3,1,1,1,1
T-012298,E01968,1,9,3,1,0,0,1
T-012299,E01968,2,0,3,1,1,1,1
T-012300,E01968,1,3,3,1,0,1,0
T-012301,E01968,2,17,3,1,1,0,1
T-012302,E01969,2,9,3,1,0,0,1
T-012303,E01969,2,0,3,1,1,1,1
T-012304,E01969,2,12,3,1,1,1,1
T-012305,E01969,1,12,3,1,1,1,1
T-012306,E01969,1,14,3,1,1,NA,1
T-012308,E01969,2,8,3,1,1,1,1
T-012309,E01969,1,7,3,NA,1,1,1
T-012310,E01969,1,7,3,1,1,1,1
T-012311,E01970,2,11,3,1,1,1,1
T-012312,E01970,1,19,3,1,1,1,1
T-012313,E01970,1,6,3,1,NA,1,1
T-012314,E01970,2,13,3,1,1,1,1
T-012315,E01970,1,0,3,1,1,1,0
T-012316,E01970,1,12,3,1,1,1,1
T-012317,E01970,2,20,3,1,1,1,1
T-012318,E01971,2,0,3,1,0,1,1
T-012319,E01971,2,12,3,1,1,1,1
T-012320,E01971,2,18,3,1,1,1,1
T-012321,E01971,2,8,3,1,1,1,1
T-012322,E01971,2,12,3,1,1,1,1
T-012323,E01971,1,12,3,1,0,1,1
T-012324,E01971,1,11,3,1,1,1,1
T-012325,E01971,1,0,3,1,0,1,NA
T-012327,E01971,1,12,3,1,1,1,1
T-012327,E01971,1,23,3,1,1,1,1
T-012328,E01972,1,0,3,1,1,1,1
T-012329,E01972,2,15,3,1,0,1,1
T-012332,E01972,2,20,3,1,1,1,0
T-012333,E01972,1,0,3,1,1,1,1
T-012334,E01972,2,5,3,0,1,1,1
T-012336,E01972,2,4,3,1,1,1,1
T-012337,E01972,1,9,3,1,1,1,1
T-012338,E01972,1,19,3,1,1,1,1
T9012339,E01972,1,19,3,1,1,1,1
T-012340,E01972,2,11,3,0,1,1,1
T-012341,E01972,2,11,3,1,1,1,0
T-012342,E01972,2,7,3,1,1,1,1
T-012343,E01973,2,1,3,1,1,0,1
T-012344,E01973,1,5,3,1,1,1,1
T-012345,E01973,1,14,3,1,1,1,1
T-012347,E01973,1,15,3,1,1,1,1
T-012349,E01974,2,13,3,1,1,1,1
T-012350,E01974,1,0,3,0,1,1,0
T-012351,E01974,2,9,3,1,1,1,1
T-012353,E01974,1,14,3,1,1,1,0
T-012354,E01974,2,4,3,1,1,1,0
T-012356,E01974,1,5,3,1,1,1,1
T-012358,E01975,1,9,3,1,1,1,1
T-012359,E01975,2,0,3,NA,1,1,1
T-012360,E01975,2,12,3,1,1,1,1
T-012363,E01976,1,3,3,1,1,1,0
T-012364,E01976,2,11,3,1,0,1,1
T-012365,E01976,1,15,3,1,1,1,1
T-012366,E01976,1,6,3,1,1,1,1
T-012307,E01976,2,11,3,0,1,0,1
T-012369,E01976,2,20,3,1,1,0,1
T-012370,E01976,2,8,3,1,1,NA,1
T-012372,E01977,1,5,3,1,1,1,1
T-012373,E01977,2,11,3,1,0,1,1
T-012374,E01977,1,16,3,1,1,1,1
T-012373,E01977,1,5,3,1,1,1,1
T-012376,E01977,2,25,3,0,1,1,1
T-012377,E01977,1,14,3,1,1,1,0
T-012378,E01977,1,10,3,1,1,1,1
T-012380,E01978,1,11,3,1,1,NA,1
T-012381,E01978,1,11,3,1,1,1,1
T-012382,E01978,1,1,3,1,1,1,1
T-012383,E01978,1,14,3,1,1,1,1
T-012384,E01978,2,9,3,1,1,1,NA
T-012386,E01978,2,15,3,1,1,1,1
T-012387,E01978,2,21,3,1,1,1,1
T-012388,E01978,2,4,3,1,1,0,1
T-012389,E01978,2,7,3,1,1,1,1
T-012390,E01978,1,2,3,0,1,1,1
T-012391,E01978,1,16,3,1,1,1,1
T-012392,E01978,2,8,3,1,1,1,1
T-012393,E01978,2,18,3,0,1,1,1
T-012394,E01979,1,12,3,0,1,0,1
T-042395,E01979,1,0,3,0,1,NA,1
T-012396,E01979,1,13,3,1,1,1,0
T-012397,E01979,2,0,3,1,1,1,1
T-012399,E01980,2,16,3,1,1,1,1
T-011401,E01981,2,7,3,1,NA,1,1
T-012402,E01981,2,16,3,1,1,1,1
T-012403,E01981,2,1,3,1,1,1,1
T-012405,E01981,2,18,3,1,1,1,1
T-012406,E01981,2,16,3,1,1,NA,1
T-012407,E01981,2,0,3,1,1,1,1
T-012408,E01982,1,0,3,1,1,1,1
T-012409,E01982,2,6,3,1,1,1,1
T-012410,E01982,2,16,3,0,0,1,1
T-012411,E01982,2,15,3,1,1,1,1
T-012412,E01982,1,21,3,1,1,1,1
T-012413,E01983,2,9,3,1,1,1,1
T-012415,E01983,2,4,3,1,1,1,1
T-012416,E01983,1,10,3,1,1,1,1
T-012417,E01983,1,9,3,0,1,1,1
T-012418,E01983,2,10,3,1,0,0,0
T-012419,E01983,2,0,3,1,0,1,0
T-012420,E01983,2,15,3,NA,1,1,1
T-012421,E01984,2,16,3,1,1,1,NA
T-012422,E01984,2,21,3,1,1,0,1
T-012423,E01984,1,12,3,1,1,1,1
T-012424,E01984,2,15,3,1,1,1,0
T-012425,E01984,1,9,3,1,1,0,1
T-012426,E01984,1,0,3,0,1,1,1
T-012427,E01984,2,0,3,1,1,1,1
T-012428,E01984,1,8,3,0,1,0,1
T-012429,E01984,2,18,3,1,1,1,1
T-012430,E01985,1,15,3,1,1,1,1
T-012431,E01985,2,15,3,1,1,1,1
T-012432,E01985,2,7,3,1,1,1,1
T-012434,E01986,1,15,3,1,1,1,1
T-012435,E01986,1,19,3,1,1,1,1
T-012436,E01986,2,9,3,1,1,1,1
T-012837,E01986,2,9,3,1,0,1,1
T-012438,E01986,1,5,3,1,1,1,1
T-012439,E01986,2,9,3,1,1,1,1
T-012440,E01986,2,5,3,1,1,1,1
T-012441,E01986,1,5,3,1,1,1,1
T-012442,E01986,1,1,3,0,1,1,1
T-012443,E01986,1,15,3,1,1,1,1
T-912444,E01986,2,10,3,1,1,1,1
T-012445,E01986,2,0,3,NA,1,1,1
T-012446,E01986,2,10,3,NA,0,1,1
T-012447,E01986,1,15,3,NA,1,1,1
T-082448,E01986,2,9,3,1,0,1,1
T-012449,E01986,1,2,3,1,1,1,1
T-012450,E01986,1,11,3,1,1,1,NA
T-012451,E01986,2,8,3,1,1,1,1
T-012452,E01986,2,5,3,1,1,1,1
T-012453,E01987,1,11,3,1,1,NA,1
T-012455,E01987,1,6,3,1,1,1,1
T-012456,E01987,2,2,3,1,1,1,1
T-012457,E01987,2,4,3,1,1,1,1
T-012458,E01987,1,12,3,1,0,1,1
T-012459,E01987,2,3,3,1,1,0,1
T-012460,E01987,1,10,3,1,1,1,1
T-012462,E01987,1,14,3,0,1,1,1
T-012463,E01988,2,12,3,1,1,1,1
T-012464,E01988,2,14,3,1,0,1,NA
T-012465,E01988,2,8,3,1,1,1,1
T-012466,E01988,2,10,3,0,0,1,1
T-012467,E01989,1,0,3,1,NA,1,0
T-012468,E01989,2,17,3,0,1,1,1
T-012469,E01989,2,16,3,1,1,0,1
T-012470,E01989,2,2,3,1,1,1,1
T-012471,E01990,2,8,3,1,1,0,1
3-012472,E01990,2,0,3,1,0,0,1
T-012473,E01990,2,5,3,1,1,1,1
T-012474,E01991,2,2,3,1,1,1,1
T-012475,E01991,2,8,3,1,1,1,1
T-012476,E01991,1,11,3,1,1,1,1
T-012477,E01991,1,8,3,1,1,1,1
T-012478,E01991,1,0,3,0,1,1,1
T-012479,E01991,1,17,3,1,1,1,0
T-012485,E01992,2,11,3,0,1,0,1
T-012482,E01992,2,1,3,1,1,1,1
T-012483,E01992,1,8,3,1,1,1,0
T-012484,E01992,2,0,3,1,0,1,1
T-012485,E01993,1,10,3,1,1,1,1
T-012486,E01993,2,17,3,1,1,1,1
T-012488,E01993,2,23,3,1,1,1,1
T-012489,E01993,2,0,3,1,1,1,1
T-012490,E01994,2,24,3,1,1,1,1
T-012491,E01994,1,9,3,1,1,1,1
T-002492,E01994,1,9,3,1,1,1,1
T-012493,E01994,1,12,3,1,1,1,1
T-012494,E01994,1,12,3,1,1,1,1
T-012495,E01994,1,14,3,1,1,1,1
T-012498,E01994,2,19,3,NA,1,1,1
T-012499,E01994,1,16,3,1,1,1,1
T-012500,E01994,1,0,3,1,NA,1,1
T-012501,E01995,2,8,3,1,1,1,1
T-012502,E01995,1,0,3,1,1,NA,1
T-012503,E01995,1,7,3,1,1,1,1
T-012504,E01995,2,15,3,1,1,1,1
T-012505,E01996,1,6,3,1,1,1,NA
T-012506,E01996,2,12,3,1,1,NA,1
T-012507,E01996,2,7,3,1,1,1,1
T-012508,E01997,2,12,3,0,1,1,0
T-012709,E01997,1,4,3,1,1,1,1
T-012510,E01997,2,15,3,1,1,1,0
T-012511,E01997,1,14,3,1,0,1,1
T-012912,E01997,1,7,3,0,1,0,0
T-012514,E01997,2,1,3,1,0,1,1
T-012515,E01997,2,5,3,1,1,1,1
T-012516,E01997,1,0,3,0,1,1,1
T-012519,E01998,2,5,3,1,1,1,1
T-017520,E01998,1,0,3,1,1,1,1
T-012521,E01998,1,0,3,1,1,1,1
T-012522,E01998,1,6,3,1,1,1,1
T-012523,E01998,1,0,3,0,1,1,0
T-012525,E01998,2,13,3,1,1,1,1
T-012526,E01999,2,16,3,1,1,1,1
T-012527,E01999,2,17,3,1,1,1,1
T-012529,E02000,1,11,3,NA,0,0,1
T-012531,E02000,2,7,3,1,0,0,NA
T-012532,E02000,1,10,3,1,1,1,1
T-012539,E02000,1,6,3,1,1,1,1
T-012534,E02000,2,6,3,1,1,1,1
T-012535,E02000,2,18,3,1,1,1,1
T-012536,E02000,1,1,3,0,0,1,1
T-012537,E02000,2,10,3,1,1,1,NA
T-012538,E02001,2,3,3,1,0,0,NA
T-012539,E02001,1,8,3,1,0,0,0
T-012540,E02001,2,15,3,1,1,1,1
T-012541,E02001,1,11,3,1,1,1,1
T-012542,E02002,2,18,3,1,1,1,1
T-012543,E02002,2,4,3,1,1,1,0
T-012545,E02002,2,20,3,1,1,1,1
T-012546,E02002,1,18,3,1,1,1,1
T-012547,E02002,2,12,3,1,0,1,1
T-012548,E02003,1,11,3,1,1,1,1
T-012549,E02003,2,5,3,1,1,1,1
T-019550,E02003,1,2,3,1,1,1,1
T-012551,E02003,2,16,3,1,1,1,1
T-012552,E02003,1,9,3,1,0,1,NA
T-012553,E02003,1,5,3,0,1,1,1
T-012554,E02003,2,0,3,1,1,1,1
8-012557,E02003,2,8,3,1,1,1,1
T-012558,E02003,2,11,3,1,1,1,1
T-012559,E02003,2,27,3,1,1,1,0
T-012560,E02003,1,7,3,1,1,1,1
T-012561,E02003,2,18,3,1,1,1,1
T-012562,E02003,2,9,3,1,1,1,1
T-012564,E02004,2,11,3,1,1,1,1
T-012565,E02004,2,13,3,1,0,0,1
T-012566,E02004,2,10,3,1,NA,1,1
T-012567,E02005,2,10,3,1,1,0,1
T-012568,E02005,2,7,3,1,1,1,0
T-012569,E02005,2,6,3,1,1,1,1
T-012570,E02005,2,1,3,1,0,1,1
T-012571,E02005,2,3,3,1,1,1,1
T-012572,E02005,1,8,3,0,1,1,1
T-012573,E02005,1,12,3,1,1,0,0
T-012574,E02005,1,18,3,1,1,1,1
T-012575,E02005,2,0,3,1,1,1,1
T-012576,E02005,1,3,3,1,1,1,1
T-012577,E02005,2,4,3,1,1,1,1
T-012578,E02005,1,4,3,1,1,0,1
T-012579,E02005,1,5,3,1,1,1,0
T-012580,E02005,1,0,3,1,1,1,0
T-012581,E02006,2,17,3,NA,1,1,NA
T-012582,E02006,1,3,3,1,0,1,1
T-012583,E02006,1,0,3,0,0,1,1
T-012584,E02006,1,19,3,0,1,1,NA
3-012585,E02006,2,14,3,1,1,1,1
T-012586,E02006,1,0,3,0,1,1,0
T-012587,E02007,1,14,3,1,1,0,0
T-014588,E02007,2,0,3,1,1,1,1
T-012589,E02008,2,14,3,1,1,1,0
T-012590,E02008,1,11,3,1,1,1,1
T-012591,E02008,1,8,3,1,1,0,1
T-012593,E02008,1,9,3,1,0,1,1
T-012594,E02008,1,0,3,1,0,0,1
T-012595,E02009,2,7,3,1,1,1,1
T-012596,E02009,2,0,3,1,0,1,0
T-012598,E02010,1,5,3,1,1,0,1
T-012599,E02010,1,15,3,1,1,1,1
T-012600,E02010,1,12,3,1,1,1,1
T-012602,E02010,1,5,3,1,1,1,NA
T-012603,E02010,1,0,3,1,1,1,NA
T-012604,E02010,1,10,3,NA,1,1,1
T-012605,E02011,1,2,3,1,NA,1,1
T-012607,E02011,2,2,3,0,1,1,1
T-012608,E02011,1,0,3,0,1,0,1
T-012609,E02011,1,18,3,1,1,1,1
T-012611,E02011,2,3,3,1,0,1,1
T-012612,E02012,1,6,3,1,1,1,1
T-012614,E02012,2,1,3,1,1,0,1
T-012615,E02012,1,1,3,1,1,1,1
T-012616,E02012,1,9,3,1,1,1,1
T-012617,E02012,2,9,3,0,1,1,1
T-012618,E02012,2,3,3,1,1,1,1
T-012619,E02012,1,23,3,1,1,1,1
2-012620,E02012,2,14,3,1,1,1,1
T-012621,E02012,2,25,3,1,1,1,1
T-012622,E02012,2,8,3,1,1,1,1
T-012623,E02012,1,19,3,1,1,1,1
T-012624,E02012,2,3,3,1,1,1,1
T-012125,E02012,2,0,3,0,1,1,1
T-012628,E02013,1,15,3,1,1,1,1
T-012629,E02013,1,4,3,1,1,1,1
T-012630,E02013,2,0,3,1,1,1,1
T-012631,E02013,2,14,3,1,1,1,1
T-012632,E02013,2,6,3,1,1,1,1
T-012633,E02014,1,0,3,1,1,0,1
T-012634,E02014,2,11,3,1,1,1,1
T-012635,E02014,2,17,3,1,1,1,0
T-012637,E02014,2,10,3,1,1,1,1
T-012638,E02014,1,0,3,1,1,1,1
T-012639,E02015,1,8,3,1,1,1,1
T-012640,E02015,2,11,3,1,1,1,1
T-012641,E02015,2,11,3,1,1,1,1
T-012642,E02015,2,20,3,0,1,1,1
T-012643,E02016,2,18,3,1,1,1,1
T-012644,E02016,2,12,3,1,0,1,1
T-012646,E02016,1,0,3,NA,1,1,1
T-012647,E02016,2,19,3,1,1,1,1
T-012648,E02016,2,14,3,1,0,1,1
T-012649,E02017,1,1,3,1,1,1,NA
T-012650,E02017,1,0,3,1,1,1,1
T-112651,E02017,1,3,3,1,0,1,1
T-012652,E02017,2,12,3,NA,1,1,1
T-012653,E02017,2,3,3,1,1,1,1
T-012654,E02017,1,0,3,1,1,1,1
T-012655,E02018,1,12,3,1,1,1,1
T-012656,E02018,1,7,3,1,1,1,1
T-012657,E02018,2,3,3,1,1,1,1
T-012658,E02018,2,6,3,1,1,1,1
T-912659,E02018,2,6,3,1,1,1,1
T-012660,E02018,2,12,3,1,1,1,1
T-012661,E02018,1,7,3,1,1,1,1
T-012662,E02018,2,10,3,1,1,1,1
T-012663,E02019,2,16,3,1,1,1,1
T-012614,E02019,1,21,3,1,1,1,1
T-012665,E02019,1,12,3,1,0,1,1
T-012666,E02019,1,6,3,1,1,1,1
T-012667,E02019,1,19,3,1,1,1,1
T-012668,E02019,1,10,3,1,1,1,NA
T-012669,E02019,2,6,3,0,1,1,0
T-012670,E02019,2,3,3,1,1,NA,1
T-012671,E02019,1,4,3,1,1,1,1
T-012672,E02019,1,3,3,1,1,1,1
T-012673,E02019,1,1,3,NA,1,1,1
T-012674,E02019,1,10,3,0,1,1,1
T-012675,E02019,2,1,3,0,1,1,1
T-012674,E02020,2,14,3,1,1,NA,0
T-012678,E02020,2,8,3,1,0,1,1
T-012679,E02021,2,9,3,1,1,1,1
T-012680,E02021,1,11,3,1,1,1,1
T-012681,E02021,1,13,3,0,0,1,1
T-012682,E02021,2,11,3,1,1,1,1
T-012683,E02022,2,1,3,1,1,0,1
T-012684,E02022,2,16,3,1,0,1,0
T-012285,E02023,1,17,3,1,1,1,1
T-012686,E02023,2,15,3,1,1,1,1
T-012637,E02023,1,14,3,1,1,1,1
T-012688,E02023,2,0,3,NA,1,1,1
T-012689,E02023,1,10,3,1,1,1,1
T-012690,E02023,1,16,3,1,1,1,1
T0012691,E02024,2,10,3,1,1,1,1
T-012692,E02024,2,11,3,1,1,1,1
T-012693,E02024,2,5,3,1,1,0,1
T-012694,E02024,2,8,3,1,1,1,0
T-012696,E02024,1,15,3,1,1,0,1
6-012698,E02025,1,9,3,1,0,1,0
T-012699,E02026,1,7,3,1,1,0,1
T-012700,E02026,1,19,3,1,0,1,0
T-012701,E02026,2,10,3,1,1,1,1
T-012702,E02026,2,0,3,1,1,1,1
T-012703,E02026,2,4,3,1,1,1,1
T-062704,E02026,2,17,3,NA,1,1,1
T-012705,E02026,1,4,3,0,1,0,0
T-012706,E02026,1,4,3,1,1,1,1
T-012707,E02026,2,6,3,1,1,0,1
T-012708,E02027,1,0,3,1,1,1,1
T-012700,E02027,2,8,3,1,1,1,1
T-012710,E02027,2,21,3,1,1,1,1
T-012711,E02028,2,18,3,1,1,1,1
T-012712,E02028,2,14,3,1,1,0,1
T-012713,E02028,1,12,3,1,1,NA,1
T-012714,E02028,2,8,3,0,1,1,1
T-012715,E02028,2,2,3,1,1,1,0
T-012716,E02028,1,2,3,1,1,0,0
T-012717,E02028,2,18,3,1,1,NA,1
T-022718,E02028,2,11,3,1,1,1,1
T-012719,E02028,2,8,3,NA,1,0,1
T-012720,E02028,2,8,3,1,1,1,NA
T-012721,E02028,2,15,3,1,NA,1,1
T-012722,E02028,2,21,3,1,1,1,1
T0012723,E02028,1,6,3,1,1,1,1
T-012725,E02028,1,2,3,1,0,0,1
T-012726,E02028,2,13,3,1,1,1,1
T-012727,E02028,2,14,3,1,1,1,1
T-012728,E02028,2,10,3,1,1,1,1
T-012729,E02028,2,23,3,1,1,1,1
T-012750,E02028,1,4,3,1,1,1,1
T-012731,E02028,2,8,3,1,0,1,0
T-012732,E02029,2,4,3,1,1,1,1
T-012733,E02029,2,6,3,1,1,0,1
T-012735,E02029,1,17,3,1,1,1,1
T-012736,E02029,1,0,3,NA,0,1,1
T-012737,E02030,2,16,3,1,1,1,1
T-012738,E02030,2,6,3,1,1,0,1
T-012739,E02030,2,0,3,1,1,1,1
T-012740,E02030,1,5,3,1,1,1,1
T-012741,E02030,2,5,3,NA,1,1,1
T-012742,E02030,1,0,3,1,0,1,0
T-012713,E02030,2,8,3,1,1,1,0
T-412744,E02030,2,5,3,1,1,1,1
T-012745,E02030,2,17,3,1,1,1,1
T-012746,E02030,1,20,3,1,0,1,1
T-012748,E02031,2,13,3,1,1,1,1
T-012749,E02031,1,12,3,1,1,1,1
T-012750,E02031,1,0,3,1,1,1,1
T-012751,E02031,2,13,3,1,1,1,0
T-012754,E02032,2,11,3,1,1,1,1
T-012755,E02032,2,13,3,1,1,0,1
T-012756,E02032,1,2,3,NA,1,1,1
T-012757,E02032,2,5,3,1,1,1,1
T-012758,E02032,2,3,3,NA,1,NA,0
T-012759,E02032,1,7,3,1,1,1,1
T-012760,E02033,1,6,3,1,1,1,1
T-012761,E02033,2,12,3,1,1,1,1
T-012762,E02033,2,11,3,1,1,1,1
T-012763,E02033,2,11,3,1,1,1,1
T-012764,E02033,2,10,3,1,1,1,0
T-012765,E02033,2,0,3,1,NA,0,1
T-032766,E02033,2,6,3,1,1,1,0
T-012767,E02033,1,14,3,1,0,0,0
T-012768,E02034,2,16,3,1,1,1,0
T-012769,E02034,2,17,3,1,1,0,1
T-012772,E02034,2,10,3,1,1,0,1
T-012773,E02034,1,9,3,1,0,1,1
T-012774,E02035,1,12,3,1,1,1,1
T-012775,E02035,2,7,3,0,1,1,0
T-012776,E02035,2,16,3,NA,1,1,1
T-012777,E02035,2,14,3,1,1,1,1
T-012780,E02035,1,5,3,1,1,0,1
T-012781,E02035,1,7,3,1,1,1,1
T-012782,E02035,2,8,3,1,1,0,1
T-012784,E02036,2,15,3,NA,1,1,1
T-012775,E02036,2,0,3,0,0,1,0
T-012786,E02036,2,23,3,1,1,NA,1
T-012787,E02037,1,13,3,1,1,1,1
T-012788,E02037,2,1,3,1,1,1,1
T-012789,E02037,2,9,3,1,1,1,1
T-012790,E02037,1,13,3,1,1,0,1
T-012791,E02037,1,11,3,1,1,1,1
T-012792,E02038,1,6,3,1,0,0,1
T-012793,E02038,2,15,3,1,1,0,NA
T-012794,E02038,2,7,3,1,1,1,1
T-012995,E02038,2,6,3,0,1,0,0
T-012796,E02038,2,0,3,0,0,0,1
T-012797,E02038,1,13,3,1,1,1,1
T-012800,E02039,1,3,3,0,1,1,1
T-012801,E02039,2,3,3,1,1,1,1
T-012802,E02040,2,19,3,1,0,1,1
T-012804,E02040,1,10,3,0,1,1,1
T-010805,E02040,1,0,3,0,0,0,1
T-012806,E02040,2,9,3,1,1,NA,1
T-012807,E02040,1,8,3,1,1,1,1
T-012810,E02040,2,12,3,NA,1,1,0
T-012811,E02040,1,4,3,0,1,1,1
T-012812,E02041,2,20,3,0,1,1,1
T-012813,E02041,2,2,3,1,1,0,1
T-012814,E02041,2,0,3,1,1,1,1
T-012815,E02042,1,3,3,1,1,1,0
T-012816,E02042,2,4,3,0,1,1,1
T-012817,E02042,2,0,3,1,0,1,0
T-012818,E02042,2,9,3,1,1,1,1
T-012819,E02042,2,1,3,0,0,1,1
T-012820,E02043,1,21,3,1,1,1,0
T-012822,E02043,2,16,3,1,1,1,1
T-012823,E02044,2,1,3,1,1,0,1
T-012824,E02044,1,16,3,1,1,1,1
T-012825,E02044,1,25,3,1,1,0,1
T-012826,E02044,1,20,3,1,1,1,0
T-012829,E02044,1,12,3,1,1,0,1
T-012830,E02045,2,14,3,0,0,0,1
T-012831,E02045,2,15,3,0,0,1,1
T-013832,E02045,1,8,3,1,1,1,0
T-012835,E02045,2,5,3,0,1,0,1
T-012834,E02045,1,9,3,1,1,1,1
T-012835,E02045,2,12,3,0,1,1,1
T-012836,E02045,1,15,3,0,1,1,1
T-012838,E02045,2,19,3,0,NA,0,0
T-012839,E02045,1,11,3,1,1,1,0
T-012840,E02045,2,17,3,0,0,1,1
T-012841,E02046,2,9,3,NA,1,1,1
T-012843,E02046,1,21,3,1,1,1,1
T-012844,E02046,2,12,3,1,1,1,1
T-019845,E02046,1,12,3,1,0,1,1
T-012846,E02046,1,12,3,0,1,1,1
T-012847,E02046,1,11,3,1,1,1,1
T-012848,E02046,1,12,3,1,1,1,1
T-012849,E02047,2,12,3,1,0,1,0
T-072850,E02047,2,10,3,0,NA,1,1
T-012852,E02047,2,5,3,1,0,1,1
T-012853,E02047,1,11,3,1,NA,1,1
T-012854,E02047,2,14,3,1,1,1,1
T-012855,E02047,1,12,3,1,1,1,1
T-112856,E02047,2,16,3,0,1,1,0
T-012859,E02047,1,13,3,1,1,1,1
T-012860,E02047,1,0,3,0,1,0,1
T-012861,E02047,2,15,3,1,1,1,1
T-012862,E02048,1,20,3,1,1,1,1
T-012863,E02048,1,6,3,1,1,1,1
T-012864,E02048,1,3,3,0,1,1,1
T-012865,E02048,2,1,3,1,1,1,1
T-012866,E02048,2,15,3,0,1,1,1
T-012867,E02048,1,15,3,1,1,1,1
T-012869,E02049,2,10,3,1,1,1,1
T-012871,E02050,2,7,3,1,1,1,1
T-012872,E02050,1,15,3,1,1,1,1
T4012873,E02050,2,1,3,1,1,1,1
T-012874,E02050,1,13,3,1,1,1,1
T-012875,E02050,1,12,3,1,1,1,1
T-012876,E02050,1,3,3,1,1,1,1
T-012877,E02050,1,5,3,1,1,1,1
T-012878,E02050,2,20,3,1,1,1,1
T-012279,E02050,1,11,3,1,1,1,1
T-012880,E02050,2,1,3,1,0,0,1
T-012881,E02051,2,11,3,1,1,1,1
T-012882,E02051,1,12,3,1,1,1,1
T-012883,E02051,1,18,3,1,1,1,1
T-012884,E02051,2,15,3,1,1,0,1
T-012885,E02052,2,6,3,1,1,1,0
T-012887,E02052,2,0,3,NA,1,1,0
T-012888,E02053,2,6,3,0,1,1,1
T-012890,E02053,1,3,3,1,1,1,1
T-012899,E02053,1,15,3,1,1,NA,0
T-012892,E02053,1,11,3,1,1,1,1
T-012893,E02053,2,12,3,1,1,0,1
T-012894,E02053,1,5,3,1,1,1,1
T-012495,E02053,2,11,3,NA,1,1,1
T-012896,E02053,2,17,3,1,1,1,1
T-012897,E02053,2,13,3,1,1,1,1
T-012898,E02053,2,10,3,1,1,0,1
T-012899,E02054,2,0,3,1,1,1,1
T-012900,E02054,2,16,3,1,1,1,1
T-012901,E02054,1,0,3,1,1,1,1
T-012902,E02054,1,11,3,1,1,1,1
T-012903,E02054,1,18,3,1,1,1,1
T3012906,E02054,2,13,3,1,1,1,1
T-012907,E02054,2,14,3,1,1,1,1
T-012908,E02054,2,21,3,1,1,1,1
T-012909,E02054,2,5,3,1,1,0,1
T-012910,E02055,2,13,3,0,1,1,1
T-012911,E02055,2,16,3,1,1,1,0
T-012912,E02055,2,3,3,0,1,1,1
T-012914,E02056,2,23,3,1,1,1,1
T-012915,E02056,2,0,3,1,1,1,1
T-072916,E02056,2,4,3,1,1,1,1
T-012917,E02056,2,2,3,1,NA,1,1
T-012918,E02056,2,0,3,1,1,1,1
T-012919,E02056,1,9,3,1,1,1,1
T-012920,E02056,2,0,3,0,1,1,1
T-012921,E02056,2,8,3,0,1,0,1
T-012722,E02057,1,11,3,1,1,1,1
T-012923,E02057,1,6,3,1,1,1,1
T-012924,E02057,1,9,3,1,0,1,1
T-012925,E02057,1,16,3,1,1,1,1
T-012926,E02057,1,0,3,1,1,0,1
T-012928,E02057,1,20,3,1,1,1,1
T-012929,E02058,1,9,3,NA,1,1,1
T-012933,E02058,1,7,3,1,1,1,1
T-012934,E02058,1,15,3,0,1,1,1
T-012935,E02059,1,0,3,1,1,1,1
T-012937,E02059,2,10,3,1,1,1,1
T-012938,E02059,1,22,3,1,1,1,1
T-012939,E02060,2,0,3,0,1,1,1
T-012940,E02060,1,3,3,0,0,0,0
T-012941,E02060,2,4,3,1,1,1,1
T-012943,E02060,2,0,3,1,1,0,0
T-012945,E02061,1,12,3,1,1,1,1
T-012947,E02061,2,10,3,1,1,1,1
T-012948,E02061,1,6,3,1,1,1,1
T-012949,E02061,1,6,3,1,1,1,0
T-012950,E02061,1,12,3,1,1,1,1
T-012951,E02061,2,13,3,1,1,1,1
T-012952,E02061,2,18,3,1,1,1,1
T-012953,E02062,1,10,3,1,1,1,1
T-012954,E02062,2,16,3,1,1,1,1
T-012955,E02062,2,10,3,1,1,1,1
T-012956,E02062,1,7,3,1,1,0,1
T-012957,E02062,1,14,3,1,1,1,1
T-012958,E02063,1,15,3,1,1,1,1
T-012960,E02063,1,4,3,1,1,1,1
T-012961,E02063,2,2,3,1,1,1,1
T-012962,E02063,2,9,3,1,1,1,1
T-012963,E02063,2,16,3,1,1,0,1
T-012964,E02063,2,0,3,1,1,1,1
T-012965,E02063,1,21,3,1,1,1,1
T-012966,E02063,1,17,3,1,1,1,1
T-012967,E02063,2,0,3,1,1,1,1
T-012968,E02063,1,11,3,1,1,1,1
T-012969,E02064,1,10,3,1,1,1,1
T-012970,E02064,2,0,3,1,1,1,0
T-012971,E02064,1,3,3,1,1,1,1
T-012572,E02064,1,10,3,0,1,1,1
T-012973,E02065,2,6,3,1,1,0,1
T-012974,E02065,1,18,3,1,NA,1,1
T-012976,E02065,1,16,3,0,1,1,1
T-013977,E02065,2,6,3,1,1,NA,1
T-013978,E02065,2,0,3,1,1,1,1
T-012979,E02065,1,9,3,1,1,1,1
T-012982,E02065,2,7,3,1,1,1,1
T-012983,E02065,2,15,3,1,1,1,1
T-012984,E02065,2,10,3,1,1,1,1
T-012986,E02065,1,12,3,1,1,1,0
T-012987,E02065,2,4,3,1,1,1,1
T-012988,E02065,2,18,3,1,1,1,1
T-012989,E02065,1,0,3,0,1,1,1
T-012990,E02065,1,10,3,1,1,1,1
T-012991,E02065,1,0,3,1,1,1,1
T-012992,E02065,1,3,3,1,1,1,1
T-012993,E02066,2,10,3,1,1,1,1
T-012995,E02066,1,8,3,1,1,1,0
T-012996,E02066,2,6,3,1,1,1,1
T-012998,E02066,2,11,3,1,1,1,1
T-012996,E02067,2,4,3,1,NA,1,1
T0013000,E02067,1,7,3,1,1,1,1
T-013001,E02067,2,10,3,NA,1,1,1
T-013002,E02067,1,7,3,1,1,1,1
T-013003,E02067,2,14,3,1,1,1,1
T-013004,E02067,2,6,3,1,1,1,1
T-013005,E02067,2,13,3,1,1,1,1
T-013006,E02068,2,11,3,1,1,1,1
T-013007,E02068,2,5,3,1,1,1,1
T-013008,E02068,2,11,3,1,1,1,1
T-013009,E02068,2,5,3,1,1,1,1
T-013011,E02068,1,5,3,1,0,1,0
T-013012,E02068,2,23,3,0,1,1,1
T-013014,E02069,1,7,3,1,1,1,1
T-013015,E02069,2,8,3,1,1,NA,1
T-013016,E02069,1,5,3,1,1,1,1
T-013017,E02069,1,11,3,0,0,1,1
T-013018,E02069,1,2,3,1,NA,1,1
T-013019,E02069,2,10,3,1,1,1,1
T-013020,E02069,2,8,3,1,1,1,1
T-013021,E02069,1,1,3,1,1,1,1
T-013022,E02070,2,0,3,1,1,1,0
T-013023,E02070,2,3,3,1,1,1,1
T-013024,E02070,2,17,3,1,1,0,1
T-013025,E02070,2,2,3,1,1,1,1
T-013026,E02070,2,19,3,1,1,1,1
T-013027,E02071,2,9,3,1,1,0,1
T-013028,E02071,2,5,3,1,1,1,1
T-013029,E02071,2,0,3,1,1,1,1
T-013032,E02071,1,17,3,1,0,1,1
T-013033,E02072,2,2,3,NA,1,1,1
0-013034,E02072,1,6,3,1,1,1,1
T-013035,E02072,2,26,3,1,1,1,1
T-013037,E02073,2,6,3,1,1,1,1
T-013038,E02073,2,14,3,1,1,1,NA
T-013039,E02073,1,0,3,1,1,1,1
T-013040,E02073,2,7,3,0,1,0,0
T-013042,E02073,2,0,3,1,1,1,1
T-083044,E02074,1,16,3,1,1,1,1
T-013045,E02074,1,0,3,0,1,1,1
T-013046,E02074,1,12,3,1,1,0,1
T-013047,E02074,1,15,3,1,1,1,1
T-013048,E02074,2,3,3,1,1,1,1
T5013049,E02074,1,22,3,1,1,1,1
T-013050,E02074,1,0,3,0,1,1,1
T-013051,E02075,1,9,3,1,1,1,1
T-013052,E02075,1,13,3,1,1,1,1
T-013053,E02075,2,6,3,1,1,1,1
T-013055,E02075,2,11,3,1,1,1,1
T-013056,E02075,2,0,3,1,1,1,1
T-013057,E02075,1,8,3,1,1,1,1
T-013058,E02075,1,25,3,1,1,0,1
T-013059,E02076,2,8,3,1,0,0,NA
T-013060,E02076,2,2,3,1,1,1,0
T-013061,E02076,2,8,3,0,0,0,1
T-013063,E02077,2,0,3,1,1,1,1
T-013064,E02077,2,2,3,1,1,1,1
T-013065,E02077,1,6,3,1,1,0,1
T-013066,E02077,2,16,3,1,1,1,1
T-013067,E02078,2,0,3,1,1,1,1
T-013068,E02078,1,11,3,1,1,NA,1
T-013069,E02078,2,11,3,1,1,1,1
T-016070,E02078,2,4,3,0,1,1,1
T-013073,E02079,1,19,3,1,1,1,1
T-013074,E02079,2,2,3,1,1,1,1
T-011075,E02079,2,1,3,1,1,1,1
T-013076,E02079,2,16,3,1,1,1,1
T-013077,E02079,1,7,3,1,1,1,1
T-013029,E02080,1,10,3,1,1,1,1
T-013080,E02080,1,19,3,1,1,1,1
T-013081,E02080,1,9,3,1,0,1,1
T-013082,E02080,2,8,3,1,0,1,1
T-013084,E02081,1,16,3,1,1,1,0
T-013085,E02081,2,9,3,0,0,1,1
T-013086,E02081,2,1,3,0,1,0,0
T-013087,E02081,2,6,3,1,0,1,1
T-013088,E02081,2,3,3,0,1,0,0
T-013090,E02082,2,13,3,1,1,1,1
T-013091,E02082,2,5,3,1,1,1,1
T-013092,E02082,1,13,3,1,1,1,1
T-013094,E02082,1,0,3,1,1,0,1
T-013095,E02082,1,0,3,1,1,1,1
T-013096,E02083,2,3,3,1,1,1,1
T-013097,E02083,2,16,3,1,1,1,1
T-013098,E02083,2,13,3,1,1,1,1
T-013099,E02083,1,2,3,1,1,0,1
T9013100,E02083,1,9,3,1,1,1,1
T-013161,E02083,2,7,3,1,1,1,1
T-013102,E02083,1,0,3,1,1,0,1
T-013104,E02084,2,16,3,1,1,1,1
T-013105,E02084,2,15,3,1,1,1,1
T-013106,E02084,2,9,3,1,0,1,1
T-013107,E02084,2,10,3,1,1,1,0
T-013109,E02085,2,8,3,0,1,1,NA
T-013110,E02085,2,0,3,1,0,1,1
T-013111,E02085,2,6,3,1,1,1,1
T-013112,E02085,2,5,3,0,1,0,0
T-013113,E02085,1,0,3,1,1,0,1
T2013114,E02085,1,8,3,1,1,1,1
T-013115,E02086,2,17,3,1,1,1,0
T-013116,E02086,1,11,3,1,0,1,1
T-013117,E02086,1,11,3,1,1,1,1
T-013118,E02086,2,7,3,1,1,1,1
T-013119,E02086,2,27,3,0,1,0,1
T-013121,E02086,1,12,3,1,1,1,1
T-013122,E02086,2,11,3,NA,1,1,1
T-013123,E02087,2,0,3,1,1,1,1
T-013126,E02087,2,6,3,0,1,0,1
T-013127,E02087,1,6,3,0,0,1,1
T-013128,E02087,2,9,3,1,1,1,0
T-003129,E02088,1,16,3,1,1,1,1
T-013100,E02088,2,10,3,1,1,1,1
T-013132,E02088,2,23,3,1,1,1,1
T-013133,E02088,2,2,3,1,1,0,1
T-013134,E02089,1,25,3,NA,1,1,1
T-013135,E02089,1,14,3,1,1,1,1
T-013136,E02089,2,17,3,1,1,1,1
T-013137,E02089,2,1,3,1,1,1,1
T-013138,E02089,2,10,3,1,1,1,1
T-013139,E02089,2,1,3,1,1,1,1
T-013140,E02090,2,14,3,1,NA,1,1
T-013141,E02090,2,0,3,1,1,0,1
T-013142,E02090,2,4,3,1,1,0,1
T-013143,E02090,1,10,3,1,1,1,1
T-013245,E02090,1,16,3,NA,1,1,1
T-013146,E02090,2,0,3,1,1,1,1
T-013147,E02090,1,10,3,1,1,0,1
T-013148,E02090,2,4,3,NA,1,1,1
T-013149,E02090,2,8,3,1,1,1,1
T-013150,E02091,2,7,3,1,1,1,1
T-013151,E02091,1,19,3,1,1,0,1
T-013152,E02091,2,5,3,1,0,1,1
T-013155,E02091,2,0,3,1,1,1,1
T-013153,E02091,2,3,3,1,1,1,1
T1013157,E02091,1,6,3,1,0,1,1
T-018158,E02091,2,10,3,NA,1,1,1
T-013159,E02092,2,11,3,1,1,1,1
T-013160,E02092,2,4,3,1,1,0,0
T-013163,E02093,2,10,3,1,1,1,1
T-013164,E02093,1,3,3,1,1,1,1
T-013467,E02093,2,8,3,1,1,1,1
T-013168,E02093,2,2,3,1,1,1,1
T-013169,E02093,2,7,3,1,1,1,1
T-013170,E02093,1,17,3,0,1,1,1
T-013172,E02093,2,10,3,NA,1,1,1
T-013173,E02093,2,15,3,1,1,1,1
T-013174,E02093,2,1,3,1,1,1,1
T8013175,E02094,1,0,3,1,1,1,1
T-013177,E02094,2,2,3,1,1,1,1
T-013178,E02094,2,7,3,1,1,1,1
T-013179,E02094,1,3,3,0,1,1,0
T-013180,E02094,2,7,3,1,1,1,1
T-013181,E02094,1,4,3,1,1,1,1
T-013182,E02094,1,16,3,1,1,1,1
T-013183,E02094,1,6,3,1,1,1,1
T-013184,E02095,1,13,3,1,1,1,1
T-013185,E02095,2,2,3,1,1,1,1
3-013186,E02095,1,19,3,NA,1,1,1
T-013187,E02096,2,17,3,1,1,1,1
T-013188,E02096,2,18,3,1,1,1,1
T-013189,E02096,2,17,3,1,1,1,1
T-013190,E02096,2,14,3,1,1,1,1
T-013191,E02096,2,17,3,1,1,1,1
T-013192,E02096,2,21,3,0,1,1,1
T-013193,E02096,1,10,3,1,1,1,1
T-013194,E02096,2,7,3,1,1,1,1
T-013195,E02096,2,20,3,1,1,1,1
T-013196,E02096,2,8,3,1,1,1,1
T-013197,E02096,1,11,3,1,1,1,0
T-013198,E02097,2,9,3,1,1,1,1
T-013199,E02097,2,1,3,0,1,1,1
T-013201,E02098,2,11,3,1,1,1,0
T-013202,E02098,1,15,3,1,1,1,0
T-013203,E02098,2,9,3,1,1,0,0
T-013004,E02098,1,6,3,0,1,1,0
T-013206,E02098,2,3,3,0,1,1,0
T-013208,E02099,2,2,3,1,1,1,1
T-013289,E02099,2,12,3,1,1,1,1
T-013210,E02099,2,0,3,1,NA,0,1
T-013271,E02099,1,13,3,1,1,1,1
T-013212,E02099,2,13,3,1,1,1,1
T-013213,E02099,1,0,3,1,0,1,1
T-013214,E02100,2,5,3,1,1,1,1
T-013215,E02100,2,10,3,1,1,1,1
T-013216,E02100,1,20,3,1,1,1,1
T-413219,E02101,2,17,3,1,1,1,1
T-013220,E02101,2,15,3,1,1,0,1
T-053221,E02101,1,0,3,1,1,0,0
T-013222,E02101,2,17,3,0,1,1,0
T-013223,E02101,1,22,3,1,1,1,1
T-013224,E02101,2,11,3,1,1,1,1
T-013525,E02101,2,15,3,1,1,1,1
T7013226,E02101,1,3,3,1,1,1,1
T-513227,E02102,1,5,3,0,0,1,1
T-013228,E02102,1,14,3,1,1,NA,1
T-013229,E02102,1,11,3,1,1,1,NA
T-023231,E02102,2,3,3,1,1,1,1
T-013232,E02102,1,22,3,1,1,1,NA
T-013233,E02102,2,16,3,0,1,1,1
T-013234,E02102,2,14,3,1,1,1,1
T-019236,E02102,1,12,3,1,1,1,1
T-013238,E02102,2,16,3,1,1,1,1
T-013239,E02102,2,1,3,1,1,1,0
T-013240,E02103,1,8,3,1,0,1,0
3-013241,E02103,2,0,3,1,0,1,1
T-013242,E02104,2,9,3,1,0,1,1
T-013243,E02104,2,14,3,0,NA,0,1
T-013244,E02104,1,14,3,1,0,1,0
T-013246,E02105,2,11,3,1,1,1,1
T-013247,E02105,2,7,3,1,1,1,1
T4013248,E02105,2,7,3,1,1,1,1
T-013249,E02105,2,3,3,1,1,1,1
T-013258,E02105,2,5,3,1,1,1,1
T-013251,E02105,1,3,3,1,1,1,1
T-013252,E02105,2,3,3,1,1,1,NA
T-013253,E02105,2,25,3,0,1,1,1
T-013054,E02105,2,15,3,1,1,1,1
T-013255,E02105,1,0,3,1,1,1,1
T-913256,E02105,1,10,3,NA,NA,1,1
T-013258,E02105,1,19,3,1,1,1,1
T-013259,E02105,2,10,3,1,1,1,1
T2013260,E02105,1,3,3,1,NA,1,1
T-019261,E02106,1,16,3,1,1,1,1
T-013262,E02106,1,5,3,1,0,0,1
T-013263,E02106,1,10,3,1,1,1,1
T-013264,E02106,2,13,3,1,1,1,0
T-013265,E02106,2,3,3,1,0,1,0
T-313266,E02106,1,3,3,1,1,1,1
T-013267,E02107,1,21,3,1,1,1,1
T-013268,E02107,1,2,3,1,1,1,1
T-013269,E02107,2,2,3,1,1,1,NA
T-013270,E02107,2,12,3,1,1,1,1
T-013272,E02107,2,0,3,1,1,1,1
T-013274,E02107,1,4,3,1,1,1,1
T-013275,E02107,2,9,3,1,0,1,1
T-013276,E02107,2,12,3,1,1,1,1
T-013277,E02108,2,5,3,1,1,1,1
T-013278,E02108,2,4,3,0,0,1,NA
T-013279,E02108,1,9,3,0,1,1,1
T-913280,E02108,2,17,3,1,1,0,1
T-013281,E02108,2,0,3,0,1,1,1
T-013282,E02108,1,16,3,NA,1,1,1
T-013243,E02108,1,18,3,1,1,1,1
T-013284,E02108,2,15,3,0,1,1,1
T-013285,E02108,1,14,3,1,1,1,1
T-013286,E02108,1,2,3,1,1,1,1
T-013287,E02108,2,3,3,1,1,1,0
T-013288,E02108,2,2,3,0,1,1,1
T-013289,E02109,1,8,3,1,1,1,0
T-013290,E02109,1,0,3,0,1,0,1
T-013291,E02109,2,5,3,1,1,1,1
T-013292,E02110,2,17,3,1,1,1,1
T-013293,E02110,1,10,3,1,NA,1,1
T-013294,E02110,2,20,3,1,1,0,0
T-013295,E02110,2,2,3,NA,1,0,1
T-073296,E02111,2,1,3,1,1,0,NA
T-017297,E02111,2,0,3,1,1,1,0
T-083298,E02111,2,13,3,1,1,1,1
T-013299,E02111,1,6,3,1,0,0,1
T-013300,E02112,2,0,3,1,1,1,1
T-013301,E02112,2,7,3,1,1,0,1
T-013302,E02112,2,13,3,1,1,1,1
T-013303,E02112,1,12,3,1,NA,1,1
T-013304,E02113,2,5,3,1,0,1,1
T-013305,E02113,2,5,3,1,1,1,1
T-013306,E02113,2,19,3,1,1,1,0
T-013307,E02113,1,19,3,1,1,1,1
T-013308,E02113,1,0,3,1,1,1,1
T-013399,E02113,1,9,3,1,0,0,1
T-013310,E02114,2,10,3,1,1,1,1
T-013311,E02114,2,13,3,1,1,1,1
T-013313,E02115,2,2,3,1,0,1,1
T-013314,E02115,2,17,3,NA,1,1,1
T-013316,E02116,1,15,3,0,1,NA,1
T-013317,E02116,2,18,3,1,1,0,1
T-013318,E02116,2,7,3,1,1,1,1
T-013319,E02116,1,9,3,1,1,1,0
T-013320,E02117,1,6,3,1,1,0,0
T-013321,E02117,1,7,3,0,0,0,1
T-013322,E02117,1,11,3,1,1,1,1
T-013323,E02117,1,7,3,1,1,1,1
T-013325,E02118,1,5,3,1,1,1,0
T-043326,E02118,1,3,3,1,1,1,1
T5013327,E02119,2,9,3,NA,0,1,1
T-013330,E02119,1,8,3,0,0,0,1
T-013331,E02120,2,1,3,1,1,0,1
T-013332,E02120,1,0,3,0,1,1,0
T-013334,E02120,2,16,3,NA,0,NA,0
5-013335,E02121,2,17,3,1,1,1,1
T-013336,E02121,1,6,3,1,1,1,1
T-013338,E02121,1,11,3,1,0,1,0
T-013338,E02121,2,19,3,1,1,1,0
T-013339,E02122,1,14,3,1,0,1,0
T-013340,E02122,2,14,3,1,1,0,1
T-013342,E02122,2,14,3,1,1,1,1
T-013343,E02122,1,26,3,1,NA,1,1
T-013344,E02123,2,11,3,1,0,1,1
T-013346,E02123,2,18,3,1,1,1,1
T-013347,E02123,1,4,3,1,1,1,1
T-013348,E02123,2,12,3,1,1,0,1
T-013349,E02123,2,16,3,1,1,1,1
T-013350,E02124,1,21,3,NA,1,0,1
T-013351,E02124,2,8,3,1,1,1,1
T-013353,E02124,2,5,3,1,1,1,NA
T-013354,E02124,1,15,3,1,1,1,1
T-013355,E02124,2,3,3,1,1,1,1
T-013356,E02125,2,12,3,1,1,NA,1
T-013357,E02125,2,1,3,0,0,1,1
T-013358,E02125,2,17,3,1,0,1,1
T-013359,E02126,1,9,3,1,1,1,1
T-013360,E02126,1,8,3,1,1,1,1
T-013361,E02126,1,4,3,1,1,1,1
T-013362,E02126,2,0,3,1,0,0,0
T-023363,E02127,1,9,3,1,1,1,1
T-013364,E02127,2,19,3,1,1,1,NA
T-013365,E02127,2,15,3,1,1,NA,NA
T-013366,E02127,2,0,3,1,0,0,0
T-013368,E02127,2,10,3,1,1,1,1
T-013369,E02127,1,1,3,1,1,1,1
T-013370,E02128,1,14,3,1,1,1,1
T-013371,E02128,1,8,3,1,1,1,1
T-013373,E02128,2,8,3,0,1,1,0
T-013376,E02129,1,10,3,1,1,1,1
T-013377,E02129,1,15,3,1,1,1,1
T-013379,E02129,2,8,3,1,1,NA,1
T-013380,E02129,2,21,3,0,1,1,1
T-013381,E02130,2,5,3,1,1,1,1
T-013382,E02130,1,20,3,1,1,1,1
T-013383,E02130,2,16,3,1,1,1,1
T-013384,E02130,2,12,3,1,1,1,1
T-013385,E02130,2,7,3,1,1,1,1
T-013386,E02130,2,6,3,1,1,1,1
T-013387,E02130,2,11,3,1,1,1,0
T-013388,E02130,2,20,3,1,1,1,NA
T-013390,E02130,1,27,3,1,1,1,1
T-013392,E02130,2,8,3,1,1,1,1
T-013393,E02130,1,13,3,1,1,1,1
T-013394,E02130,1,9,3,1,1,1,0
T-013395,E02130,2,4,3,0,1,1,1
T-013396,E02131,1,4,3,1,1,1,1
T-013397,E02131,2,5,3,1,1,NA,1
T-013398,E02131,1,6,3,1,1,1,1
T-013399,E02131,2,3,3,0,1,1,1
T-013400,E02131,1,19,3,1,1,1,1
T-013401,E02131,2,6,3,1,1,1,1
T-013402,E02131,2,9,3,1,1,1,1
T-013401,E02131,1,13,3,1,1,1,1
T-013404,E02131,2,0,3,1,1,1,1
T-013405,E02131,2,0,3,1,1,1,1
T-013406,E02131,2,10,3,1,1,1,0
T-013407,E02131,2,14,3,1,1,1,1
T-013408,E02131,1,17,3,1,NA,1,1
T-013409,E02131,2,0,3,1,1,1,1
T-013410,E02131,2,2,3,1,0,1,1
T-013411,E02132,1,11,3,NA,1,1,0
T-013412,E02132,1,9,3,1,1,1,1
T-013413,E02132,1,23,3,1,1,1,1
T-013415,E02132,2,23,3,1,1,1,1
T-013416,E02132,2,9,3,1,1,NA,1
T-013417,E02132,1,11,3,1,1,1,1
T-013418,E02132,2,5,3,1,1,1,1
T-013419,E02133,2,8,3,1,1,NA,1
T-013420,E02133,2,15,3,1,NA,1,0
T-013421,E02133,2,3,3,1,1,1,1
T-013422,E02133,1,3,3,1,NA,1,1
T-013423,E02133,2,17,3,1,1,1,0
T-013424,E02133,1,17,3,1,1,1,0
T-013425,E02133,2,15,3,1,1,1,1
T-013420,E02133,2,11,3,NA,1,1,1
T-013427,E02133,2,7,3,1,0,1,1
T-013428,E02133,1,13,3,NA,1,1,1
T-013429,E02133,2,1,3,1,1,1,1
T-013430,E02134,2,5,3,1,1,1,1
T-013431,E02134,2,7,3,0,0,0,1
T-013432,E02134,2,0,3,1,1,1,1
T-013433,E02134,2,22,3,0,1,0,1
T-013434,E02135,1,11,3,1,1,1,1
T-013435,E02135,1,6,3,1,1,1,1
T-013436,E02135,1,14,3,1,1,1,1
T-013437,E02135,2,13,3,1,1,1,1
T-013438,E02136,2,0,3,1,0,1,1
T-013439,E02136,2,5,3,1,0,0,1
T-013440,E02136,1,9,3,0,1,0,1
T-013441,E02136,2,8,3,1,0,0,1
T-013443,E02136,2,0,3,1,1,1,NA
T-013444,E02137,2,12,3,1,1,0,1
T-013445,E02137,2,0,3,1,1,1,1
T-013446,E02137,2,13,3,1,1,1,1
T-013447,E02137,2,3,3,1,0,1,1
T-013448,E02138,2,0,3,1,1,1,1
T-013449,E02138,1,10,3,1,1,1,1
T-013450,E02138,2,15,3,1,1,1,1
T-013451,E02138,1,7,3,1,1,1,1
T-013452,E02138,2,14,3,1,1,0,1
T-013453,E02138,2,0,3,1,1,1,1
T-013454,E02138,2,0,3,1,1,1,1
T-013455,E02139,2,0,3,1,0,0,0
T-013456,E02139,1,0,3,0,0,1,1
T-013457,E02139,1,9,3,1,0,1,1
T-013458,E02139,1,12,3,1,NA,1,0
T-013459,E02140,1,2,3,1,1,1,1
T-013460,E02140,1,10,3,0,0,1,1
T-013461,E02140,1,4,3,1,NA,1,1
T-013462,E02140,1,22,3,1,1,1,1
T-313463,E02141,2,2,3,1,1,1,1
T-013464,E02141,2,0,3,1,1,0,1
T-013465,E02141,2,2,3,1,1,1,1
T-013466,E02141,2,5,3,1,1,1,1
T-013467,E02141,2,1,3,1,1,1,1
T-013468,E02141,2,7,3,1,1,1,1
T-013469,E02142,1,0,3,1,1,1,1
T-013470,E02142,2,20,3,1,0,1,0
T-013472,E02142,2,10,3,1,1,1,1
T5013474,E02142,2,7,3,0,0,1,1
T-013475,E02142,1,3,3,1,1,1,1
T-013476,E02142,2,16,3,1,1,NA,0
T7013477,E02143,2,2,3,1,1,1,1
T-013479,E02143,1,5,3,1,1,1,1
4-013480,E02143,2,6,3,1,0,1,1
T-013481,E02143,1,1,3,1,1,1,0
T-013482,E02143,1,9,3,1,1,1,1
T-013483,E02143,2,9,3,1,1,1,1
T-013485,E02143,1,6,3,1,1,1,1
T-013486,E02143,1,21,3,0,1,1,1
T-013487,E02143,2,3,3,1,1,0,1
T-013488,E02143,2,4,3,1,1,1,1
T-013489,E02143,2,17,3,1,0,1,1
T-013490,E02143,1,6,3,1,1,1,1
T-013493,E02143,1,30,3,1,1,NA,1
T-013494,E02143,2,13,3,1,1,0,1
T-017495,E02143,1,4,3,1,1,1,1
T-013496,E02144,2,13,3,NA,1,1,1
T-013497,E02144,2,12,3,1,1,1,1
T-013498,E02144,1,16,3,1,1,1,0
T-011500,E02144,2,20,3,1,0,0,1
T-013501,E02144,1,0,3,0,1,1,1
T-013502,E02144,2,4,3,1,1,0,1
T-013503,E02144,2,8,3,0,0,1,1
T-013504,E02145,2,0,3,1,0,NA,1
T-013505,E02145,2,3,3,0,0,0,1
T-013507,E02145,1,21,3,1,0,1,1
T-013509,E02145,2,0,3,1,0,0,0
T-013510,E02146,2,9,3,NA,0,1,1
T-013511,E02146,2,11,3,1,1,0,1
T-013513,E02146,2,0,3,1,0,1,1
9-013514,E02146,2,8,3,1,1,1,0
T-013516,E02147,2,0,3,1,1,0,1
T-013517,E02147,2,10,3,1,1,NA,1
T-013518,E02147,1,16,3,NA,1,1,1
T-013519,E02147,2,1,3,1,1,1,1
T-013520,E02147,1,15,3,1,1,1,1
T-013521,E02147,2,4,3,NA,1,1,1
T7013522,E02147,2,12,3,NA,1,1,1
T-013523,E02147,2,8,3,1,1,1,1
T-019524,E02148,1,10,3,1,0,0,1
T-013527,E02148,2,18,3,1,1,1,1
T-013528,E02148,2,6,3,1,0,1,1
T-013529,E02148,2,4,3,1,1,1,1
T-013531,E02149,2,3,3,1,1,1,0
T-013532,E02150,2,10,3,1,0,1,1
T-013533,E02150,2,14,3,0,1,0,1
T-013534,E02150,2,3,3,1,1,1,0
T-013537,E02151,2,7,3,1,NA,0,1
T-013538,E02151,1,18,3,0,1,1,1
T-013539,E02152,2,6,3,0,1,1,1
T-013540,E02152,2,10,3,1,1,0,0
T-013541,E02152,1,0,3,1,0,1,0
T-013542,E02152,2,7,3,0,0,1,0
T-013343,E02152,1,0,3,1,1,1,0
T-013544,E02152,2,14,3,1,1,0,0
T-013545,E02153,2,13,3,1,1,1,1
T-013546,E02153,1,19,3,1,0,0,NA
T-013547,E02153,1,5,3,1,1,1,1
T-013548,E02153,1,5,3,0,1,0,0
T-013549,E02153,1,7,3,1,1,1,1
T-013550,E02153,2,11,3,0,1,1,1
T-013551,E02153,1,12,3,0,1,0,1
T-013552,E02153,1,13,3,1,1,1,1
T-013553,E02153,2,0,3,1,0,1,1
T-013554,E02153,2,10,3,1,1,0,1
T-013555,E02154,2,0,3,0,1,1,1
T-013556,E02154,2,8,3,1,1,1,1
T-013559,E02154,1,16,3,1,1,1,1
T-013560,E02154,2,11,3,0,1,1,0
T-013561,E02154,2,6,3,1,0,0,1
T-013562,E02155,1,10,3,1,NA,1,1
T-013563,E02155,2,13,3,1,1,1,NA
T-013564,E02155,1,5,3,1,1,1,0
T-013565,E02156,2,20,3,1,1,1,1
T-013566,E02156,2,13,3,1,1,1,1
T-013567,E02156,2,17,3,1,1,1,1
T-013568,E02156,1,14,3,1,1,1,1
T-013569,E02156,2,23,3,1,0,1,1
T-013570,E02156,2,14,3,1,1,1,1
T-013571,E02156,2,17,3,1,1,1,1
T-013572,E02156,2,5,3,1,1,1,0
T-013973,E02156,1,3,3,1,1,1,NA
T-013574,E02156,1,0,3,1,0,1,1
T-013575,E02156,2,7,3,1,1,1,1
T-013576,E02157,2,7,3,1,0,1,1
T-017577,E02157,2,21,3,1,1,1,1
T-013578,E02157,2,13,3,1,1,1,1
T-013579,E02158,1,12,3,1,1,1,1
0-013581,E02158,2,17,3,1,1,1,1
T-013582,E02158,1,22,3,1,1,1,1
T-013583,E02158,1,21,3,0,1,1,1
T-013585,E02158,2,17,3,1,1,1,1
T-013586,E02158,1,15,3,1,1,1,1
T-013587,E02159,2,8,3,1,1,1,1
T-013588,E02159,2,5,3,0,1,1,1
T-013589,E02159,2,21,3,1,1,1,NA
T-093590,E02159,1,6,3,1,1,1,1
T-013591,E02159,2,13,3,1,NA,1,1
T-013595,E02159,1,2,3,1,1,0,1
T-013596,E02159,1,14,3,1,1,1,1
T-013597,E02159,1,16,3,1,1,0,1
T-013598,E02160,1,1,3,1,NA,1,1
3-013599,E02160,2,11,3,1,1,1,1
T-013600,E02160,2,0,3,1,0,1,1
T-013601,E02161,2,20,3,1,0,1,1
T-013603,E02161,2,13,3,1,1,1,1
T-013605,E02161,2,6,3,0,0,0,1
T-013606,E02162,2,1,3,0,0,1,1
T-013610,E02163,2,18,3,1,1,1,1
T-013611,E02163,2,0,3,1,0,0,1
T-013612,E02163,1,16,3,1,1,1,NA
T-013613,E02163,2,3,3,1,1,0,1
T-013614,E02163,2,8,3,1,1,1,1
T-019615,E02163,1,11,3,1,1,1,1
T-013616,E02163,2,6,3,1,1,1,1
T-013617,E02163,2,12,3,1,1,1,1
T-013618,E02163,2,1,3,1,1,1,0
T-015620,E02164,2,2,3,1,1,0,1
T-013621,E02164,2,3,3,0,0,0,1
T-013622,E02164,1,2,3,1,1,1,0
T-013625,E02165,2,18,3,1,1,0,1
T-013626,E02165,1,13,3,0,1,1,NA
T9013629,E02165,2,7,3,1,1,1,1
T-013630,E02165,2,0,3,1,0,0,1
T-013631,E02165,2,5,3,1,0,1,1
T-013632,E02166,2,8,3,1,1,1,1
T-013633,E02166,1,19,3,NA,1,1,1
T-013632,E02166,2,16,3,1,1,0,1
T-013635,E02166,2,0,3,1,1,1,1
T-013636,E02166,2,16,3,1,NA,1,1
T-013637,E02166,2,5,3,1,1,NA,1
T-013638,E02166,1,17,3,1,1,1,1
T-013639,E02166,1,4,3,1,1,1,1
T-013640,E02166,1,17,3,1,1,1,1
T-013641,E02166,1,2,3,1,1,1,1
T-013642,E02166,1,13,3,1,1,1,1
T-013643,E02166,2,19,3,1,1,1,1
T-017644,E02166,2,11,3,1,1,1,1
T-013645,E02167,2,12,3,1,1,1,1
T-013646,E02167,1,14,3,1,1,1,1
T-013647,E02167,2,10,3,0,1,1,1
T-013648,E02167,2,16,3,1,1,1,0
T-013049,E02167,1,16,3,1,1,1,1
T-313651,E02167,2,16,3,1,1,1,0
T-013653,E02167,2,1,3,1,1,1,1
T-013654,E02167,2,12,3,1,1,1,0
7-013655,E02167,2,0,3,1,NA,1,1
T-013656,E02167,2,18,3,0,1,1,1
T-013657,E02167,2,17,3,1,1,1,0
T-013658,E02167,1,12,3,1,1,1,1
T-013659,E02168,1,17,3,1,1,1,1
T-013660,E02168,2,20,3,1,0,1,1
T-083661,E02169,2,21,3,1,1,1,1
T-013662,E02169,2,15,3,NA,1,1,1
T-013663,E02169,2,9,3,1,1,1,1
T-013664,E02170,1,6,3,1,NA,1,1
T-013665,E02170,1,0,3,1,1,1,1
T-013666,E02170,2,4,3,1,1,1,1
T-013667,E02170,2,14,3,1,1,1,1
T-013668,E02171,1,7,3,0,0,1,1
T-013669,E02171,1,13,3,1,1,1,1
T-013670,E02171,2,16,3,1,1,1,1
T-013672,E02172,2,7,3,1,1,1,1
T-013673,E02172,1,0,3,1,1,1,1
T-013677,E02172,1,20,3,1,1,0,1
T-013679,E02172,2,0,3,1,1,1,1
T-013680,E02173,2,19,3,1,1,1,1
T-013681,E02173,1,0,3,NA,0,1,1
T-013682,E02173,1,9,3,1,1,1,1
T-013683,E02173,2,11,3,1,0,1,1
T-011685,E02173,1,0,3,1,1,1,1
7-013686,E02173,2,3,3,1,0,1,0
T-013687,E02173,2,2,3,1,1,1,1
T-013689,E02174,1,16,3,1,1,1,1
T-013670,E02174,1,12,3,1,1,1,1
T-013691,E02174,1,16,3,1,0,1,1
T-083692,E02174,1,11,3,1,1,1,1
T-013693,E02174,1,4,3,1,1,1,1
T-013694,E02174,1,9,3,1,1,1,1
T3013695,E02174,2,12,3,1,1,1,1
T-013696,E02174,1,9,3,1,1,1,1
T-013697,E02174,1,17,3,1,0,1,1
T-013698,E02174,1,9,3,1,1,1,1
T-013699,E02175,2,3,3,0,1,1,1
T-013700,E02175,1,12,3,1,1,1,1
T-013701,E02175,1,8,3,1,1,1,1
T-013702,E02175,2,8,3,1,1,1,1
T-013703,E02175,1,12,3,1,1,1,1
T-013704,E02176,1,12,3,0,1,1,1
T-013705,E02176,2,7,3,1,1,1,1
T-013706,E02176,2,23,3,0,1,1,0
T-013707,E02176,1,10,3,NA,1,1,1
T-013708,E02176,2,14,3,1,1,1,1
T-013709,E02176,2,14,3,1,0,1,1
T-013710,E02176,2,5,3,1,1,1,1
T-013711,E02177,2,3,3,1,1,1,1
T-013712,E02177,2,11,3,1,1,1,0
T-013714,E02177,2,14,3,1,1,1,1
T-013715,E02177,1,0,3,1,0,1,1
1-013716,E02177,2,3,3,1,1,1,1
T-013717,E02177,1,5,3,1,1,1,1
T-013718,E02177,2,7,3,NA,1,1,1
T-013720,E02178,2,6,3,0,0,1,0
T-013723,E02178,2,0,3,1,1,1,1
T-013724,E02178,2,2,3,1,1,1,1
T-213725,E02178,2,8,3,1,1,1,1
T-013727,E02179,2,7,3,0,0,1,1
T-013728,E02179,2,15,3,0,NA,1,1
T-013729,E02179,1,3,3,0,0,1,1
T-013730,E02179,2,21,3,1,1,1,1
T-013732,E02180,2,10,3,1,1,0,1
T-013733,E02180,2,2,3,1,1,1,1
T-013734,E02180,2,7,3,1,1,0,1
T-013736,E02180,2,1,3,1,1,1,1
T-013738,E02181,1,12,3,1,1,1,1
6-013739,E02181,1,8,3,1,1,1,1
T-013740,E02181,2,11,3,0,1,0,1
T-013741,E02181,1,14,3,1,1,1,1
T-013742,E02181,2,22,3,1,1,1,1
T-013743,E02181,1,0,3,1,1,1,1
T-013744,E02181,2,4,3,1,1,1,1
T-013745,E02181,2,14,3,1,1,1,1
T-013747,E02181,1,14,3,0,1,1,1
T-013748,E02181,2,12,3,1,1,1,1
T-013749,E02181,1,3,3,1,1,1,1
T-013750,E02182,1,10,3,1,1,1,1
T-013751,E02182,2,11,3,NA,1,1,1
T-013752,E02182,2,4,3,1,1,1,1
T-013753,E02183,1,5,3,1,1,1,1
T-413754,E02183,2,16,3,NA,NA,1,1
T-013755,E02183,2,19,3,1,1,1,1
T-013756,E02183,2,7,3,1,1,1,1
T-013757,E02183,2,2,3,1,1,1,1
T-013758,E02183,1,0,3,1,1,1,1
T-013759,E02183,2,26,3,1,1,1,1
T-013780,E02183,1,0,3,1,1,1,1
T-013761,E02184,2,11,3,1,1,1,1
T-013762,E02184,2,6,3,1,NA,1,1
T-013763,E02184,1,0,3,1,1,1,1
T-013764,E02185,2,1,3,1,1,1,1
T-013765,E02185,1,9,3,1,0,1,1
1-013766,E02185,2,4,3,1,NA,1,1
T-013767,E02185,2,4,3,1,1,1,1
T-013769,E02185,2,7,3,1,1,NA,1
T-013770,E02185,2,7,3,1,0,1,1
T2013771,E02185,2,22,3,1,1,1,1
T-013772,E02185,2,10,3,1,1,1,1
T-013774,E02185,2,14,3,1,1,1,1
T-513775,E02185,1,9,3,1,1,1,1
T-013776,E02186,2,16,3,1,1,1,1
T-013778,E02186,1,2,3,1,1,1,1
T-013780,E02186,1,17,3,1,1,1,1
T-013761,E02186,1,13,3,1,1,1,1
T-013782,E02187,2,9,3,1,0,1,0
T-013784,E02187,1,10,3,1,1,1,1
T-013785,E02187,2,11,3,1,0,1,0
T-013786,E02187,1,25,3,1,1,0,1
T-013787,E02187,1,11,3,1,1,1,1
T-013788,E02187,1,5,3,0,0,1,1
T-013789,E02187,1,13,3,1,1,1,1
T-013790,E02188,1,0,3,1,1,1,1
T-013791,E02188,2,18,3,1,1,0,0
T-013792,E02188,2,11,3,1,0,1,1
T-013793,E02188,1,17,3,NA,1,0,0
T-013794,E02188,2,17,3,0,0,1,1
T-013795,E02188,2,5,3,1,1,1,1
T-013796,E02188,2,18,3,1,0,0,1
T-013797,E02188,1,0,3,1,1,1,1
T-013798,E02189,1,14,3,1,1,1,1
T-013799,E02189,1,9,3,1,1,1,1
T-013800,E02189,2,18,3,1,1,1,1
T-033801,E02189,2,11,3,1,1,1,1
T-013802,E02189,2,0,3,1,1,1,1
T-013803,E02190,2,0,3,1,1,1,1
T-013804,E02190,1,20,3,1,1,1,1
T-013805,E02190,2,22,3,1,1,1,1
T-013806,E02190,2,0,3,1,1,1,1
T-013808,E02190,1,22,3,1,1,1,1
T-013809,E02190,2,19,3,0,1,1,1
T-015810,E02190,2,8,3,1,1,1,NA
T-013811,E02190,1,4,3,1,1,1,1
T-019812,E02191,2,23,3,1,1,1,1
T-013813,E02191,2,6,3,1,0,1,1
T-013814,E02191,2,8,3,NA,1,1,1
T-013815,E02191,1,10,3,0,1,1,1
T-013816,E02191,2,19,3,1,1,1,1
T-013817,E02192,1,5,3,1,1,1,1
T-013818,E02192,2,17,3,1,1,0,1
T-013819,E02192,2,15,3,1,1,1,1
T-013821,E02192,2,22,3,1,1,1,1
T-013822,E02192,2,9,3,1,1,1,1
T-013823,E02193,2,17,3,1,1,1,1
T-013824,E02193,2,10,3,1,1,1,1
T-013825,E02193,2,4,3,1,1,1,1
T-013826,E02194,2,3,3,1,1,1,1
T-013827,E02194,2,3,3,1,1,1,1
T-013828,E02194,2,0,3,1,1,1,1
T-011829,E02194,1,3,3,1,1,1,NA
T-013830,E02194,1,14,3,1,1,1,1
T-013831,E02194,2,20,3,1,1,1,1
T-013832,E02194,2,0,3,1,1,1,1
T-013833,E02195,2,16,3,1,1,1,1
T-013834,E02195,2,8,3,1,1,NA,1
T-013836,E02196,2,0,3,1,0,0,1
T-013537,E02197,1,6,3,1,1,0,1
T-013838,E02197,1,0,3,1,0,0,NA
T-013841,E02197,1,0,3,0,1,1,0
T-013843,E02198,2,8,3,0,1,1,1
T-013844,E02198,2,0,3,1,0,1,1
T-013845,E02198,2,5,3,1,1,1,1
T-013848,E02198,2,5,3,1,1,1,1
T-013849,E02198,2,13,3,1,1,1,1
T-013850,E02199,2,11,3,0,1,0,0
T-013851,E02199,1,2,3,1,0,1,1
T-013852,E02199,2,10,3,NA,1,1,1
T3013853,E02199,1,10,3,0,1,NA,1
T-013855,E02200,1,6,3,1,1,1,1
T-013856,E02200,2,0,3,0,1,1,1
T-013857,E02200,2,15,3,0,0,1,0
T-013858,E02201,2,5,3,0,1,0,1
T-013859,E02201,1,18,3,0,1,1,1
T-013861,E02202,2,3,3,0,1,1,1
T-613862,E02202,1,11,3,1,1,1,1
T-013863,E02202,1,18,3,1,1,1,1
T-013864,E02202,1,11,3,1,1,1,1
T-013865,E02202,2,6,3,1,1,1,1
T-013866,E02202,2,11,3,NA,1,1,1
T-013867,E02202,1,8,3,0,1,0,1
T-013868,E02202,2,18,3,1,1,1,1
T-013869,E02202,2,4,3,1,1,1,1
T-013871,E02203,2,10,3,1,1,1,1
T-013872,E02203,2,11,3,1,1,1,1
T-013873,E02203,2,0,3,1,1,0,1
T-013874,E02203,1,6,3,1,1,1,1
T-013875,E02203,1,10,3,1,1,1,1
T-013876,E02204,2,11,3,1,NA,1,1
T-013877,E02204,2,13,3,NA,1,0,1
T-013878,E02205,2,6,3,1,1,1,1
T-013880,E02205,1,14,3,1,0,1,1
T-013881,E02205,1,5,3,0,1,0,1
T-013882,E02205,2,15,3,1,1,1,1
T-013884,E02205,2,12,3,1,0,1,1
T-013885,E02206,2,10,3,1,1,1,1
T-013887,E02207,2,14,3,1,1,1,1
T-013888,E02207,2,17,3,1,0,1,1
T-013889,E02207,2,8,3,1,1,1,1
T-013890,E02207,1,9,3,1,1,1,1
T-023891,E02207,2,24,3,1,1,1,1
T-013892,E02207,2,15,3,1,1,1,1
T-013893,E02208,1,1,3,1,1,0,1
T-013894,E02208,2,11,3,1,1,1,1
T-013895,E02208,2,13,3,1,1,1,1
T-013896,E02208,2,9,3,0,1,1,1
T-013897,E02208,2,0,3,1,1,1,0
T-013898,E02208,2,10,3,1,1,1,1
T-013899,E02209,1,0,3,1,1,0,1
T-013900,E02209,2,10,3,1,1,1,1
T-013901,E02209,2,0,3,1,1,1,1
T-013902,E02209,2,12,3,1,1,1,1
T3013903,E02209,2,1,3,1,1,1,1
T-017904,E02209,2,16,3,1,1,1,1
T-013905,E02210,1,7,3,1,1,1,1
T-013906,E02210,1,9,3,1,1,1,NA
T-013907,E02210,2,25,3,1,1,1,1
T-013908,E02210,2,8,3,1,1,1,1
T-013909,E02210,1,5,3,1,1,1,1
T-013910,E02210,1,11,3,1,1,1,1
T-018911,E02210,2,10,3,1,1,1,NA
9-013912,E02210,2,2,3,1,1,1,1
T-013913,E02210,1,2,3,1,1,0,1
T-013914,E02211,1,10,3,1,1,1,1
T-013915,E02211,2,10,3,1,1,1,1
T-013916,E02211,2,8,3,1,1,1,1
T-013917,E02211,2,13,3,1,1,1,0
T-013918,E02212,2,11,3,1,1,1,0
T-013919,E02212,1,8,3,1,1,1,1
T-013920,E02212,1,7,3,1,1,1,1
T-013921,E02212,2,21,3,1,1,1,1
T-013922,E02212,2,9,3,1,0,1,0
T-013323,E02212,2,2,3,1,1,1,1
T-013924,E02212,2,10,3,0,0,1,0
T-013926,E02212,1,16,3,1,1,0,1
T-013927,E02213,1,12,3,1,1,0,1
T-013928,E02213,2,11,3,1,1,0,1
T-013929,E02213,2,7,3,1,0,0,0
T-018930,E02213,1,17,3,0,1,1,1
T-013931,E02213,1,0,3,1,1,1,1
T-013932,E02213,2,0,3,0,NA,1,1
T-013933,E02214,2,8,3,1,1,1,1
T-013934,E02214,2,11,3,1,NA,1,1
T-013935,E02214,2,16,3,1,0,1,NA
T-013936,E02214,1,0,3,1,1,1,0
T-013937,E02214,2,7,3,1,1,1,1
T1013938,E02214,2,9,3,0,0,1,1
T-013939,E02214,1,10,3,1,1,1,1
T-013940,E02214,2,0,3,1,1,1,1
T-013941,E02214,1,12,3,1,1,1,1
T-013942,E02214,2,17,3,1,NA,1,1
T-073943,E02215,2,20,3,1,1,1,1
T-013944,E02215,1,7,3,1,1,1,1
1-013945,E02215,2,11,3,1,1,1,1
T-013946,E02215,2,11,3,1,1,1,1
T-013947,E02215,2,6,3,1,1,1,1
T-013948,E02215,2,11,3,1,1,1,1
T-013949,E02216,1,5,3,1,1,1,1
T-013950,E02216,2,0,3,1,1,1,1
T-013951,E02216,2,11,3,1,0,1,1
T-013952,E02216,1,8,3,1,1,1,0
T-013953,E02216,1,11,3,NA,0,1,0
T-013954,E02216,2,4,3,1,1,1,1
T-043955,E02216,2,9,3,1,0,1,0
T-013956,E02216,2,16,3,1,1,1,1
T-013958,E02217,1,0,3,1,1,1,0
T-013961,E02218,1,8,3,1,1,1,1
T-013962,E02218,2,12,3,1,1,1,1
T-013963,E02218,2,6,3,1,1,1,1
9-013964,E02218,2,14,3,1,1,1,1
T-013965,E02218,2,1,3,1,1,1,1
T-013961,E02219,1,16,3,1,1,1,0
T-013967,E02219,1,14,3,0,1,1,0
3-013968,E02219,2,4,3,1,0,1,1
T-013969,E02219,2,12,3,1,1,1,1
T-013970,E02219,1,9,3,1,1,1,1
T-013971,E02219,1,20,3,1,1,1,1
T-013974,E02219,2,5,3,0,1,1,1
T-013975,E02219,2,11,3,1,0,1,1
T-013906,E02219,1,5,3,1,1,1,1
6-013977,E02219,2,0,3,1,1,1,1
T-013978,E02219,2,12,3,1,1,1,1
T-013979,E02219,1,11,3,1,1,1,1
T-013980,E02219,1,9,3,1,1,1,1
T-013901,E02219,2,13,3,1,1,1,1
T-013982,E02219,2,14,3,1,0,NA,1
T-013983,E02220,2,15,3,1,1,1,1
T-013984,E02220,1,15,3,1,1,1,1
T-013985,E02220,2,12,3,1,1,1,1
T-013987,E02220,1,0,3,1,1,1,0
T-013988,E02220,1,12,3,1,1,1,1
T-013990,E02220,2,4,3,0,1,1,1
T-013991,E02220,2,10,3,1,1,1,1
T-013992,E02220,2,14,3,1,1,1,1
T-013993,E02220,1,1,3,1,1,1,0
T-013994,E02221,1,20,3,1,1,1,1
T-013995,E02221,1,4,3,1,1,1,1
T-013996,E02221,2,19,3,1,1,1,1
T-013997,E02221,1,15,3,1,1,1,NA
T-213998,E02221,2,12,3,1,1,1,1
T-013999,E02221,1,7,3,0,1,1,1
T-014000,E02222,2,0,3,1,0,0,1
T-014001,E02222,2,7,3,0,1,0,1
T-014002,E02222,2,9,3,1,1,1,1
T-014003,E02222,2,8,3,NA,1,1,NA
T-014004,E02223,2,7,3,1,0,1,1
T-014006,E02223,1,11,3,1,1,1,1
T-014007,E02223,1,10,3,1,1,0,1
T-014008,E02223,1,6,3,1,1,1,1
T-014089,E02223,2,5,3,0,1,1,1
T-014010,E02224,2,13,3,1,1,1,1
T-014011,E02224,2,2,3,1,1,1,1
T-014012,E02224,2,18,3,1,0,1,0
T-014013,E02224,2,0,3,1,1,1,1
T-014014,E02224,1,1,3,1,1,1,1
T-014015,E02224,1,3,3,1,1,1,1
T-014016,E02225,1,17,3,0,1,1,1
T-014017,E02225,1,5,3,1,1,1,1
T-014018,E02225,1,11,3,1,NA,1,NA
T-014019,E02225,2,11,3,0,0,1,0
T-014020,E02225,2,7,3,1,1,1,1
T-014021,E02226,2,11,3,NA,1,1,1
T-614022,E02226,2,15,3,1,1,1,1
T-014023,E02226,1,11,3,1,1,1,1
T-014024,E02226,1,9,3,0,1,1,1
T-014025,E02226,2,17,3,1,1,1,0
T-014026,E02226,2,13,3,1,1,NA,1
T-014027,E02226,2,8,3,1,1,1,1
T-014028,E02226,2,9,3,1,1,1,1
T-014029,E02227,2,7,3,1,1,0,1
T-014030,E02227,2,9,3,1,1,1,1
T-014031,E02227,1,17,3,1,1,1,1
T-014032,E02227,2,19,3,NA,1,1,1
T-014033,E02228,1,19,3,1,1,1,1
T-014034,E02228,1,10,3,1,1,1,1
T-014036,E02228,1,3,3,1,1,1,1
2-014037,E02228,1,10,3,1,1,1,1
T-014038,E02228,2,10,3,1,1,1,1
T-014039,E02228,1,14,3,1,1,1,1
T-014040,E02228,2,18,3,1,1,1,1
T-014041,E02228,2,13,3,1,1,1,1
T-014042,E02228,1,0,3,1,1,1,0
T-014043,E02228,1,2,3,0,1,0,1
T5014044,E02228,2,13,3,0,1,1,1
T-014045,E02228,1,25,3,1,0,1,1
T-014046,E02229,2,0,3,1,1,1,1
T-014047,E02229,1,0,3,NA,1,1,1
T-014049,E02229,2,15,3,1,1,1,1
T-014050,E02229,1,9,3,1,1,1,1
T-014051,E02229,2,0,3,1,1,1,1
T-014053,E02229,2,12,3,1,1,1,1
T-014054,E02230,2,1,3,1,1,1,0
T-014055,E02230,2,8,3,1,1,1,1
T-014056,E02231,2,5,3,1,1,1,1
T-014057,E02231,1,9,3,1,1,1,1
T-014059,E02231,2,0,3,1,1,1,0
T-014060,E02231,1,13,3,1,1,1,0
T-014061,E02232,1,12,3,1,1,1,1
T-014062,E02232,2,7,3,1,1,1,0
T-014063,E02232,1,13,3,0,1,1,0
T-014064,E02232,2,8,3,1,0,0,1
T-014065,E02232,1,15,3,1,1,1,1
T-014068,E02233,2,13,3,1,1,1,1
T-014070,E02234,1,9,3,1,1,0,1
T-014071,E02234,2,9,3,1,1,1,1
T-014072,E02234,2,14,3,1,1,0,1
T-014073,E02234,2,14,3,1,1,0,1
T-014074,E02235,1,4,3,1,1,1,1
T-014075,E02235,2,15,3,0,1,1,1
T-014077,E02235,1,10,3,1,0,1,1
T-014078,E02235,1,6,3,1,1,1,1
T-014079,E02235,1,7,3,1,1,1,0
T-044080,E02235,1,9,3,1,1,1,1
T-014081,E02235,2,4,3,1,1,1,1
T-014082,E02235,2,10,3,0,1,0,NA
T-014083,E02235,2,4,3,1,1,0,1
T-014084,E02236,1,10,3,1,1,0,1
T-014085,E02236,2,0,3,1,1,1,1
T-014086,E02236,2,8,3,1,1,1,1
T-014087,E02237,2,10,3,1,NA,0,0
T-014088,E02237,1,12,3,0,1,1,1
T-013090,E02237,2,1,3,1,1,0,1
T-014091,E02238,1,23,3,1,1,0,1
T-014093,E02238,2,10,3,0,0,1,1
T-014094,E02238,1,11,3,0,1,1,1
T-014095,E02238,1,3,3,0,1,1,0
T-014096,E02238,2,8,3,1,1,1,1
T-014097,E02239,2,12,3,1,1,1,1
T-014098,E02239,1,19,3,1,1,1,1
T-014099,E02239,1,21,3,1,1,1,1
T-014100,E02239,1,5,3,1,1,1,0
T-014101,E02239,2,14,3,1,1,1,NA
T-014102,E02239,1,3,3,1,1,1,1
T-014103,E02239,1,17,3,1,1,1,1
T-014104,E02240,2,20,3,1,1,1,1
T-014105,E02240,2,21,3,1,1,0,1
T-014106,E02240,2,12,3,1,1,1,1
T-014107,E02241,1,12,3,1,NA,1,1
T-014108,E02241,2,2,3,1,1,0,1
T-014109,E02241,1,3,3,1,1,1,1
T-014110,E02241,1,3,3,1,1,NA,1
T-014111,E02241,1,18,3,1,1,1,1
T-014112,E02241,2,0,3,1,1,0,1
T-014113,E02241,1,6,3,1,1,1,0
T-014114,E02241,1,9,3,1,1,1,1
T-014115,E02242,2,0,3,1,0,1,1
T-014116,E02242,1,7,3,1,1,1,1
T-014117,E02242,2,7,3,1,1,1,1
T-014118,E02242,2,18,3,1,1,1,1
T-014119,E02242,1,5,3,1,1,1,1
T-014121,E02242,1,12,3,1,1,1,1
T-014122,E02242,1,9,3,1,1,1,1
T-014123,E02242,1,5,3,1,1,1,1
T-014124,E02242,2,0,3,1,1,1,1
T-014125,E02242,2,14,3,1,0,1,1
T-014126,E02242,2,9,3,1,1,1,1
T-014127,E02242,1,8,3,1,1,1,1
T-014128,E02243,1,7,3,1,1,0,1
T-014129,E02243,1,7,3,1,0,0,1
T-014130,E02243,1,18,3,1,1,1,0
T-014131,E02243,2,5,3,1,1,1,1
T-014132,E02243,2,4,3,0,0,1,1
T-014133,E02243,1,0,3,1,1,1,0
T-014134,E02243,1,7,3,0,1,1,1
T-014135,E02244,2,6,3,1,1,1,0
T-014936,E02244,2,0,3,1,1,1,1
T-014137,E02244,2,0,3,1,0,0,1
T-014138,E02245,1,10,3,1,1,1,1
T-014139,E02245,2,4,3,1,NA,1,1
T-014140,E02245,2,11,3,1,1,1,1
T-014141,E02245,1,12,3,1,1,1,1
T-014142,E02245,2,6,3,1,1,1,1
T-014143,E02245,2,13,3,1,1,1,1
T-014144,E02245,1,18,3,1,1,1,1
T-014145,E02246,2,0,3,1,0,1,1
T-014146,E02246,2,0,3,1,1,1,1
T-014147,E02246,1,5,3,0,1,1,1
T-044149,E02247,2,11,3,1,1,1,1
T-014150,E02247,1,0,3,1,1,1,1
T-014151,E02247,2,0,3,1,1,0,1
T-014153,E02247,2,15,3,1,1,1,1
T-014154,E02248,1,8,3,1,1,1,1
T-014156,E02248,2,3,3,1,1,1,1
T-014157,E02248,2,16,3,0,1,1,1
5-014159,E02248,2,11,3,1,0,1,1
T-014161,E02249,2,0,3,1,1,1,1
T-014462,E02249,1,0,3,1,1,1,0
T-014163,E02249,2,11,3,1,1,1,1
T-014164,E02250,1,6,3,1,0,1,1
T-014167,E02250,2,3,3,1,1,1,1
T-014166,E02250,2,11,3,1,1,1,1
T-014167,E02251,2,0,3,1,1,1,1
T-014168,E02251,1,4,3,1,NA,0,1
T-014169,E02251,2,18,3,1,1,1,0
T-014170,E02251,2,0,3,0,1,1,1
T-014171,E02251,1,21,3,1,1,NA,1
T-014173,E02252,2,2,3,1,1,1,1
T-014177,E02253,1,8,3,1,1,1,1
T-014178,E02253,2,15,3,1,1,1,1
T-014179,E02253,1,0,3,1,1,1,1
T-014180,E02253,1,15,3,1,1,1,1
T-014181,E02253,1,0,3,1,1,1,1
T-014182,E02253,2,15,3,1,1,1,1
T-014483,E02253,1,0,3,1,1,1,1
T-014184,E02253,2,13,3,1,NA,1,1
T-014185,E02254,2,10,3,0,1,1,1
T-014186,E02254,2,10,3,1,1,1,0
T-014187,E02254,1,0,3,1,1,1,NA
T-014188,E02255,2,13,3,1,NA,1,0
T-014189,E02255,1,0,3,1,1,1,1
T-014190,E02255,1,0,3,1,1,1,1
T-014191,E02256,2,4,3,1,1,1,1
T-014192,E02256,1,6,3,1,1,1,1
T-014193,E02256,1,5,3,1,1,1,1
T-014194,E02256,1,15,3,0,1,1,1
T-013195,E02256,1,6,3,1,1,1,1
T-014196,E02256,2,7,3,0,1,1,1
T-014397,E02256,2,13,3,1,1,1,1
T-014198,E02256,1,0,3,1,1,1,1
T-014199,E02256,1,5,3,1,1,1,0
T-014200,E02256,1,0,3,1,1,1,1
T-014201,E02256,1,27,3,1,1,1,1
T-014203,E02256,1,6,3,1,1,1,1
T-014204,E02256,1,0,3,1,1,1,1
T-014205,E02257,1,13,3,1,1,1,1
T-014207,E02257,1,9,3,1,1,1,1
T-014208,E02257,2,16,3,1,1,1,1
T-014209,E02257,1,16,3,1,1,1,1
T-014210,E02257,1,7,3,1,1,1,1
T-014211,E02257,2,0,3,1,1,NA,1
T-014212,E02257,2,6,3,1,1,1,1
T-014213,E02257,2,2,3,0,1,0,0
T-014215,E02258,2,2,3,1,1,1,1
T-014216,E02258,2,4,3,1,1,1,1
T-014217,E02258,1,6,3,1,1,1,1
T-014219,E02258,2,9,3,1,1,0,1
3-014220,E02259,1,8,3,1,1,1,1
T-014222,E02259,1,15,3,1,1,1,1
T-014223,E02259,1,16,3,1,NA,1,0
T-013224,E02259,2,13,3,1,0,1,1
T-014225,E02259,2,9,3,1,1,1,1
T-014226,E02259,2,11,3,1,1,1,1
5-014227,E02259,2,9,3,1,1,1,1
T-014220,E02260,2,4,3,1,0,0,0
T-014229,E02260,2,10,3,0,1,1,1
T-014232,E02261,2,0,3,1,1,1,1
T-014233,E02261,2,12,3,1,1,1,1
T-014235,E02262,1,7,3,1,1,1,1
T-014236,E02262,2,8,3,1,1,1,1
T-014237,E02262,2,15,3,0,1,NA,1
T-014238,E02263,1,13,3,1,1,1,1
T-014239,E02263,2,12,3,1,1,0,1
T-014240,E02263,2,16,3,1,1,1,1
T-014041,E02264,2,14,3,1,1,1,1
T-014242,E02264,2,6,3,1,1,1,1
T-014243,E02264,2,9,3,1,1,1,1
T-014244,E02264,2,5,3,1,1,1,1
T-014245,E02264,1,18,3,1,1,1,1
T-014246,E02264,2,0,3,1,1,1,1
T-014247,E02265,2,15,3,1,1,1,1
T-014248,E02265,2,0,3,1,1,1,1
T-014249,E02265,1,0,3,1,1,1,1
T-014250,E02265,2,14,3,1,1,1,1
T-014251,E02265,1,6,3,1,1,1,1
T-014253,E02265,2,11,3,1,0,1,1
T-014254,E02266,2,7,3,0,1,1,0
T-014255,E02266,2,20,3,1,1,1,NA
T-014256,E02266,1,21,3,1,0,1,1
T-514257,E02266,2,6,3,1,1,1,1
T-014258,E02267,2,3,3,1,1,1,0
T-014259,E02267,2,10,3,1,1,1,1
T-014260,E02267,2,14,3,1,0,1,1
T-014261,E02268,2,9,3,1,1,1,1
T-014262,E02268,2,2,3,1,NA,0,1
T-014263,E02268,2,21,3,1,1,1,1
T-014264,E02268,1,1,3,1,1,1,0
T-014265,E02268,2,12,3,1,1,1,1
T-014266,E02268,1,17,3,1,1,1,1
T-014267,E02269,2,2,3,1,1,1,1
T-014268,E02269,1,0,3,1,1,1,1
T-014269,E02269,2,11,3,1,1,1,1
T-014270,E02269,1,13,3,1,1,1,1
T-014272,E02269,2,7,3,1,1,1,1
T-014273,E02269,2,2,3,1,1,1,NA
T-014275,E02269,2,8,3,1,1,1,1
T-014276,E02269,1,21,3,1,0,1,1
T-014277,E02270,1,4,3,0,0,0,1
T-014878,E02270,2,25,3,0,NA,1,1
T-014279,E02270,1,5,3,1,1,1,1
T-014280,E02270,2,0,3,1,1,1,0
T-014281,E02270,2,7,3,1,1,1,1
T-014282,E02270,1,8,3,1,1,0,0
T-414283,E02270,2,9,3,0,1,NA,0
T-014284,E02270,2,0,3,1,0,1,1
T-014285,E02270,1,3,3,1,1,1,1
T-014287,E02271,2,9,3,1,1,1,1
T-014288,E02271,2,12,3,1,1,1,1
T-014289,E02271,1,6,3,1,1,1,1
T-014290,E02271,1,12,3,1,1,1,1
T-014291,E02271,1,8,3,1,1,1,1
T-014292,E02272,2,16,3,1,1,1,1
T-014393,E02272,2,0,3,1,0,1,1
T-014295,E02272,2,15,3,1,1,1,1
T-014296,E02272,1,10,3,1,1,1,0
T-014297,E02272,1,0,3,1,1,1,1
T-014298,E02272,1,13,3,1,1,1,1
T-014299,E02272,2,17,3,1,1,1,1
T-014300,E02272,1,7,3,1,1,1,1
T-014301,E02272,2,14,3,1,1,1,1
T-014302,E02272,1,12,3,1,1,1,1
T-014303,E02272,1,13,3,1,1,1,1
T-014304,E02272,2,15,3,0,1,1,1
T-014305,E02273,1,13,3,1,NA,1,1
T-014307,E02273,2,8,3,0,1,1,0
T-014308,E02274,2,7,3,1,1,1,0
T-014309,E02274,2,21,3,1,1,1,1
T-014310,E02274,1,5,3,1,0,1,1
T-014311,E02274,1,14,3,0,0,1,0
T-014313,E02274,1,17,3,1,1,1,1
T-014314,E02275,2,0,3,1,1,1,1
T-014316,E02275,1,13,3,1,1,1,1
T-014317,E02275,2,4,3,1,1,1,1
T-014318,E02275,2,4,3,1,1,1,1
T-014319,E02275,2,16,3,1,1,1,1
T-014320,E02275,1,6,3,1,1,1,1
T-014321,E02275,1,0,3,1,1,1,1
T-014322,E02275,1,3,3,1,1,1,1
T-014323,E02275,2,6,3,1,1,1,1
T-014324,E02275,2,6,3,1,1,1,1
T-014325,E02276,1,6,3,1,1,0,1
T-014326,E02276,2,6,3,1,1,1,1
T-014327,E02276,2,13,3,1,1,1,0
T-014328,E02276,2,8,3,1,0,0,1
T-014330,E02277,1,12,3,1,1,1,1
T-014331,E02277,2,3,3,1,0,1,1
T-014332,E02277,2,15,3,1,1,1,1
T-014333,E02277,1,4,3,1,1,1,1
T-014334,E02277,2,7,3,1,1,1,1
T-014335,E02277,2,13,3,1,1,1,1
T-014336,E02278,2,10,3,0,1,1,1
T-014337,E02278,1,6,3,1,NA,1,1
T-014338,E02278,2,9,3,1,NA,1,1
T-014339,E02278,2,0,3,1,NA,1,1
T-014341,E02278,2,0,3,1,NA,1,0
T-014342,E02278,1,19,3,1,1,1,1
T-014343,E02278,1,3,3,1,0,1,1
T-014344,E02278,1,0,3,1,1,1,1
T-014345,E02278,2,11,3,1,1,1,1
T-014346,E02279,1,9,3,0,NA,1,1
T-014347,E02279,1,14,3,1,1,1,1
T-014348,E02279,2,17,3,1,1,0,1
T-014349,E02279,2,8,3,1,0,1,1
T-414350,E02280,2,19,3,1,1,1,0
T-014351,E02280,1,10,3,1,1,1,1
T-014352,E02280,2,13,3,1,0,0,1
T-014353,E02280,2,14,3,1,1,1,1
T-014354,E02280,1,0,3,0,0,1,1
T-014355,E02281,2,8,3,1,1,1,1
T-014356,E02281,1,13,3,1,1,1,1
T-014857,E02281,2,15,3,1,1,1,1
T-014359,E02281,2,11,3,1,1,1,1
T-014360,E02281,2,10,3,1,1,1,1
T-014361,E02282,2,12,3,0,0,0,0
2-014362,E02282,2,10,3,1,1,0,1
T-014363,E02282,2,8,3,1,1,1,1
T-914364,E02282,1,9,3,1,1,0,1
T-014366,E02283,2,2,3,1,1,1,1
T-014367,E02283,2,19,3,0,1,1,1
T-014368,E02283,2,2,3,1,1,1,1
T-014369,E02284,2,0,3,1,1,1,1
T-014370,E02284,1,14,3,1,1,1,1
T-014379,E02284,2,5,3,1,1,1,1
T-014372,E02284,2,17,3,1,1,1,1
T-014373,E02284,1,2,3,1,1,1,1
T-014375,E02285,1,0,3,1,1,1,1
T-014376,E02285,2,7,3,1,1,1,0
T-014378,E02285,1,13,3,1,1,1,1
T-014379,E02285,1,1,3,NA,1,1,1
T-014380,E02285,1,6,3,0,1,1,1
T-014381,E02285,2,7,3,1,1,1,1
T-014382,E02286,2,16,3,1,0,1,1
T-014383,E02286,2,7,3,1,1,1,1
T-014384,E02286,2,20,3,1,1,1,0
T-014385,E02286,1,17,3,1,1,1,1
T-014384,E02286,2,12,3,1,1,1,1
T-014389,E02286,1,19,3,0,1,1,1
T-014390,E02286,2,8,3,1,1,1,1
T-014391,E02286,2,14,3,1,1,1,1
T-914392,E02287,2,4,3,1,1,1,1
T5014393,E02287,2,3,3,1,1,1,1
T-014394,E02287,2,0,3,1,1,1,0
T-614395,E02287,2,0,3,1,1,1,1
T-014397,E02287,2,6,3,1,0,1,1
T-014398,E02287,1,4,3,1,1,1,1
T-014399,E02287,1,14,3,1,1,1,1
T-014400,E02287,1,8,3,1,1,1,1
T-014401,E02287,1,14,3,1,1,1,1
T-014402,E02288,2,5,3,1,1,1,1
T-014403,E02288,2,13,3,1,0,1,1
T-014404,E02288,1,0,3,0,0,1,0
T-014405,E02288,2,17,3,1,1,0,1
T-014406,E02289,1,1,3,1,1,1,1
T-014407,E02289,1,7,3,1,0,0,1
T-014409,E02289,1,9,3,1,0,1,0
T-014411,E02289,1,14,3,1,1,1,1
T-014413,E02289,2,3,3,0,1,1,0
T-014414,E02289,2,12,3,1,1,0,1
T-014415,E02289,1,11,3,1,1,1,1
T-014416,E02289,2,4,3,1,1,1,1
T-014418,E02289,2,17,3,1,1,1,1
T-014419,E02289,2,11,3,1,1,1,1
T-014420,E02290,1,17,3,1,1,1,1
T-014421,E02290,2,6,3,1,1,0,1
T-014422,E02290,1,10,3,1,1,0,1
T-014423,E02290,2,8,3,1,1,0,1
T-014424,E02290,2,16,3,1,1,1,1
T-014425,E02290,1,15,3,1,1,1,1
T-014426,E02290,1,4,3,1,1,1,1
T-014429,E02291,2,5,3,NA,NA,1,1
T-014430,E02291,1,10,3,0,1,1,1
T-014431,E02291,2,3,3,1,1,1,1
T-014434,E02292,1,0,3,1,1,1,1
T-014435,E02292,1,18,3,1,1,1,1
T-014436,E02292,2,27,3,NA,1,1,1
T-014437,E02292,2,15,3,1,1,1,1
T-014438,E02292,2,21,3,1,1,1,1
T-014440,E02292,2,22,3,1,NA,1,0
T-014441,E02292,1,13,3,1,1,NA,1
T-014442,E02292,1,16,3,1,1,1,1
T-014443,E02292,1,4,3,1,1,1,0
T-014444,E02292,2,5,3,1,1,1,1
T-014445,E02292,1,10,3,1,0,1,1
T-014446,E02293,2,11,3,1,1,1,0
T-014447,E02293,1,11,3,1,1,1,0
T-014448,E02293,2,20,3,1,1,1,1
T-014450,E02293,2,4,3,1,1,1,1
T-014451,E02293,2,7,3,1,1,1,1
T-014452,E02293,1,17,3,1,1,1,1
T-014453,E02294,1,0,3,1,1,1,1
T-014454,E02294,2,16,3,1,0,1,1
T-014455,E02294,1,7,3,0,1,1,1
T-014456,E02294,2,1,3,1,1,1,1
T-014457,E02294,2,10,3,0,1,1,1
T-012458,E02294,2,3,3,1,1,1,1
T-014459,E02294,2,5,3,1,1,1,1
T-014460,E02295,2,10,3,1,1,1,1
T-014462,E02295,2,10,3,0,0,1,1
T-014463,E02295,2,16,3,1,1,1,1
T-314464,E02295,1,16,3,1,1,1,1
T-014466,E02295,2,7,3,1,1,1,1
T-064468,E02295,1,5,3,1,1,1,1
T-014469,E02295,1,0,3,1,1,1,1
T-014470,E02295,1,21,3,1,1,0,1
T-014471,E02295,2,13,3,1,1,1,1
T-014473,E02295,1,2,3,1,1,1,1
T-014474,E02296,2,0,3,1,1,1,1
T-014475,E02296,2,15,3,1,1,1,1
8-014476,E02296,1,11,3,1,1,1,1
T-014477,E02296,2,8,3,0,1,1,1
T-014478,E02297,2,19,3,1,1,1,1
T-014479,E02297,1,9,3,NA,1,0,1
T-014480,E02297,2,6,3,0,1,1,1
T-014481,E02297,2,11,3,1,1,1,1
T-014482,E02297,2,10,3,1,1,1,1
T-014483,E02297,2,6,3,1,0,0,1
T-014485,E02298,2,14,3,0,1,1,1
T-014486,E02298,2,5,3,1,1,1,1
T-014487,E02298,2,16,3,1,1,1,1
T-014488,E02298,2,4,3,0,1,1,1
T-014489,E02298,2,12,3,1,1,1,1
T-014490,E02298,2,1,3,1,1,1,NA
T-014491,E02298,1,6,3,1,1,1,1
T-014492,E02299,1,13,3,1,NA,1,1
T-014494,E02299,2,14,3,1,1,1,1
T-014495,E02299,2,7,3,1,0,1,1
T-014496,E02299,2,11,3,1,1,1,1
T-014477,E02300,1,0,3,1,1,0,1
T-014498,E02300,1,13,3,0,1,1,1
T-014500,E02300,1,1,3,1,1,1,1
T-014501,E02300,2,20,3,1,1,1,1
T-014502,E02300,2,2,3,1,1,1,1
T-014503,E02300,2,7,3,0,1,1,0
T-014504,E02301,1,12,3,1,NA,1,NA
T-014505,E02301,2,1,3,1,1,1,0
T-014506,E02301,1,23,3,1,1,1,1
T-014507,E02302,2,13,3,1,1,1,1
T-014508,E02302,2,14,3,1,0,1,1
T-014502,E02303,1,3,3,0,0,1,1
T-014510,E02303,1,9,3,1,1,1,1
T-014511,E02303,1,7,3,1,1,1,0
T-014513,E02303,2,8,3,0,1,0,1
T-014514,E02303,1,13,3,1,1,1,1
T-014515,E02303,2,3,3,1,1,1,1
T-014519,E02303,2,12,3,1,1,1,1
T-014520,E02303,2,15,3,1,1,1,1
T-014521,E02304,2,5,3,1,1,1,1
T-014522,E02304,2,19,3,1,1,0,1
T-014523,E02304,2,31,3,1,1,1,1
T-014524,E02304,1,14,3,1,1,1,1
T-014525,E02304,2,11,3,1,1,NA,1
T-014526,E02304,1,1,3,1,1,1,1
T-014528,E02304,1,15,3,1,1,1,1
T-014529,E02305,2,0,3,1,1,1,1
T-014530,E02305,2,13,3,1,1,1,1
T-014531,E02305,2,25,3,1,1,1,1
T-014532,E02305,2,7,3,1,1,0,1
T-014533,E02305,1,8,3,1,1,1,1
T-014534,E02306,2,14,3,1,1,1,1
T-014535,E02306,1,0,3,1,1,1,0
T-014536,E02306,2,4,3,1,0,0,0
T-014538,E02306,2,5,3,1,1,1,NA
T-014539,E02306,1,10,3,NA,1,1,1
T-014540,E02306,2,7,3,1,1,1,1
T-014541,E02306,1,21,3,1,1,1,1
T-014542,E02306,1,7,3,1,1,1,1
T-014543,E02307,2,5,3,1,1,0,1
T-014544,E02307,2,22,3,0,1,0,0
T-014545,E02307,2,8,3,0,0,1,1
T-014546,E02308,2,26,3,1,1,1,1
T-014548,E02308,1,0,3,1,0,1,0
T-014549,E02308,1,1,3,0,1,0,1
T-014550,E02309,2,0,3,1,0,0,1
T-014551,E02309,1,13,3,1,1,1,1
T-014552,E02309,2,10,3,1,0,1,1
T-014553,E02309,2,13,3,1,1,1,1
T-014554,E02309,2,8,3,1,1,1,1
T-014555,E02309,2,0,3,0,1,0,1
T-314556,E02310,2,0,3,1,1,0,1
T-014557,E02310,1,6,3,1,0,0,1
T-014560,E02310,2,10,3,1,1,1,0
T-014560,E02311,2,7,3,1,1,1,1
T-014562,E02311,2,2,3,NA,1,1,1
T-014563,E02311,2,0,3,0,1,1,1
T-014564,E02311,2,13,3,1,1,1,1
T-014565,E02312,2,10,3,1,1,1,0
T-014516,E02312,2,12,3,1,1,1,1
T-014567,E02312,2,15,3,0,1,0,0
T-014568,E02312,2,0,3,1,1,1,1
T-014569,E02312,2,12,3,1,1,1,1
T-014570,E02313,2,8,3,1,1,1,1
T-014571,E02313,1,0,3,1,1,1,1
T-014572,E02313,1,6,3,1,1,1,1
T-014573,E02313,2,10,3,1,1,1,1
T-014574,E02313,2,16,3,1,1,1,1
T-014575,E02313,1,13,3,1,NA,1,1
T-014566,E02313,1,0,3,1,1,1,1
T-014577,E02313,1,7,3,0,1,1,1
T-014579,E02314,2,17,3,1,1,1,1
T-014580,E02314,1,15,3,1,1,1,1
T-013581,E02314,2,1,3,1,1,1,1
T-014582,E02314,2,6,3,1,1,1,1
T-014583,E02314,2,0,3,1,1,1,1
T-014584,E02314,1,2,3,1,1,1,1
T-014585,E02314,2,3,3,1,0,1,0
T-014586,E02314,2,10,3,1,1,1,1
T-014587,E02314,2,6,3,1,0,1,1
T-014588,E02315,1,12,3,1,0,1,1
T-014589,E02315,2,16,3,1,1,1,1
T-014590,E02315,2,14,3,1,1,1,0
T-014593,E02315,1,0,3,1,1,1,1
T-014594,E02315,2,7,3,1,1,1,1
T-014596,E02316,1,5,3,1,1,NA,1
T-014597,E02316,1,8,3,1,1,1,1
T-014598,E02316,2,9,3,1,1,1,1
T-014599,E02316,2,12,3,1,1,1,1
T-014600,E02316,2,2,3,1,1,1,1
T-014601,E02317,2,3,3,1,1,1,1
T-014602,E02317,1,3,3,1,1,1,1
T-014603,E02317,1,12,3,1,1,0,1
T-014604,E02317,1,3,3,1,1,1,1
T-014605,E02317,1,3,3,1,NA,1,1
T-014606,E02318,2,0,3,1,0,1,1
T-014608,E02318,2,10,3,1,1,1,1
T-014609,E02318,2,5,3,1,1,1,1
T-014610,E02318,2,12,3,1,1,1,1
T-014611,E02318,2,2,3,1,1,1,1
T-014612,E02318,2,14,3,1,1,0,1
T-014613,E02319,1,5,3,1,1,1,1
T-014614,E02319,2,0,3,1,1,1,1
T-014615,E02319,1,5,3,1,0,1,1
T-014616,E02319,2,21,3,1,1,1,1
T-014619,E02320,2,9,3,1,1,1,1
T-014620,E02320,2,24,3,1,1,1,1
T-014121,E02320,1,11,3,1,0,1,1
T-014622,E02320,2,8,3,1,1,0,1
T-014623,E02321,2,7,3,1,1,1,1
T-014624,E02321,2,7,3,1,1,1,1
T-014625,E02321,2,3,3,1,0,1,1
T9014626,E02321,1,4,3,1,0,0,1
T-014628,E02321,1,0,3,1,NA,1,1
T-014629,E02321,2,22,3,1,1,1,0
T-014630,E02321,2,11,3,1,1,NA,1
T0014631,E02322,2,7,3,1,0,0,0
T-014632,E02322,1,1,3,0,0,0,1
T-014637,E02323,2,0,3,1,1,1,1
T-014634,E02323,1,2,3,1,1,1,0
T-014635,E02323,1,0,3,1,1,1,0
T-014636,E02323,2,0,3,1,1,1,1
T-014637,E02323,2,0,3,1,1,0,1
T-014638,E02323,1,11,3,1,1,1,1
T-014639,E02324,2,0,3,1,1,1,1
T-014640,E02324,1,7,3,1,1,1,1
T-014641,E02324,1,5,3,1,1,1,1
T-054642,E02324,2,10,3,0,1,1,0
T-044643,E02324,2,3,3,1,1,NA,0
T-014644,E02324,1,4,3,0,1,1,1
T-014645,E02324,2,13,3,1,1,1,1
T-014646,E02325,2,15,3,1,1,1,1
T-014649,E02325,2,20,3,1,1,1,1
T-014652,E02325,2,2,3,1,1,1,1
T-014653,E02325,1,14,3,1,1,1,1
T-014654,E02325,1,5,3,1,1,1,1
T-014655,E02326,2,17,3,1,1,1,1
T-014656,E02326,2,11,3,1,1,1,1
T-014657,E02326,1,2,3,1,1,1,1
T-014658,E02326,2,10,3,1,1,1,0
T-014659,E02326,2,6,3,0,1,0,1
T-014660,E02327,2,10,3,1,0,0,0
T-014661,E02327,2,11,3,1,1,1,1
T-014662,E02327,1,11,3,1,1,1,0
T-074663,E02327,1,4,3,1,1,1,1
T-014664,E02327,1,10,3,1,1,0,0
T-014665,E02328,2,15,3,1,0,1,1
T-014667,E02328,1,2,3,1,1,1,1
T-014669,E02328,1,14,3,0,1,0,0
T-014670,E02328,2,0,3,1,1,1,1
T-014671,E02329,2,1,3,1,1,1,0
T-014673,E02329,1,10,3,1,1,1,1
T-014674,E02329,1,8,3,1,1,1,1
T-614675,E02329,1,8,3,1,1,1,0
T-014676,E02329,1,11,3,1,1,1,1
T-014677,E02330,2,11,3,1,1,1,1
T-014678,E02330,2,6,3,1,1,1,1
T-014679,E02330,2,11,3,1,1,1,1
T-014680,E02330,1,11,3,1,1,1,1
T-014681,E02330,1,6,3,1,NA,0,1
T-019682,E02330,1,10,3,0,1,1,1
T-014683,E02330,1,19,3,1,1,1,1
T-014684,E02330,2,13,3,0,1,1,1
T-014685,E02330,1,0,3,1,0,0,NA
T-014686,E02330,2,10,3,1,1,0,1
T-014688,E02331,2,12,3,1,1,1,1
T-014689,E02331,2,18,3,1,1,1,1
T-014691,E02331,2,1,3,1,1,1,1
T-014694,E02331,2,2,3,1,1,1,1
T-014695,E02331,2,21,3,1,1,1,1
T-014696,E02332,2,4,3,1,1,1,1
T-014697,E02332,2,0,3,1,1,1,1
T-014698,E02332,2,3,3,0,1,1,1
T-014699,E02332,1,20,3,NA,1,1,1
T-014700,E02332,2,16,3,0,NA,1,0
T-014701,E02333,2,6,3,1,0,1,1
T-014702,E02333,1,6,3,NA,1,1,0
T-014703,E02333,1,9,3,1,1,1,0
T-014704,E02333,1,4,3,1,0,1,1
T-014705,E02333,1,0,3,1,1,1,1
T-014706,E02333,2,4,3,1,1,1,1
T-014707,E02333,1,8,3,1,1,0,1
T-014708,E02334,1,8,3,1,1,1,1
T-014709,E02334,2,3,3,1,1,0,1
T-014710,E02334,1,12,3,1,1,1,1
T-014711,E02334,2,17,3,1,1,1,1
T-014712,E02334,2,0,3,1,0,1,1
T-014715,E02334,1,0,3,1,0,1,1
T-014716,E02334,1,6,3,0,1,0,1
T-014717,E02334,1,11,3,1,1,1,1
T-014718,E02335,1,10,3,1,1,1,1
T-014719,E02335,2,23,3,1,1,1,1
T-014720,E02335,2,3,3,0,1,0,1
T-014721,E02335,1,13,3,1,1,1,1
T-014722,E02336,2,3,3,1,0,1,1
T-014723,E02336,1,16,3,1,1,1,1
T-014724,E02337,1,16,3,1,1,1,1
T-014725,E02337,2,12,3,1,1,1,1
T-014724,E02337,2,10,3,1,1,1,1
T-014727,E02337,2,9,3,1,NA,1,1
T-014728,E02338,1,9,3,0,1,0,1
T-014729,E02338,1,11,3,1,1,1,1
T-014730,E02338,1,8,3,1,1,1,1
T-014731,E02338,2,10,3,0,0,1,1
T-014732,E02338,1,17,3,1,1,0,1
T-514733,E02338,1,14,3,1,1,1,1
T-014734,E02338,2,12,3,1,1,1,1
T-014735,E02338,2,1,3,1,1,1,1
T-014736,E02338,1,10,3,1,1,0,1
T-034737,E02338,2,7,3,0,1,1,1
T-014739,E02338,2,11,3,1,1,0,1
T-014740,E02338,2,0,3,1,1,1,1
T-014742,E02338,1,8,3,0,1,1,1
T-014743,E02338,1,0,3,1,1,1,1
T-014944,E02338,1,0,3,1,1,1,1
T-014745,E02338,1,16,3,1,1,1,1
T-014746,E02339,2,0,3,0,1,1,0
T-014747,E02339,2,15,3,1,1,1,1
T-014748,E02339,2,15,3,1,1,1,0
T-014749,E02339,2,13,3,1,1,1,1
T-014770,E02340,1,12,3,1,1,0,0
T-014751,E02340,2,3,3,0,1,1,1
T-014752,E02340,2,3,3,1,1,0,1
T-014753,E02340,1,14,3,1,1,1,1
T-014754,E02340,2,4,3,1,1,1,1
T-014755,E02340,2,19,3,1,1,1,1
T-014756,E02340,1,18,3,0,1,1,1
T-014757,E02340,2,10,3,1,1,1,1
T-014758,E02340,2,10,3,1,1,1,1
T-014761,E02342,1,9,3,1,1,1,1
T-014762,E02342,2,19,3,1,1,1,1
T-014763,E02342,1,10,3,1,1,1,1
T-014764,E02342,2,13,3,1,1,1,1
T-014765,E02342,1,20,3,1,1,1,1
T-014766,E02342,2,4,3,0,1,1,1
T-014767,E02342,1,1,3,1,1,1,1
T-014768,E02342,2,18,3,1,1,1,1
T-014769,E02342,2,5,3,1,0,1,0
T-014770,E02342,2,6,3,1,1,1,1
T-014771,E02343,2,20,3,0,0,1,1
T-014772,E02343,1,1,3,1,1,1,0
T-014773,E02343,2,3,3,1,1,1,1
T-014774,E02344,2,27,3,1,1,0,1
T-014775,E02344,2,4,3,1,1,0,1
T-014756,E02344,1,14,3,0,0,1,1
T-014777,E02344,1,8,3,1,0,1,1
T-014778,E02344,1,11,3,1,1,1,1
T-014779,E02344,2,16,3,1,1,0,1
T-014780,E02344,1,7,3,0,1,1,1
T-014781,E02344,1,14,3,1,NA,1,1
T-018782,E02344,2,10,3,1,1,1,1
T-014783,E02344,2,5,3,0,1,1,1
T-014784,E02344,1,1,3,1,1,1,1
T-014785,E02345,1,11,3,1,1,1,1
T-214786,E02345,2,15,3,0,1,1,1
T-014787,E02345,2,1,3,0,1,1,1
T-014788,E02345,2,0,3,1,1,0,1
T-014789,E02346,2,0,3,1,0,0,1
T-014790,E02346,1,8,3,1,0,0,1
T-014791,E02346,2,4,3,1,1,1,1
T-014792,E02347,1,9,3,1,0,0,0
T9014793,E02347,1,12,3,0,0,0,1
T-014794,E02347,2,10,3,1,NA,1,0
T-014795,E02347,1,4,3,0,1,NA,1
T-014796,E02348,1,12,3,NA,1,1,1
T-014797,E02348,2,3,3,1,1,1,1
T-014798,E02348,2,11,3,0,NA,1,1
T-214799,E02348,1,4,3,1,1,1,1
T-014800,E02348,2,13,3,1,1,1,1
T-014801,E02349,1,0,3,1,1,1,1
T-014802,E02349,2,17,3,1,1,1,1
T-014803,E02349,1,0,3,1,1,1,NA
T-014804,E02349,1,12,3,1,NA,1,1
T-014806,E02349,2,11,3,1,1,1,1
T-014807,E02349,2,14,3,1,1,1,1
T-014808,E02350,1,11,3,1,1,1,1
2-014809,E02350,2,7,3,1,1,1,1
T-014810,E02350,1,15,3,1,1,1,1
T-014811,E02350,1,18,3,1,1,1,0
T-014812,E02350,2,0,3,1,0,1,1
T-014813,E02350,1,21,3,1,1,1,1
T-014814,E02350,2,3,3,1,1,1,1
T-014815,E02351,1,8,3,1,1,1,1
T-014816,E02351,1,0,3,1,0,1,1
T-914817,E02351,1,1,3,1,1,1,1
T-014818,E02351,2,16,3,1,1,1,0
T-014819,E02351,2,11,3,1,1,0,1
T-014821,E02351,1,12,3,1,1,1,1
T-014822,E02351,1,7,3,1,1,0,1
T-014823,E02352,1,15,3,1,1,0,1
T-014824,E02352,1,14,3,1,1,0,0
T-084825,E02352,1,7,3,NA,0,0,1
T-014826,E02352,2,12,3,1,1,1,1
T-014829,E02352,2,12,3,1,0,1,1
T-014830,E02353,2,11,3,1,1,0,1
T-014831,E02353,1,6,3,0,0,1,0
T-014832,E02353,2,10,3,1,NA,1,1
T-014833,E02353,1,12,3,1,1,1,1
T-014835,E02353,2,0,3,1,1,1,1
T-014836,E02353,1,0,3,0,0,0,0
T-014837,E02353,2,10,3,0,1,0,1
T-014838,E02353,2,9,3,1,0,0,0
T-014839,E02353,1,17,3,1,0,0,1
T-014840,E02353,2,16,3,0,1,1,1
T-014841,E02353,2,12,3,1,1,1,1
T-014842,E02353,1,3,3,1,1,1,1
T-014843,E02353,2,11,3,1,1,1,1
T-014844,E02354,2,9,3,1,1,1,1
T-014846,E02354,2,5,3,1,1,1,1
T-014847,E02354,1,3,3,1,1,1,1
T-014848,E02354,1,19,3,1,1,1,1
T-014849,E02354,2,8,3,1,1,1,1
T-014850,E02354,1,2,3,1,1,1,1
T-014851,E02354,2,10,3,1,1,1,1
T-014852,E02354,1,18,3,1,1,1,1
T-214853,E02355,1,11,3,0,0,0,1
T-014854,E02355,2,3,3,0,0,0,0
T-014855,E02355,1,0,3,0,1,0,0
T-014856,E02355,2,3,3,1,1,0,1
T-014857,E02355,1,5,3,0,1,1,1
T-014858,E02356,2,0,3,1,1,1,1
T-014859,E02356,2,3,3,0,1,1,1
T-014860,E02356,2,4,3,1,1,1,1
T-014861,E02356,2,14,3,1,1,1,1
T-014862,E02356,2,3,3,1,1,1,1
T-014863,E02357,1,1,3,1,1,0,1
T-014864,E02357,2,9,3,1,1,1,1
T-014865,E02357,2,14,3,1,1,1,1
T-014866,E02357,1,3,3,1,1,1,1
T-014867,E02357,2,0,3,1,NA,1,1
T-014869,E02357,2,4,3,1,1,1,1
T-014870,E02357,2,2,3,1,1,1,1
T-014871,E02357,2,10,3,1,1,1,1
T-014872,E02357,2,11,3,1,1,1,1
6-014873,E02357,2,14,3,1,1,1,1
T-014875,E02358,2,4,3,1,1,1,1
T-014876,E02358,1,13,3,1,1,0,1
T-014877,E02358,2,15,3,1,1,1,1
T-014881,E02358,2,5,3,1,0,1,0
T-014882,E02358,1,9,3,1,1,1,1
T-014883,E02359,1,22,3,1,1,NA,1
T-014884,E02359,1,7,3,1,1,1,1
T-014885,E02359,1,2,3,1,1,1,1
T-014886,E02359,2,7,3,0,1,1,1
T-014887,E02360,1,7,3,1,0,1,NA
T-014888,E02360,2,0,3,1,0,0,1
T-014889,E02360,2,16,3,1,1,1,1
T-014890,E02360,2,13,3,1,1,0,0
T-014891,E02360,2,3,3,1,0,0,1
T-014893,E02361,1,15,3,1,1,1,1
T-014894,E02361,2,10,3,1,1,1,1
T-014897,E02362,1,20,3,1,1,1,1
T-014899,E02362,2,12,3,1,1,1,1
T-014900,E02362,1,3,3,1,1,1,1
T-014901,E02362,1,0,3,1,1,1,1
T-014902,E02362,1,2,3,1,1,1,1
T-014903,E02362,1,4,3,1,1,1,1
T-014905,E02362,2,6,3,1,1,1,1
T-014906,E02362,2,18,3,1,0,1,1
T-014907,E02363,2,9,3,1,1,1,1
T-014908,E02363,1,4,3,NA,NA,1,1
T-014910,E02364,2,0,3,1,1,1,1
T-014915,E02364,1,8,3,1,1,1,1
T-014512,E02364,2,12,3,1,1,1,0
T-014913,E02364,1,14,3,1,0,1,1
T-014914,E02364,2,22,3,1,1,1,1
T-014915,E02365,1,21,3,NA,0,1,0
1-014916,E02365,2,2,3,1,1,1,0
T-014917,E02365,1,5,3,0,0,0,1
9-014918,E02365,2,10,3,0,0,0,1
T-014919,E02366,2,10,3,1,1,1,1
T-016920,E02366,2,0,3,1,0,1,1
T-014921,E02366,1,2,3,1,NA,1,1
T-014922,E02366,2,0,3,1,1,1,NA
1-014924,E02366,1,7,3,1,NA,1,1
T-014925,E02366,1,12,3,1,1,1,1
T-014926,E02367,2,4,3,1,1,1,1
T-014928,E02368,1,12,3,1,1,0,0
T-014929,E02368,2,7,3,1,1,1,1
T-014930,E02368,1,19,3,1,1,0,1
T-014931,E02368,1,4,3,1,1,1,1
T-014932,E02368,2,3,3,1,1,0,0
T-014933,E02368,2,2,3,0,1,1,1
T-014934,E02369,2,7,3,1,1,1,1
T-014935,E02369,1,0,3,1,1,1,1
T-014936,E02369,1,0,3,1,0,1,1
T-014937,E02369,2,9,3,1,1,0,1
T-014938,E02370,2,10,3,1,1,1,1
T-014939,E02370,1,0,3,1,0,1,1
T-014940,E02370,2,15,3,1,1,0,1
T-014941,E02370,2,0,3,1,1,0,1
T-014942,E02371,2,9,3,1,1,0,0
T-014943,E02371,2,1,3,0,1,0,0
T-014944,E02372,2,0,3,0,0,1,1
T-014945,E02372,2,10,3,1,1,1,1
T-014946,E02372,2,11,3,1,0,1,1
T-014947,E02372,1,8,3,0,0,1,1
T-014948,E02372,2,5,3,1,1,1,1
T-014949,E02373,2,17,3,1,1,0,1
T-014950,E02373,2,5,3,1,1,1,1
T-018951,E02373,2,7,3,1,0,1,1
T-014952,E02373,1,0,3,0,NA,0,1
T-074953,E02373,2,4,3,1,NA,1,1
T-014954,E02373,2,2,3,0,0,1,1
T-014955,E02373,1,10,3,1,1,1,0
T-014956,E02373,2,1,3,1,0,1,1
T-014958,E02373,2,13,3,1,0,0,1
T-114959,E02373,2,0,3,1,0,1,0
T-014960,E02373,2,12,3,1,0,1,1
T-014961,E02373,1,4,3,1,1,1,1
T-014962,E02374,2,4,3,1,1,1,1
T-014963,E02374,1,1,3,1,1,1,1
T-014964,E02374,2,16,3,1,1,1,1
T-014966,E02374,1,13,3,1,1,1,1
T-014968,E02374,2,15,3,1,1,0,1
T-014969,E02374,1,20,3,1,1,1,1
T-014971,E02374,1,13,3,1,1,1,1
T-014972,E02374,2,14,3,1,1,1,1
T-014973,E02374,2,0,3,1,1,1,1
T-014974,E02374,1,15,3,1,NA,1,1
T-014975,E02375,1,0,3,1,1,1,1
T-014976,E02375,1,7,3,1,1,1,1
T-014977,E02375,1,0,3,1,0,1,1
T-014978,E02375,2,29,3,1,1,1,1
T-014980,E02375,2,11,3,0,0,1,1
T-014981,E02375,1,4,3,0,1,1,1
T-014982,E02375,1,1,3,1,1,1,0
T-014983,E02375,2,8,3,0,1,1,1
T-014984,E02375,1,8,3,1,1,1,1
T-014985,E02375,1,3,3,1,1,1,1
T-014986,E02375,2,6,3,1,1,0,1
T-014988,E02375,2,17,3,1,1,1,1
T-014990,E02376,1,15,3,NA,1,1,1
T-014991,E02376,2,13,3,1,1,1,1
T-014992,E02376,1,12,3,1,1,0,1
T-014994,E02376,2,5,3,1,1,1,1
T-014995,E02376,1,16,3,1,1,1,1
T-014997,E02377,1,7,3,1,1,0,0
T-014998,E02377,2,19,3,1,1,1,1
T-014999,E02377,2,6,3,1,1,1,1
T-015001,E02378,2,10,3,1,1,1,0
T-015002,E02378,1,14,3,1,1,1,1
T-015000,E02379,2,2,3,1,1,1,1
T-015004,E02379,2,8,3,1,1,1,1
T-015005,E02379,2,24,3,1,1,1,NA
T-015006,E02379,1,6,3,0,1,0,1
T-015007,E02379,2,21,3,0,0,0,1
T-015008,E02380,2,10,3,1,1,1,1
T-015009,E02380,1,21,3,1,1,1,1
T-015011,E02380,2,6,3,1,1,1,1
T-015012,E02380,2,12,3,1,1,1,1
T-515013,E02381,2,10,3,1,0,0,0
T-015014,E02381,2,0,3,1,1,0,1
T-015016,E02382,2,2,3,1,1,1,1
T-015018,E02382,2,1,3,0,0,1,1
T-015020,E02382,2,0,3,1,1,0,0
T-015021,E02382,2,14,3,0,1,1,1
T-015023,E02383,2,8,3,1,0,1,1
T-015024,E02383,2,17,3,1,1,1,1
T-015025,E02383,2,15,3,1,1,1,0
T-015026,E02383,1,12,3,1,NA,1,1
T-019027,E02383,2,18,3,1,1,1,1
T-015028,E02383,1,12,3,1,1,1,1
T-015029,E02383,1,12,3,1,1,1,1
T-055030,E02384,2,7,3,1,1,1,1
T-015031,E02384,1,4,3,1,0,0,1
T-015033,E02384,2,10,3,1,NA,1,1
T-015034,E02384,2,0,3,1,0,1,1
T-015035,E02385,2,18,3,1,1,0,1
T-015036,E02385,1,9,3,1,1,1,1
T-015037,E02385,1,7,3,1,1,1,1
T-015038,E02385,2,17,3,1,1,1,1
T-015039,E02385,1,7,3,1,1,1,1
T-015040,E02386,2,5,3,1,1,1,1
T-015041,E02386,1,0,3,1,0,1,1
T-015042,E02386,1,20,3,1,0,1,1
T-015043,E02386,2,4,3,0,1,1,1
T-015044,E02386,1,0,3,0,1,1,1
T-015045,E02386,2,2,3,0,1,0,1
T-015046,E02386,2,16,3,1,1,1,1
T-015048,E02387,2,13,3,0,1,1,1
T-015049,E02387,1,15,3,1,1,1,1
T-015050,E02387,1,7,3,1,1,1,1
T-015051,E02388,1,14,3,0,0,NA,0
T-015052,E02388,2,10,3,NA,1,1,1
T-015054,E02388,2,0,3,1,1,0,0
T-015055,E02388,1,0,3,1,0,1,1
T-015056,E02388,2,21,3,1,1,1,1
T-015057,E02389,2,0,3,1,0,1,1
T-015058,E02389,1,11,3,1,1,1,1
T-015059,E02389,1,11,3,0,1,1,1
T-015062,E02389,2,6,3,1,1,1,0
T0015062,E02390,2,10,3,1,0,1,1
T-015064,E02390,2,9,3,1,1,1,1
T-015065,E02390,1,16,3,1,0,0,0
T-015066,E02390,1,2,3,0,0,1,1
T-005067,E02390,1,7,3,1,1,1,1
T-015068,E02391,1,18,3,1,1,0,1
T-015069,E02391,2,13,3,1,0,1,1
T-015070,E02391,2,10,3,1,1,1,1
T-015071,E02392,1,6,3,0,1,1,0
T-015072,E02392,2,14,3,0,1,0,0
T-015075,E02392,2,11,3,0,1,0,1
T-015076,E02392,1,17,3,1,1,1,1
T-015077,E02392,2,5,3,1,1,1,1
T-015079,E02393,2,15,3,1,1,1,1
T-015080,E02393,2,0,3,1,1,1,1
T-015081,E02393,2,0,3,1,1,0,1
T-095082,E02393,1,13,3,1,0,0,1
T-015083,E02394,2,19,3,1,1,0,0
T-015084,E02394,2,9,3,1,1,1,1
T-015085,E02394,1,10,3,1,1,1,1
T-015086,E02394,2,9,3,1,1,1,1
T-015087,E02394,2,16,3,1,1,1,0
T-015088,E02394,2,27,3,1,0,1,1
T-015089,E02395,2,10,3,1,1,1,1
T-015990,E02395,2,21,3,1,1,1,1
T-015091,E02395,1,13,3,1,1,1,1
T-015092,E02395,1,17,3,1,1,1,1
T-015093,E02395,1,3,3,1,1,1,1
T-015094,E02395,2,0,3,1,0,1,NA
T-015095,E02395,1,0,3,1,1,1,1
T-015096,E02396,2,7,3,1,1,1,1
T-015097,E02396,1,3,3,1,0,1,1
T-015098,E02396,2,5,3,0,0,1,0
T-015099,E02397,1,3,3,0,0,0,1
T-015100,E02397,2,23,3,1,1,1,1
T-015101,E02397,2,4,3,0,0,1,1
T-015102,E02397,2,9,3,1,1,1,1
T-015103,E02397,2,21,3,1,1,1,1
T-015104,E02397,2,3,3,1,1,1,1
T-015105,E02398,2,4,3,1,1,NA,1
T-015106,E02398,2,23,3,1,1,1,1
T-015107,E02398,2,20,3,1,1,1,1
T-015108,E02398,2,15,3,1,1,1,1
T-015109,E02398,2,1,3,1,1,1,1
T-015110,E02398,1,6,3,NA,0,1,1
T-015111,E02398,2,4,3,1,1,1,1
T-015112,E02398,2,5,3,1,1,1,1
T-015113,E02399,2,8,3,1,1,1,0
T-015114,E02399,2,0,3,1,1,1,0
T-015115,E02399,2,7,3,1,1,1,1
T-515116,E02399,2,25,3,1,1,1,1
T-065117,E02399,2,20,3,1,1,1,1
T-015118,E02399,2,16,3,0,1,1,1
T-015120,E02399,1,12,3,1,1,1,1
T-015121,E02399,1,0,3,1,1,1,0
T-015122,E02399,2,10,3,1,1,1,1
T-015923,E02399,2,12,3,1,1,1,1
T-015124,E02400,1,7,3,1,0,0,1
T-015125,E02400,1,9,3,1,1,1,1
T-015126,E02400,2,7,3,1,1,0,1
T-015127,E02401,1,18,3,1,1,1,0
T-015128,E02401,2,0,3,1,1,1,1
T-015129,E02401,2,16,3,1,1,1,1
T-015130,E02402,1,7,3,1,1,1,1
T-015131,E02402,1,10,3,1,1,1,1
T-015132,E02402,2,17,3,1,1,1,1
T-015134,E02402,1,6,3,1,1,1,1
T-015235,E02402,1,0,3,1,1,1,1
T-015137,E02402,2,17,3,1,1,1,1
T-025138,E02402,2,18,3,1,1,1,NA
T-015139,E02403,2,15,3,1,0,0,1
T-035140,E02403,2,0,3,0,0,1,1
T-015141,E02403,2,0,3,1,1,1,0
T-015142,E02403,2,1,3,0,0,1,0
T-015145,E02403,2,0,3,1,1,NA,1
T-015146,E02404,1,1,3,1,1,1,0
T-015147,E02404,1,4,3,0,NA,1,1
T-015148,E02404,2,16,3,1,1,1,NA
T-015149,E02405,2,0,3,1,1,1,1
T-015150,E02405,2,13,3,1,1,1,1
T-015152,E02405,2,24,3,1,NA,1,1
T-015153,E02405,1,17,3,1,1,1,1
T-013154,E02406,2,1,3,1,1,0,0
T-015165,E02406,2,4,3,1,1,0,1
T-015157,E02406,1,16,3,1,1,1,1
T-015158,E02407,2,8,3,1,1,1,1
T-015159,E02407,1,4,3,1,1,1,1
T-015160,E02407,1,3,3,1,1,1,1
T-015161,E02407,2,12,3,1,1,1,1
T-015162,E02407,2,1,3,1,1,1,1
T-015164,E02408,1,21,3,1,1,0,0
T-015165,E02408,1,7,3,1,1,1,1
T-015166,E02408,2,11,3,1,1,1,0
T-065167,E02409,1,13,3,1,1,1,1
T-015168,E02409,2,3,3,1,1,1,1
T-015669,E02409,1,11,3,1,1,1,1
1-015170,E02409,2,16,3,1,1,1,1
T-015171,E02409,2,23,3,1,1,1,1
T-015172,E02410,1,0,3,1,1,1,1
T-015173,E02410,2,4,3,0,1,1,1
T-015174,E02410,2,15,3,1,1,1,1
T-015175,E02410,2,16,3,1,0,1,1
T-015176,E02410,1,17,3,1,0,1,1
T-015177,E02410,1,5,3,1,NA,1,1
T-015178,E02410,2,0,3,0,1,1,0
T-015179,E02410,1,22,3,1,1,1,1
T-015180,E02410,1,0,3,1,1,1,1
T-015181,E02411,1,13,3,1,1,1,1
T-015182,E02411,2,10,3,0,1,1,1
T-015184,E02412,2,20,3,1,1,1,1
T-015185,E02412,2,3,3,0,1,1,1
T-015186,E02412,2,13,3,1,0,0,0
T-015187,E02413,2,10,3,1,1,NA,0
T-015188,E02413,2,20,3,1,1,1,0
T-015181,E02414,2,9,3,1,1,1,1
T-015192,E02414,2,14,3,1,0,1,1
T-015194,E02415,1,8,3,1,1,1,1
T-015195,E02415,1,6,3,1,1,1,1
T-015196,E02415,2,0,3,1,1,0,1
T-015197,E02415,1,20,3,1,1,1,1
T-015198,E02415,2,0,3,1,1,1,1
T-015199,E02416,2,8,3,1,1,1,1
T-015200,E02416,1,20,3,1,1,1,1
T-015201,E02416,2,9,3,1,1,NA,1
T-015603,E02417,1,9,3,1,1,1,1
T-015204,E02417,1,0,3,0,0,1,1
T-015205,E02417,1,0,3,1,1,1,0
T-015206,E02417,1,18,3,0,1,1,0
T-015207,E02417,2,14,3,NA,1,1,0
T-015208,E02417,1,1,3,1,0,1,0
T-010209,E02417,2,18,3,1,1,0,1
T-015210,E02417,2,0,3,1,1,1,1
T-015211,E02417,1,0,3,0,0,0,1
T-015212,E02417,2,20,3,0,1,1,1
T-015213,E02418,2,5,3,0,1,1,1
T-015214,E02418,2,9,3,1,1,1,1
T-015215,E02418,2,9,3,1,1,0,1
T-015216,E02419,2,7,3,1,1,1,1
T-015217,E02419,1,8,3,0,1,1,1
T-015218,E02419,2,6,3,1,0,1,1
T-015219,E02419,2,3,3,1,NA,0,1
T-035220,E02419,2,5,3,1,1,1,0
T-015221,E02419,2,9,3,0,1,1,1
T-015223,E02420,2,14,3,0,1,1,1
T-015224,E02420,2,13,3,1,1,1,1
T-015225,E02420,1,7,3,1,1,1,1
T-015226,E02420,2,9,3,1,1,1,1
T-015227,E02420,2,9,3,1,1,1,1
T-015228,E02420,2,15,3,1,1,1,1
T-015229,E02420,2,17,3,1,1,1,1
T-115230,E02420,2,18,3,1,1,1,1
T-015231,E02420,2,12,3,1,1,1,1
T-015232,E02421,1,0,3,1,1,1,1
T-015234,E02421,2,14,3,1,1,1,1
T-015235,E02421,1,14,3,1,1,1,1
T-035236,E02421,1,17,3,1,1,1,1
T-015237,E02422,2,0,3,1,1,1,1
T-015238,E02422,1,23,3,1,1,1,1
T-015290,E02422,1,15,3,0,1,1,0
T-015841,E02423,1,3,3,1,1,1,1
T-015242,E02423,1,6,3,NA,1,1,NA
T4015244,E02423,2,7,3,1,1,1,1
T-015245,E02423,1,8,3,1,1,1,1
T-015256,E02423,1,3,3,1,0,NA,1
T-015247,E02423,2,0,3,NA,1,1,1
T-015248,E02423,2,18,3,1,1,1,1
T-015249,E02423,2,18,3,1,1,1,0
T-015250,E02424,2,12,3,1,1,1,1
T-015251,E02424,2,6,3,1,1,1,1
T-015252,E02424,2,4,3,1,1,1,1
T-015253,E02424,2,0,3,1,1,1,1
T-015255,E02424,2,6,3,1,1,1,1
T-015256,E02424,1,15,3,1,NA,1,1
T-015257,E02425,2,8,3,1,1,1,1
T-015258,E02425,2,10,3,1,1,1,1
T-015259,E02425,2,0,3,1,1,1,1
T-015260,E02425,2,17,3,1,1,1,1
T-015261,E02425,1,15,3,NA,1,1,1
T-015263,E02425,2,14,3,1,1,1,1
T-015264,E02425,2,2,3,1,1,1,1
T-015565,E02426,1,5,3,1,0,0,0
T-015267,E02426,1,5,3,1,0,1,1
T-015268,E02427,2,4,3,1,1,1,1
T-015269,E02427,2,9,3,1,1,1,1
T-015270,E02427,2,3,3,1,1,1,1
T-015271,E02427,1,13,3,1,1,NA,1
T-015272,E02427,2,14,3,1,1,1,1
T-015273,E02428,2,19,3,1,1,1,1
T-015275,E02428,2,10,3,1,1,NA,1
T-015276,E02428,1,7,3,1,0,0,1
3-015277,E02429,2,19,3,1,1,1,1
T-015278,E02429,2,2,3,1,1,1,1
T-015279,E02429,1,15,3,1,1,1,1
6-015280,E02429,1,14,3,1,1,1,1
T-015281,E02429,2,4,3,1,1,1,1
T-015282,E02429,1,8,3,1,1,1,1
T-015283,E02429,2,0,3,NA,1,1,1
T-015284,E02430,2,9,3,0,1,1,1
T-015285,E02430,2,16,3,1,1,1,1
T-015286,E02430,2,6,3,1,1,NA,1
T4015287,E02431,2,4,3,1,1,1,0
T-015288,E02431,1,5,3,1,1,0,1
T-015289,E02431,1,5,3,1,1,NA,1
T-015290,E02432,1,8,3,1,1,1,1
T-015291,E02432,2,9,3,1,1,1,0
T-015492,E02432,1,12,3,1,1,1,1
T-015293,E02432,2,12,3,1,1,1,1
T-015295,E02433,2,14,3,1,1,1,0
T-015296,E02433,1,17,3,0,0,0,0
T-015299,E02433,1,7,3,0,1,0,1
T-015239,E02433,1,6,3,1,1,1,1
T-015301,E02434,1,5,3,1,1,1,1
T-015302,E02434,1,10,3,1,1,1,1
T-015303,E02434,2,5,3,1,1,1,1
T-005304,E02434,1,5,3,1,1,1,1
T-015305,E02435,1,10,3,1,0,1,0
T-015307,E02436,1,7,3,1,0,0,1
T-015309,E02436,2,14,3,1,1,1,1
T-015310,E02436,1,5,3,1,1,1,1
T-015311,E02436,1,20,3,1,1,NA,1
T-015312,E02436,2,0,3,1,1,1,1
T-015343,E02436,1,12,3,0,1,1,NA
T-015314,E02436,2,10,3,1,1,1,1
T-012315,E02436,2,9,3,1,0,1,0
T-015319,E02436,2,15,3,1,1,1,1
T6015320,E02436,1,6,3,1,1,1,1
0-015321,E02436,2,14,3,1,0,1,1
T-015322,E02437,2,27,3,1,1,1,1
T-015323,E02437,1,7,3,1,1,0,1
T-015324,E02437,2,5,3,1,1,1,1
T-015325,E02437,1,4,3,0,1,NA,1
T-915326,E02437,1,1,3,1,1,1,1
T-015327,E02437,2,19,3,1,1,1,1
T-015329,E02437,1,13,3,1,1,1,1
T-015330,E02437,2,10,3,1,1,1,1
T-015331,E02437,2,7,3,NA,1,1,1
T-015332,E02437,1,13,3,1,1,1,1
T-015333,E02437,1,5,3,1,1,1,1
T5015334,E02437,1,14,3,1,1,1,1
T-015335,E02437,2,1,3,1,1,1,0
T-015336,E02437,2,13,3,1,1,1,1
T-015338,E02437,2,12,3,1,1,1,1
T-015339,E02438,1,11,3,0,NA,1,NA
T-015141,E02438,2,7,3,1,0,0,1
T-015342,E02438,2,4,3,1,1,1,1
T-015344,E02439,1,9,3,1,1,1,1
T-015345,E02439,2,6,3,1,1,1,0
T-015346,E02439,2,10,3,0,NA,1,1
T-015348,E02439,1,0,3,1,1,0,1
T-015349,E02439,1,0,3,1,1,1,1
T-015350,E02440,2,9,3,NA,1,1,1
T-015351,E02440,1,15,3,1,NA,1,1
T-015352,E02440,1,17,3,NA,1,1,1
T-015353,E02440,2,18,3,1,1,1,1
T-015354,E02440,2,0,3,1,1,1,1
T-015355,E02440,1,15,3,1,1,1,1
T-015356,E02441,1,1,3,1,1,1,0
T-015357,E02441,2,12,3,0,1,1,1
T-015359,E02442,2,0,3,1,0,1,0
T-015361,E02442,2,19,3,1,1,1,1
T-015362,E02443,2,10,3,1,0,0,1
T-015363,E02443,1,14,3,1,1,1,1
T-015364,E02443,1,10,3,1,1,1,1
T-015365,E02443,2,1,3,0,0,1,1
T-015367,E02444,2,15,3,1,1,1,0
T-015368,E02444,2,14,3,1,1,0,1
T-015369,E02444,1,6,3,1,1,1,NA
T-015370,E02444,1,4,3,1,1,1,1
T-015371,E02444,2,21,3,1,1,1,NA
T-015372,E02444,1,0,3,1,1,1,1
T-015373,E02444,2,11,3,1,0,1,1
T-015374,E02444,2,8,3,1,1,1,1
T-015375,E02444,2,10,3,1,1,NA,1
T-015376,E02444,2,9,3,1,1,NA,1
T-015377,E02444,2,15,3,1,1,NA,1
T-015378,E02444,2,8,3,1,1,1,1
T-015379,E02444,1,7,3,1,1,1,1
T-015880,E02444,2,7,3,1,1,1,1
T-015381,E02444,1,16,3,1,1,0,1
T-015382,E02445,2,0,3,1,1,NA,1
T-015383,E02445,1,0,3,1,1,1,1
T-015384,E02445,1,15,3,1,1,1,1
T-015385,E02445,2,12,3,1,1,1,0
T-015386,E02445,1,15,3,1,1,1,1
T-015387,E02445,2,12,3,1,1,1,1
T-015388,E02445,1,5,3,1,1,1,0
T-013389,E02445,1,16,3,1,1,1,1
T-011390,E02445,2,7,3,1,0,0,1
T-015391,E02445,1,7,3,0,1,1,1
T-015392,E02446,2,12,3,0,0,1,0
T-015394,E02446,2,5,3,0,1,0,1
T-015315,E02446,2,4,3,1,1,1,NA
T-015396,E02446,2,3,3,1,1,1,1
T-015397,E02446,1,7,3,NA,1,1,1
T-015398,E02446,1,18,3,1,1,1,0
T-015402,E02447,2,12,3,1,1,1,1
T-015504,E02447,2,6,3,1,1,1,1
T-015405,E02447,2,0,3,1,0,1,0
T-015406,E02447,1,15,3,1,1,1,1
T-015409,E02448,1,9,3,1,1,1,1
T-015410,E02449,2,6,3,1,1,1,1
T-015411,E02449,2,10,3,1,1,1,1
T-015412,E02449,1,8,3,1,1,1,0
T-015413,E02449,2,12,3,1,1,1,1
T-015414,E02449,1,17,3,1,1,1,1
T-015415,E02450,1,15,3,1,1,1,1
7-015418,E02450,1,12,3,1,0,0,1
T-015422,E02451,1,13,3,NA,1,0,1
T-015424,E02451,2,7,3,1,1,1,1
T-015426,E02452,2,5,3,1,1,1,1
T-015427,E02452,1,9,3,1,1,1,1
T-015428,E02452,2,12,3,1,1,1,1
T-015429,E02452,2,8,3,0,1,1,0
T-015432,E02453,2,9,3,1,1,1,1
T-015433,E02453,2,13,3,1,NA,1,1
T-015434,E02453,2,0,3,1,1,1,1
T-015435,E02453,1,7,3,1,1,1,1
T-015437,E02453,2,4,3,1,0,1,1
T2015438,E02453,1,8,3,0,0,0,1
T-015239,E02453,2,5,3,1,1,1,1
T-015441,E02454,2,13,3,1,0,0,1
T-015442,E02454,1,3,3,1,1,1,0
T-015443,E02454,2,13,3,0,1,1,1
T-015444,E02454,2,7,3,0,0,0,1
T-015446,E02455,2,3,3,1,1,1,1
T-015447,E02455,2,1,3,1,1,0,1
T-015448,E02456,1,2,3,1,1,1,0
T-015449,E02456,1,0,3,1,1,1,1
T-715450,E02456,2,15,3,1,1,1,1
T-015451,E02457,2,0,3,1,0,1,1
T-615452,E02457,2,7,3,1,0,1,0
T-015453,E02458,2,0,3,1,1,0,1
T-015454,E02458,1,14,3,0,0,1,0
T-015455,E02458,1,0,3,0,1,1,0
T-015456,E02458,2,18,3,1,1,1,1
T-015459,E02458,1,5,3,1,1,1,0
T-015460,E02459,2,9,3,1,1,1,1
T-015461,E02459,1,12,3,1,1,1,1
T-015463,E02459,2,12,3,1,1,1,1
T-015464,E02459,1,15,3,1,1,1,1
T-015465,E02459,1,8,3,1,1,1,1
T-015467,E02460,2,11,3,0,1,1,1
T-015468,E02460,1,25,3,1,1,1,1
T-015469,E02460,2,2,3,1,1,1,1
T-015470,E02461,2,0,3,1,0,1,NA
T-015471,E02461,2,3,3,0,1,1,1
T-015472,E02461,1,7,3,1,1,1,1
T-015473,E02461,2,12,3,1,1,1,1
T-015474,E02461,2,13,3,1,1,0,1
T-015475,E02461,1,15,3,1,1,1,1
T-015477,E02461,1,8,3,1,1,0,1
T-015480,E02462,1,7,3,1,1,1,1
T-015481,E02462,1,6,3,1,1,1,0
T-015482,E02462,2,0,3,1,1,1,1
T-015484,E02462,1,6,3,1,1,1,1
T-015485,E02462,1,9,3,1,NA,1,1
T-015486,E02462,2,14,3,1,1,1,1
T-015487,E02462,2,16,3,1,NA,1,0
T-015488,E02462,2,1,3,0,1,0,1
T-015489,E02462,1,8,3,1,1,1,1
T-015490,E02462,2,4,3,1,1,1,1
T-015491,E02462,2,6,3,1,1,1,1
T-015493,E02463,1,10,3,1,0,0,1
T-015495,E02463,2,7,3,1,1,1,1
T-015496,E02463,2,18,3,1,1,NA,1
T-015498,E02464,2,5,3,1,1,1,1
T-015499,E02464,2,9,3,0,0,1,1
T-015500,E02464,1,5,3,1,1,1,0
T-015501,E02464,2,5,3,NA,1,0,1
T-015502,E02464,2,18,3,1,1,1,1
T-015503,E02464,1,0,3,1,1,0,1
T-015504,E02464,1,2,3,1,1,1,1
T-015505,E02464,1,8,3,1,1,1,1
T-015500,E02464,1,15,3,1,1,1,1
T-015557,E02465,2,8,3,1,1,1,1
T-015508,E02465,2,21,3,1,1,1,1
T-015409,E02465,1,5,3,1,1,1,1
T-015510,E02465,1,7,3,1,1,1,1
T-015511,E02466,1,0,3,1,1,1,1
T-015512,E02466,2,17,3,1,0,1,1
T-015513,E02466,1,4,3,1,1,1,1
T-015514,E02466,1,7,3,1,1,0,0
1-015516,E02466,1,5,3,0,1,1,1
T-015517,E02467,2,21,3,1,1,1,1
T-015518,E02467,2,15,3,1,1,0,1
T-015519,E02467,1,16,3,0,0,1,1
T-015520,E02467,1,3,3,1,NA,1,1
T-015522,E02467,2,0,3,1,0,1,1
T-015523,E02467,2,18,3,1,0,1,1
T-415524,E02467,2,4,3,1,1,1,1
T-015525,E02467,2,0,3,1,0,1,1
T-015526,E02467,1,11,3,0,0,1,1
T-015527,E02468,2,17,3,NA,1,1,1
T-015528,E02468,2,11,3,1,NA,1,1
T-015529,E02468,2,12,3,1,1,1,1
T-015530,E02468,2,10,3,1,1,1,1
T-015531,E02468,2,0,3,0,1,1,1
T-015532,E02468,2,5,3,1,1,1,1
T-015533,E02469,1,4,3,1,1,0,1
T-015534,E02469,1,9,3,1,1,1,1
T-015537,E02469,2,0,3,1,1,1,0
T-015538,E02469,1,10,3,1,1,0,1
T-015539,E02469,1,6,3,1,1,1,1
T-015540,E02470,2,0,3,1,0,1,1
T-015541,E02470,1,2,3,1,0,0,1
T-015562,E02471,1,15,3,1,1,1,1
T-015543,E02471,1,16,3,1,1,1,1
T-015544,E02471,2,15,3,1,1,1,1
7-015545,E02471,2,4,3,1,1,NA,1
T-015546,E02471,1,9,3,1,1,1,1
T-015547,E02471,2,11,3,0,1,1,1
T-015549,E02471,1,12,3,1,1,1,0
T-015551,E02471,1,21,3,1,NA,1,1
T-015552,E02471,1,15,3,1,1,1,0
T-015553,E02471,2,11,3,1,1,1,1
T-015554,E02471,2,16,3,1,1,0,0
T-015555,E02471,2,12,3,1,1,1,1
T-015556,E02471,1,12,3,1,0,0,1
T-015557,E02471,1,5,3,1,1,0,NA
T-015558,E02471,2,13,3,1,1,1,1
T-015559,E02471,1,26,3,1,1,1,1
T-015560,E02472,2,0,3,1,1,1,1
T-015561,E02472,2,8,3,1,1,1,NA
T-015563,E02473,2,9,3,1,1,1,1
T-015564,E02473,2,11,3,1,1,1,1
T-015565,E02473,2,3,3,1,1,1,1
T-015566,E02473,2,14,3,1,1,1,1
T-015567,E02473,2,19,3,1,1,1,1
T-015568,E02473,1,14,3,1,NA,1,1
T-015579,E02474,1,14,3,1,1,1,1
T-015570,E02474,1,16,3,1,1,1,1
T-015571,E02474,1,0,3,NA,1,1,1
T-015572,E02474,2,11,3,0,1,1,1
T-015573,E02474,2,0,3,1,1,1,1
T-015574,E02474,2,6,3,0,0,0,1
T-015575,E02475,1,3,3,1,1,0,1
T-015576,E02475,1,7,3,1,1,1,1
T-015577,E02475,1,6,3,1,1,1,1
T-015578,E02475,2,11,3,1,0,1,0
T-015579,E02475,1,4,3,1,1,0,1
T-017580,E02475,1,3,3,1,1,1,NA
T-015582,E02476,2,23,3,1,0,1,1
T-015583,E02476,1,5,3,1,1,1,1
T-015584,E02476,1,16,3,1,1,1,1
T-015585,E02476,1,7,3,0,1,1,1
T-015588,E02476,1,0,3,1,1,1,0
T-015590,E02476,1,12,3,1,1,1,1
T-015592,E02476,1,0,3,1,1,1,1
T-015593,E02476,2,18,3,1,0,1,1
T-015594,E02476,2,4,3,0,0,1,1
T-015596,E02477,1,10,3,1,1,1,1
T-015597,E02477,1,9,3,1,1,0,0
T-015598,E02477,2,11,3,1,1,1,1
T-015599,E02477,2,3,3,0,1,1,1
T-015600,E02477,1,0,3,1,1,1,0
T-015601,E02477,2,13,3,1,1,1,0
T-015602,E02477,1,10,3,0,1,1,1
T-015603,E02478,2,0,3,1,1,1,1
T-015604,E02478,2,0,3,NA,1,1,1
T-015605,E02478,1,0,3,1,1,1,1
T-015606,E02478,1,5,3,NA,1,1,1
T-015607,E02478,2,17,3,1,1,1,1
T-015618,E02478,1,12,3,1,1,1,1
T-015606,E02478,2,1,3,1,1,1,1
T-015610,E02478,2,4,3,0,1,1,1
T-015611,E02478,2,0,3,1,1,1,1
T-015612,E02479,2,15,3,1,1,1,1
T-015613,E02479,2,19,3,1,1,1,1
T-015614,E02479,2,0,3,1,1,1,1
T-015615,E02479,2,3,3,1,1,1,1
T-015616,E02479,2,0,3,1,1,1,1
T-015617,E02479,1,0,3,1,1,0,1
T-015618,E02479,2,12,3,1,1,1,1
T-015619,E02479,1,1,3,1,1,1,0
T-015620,E02480,2,14,3,1,1,1,1
T-015621,E02480,2,24,3,0,1,1,1
T-015622,E02480,1,8,3,1,0,1,1
T-015623,E02480,2,18,3,1,1,1,1
T-015624,E02480,1,15,3,1,1,1,1
T-015625,E02480,2,10,3,1,0,1,0
T-015626,E02480,1,16,3,1,1,1,1
T-015628,E02480,1,7,3,1,0,0,0
T-015629,E02480,2,13,3,1,1,1,1
T-015630,E02480,2,7,3,1,0,0,1
T-015631,E02480,1,22,3,1,0,1,0
T-015632,E02480,1,13,3,1,0,1,1
T-015633,E02480,1,0,3,1,NA,1,1
T-015634,E02481,2,7,3,1,1,1,1
T-015635,E02481,1,0,3,1,1,1,0
T-015637,E02481,2,2,3,1,1,1,1
T-015639,E02482,2,2,3,1,1,1,1
T-015641,E02482,1,0,3,1,1,0,1
T-015642,E02482,2,17,3,1,1,NA,1
T-015643,E02482,1,11,3,1,1,1,1
T-015644,E02482,2,14,3,1,0,1,1
T-015645,E02482,2,7,3,1,1,1,1
T-015647,E02482,1,12,3,1,1,1,1
T-015648,E02482,2,13,3,0,1,1,1
T-012650,E02483,2,0,3,1,1,1,1
T-015653,E02484,2,0,3,0,NA,1,1
T-015654,E02485,1,5,3,1,0,1,1
T-015655,E02485,2,4,3,1,1,0,1
T-015656,E02485,2,15,3,1,1,1,0
T-015658,E02485,2,10,3,1,1,1,1
T-015659,E02485,1,18,3,1,1,1,1
T-015661,E02486,2,10,3,1,1,0,1
T-015662,E02486,1,10,3,1,1,1,1
T-015663,E02486,1,16,3,0,1,1,NA
T-015664,E02486,2,11,3,0,0,1,1
T-015665,E02486,2,5,3,0,1,1,1
T-015666,E02487,2,11,3,0,0,1,1
T-015667,E02487,1,11,3,1,0,1,1
T-015668,E02487,1,10,3,1,0,0,1
T-015669,E02487,1,0,3,0,0,1,0
T-014671,E02488,2,0,3,1,NA,1,0
T-015673,E02489,1,10,3,1,0,0,1
T-015674,E02489,2,9,3,0,1,0,1
T-015675,E02489,1,10,3,0,NA,NA,NA
T-015676,E02489,1,20,3,0,1,1,0
T-015677,E02489,1,11,3,0,1,1,1
T-015678,E02489,2,12,3,0,1,NA,NA
T-015681,E02490,2,0,3,1,1,1,0
T-015683,E02491,1,14,3,1,1,1,1
T-015684,E02491,2,12,3,1,1,1,1
T-015685,E02491,2,9,3,1,1,1,1
T-015686,E02492,2,3,3,1,1,1,1
T-015687,E02492,1,2,3,1,1,1,1
T-015638,E02492,1,5,3,0,1,1,1
T-015689,E02492,2,15,3,1,1,0,1
T-015690,E02492,2,13,3,1,1,1,1
T-015691,E02493,2,10,3,0,0,1,1
T-015692,E02493,2,7,3,1,1,1,1
T-015693,E02493,1,1,3,1,1,1,1
T-015694,E02493,1,0,3,1,1,0,1
T-015695,E02493,2,5,3,0,0,0,0
T-015696,E02493,1,2,3,0,1,1,1
T-015697,E02493,2,7,3,0,1,1,1
T0015699,E02494,2,9,3,1,1,1,0
T-015702,E02494,2,0,3,1,1,0,1
T-015703,E02494,1,4,3,1,0,0,0
T-015705,E02495,2,6,3,1,1,1,0
T-015706,E02495,2,4,3,1,1,1,1
T-015707,E02496,1,21,3,0,1,NA,0
T-015704,E02496,2,8,3,1,1,1,1
T-015709,E02496,1,26,3,1,1,1,1
T-015710,E02496,2,3,3,0,1,0,0
T-015711,E02496,2,1,3,1,1,1,1
T-015713,E02496,2,12,3,1,1,1,1
T-015715,E02496,1,0,3,1,1,1,1
T-015715,E02496,1,4,3,1,1,NA,1
T-015716,E02496,1,15,3,1,1,1,1
T-015717,E02497,1,17,3,1,NA,1,1
T-015719,E02497,2,18,3,1,1,1,1
T-015722,E02498,1,0,3,1,1,1,1
T-015723,E02498,1,1,3,1,1,1,1
T-015724,E02498,1,9,3,1,1,1,1
T-015725,E02498,2,8,3,1,1,1,1
T-015726,E02499,2,0,3,1,1,1,1
T-015727,E02499,1,5,3,1,1,1,0
T-015728,E02499,2,26,3,1,1,1,1
T-015729,E02499,2,0,3,1,1,1,1
T-015730,E02499,2,14,3,1,0,1,1
T-015731,E02500,2,7,3,1,1,1,1
T-015732,E02500,1,8,3,1,1,1,1
T-015733,E02500,2,13,3,1,1,0,1
T-015734,E02500,2,17,3,1,1,1,1
T-015735,E02500,1,9,3,1,1,1,1
T-015736,E02500,1,16,3,1,1,1,1
T-015737,E02500,2,6,3,1,1,1,1
T-015738,E02500,1,6,3,1,0,1,1
T-065739,E02500,1,16,3,1,1,1,1
T-900001,E01726,2,6,3,1,0,1,0
T-900002,E02424,2,3,3,1,1,1,1
T-900003,E00182,2,4,3,0,1,1,1
T-900004,E00110,1,4,3,1,1,0,1
T-700005,E01800,1,0,3,0,1,1,0
T-900006,E00440,1,4,3,1,1,1,1
T-900008,E00321,2,0,3,1,1,1,1
T-900009,E00423,1,4,3,1,0,0,1
T-900010,E00341,1,1,3,1,1,1,1
T-900011,E02215,2,2,3,0,1,1,1
T-000012,E01397,2,3,3,1,1,1,1
T-900013,E02420,1,3,3,1,1,1,1
T-900014,E01757,2,4,3,1,NA,1,1
T-900015,E00306,2,5,3,1,1,0,0
T-900017,E00838,2,3,3,1,1,1,1
T-900018,E01374,2,2,3,1,NA,1,0
T-900019,E01187,2,3,3,1,0,1,1
T-900020,E01189,1,2,3,1,1,1,1
T-900021,E02191,2,3,3,1,1,1,1
T-300023,E00988,2,3,3,1,1,1,1
T-900025,E02098,2,5,3,1,0,1,1
T-900026,E01694,1,0,3,1,1,1,1
T-900027,E00195,1,5,3,1,1,1,1
T-900028,E01891,1,4,3,1,1,1,1
T-900031,E01264,1,2,3,1,0,1,1
T-900032,E00111,2,2,3,0,1,0,1
T-900034,E02272,2,4,3,1,1,1,1
T-900035,E02262,1,2,3,1,1,1,1
T-900036,E00933,2,3,3,1,1,1,0
T-900037,E01691,1,3,3,1,1,1,1
T-900038,E01338,2,3,3,1,1,0,1
T-900039,E01525,2,5,3,0,1,1,1
T-900041,E00654,2,1,3,1,1,1,NA
T-900042,E01214,2,3,3,1,1,1,NA
T-900043,E00661,2,2,3,1,1,1,0
T-900044,E01539,1,4,3,1,NA,1,1
T-900045,E02103,1,0,3,1,0,0,1
T-900046,E01485,1,0,3,1,1,1,1
T-900047,E01850,1,2,3,1,1,NA,1
T-900048,E01844,1,3,3,1,1,1,1
T-900049,E00554,1,4,3,1,1,1,1
T-900050,E01106,2,8,3,1,1,1,1
T-900051,E02295,2,3,3,1,1,1,1
T-900052,E02384,1,2,3,1,1,0,1
T0900053,E00923,2,6,3,0,0,1,0
T-900054,E00377,1,7,3,1,0,0,1
T-900055,E01719,1,5,3,1,1,1,1
T-900056,E01252,2,3,3,0,1,0,1
T-900057,E01565,2,5,3,1,1,0,1
T-908058,E01902,1,0,3,1,1,1,1
T-900059,E01732,1,4,3,1,1,1,1
T-900060,E00223,1,2,3,1,1,1,1
T-900061,E01418,2,3,3,1,0,1,0
T-900062,E01028,2,3,3,1,0,1,0
T-900063,E00064,1,1,3,1,1,1,1
T-900064,E01843,2,3,3,1,0,0,0
T-900065,E00547,2,1,3,1,1,1,NA
T-900066,E01345,2,0,3,1,1,1,1
T-900067,E02235,2,2,3,1,1,0,NA
T-900068,E01234,2,2,3,NA,1,1,1
T-900069,E01199,2,0,3,1,1,1,1
T-900070,E01234,2,2,3,1,0,1,1
T-900072,E02477,1,4,3,NA,1,1,1
T-900073,E00592,1,4,3,1,1,1,1
T-900074,E01297,1,4,3,1,1,1,1
T-900075,E01658,2,7,3,1,1,0,1
T-500076,E01293,2,4,3,1,0,NA,1
T-900077,E02084,2,1,3,1,1,1,0
T-900078,E00048,1,6,3,1,0,1,0
T-900079,E00857,1,2,3,1,1,1,1
T-900080,E00300,2,4,3,NA,1,0,0
T-900081,E00124,2,2,3,1,1,1,0
T-900082,E01731,2,2,3,1,1,1,0
T-900084,E00586,2,4,3,1,0,1,1
T-900085,E01724,1,3,3,1,1,0,1
T-900086,E02361,2,2,3,1,1,1,1
T-900087,E00527,2,2,3,1,0,1,0
T-900089,E01165,2,4,3,1,1,1,1
T-900090,E02286,2,3,3,1,1,1,1
T-900091,E00923,2,4,3,1,0,0,0
T-900092,E00383,2,7,3,NA,1,1,0
T-900093,E00368,1,2,3,1,NA,1,1
T-900094,E01736,2,0,3,1,1,1,0
T-900092,E02330,2,1,3,1,1,1,1
T-900096,E02441,2,1,3,1,0,1,0
T-900097,E00269,1,1,3,1,1,1,1
7-900098,E02242,2,4,3,1,1,1,1
8-900099,E02312,1,5,3,1,1,0,0
T-900100,E01780,1,1,3,1,1,1,1
T-900101,E00683,2,3,3,1,1,1,1
T-900102,E00025,2,4,3,1,0,1,1
T-900103,E00150,2,0,3,1,NA,1,1
T-900104,E00591,1,4,3,1,1,0,1
T-900106,E01891,2,0,3,1,1,1,1
T-900107,E02455,2,5,3,1,1,1,1
T-900108,E01117,1,2,3,1,1,1,1
T-900109,E01219,2,5,3,1,1,1,1
T-900111,E01713,2,3,3,1,1,1,1
T-900114,E01499,2,1,3,1,1,0,1
T-900115,E00997,1,1,3,1,0,1,1
T-900116,E01718,2,2,3,0,1,1,1
T-900117,E01082,2,5,3,1,1,1,NA
T-900118,E02372,1,4,3,1,1,1,1
T-900120,E00059,2,0,3,1,1,1,1
T-900121,E02061,1,0,3,1,1,1,1
T-900123,E00943,1,0,3,1,1,1,0
T-900124,E01618,2,2,3,1,0,1,1
T-900125,E02230,1,3,3,1,1,1,0
T-900126,E01364,2,2,3,0,0,1,1
T-900127,E00054,1,3,3,0,1,1,1
T-900128,E00329,1,4,3,0,1,1,1
T-900129,E02207,2,6,3,0,0,1,0
T-900130,E01378,1,4,3,0,1,1,1
T-900131,E01080,1,3,3,1,1,1,1
T-900132,E02006,1,4,3,0,1,1,1
T-900133,E00421,1,1,3,1,1,1,1
T-900134,E00955,1,4,3,1,1,1,0
T-900035,E00341,2,4,3,1,1,1,1
T-900136,E01609,2,3,3,1,1,1,0
T-900137,E00251,1,2,3,0,1,1,1
T-900138,E00082,2,3,3,1,1,1,1
T-900139,E02244,2,6,3,0,1,0,1
T-970142,E00035,1,0,3,1,1,1,1
T-900144,E02127,2,0,3,1,1,1,1
T-900145,E00167,1,2,3,0,1,0,1
T-900147,E02209,2,4,3,1,1,1,1
T-900149,E01618,2,5,3,1,1,0,1
T-900150,E01041,2,4,3,1,1,1,1
T-900151,E00192,2,4,3,NA,1,1,1
T-900152,E00890,1,4,3,1,1,1,0
T-900133,E02420,2,2,3,1,1,1,1
T-900154,E01399,2,6,3,1,1,1,1
T-900155,E01887,2,7,3,1,0,1,1
T-900156,E02155,1,2,3,1,1,0,1
T-900117,E01305,1,8,3,1,1,1,1
T-900158,E01490,1,4,3,1,1,1,1
T-940159,E00427,1,3,3,1,1,1,1
T-900160,E01799,2,1,3,1,1,1,1
T-900161,E00684,2,2,3,1,1,1,1
T-900162,E00827,1,3,3,1,0,1,1
T-900163,E01939,1,0,3,1,1,1,1
T-900164,E02130,2,2,3,1,1,1,0
T-900165,E02070,2,4,3,1,1,1,1
T-900266,E01648,2,4,3,1,1,0,1
T-900167,E01059,2,2,3,1,1,1,1
T-900168,E01384,1,3,3,1,1,1,1
T-900169,E02285,2,1,3,1,1,1,1
T-900170,E02117,1,4,3,1,1,NA,1
T-900271,E00373,2,6,3,1,0,1,1
T-900172,E01173,2,2,3,1,1,1,1
T-900173,E00457,2,4,3,1,1,1,1
T-900174,E01206,1,0,3,0,0,1,1
T-900175,E02411,1,4,3,1,1,1,1
T-900176,E01841,2,0,3,1,1,1,1
T-900177,E01473,1,2,3,1,1,0,0
T-900178,E01072,2,4,3,1,1,0,1
T-900179,E00507,2,5,3,0,0,0,1
T-900180,E01260,1,3,3,1,1,0,1
T-900181,E01050,1,3,3,1,1,1,1
T-900182,E00430,2,0,3,1,1,1,1
T-900183,E01960,2,6,3,0,1,0,1
T-900184,E00102,1,4,3,1,1,1,NA
T-900185,E00729,1,4,3,1,1,1,1
T-900186,E02077,1,2,3,0,1,1,1
T-900187,E00864,2,4,3,1,1,1,1
T-900191,E01660,2,1,3,1,1,1,1
T-900192,E01023,2,2,3,1,1,1,1
T-900195,E00012,1,6,3,0,NA,1,0
T-900196,E00549,1,5,3,1,0,1,1
T-900197,E00657,1,2,3,1,0,0,1
T-900198,E01227,1,4,3,1,1,0,1
T-100199,E01754,2,3,3,NA,1,1,1
T-900200,E00561,2,1,3,1,1,0,0
T-900201,E02306,2,2,3,0,1,1,1
T-900202,E00181,1,3,3,1,0,1,1
T-900203,E01120,2,4,3,1,1,1,1
T-900204,E01335,2,5,3,1,0,1,0
T-900205,E00842,2,1,3,1,NA,0,1
T-900206,E00104,2,4,3,NA,1,1,1
T-900207,E00694,1,5,3,1,1,1,1
T-900208,E01155,1,2,3,1,0,1,1
T-900809,E00165,1,4,3,1,1,1,1
T-900210,E00071,1,6,3,1,1,1,1
T-900211,E00413,2,5,3,0,1,1,1
T-900212,E00096,2,4,3,1,1,1,1
T-900213,E00339,2,1,3,1,1,NA,1
T-900214,E00178,1,3,3,0,0,0,0
T-900215,E02062,2,3,3,1,1,1,1
T-900216,E01272,1,6,3,1,1,0,1
T-900217,E02395,2,1,3,1,1,1,1
T-900218,E01398,2,0,3,1,1,0,1
T-900219,E00808,2,1,3,1,1,NA,1
T-900220,E01949,1,1,3,1,1,1,1
T-900221,E00200,2,4,3,1,1,0,0
T-900222,E01530,1,0,3,1,0,1,1
T-900223,E02373,2,4,3,1,0,1,1
T-900224,E00589,2,3,3,1,1,1,NA
T-900225,E01022,2,0,3,1,1,1,1
T-400226,E01690,1,3,3,1,1,1,1
T-900227,E02220,1,4,3,0,0,1,0
T-900228,E02134,1,1,3,1,1,1,0
T-900229,E00397,2,3,3,1,1,1,1
T-900230,E01179,1,3,3,1,1,1,1
T-900232,E01117,2,3,3,0,1,1,0
T-900733,E01505,2,5,3,1,1,1,0
T-900234,E00663,1,7,3,0,1,1,0
T-900295,E02369,1,1,3,1,1,1,1
T-900237,E01764,1,4,3,1,1,1,1
T-900238,E01584,1,3,3,1,0,0,1
T-900239,E02475,2,0,3,1,1,1,1
T-900240,E01191,1,2,3,1,1,1,1
T-900241,E02230,2,3,3,1,1,1,0
T-900242,E02396,2,3,3,0,1,1,1
T-900243,E00525,2,1,3,1,1,0,1
T-900244,E00853,1,3,3,1,1,1,1
T-900246,E01153,1,4,3,0,0,1,1
T-500247,E00638,2,1,3,1,1,1,1
T-900248,E01941,2,6,3,1,1,1,1
T-900249,E00343,1,5,3,0,1,NA,1
T-900250,E02444,2,6,3,1,0,1,1
T-900251,E00950,2,4,3,1,0,1,1
T-900252,E01240,1,0,3,1,1,1,1
T-900253,E01589,2,3,3,1,0,1,0
T-900254,E02286,1,2,3,1,0,1,1
T-900255,E02342,2,1,3,1,1,1,1
T-900256,E01570,1,1,3,1,1,1,1
T-900257,E00621,2,1,3,1,1,1,1
T-900258,E00482,2,3,3,0,1,1,1
T-900259,E01566,1,3,3,0,1,1,1
T-900260,E00462,1,1,3,1,0,1,1
T-900261,E00758,1,0,3,1,1,1,1
T-900263,E01640,2,1,3,1,1,NA,1
T-900264,E00927,2,2,3,1,1,1,0
T-900265,E01294,1,5,3,1,1,1,1
T-900266,E01140,1,3,3,1,1,1,1
T-900267,E01854,1,3,3,0,1,1,0
T-900269,E00876,1,4,3,1,1,1,1
T-900270,E01491,1,1,3,1,0,1,1
T-900272,E00915,2,2,3,1,1,NA,1
T-900273,E01255,2,2,3,1,1,1,1
T-900274,E00940,2,4,3,0,1,1,1
T-900275,E00364,2,3,3,1,1,1,1
T-900276,E00352,2,4,3,1,1,1,1
T-900277,E01146,1,6,3,1,1,1,0
T-900279,E01694,1,2,3,1,1,1,1
T-900280,E00328,1,4,3,1,1,0,1
T-900281,E01808,1,3,3,1,1,1,0
T-200282,E00124,1,2,3,0,1,1,1
T-900283,E00246,2,3,3,0,1,0,1
T-900284,E00721,1,4,3,1,1,1,1
T-900285,E01989,2,1,3,1,1,1,NA
T-900286,E01888,2,4,3,0,0,1,1
T-900287,E00253,2,0,3,0,0,1,1
T-900288,E00161,1,1,3,1,1,0,NA
T-900290,E01665,2,0,3,0,1,1,1
T-900291,E01170,2,1,3,1,0,1,1
T-900292,E00473,2,3,3,1,1,1,1
T-900293,E01784,2,1,3,1,1,0,1
T-900294,E01325,1,6,3,1,1,1,1
T-900295,E00843,1,3,3,0,1,0,1
T-900296,E00635,1,3,3,1,1,1,1
T-950297,E00600,2,5,3,1,1,1,1
T-900299,E01813,2,2,3,0,0,0,1
T-900300,E00851,2,4,3,1,1,1,1
T-900301,E01413,2,2,3,0,1,1,0
T-900302,E01990,2,4,3,1,1,1,1
T-900303,E00075,1,3,3,1,1,0,1
T-900304,E01119,2,4,3,1,1,1,1
T-900305,E00379,2,4,3,1,1,1,0
T-900306,E00089,1,2,3,0,1,0,0
T-900308,E02286,1,2,3,1,1,1,1
T-900309,E01582,2,5,3,1,1,1,1
T-906310,E00058,1,0,3,1,1,1,1
T-900311,E00044,2,3,3,1,0,0,1
T-900312,E00407,1,2,3,1,1,1,NA
T-900314,E02020,1,5,3,1,1,1,1
T-900315,E01423,2,0,3,1,1,1,1
T-000316,E00228,2,3,3,1,1,1,1
T-900318,E00589,2,4,3,1,1,1,1
T-900319,E01142,1,4,3,1,1,1,1
T-900320,E00771,2,0,3,1,0,1,1
T-900321,E00544,1,1,3,1,1,0,1
T-900322,E00662,2,5,3,1,0,0,1
T-900323,E00351,1,3,3,1,1,0,1
T-900328,E00923,2,1,3,0,0,1,1
T-900325,E01263,2,2,3,NA,0,1,1
T-900326,E01925,1,1,3,1,1,1,0
T-900327,E00018,1,6,3,1,1,1,1
T-900328,E00387,2,6,3,1,0,0,1
T-900329,E01311,2,1,3,1,1,1,1
T-900330,E02204,2,0,3,1,1,1,1
T-900331,E01325,1,0,3,1,1,1,1
T-900332,E02247,2,2,3,1,1,1,1
T-900333,E01339,2,3,3,1,1,1,1
T-500334,E01777,1,7,3,1,1,1,1
T-900335,E00810,2,5,3,0,1,0,1
T-900336,E00709,2,4,3,1,1,0,1
T-900338,E01211,1,1,3,0,1,1,1
T-900339,E00855,1,6,3,1,1,1,1
T-900340,E01753,2,6,3,1,0,1,1
T-900341,E00651,1,1,3,0,1,0,1
T-908342,E01299,2,4,3,1,1,1,1
T-400343,E01186,1,5,3,1,0,1,1
T-900344,E02376,1,3,3,1,1,1,1
T-900345,E01307,2,6,3,1,1,1,1
T-900346,E02000,1,4,3,0,1,0,0
T-900347,E00256,2,3,3,1,1,1,0
T-900349,E00851,2,7,3,0,0,1,NA
T-900350,E00955,2,8,3,1,1,1,1
T-900351,E01748,2,5,3,1,1,1,1
T-900352,E00700,1,2,3,1,1,1,1
T-900353,E02359,1,1,3,0,1,0,0
T-900354,E01465,2,4,3,1,1,1,1
T-900355,E00170,1,2,3,0,1,0,0
T-900356,E01303,1,3,3,1,1,NA,1
T-900357,E00206,1,0,3,1,1,1,1
T-900358,E00904,2,3,3,1,1,1,1
T-900360,E00444,1,2,3,1,1,1,1
T-900361,E01048,1,1,3,0,1,0,1
T-900362,E00613,2,3,3,1,1,1,1
T-900263,E00783,2,4,3,1,1,1,1
T-900365,E01294,2,5,3,1,NA,1,1
T-900366,E01998,2,5,3,1,1,1,1
T-900367,E01435,1,3,3,1,0,1,1
T-900368,E00870,2,0,3,1,1,1,1
T-900369,E00003,1,3,3,1,1,1,1
T-900370,E01421,2,4,3,1,1,1,1
T-900371,E00946,1,1,3,1,1,1,1
T-900872,E01587,2,5,3,1,NA,1,0
T-900373,E02110,2,1,3,0,1,0,1
T-900374,E01337,2,4,3,1,1,1,1
T-900375,E01502,2,4,3,1,1,1,1
T-900376,E01588,2,7,3,0,1,1,1
T-900377,E01406,2,0,3,1,1,1,1
T-900378,E00190,1,4,3,1,0,1,1
T-900379,E01956,1,3,3,0,1,1,1
T-900380,E02150,1,2,3,1,1,1,1
T-900381,E00390,2,3,3,1,1,1,1
T-900382,E01920,2,2,3,1,0,1,1
T-900383,E01222,1,5,3,1,1,1,1
T-900384,E01058,1,6,3,1,1,1,1
T-900385,E00754,1,2,3,1,1,1,1
T-900386,E00482,2,1,3,1,NA,1,0
T-900387,E00906,1,4,3,1,1,1,1
T-900388,E01507,2,2,3,1,0,0,1
T-900389,E00697,2,4,3,1,1,1,1
T-900390,E02397,2,2,3,1,1,1,1
T-900391,E01030,2,0,3,1,1,1,0
T-900394,E01848,1,1,3,1,1,1,1
T-900393,E00939,2,2,3,1,0,1,1
T-900394,E02380,1,2,3,1,1,1,1
T-900395,E01970,2,5,3,1,1,1,1
T-900396,E01337,2,3,3,1,1,1,1
T-900397,E01550,1,4,3,1,1,1,0
T-900398,E01374,2,3,3,1,1,1,1
T-900399,E00165,1,5,3,1,1,1,1
T-900400,E00206,2,7,3,1,1,1,1
T-900402,E02376,2,4,3,1,1,1,0
T-900403,E01351,1,5,3,0,1,0,1
T-900404,E01540,1,2,3,1,1,1,1
T-900405,E00037,1,0,3,1,1,1,1
T-900406,E01806,2,2,3,1,1,1,1
T-900407,E01472,1,2,3,1,1,1,1
T-900409,E01006,1,6,3,NA,1,0,1
T-900410,E00164,1,1,3,1,1,1,1
T-900411,E00283,1,4,3,NA,1,1,1
T-900412,E01099,2,8,3,1,1,1,1
T-900413,E02092,2,3,3,1,1,1,1
T-900414,E00883,2,0,3,0,1,1,1
T-900415,E00219,2,3,3,1,1,1,1
T-900416,E02419,2,2,3,1,1,1,1
T-900417,E00061,1,3,3,1,1,1,1
T-900419,E01066,2,7,3,1,0,1,1
T-900420,E01518,1,3,3,1,1,1,1
4-900421,E00709,1,1,3,1,1,NA,1
T-900422,E00268,2,4,3,1,0,1,1
T-900423,E02452,2,0,3,1,1,1,1
T-900424,E01092,1,3,3,0,1,1,1
T-900425,E01805,1,1,3,1,0,0,1
T-900426,E01115,1,3,3,1,NA,1,1
T-900427,E01510,2,10,3,1,0,0,1
T-900428,E01980,2,3,3,1,0,1,1
T-900429,E01424,1,0,3,1,0,1,1
T-900430,E00906,1,1,3,1,1,1,1
T-900431,E00251,2,1,3,1,1,1,0
T-900432,E01752,2,5,3,1,1,0,0
T-900433,E00711,2,1,3,1,0,1,1
T-900434,E01644,2,1,3,1,1,1,1
T-900435,E01319,2,0,3,1,1,0,1
T-900436,E01511,2,1,3,0,1,0,1
T-900437,E01636,2,5,3,0,0,NA,0
T-900438,E00221,2,3,3,1,0,1,1
T-900439,E00875,1,3,3,1,1,1,1
T-900440,E01041,2,0,3,1,1,1,1
T-900441,E01616,1,0,3,1,1,1,1
T-900442,E00095,2,2,3,1,1,1,1
T-900473,E01231,1,1,3,1,1,1,0
0-900444,E01363,1,0,3,1,1,NA,0
T-900445,E01402,1,1,3,1,1,0,1
T-900446,E02020,2,2,3,1,1,1,1
T-900447,E01649,1,3,3,1,1,1,0
T-900448,E01849,1,5,3,1,1,1,1
T-900449,E02359,1,3,3,0,1,0,0
T-900450,E01542,1,3,3,1,1,1,1
T-900451,E00780,2,2,3,1,0,1,1
T-900452,E02371,2,1,3,1,1,0,1
T-900453,E00024,1,5,3,1,0,1,0
T-900454,E01095,2,4,3,1,1,1,1
T-900455,E01798,1,4,3,0,1,0,1
T-900456,E01288,2,2,3,0,1,0,1
T-900058,E01202,2,8,3,1,1,1,1
T-900459,E00164,2,3,3,1,1,1,1
T-900460,E00576,1,8,3,1,1,1,1
T-900461,E01178,2,3,3,1,1,1,1
T-900462,E01435,1,3,3,1,1,1,1
T-100463,E02452,2,5,3,NA,1,1,1
T-900464,E01061,2,3,3,1,1,1,1
T-900475,E01941,1,1,3,1,1,0,1
T-900466,E01313,1,1,3,1,1,1,1
T-900467,E02469,2,2,3,1,1,1,0
T-900468,E01028,1,3,3,1,1,0,1
T-900469,E00697,2,2,3,1,1,1,1
T-900470,E00932,2,2,3,1,1,1,0
T-700471,E02261,1,4,3,1,1,1,1
T-900472,E00919,2,2,3,1,1,0,1
T-900473,E01249,1,4,3,1,1,0,1
T-900474,E00696,1,1,3,1,0,1,1
T-900475,E00649,2,1,3,1,1,1,1
T-900476,E00173,2,0,3,1,1,NA,1
T-900477,E01762,2,1,3,1,0,1,1
T-900478,E01628,2,2,3,1,1,1,1
T-900479,E01732,2,5,3,0,1,1,1
T-900480,E00872,2,0,3,1,1,0,NA
T-900481,E00578,1,4,3,1,1,1,1
T-900482,E01065,2,5,3,1,1,1,0
T-900483,E01285,2,4,3,1,1,1,1
T-900484,E01944,1,6,3,1,0,1,1
T-900485,E00476,2,5,3,0,NA,1,0
T-900486,E01483,2,2,3,1,0,0,1
T-900487,E00879,2,5,3,0,1,1,0
T-900488,E01226,1,1,3,1,1,1,1
T-900489,E00574,2,1,3,1,1,1,1
T-900490,E00489,1,2,3,1,NA,1,1
T-900492,E01108,2,1,3,0,1,1,1
T-900493,E01836,2,2,3,1,0,NA,1
T-900494,E00165,1,1,3,1,0,NA,1
T-900495,E00623,1,0,3,1,1,1,1
T-900496,E00895,2,4,3,1,0,1,1
T-900497,E01375,1,4,3,1,1,1,1
T-900499,E01885,1,1,3,1,1,1,1
T-900500,E01284,2,6,3,0,1,0,1
T-900501,E01690,1,3,3,1,1,1,1
T-900502,E00328,1,2,3,1,0,1,1
T-900593,E00204,1,3,3,1,1,NA,1
T-900504,E00756,2,3,3,1,1,1,1
T-900505,E02418,2,4,3,1,NA,1,1
T-900506,E02252,2,5,3,1,1,1,1
T-900507,E00565,2,0,3,1,0,1,0
T-900508,E02284,1,6,3,1,1,1,1
T1900509,E00056,2,5,3,1,1,1,1
T-900510,E00113,1,3,3,1,0,1,1
T-900512,E01961,2,6,3,1,0,1,1
T-900513,E00727,1,3,3,1,1,1,1
T-900514,E00495,1,3,3,1,1,1,1
T-900515,E01064,1,1,3,1,1,1,1
T-900516,E01126,1,1,3,1,1,1,1
T-900517,E02340,2,1,3,1,1,1,1
T-900518,E02444,2,1,3,0,1,1,1
T-900519,E01235,1,4,3,1,0,0,0
T-900520,E02074,2,3,3,0,0,1,1
T-000521,E01186,2,4,3,1,1,0,1
T-900522,E01350,1,5,3,1,1,1,0
T-900523,E00256,1,4,3,1,1,0,0
T-900525,E00447,1,1,3,1,1,1,1
T-900526,E01579,1,2,3,1,1,0,1
T-900528,E01289,1,5,3,1,1,1,1
T-900529,E01137,2,2,3,1,1,0,1
T-900530,E00908,1,1,3,1,1,1,1
T-900531,E00598,1,2,3,NA,NA,1,1
T-900532,E01362,2,6,3,1,1,0,1
T-900533,E02251,2,5,3,0,1,1,1
T-900534,E00403,2,2,3,1,1,1,1
T-900535,E01695,1,0,3,1,1,0,1
T-904536,E01896,2,6,3,1,1,1,1
T-900537,E00515,2,4,3,1,1,1,1
T-900538,E01970,2,3,3,1,0,1,1
T-900539,E00856,2,2,3,1,1,0,1
T-900541,E01772,1,2,3,1,1,0,1
T-900542,E02212,2,6,3,NA,0,0,1
T-900543,E01479,1,4,3,0,0,0,1
T-900544,E01082,1,2,3,1,1,1,1
T-900845,E01892,1,2,3,1,0,1,0
T-900546,E00658,1,0,3,1,1,1,1
T-900547,E02361,2,1,3,1,1,1,1
T-900548,E02474,2,2,3,1,1,1,1
T-900550,E01970,1,6,3,1,1,1,1
T-900552,E02393,1,0,3,1,1,1,1
T-900553,E01273,2,6,3,NA,1,1,1
T-900554,E00876,2,4,3,1,1,1,1
T-900555,E02068,2,3,3,1,1,1,1
T-900556,E02447,1,4,3,0,1,1,1
T-900557,E02309,1,5,3,1,1,1,1
T-900558,E01789,2,3,3,1,1,1,1
T-900559,E01633,2,4,3,1,1,0,1
T-900560,E00266,2,2,3,1,1,1,1
T-900561,E01612,1,3,3,1,1,1,1
T-900562,E00811,2,4,3,1,1,1,1
T-900563,E01738,2,4,3,1,1,NA,1
T-900564,E02451,1,3,3,0,1,1,1
T-900566,E00706,1,3,3,1,0,1,0
T-900567,E01137,2,3,3,0,1,1,1
T-900568,E00839,1,2,3,1,1,1,NA
T-900569,E02153,1,4,3,1,1,1,1
T-900570,E01232,2,8,3,1,1,0,1
T-900575,E00126,2,3,3,1,1,1,0
T-900572,E01774,2,2,3,0,1,1,1
T-900573,E00386,1,4,3,1,1,1,1
T-900574,E00635,2,7,3,1,1,0,1
T-900575,E01041,1,3,3,1,1,1,1
T-900576,E02056,2,3,3,1,0,1,1
T-900577,E02473,2,4,3,0,0,1,1
T-900578,E01795,2,6,3,1,0,1,1
T-900079,E00734,1,5,3,0,NA,1,1
T-900580,E00292,2,4,3,1,1,1,1
T-900581,E01006,2,1,3,1,1,0,0
T-900582,E00040,2,4,3,1,1,1,1
T-900583,E01756,2,6,3,0,1,1,1
T-900584,E00070,1,6,3,1,1,1,1
T-900585,E01069,2,2,3,1,0,1,1
T-900586,E00989,2,0,3,1,0,1,1
T-900587,E01490,2,3,3,1,1,1,0
T-900588,E01597,1,0,3,0,1,1,1
T-900589,E02370,2,0,3,1,1,1,1
T-900590,E00250,2,3,3,1,0,1,1
T-900591,E01153,2,5,3,1,1,1,1
T-900593,E00632,1,1,3,1,1,1,1
T-900894,E00054,2,4,3,1,1,1,1
T-900590,E00352,1,0,3,1,1,1,1
T-900597,E01276,2,0,3,0,0,0,1
T-900598,E00182,2,4,3,1,1,0,1
T-900599,E00359,1,0,3,1,NA,1,1
T-908600,E01329,2,5,3,1,1,0,1
T-900601,E01800,1,1,3,1,1,1,1
T-900602,E00648,2,4,3,1,1,1,1
T-900603,E01143,2,0,3,1,1,1,0
T-900604,E00552,1,4,3,1,1,1,1
T-900605,E00972,1,5,3,1,1,1,1
T-900607,E02024,1,1,3,1,1,1,1
T-900608,E00976,2,3,3,1,1,NA,1
T-900609,E01198,1,3,3,1,1,1,1
T-900610,E01170,2,3,3,1,1,0,1
T-900611,E00077,2,4,3,0,0,1,1
T-900613,E01191,2,3,3,1,1,1,1
T-900614,E00557,2,6,3,1,1,1,1
T-900615,E00146,2,6,3,1,NA,1,1
T-900617,E02070,2,4,3,1,0,1,0
T-900618,E02310,2,1,3,1,1,0,1
T-900619,E02230,1,5,3,1,1,1,1
T-900620,E01247,2,3,3,1,1,1,1
T-900621,E02119,2,5,3,1,1,1,1
T-900622,E01118,1,4,3,1,0,1,0
T-900623,E00940,1,6,3,1,1,1,1
T-900624,E01152,1,3,3,0,0,1,1
T-700625,E01568,2,4,3,1,1,1,1
T-900626,E01546,2,6,3,0,1,1,1
T-900627,E01326,2,6,3,1,1,1,1
T-900668,E00776,2,6,3,1,0,0,1
T-900629,E00972,1,1,3,1,0,1,1
T-900630,E01736,2,1,3,1,0,0,0
T-900631,E02473,1,4,3,1,1,1,1
T-900632,E00767,1,4,3,1,1,0,1
T-900633,E00098,1,4,3,1,1,1,1
T-900634,E01498,2,2,3,1,1,1,1
T-908635,E02129,1,2,3,1,1,1,1
T-900636,E01233,1,1,3,1,0,1,1
T-900637,E00921,1,0,3,1,1,1,1
T-900638,E01268,1,4,3,1,1,1,1
T-900639,E00132,2,4,3,0,1,1,1
T-900641,E02259,2,4,3,1,1,1,1
T-900642,E00114,2,2,3,1,1,1,1
T-900643,E00014,1,5,3,1,1,1,1
T-900644,E01110,2,3,3,1,1,1,1
T-900645,E00457,2,3,3,1,1,0,NA
T-900646,E02322,2,0,3,0,0,0,0
T-900647,E00801,1,0,3,0,1,1,1
T-900648,E00176,2,2,3,1,0,1,0
T-900649,E02408,2,2,3,1,1,1,0
T-950650,E01507,1,3,3,1,1,1,1
T-900652,E00455,2,7,3,1,1,1,0
T-900653,E01998,1,3,3,1,1,1,1
T-900654,E01418,2,2,3,1,1,1,1
T-900655,E01003,2,1,3,1,1,1,1
T-900656,E01496,1,3,3,1,0,1,1
T-900657,E02445,2,4,3,1,1,1,1
T-900658,E00801,2,6,3,1,1,1,0
T-900659,E01993,1,5,3,1,1,1,1
T-900660,E01037,2,5,3,1,NA,1,0
T-900661,E00402,2,6,3,1,1,1,1
T-900662,E01244,2,4,3,1,NA,1,1
T-900663,E01861,2,4,3,0,1,1,0
T-900664,E02313,1,0,3,0,1,0,0
T-900666,E01653,2,7,3,1,1,1,1
T-900668,E01585,2,3,3,1,1,1,1
T-900669,E01219,1,2,3,1,1,1,1
T-900670,E00771,2,5,3,1,1,0,0
T-900671,E00557,1,3,3,1,1,1,1
T-900672,E00480,2,5,3,1,1,1,0
T-900673,E01532,1,2,3,1,1,1,1
T-900674,E01451,2,3,3,0,1,1,1
T-900675,E01953,2,5,3,1,1,0,1
T-900677,E02324,2,4,3,1,NA,1,0
T-900678,E02283,2,5,3,0,1,1,1
T-900679,E02145,1,4,3,1,1,1,1
T-990680,E02081,1,4,3,1,1,1,NA
T-900681,E01383,2,4,3,1,1,1,1
T-900682,E02055,1,3,3,0,1,0,1
T-900683,E00527,2,2,3,1,1,1,0
T-900684,E01752,2,1,3,1,1,1,0
T-900685,E00810,2,1,3,0,1,1,0
T-900686,E00556,2,4,3,1,1,0,0
T-900687,E00660,1,2,3,1,NA,0,1
T-900688,E01449,1,2,3,0,1,1,1
T-900689,E00690,2,3,3,1,1,1,1
T-900690,E01201,2,6,3,0,1,1,1
T-900621,E01636,2,2,3,1,1,1,1
T-900692,E00545,2,2,3,0,1,0,1
T-900693,E00900,1,6,3,1,1,1,1
T-900694,E00283,1,0,3,1,1,1,1
T-900695,E00832,1,6,3,1,0,1,1
T-940696,E01739,1,2,3,1,1,1,1
T-900697,E00497,2,7,3,1,0,0,0
T-900698,E01506,1,3,3,1,1,1,1
T-900699,E02467,1,3,3,1,1,0,1
T-900700,E00046,1,4,3,1,0,1,1
T-900701,E01387,2,2,3,1,1,NA,1
T-900702,E00907,1,3,3,0,0,1,1
T-900703,E02254,1,0,3,1,1,NA,1
T-900704,E01228,2,1,3,1,NA,1,1
6-900705,E01900,1,0,3,1,1,1,1
T-900706,E00859,2,5,3,1,1,1,1
T-900707,E00483,2,2,3,1,0,1,0
T-900708,E01485,2,4,3,1,1,1,1
T-900710,E01891,2,5,3,1,1,0,1
T-900711,E00226,1,0,3,1,1,1,1
T-900712,E01884,2,2,3,1,1,1,1
T-900713,E00574,1,3,3,0,1,1,0
T-900714,E01655,2,0,3,1,1,1,NA
T-900715,E01580,2,5,3,1,1,0,1
T-900716,E00485,2,1,3,1,1,0,1
T-900718,E00159,2,1,3,1,1,1,1
T-900719,E00014,2,5,3,1,0,1,0
T-900720,E02072,2,6,3,1,1,1,1
T-900721,E00549,1,7,3,1,1,1,1
T-900723,E01043,1,4,3,1,1,1,1
T-900724,E01935,2,1,3,1,1,1,1
T-900725,E01602,2,3,3,1,1,1,1
T-900726,E02182,2,0,3,1,1,1,1
T-900727,E01917,2,4,3,1,1,1,1
T-900728,E02282,2,3,3,1,1,1,1
T-900729,E01061,1,7,3,0,1,0,1
T-900730,E00845,2,5,3,1,1,1,1
T-900731,E02118,2,1,3,1,1,1,1
T-900732,E00181,2,3,3,1,1,1,1
T-900733,E01582,1,5,3,1,0,1,1
T-900734,E01771,2,1,3,1,1,0,0
T-900735,E00073,1,3,3,1,1,0,0
T-900736,E00295,2,4,3,1,1,1,1
T-900737,E01143,2,3,3,1,1,1,1
T-900738,E02103,1,4,3,1,1,1,0
T-900739,E01289,1,2,3,1,1,1,1
T-900740,E00765,1,7,3,0,1,0,1
T-900741,E00686,1,3,3,0,0,0,0
T-950742,E02329,2,1,3,1,1,0,1
T-900743,E01796,1,5,3,0,0,1,1
T-900744,E01139,2,0,3,1,1,0,1
T-900745,E00514,2,5,3,1,1,1,1
T-900746,E01549,2,5,3,0,1,0,1
T-900747,E00143,2,3,3,1,1,1,1
T-900749,E01060,2,5,3,0,0,1,1
T-900750,E01129,1,5,3,0,1,1,1
T-900751,E00088,1,7,3,1,1,1,1
T-900752,E01509,1,4,3,1,0,1,0
T-900753,E01093,2,3,3,1,0,1,1
T-900755,E00551,2,3,3,1,1,1,1
T-900756,E00548,2,0,3,1,1,1,1
T-900057,E01755,1,2,3,1,1,1,1
T-900758,E00297,2,1,3,1,0,1,1
T-900759,E01356,1,0,3,NA,1,1,1
T-900760,E00146,2,6,3,1,1,1,1
T-900761,E00695,1,3,3,0,1,1,1
T-900762,E00246,2,8,3,1,1,1,1
T-900774,E01436,1,6,3,NA,1,1,0
T-900765,E00194,2,1,3,0,0,0,0
T-900766,E00232,2,3,3,1,1,1,1
T-900767,E01036,2,2,3,1,0,0,1
T-900768,E00883,1,4,3,1,1,1,0
T-900769,E00122,1,1,3,0,1,1,1
T-900770,E00225,2,4,3,1,1,0,1
T-905771,E01640,1,5,3,1,1,1,NA
T-900772,E01986,1,5,3,1,1,0,0
T-900773,E00313,2,5,3,1,1,1,1
8-900774,E01752,2,6,3,0,0,NA,1
T-920775,E01016,2,5,3,0,1,1,1
T-900776,E01161,1,4,3,1,0,1,0
T-900777,E00209,2,1,3,1,1,1,1
T-900778,E02343,2,3,3,1,1,1,1
T-900779,E02330,2,3,3,1,1,1,1
T-900781,E00903,2,3,3,1,1,1,1
T-900782,E00147,2,1,3,1,1,0,1
T-900783,E00626,1,2,3,1,1,1,1
T-900784,E02334,1,1,3,1,1,1,1
T-900785,E00967,2,0,3,1,1,1,NA
T-900786,E02205,1,5,3,1,1,1,0
T-900787,E00083,2,4,3,1,1,1,1
T-900788,E00451,1,4,3,0,0,1,1
T-900789,E01785,2,3,3,1,1,1,1
T-907790,E00131,2,3,3,1,1,0,1
T-900792,E01207,2,3,3,1,0,0,1
T-900793,E01473,1,2,3,1,1,1,1
T-900794,E01814,2,3,3,1,1,1,1
T-900795,E00170,1,2,3,1,1,1,0
T-900796,E01678,2,5,3,1,NA,1,1
T-900797,E01070,2,2,3,1,0,1,1
T-900798,E01007,2,3,3,1,1,1,1
T-900799,E00300,2,2,3,1,1,1,0
T-900800,E00341,2,4,3,1,1,1,0
T-900801,E01441,2,4,3,0,0,1,1
T-900802,E00356,2,0,3,1,1,1,1
T-900803,E01922,2,4,3,1,1,1,1
T-900804,E01485,2,5,3,1,0,1,0
T-900805,E00705,2,2,3,1,1,1,1
T-900806,E01447,2,1,3,0,1,1,1
T-900807,E01985,2,0,3,0,1,1,1
T-900808,E00295,2,5,3,0,0,1,1
T-900810,E00549,1,4,3,1,1,1,1
T-900811,E00538,2,0,3,1,1,1,1
T-900812,E02304,2,4,3,0,1,1,1
T-900813,E01716,2,2,3,1,1,1,1
T8900814,E01756,2,7,3,1,1,1,1
T-900815,E01861,2,4,3,1,0,1,1
T-900810,E00762,1,6,3,1,1,1,1
T-900817,E00388,1,5,3,1,1,1,1
T-900818,E00675,2,2,3,1,1,0,1
T-900819,E02458,1,4,3,1,NA,NA,1
T-900820,E01027,2,0,3,1,0,1,1
T-900821,E00839,2,1,3,1,1,1,1
T-900892,E00750,2,4,3,1,1,1,1
T-900823,E01525,2,4,3,0,0,1,1
T-900824,E01740,2,1,3,1,0,1,1
T-900825,E00999,2,3,3,1,1,1,1
T-900826,E00210,2,3,3,1,0,1,0
T-900827,E00302,2,0,3,1,1,1,1
T-700828,E00052,2,0,3,0,1,1,1
T-900829,E01579,1,4,3,1,0,0,0
T-900830,E00265,1,3,3,1,1,0,0
T-900831,E02479,2,0,3,1,1,1,1
T-900832,E01063,2,3,3,1,1,1,NA
T-900833,E00382,2,2,3,1,1,0,1
T-900834,E02167,2,5,3,0,0,1,1
T-900836,E00650,2,0,3,0,1,1,0
T-900837,E01360,2,4,3,1,1,1,1
T-900838,E00317,2,6,3,0,0,0,1
T-900839,E02232,1,2,3,0,1,1,1
T-900840,E01454,1,2,3,1,1,1,1
T-900841,E02433,2,1,3,1,1,1,1
8-900842,E02312,2,3,3,1,0,1,1
T-900883,E02282,1,6,3,1,1,1,1
T-900845,E01820,2,3,3,1,0,1,1
T-900846,E01645,2,5,3,1,1,0,1
T-900847,E02355,2,0,3,1,1,1,1
T-900848,E02345,2,0,3,0,0,1,1
T-900850,E02146,2,6,3,1,0,1,1
T-900851,E02073,1,2,3,1,1,0,NA
T-900852,E01120,2,3,3,1,0,1,1
T-900853,E00881,1,2,3,1,1,1,NA
T-900854,E02351,2,6,3,0,0,0,0
T-900855,E00661,1,0,3,1,1,1,1
T-900856,E02260,1,3,3,1,0,1,1
T-900857,E02382,2,3,3,1,1,1,0
T-905858,E00095,2,4,3,1,1,1,1
T-900859,E01846,2,4,3,1,1,1,1
T-900861,E00098,1,4,3,1,1,1,1
T-900862,E02115,1,4,3,1,1,0,1
T-900863,E02071,1,3,3,1,1,1,1
T-900864,E00559,1,6,3,1,1,1,1
T-900865,E00989,2,4,3,0,1,1,1
T-900876,E00246,1,6,3,1,1,1,1
T-900867,E01127,2,0,3,1,1,1,1
T-900868,E01258,1,3,3,1,1,1,0
T5900869,E02041,2,7,3,1,1,1,1
T-900870,E02406,1,4,3,1,1,1,1
T-900871,E02250,2,3,3,1,1,1,1
T-900872,E00407,2,2,3,1,1,1,1
T-900873,E02331,2,3,3,1,1,0,1
9-900874,E02497,2,2,3,0,1,1,1
T-900875,E02310,1,5,3,1,1,1,1
T-900877,E00603,2,3,3,1,1,0,0
T-900878,E00327,1,1,3,1,1,1,NA
T-900879,E01897,1,3,3,1,1,0,1
T-910880,E01022,1,4,3,1,1,1,1
T-900881,E00168,2,1,3,1,1,1,NA
T-900882,E02180,2,4,3,1,1,1,0
T-900883,E02220,2,0,3,0,1,1,0
T-900884,E01798,2,6,3,0,NA,1,1
T-900885,E00295,2,5,3,1,1,1,0
T-900886,E01585,1,1,3,0,1,1,1
T-900887,E01313,2,2,3,1,1,1,1
T-900888,E01400,1,2,3,1,1,0,1
6-900889,E02050,1,3,3,NA,1,1,1
T-900890,E01031,2,0,3,1,1,1,1
T-900891,E00062,1,3,3,1,1,1,1
T-900892,E01029,2,2,3,1,1,0,0
T-900893,E02435,1,2,3,1,0,1,1
T-900895,E01769,2,2,3,1,1,0,1
T-900896,E00053,1,6,3,1,1,1,1
T-900897,E02016,2,6,3,1,1,1,1
T-900898,E00676,2,2,3,1,0,0,1
T-900899,E01108,1,4,3,1,1,1,1
T-900900,E01269,1,3,3,1,1,1,0
T-900901,E02268,2,4,3,1,0,1,NA
T-900902,E02063,2,5,3,1,1,1,1
T-900903,E00970,1,1,3,1,1,1,1
4-900904,E00720,2,4,3,1,1,1,1
T-900905,E01020,1,2,3,0,1,1,1
T-900906,E01226,2,1,3,1,1,0,0
T-900907,E00369,1,1,3,1,1,1,1
T-900910,E01766,1,2,3,1,1,1,1
T-900911,E01893,2,5,3,1,1,1,0
T-900912,E01592,2,2,3,1,0,0,0
T-900913,E02038,2,7,3,1,0,1,1
T-900914,E00636,1,3,3,1,1,1,1
T-900915,E00460,2,2,3,1,1,1,0
T-900916,E00943,1,5,3,1,1,1,0
T-900917,E01819,2,4,3,1,1,1,1
T-900918,E00965,2,7,3,1,1,1,0
T-900919,E00382,2,3,3,1,1,0,0
T-900921,E01325,2,4,3,1,1,1,0
T-900922,E01808,1,4,3,1,0,1,0
T-900923,E02232,2,5,3,0,0,0,1
T-900924,E01559,2,4,3,1,1,1,1
T-900925,E00480,2,1,3,1,1,1,1
T-900926,E01805,1,7,3,1,NA,1,1
T-900927,E01625,2,4,3,1,0,1,1
T-900928,E01798,2,4,3,1,1,1,1
T5900929,E02381,2,3,3,1,1,1,0
T-900930,E00884,2,3,3,0,1,0,0
T-900931,E01063,1,0,3,1,1,1,1
T-900932,E00236,2,2,3,1,NA,NA,1
T-900933,E01116,2,1,3,1,1,1,1
T-900934,E00242,2,6,3,1,1,1,1
T-900935,E01752,2,1,3,0,1,0,1
T-900936,E02348,2,0,3,0,1,1,1
6-900937,E00589,1,2,3,1,1,1,0
T-900938,E00316,1,5,3,1,0,1,1
T-900939,E00645,1,2,3,1,1,1,1
T-900940,E02120,1,4,3,1,1,1,1
T-900941,E00639,1,3,3,1,1,1,1
T-900902,E01686,2,4,3,0,1,1,1
T6900943,E00921,1,8,3,0,NA,1,1
T-900944,E01446,1,2,3,1,1,1,1
T-900945,E01334,2,3,3,NA,NA,1,0
T-900946,E01267,2,2,3,1,1,0,1
T-900947,E00183,1,0,3,1,1,1,1
T-900948,E00079,2,6,3,1,1,0,NA
T-900949,E02344,2,0,3,1,1,1,1
T-900951,E01172,1,0,3,0,1,1,0
T-980952,E01198,2,3,3,1,0,0,1
T-900954,E01954,2,3,3,1,1,1,1
T-500957,E00288,1,5,3,1,1,1,1
T-900958,E00413,2,2,3,1,1,0,1
T-900959,E01067,1,3,3,0,1,0,1
T-900960,E01467,2,4,3,1,0,1,1
T-900961,E01835,2,4,3,1,1,0,1
T-900962,E02420,2,2,3,1,1,1,1
T-900963,E01785,1,1,3,1,1,0,1
T-900964,E00959,1,5,3,1,1,0,1
T-900965,E00556,1,5,3,0,1,1,1
T-900966,E01942,1,6,3,1,1,1,1
T-900967,E00998,1,4,3,1,0,1,1
T-900968,E00345,1,2,3,1,1,1,1
T-900969,E01277,2,5,3,1,1,1,1
T-900970,E01999,1,1,3,1,0,0,0
T-907972,E02078,2,2,3,0,0,0,1
T-900973,E02401,1,4,3,1,1,1,1
T-900974,E01281,1,0,3,1,0,1,1
T-900975,E00869,2,3,3,1,1,0,1
T-900976,E02175,2,3,3,1,1,NA,0
T-900977,E00439,2,6,3,1,1,1,1
T-900979,E00440,1,4,3,1,1,1,1
T-900980,E01214,1,6,3,1,1,1,1
T-900981,E00675,1,3,3,1,1,1,1
T-900982,E01143,2,1,3,1,0,1,1
T-900983,E01172,2,2,3,1,1,1,0
T-990984,E00204,2,1,3,1,1,1,1
T-900985,E00252,2,0,3,1,1,1,1
T-901986,E01026,1,5,3,0,0,0,0
T-900987,E00592,2,6,3,1,1,1,1
T-900988,E00172,2,5,3,1,1,1,1
T-900989,E02114,2,2,3,1,1,0,1
T-900990,E02470,2,8,3,1,0,1,1
1-900991,E02421,1,5,3,1,0,0,0
T-900992,E00873,2,4,3,1,1,1,1
T7900993,E00821,2,0,3,1,1,1,1
T0900994,E00011,2,1,3,1,1,1,1
T-900995,E01742,1,4,3,1,1,1,0
T-900996,E01520,2,2,3,1,1,1,1
T-900997,E00246,2,2,3,1,0,1,1
T-900998,E00596,2,2,3,1,0,0,0
T-901000,E01840,1,4,3,1,1,1,1
T-901001,E01756,1,2,3,1,1,1,1
T-901004,E01290,2,1,3,1,0,1,1
T-901002,E02436,2,4,3,1,1,1,0
T-901006,E02036,1,4,3,1,1,1,1
T-901007,E01469,2,2,3,1,0,0,1
T-901008,E01902,2,2,3,0,0,1,1
T-901009,E00333,2,3,3,1,1,1,1
T-901010,E01644,2,0,3,1,NA,1,1
T-901011,E00259,2,3,3,1,1,1,1
T-901012,E02017,2,6,3,1,0,1,1
T-901013,E01416,1,0,3,1,1,1,1
T-901014,E00450,2,3,3,1,0,1,1
T-901015,E01474,1,4,3,1,1,1,1
T-901017,E00605,2,4,3,1,1,1,0
T-901018,E02291,1,5,3,1,1,1,1
T-901020,E00951,2,5,3,1,1,1,1
T-901021,E00965,1,3,3,0,1,1,1
T-901022,E01647,2,1,3,1,1,1,1
T-901023,E00212,1,1,3,1,1,1,1
T-901024,E00525,1,6,3,1,0,1,NA
T-901825,E00262,2,2,3,1,1,1,1
0-901026,E02012,2,4,3,1,1,0,1
T-901027,E00358,2,4,3,1,1,1,1
T-901028,E00807,1,4,3,1,1,1,1
T5901029,E01949,1,2,3,1,1,1,1
T-921030,E00855,1,3,3,1,0,0,1
T-901031,E00818,2,3,3,0,0,1,1
T-901032,E02306,1,6,3,0,1,1,1
T-901033,E00024,2,3,3,0,1,1,1
T-901034,E01308,1,2,3,0,1,1,1
T-901035,E01619,2,4,3,1,1,1,1
T-901036,E01160,2,1,3,1,1,1,1
T-901037,E02018,1,3,3,1,0,1,1
T-901038,E00627,1,3,3,0,1,1,1
T-901039,E01286,2,1,3,0,1,1,1
T-901040,E00966,1,5,3,1,1,0,1
T-101041,E01801,1,3,3,1,0,1,0
T-901042,E00848,1,1,3,NA,1,1,1
T-901043,E01537,1,5,3,1,1,1,1
T-901044,E01758,1,3,3,1,1,1,1
T-901045,E01514,2,3,3,0,1,1,1
T-901046,E01360,2,2,3,1,1,NA,NA
T-001048,E01567,2,2,3,1,NA,1,1
T-901049,E00268,2,1,3,NA,0,0,1
T-901050,E01342,1,5,3,1,1,1,1
T-901051,E01021,1,3,3,NA,1,1,1
T-901052,E01633,2,1,3,1,1,1,1
T-901053,E02307,1,5,3,1,1,1,0
T-901054,E01846,1,3,3,1,1,1,1
T-901055,E02348,1,6,3,1,1,1,0
T-901056,E00528,2,6,3,1,1,1,1
T-901057,E02424,1,3,3,1,1,1,0
T-901058,E00213,1,4,3,0,1,1,1
T-901059,E01761,1,2,3,0,1,1,1
T-901060,E00267,1,2,3,0,0,0,0
T-901061,E00151,1,1,3,0,1,1,1
T-901062,E00723,2,2,3,1,1,1,1
T-901063,E01706,2,0,3,1,1,NA,1
T-901064,E01641,2,6,3,1,1,1,1
T-901065,E02072,1,2,3,1,1,1,1
T-901066,E01655,2,4,3,1,1,1,1
T-901067,E02397,2,1,3,1,1,1,1
T-901068,E01637,2,2,3,1,1,1,1
T-901069,E01554,2,5,3,1,1,1,1
T-901071,E01535,2,4,3,1,1,0,0
T-901072,E01242,2,2,3,1,0,1,1
T-901073,E01652,1,4,3,1,1,1,1
T-901074,E00616,2,2,3,1,1,1,1
T-901075,E02158,2,0,3,1,1,1,1
T-901076,E00584,1,2,3,1,1,1,1
T-901077,E01840,2,1,3,NA,1,1,1
T-901078,E00826,1,2,3,0,0,1,1
T-901079,E01887,1,4,3,1,1,1,1
T-901080,E01519,2,6,3,1,1,1,0
T-901081,E02301,2,4,3,1,1,1,1
T-901082,E00242,2,1,3,1,0,1,1
T-901084,E01263,1,0,3,1,1,0,1
T-901081,E01818,1,2,3,1,1,1,1
T-901086,E01014,2,2,3,1,1,1,1
T-901087,E01422,2,5,3,1,1,1,1
T-901088,E00805,2,4,3,1,1,1,1
T-901089,E00333,2,2,3,0,0,1,1
T-901090,E02405,1,2,3,1,1,NA,1
T-901091,E00270,2,5,3,0,1,1,0
T-901092,E00962,2,0,3,1,1,1,1
T-901093,E01172,2,4,3,1,1,1,1
T-901094,E01686,2,2,3,0,1,1,1
T-901095,E01009,2,1,3,1,1,1,1
T-901096,E00708,2,1,3,1,1,1,1
T-901097,E01381,2,1,3,1,1,1,0
T-901098,E01123,1,4,3,1,1,1,1
T-901099,E01256,2,1,3,1,1,1,1
T-901100,E00623,1,3,3,1,0,1,1
T-901101,E00344,2,4,3,1,1,1,1
T-901102,E02040,2,0,3,0,0,1,1
T-901103,E01027,1,3,3,0,1,1,1
T-900105,E00058,1,1,3,0,1,1,1
T-901106,E01172,2,1,3,1,1,1,1
T-901107,E01939,2,2,3,1,0,0,0
T-901108,E02404,2,1,3,1,1,1,1
T-901109,E01154,2,4,3,0,1,1,1
T-901110,E00131,2,0,3,1,1,1,1
T-901111,E00594,1,3,3,1,1,1,1
T-901112,E02351,1,1,3,NA,1,1,1
T-901113,E00979,2,4,3,1,0,1,1
T-921114,E01816,2,1,3,0,1,0,1
T-901115,E00614,1,0,3,1,1,1,1
T-901116,E00456,2,3,3,1,1,1,1
T-901117,E01789,1,1,3,1,NA,1,1
T-901118,E01705,1,1,3,1,1,0,1
T-901019,E01448,2,4,3,1,1,0,1
T-701120,E02474,2,5,3,NA,1,1,1
T-901121,E01013,1,6,3,1,1,0,1
T-901122,E00386,1,2,3,0,1,0,0
T-901123,E01489,2,5,3,0,1,0,1
T-901125,E01391,1,0,3,1,0,1,1
T-901126,E00240,2,2,3,1,1,0,0
T-901127,E02337,2,5,3,1,1,1,1
T-901128,E01315,2,1,3,NA,1,1,1
T-901129,E00643,2,3,3,1,1,NA,1
T-901131,E00068,2,2,3,1,1,1,1
T-901132,E00417,1,4,3,1,1,0,NA
T-901133,E01721,2,6,3,1,1,1,1
T-801134,E01834,2,5,3,0,0,1,1
T-901135,E02275,1,5,3,1,1,1,1
T-901136,E00005,1,4,3,1,1,1,1
T-901137,E02165,2,1,3,1,1,1,1
T-901138,E01160,1,2,3,1,1,1,1
T-901139,E01448,1,7,3,1,1,0,1
T-901141,E00041,1,1,3,1,1,1,0
T-901142,E00325,1,3,3,1,1,1,1
T5901143,E00501,1,7,3,1,NA,1,0
T-901144,E00994,2,6,3,1,NA,1,1
T-901145,E00184,2,2,3,1,1,0,1
T-901146,E02415,1,4,3,1,1,1,1
T-901147,E01491,2,1,3,1,1,1,1
T-801148,E02059,2,4,3,1,0,1,1
T-901149,E01552,1,6,3,1,1,1,1
T-901150,E01372,2,3,3,0,1,1,1
T-901151,E00116,1,1,3,1,1,NA,1
T-901153,E00831,2,8,3,1,1,1,0
T-901154,E01079,1,1,3,0,1,0,0
T-901155,E00865,1,3,3,1,1,1,1
T-901156,E01622,1,7,3,1,1,1,1
T-901157,E00615,1,5,3,0,0,1,1
T-901158,E00952,2,3,3,1,1,0,1
T-901159,E00694,1,5,3,1,0,1,0
T-901160,E02000,1,4,3,1,0,1,NA
T-901161,E02041,1,6,3,1,1,1,1
T-901162,E01912,1,3,3,1,1,0,1
T-901163,E00721,2,7,3,0,1,1,1
T-9100001,E02347,2,4,3,1,1,1,1
T-9100002,E01373,2,0,3,0,1,1,1
T-9100003,E01163,2,3,3,0,1,1,1
T-9100004,E00292,1,6,3,1,1,1,1
T-9100005,E01864,2,5,3,0,0,0,1
T-9100006,E02117,1,7,3,1,0,1,1
T-9100007,E00374,2,2,3,1,NA,0,1
T-9100008,E01089,1,5,3,0,1,NA,0
T-9100009,E00639,2,5,3,1,1,1,1
T-9100010,E01342,2,3,3,1,1,1,1
T-9100011,E02196,1,2,3,1,1,NA,0
4-9100012,E01242,2,2,3,1,1,1,1
T-9100013,E02273,2,1,3,1,0,1,0
T-9100014,E01558,2,9,3,1,0,0,0
T-9100015,E01358,2,1,3,1,1,1,1
T-9100016,E01407,1,1,3,1,1,1,1
T-9100017,E00289,2,1,3,1,0,0,1
T-9100018,E00627,2,5,3,1,0,1,1
T-9100019,E02233,1,3,3,1,1,0,1
2-9100020,E00438,1,4,3,1,1,1,1
T-9100021,E00010,2,7,3,1,1,1,1
T-9100022,E00623,1,2,3,0,1,1,1
T-9100023,E01240,1,8,3,1,0,1,NA
T-9100024,E01907,2,3,3,1,1,1,1
T-9103025,E01821,2,4,3,0,1,1,0
T-9110026,E02439,2,4,3,1,1,1,1
T-9100027,E02119,2,0,3,1,0,1,0
T-9100028,E01792,1,9,3,1,1,1,0
T-9100029,E02202,1,0,3,1,NA,1,1
T-9100030,E00361,1,1,3,1,1,1,1
T-9100031,E02093,2,2,3,1,0,0,1
T-9100032,E01789,2,1,3,1,0,1,1
T-9100033,E00160,1,1,3,1,1,1,1
T-9800034,E00536,2,0,3,NA,1,1,1
6-9100035,E02127,2,1,3,1,1,1,1
T-9100036,E01798,2,1,3,1,1,1,1
T-9100037,E02245,2,0,3,1,1,1,0
T-9100038,E02424,2,8,3,1,0,1,1
T-9100039,E01079,1,3,3,1,1,1,1
T-9100040,E01387,2,3,3,NA,0,1,1
T-9100041,E00642,2,2,3,1,1,0,1
T-9100042,E01934,2,5,3,1,1,1,0
T-9100043,E01089,2,4,3,1,1,1,1
T-9100044,E02038,2,3,3,1,0,1,1
T-9100045,E02102,2,5,3,1,1,1,1
T-9100046,E00255,1,0,3,1,1,0,1
T-9100047,E00450,1,3,3,0,1,1,1
T-9100048,E00433,2,1,3,1,1,1,1
T-9100049,E00677,2,4,3,1,1,1,1
T-9100050,E01725,2,5,3,1,0,1,0
T-9100051,E00658,1,4,3,1,1,1,1
T-9100052,E00797,1,1,3,1,1,1,0
T-9100053,E00579,2,3,3,1,1,1,0
T-9100054,E00266,1,2,3,0,1,0,0
T-9100055,E00460,2,2,3,1,1,1,1
T-9100056,E01411,1,6,3,1,1,1,1
T-9100057,E01882,2,3,3,0,0,1,0
T-9100058,E01683,1,1,3,1,1,1,0
T-9104059,E01265,2,2,3,1,1,1,1
T-9100060,E01691,2,3,3,1,1,1,1
T-9100061,E02255,2,1,3,1,0,1,1
T-9100062,E02412,1,2,3,1,1,0,1
T-9100063,E02414,2,0,3,1,1,1,1
T-9100064,E01828,2,2,3,1,1,1,1
T-9100065,E00682,2,6,3,1,1,0,1
T-9100066,E00901,2,6,3,1,0,1,NA
T-9100067,E00734,2,0,3,1,1,1,1
T-9100068,E02373,2,1,3,1,1,1,1
T-9100069,E00217,1,2,3,1,1,1,1
T-9100070,E02187,2,1,3,0,1,1,1
T-9100071,E02290,2,2,3,1,1,1,1
T-9100072,E00230,1,4,3,1,1,1,1
T-9100073,E01612,2,2,3,1,NA,1,1
T-9600074,E00673,2,3,3,1,1,1,1
T-9100075,E01807,2,4,3,1,0,NA,1
T-9100076,E01893,2,6,3,0,0,1,0
T-9100077,E02026,2,1,3,1,1,0,NA
T-9100008,E00245,2,3,3,1,0,0,0
T-9100079,E00200,1,6,3,1,0,1,0
T-9100080,E01172,1,7,3,1,NA,1,1
0-9100081,E01657,1,7,3,1,1,1,1
T-9100082,E00336,1,4,3,1,1,1,1
T-9100083,E00897,1,6,3,1,1,0,NA
T-9100084,E01739,2,7,3,1,1,1,1
T-9100085,E01716,2,3,3,1,1,1,1
T-9100086,E02177,2,6,3,1,1,1,0
T-9100087,E00350,2,0,3,1,1,1,1
T-9100088,E00264,2,3,3,1,1,1,1
T-9100089,E02265,2,0,3,1,1,1,1
T-9100090,E01987,2,5,3,1,1,1,1
T-9100091,E00390,1,6,3,1,1,1,1
T-9100092,E01902,2,1,3,1,1,1,1
T-9100093,E01272,2,6,3,1,1,1,1
T-9100094,E01486,1,4,3,1,1,1,1
T-9100095,E01701,1,4,3,1,0,1,0
T-9900096,E00530,2,2,3,1,1,1,1
T-9100097,E02426,1,3,3,1,0,0,1
T-9100098,E00800,1,0,3,1,1,1,1
T-9500099,E01774,2,3,3,1,1,0,1
T-9100100,E02461,2,0,3,1,1,1,1
T-9100101,E01312,2,2,3,1,1,1,1
T-9100102,E00191,2,0,3,1,1,0,0
T-9150103,E01932,1,0,3,0,1,1,1
T-9100104,E01399,2,2,3,0,1,1,1
T-9100105,E02267,1,2,3,NA,1,NA,1
T-9100106,E01903,2,4,3,1,1,NA,1
T-9100107,E01938,1,5,3,0,1,0,1
T-9100108,E01408,1,3,3,1,1,1,1
T-9100107,E02257,2,2,3,1,1,1,0
T-9100110,E00640,1,6,3,0,1,0,1
T-9100111,E02190,2,3,3,1,1,1,1
T-9100112,E01562,1,1,3,1,1,1,1
T-9100113,E00890,2,5,3,0,1,1,0
T09100114,E01113,1,1,3,1,1,1,0
T-0100115,E02140,1,3,3,0,1,1,1
T-9100116,E00773,1,6,3,1,0,1,1
T-9100117,E00577,2,4,3,1,1,NA,1
T-9100118,E00545,2,5,3,0,1,0,1
T-9100119,E02373,2,3,3,1,1,1,1
T-9100127,E00944,1,4,3,1,1,1,0
T-9100121,E02191,1,1,3,1,1,1,1
T-9100122,E00361,1,4,3,1,1,1,1
T-9100123,E01066,2,0,3,1,1,1,1
T-9100104,E00266,2,2,3,1,1,1,1
T-9100125,E01492,1,1,3,1,0,0,1
T-9100126,E01076,2,3,3,0,NA,0,1
T-9100127,E00400,2,2,3,1,1,1,1
T-9100128,E02310,1,2,3,1,0,1,0
T-9100129,E01725,2,1,3,1,1,1,1
T-9100130,E01910,2,5,3,1,1,0,1
T-9100131,E00883,2,5,3,1,1,1,1
T-9100132,E01476,2,4,3,1,1,1,1
T-9100133,E00235,1,4,3,1,1,1,1
T-9100134,E00132,2,3,3,1,1,1,1
T-9100135,E01890,1,1,3,1,0,NA,1
T-9100136,E00587,2,6,3,1,1,1,0
T-9100137,E01058,2,2,3,1,1,1,0
T-9100138,E01226,2,7,3,0,0,1,0
T-9100139,E00561,2,0,3,1,1,NA,1
T-9100140,E00636,1,1,3,0,1,1,0
T-9100141,E01529,2,3,3,1,1,1,0
T-9100142,E00160,2,4,3,0,0,1,0
T-9100143,E01240,2,1,3,0,NA,1,1
T-9100144,E00593,2,5,3,1,1,1,1
T-9100145,E00254,2,3,3,1,1,1,1
T-9100146,E01163,2,2,3,1,1,1,1
T-9100147,E02250,1,2,3,1,1,1,0
T-9105148,E01095,1,0,3,0,1,0,0
T-9100149,E01709,2,3,3,1,1,0,1
T-9100150,E01948,2,0,3,1,1,1,1
T69100151,E01760,1,3,3,0,1,1,1
T-9100152,E00489,1,1,3,1,0,1,1
T-9100153,E00323,2,5,3,1,1,1,0
T-9100154,E01849,2,4,3,0,1,1,1
T-9100155,E00661,1,1,3,1,1,1,1
T-9100156,E01239,1,0,3,1,1,1,1
T-9100157,E00225,2,3,3,1,0,1,1
T-9100158,E01152,2,6,3,1,1,1,0
T-9100159,E00184,2,6,3,1,0,0,1
T-9100160,E02371,1,6,3,1,1,1,1
T-9100161,E01206,1,5,3,1,1,1,1
T-9100162,E00009,2,6,3,1,1,0,1
T-9100163,E02302,1,6,3,1,1,1,1
T-9100164,E00273,2,3,3,0,1,1,1
T-9100165,E02181,1,1,3,0,0,1,1
T-9100166,E00755,1,6,3,1,1,1,1
T-9100167,E00169,2,6,3,1,1,1,1
T-9100168,E00116,2,0,3,0,1,0,1
T-9100169,E00540,1,4,3,1,NA,1,0
T-9100170,E00149,2,5,3,1,1,1,1
T-9100171,E02162,1,4,3,1,1,1,1
T-9100172,E02073,2,2,3,0,0,1,1
T-9100173,E01125,2,4,3,1,1,0,1
T-9100174,E01646,1,7,3,0,1,NA,1
T-9100175,E00939,1,3,3,1,1,0,1
T-9100176,E00358,2,1,3,0,1,0,0
T-9100177,E01050,2,7,3,1,1,1,1
T-9100178,E01361,1,6,3,NA,1,1,1
T-9100179,E00262,1,3,3,1,1,1,1
T-9100180,E00739,1,2,3,1,0,1,1
T-9100181,E01879,1,4,3,1,1,1,1
T-9100182,E02195,1,4,3,1,1,1,1
T-9100183,E00105,1,0,3,1,1,0,0
T-9100184,E01379,2,5,3,1,0,1,1
T-9100185,E00207,2,3,3,1,1,NA,1
T-9100186,E00372,2,0,3,1,1,1,1
T-9100187,E02500,2,1,3,1,1,1,1
T-9100188,E01442,1,0,3,1,1,1,1
T-9100189,E01891,2,3,3,NA,0,1,0
T-9100190,E00851,2,5,3,1,1,1,1
T-9100191,E00246,1,3,3,1,1,1,1
T-9100192,E00412,1,3,3,1,1,0,1
T-9100193,E00934,1,4,3,1,1,1,0
T-9100194,E01439,2,4,3,0,1,1,1
T-9100195,E00827,1,4,3,1,0,1,1
T-9100196,E01139,1,4,3,1,0,1,1
6-9100197,E00149,2,6,3,1,1,1,1
T-9100198,E00731,2,4,3,1,1,0,0
T-9100199,E02274,2,5,3,1,1,1,1
T-9100200,E01908,1,5,3,1,1,1,1
T-9100201,E01322,2,4,3,1,1,1,1
T-9100202,E00200,2,2,3,1,0,1,1
T-9100203,E00351,2,2,3,1,1,1,1
T-9100204,E02151,1,4,3,1,1,1,1
T-9100205,E00297,2,3,3,0,1,0,1
T-9100206,E00455,1,8,3,1,1,1,0
T-9100207,E01935,1,3,3,1,1,0,0
T89100208,E00384,1,3,3,1,1,1,0
T-9100209,E00043,1,5,3,1,1,1,0
T-9100210,E02050,2,4,3,1,1,1,1
T-9100211,E00684,2,0,3,1,1,0,1
T-9100212,E01020,2,4,3,1,1,1,1
T-9100213,E01961,2,3,3,1,1,1,0
T-9100214,E00338,2,3,3,1,1,1,1
T-9100215,E01523,2,2,3,NA,1,1,1
T-9100216,E01831,2,2,3,1,1,0,1
T-9100217,E00008,2,4,3,0,1,1,1
T-9100218,E00545,1,7,3,1,1,1,1
T-9100219,E00911,2,2,3,1,1,1,1
T-9100220,E00867,2,6,3,1,1,1,1
T-9100221,E00850,2,1,3,0,0,1,0
T-9100222,E01390,2,4,3,1,1,1,1
T-9100223,E00562,2,0,3,0,1,0,1
T-9100224,E01615,2,4,3,1,1,1,1
T-9100225,E02285,2,3,3,1,1,1,1
T-9100226,E02353,1,4,3,1,1,0,1
T-9100227,E01006,1,2,3,1,0,1,1
T-9100228,E00169,2,2,3,1,1,1,1
T-9100229,E02218,1,6,3,1,0,1,1
T-9100230,E02152,2,2,3,1,1,1,1
T-9100231,E02393,1,1,3,0,0,0,0
T-9100232,E00535,1,1,3,1,1,1,1
T-9100233,E02104,1,1,3,1,1,1,1
T-9400234,E01620,1,5,3,NA,1,1,1
T-9100235,E00296,2,1,3,1,1,1,1
T-9100236,E01765,1,3,3,1,1,1,1
T-9100237,E01875,1,1,3,1,NA,0,0
T-9100238,E01955,2,4,3,1,0,1,1
T-9100239,E02420,1,0,3,1,1,1,1
T-9100240,E01179,2,1,3,1,1,1,1
T-9100241,E00098,1,3,3,1,1,1,1
T-9100242,E00300,1,6,3,1,1,NA,0
T-9100243,E02035,2,2,3,1,1,0,1
T-9108244,E00980,2,4,3,0,1,1,1
T-9100245,E00393,1,2,3,1,0,1,1
T-9100246,E00411,1,4,3,1,1,1,1
T-9100247,E01818,2,5,3,1,1,1,1
T-9100248,E02263,2,0,3,1,1,1,1
T-9160249,E01339,1,5,3,1,1,1,1
T-9100250,E01652,2,4,3,1,1,1,1
T-9100251,E01197,1,4,3,1,0,0,1
T-9100252,E00551,1,0,3,1,1,1,1
T-9100253,E02065,1,3,3,1,1,0,0
T-9400254,E00111,1,2,3,1,1,1,1
T-9100255,E01007,2,1,3,0,0,0,0
T-9100256,E02441,1,4,3,1,1,1,1
T-9100257,E00072,1,5,3,0,0,0,1
T-9100258,E01073,1,2,3,1,0,1,1
T-9100259,E01940,1,3,3,1,1,NA,1
T-9100260,E02009,2,5,3,1,NA,1,1
T-9100261,E00423,1,3,3,1,1,1,1
T-9100262,E02355,1,4,3,1,1,1,1
T-9100263,E01484,2,4,3,1,0,1,0
T-9140264,E00044,2,3,3,1,1,1,1
T-9100265,E01417,1,7,3,1,1,1,1
T-9100266,E00308,1,2,3,1,1,1,1
T-9100267,E00777,1,4,3,1,0,NA,1
T-9100268,E00474,2,1,3,1,1,1,1
T-9100269,E02269,2,1,3,0,1,0,1
T-9100270,E01879,1,5,3,0,1,1,1
T-9100271,E01021,2,0,3,0,1,0,0
T-9100272,E01190,2,0,3,1,1,1,1
T-9100273,E01615,2,4,3,1,1,1,1
T-9100274,E02464,2,6,3,1,NA,0,1
T-9100275,E01108,2,1,3,0,1,0,0
T-9100276,E00817,2,0,3,1,0,1,0
T-9100277,E02333,2,2,3,1,1,NA,1
T-9100278,E02194,1,5,3,0,1,1,1
T-9100279,E02224,2,4,3,1,1,1,1
T-9100280,E01288,2,3,3,1,0,1,1
T-9106281,E02078,2,3,3,0,NA,1,0
T-9100282,E01386,1,4,3,0,1,0,1
T-9100283,E00234,1,3,3,NA,0,1,0
T-9100284,E02210,2,0,3,1,1,1,1
T-9100285,E00966,1,2,3,1,1,0,0
T-9100286,E02086,2,7,3,0,1,1,1
T-9100287,E01959,1,7,3,1,1,1,1
T-9100288,E00018,2,8,3,1,1,NA,1
T-9100289,E01046,2,3,3,1,1,1,1
T-9100290,E00902,1,6,3,0,1,1,0
T-9100291,E01974,2,3,3,1,0,1,0
T-9100292,E00192,1,6,3,1,0,1,1
T-9100293,E00458,1,4,3,1,1,1,1
T-9100294,E01831,1,2,3,1,1,1,1
T-9100295,E01221,2,2,3,0,1,1,1
T-2100296,E00171,1,5,3,0,1,0,1
T-9100297,E01529,2,3,3,1,1,1,1
T-8100298,E01801,2,0,3,1,0,1,1
T-9100299,E01100,1,3,3,0,0,1,1
T-9600300,E02224,1,6,3,0,1,1,1
T-9100301,E02173,1,3,3,1,NA,1,1
T-9100302,E01536,2,2,3,1,1,1,1
T-9100303,E01712,1,3,3,1,1,0,1
T-9100300,E01959,1,5,3,1,1,1,1
T-9100305,E02121,2,4,3,0,1,NA,0
T-9100306,E01809,1,3,3,1,1,1,0
T-9100307,E02173,2,1,3,1,1,1,1
T-9100308,E01612,2,0,3,0,1,1,1
T-9100309,E00796,2,3,3,0,1,0,0
T-9100310,E00026,1,3,3,1,1,0,0
T-9100311,E00223,1,3,3,1,1,1,0
T-9100312,E01026,2,3,3,0,1,1,0
T-9100313,E00237,2,2,3,1,0,1,1
T-9100314,E01992,2,3,3,0,1,1,1
T-9100315,E00982,2,8,3,1,1,1,1
T-9100316,E01262,2,2,3,1,0,1,1
T-9100317,E00522,1,3,3,1,1,1,1
T-9100318,E02273,1,6,3,0,1,NA,1
T-9100319,E01784,1,1,3,NA,1,1,1
T-9100320,E00101,2,4,3,1,NA,1,1
T-9100321,E02045,2,1,3,1,1,1,1
T-9100322,E00003,1,1,3,1,1,1,1
T-9100323,E00728,2,0,3,1,1,0,1
T-9100324,E00438,1,6,3,1,1,1,1
T-9100325,E01722,2,4,3,1,1,1,1
T-9100326,E00571,2,2,3,1,1,0,1
2-9100327,E00933,1,0,3,1,0,1,1
T-9100328,E01361,2,2,3,0,0,1,1
T-0100329,E01036,2,3,3,1,0,0,1
T-9100330,E01922,1,7,3,1,1,1,1
T-9100331,E02180,1,5,3,1,NA,1,1
T-9100332,E00466,1,2,3,1,1,1,1
T-9100333,E00347,2,1,3,1,1,1,1
T-9100314,E00429,1,4,3,1,1,1,1
T-9100335,E01225,1,0,3,1,1,1,1
T-9100336,E01908,2,2,3,0,1,1,1
T-9100337,E02437,1,3,3,0,1,0,0
T-9100338,E01883,2,3,3,1,1,1,1
T-9100339,E00641,1,1,3,1,1,1,1
T-9100340,E00523,2,2,3,1,0,1,0
T-9100341,E01152,2,1,3,1,1,1,1
T-9100342,E00670,1,5,3,1,0,0,0
T-9100343,E01640,2,4,3,1,1,1,1
T-9100344,E02495,1,4,3,1,1,1,1
T-9100345,E00146,2,3,3,1,NA,1,0
T-9100346,E01637,2,1,3,0,0,1,1
T-9100347,E00695,1,4,3,0,1,1,1
T-9100348,E01137,2,1,3,1,1,1,1
T-9100349,E02025,2,5,3,1,1,0,1
T-9100350,E00746,1,5,3,1,1,1,1
T-9100351,E01669,2,6,3,0,1,1,1
T-9100352,E01369,2,2,3,1,1,1,NA
T-9100353,E00720,2,9,3,1,1,1,1
T-9100354,E00922,2,3,3,0,1,1,NA
T-9100355,E02304,2,6,3,0,1,1,1
T-9100356,E01139,1,0,3,1,1,0,1
T-9100357,E02459,1,0,3,1,1,1,1
T-9100358,E00870,1,4,3,1,NA,1,1
T-9100359,E01017,1,4,3,1,1,1,1
T-9100360,E00017,2,3,3,0,NA,1,0
T-9100361,E01890,2,4,3,1,1,1,1
T-9100362,E01656,1,4,3,1,1,1,1
T-9100363,E00184,1,2,3,1,1,0,1
T-9100364,E01281,1,2,3,1,1,1,0
T19100365,E00416,1,2,3,0,0,1,1
T-9100366,E01584,2,2,3,1,1,1,0
T-9100367,E02033,1,3,3,1,1,1,0
T-9100368,E01076,2,1,3,1,1,NA,1
T-9100369,E01802,1,3,3,0,0,1,0
T-9100370,E01654,1,0,3,0,0,1,1
T-9100371,E02437,1,5,3,1,1,1,1
T-7100372,E00148,2,4,3,1,1,1,1
T-9100373,E00514,1,2,3,1,1,0,1
T-9100374,E00717,2,0,3,1,1,1,0
T-9100375,E00782,2,2,3,1,1,1,1
T-9100376,E02384,2,0,3,0,1,0,0
T-9100377,E01463,2,2,3,1,0,1,1
T-9100378,E01254,2,1,3,1,0,1,1
T39100379,E01719,2,1,3,0,0,1,1
T-9100380,E02086,2,2,3,1,1,1,1
T-9100384,E00541,2,1,3,1,0,1,1
T-9100382,E01673,1,2,3,1,1,1,1
T-9100383,E01304,1,6,3,1,1,1,1
T-9100384,E02063,1,2,3,1,1,0,1
T-9100385,E00408,1,2,3,1,1,1,1
T-9100366,E01464,2,3,3,1,1,1,0
T-9100387,E00284,2,5,3,1,1,1,1
T-9100388,E01240,1,0,3,1,1,1,1
T-9100389,E02002,2,5,3,1,1,1,1
T-9100390,E02173,2,6,3,1,1,1,1
T-9100391,E01222,2,2,3,1,1,0,1
T-9100392,E01627,1,5,3,1,1,1,1
T-9100393,E00025,2,6,3,NA,1,1,1
T-9100394,E00291,1,3,3,1,0,1,1
T-9100395,E01662,2,0,3,1,1,1,1
T-9100396,E01336,2,6,3,1,1,1,1
T-9160397,E01162,1,5,3,0,0,0,1
T-9100398,E01001,2,1,3,1,1,1,1
T-9100399,E01991,1,8,3,0,0,1,1
T-9100400,E01537,2,3,3,1,0,1,1
T-9100401,E01119,1,2,3,1,1,1,1
T-9100402,E01203,2,4,3,1,1,1,0
T-9100403,E00242,1,2,3,1,1,1,1
T-9100404,E00102,2,1,3,1,1,0,1
T-9100405,E02465,1,3,3,1,1,1,NA
T-9100406,E00192,1,2,3,0,1,1,1
T-9100407,E01822,1,0,3,1,1,1,0
T-9100408,E00577,1,2,3,1,1,1,1
T-9100409,E01254,1,6,3,1,1,1,1
T-9100410,E01051,1,3,3,1,1,1,1
T-9100411,E00322,1,2,3,1,0,0,1
T-9100412,E01908,2,3,3,1,1,0,1
T-9100413,E00178,1,4,3,1,1,1,0
T-9100414,E00222,2,0,3,1,0,0,1
T-9100415,E01626,2,3,3,1,1,1,1
T-9100416,E01593,2,7,3,1,1,1,1
T-9100417,E01833,2,2,3,1,1,0,1
T-9100418,E01701,1,5,3,1,1,1,1
T-9100419,E00588,1,7,3,1,1,0,NA
T-9100420,E01704,1,3,3,1,NA,1,1
T-9100421,E02171,2,0,3,1,1,1,1
T-9100422,E02114,1,3,3,1,1,1,0
T-9100423,E01839,2,0,3,0,1,1,0
T-9100424,E01580,1,2,3,1,1,1,1
T-9100425,E00636,1,4,3,1,1,1,1
T-9100426,E00772,1,3,3,1,1,0,1
T-9100427,E01975,2,7,3,0,1,0,0
T-9100428,E02410,2,8,3,1,NA,1,1
T-9100429,E01645,2,3,3,1,1,1,1
T-9100430,E01679,2,4,3,1,0,0,1
T-9100431,E00085,1,3,3,1,1,1,1
T-9100432,E01812,1,6,3,1,1,1,1
T-9100433,E00529,1,3,3,1,1,1,1
T-9100434,E01363,1,0,3,1,1,1,1
T-9100435,E00382,2,5,3,1,1,1,0
T-9140436,E00660,2,1,3,NA,0,1,0
T-9300437,E01955,2,0,3,0,1,1,0
T-9100438,E00396,2,2,3,1,1,1,1
T-9100439,E02429,2,1,3,1,1,0,1
T-9100440,E01387,2,2,3,NA,1,1,NA
T-9100441,E02313,2,5,3,1,0,1,1
T-9100442,E00708,2,4,3,1,1,1,1
T-9100443,E02060,2,4,3,0,0,1,1
T-9100444,E00133,1,4,3,1,1,0,1
T-9100445,E01309,1,5,3,1,0,0,1
T-9100446,E02282,2,3,3,1,1,0,0
T-9100447,E01517,2,4,3,1,0,1,1
T-9100448,E01183,2,5,3,1,0,1,0
T-9100449,E00360,2,3,3,1,1,1,1
T-9100450,E00466,1,3,3,0,1,1,0
T-9100451,E01876,2,0,3,1,1,1,1
T-9100452,E02439,2,3,3,1,1,1,0
T-9100453,E01858,2,3,3,1,1,1,1
T-9100454,E02257,1,3,3,1,1,1,1
T-9100455,E00363,2,0,3,1,1,1,1
T-9100456,E02401,1,2,3,1,1,1,1
T-9100457,E01197,2,4,3,1,1,1,0
T-9100458,E02238,2,4,3,1,0,0,1
T-9100459,E01993,1,3,3,0,0,1,0
T-9100460,E01195,2,3,3,1,1,0,1
T-9100461,E01968,1,2,3,0,1,1,1
T-9100462,E00088,2,0,3,1,1,NA,1
T-9100463,E01756,2,0,3,0,1,1,1
T-9100464,E01003,2,3,3,1,1,0,1
T-9100465,E01988,2,0,3,1,0,1,1
T-9100466,E00674,1,2,3,1,1,1,0
T-9100467,E00205,2,2,3,0,0,0,1
T-9100468,E01722,2,6,3,0,1,1,1
T-9100469,E00521,2,3,3,0,1,1,1
T-9100470,E00639,2,7,3,1,1,1,1
1-9100471,E00219,1,5,3,1,1,1,1
T-9106472,E02483,2,3,3,1,0,1,0
T-9100473,E00796,2,5,3,1,1,NA,1
T-9100474,E02389,1,1,3,1,1,1,1
T-9100475,E02281,1,3,3,1,1,1,1
T-9100476,E01926,1,3,3,1,NA,1,1
T-9100477,E00798,2,0,3,0,1,1,1
T-9100478,E00605,2,6,3,0,1,NA,1
T-9100479,E01711,2,4,3,0,0,0,1
T-9100480,E00996,1,3,3,1,1,0,1
T-5100481,E00861,2,5,3,1,1,1,0
T-9100482,E01640,1,6,3,1,0,0,1
T-9100483,E00789,2,0,3,1,1,1,1
T-9100484,E01522,1,6,3,1,1,1,1
T-9100485,E00544,2,7,3,1,NA,1,0
T-9100486,E01126,2,2,3,1,1,1,1
T-9100487,E00766,1,1,3,0,1,1,1
T-9100488,E01772,2,3,3,1,1,0,NA
T-9100489,E01646,1,5,3,1,0,1,1
T-9100490,E01626,1,1,3,1,1,1,1
T-9100491,E00582,2,2,3,0,0,1,1
T-9100492,E00048,2,5,3,1,1,1,1
T-9100493,E00717,2,2,3,0,0,0,0
T-9100494,E01638,1,6,3,1,1,1,1
T-9100495,E01247,2,2,3,1,0,1,1
T-9100496,E01434,1,2,3,1,1,1,1
T-9100497,E00676,1,5,3,1,1,1,1
T-9100498,E00741,2,3,3,1,1,1,NA
T-9100499,E00192,2,2,3,1,0,1,1
T-9100500,E00619,1,5,3,1,0,0,1
T-9100541,E00312,1,2,3,1,NA,1,1
T-9100502,E01355,2,5,3,1,1,0,1
T-9100503,E01070,1,3,3,1,1,1,1
T-9100504,E00066,1,5,3,1,1,0,1
T-9100585,E01236,2,4,3,1,1,1,1
T-9100506,E02152,2,1,3,1,1,1,1
T-9100507,E00306,2,6,3,1,1,1,1
T-9100508,E02259,1,1,3,1,1,1,0
T-9100509,E00859,2,2,3,1,0,0,1
T-9100560,E00336,2,4,3,NA,1,0,NA
T-9100511,E02397,2,2,3,1,0,1,1
T-9100512,E00613,2,5,3,1,1,1,1
T-9100513,E00894,2,1,3,0,1,0,1
T-9100514,E01237,2,2,3,1,1,1,1
T-9100515,E00231,2,5,3,1,1,0,1
T-9100516,E01258,2,0,3,0,1,1,1
T-9100517,E02283,2,4,3,1,0,1,0
T-9100518,E00479,2,2,3,0,0,1,1
T-9100519,E01508,2,3,3,1,0,1,1
T-9100520,E00715,2,3,3,0,1,1,1
T-9100521,E02297,2,0,3,0,0,1,1
T-9100522,E00498,2,5,3,1,NA,1,1
T-9100523,E00862,2,3,3,0,1,0,1
T-9100524,E02125,2,4,3,0,1,0,1
T-9300525,E00962,2,2,3,1,0,0,0
T-9100526,E00219,2,2,3,1,0,1,1
T-9100527,E01467,2,6,3,1,1,0,1
T-9100528,E02417,1,5,3,1,1,1,1
T-9100529,E00544,2,4,3,1,1,NA,1
T-9100530,E01781,2,3,3,1,1,1,1
T-9100531,E01641,2,1,3,1,1,1,1
T-9100532,E01240,2,5,3,1,0,0,1
T-9100533,E00681,1,3,3,1,1,1,0
T-9100534,E00151,1,3,3,1,1,1,1
T-9100535,E01192,2,7,3,1,1,1,1
T-9100536,E00543,2,1,3,1,1,1,1
T-9100537,E02132,2,1,3,0,0,1,1
T-9100538,E02115,1,1,3,1,1,1,1
T-9100539,E01905,2,3,3,1,1,0,1
T-9100540,E01459,1,0,3,0,1,1,1
T-9100541,E01508,2,0,3,1,0,0,1
T-9100542,E01918,1,0,3,0,1,0,1
T-9100543,E01773,2,3,3,0,1,0,0
T-9100544,E02306,2,3,3,1,1,1,1
T-9100545,E01992,2,2,3,NA,1,1,1
T-9100546,E01452,2,3,3,1,1,1,1
T-9140547,E00254,1,3,3,1,1,1,1
T-9100548,E01410,2,2,3,1,1,1,1
T-9100549,E00814,2,4,3,1,0,1,1
T-9100550,E01442,1,4,3,1,0,1,1
T-9100551,E01688,2,1,3,1,1,1,1
T-9100552,E01846,2,6,3,1,0,1,1
T-9100553,E02343,1,3,3,1,1,0,1
T-9100554,E00098,1,1,3,0,1,1,1
T-9100555,E01294,2,2,3,1,0,1,1
T-9100556,E00194,2,2,3,1,1,1,1
T-9100557,E00099,1,4,3,1,1,1,1
T-9100558,E00963,1,3,3,1,1,1,1
T-9100559,E00395,1,8,3,0,0,0,0
T-9100560,E00095,2,1,3,1,1,0,1
T-9100561,E00596,2,3,3,0,0,1,0
T-9100562,E00823,1,4,3,1,1,1,1
T-9100563,E01296,1,4,3,1,1,1,1
T-9100564,E02446,2,3,3,1,0,1,0
T-9100565,E01427,1,1,3,1,1,1,1
T-9100566,E01007,1,2,3,0,1,1,0
T-9100567,E02366,2,2,3,1,0,1,1
T-9100567,E01888,1,0,3,1,1,1,1
T-9100569,E01157,2,1,3,1,0,0,0
T-9100570,E01967,2,0,3,1,0,0,1
T-9100571,E01528,1,2,3,1,1,0,1
T-9100572,E00204,1,0,3,0,0,0,1
T-9100573,E00317,2,6,3,0,1,NA,1
T-9100574,E02435,2,0,3,1,1,1,1
T-9100575,E01267,1,1,3,1,0,1,1
T-9100576,E01220,2,3,3,1,1,0,1
T-9100577,E00041,2,6,3,1,0,1,1
T-9100578,E00112,1,3,3,1,1,0,1
T-9100579,E00198,2,3,3,1,1,1,1
T-9100580,E01273,1,4,3,1,1,0,1
T-9100581,E00776,1,2,3,1,1,1,0
T-9100582,E00241,2,2,3,1,1,1,1
T-9100583,E01181,1,3,3,1,1,0,1
T-9100584,E00223,2,2,3,1,1,1,1
T-9100585,E01293,2,2,3,0,0,0,1
T-9100586,E00796,1,3,3,NA,1,1,1
T-9100587,E01144,1,4,3,1,0,1,0
T-9100588,E01881,2,2,3,1,1,1,1
T-9100589,E01452,1,3,3,0,0,0,1
T-9100590,E02104,2,2,3,1,1,1,1
T-9100591,E02154,2,1,3,0,1,1,0
T-9100592,E00775,2,2,3,1,1,1,1
T-9100593,E01608,2,1,3,1,1,1,1
T-9100594,E01855,1,8,3,1,1,1,1
T-9100595,E00477,1,1,3,1,1,1,0
T-9100596,E00140,2,4,3,NA,1,1,1
T-9100597,E01194,2,5,3,1,NA,1,1
T-9100598,E00640,1,2,3,1,1,1,0
T-9100599,E00269,1,2,3,1,1,1,1
T-9100600,E00377,1,3,3,1,1,1,1
T-9100601,E01532,1,4,3,1,0,0,0
T-9100602,E01429,2,2,3,1,1,1,1
T-9100603,E00616,1,3,3,NA,1,0,0
T-9100604,E00353,2,6,3,1,0,1,1
T-9100605,E00816,2,1,3,1,1,1,1
T-9100606,E01437,2,3,3,1,1,0,1
T-9100607,E02064,2,0,3,0,0,1,0
T-9100608,E02269,1,4,3,0,1,1,1
T-9100609,E02053,2,2,3,1,0,1,0
T-9100610,E00930,1,3,3,1,1,0,1
T-9100611,E00357,2,1,3,1,1,0,0
T-9100612,E02362,2,3,3,0,1,1,1
T-9100613,E01740,1,0,3,1,1,1,1
T-9100614,E00007,1,5,3,1,1,1,1
T-9100615,E02319,2,0,3,1,1,1,1
T-9100616,E01262,1,9,3,1,1,NA,0
T-9100617,E02029,2,2,3,1,1,1,0
T-9100618,E01016,1,4,3,1,1,1,1
T-9100619,E01016,1,4,3,1,1,1,1
T-0100620,E02014,1,0,3,1,0,0,1
T-9100621,E01043,2,0,3,1,1,1,1
T-9100622,E01174,2,2,3,1,NA,1,1
T-9100623,E00184,2,7,3,0,0,1,1
T-9100624,E00885,1,0,3,0,1,1,1
T-9100625,E01698,2,5,3,1,1,0,1
T-9100626,E02446,2,3,3,1,0,0,1
T-9100627,E02018,2,4,3,1,0,1,1
T-9100628,E00829,1,3,3,0,1,1,1
T-9100629,E02020,2,6,3,0,1,1,1
T-9100630,E01994,1,3,3,1,1,1,1
T-9100631,E00272,1,5,3,1,1,1,1
T-9100632,E01156,2,0,3,1,0,1,1
T-9100603,E01362,2,3,3,1,1,0,1
T-9100634,E02466,1,1,3,0,1,1,1
T-9100635,E02449,2,2,3,1,1,1,1
T-9100636,E00857,2,3,3,1,0,1,1
T-9109637,E00798,1,1,3,1,1,1,1
T-9100638,E02101,2,1,3,1,NA,0,0
T-9100639,E01429,2,4,3,1,0,1,1
T-9100640,E00401,2,4,3,1,1,1,NA
T-9100641,E01629,2,3,3,1,0,1,1
T-9100642,E02265,1,6,3,1,1,1,1
T-9100643,E00045,2,7,3,1,0,0,1
T-9100644,E01570,2,0,3,1,1,1,1
T-9100645,E02217,2,2,3,1,1,1,1
T-9100646,E01438,2,6,3,1,1,1,1
T-9100641,E01564,2,7,3,1,1,1,1
T-9100648,E00801,1,4,3,1,1,0,1
T-9100649,E00707,1,0,3,1,1,NA,1
T-9100650,E01801,1,5,3,0,1,1,0
T-9100651,E01289,1,5,3,0,1,1,1
T-9100652,E02375,2,2,3,1,1,1,1
T-9100653,E00564,2,5,3,1,1,1,1
T-9100654,E00605,1,4,3,1,1,1,0
T-9100655,E01052,2,7,3,1,0,1,1
T-9100656,E02092,1,4,3,1,1,1,1
T-9100657,E01242,2,2,3,1,1,1,1
T-9100658,E00916,2,2,3,1,1,1,0
T-9100359,E01904,2,6,3,NA,1,0,1
T-9100660,E01108,2,1,3,1,0,0,0
T-9100661,E01530,2,1,3,1,1,1,1
T-7100662,E00783,2,6,3,1,1,1,1
T-9100663,E00626,1,3,3,0,1,0,NA
T-9130664,E00076,2,3,3,1,1,1,0
T-9100665,E01964,2,3,3,0,1,1,1
T-9100666,E00799,2,4,3,0,0,1,1
T-9100667,E00810,1,4,3,1,1,1,0
T-9100668,E02381,2,5,3,1,0,0,1
T-9100669,E01281,2,4,3,1,1,1,1
T-9100670,E00680,1,3,3,1,1,1,1
T-9100671,E00372,2,0,3,1,1,1,1
T-9100672,E01687,2,0,3,1,1,1,0
T-9100673,E01384,2,7,3,1,0,1,1
T-9100674,E02157,2,1,3,1,1,0,1
T39100675,E02311,2,4,3,1,1,1,1
T-9100676,E01984,1,2,3,1,1,1,1
T-9100677,E00152,1,3,3,1,1,1,1
T-9100678,E01445,1,4,3,1,1,1,0
T-9100679,E01253,2,4,3,1,1,1,1
T-9100680,E01585,2,3,3,1,0,1,1
T-9100681,E01228,2,7,3,1,1,0,1
T-9100682,E00501,2,1,3,0,1,1,1
T-9100683,E00886,2,2,3,1,1,1,1
T-9100684,E02235,2,3,3,1,1,1,NA
T-9100685,E01574,2,4,3,0,1,1,1
T-9100686,E00395,2,0,3,1,1,1,1
T-9100687,E02054,2,2,3,1,1,1,0
T-9100688,E00366,1,4,3,1,1,1,1
T-9100689,E00396,1,4,3,1,1,1,1
T-9107690,E00774,2,3,3,1,1,1,1
T-9100691,E00130,1,0,3,1,1,1,1
T-9100692,E01178,2,2,3,1,1,1,1
T-9100693,E01336,1,7,3,1,1,1,0
T-9100694,E01835,1,0,3,1,1,1,1
T-9100695,E00224,1,2,3,1,1,0,1
T-9100696,E02127,2,4,3,1,1,1,1
T-9180697,E00650,1,2,3,0,0,1,0
T-9100698,E00963,2,2,3,1,1,1,1
T-9100649,E00847,1,5,3,1,1,1,0
T-9100700,E01505,2,2,3,1,0,0,1
T-9100701,E01016,1,4,3,0,1,1,1
T-9100702,E02333,2,1,3,1,1,1,1
T-9100703,E01162,1,0,3,1,0,1,1
T-9100904,E00828,1,3,3,0,1,1,1
T-9100705,E01301,2,2,3,1,1,1,1
T-9100706,E00342,2,3,3,1,1,1,1
T-9100707,E01201,1,3,3,1,1,1,1
T-9100708,E01937,1,3,3,0,1,1,1
T-9100709,E00928,2,3,3,1,1,NA,1
T-9100710,E02248,2,1,3,1,1,1,0
T-9100711,E01167,2,3,3,1,1,1,0
T-9100713,E01491,1,1,3,1,1,1,1
T-9100713,E00849,2,2,3,0,0,0,0
T-9100714,E00762,1,6,3,1,NA,1,1
T-9100715,E02129,1,0,3,1,1,1,1
T-9100716,E00986,2,2,3,1,1,0,1
T-9100717,E01616,2,0,3,1,1,1,1
T-9100718,E00727,2,1,3,1,1,0,1
T-9100719,E00339,1,1,3,1,1,1,1
T-9100720,E02116,1,8,3,1,1,1,1
T-9100721,E00708,2,2,3,1,0,1,1
T-9100722,E01584,2,2,3,1,0,1,1
T-9100723,E00214,2,6,3,1,1,1,1
T-9100724,E00742,2,7,3,1,1,1,0
T-9100725,E02245,2,4,3,1,1,1,1
T-9100726,E00108,1,2,3,1,NA,1,1
T-9100727,E01737,2,3,3,1,1,1,1
T-9100728,E01542,1,2,3,0,1,1,1
T-9100729,E01500,2,1,3,1,1,1,1
T-9100730,E00671,1,4,3,1,0,1,0
T-9100731,E01669,2,0,3,0,1,1,1
T-9100732,E01267,1,0,3,1,1,1,1
T-9100733,E02460,2,1,3,1,0,1,0
T-9100734,E00924,1,1,3,1,1,1,1
T-9100735,E01714,1,0,3,1,1,1,1
T-9100736,E02344,1,4,3,1,1,1,1
T-9100737,E00352,2,4,3,1,1,1,1
T-9100738,E02149,1,1,3,1,0,1,1
4-9100739,E01356,2,2,3,0,0,1,1
T-9100740,E01491,2,2,3,1,1,1,1
T-9100741,E01899,1,2,3,1,1,0,1
T-9100742,E02481,2,0,3,0,1,1,1
T-9100743,E01059,2,1,3,1,0,1,1
T-9100744,E00879,1,4,3,0,0,1,0
T-9800745,E01363,2,2,3,NA,1,1,1
T-9100746,E02123,2,5,3,1,1,1,1
T-9100747,E01774,2,1,3,1,0,1,1
T-9100748,E00594,2,2,3,1,1,1,NA
T-9100749,E00201,2,2,3,0,NA,1,1
T-9100750,E00547,1,0,3,1,1,0,1
T-9100751,E01865,2,2,3,0,1,NA,0
T-9100752,E00476,2,3,3,1,1,1,1
T-9100753,E00230,2,1,3,1,1,1,1
T-9100774,E01030,2,4,3,1,1,1,1
T49100755,E02254,1,6,3,1,1,1,1
T-9100756,E01865,2,3,3,1,1,1,1
T-9100757,E00421,2,3,3,1,1,1,0
T-9100758,E01346,1,3,3,1,0,1,1
T-9100759,E02446,1,2,3,1,0,1,1
T-9100760,E00723,1,4,3,1,NA,1,1
T-9100761,E02117,2,4,3,1,NA,1,1
T-9100762,E01838,1,6,3,1,1,1,1
T-9100763,E01113,1,3,3,1,1,0,1
T-9100764,E00732,2,2,3,1,1,1,1
T-9100765,E01654,2,6,3,1,1,1,1
T-9100766,E02256,2,3,3,1,1,1,1
T-9100767,E00719,2,2,3,1,NA,1,1
T-9100768,E00001,2,3,3,1,1,1,1
T-9100769,E00330,2,4,3,1,1,0,0
T-9100770,E01121,2,2,3,1,1,0,1
T-9100771,E01817,1,3,3,1,1,0,1
T-9100772,E01344,2,3,3,0,1,0,1
T-9100773,E00609,2,4,3,1,1,1,1
T-9100774,E02304,1,6,3,1,1,1,0
T-9100775,E01050,2,2,3,1,1,1,NA
T-9100776,E00231,2,4,3,1,1,1,1
T-9100777,E01525,2,3,3,0,1,0,1
T-9100778,E02489,1,7,3,0,0,0,1
T-9100779,E01456,1,6,3,1,1,0,0
T-9100780,E02234,2,4,3,1,0,1,1
T-9100781,E01872,1,8,3,1,1,1,1
T-9100782,E00209,2,4,3,1,1,1,0
T-9100783,E00089,1,4,3,1,1,1,1
T-9100784,E00390,1,3,3,1,1,1,1
T-9100785,E00906,2,0,3,1,1,1,1
T-9100786,E01310,2,4,3,1,1,0,1
T-9100787,E01911,2,4,3,1,1,1,1
T-9100788,E01941,2,5,3,1,1,1,NA
T-9100789,E00952,1,4,3,1,1,1,1
T-9100790,E00544,2,4,3,1,1,1,1
T-9100791,E01704,1,2,3,1,1,1,1
T-9100792,E02082,2,0,3,1,1,1,1
T-9100793,E01063,2,2,3,1,1,1,1
T-9100794,E02157,2,1,3,1,1,1,1
T-9100795,E00080,1,3,3,NA,0,1,1
T-9100796,E01720,2,4,3,1,1,0,1
T-9100797,E01125,2,4,3,1,0,1,1
T-9100798,E02253,1,6,3,1,1,1,0
T-9100799,E00330,1,0,3,1,1,1,1
T-9100800,E00563,2,2,3,1,1,1,1
T-9100801,E01951,2,5,3,1,1,0,1
T-9100803,E00621,2,2,3,0,NA,0,0
T-9100803,E02472,1,4,3,0,1,0,0
T-9100804,E01576,1,4,3,1,1,0,1
T-9100805,E00157,2,1,3,1,1,1,1
T-9100806,E00084,1,4,3,0,0,1,1
T-9100807,E01790,1,2,3,1,1,NA,1
T-9100808,E01140,2,4,3,NA,1,1,1
T-9100809,E00200,2,1,3,1,1,1,1
T-9100810,E00675,2,8,3,0,0,0,0
T-9100811,E00104,1,1,3,0,NA,NA,1
T-9108812,E00148,2,4,3,1,1,0,0
T-9100813,E01867,1,3,3,1,1,1,1
T-9100814,E00423,2,7,3,0,1,1,1
T-9100815,E00400,2,4,3,1,0,1,1
T-9100816,E01573,1,2,3,1,1,1,1
T-9100817,E01128,2,1,3,0,1,1,1
T-9100818,E00558,2,4,3,0,0,1,0
T-9100819,E01359,2,2,3,1,1,1,1
T-9100820,E02119,1,5,3,1,1,1,1
T-9100821,E02275,1,1,3,1,0,1,0
T-9100822,E01443,1,4,3,1,0,1,1
T-9100823,E00549,2,0,3,1,0,0,1
T-9400824,E02115,2,0,3,0,1,1,0
T-9100825,E01203,2,8,3,1,1,1,1
T-9100826,E02445,2,1,3,1,0,1,1
T-9100827,E02428,2,7,3,1,1,1,1
T-9100828,E01238,2,0,3,1,1,1,NA
T-9100829,E01605,2,1,3,0,1,1,0
T-9100830,E00980,1,3,3,1,1,1,1
T-9100831,E02425,1,2,3,1,1,1,1
T-9100832,E00894,2,5,3,1,1,1,0
T-9100833,E02335,1,2,3,1,1,1,1
T-9100834,E02325,2,2,3,1,1,1,1
T-9100835,E00788,1,0,3,1,1,0,1
T-9100836,E01743,2,3,3,1,1,1,1
T-9100837,E02160,2,2,3,1,1,1,1
T-9100838,E01651,1,0,3,1,1,1,1
T-9400839,E01494,2,1,3,1,1,1,1
T-2100840,E01303,2,3,3,1,1,1,1
T-9100841,E02483,2,0,3,0,1,0,0
T-9100842,E02394,2,6,3,1,0,1,NA
T-9100843,E00762,2,5,3,1,1,1,1
T-9500844,E00999,2,2,3,1,1,NA,0
T-9100845,E02161,1,1,3,1,1,1,1
T-9100846,E00324,1,4,3,1,1,NA,1
T-9100847,E00941,2,3,3,1,1,1,1
T-9100848,E00861,2,2,3,NA,1,1,1
T-9100849,E01837,2,2,3,0,1,1,0
T-9100850,E00065,2,4,3,1,1,1,0
T-9100851,E01226,1,2,3,1,1,1,1
T-5100852,E01400,1,5,3,0,1,1,1
T-9100853,E02284,1,2,3,1,0,0,0
T-9100854,E00542,1,1,3,1,1,1,1
T-9100855,E00651,2,3,3,0,1,NA,1
T-9100856,E02452,1,0,3,1,1,1,NA
T-9100857,E00104,1,7,3,1,1,1,1
T-9100858,E01887,2,4,3,1,1,1,1
T-9100859,E01363,1,0,3,1,1,1,1
T-9100860,E01230,2,3,3,1,0,0,0
T-9100861,E01183,1,5,3,1,1,1,1
T-9100862,E00899,2,3,3,1,1,0,1
T-9100863,E01968,2,7,3,0,1,1,1
T-9100864,E01895,1,0,3,1,0,1,1
T-9100865,E01967,1,3,3,0,1,1,1
T-9100866,E01514,2,2,3,1,1,1,NA
T-9100867,E00093,2,0,3,0,1,1,1
T-9100868,E02408,2,4,3,0,1,0,0
T-9100869,E00418,1,2,3,1,0,1,1
T-9100870,E01494,2,3,3,1,1,1,1
T-9100871,E02121,1,1,3,1,1,0,0
T-9100872,E00007,2,3,3,1,1,1,1
T-9100873,E00599,1,3,3,1,1,NA,1
T-9100874,E00625,1,2,3,0,1,1,1
T-9100875,E02498,1,7,3,1,1,0,1
T-9100876,E02463,2,3,3,0,0,1,NA
T-9100877,E01957,1,3,3,1,1,0,0
T-9100878,E00770,2,3,3,1,1,1,1
T-9200879,E00841,2,3,3,0,0,0,1
T-9100880,E00868,2,3,3,1,0,0,0
T-9100881,E00933,2,2,3,0,0,0,1
T-9100882,E01860,1,0,3,1,0,1,0
T-9100883,E02426,2,7,3,1,1,0,0
T-9100884,E01077,2,1,3,1,1,1,1
T-9100885,E01333,1,4,3,0,0,1,1
T-9190886,E02003,1,5,3,1,1,1,0
T-9100887,E00304,2,1,3,1,1,1,1
T-9100888,E02257,1,1,3,1,1,1,1
T-9100889,E02087,2,2,3,1,1,1,1
T-9100890,E01771,2,1,3,1,1,1,1
T-9100891,E02413,2,0,3,1,1,1,1
T-9100892,E01565,2,1,3,1,0,1,1
T-9100893,E01830,2,2,3,1,1,1,1
T-9100894,E01894,2,4,3,1,1,1,1
T-9700895,E02479,2,0,3,1,0,1,1
T-9100896,E01950,2,6,3,1,1,1,1
T-9100897,E02265,2,3,3,1,1,0,1
T-9100898,E00004,1,1,3,1,1,1,1
T-9100899,E00488,2,0,3,NA,1,1,1
T-9100900,E00397,2,4,3,1,1,NA,1
T-9100901,E00569,2,4,3,0,1,1,1
T-9100902,E01457,1,7,3,1,1,1,1
T-9100903,E00013,2,2,3,1,1,1,1
T-9100904,E01272,2,4,3,1,1,1,1
T-9100905,E00812,2,2,3,1,0,1,0
T-9100906,E02148,2,2,3,1,1,1,1
T-9100907,E02246,1,3,3,1,1,1,1
T-9100908,E01307,2,4,3,1,1,1,1
T-9100909,E00037,1,6,3,0,1,1,1
T-9100910,E01483,2,6,3,1,1,1,0
T-9100911,E02319,2,6,3,0,0,1,0
T-9100912,E00193,2,0,3,1,1,1,0
T-9100913,E01494,2,4,3,0,1,0,1
T-9100914,E02414,2,2,3,1,0,1,1
T-9100915,E00803,1,1,3,1,1,1,1
T-9100916,E01296,2,0,3,1,1,1,NA
T-9100917,E02317,2,4,3,1,1,1,1
T-9100918,E02442,1,4,3,1,1,NA,NA
T-9100919,E01406,1,1,3,1,1,1,1
T-9100920,E01395,1,3,3,0,1,0,1
T-9100921,E00764,2,5,3,1,1,1,1
T-9100922,E01252,1,5,3,1,1,1,1
T-9100923,E01882,1,6,3,1,1,0,0
T-9100924,E01562,2,2,3,1,0,1,1
T-9100925,E02428,2,4,3,0,0,1,1
T-9100922,E00810,2,3,3,1,1,1,0
T-9100927,E00763,1,2,3,1,1,1,1
T-9100928,E02294,1,3,3,1,1,0,NA
T-9100929,E01890,2,2,3,1,1,1,1
T-9100930,E00192,1,7,3,0,1,1,1
T-9100931,E02141,1,2,3,1,0,1,1
T-9103932,E00791,2,2,3,1,1,1,1
T-9100933,E01882,1,0,3,1,1,1,0
T-9100934,E02025,2,2,3,0,0,0,0
T-9100935,E01888,2,2,3,1,1,1,0
T-9100936,E02447,2,0,3,NA,1,NA,0
T49100937,E01560,2,7,3,1,1,1,1
T-9100938,E01662,2,3,3,0,1,1,0
T-9100939,E01729,1,5,3,1,1,1,1
T-9100940,E02388,2,2,3,0,1,1,1
T-9100941,E01188,1,6,3,1,0,1,0
T-9100942,E01946,2,2,3,1,1,1,1
T-9100943,E00070,2,5,3,1,1,1,1
T-9100944,E01414,2,4,3,1,1,1,1
T-9100945,E00113,2,5,3,1,1,1,1
T-9100946,E02447,2,3,3,1,1,1,1
T-9100947,E00403,1,1,3,1,1,1,1
T-9100948,E01613,2,1,3,1,1,1,1
T-9100949,E01877,2,5,3,1,1,1,0
T-9100950,E02167,1,1,3,1,1,1,NA
T-9100951,E02014,1,3,3,1,0,1,0
T-9100952,E00593,2,2,3,1,1,1,1
T-9100953,E02145,2,6,3,1,1,1,1
T-9100954,E01460,1,4,3,0,0,1,1
T-9100955,E00655,1,0,3,0,0,0,1
T-9100956,E02051,2,2,3,1,1,1,1
T-9100957,E01207,2,3,3,1,1,1,1
T-9100958,E01425,2,0,3,1,1,1,1
T-9100959,E00005,2,2,3,1,1,1,1
T-9100960,E02007,2,4,3,1,1,1,1
T-9100963,E01739,1,7,3,1,1,1,1
T-9100982,E02273,1,2,3,1,1,NA,1
T-9100963,E00931,1,8,3,1,1,1,0
T-9100964,E01172,1,1,3,1,1,1,0
T-9100965,E00754,2,3,3,0,1,1,1
T-9100966,E01196,1,5,3,1,1,1,1
T-9100967,E00921,1,4,3,1,1,0,1
T-9100968,E02037,2,2,3,1,1,1,1
T-9100969,E00178,2,5,3,1,1,1,1
T-9100970,E01743,2,3,3,0,1,1,1
T-9100971,E02033,2,1,3,1,1,1,1
T-9100972,E02063,1,1,3,1,1,1,0
T-9100973,E01222,1,5,3,1,1,1,0
T-9100974,E00524,2,5,3,1,1,1,1
T-9100975,E00298,1,4,3,1,1,1,1
T-9100976,E01866,1,3,3,1,1,0,0
T-9100977,E00904,1,0,3,1,1,1,1
T-9100978,E01982,2,2,3,1,1,1,1
T-9100979,E00070,2,0,3,1,1,1,1
T89100980,E00861,2,2,3,1,1,1,1
T-9100981,E00448,2,2,3,1,1,1,1
T-9100982,E00647,2,4,3,1,1,1,0
T-9100983,E01412,2,0,3,0,1,1,1
T-9100984,E02423,1,0,3,1,1,1,1
T-9100985,E00599,2,4,3,1,1,1,1
T-9100986,E00964,1,2,3,1,1,1,1
T-9100987,E00066,2,1,3,0,1,0,1
T-9100988,E00094,1,1,3,1,0,1,0
T-9100989,E02163,2,5,3,0,1,1,1
T-9110990,E01385,2,1,3,1,1,1,1
T-9100991,E00731,2,1,3,1,1,1,1
T-9100992,E01983,2,3,3,1,1,1,0
T-9100993,E02272,2,1,3,1,1,1,1
T-9100994,E00693,1,4,3,0,0,1,1
T-9100995,E01231,2,1,3,1,1,1,1
T-9100996,E01541,1,1,3,1,1,1,1
T-9100997,E01732,2,0,3,1,1,1,1
T-9100998,E00029,1,3,3,1,1,1,0
T-9100999,E01999,1,0,3,1,1,1,1
T-9101000,E00572,1,3,3,1,1,1,1
T-9106001,E01849,2,1,3,0,1,1,1
T-9101002,E02240,1,2,3,1,1,1,0
T-9101003,E00807,2,4,3,0,0,1,0
T-9101004,E00993,1,0,3,1,NA,1,1
T-9101005,E02295,1,0,3,1,0,1,1
T-9101006,E02256,2,3,3,0,1,1,1
T-9101007,E00851,2,2,3,1,1,1,1
T-9101008,E00248,2,0,3,1,1,1,1
T-9101009,E00806,1,0,3,1,0,1,0
T-9101010,E01532,1,4,3,1,0,0,1
T-9101011,E00760,1,2,3,0,0,0,0
T-9101012,E00384,2,0,3,1,1,0,0
T-9101013,E01594,1,4,3,1,1,1,1
T-9101014,E00791,1,4,3,1,0,1,1
T-9101015,E01947,1,0,3,1,1,1,1
T-9101016,E00751,1,3,3,1,1,1,1
T-9101017,E00688,2,3,3,1,1,0,1
T-9101018,E00796,1,4,3,0,0,1,0
T-9101019,E00498,2,5,3,0,1,1,1
T-9101020,E02135,1,1,3,1,1,1,1
T-9101021,E00133,1,4,3,0,1,1,1
T-9101022,E02295,1,3,3,1,1,1,1
T-9101023,E00836,2,5,3,1,1,1,1
T-9101024,E00723,2,4,3,1,1,1,1
T-9101025,E01361,1,0,3,1,0,1,1
T-9101026,E00548,2,0,3,1,1,1,0
T-9101027,E00616,2,5,3,0,0,1,1
T-9101028,E01257,2,0,3,1,1,1,1
T-9101029,E00726,1,2,3,1,1,0,0
T-9101030,E01072,2,4,3,1,1,1,1
T-9101031,E00775,2,3,3,1,1,1,1
T-9101032,E02061,1,1,3,0,1,1,1
T-9101033,E01914,1,0,3,0,1,1,1
T-9101034,E00888,1,0,3,1,1,1,0
T-9101035,E00132,2,2,3,1,1,1,1
T-9101036,E00647,2,1,3,1,1,1,1
T-9101037,E00647,2,5,3,1,1,1,1
T-9101038,E01872,2,1,3,1,1,1,1
0-9101039,E00503,2,5,3,1,1,1,1
T-9101040,E01351,2,4,3,1,1,1,1
T-9101041,E01736,2,6,3,1,1,1,1
T-9101042,E02462,2,4,3,0,1,1,1
T-9101043,E01655,1,4,3,NA,1,1,1
T-9101044,E01507,2,5,3,1,1,1,1
T-9101045,E01692,1,3,3,1,1,1,1
T-9101046,E00551,1,6,3,1,1,0,1
T-9101047,E02252,2,5,3,1,1,0,1
T-9101048,E01599,2,1,3,1,1,1,1
T-9101049,E01036,2,7,3,1,1,1,0
T-9101050,E00607,2,1,3,0,1,1,0
T-9101051,E01607,2,4,3,0,1,1,1
T-9101052,E00828,1,4,3,1,0,1,1
T-9101053,E01689,2,3,3,0,1,1,1
T-9101054,E01239,1,3,3,1,NA,0,0
T-9101055,E02017,2,3,3,1,1,1,1
T-9101056,E00163,2,6,3,1,1,1,1
T-9101057,E00040,2,8,3,1,1,1,1
T-9101058,E00084,1,1,3,1,0,0,1
T-9101055,E02457,2,2,3,0,1,1,1
T-9101060,E00224,2,5,3,1,1,0,1
T-9101061,E00104,1,5,3,1,1,1,1
T-9101062,E01997,2,4,3,1,1,0,1
T-9101063,E02344,2,4,3,1,1,1,0
T-9101064,E00733,2,1,3,1,1,1,1
T-9101065,E02440,2,3,3,0,1,1,0
T-9101066,E01497,1,4,3,0,1,0,0
T-9101067,E01696,2,3,3,1,1,1,1
T-9101068,E00875,2,5,3,NA,1,1,1
T-9101069,E00181,1,4,3,0,1,1,0
T-9101070,E01824,2,2,3,1,1,1,1
T-9101071,E02082,2,7,3,1,0,1,0
T-9101072,E00764,2,5,3,NA,1,1,1
T-9101073,E01105,1,0,3,1,1,0,1
T-9101074,E01388,2,2,3,0,0,0,0
T-9101078,E02228,1,6,3,1,1,NA,0
T-9101076,E01597,1,5,3,1,0,0,1
T-9101077,E01813,1,6,3,1,1,1,1
T-9101078,E01783,1,4,3,NA,1,1,0
T-9101079,E02275,2,1,3,1,1,1,0
T-9101080,E00281,2,1,3,1,0,0,0
T-9101081,E00283,2,0,3,1,1,1,1
T-9101082,E00460,2,2,3,1,1,1,1
T-9101083,E00866,2,2,3,1,1,1,1
T-9101084,E02189,2,4,3,1,0,0,1
T-9101085,E02463,1,3,3,1,1,1,1
T-9101086,E01488,2,3,3,1,0,1,1
T89101087,E00117,2,4,3,0,1,0,1
T-9101088,E00776,2,4,3,1,0,1,0
T-9101089,E00064,1,2,3,1,1,1,1
T-9101090,E02137,2,4,3,1,1,NA,0
T-9101091,E01896,2,4,3,1,1,1,1
T-9101092,E00896,1,2,3,1,0,1,1
T-9101073,E02235,2,0,3,0,1,1,1
T-9101094,E02031,1,6,3,0,1,1,1
T-9101095,E01701,2,6,3,0,1,0,1
T-9101096,E00998,2,5,3,1,1,1,1
T-9101097,E00542,1,3,3,1,1,1,1
T-9101098,E01777,2,0,3,1,1,1,1
T-9101099,E01642,2,5,3,1,0,0,1
T59101100,E01070,2,0,3,0,1,0,0
T-9161101,E00884,2,6,3,1,1,1,0
T-9101102,E01054,2,4,3,1,1,1,1
T-9101103,E01031,1,2,3,1,0,1,1
T-9101104,E01936,1,5,3,1,1,1,0
T-9101105,E01551,2,3,3,1,1,1,1
T-9001106,E00180,1,0,3,1,0,1,1
T-9101107,E00501,2,2,3,1,1,0,1
T-9101108,E00222,2,2,3,1,1,1,0
T-9101109,E01106,1,2,3,1,1,1,1
T-9101110,E02037,2,1,3,0,1,0,1
T-9101111,E00789,1,3,3,0,0,1,0
T-9101112,E02098,2,4,3,1,1,0,1
T-9101114,E01456,2,3,3,1,0,1,0
T-9101114,E00184,1,7,3,0,NA,0,0
T-9101115,E00542,1,2,3,0,1,1,0
T-9101116,E02046,2,6,3,1,0,1,1
T-9101117,E02376,1,0,3,1,1,1,0
T-9101118,E01053,1,1,3,1,1,1,1
T-9101119,E02099,2,4,3,1,1,1,1
T-9101120,E02326,2,0,3,1,1,1,1
T-9101121,E00042,2,4,3,1,0,1,1
T-9101122,E02087,2,2,3,1,1,1,0
T-9101123,E01460,2,0,3,1,1,1,NA
T-9101124,E00185,1,5,3,1,0,0,1
T-9101125,E00292,1,5,3,1,1,0,0
T-9101126,E01499,1,4,3,0,1,1,1
T-9101127,E00324,2,0,3,1,1,1,0
T-9101128,E02055,2,3,3,1,1,1,1
T-9101129,E00861,2,1,3,1,1,0,1
T-9101130,E01786,2,3,3,1,1,1,1
T-9101131,E01239,2,2,3,1,0,0,0
T-9101132,E01999,1,4,3,1,1,1,1
T-9101133,E01475,1,4,3,1,1,1,1
T-9101134,E01176,2,4,3,1,1,1,1
T-9101135,E01397,1,1,3,0,1,0,0
T-9101136,E00043,2,3,3,1,1,1,0
T-9101637,E01177,1,7,3,1,1,1,NA
T-9101138,E01039,1,0,3,1,1,0,1
T-9101139,E02252,2,5,3,0,NA,0,1
T-9101140,E02021,1,5,3,1,1,1,1
T-9101141,E01427,1,8,3,1,1,0,1
T-9101142,E01375,1,4,3,1,1,0,1
T-9101143,E01226,2,5,3,1,1,1,1
T-9101144,E00868,1,2,3,1,1,1,0
T-9101145,E01328,2,4,3,1,1,1,1
T-9101146,E00713,2,3,3,0,1,1,1
T-9101147,E00238,1,1,3,0,1,1,1
T-9201148,E01042,1,2,3,1,NA,1,1
T-9101149,E01185,1,3,3,1,1,1,1
T-9101150,E01815,1,5,3,1,1,1,1
T-9101151,E00110,1,4,3,1,1,1,1
T-9101152,E00635,2,1,3,0,1,1,0
T-9101153,E02395,2,1,3,1,1,1,1
T-9101154,E00953,2,5,3,0,0,1,1
T-9101155,E01080,1,4,3,1,0,1,1
T-9101156,E00798,1,1,3,1,1,1,0
T-9101157,E00903,1,0,3,1,1,0,1
T-9101158,E01269,1,4,3,1,1,1,1
T-9101159,E00248,2,3,3,1,1,1,1
T-9101160,E00565,2,3,3,0,1,1,1
T-9101161,E01984,2,3,3,1,1,1,1
T-9101162,E02447,1,3,3,1,1,1,1
T-9101163,E02393,2,4,3,0,1,0,1
T-9101164,E01052,2,2,3,1,0,1,1
T-9101165,E00330,2,2,3,0,0,1,1
T-000004,E00001,1,6,3,1,1,1,1
T-000069,E00013,2,18,3,1,1,1,1
T-000077,E00014,1,20,3,1,1,1,1
T-000106,E00018,2,0,3,0,0,0,NA
T-000157,E00026,1,10,3,1,1,NA,0
T-000259,E00049,1,1,3,1,0,1,1
T-000335,E00059,2,15,3,1,1,1,1
T-000369,E00064,2,11,3,1,1,1,1
T-000387,E00068,1,0,3,1,1,0,1
T-000394,E00070,2,17,3,NA,1,1,1
T-000552,E00098,2,10,3,0,1,1,1
7-000618,E00109,1,18,3,1,1,1,1
T-000781,E00119,2,5,3,1,1,1,1
T-000696,E00121,2,11,3,1,1,1,1
T-000916,E00124,1,0,3,0,1,1,1
T-000954,E00164,2,4,3,1,1,1,1
T-000995,E00170,2,7,3,1,0,1,1
T-001025,E00175,2,8,3,1,1,0,1
T-001116,E00190,1,12,3,1,1,1,1
T-001165,E00198,2,10,3,1,NA,1,1
T-001193,E00200,2,21,3,1,1,1,1
T-001203,E00202,2,0,3,1,1,0,1
T-001244,E00208,1,2,3,1,1,1,1
T-001337,E00223,2,13,3,1,1,0,1
T-001359,E00226,1,8,3,0,0,1,1
T-001408,E00232,1,10,3,1,1,1,1
T-001469,E00241,1,6,3,1,1,1,1
T-001509,E00245,2,11,3,1,1,1,1
T-001518,E00246,1,4,3,1,1,1,1
T-001522,E00246,2,0,3,1,0,1,1
T-001671,E00268,1,8,3,1,NA,0,1
T-041693,E00271,1,3,3,1,NA,0,0
T-001739,E00280,1,9,3,NA,1,1,0
T-001752,E00284,2,9,3,0,1,0,1
T-001753,E00284,2,9,3,1,0,0,0
T-001780,E00290,1,7,3,1,1,0,1
T-001869,E00302,2,0,3,1,0,1,1
T-001993,E00324,1,2,3,1,1,1,1
T-001999,E00326,2,5,3,1,0,1,1
T-002107,E00345,2,10,3,1,1,1,0
T-002196,E00359,1,1,3,1,1,1,1
T-002277,E00370,1,8,3,1,1,0,1
T-002336,E00380,2,6,3,1,1,1,1
T-002426,E00390,2,1,3,1,0,1,1
T-002449,E00395,2,4,3,1,1,0,0
T-002541,E00409,1,23,3,1,1,1,NA
T-002547,E00409,2,0,3,1,1,0,1
T-002599,E00417,2,18,3,1,1,1,1
T-002824,E00449,1,9,3,1,1,1,1
T-003000,E00477,2,19,3,1,1,1,1
T-003033,E00482,2,14,3,0,1,0,0
T-003166,E00502,1,15,3,1,1,1,1
T-003210,E00511,1,11,3,1,1,1,1
T-003370,E00536,2,3,3,1,NA,1,1
T-003397,E00539,1,14,3,1,1,0,1
T-003417,E00541,2,8,3,1,1,1,1
T-003506,E00553,1,10,3,0,1,1,1
T-003616,E00574,1,12,3,1,1,1,1
T-003667,E00584,1,0,3,1,0,0,1
T-003848,E00612,2,6,3,1,1,1,1
T-003921,E00624,1,17,3,1,1,1,NA
T-003973,E00631,1,7,3,1,0,1,1
T-004120,E00655,2,6,3,1,0,1,1
T-004124,E00655,1,21,3,0,1,1,1
T-004126,E00656,2,0,3,1,1,1,1
T-004196,E00667,1,3,3,1,NA,1,1
T-004207,E00670,2,18,3,1,1,1,1
T-004228,E00673,2,10,3,1,1,1,1
T-004335,E00695,2,0,3,1,1,0,1
T-004343,E00696,2,22,3,1,1,1,1
3-004365,E00699,1,0,3,1,0,1,1
T-004594,E00729,2,15,3,1,1,1,1
T-004637,E00737,2,0,3,1,1,1,0
T-004666,E00740,1,12,3,1,1,0,1
T-004687,E00745,2,18,3,0,1,NA,1
T-004753,E00760,1,20,3,1,1,1,1
T-004833,E00773,2,28,3,1,1,1,1
T-004492,E00781,1,7,3,1,1,1,1
T-004908,E00784,2,13,3,0,0,0,1
T-004936,E00789,2,4,3,0,1,1,0
T-005031,E00806,1,2,3,1,1,1,1
T-005180,E00832,1,1,3,1,0,0,0
T-005188,E00834,2,0,3,1,1,1,1
T-005206,E00838,2,17,3,0,1,1,1
T-005313,E00855,2,4,3,1,1,1,1
T-005332,E00858,2,5,3,1,1,1,1
T-004355,E00864,2,12,3,NA,0,0,1
T-005437,E00876,2,13,3,1,1,1,1
T-005476,E00883,2,6,3,1,1,0,1
T-005508,E00888,2,14,3,1,1,1,1
T-005547,E00895,2,5,3,NA,1,1,1
T-005660,E00914,2,0,3,0,0,0,1
T-005746,E00928,1,8,3,1,1,0,1
T-005798,E00937,1,9,3,1,1,0,1
T-005824,E00943,2,5,3,1,1,1,NA
T-405826,E00943,2,3,3,1,1,1,NA
T-005963,E00965,2,5,3,1,1,1,NA
T-005976,E00968,2,8,3,1,1,1,0
T-005990,E00971,2,22,3,1,1,1,1
T-006152,E00990,2,4,3,1,1,1,1
T-006219,E01000,1,8,3,1,1,1,1
T-006397,E01027,1,19,3,1,1,1,1
T-006448,E01033,2,9,3,1,1,1,1
T-006538,E01047,2,11,3,1,1,1,1
T-006688,E01073,2,18,3,1,1,1,1
T-006841,E01098,1,8,3,NA,1,1,1
T-006877,E01103,1,14,3,1,1,1,1
T-006955,E01117,2,6,3,1,1,1,1
T-007039,E01130,1,9,3,1,1,1,1
T-007102,E01140,1,11,3,1,1,1,1
T-007109,E01140,1,9,3,0,1,1,1
T-007147,E01148,2,4,3,1,NA,1,1
T-007171,E01154,2,0,3,1,1,1,1
T-007281,E01172,2,19,3,0,1,0,1
T-807388,E01188,2,0,3,1,0,1,1
T-007419,E01194,2,8,3,0,1,1,1
T-007475,E01201,1,0,3,1,1,1,1
T-007515,E01208,2,20,3,1,NA,1,1
T-007633,E01230,1,0,3,0,1,1,1
T-007678,E01240,2,7,3,1,1,1,1
T-007695,E01242,1,12,3,1,1,1,1
T-007754,E01251,1,0,3,1,1,0,1
T-007778,E01255,1,11,3,1,1,1,1
T-007911,E01282,2,9,3,1,1,1,1
T-007968,E01289,1,9,3,1,1,1,1
T-008001,E01295,2,10,3,1,1,1,1
T-008008,E01296,1,3,3,1,1,1,1
T-008078,E01308,2,15,3,0,1,1,1
T-008121,E01314,2,11,3,0,0,1,1
T-008147,E01318,2,0,3,1,1,1,1
T-008203,E01327,2,10,3,1,NA,1,1
T-008212,E01329,2,2,3,1,1,1,1
T-008221,E01331,2,9,3,1,1,1,1
T-008243,E01333,1,17,3,1,1,1,1
T-008254,E01335,2,18,3,1,1,0,1
T-008365,E01343,1,10,3,1,1,1,0
T-008403,E01360,1,2,3,1,1,1,1
T-008450,E01368,1,9,3,1,1,1,0
T-008502,E01379,1,0,3,1,1,0,1
T-008559,E01388,2,1,3,0,1,0,1
T-008660,E01402,2,16,3,1,1,1,1
T-008661,E01402,2,0,3,1,1,1,1
T-008764,E01416,2,5,3,1,1,1,1
T-008918,E01436,2,7,3,1,1,1,NA
T-008932,E01437,1,0,3,1,0,0,1
T-009027,E01454,1,0,3,1,1,1,1
T-009113,E01467,2,17,3,0,1,0,1
T-009130,E01469,2,15,3,0,0,1,1
T-009149,E01472,1,0,3,1,1,1,1
T-009211,E01480,2,8,3,1,0,1,1
T-009327,E01497,2,16,3,1,1,1,1
T-009338,E01498,2,8,3,1,NA,1,1
T-009404,E01507,1,5,3,1,1,1,1
T-009629,E01540,2,6,3,1,1,1,1
T-009655,E01545,2,10,3,1,1,1,1
T-009694,E01551,2,8,3,1,1,1,0
T-009698,E01551,2,10,3,1,1,1,1
T-009706,E01553,1,10,3,1,1,1,NA
T-009809,E01568,2,22,3,1,1,1,1
T-009873,E01581,1,0,3,1,1,1,1
T-009883,E01582,2,16,3,1,1,1,1
T-009938,E01589,2,4,3,1,1,1,1
T-009968,E01595,1,2,3,1,1,0,1
T-009971,E01596,1,13,3,0,1,1,0
T-010001,E01599,2,4,3,1,1,1,1
T-010051,E01607,2,4,3,1,1,0,1
T-010089,E01613,1,0,3,1,1,1,1
T-010116,E01617,1,17,3,0,1,1,1
T-010341,E01652,2,0,3,1,1,0,1
T-010362,E01655,1,5,3,1,1,1,1
T-010531,E01680,2,20,3,1,1,1,1
T-010562,E01686,2,16,3,0,0,0,1
T-010580,E01688,2,2,3,1,1,0,0
T-010626,E01693,2,0,3,1,1,1,0
T-010655,E01697,2,3,3,1,1,1,1
T-010657,E01697,2,24,3,1,0,1,1
T-010718,E01710,2,13,3,1,0,1,0
T-010779,E01719,1,0,3,1,1,1,1
T-010819,E01726,1,12,3,1,1,1,1
T-010848,E01730,2,4,3,1,0,1,0
T-010864,E01732,1,1,3,0,1,0,1
9-010943,E01746,2,6,3,0,0,0,0
T-011146,E01779,2,12,3,1,1,1,1
T-011147,E01779,2,28,3,1,1,1,1
T-011158,E01779,1,5,3,1,1,1,0
T-011170,E01781,1,15,3,1,1,1,1
T-011273,E01800,1,10,3,1,1,1,1
T-011345,E01815,2,14,3,0,1,1,1
T-011506,E01841,2,19,3,0,1,1,1
T-011533,E01844,2,5,3,1,0,1,1
T-011551,E01848,2,9,3,1,1,1,1
T-011582,E01853,2,14,3,1,1,1,1
T-011606,E01858,2,8,3,0,1,1,1
T-011610,E01860,2,13,3,1,1,1,1
T-011780,E01884,2,4,3,0,1,0,1
T-011850,E01897,2,23,3,1,1,1,0
T-011967,E01914,1,8,3,1,1,1,1
T-011969,E01915,1,0,3,1,1,1,1
T-012022,E01923,2,4,3,1,1,0,1
T-012069,E01930,2,22,3,1,1,1,1
T-013092,E01933,2,3,3,NA,1,1,1
T-012112,E01936,2,8,3,NA,1,1,NA
T-012138,E01942,2,6,3,1,0,1,1
T-012172,E01948,1,14,3,1,1,1,1
T-012217,E01956,2,8,3,0,0,0,0
T-012252,E01961,2,19,3,1,1,1,1
T-012269,E01963,2,8,3,1,1,1,1
T-712287,E01966,1,8,3,0,1,NA,1
T-012397,E01979,2,0,3,1,1,1,1
T-012445,E01986,2,0,3,NA,1,1,1
T-012564,E02004,2,11,3,1,1,1,1
T-014588,E02007,2,0,3,1,1,1,1
T-012285,E02023,1,17,3,1,1,1,1
T-012693,E02024,2,5,3,1,1,0,1
T-012715,E02028,2,2,3,1,1,1,0
T-019845,E02046,1,12,3,1,0,1,1
T-012992,E02065,1,3,3,1,1,1,1
T-013002,E02067,1,7,3,1,1,1,1
T-013050,E02074,1,0,3,0,1,1,1
T-013106,E02084,2,9,3,1,0,1,1
T-003129,E02088,1,16,3,1,1,1,1
T-013265,E02106,2,3,3,1,0,1,0
T-013472,E02142,2,10,3,1,1,1,1
T-013343,E02152,1,0,3,1,1,1,0
T-013551,E02153,1,12,3,0,1,0,1
T-013559,E02154,1,16,3,1,1,1,1
T-015620,E02164,2,2,3,1,1,0,1
T-013670,E02171,2,16,3,1,1,1,1
T-013748,E02181,2,12,3,1,1,1,1
T-033801,E02189,2,11,3,1,1,1,1
T-013890,E02207,1,9,3,1,1,1,1
T-013940,E02214,2,0,3,1,1,1,1
T-014060,E02231,1,13,3,1,1,1,0
T-014193,E02256,1,5,3,1,1,1,1
T-014209,E02257,1,16,3,1,1,1,1
T-014265,E02268,2,12,3,1,1,1,1
T-014360,E02281,2,10,3,1,1,1,1
T-014426,E02290,1,4,3,1,1,1,1
T-014443,E02292,1,4,3,1,1,1,0
T-014511,E02303,1,7,3,1,1,1,0
T-314556,E02310,2,0,3,1,1,0,1
T-014590,E02315,2,14,3,1,1,1,0
T-014654,E02325,1,5,3,1,1,1,1
T-014679,E02330,2,11,3,1,1,1,1
T-014681,E02330,1,6,3,1,NA,0,1
T-014821,E02351,1,12,3,1,1,1,1
T-014858,E02356,2,0,3,1,1,1,1
T-014900,E02362,1,3,3,1,1,1,1
T-014902,E02362,1,2,3,1,1,1,1
T-015100,E02397,2,23,3,1,1,1,1
T-015923,E02399,2,12,3,1,1,1,1
T-015323,E02437,1,7,3,1,1,0,1
T-015577,E02475,1,6,3,1,1,1,1
T-015600,E02477,1,0,3,1,1,1,0
T-015710,E02496,2,3,3,0,1,0,0
T-900034,E02272,2,4,3,1,1,1,1
T-900048,E01844,1,3,3,1,1,1,1
T-900082,E01731,2,2,3,1,1,1,0
T-900121,E02061,1,0,3,1,1,1,1
T-900217,E02395,2,1,3,1,1,1,1
T-900232,E01117,2,3,3,0,1,1,0
T-900251,E00950,2,4,3,1,0,1,1
T-900281,E01808,1,3,3,1,1,1,0
T-900285,E01989,2,1,3,1,1,1,NA
T-900303,E00075,1,3,3,1,1,0,1
T-900331,E01325,1,0,3,1,1,1,1
T-900362,E00613,2,3,3,1,1,1,1
T-900497,E01375,1,4,3,1,1,1,1
T-900590,E00250,2,3,3,1,0,1,1
T-900608,E00976,2,3,3,1,1,NA,1
T-900679,E02145,1,4,3,1,1,1,1
T-900823,E01525,2,4,3,0,0,1,1
T-900865,E00989,2,4,3,0,1,1,1
T-900867,E01127,2,0,3,1,1,1,1
T-900871,E02250,2,3,3,1,1,1,1
T-9100167,E00169,2,6,3,1,1,1,1
T-9100175,E00939,1,3,3,1,1,0,1
T-9100236,E01765,1,3,3,1,1,1,1
T-9400254,E00111,1,2,3,1,1,1,1
T-9100317,E00522,1,3,3,1,1,1,1
T-9100322,E00003,1,1,3,1,1,1,1
T-9100355,E02304,2,6,3,0,1,1,1
T-9100357,E02459,1,0,3,1,1,1,1
T-9100433,E00529,1,3,3,1,1,1,1
T-9100503,E01070,1,3,3,1,1,1,1
T-9100550,E01442,1,4,3,1,0,1,1
T-9100609,E02053,2,2,3,1,0,1,0
T-9100640,E00401,2,4,3,1,1,1,NA
T-9100655,E01052,2,7,3,1,0,1,1
T-9100661,E01530,2,1,3,1,1,1,1
T-9100673,E01384,2,7,3,1,0,1,1
T-9100717,E01616,2,0,3,1,1,1,1
T-9100740,E01491,2,2,3,1,1,1,1
T-9100791,E01704,1,2,3,1,1,1,1
T-9100809,E00200,2,1,3,1,1,1,1
T-9100858,E01887,2,4,3,1,1,1,1
T-9100922,E00810,2,3,3,1,1,1,0
T-9100969,E00178,2,5,3,1,1,1,1
T-9101011,E00760,1,2,3,0,0,0,0
T-9101014,E00791,1,4,3,1,0,1,1
T-9101047,E02252,2,5,3,1,1,0,1
