id_saisi,ecole_id,genre_saisi,anciennete,vague,visite1,visite2,visite3,visite4
T000001,E00001,F,0,1,présent,présent,présent,absent
T000002,E00001,F,2,1,absent,absent,présent,absent
T007003,E00001,H,19,1,absent,présent,présent,présent
T000004,E00001,F,6,1,absent,absent,présent,absent
T000005,E00002,F,11,1,présent,présent,présent,présent
T000006,E00002,H,5,1,présent,présent,présent,présent
T000007,E00002,H,4,1,NA,présent,présent,présent
T000068,E00002,H,13,1,présent,présent,présent,présent
T000009,E00002,H,0,1,présent,présent,absent,présent
T000010,E00003,F,0,1,absent,présent,présent,présent
T000011,E00003,H,6,1,absent,absent,présent,présent
T000012,E00003,F,18,1,présent,présent,présent,absent
T000013,E00004,F,5,1,présent,présent,présent,présent
T000014,E00004,H,12,1,présent,NA,présent,présent
T000015,E00004,H,13,1,présent,présent,présent,présent
T000016,E00004,H,8,1,absent,absent,présent,présent
T000017,E00004,F,4,1,présent,présent,présent,présent
T000018,E00004,H,16,1,présent,présent,présent,présent
T000019,E00004,H,13,1,absent,présent,présent,présent
T000020,E00004,F,5,1,présent,présent,présent,présent
T000021,E00005,H,13,1,absent,présent,absent,NA
T000022,E00005,F,23,1,présent,absent,présent,absent
T000023,E00005,H,15,1,présent,présent,présent,présent
T000024,E00005,H,7,1,présent,présent,absent,présent
T000065,E00006,H,3,1,présent,présent,présent,absent
T000026,E00006,H,0,1,absent,présent,présent,présent
T000027,E00007,F,20,1,présent,présent,présent,présent
0000028,E00007,H,21,1,absent,présent,présent,présent
T000029,E00007,F,13,1,présent,présent,présent,présent
T000030,E00007,H,18,1,présent,présent,présent,présent
T000031,E00007,H,10,1,présent,absent,présent,NA
5000032,E00007,F,13,1,présent,présent,présent,présent
T000033,E00008,H,11,1,absent,présent,présent,absent
T000034,E00008,H,0,1,présent,absent,absent,présent
T006035,E00008,H,0,1,présent,présent,présent,absent
T000036,E00008,H,20,1,présent,présent,présent,présent
T000037,E00009,H,17,1,présent,présent,présent,présent
T000038,E00009,H,10,1,absent,présent,présent,présent
T000039,E00009,F,9,1,présent,absent,présent,présent
T000040,E00009,H,0,1,présent,présent,absent,présent
T000041,E00009,H,8,1,présent,présent,présent,présent
T000042,E00009,H,15,1,présent,présent,présent,NA
T200043,E00009,F,3,1,présent,présent,NA,présent
T000044,E00009,H,4,1,présent,présent,présent,présent
T000045,E00009,H,19,1,présent,présent,présent,absent
T000046,E00009,H,7,1,présent,présent,NA,présent
T000047,E00010,F,3,1,présent,présent,présent,présent
T000048,E00010,H,3,1,présent,absent,absent,absent
2000049,E00010,H,14,1,présent,présent,présent,présent
T000050,E00010,H,13,1,absent,présent,présent,absent
T000051,E00010,H,11,1,absent,présent,absent,absent
T000052,E00010,F,10,1,présent,absent,absent,présent
T000053,E00011,F,8,1,absent,absent,absent,absent
T009054,E00011,F,9,1,présent,présent,absent,présent
T000055,E00011,H,9,1,absent,présent,absent,présent
T000056,E00011,H,15,1,présent,présent,présent,présent
T000057,E00011,H,12,1,présent,présent,présent,présent
T000058,E00012,H,12,1,présent,absent,absent,présent
T000559,E00012,F,9,1,présent,présent,présent,présent
T000060,E00012,F,0,1,présent,présent,présent,présent
T000061,E00012,H,12,1,présent,présent,présent,présent
T000062,E00012,H,14,1,absent,présent,présent,NA
T400063,E00012,H,5,1,présent,présent,présent,présent
T000064,E00013,H,0,1,présent,présent,présent,présent
T000065,E00013,H,9,1,présent,présent,présent,présent
T000066,E00013,F,11,1,présent,absent,présent,présent
T000067,E00013,F,15,1,absent,présent,présent,présent
T000068,E00013,H,3,1,présent,présent,présent,présent
T000069,E00013,H,18,1,présent,présent,présent,présent
T000070,E00013,H,18,1,présent,présent,NA,présent
T000071,E00013,F,18,1,présent,présent,présent,présent
T000072,E00013,H,4,1,présent,présent,présent,présent
T000073,E00013,H,7,1,présent,NA,présent,présent
T000044,E00013,H,0,1,absent,présent,présent,présent
T000075,E00014,F,0,1,présent,présent,présent,présent
T000076,E00014,F,26,1,présent,présent,présent,présent
T000077,E00014,F,20,1,présent,NA,présent,présent
T000078,E00014,F,1,1,présent,présent,absent,présent
T000079,E00014,H,5,1,présent,absent,absent,présent
T000080,E00014,H,14,1,présent,présent,présent,absent
T000081,E00015,H,6,1,présent,présent,présent,présent
T000082,E00015,F,3,1,présent,présent,présent,présent
T000083,E00015,H,27,1,présent,présent,NA,présent
3000084,E00015,F,2,1,absent,présent,présent,présent
T000085,E00016,H,10,1,absent,présent,absent,présent
T000086,E00016,F,2,1,présent,présent,NA,présent
T000087,E00016,H,6,1,présent,présent,présent,présent
T000088,E00016,F,19,1,présent,présent,présent,présent
T000089,E00016,F,14,1,présent,présent,présent,présent
T000090,E00016,H,6,1,présent,présent,présent,présent
T000091,E00016,F,9,1,présent,NA,absent,présent
T000092,E00016,H,14,1,présent,présent,présent,présent
T000093,E00016,F,13,1,présent,présent,présent,présent
T000094,E00016,H,19,1,présent,absent,absent,présent
T000095,E00016,H,8,1,présent,absent,présent,absent
T000096,E00016,H,2,1,présent,présent,présent,présent
T000097,E00016,F,5,1,présent,présent,présent,absent
T000098,E00016,F,9,1,présent,absent,absent,absent
T000099,E00017,F,9,1,absent,absent,présent,présent
T000100,E00017,H,12,1,présent,NA,présent,présent
T000101,E00017,H,15,1,absent,présent,présent,présent
T000102,E00017,H,15,1,présent,présent,présent,présent
T000103,E00017,H,4,1,présent,présent,présent,absent
T000104,E00018,H,5,1,présent,présent,présent,présent
T000105,E00018,H,12,1,présent,présent,absent,présent
T000106,E00018,H,0,1,présent,absent,absent,présent
T000107,E00018,F,6,1,absent,absent,absent,absent
0000108,E00018,H,18,1,présent,présent,présent,absent
T000109,E00019,H,3,1,absent,absent,absent,présent
T000110,E00019,H,18,1,absent,présent,présent,présent
T000111,E00020,F,12,1,présent,présent,présent,absent
T000112,E00020,F,7,1,présent,présent,présent,présent
T000113,E00020,F,14,1,présent,présent,présent,présent
T000114,E00021,H,3,1,présent,présent,absent,présent
T000115,E00021,F,0,1,absent,présent,présent,présent
T000116,E00021,H,15,1,présent,absent,présent,présent
T000117,E00021,H,8,1,présent,présent,présent,présent
T000118,E00021,H,5,1,présent,présent,présent,présent
T100119,E00021,H,9,1,présent,absent,présent,absent
T000120,E00021,H,16,1,présent,présent,présent,présent
T000121,E00021,H,11,1,présent,présent,présent,présent
T000122,E00022,H,4,1,absent,présent,présent,absent
T000193,E00022,F,0,1,absent,présent,absent,présent
T000124,E00022,H,7,1,présent,absent,présent,présent
T000125,E00022,H,0,1,présent,présent,présent,présent
T000126,E00022,F,12,1,présent,absent,présent,absent
T000127,E00022,H,0,1,présent,présent,absent,présent
T000128,E00023,H,10,1,présent,NA,présent,présent
T000129,E00023,H,5,1,présent,présent,présent,présent
T000130,E00023,H,11,1,absent,NA,présent,présent
T000131,E00023,H,0,1,présent,présent,absent,présent
T000132,E00024,F,11,1,présent,présent,absent,présent
T000133,E00024,F,14,1,présent,présent,absent,présent
T700134,E00025,F,8,1,présent,présent,présent,présent
T000135,E00025,H,8,1,présent,présent,absent,présent
T000136,E00025,H,13,1,présent,présent,présent,présent
T000137,E00025,F,6,1,présent,présent,présent,présent
T060138,E00025,H,12,1,présent,absent,présent,présent
T000139,E00025,H,8,1,présent,présent,présent,présent
T000140,E00025,F,6,1,présent,présent,présent,présent
T000141,E00025,F,18,1,présent,présent,présent,présent
T000142,E00025,H,14,1,présent,NA,présent,présent
T000743,E00025,F,8,1,présent,présent,présent,présent
T000144,E00025,F,4,1,présent,présent,présent,présent
T000145,E00025,F,9,1,présent,absent,présent,présent
T000146,E00025,H,9,1,présent,présent,présent,présent
T000147,E00025,F,9,1,présent,présent,présent,présent
T000148,E00025,H,14,1,présent,NA,présent,présent
T000149,E00025,H,0,1,présent,présent,présent,présent
T000150,E00025,H,0,1,présent,présent,présent,présent
T000151,E00025,F,10,1,présent,présent,absent,présent
T000154,E00026,F,10,1,présent,présent,présent,présent
T000153,E00026,H,7,1,présent,présent,présent,présent
T000154,E00026,H,0,1,présent,présent,présent,présent
T000155,E00026,F,0,1,présent,présent,présent,absent
T000156,E00026,F,9,1,absent,absent,absent,absent
T000157,E00026,F,10,1,NA,présent,présent,présent
T000158,E00026,H,8,1,présent,présent,présent,présent
T000159,E00027,H,12,1,présent,absent,présent,présent
T000160,E00027,H,15,1,présent,présent,présent,présent
T000161,E00027,H,0,1,absent,présent,absent,présent
T000162,E00027,H,2,1,présent,présent,présent,NA
T060163,E00028,F,0,1,absent,présent,présent,absent
T000164,E00028,H,4,1,présent,présent,présent,présent
T000165,E00029,H,16,1,présent,absent,présent,absent
T000166,E00029,H,18,1,présent,présent,présent,présent
T000167,E00029,F,3,1,présent,absent,présent,présent
T000168,E00029,H,10,1,présent,absent,présent,présent
T000169,E00029,F,2,1,absent,présent,présent,présent
T000170,E00030,H,10,1,présent,présent,présent,NA
T000171,E00030,H,2,1,présent,absent,présent,présent
T000172,E00030,F,0,1,absent,NA,présent,absent
T000179,E00030,H,9,1,présent,présent,présent,présent
T000174,E00031,H,8,1,absent,présent,présent,absent
T000175,E00031,F,9,1,présent,présent,absent,absent
T000176,E00032,H,8,1,absent,absent,absent,absent
T000177,E00032,F,1,1,absent,absent,présent,absent
T000178,E00032,H,13,1,présent,présent,présent,présent
T000179,E00032,H,0,1,absent,absent,absent,absent
T000180,E00033,H,11,1,absent,présent,présent,absent
T000181,E00033,H,14,1,absent,présent,absent,présent
T000192,E00033,H,5,1,absent,présent,absent,absent
T200183,E00034,H,13,1,présent,présent,présent,présent
5000184,E00034,F,16,1,présent,absent,absent,présent
T000185,E00034,H,16,1,présent,absent,absent,absent
T000186,E00034,F,7,1,absent,présent,présent,absent
T000187,E00035,H,4,1,présent,présent,présent,absent
T000188,E00035,H,0,1,absent,absent,présent,présent
T000189,E00035,H,7,1,présent,présent,absent,présent
T000190,E00035,H,12,1,présent,présent,présent,présent
T000191,E00035,H,4,1,présent,absent,présent,absent
T000192,E00035,H,6,1,présent,absent,absent,absent
T000193,E00036,H,3,1,présent,absent,présent,présent
T000194,E00036,H,13,1,présent,présent,présent,présent
T000195,E00036,H,7,1,présent,présent,présent,présent
T000196,E00036,H,16,1,présent,présent,absent,présent
T000197,E00036,F,4,1,absent,présent,présent,absent
T001198,E00037,H,7,1,présent,présent,présent,présent
T000199,E00037,H,12,1,présent,présent,présent,présent
T000200,E00037,H,0,1,présent,présent,présent,présent
T000201,E00037,H,23,1,présent,absent,présent,présent
T000202,E00037,F,11,1,présent,présent,présent,présent
T000203,E00037,H,21,1,présent,présent,présent,présent
T000204,E00037,F,12,1,présent,présent,présent,présent
T000205,E00037,F,0,1,présent,présent,présent,absent
T000206,E00037,H,1,1,présent,absent,présent,présent
T000207,E00037,F,12,1,présent,présent,présent,absent
T000208,E00037,F,4,1,présent,présent,présent,présent
T000209,E00038,H,12,1,absent,absent,absent,absent
T000210,E00038,F,18,1,présent,présent,présent,absent
T000211,E00039,H,12,1,présent,absent,présent,absent
T000212,E00039,H,23,1,présent,absent,présent,présent
T000213,E00039,H,0,1,absent,absent,absent,absent
T000214,E00040,F,4,1,absent,présent,présent,absent
T000215,E00040,H,13,1,présent,présent,absent,présent
T000216,E00040,F,0,1,présent,présent,absent,présent
T000217,E00040,F,3,1,présent,présent,présent,présent
T000218,E00040,F,6,1,présent,présent,présent,absent
T000219,E00040,F,11,1,présent,absent,présent,présent
T000220,E00040,F,19,1,présent,présent,présent,présent
T000221,E00041,F,14,1,absent,absent,présent,NA
T000222,E00041,F,0,1,présent,présent,absent,absent
T070223,E00041,H,7,1,absent,présent,présent,présent
T000224,E00041,F,1,1,présent,absent,présent,absent
T000225,E00041,H,12,1,présent,présent,présent,présent
T000226,E00041,H,6,1,présent,absent,présent,absent
T000227,E00042,F,2,1,présent,absent,présent,présent
T000228,E00042,F,7,1,présent,absent,présent,présent
T000229,E00043,F,1,1,présent,présent,présent,absent
T000230,E00043,F,16,1,absent,présent,présent,absent
T000231,E00043,F,10,1,absent,présent,absent,NA
T000232,E00043,F,12,1,présent,absent,absent,absent
T000433,E00043,H,7,1,présent,présent,absent,présent
T000234,E00043,F,11,1,présent,absent,absent,absent
T000235,E00043,H,11,1,absent,présent,présent,présent
T000296,E00044,H,17,1,présent,présent,absent,absent
T000237,E00044,H,10,1,absent,absent,présent,absent
T000238,E00044,F,13,1,présent,présent,présent,présent
T000239,E00044,F,0,1,présent,absent,présent,absent
T000240,E00044,F,0,1,présent,NA,présent,présent
T000241,E00045,H,14,1,absent,absent,absent,présent
T000242,E00045,H,7,1,présent,présent,présent,présent
T000243,E00045,H,7,1,présent,présent,absent,absent
T000244,E00045,F,9,1,NA,absent,présent,NA
T000245,E00046,H,12,1,présent,présent,NA,présent
T000246,E00046,H,5,1,présent,présent,présent,absent
T000247,E00046,H,12,1,présent,présent,présent,présent
T000248,E00046,F,6,1,absent,présent,absent,présent
T000249,E00047,H,0,1,présent,absent,présent,présent
T000250,E00047,F,0,1,absent,présent,présent,absent
T000251,E00048,F,13,1,présent,présent,présent,absent
T000252,E00048,F,10,1,présent,présent,présent,présent
T000253,E00048,H,11,1,présent,présent,absent,présent
T000254,E00048,F,0,1,présent,présent,présent,présent
T000255,E00048,H,22,1,présent,présent,absent,présent
T000256,E00048,H,20,1,présent,présent,présent,absent
T000257,E00048,H,11,1,présent,présent,présent,absent
T060258,E00049,H,15,1,absent,présent,présent,présent
T000259,E00049,F,1,1,présent,présent,présent,absent
T000260,E00049,H,14,1,absent,absent,présent,absent
T000261,E00049,H,10,1,présent,absent,absent,NA
T000262,E00049,H,13,1,présent,présent,absent,absent
T000263,E00050,H,12,1,présent,absent,présent,absent
T000264,E00050,H,14,1,présent,présent,présent,présent
T000265,E00050,H,22,1,présent,absent,absent,présent
T000266,E00050,H,1,1,présent,présent,présent,présent
T000267,E00050,H,0,1,présent,présent,présent,présent
T000268,E00050,F,15,1,présent,présent,présent,absent
T000269,E00050,H,4,1,présent,présent,présent,présent
T000270,E00050,H,24,1,présent,présent,présent,présent
T000271,E00050,F,11,1,présent,absent,présent,présent
T000272,E00051,H,14,1,absent,présent,absent,présent
T000273,E00051,F,12,1,présent,présent,présent,présent
T000274,E00051,H,7,1,absent,absent,absent,présent
T000275,E00051,F,7,1,présent,présent,présent,présent
T000276,E00051,F,3,1,présent,absent,présent,NA
T000277,E00052,F,20,1,présent,présent,absent,présent
T000278,E00052,H,14,1,absent,présent,présent,absent
T000279,E00052,F,3,1,présent,présent,absent,présent
T000280,E00052,H,2,1,présent,présent,absent,absent
T000281,E00052,H,18,1,présent,présent,présent,présent
T000282,E00052,H,18,1,présent,présent,présent,présent
T000283,E00052,H,12,1,absent,présent,présent,présent
T000284,E00052,H,16,1,présent,présent,présent,absent
T000285,E00052,F,13,1,présent,présent,présent,présent
T000286,E00052,F,8,1,NA,présent,présent,présent
T008287,E00053,H,0,1,absent,présent,absent,présent
T000288,E00053,H,7,1,présent,présent,présent,présent
T000289,E00053,H,7,1,présent,présent,absent,absent
T000290,E00053,H,8,1,présent,présent,présent,présent
T000291,E00053,H,7,1,absent,présent,présent,présent
T000292,E00053,H,6,1,présent,absent,absent,présent
T000293,E00053,H,5,1,présent,présent,présent,présent
T000294,E00053,H,17,1,absent,présent,présent,présent
T000295,E00054,H,0,1,absent,présent,présent,présent
T000296,E00054,F,8,1,présent,présent,NA,présent
T000297,E00054,H,12,1,présent,présent,présent,présent
T000298,E00054,H,0,1,présent,présent,présent,présent
T000299,E00054,H,6,1,présent,présent,présent,présent
T000300,E00054,F,7,1,présent,présent,présent,présent
T000301,E00054,H,10,1,présent,présent,présent,présent
T000302,E00054,H,13,1,présent,présent,présent,NA
T000303,E00054,H,12,1,absent,présent,absent,présent
T000304,E00054,H,1,1,présent,présent,présent,présent
T000305,E00054,F,8,1,absent,présent,présent,présent
T000306,E00054,F,9,1,présent,présent,présent,présent
T000307,E00055,F,16,1,présent,présent,présent,présent
T000308,E00055,H,12,1,présent,présent,présent,présent
T000309,E00055,H,0,1,présent,absent,présent,présent
T000310,E00055,H,16,1,NA,présent,présent,présent
T000311,E00055,H,17,1,présent,absent,présent,présent
T000362,E00055,H,10,1,présent,présent,présent,présent
T000313,E00055,H,5,1,présent,absent,présent,absent
T000714,E00055,F,8,1,présent,présent,absent,présent
T000315,E00056,H,18,1,présent,présent,présent,NA
T000316,E00056,H,11,1,absent,présent,présent,absent
T000317,E00056,H,13,1,présent,présent,présent,présent
T000348,E00056,H,4,1,présent,présent,présent,présent
T000319,E00056,H,2,1,absent,présent,présent,présent
T080320,E00057,F,5,1,présent,présent,présent,absent
T000321,E00057,H,16,1,présent,présent,présent,présent
T000322,E00057,H,3,1,absent,absent,présent,absent
T000323,E00057,F,20,1,présent,absent,présent,absent
T000324,E00057,F,22,1,présent,présent,absent,présent
T000325,E00058,H,14,1,présent,présent,présent,présent
T000326,E00058,F,15,1,présent,présent,présent,absent
T000327,E00058,F,5,1,présent,présent,présent,présent
T000528,E00058,F,4,1,présent,présent,présent,présent
T000329,E00058,H,10,1,présent,NA,présent,présent
T000330,E00058,F,18,1,présent,présent,absent,présent
T000331,E00058,H,3,1,présent,présent,NA,présent
T000332,E00058,H,12,1,présent,présent,présent,présent
T000333,E00059,H,6,1,présent,absent,présent,présent
T000334,E00059,F,1,1,présent,présent,absent,absent
T000335,E00059,H,15,1,NA,présent,présent,absent
T000336,E00059,F,0,1,présent,absent,présent,présent
T000337,E00059,H,20,1,présent,présent,présent,présent
T000338,E00059,H,13,1,présent,présent,présent,absent
T000339,E00059,H,8,1,présent,absent,présent,présent
T000340,E00059,H,6,1,présent,présent,présent,présent
3000341,E00059,H,0,1,absent,présent,absent,présent
T000342,E00059,F,9,1,présent,présent,absent,absent
T000343,E00060,H,7,1,absent,présent,présent,absent
T000344,E00060,F,12,1,absent,présent,absent,présent
T000345,E00060,H,11,1,absent,absent,présent,absent
T000346,E00060,H,13,1,présent,présent,présent,absent
T000307,E00060,H,4,1,absent,présent,présent,absent
T000348,E00060,F,10,1,présent,présent,absent,présent
T000349,E00061,H,10,1,présent,absent,présent,présent
T000350,E00061,F,16,1,présent,présent,présent,présent
T000351,E00061,H,16,1,absent,présent,présent,présent
T000352,E00061,H,6,1,absent,présent,présent,présent
T000351,E00061,F,0,1,présent,présent,présent,présent
T000354,E00062,H,15,1,présent,présent,présent,présent
T000355,E00062,H,16,1,présent,présent,présent,présent
T000356,E00062,H,12,1,absent,présent,présent,présent
T000357,E00062,H,0,1,présent,présent,présent,présent
T000358,E00062,F,3,1,absent,NA,présent,présent
T000352,E00063,H,17,1,NA,présent,absent,présent
T000360,E00063,H,14,1,présent,présent,absent,présent
T008361,E00063,F,13,1,présent,présent,absent,présent
T300362,E00063,F,0,1,absent,absent,présent,absent
T000363,E00064,F,3,1,NA,absent,présent,absent
T000364,E00064,F,12,1,absent,absent,présent,NA
T000365,E00064,F,7,1,absent,présent,absent,NA
T000366,E00064,F,11,1,présent,présent,présent,absent
T000367,E00064,H,10,1,absent,présent,présent,présent
T000369,E00064,F,11,1,présent,absent,présent,présent
T000369,E00064,H,11,1,NA,absent,présent,présent
T000370,E00065,F,8,1,présent,présent,présent,NA
T000371,E00065,F,6,1,absent,absent,absent,absent
T000372,E00065,F,0,1,présent,présent,présent,présent
T000373,E00065,F,8,1,présent,présent,présent,présent
T000374,E00066,H,0,1,présent,présent,présent,présent
T000375,E00066,H,16,1,présent,présent,présent,présent
T000376,E00066,F,14,1,présent,présent,présent,présent
T000377,E00066,H,6,1,présent,présent,absent,présent
T000378,E00067,H,18,1,présent,présent,absent,présent
T000779,E00067,F,11,1,présent,présent,absent,absent
T000380,E00067,H,0,1,présent,présent,présent,présent
T000381,E00068,F,8,1,présent,présent,présent,absent
T000382,E00068,H,0,1,présent,absent,absent,absent
T000383,E00068,F,1,1,présent,présent,présent,absent
T000384,E00068,H,17,1,présent,présent,présent,présent
T000385,E00068,H,24,1,présent,présent,présent,présent
T000386,E00068,H,4,1,présent,présent,présent,présent
T700387,E00068,F,0,1,présent,présent,présent,présent
T000388,E00069,H,3,1,présent,présent,présent,présent
T000389,E00069,F,30,1,présent,absent,présent,absent
T000390,E00069,H,0,1,présent,présent,absent,présent
T000391,E00069,H,7,1,présent,présent,absent,présent
T000392,E00070,F,14,1,présent,présent,présent,présent
T000393,E00070,H,5,1,présent,absent,présent,présent
T000394,E00070,H,17,1,présent,présent,présent,présent
T000395,E00070,H,8,1,présent,présent,présent,présent
T000396,E00070,H,2,1,absent,présent,présent,présent
T000397,E00070,F,21,1,présent,présent,présent,présent
T000398,E00070,F,6,1,présent,présent,présent,présent
T000399,E00070,H,17,1,présent,absent,présent,présent
T000400,E00070,H,5,1,présent,présent,présent,absent
T000401,E00070,H,9,1,présent,présent,présent,présent
T000402,E00071,H,0,1,absent,présent,absent,présent
T000403,E00071,H,2,1,présent,présent,présent,présent
T000404,E00071,H,1,1,présent,présent,présent,présent
T000405,E00071,H,8,1,absent,présent,présent,absent
T400406,E00072,H,0,1,absent,présent,présent,présent
T000407,E00072,H,0,1,présent,présent,absent,absent
T000408,E00072,H,6,1,présent,présent,présent,présent
T000409,E00072,F,14,1,absent,absent,présent,NA
T000410,E00072,H,16,1,présent,présent,présent,présent
T000411,E00073,F,2,1,présent,NA,présent,présent
T000412,E00073,F,8,1,présent,présent,présent,présent
T000413,E00074,H,1,1,présent,présent,NA,présent
T000414,E00074,F,10,1,présent,présent,présent,absent
T000415,E00074,H,21,1,NA,présent,présent,présent
T000416,E00074,F,5,1,présent,présent,présent,présent
T000417,E00074,H,9,1,absent,présent,présent,présent
T000418,E00074,H,9,1,présent,présent,présent,présent
T000419,E00074,H,6,1,présent,présent,présent,absent
T000420,E00074,H,2,1,absent,présent,présent,présent
T000421,E00075,H,7,1,présent,absent,présent,présent
T000422,E00075,H,20,1,présent,présent,présent,présent
T000623,E00075,H,2,1,présent,absent,présent,présent
9000424,E00075,F,3,1,absent,présent,présent,présent
T000425,E00075,H,10,1,absent,présent,présent,absent
T000426,E00075,H,1,1,présent,absent,présent,présent
T000427,E00075,H,11,1,présent,présent,présent,présent
T000428,E00075,H,0,1,présent,présent,absent,présent
T000469,E00076,H,7,1,présent,présent,présent,présent
T000430,E00076,F,2,1,absent,présent,présent,présent
T000431,E00076,H,6,1,absent,présent,présent,présent
T000432,E00076,F,1,1,présent,NA,présent,présent
T000433,E00077,H,7,1,présent,présent,présent,présent
T000434,E00077,F,17,1,présent,absent,absent,présent
T000435,E00077,H,21,1,présent,présent,présent,absent
T000436,E00077,H,5,1,présent,absent,présent,absent
T000437,E00077,H,5,1,présent,présent,présent,présent
T000438,E00077,F,4,1,présent,présent,présent,présent
T000439,E00077,F,18,1,présent,présent,présent,présent
T000440,E00078,H,0,1,présent,absent,présent,présent
T000441,E00078,H,16,1,présent,présent,présent,présent
T000842,E00078,H,12,1,présent,présent,présent,présent
T000443,E00078,F,16,1,absent,présent,présent,absent
T000444,E00078,H,1,1,présent,présent,présent,présent
T000445,E00078,H,21,1,présent,présent,présent,absent
T000446,E00079,F,9,1,présent,présent,présent,absent
T000447,E00079,H,5,1,présent,absent,présent,NA
T000448,E00079,H,12,1,absent,NA,présent,présent
T000449,E00079,H,2,1,présent,présent,présent,présent
T000450,E00080,H,21,1,présent,présent,NA,présent
T000451,E00080,H,9,1,présent,présent,présent,présent
T000452,E00080,H,13,1,présent,présent,présent,présent
T000453,E00080,H,10,1,présent,présent,NA,présent
T000454,E00080,H,15,1,présent,présent,présent,présent
T000455,E00080,H,11,1,présent,présent,présent,présent
T000476,E00080,H,6,1,présent,présent,présent,présent
T000457,E00081,H,14,1,présent,présent,présent,présent
T000428,E00081,F,7,1,absent,présent,présent,présent
4000459,E00081,H,4,1,absent,présent,présent,présent
T000460,E00081,F,6,1,présent,présent,présent,absent
T000461,E00081,F,13,1,présent,présent,présent,présent
T000462,E00081,F,8,1,présent,présent,présent,présent
T000463,E00081,H,7,1,présent,présent,NA,présent
T000464,E00082,H,16,1,présent,présent,présent,présent
T000465,E00082,H,5,1,absent,absent,présent,présent
T000466,E00083,H,11,1,présent,présent,présent,présent
T000467,E00083,H,6,1,présent,présent,présent,présent
T000468,E00083,F,15,1,présent,présent,présent,présent
T000869,E00083,H,1,1,présent,présent,présent,présent
T000470,E00084,F,0,1,présent,présent,présent,présent
T000471,E00084,F,24,1,présent,présent,absent,présent
T000472,E00084,H,4,1,présent,présent,présent,présent
T000473,E00084,H,5,1,présent,présent,présent,présent
T000474,E00084,F,15,1,NA,présent,présent,présent
T000475,E00084,H,7,1,présent,présent,présent,présent
T000476,E00084,H,0,1,présent,présent,présent,présent
T000677,E00084,H,9,1,absent,présent,présent,présent
T000478,E00084,H,16,1,présent,présent,présent,présent
T000479,E00084,H,9,1,présent,présent,absent,présent
T000480,E00085,H,24,1,absent,présent,absent,absent
T000481,E00085,H,18,1,absent,absent,absent,présent
T000482,E00086,H,16,1,présent,absent,présent,présent
T000483,E00086,F,0,1,NA,présent,présent,présent
T000484,E00086,H,7,1,absent,présent,présent,présent
T000485,E00086,H,9,1,présent,présent,présent,absent
T000486,E00086,F,13,1,présent,présent,absent,présent
T000487,E00086,H,0,1,présent,présent,présent,présent
T000488,E00087,F,7,1,présent,présent,présent,présent
T000484,E00087,H,2,1,présent,présent,présent,présent
T000490,E00087,F,0,1,présent,présent,présent,présent
T200491,E00087,F,16,1,présent,présent,présent,présent
T000492,E00087,F,5,1,présent,absent,présent,présent
T000193,E00087,F,4,1,présent,présent,présent,présent
T000494,E00088,F,4,1,absent,absent,absent,présent
T000495,E00088,F,0,1,présent,présent,présent,présent
T000496,E00089,F,5,1,présent,NA,NA,absent
T000497,E00089,F,15,1,présent,présent,présent,présent
T000498,E00089,H,2,1,présent,présent,présent,présent
T000499,E00089,H,9,1,présent,présent,absent,présent
T000500,E00089,F,11,1,présent,présent,absent,absent
T000501,E00089,F,5,1,absent,présent,absent,absent
T000502,E00090,F,7,1,absent,absent,absent,absent
T000503,E00090,H,11,1,présent,présent,absent,présent
T000504,E00090,F,0,1,NA,absent,absent,absent
T000505,E00091,H,4,1,présent,absent,NA,présent
T000506,E00091,F,4,1,présent,présent,absent,présent
T000507,E00092,H,3,1,présent,présent,absent,présent
T000508,E00092,H,12,1,présent,présent,présent,présent
T000509,E00092,F,1,1,présent,présent,présent,présent
2000510,E00092,H,8,1,présent,présent,présent,présent
T000511,E00092,H,16,1,présent,présent,présent,présent
T000512,E00092,H,5,1,présent,présent,présent,présent
T000513,E00092,H,0,1,présent,présent,présent,présent
T000514,E00092,F,0,1,absent,présent,présent,présent
T000515,E00092,F,11,1,présent,présent,NA,présent
T000516,E00093,H,8,1,présent,absent,absent,absent
T000517,E00093,F,4,1,absent,absent,présent,absent
T000518,E00093,H,24,1,présent,absent,présent,présent
T040519,E00093,F,11,1,absent,absent,absent,absent
T000520,E00094,F,19,1,NA,absent,présent,absent
T000521,E00094,H,7,1,présent,présent,absent,présent
T000522,E00094,H,6,1,absent,présent,absent,NA
T000523,E00094,F,19,1,présent,présent,absent,présent
T020524,E00095,H,0,1,absent,absent,présent,absent
T000525,E00095,F,6,1,absent,absent,présent,NA
T000526,E00095,F,6,1,présent,absent,absent,absent
T000527,E00095,H,8,1,présent,absent,présent,absent
T000528,E00095,H,5,1,présent,présent,présent,présent
T000529,E00095,H,12,1,présent,présent,absent,présent
T000530,E00096,H,4,1,présent,présent,présent,présent
T000531,E00096,H,0,1,présent,présent,absent,présent
T000532,E00096,H,14,1,présent,absent,présent,présent
T000533,E00096,F,16,1,présent,présent,absent,présent
T000534,E00096,F,5,1,présent,présent,présent,absent
T000535,E00096,F,15,1,présent,présent,présent,NA
T000536,E00096,F,21,1,présent,présent,présent,présent
T000537,E00096,H,3,1,présent,présent,absent,présent
T000538,E00096,H,10,1,présent,présent,présent,présent
T000539,E00096,H,5,1,présent,absent,présent,présent
T000540,E00096,F,10,1,absent,présent,présent,présent
T000541,E00097,H,4,1,présent,présent,présent,présent
T000542,E00097,H,7,1,présent,présent,présent,présent
T000543,E00097,H,6,1,présent,NA,présent,présent
T000544,E00097,H,14,1,présent,présent,NA,présent
T000545,E00097,F,8,1,présent,présent,présent,présent
T090546,E00097,H,8,1,présent,présent,absent,présent
T000547,E00097,H,4,1,présent,présent,absent,présent
T000548,E00097,H,10,1,présent,présent,présent,présent
T040549,E00097,H,14,1,absent,présent,absent,présent
T000550,E00097,H,0,1,présent,absent,présent,présent
T000551,E00097,H,5,1,présent,absent,présent,présent
T000552,E00098,H,10,1,présent,présent,présent,présent
T000553,E00098,F,5,1,présent,présent,absent,NA
T000554,E00098,F,8,1,absent,présent,absent,absent
T000555,E00098,H,11,1,présent,présent,présent,présent
T000556,E00098,H,1,1,absent,présent,présent,absent
T000557,E00098,H,2,1,présent,présent,présent,présent
T000558,E00098,H,17,1,présent,présent,présent,présent
T000559,E00099,H,4,1,présent,absent,présent,présent
T000560,E00099,H,4,1,présent,absent,présent,présent
T000561,E00099,H,3,1,présent,absent,absent,présent
T000562,E00100,F,7,1,présent,présent,présent,présent
T000563,E00100,H,9,1,présent,absent,absent,présent
T000564,E00100,H,11,1,présent,absent,présent,présent
T000565,E00101,H,15,1,absent,NA,présent,absent
T000566,E00101,H,20,1,présent,présent,présent,présent
T000567,E00101,H,15,1,absent,absent,absent,absent
T000568,E00101,H,8,1,présent,absent,présent,absent
T000569,E00101,H,12,1,présent,présent,présent,présent
T000570,E00101,F,10,1,présent,présent,présent,présent
T000571,E00102,H,12,1,présent,présent,NA,présent
T000572,E00102,F,10,1,présent,présent,absent,présent
T000513,E00102,H,5,1,présent,présent,présent,présent
T000574,E00102,H,7,1,présent,présent,présent,présent
T400575,E00102,F,12,1,présent,présent,présent,présent
T000576,E00102,F,14,1,absent,présent,présent,présent
T000578,E00102,H,14,1,NA,présent,présent,présent
T000578,E00103,H,23,1,absent,présent,présent,présent
T000579,E00103,H,9,1,présent,présent,présent,présent
T000580,E00103,H,3,1,absent,absent,présent,présent
T000581,E00103,F,14,1,absent,présent,présent,présent
T000582,E00103,H,1,1,présent,présent,présent,présent
T000583,E00103,F,13,1,présent,présent,présent,présent
T000584,E00103,F,13,1,présent,présent,présent,présent
5000585,E00103,H,12,1,présent,présent,présent,présent
T000586,E00104,H,2,1,présent,absent,présent,présent
T000587,E00104,F,2,1,absent,présent,présent,présent
T000588,E00104,H,0,1,absent,absent,absent,absent
T000589,E00104,H,1,1,présent,NA,présent,absent
T000590,E00104,H,22,1,absent,présent,présent,présent
T000591,E00104,H,0,1,absent,présent,présent,présent
T000592,E00104,H,0,1,absent,présent,absent,présent
T000593,E00105,F,13,1,présent,absent,absent,absent
T000594,E00105,H,8,1,absent,absent,présent,absent
9000595,E00105,F,11,1,absent,présent,absent,absent
T000596,E00106,H,13,1,absent,présent,absent,absent
T000597,E00106,F,12,1,absent,présent,absent,présent
T000598,E00106,F,23,1,présent,absent,absent,absent
T000599,E00106,H,10,1,présent,absent,absent,absent
T000600,E00106,F,13,1,présent,présent,présent,présent
T000601,E00107,F,6,1,absent,absent,présent,absent
T000602,E00107,H,15,1,absent,présent,présent,absent
T000603,E00107,H,10,1,présent,présent,présent,présent
T000604,E00107,H,22,1,absent,présent,présent,présent
T000605,E00108,F,9,1,présent,présent,présent,présent
T050606,E00108,F,7,1,présent,présent,absent,présent
T000607,E00108,H,12,1,présent,présent,présent,présent
T000608,E00108,H,2,1,présent,présent,présent,présent
T020609,E00108,F,13,1,absent,présent,présent,présent
T000610,E00109,H,0,1,présent,présent,présent,absent
T000611,E00109,H,1,1,présent,présent,présent,présent
T000612,E00109,F,14,1,présent,présent,présent,présent
T000613,E00109,F,0,1,absent,présent,présent,absent
T000614,E00109,H,0,1,présent,présent,absent,présent
T000615,E00109,F,2,1,présent,présent,présent,présent
T000616,E00109,F,0,1,présent,absent,absent,présent
T000617,E00109,H,18,1,présent,absent,absent,présent
T000618,E00109,F,18,1,présent,présent,présent,présent
T000619,E00109,H,9,1,présent,présent,présent,présent
T000620,E00109,H,24,1,présent,présent,présent,présent
T000621,E00109,H,10,1,présent,présent,absent,présent
T000622,E00109,F,17,1,présent,présent,présent,présent
T070623,E00109,H,1,1,présent,présent,présent,présent
T000624,E00110,H,5,1,absent,présent,absent,absent
T000625,E00110,H,1,1,présent,présent,présent,absent
T000626,E00110,H,10,1,absent,présent,présent,absent
T000627,E00111,H,0,1,présent,présent,présent,présent
T000628,E00111,H,9,1,présent,présent,présent,présent
T000629,E00111,H,13,1,présent,présent,présent,présent
T000630,E00111,H,7,1,présent,présent,présent,présent
T000631,E00111,H,8,1,présent,présent,présent,présent
T000631,E00111,F,7,1,présent,absent,présent,présent
T000633,E00111,F,23,1,absent,présent,présent,présent
T000634,E00111,F,1,1,présent,présent,présent,absent
T000635,E00111,H,17,1,présent,présent,présent,présent
T000636,E00111,F,20,1,présent,présent,présent,présent
T000637,E00111,F,2,1,présent,présent,présent,présent
T000638,E00111,H,16,1,présent,présent,présent,présent
T000639,E00111,F,8,1,présent,présent,présent,présent
T000640,E00112,F,6,1,présent,présent,présent,présent
T000641,E00112,H,9,1,présent,présent,présent,présent
T000642,E00112,H,10,1,présent,présent,présent,NA
T000843,E00112,H,19,1,présent,présent,présent,absent
T000644,E00112,H,11,1,présent,présent,absent,présent
T000645,E00112,F,11,1,présent,présent,présent,présent
T000646,E00112,F,20,1,présent,présent,présent,présent
T000647,E00112,F,2,1,présent,présent,présent,présent
T010648,E00113,F,3,1,absent,présent,présent,présent
T000649,E00113,F,18,1,présent,présent,présent,présent
T000650,E00113,F,16,1,présent,présent,absent,présent
T000651,E00113,F,0,1,présent,absent,absent,présent
T000652,E00113,H,4,1,présent,présent,absent,présent
T000653,E00113,F,6,1,présent,présent,absent,présent
T000654,E00113,H,13,1,présent,présent,présent,absent
T000655,E00113,H,13,1,présent,NA,présent,présent
T000650,E00114,F,0,1,présent,absent,absent,présent
T000657,E00114,F,7,1,absent,absent,présent,présent
T700658,E00114,F,23,1,présent,absent,présent,présent
T000659,E00114,F,0,1,présent,absent,absent,présent
T000660,E00114,H,0,1,absent,présent,absent,absent
T000161,E00114,H,3,1,absent,présent,NA,présent
T000662,E00114,H,0,1,absent,absent,présent,présent
T800663,E00114,H,7,1,NA,absent,présent,présent
T000664,E00115,H,16,1,présent,NA,présent,absent
T000665,E00115,H,8,1,absent,absent,absent,absent
T000666,E00115,H,10,1,présent,présent,absent,présent
T060667,E00115,H,4,1,présent,présent,présent,présent
T000668,E00115,H,3,1,présent,présent,présent,présent
T000669,E00115,F,2,1,présent,présent,présent,présent
T000670,E00116,H,0,1,présent,présent,présent,présent
T000671,E00116,H,18,1,absent,présent,absent,présent
T000672,E00116,H,3,1,présent,présent,absent,présent
1000673,E00116,H,14,1,présent,présent,présent,absent
T000674,E00116,H,11,1,absent,présent,présent,présent
T000675,E00116,F,10,1,absent,absent,NA,présent
T000676,E00117,F,25,1,présent,présent,présent,présent
T000677,E00118,H,22,1,présent,NA,absent,présent
T000678,E00118,H,5,1,présent,présent,présent,présent
T000679,E00118,H,15,1,présent,absent,présent,présent
T900680,E00119,H,13,1,absent,présent,absent,présent
T000681,E00119,H,5,1,présent,présent,présent,présent
T000682,E00119,H,14,1,présent,présent,présent,présent
T000983,E00119,H,9,1,présent,absent,présent,présent
T000684,E00120,H,5,1,présent,présent,présent,présent
T000685,E00120,F,12,1,présent,présent,présent,présent
T000686,E00120,H,0,1,présent,présent,présent,présent
T000687,E00120,H,3,1,présent,présent,NA,présent
T000688,E00120,H,7,1,présent,présent,présent,présent
T000689,E00120,F,23,1,absent,présent,présent,présent
T000690,E00120,H,10,1,présent,présent,présent,présent
T000691,E00121,F,4,1,présent,présent,présent,NA
T000692,E00121,H,4,1,présent,présent,présent,présent
T000693,E00121,F,15,1,présent,présent,présent,présent
T000694,E00121,F,1,1,présent,présent,présent,présent
T000695,E00121,H,5,1,NA,présent,présent,présent
T000696,E00121,H,11,1,présent,présent,présent,absent
T000697,E00121,H,10,1,présent,absent,présent,présent
T000698,E00122,F,4,1,absent,NA,absent,présent
T000699,E00122,F,7,1,présent,présent,présent,présent
9000700,E00122,H,24,1,présent,présent,présent,présent
T000701,E00122,H,6,1,présent,présent,présent,présent
T000700,E00122,H,9,1,présent,présent,présent,présent
T000703,E00122,H,0,1,présent,présent,présent,absent
T000704,E00122,F,2,1,présent,présent,présent,présent
T000705,E00123,F,12,1,présent,absent,absent,présent
T000706,E00123,H,10,1,absent,présent,présent,absent
T000707,E00123,F,12,1,absent,présent,absent,absent
T000708,E00124,F,3,1,absent,présent,présent,NA
T000709,E00124,H,21,1,présent,présent,présent,présent
T000710,E00124,F,9,1,présent,présent,présent,présent
T000711,E00124,F,4,1,présent,présent,absent,présent
T000712,E00124,F,15,1,présent,présent,présent,présent
T004713,E00124,F,9,1,présent,présent,absent,présent
T000714,E00124,F,16,1,présent,présent,absent,présent
T000715,E00124,F,5,1,présent,présent,absent,présent
T000716,E00124,F,0,1,présent,présent,absent,présent
T000717,E00125,H,7,1,présent,présent,présent,NA
T000718,E00125,H,4,1,absent,présent,présent,présent
T000719,E00125,H,9,1,présent,présent,présent,présent
T000720,E00125,H,0,1,présent,présent,présent,présent
T000721,E00125,H,1,1,présent,présent,présent,présent
T000722,E00126,H,6,1,absent,NA,présent,présent
T000723,E00126,H,28,1,présent,présent,absent,absent
T000724,E00127,H,10,1,absent,présent,absent,présent
T000725,E00127,F,2,1,absent,absent,absent,absent
T000726,E00127,H,5,1,absent,absent,présent,absent
T000727,E00127,H,4,1,présent,présent,présent,présent
T000728,E00127,H,18,1,présent,présent,absent,présent
T000729,E00127,H,12,1,présent,absent,présent,présent
T000730,E00127,H,7,1,absent,absent,présent,présent
T000731,E00128,H,1,1,présent,présent,présent,présent
T000732,E00128,H,1,1,présent,absent,présent,présent
T000733,E00128,H,0,1,présent,présent,présent,présent
T000734,E00129,H,0,1,absent,absent,absent,présent
T000735,E00129,F,12,1,présent,présent,NA,présent
T000736,E00129,F,6,1,présent,présent,absent,présent
T000737,E00129,H,16,1,présent,NA,absent,présent
T000738,E00129,F,24,1,présent,présent,présent,absent
T000739,E00130,F,16,1,NA,présent,présent,présent
T000740,E00130,H,26,1,présent,présent,présent,présent
T000741,E00130,F,13,1,présent,présent,présent,absent
T000742,E00131,H,12,1,présent,présent,présent,présent
T000743,E00131,F,21,1,présent,présent,présent,présent
T000744,E00131,H,8,1,présent,présent,présent,présent
T000745,E00131,F,9,1,présent,présent,présent,présent
T900746,E00131,H,17,1,présent,présent,présent,présent
T000747,E00131,F,10,1,présent,présent,présent,présent
T000748,E00131,H,15,1,présent,présent,présent,présent
T000449,E00131,F,19,1,NA,présent,présent,présent
T000750,E00131,H,9,1,présent,absent,présent,présent
T000751,E00131,F,15,1,présent,présent,présent,présent
T000752,E00132,F,8,1,présent,présent,présent,présent
T000753,E00132,F,14,1,présent,présent,présent,présent
T000754,E00132,F,14,1,présent,présent,présent,présent
T800755,E00132,H,14,1,présent,absent,présent,présent
T000756,E00132,F,8,1,présent,présent,présent,présent
T000757,E00132,F,3,1,présent,présent,NA,absent
T000758,E00132,F,5,1,présent,NA,présent,présent
T000759,E00132,H,7,1,présent,présent,présent,présent
T000760,E00132,F,7,1,absent,présent,présent,présent
T000761,E00132,H,5,1,présent,présent,absent,présent
T000762,E00132,F,22,1,présent,NA,présent,présent
T000763,E00133,H,10,1,absent,présent,présent,présent
T000764,E00133,H,16,1,présent,présent,présent,présent
T000765,E00133,H,18,1,présent,absent,NA,NA
T000766,E00133,H,10,1,présent,NA,présent,absent
T000767,E00134,H,6,1,présent,présent,présent,absent
T000768,E00134,H,17,1,présent,absent,présent,absent
T000769,E00135,F,0,1,présent,présent,présent,présent
T000770,E00135,H,13,1,présent,présent,présent,absent
T000771,E00135,H,0,1,présent,absent,absent,présent
T000772,E00135,H,10,1,présent,présent,présent,présent
T000773,E00135,F,9,1,présent,présent,présent,présent
T000774,E00135,H,20,1,absent,absent,absent,présent
T000775,E00135,F,4,1,présent,présent,absent,présent
T000776,E00135,H,6,1,présent,présent,présent,présent
T000777,E00135,H,13,1,absent,absent,absent,absent
T000778,E00135,H,12,1,absent,présent,présent,absent
T000779,E00135,H,13,1,présent,NA,présent,présent
T050780,E00136,F,6,1,présent,présent,absent,présent
T000781,E00136,H,18,1,présent,présent,présent,présent
T000782,E00136,F,15,1,présent,présent,présent,NA
9000783,E00136,H,17,1,présent,présent,présent,présent
T000784,E00136,H,14,1,présent,présent,présent,présent
T000785,E00136,H,13,1,présent,présent,présent,présent
T000786,E00136,H,10,1,présent,absent,présent,présent
T000787,E00136,F,1,1,absent,absent,absent,absent
T000788,E00136,F,13,1,présent,présent,présent,présent
T000789,E00136,H,6,1,absent,présent,présent,absent
T000790,E00137,F,19,1,présent,absent,absent,présent
T000731,E00137,F,0,1,absent,présent,présent,absent
T000792,E00138,F,4,1,absent,présent,présent,présent
T000793,E00138,H,19,1,présent,absent,absent,absent
T000794,E00138,H,7,1,présent,présent,absent,absent
T000795,E00139,H,5,1,absent,présent,absent,absent
T000796,E00139,H,5,1,présent,présent,absent,présent
T000797,E00139,H,14,1,présent,présent,présent,présent
T000798,E00139,H,8,1,présent,présent,présent,présent
T000799,E00140,F,9,1,présent,présent,présent,absent
T000800,E00140,H,17,1,présent,absent,présent,absent
T000801,E00140,F,11,1,présent,absent,présent,présent
T000802,E00140,F,18,1,présent,présent,absent,présent
T000803,E00140,F,17,1,présent,absent,présent,présent
T000804,E00140,H,26,1,présent,présent,absent,présent
T000805,E00140,F,8,1,présent,présent,présent,présent
T000806,E00141,H,2,1,absent,présent,absent,absent
T000807,E00141,F,5,1,présent,présent,absent,absent
T000808,E00141,H,7,1,absent,présent,présent,présent
T000809,E00141,H,8,1,présent,présent,présent,présent
T000810,E00141,H,10,1,présent,présent,présent,absent
T000811,E00141,H,1,1,absent,présent,présent,présent
T000812,E00141,H,14,1,absent,NA,absent,présent
T000813,E00141,F,0,1,présent,absent,absent,présent
T000814,E00141,H,4,1,présent,présent,absent,présent
T000815,E00141,F,6,1,présent,présent,présent,présent
T000816,E00141,H,6,1,présent,présent,présent,présent
T000817,E00141,F,2,1,présent,présent,présent,présent
T000818,E00141,H,12,1,présent,présent,présent,présent
T000819,E00142,F,18,1,présent,présent,présent,présent
T000820,E00142,F,23,1,présent,présent,présent,présent
T000821,E00142,H,17,1,présent,présent,présent,présent
T000822,E00142,H,2,1,présent,présent,présent,présent
T080823,E00143,F,12,1,présent,présent,NA,présent
2000824,E00143,F,13,1,présent,absent,présent,présent
T000825,E00143,F,0,1,présent,présent,présent,présent
T003826,E00143,H,5,1,présent,présent,présent,absent
T000827,E00144,H,5,1,présent,présent,présent,présent
T000828,E00144,H,8,1,présent,absent,présent,NA
T000829,E00144,F,10,1,absent,absent,présent,présent
T000830,E00144,H,0,1,présent,absent,absent,présent
T000831,E00144,H,9,1,présent,présent,absent,présent
T000832,E00144,H,7,1,présent,présent,absent,présent
T000833,E00144,H,14,1,présent,absent,absent,absent
T000834,E00144,H,11,1,présent,présent,présent,présent
T000835,E00144,H,2,1,présent,présent,présent,présent
T000836,E00145,H,7,1,présent,présent,présent,présent
T000837,E00145,H,17,1,présent,présent,présent,absent
T000838,E00145,H,10,1,présent,présent,absent,présent
T000839,E00145,H,15,1,présent,présent,présent,présent
T000840,E00145,H,0,1,présent,présent,présent,présent
T000841,E00146,H,4,1,présent,présent,présent,présent
T000742,E00146,H,11,1,présent,présent,présent,présent
T000843,E00146,F,0,1,présent,présent,présent,présent
T000844,E00146,H,8,1,présent,présent,présent,absent
T000845,E00146,H,0,1,absent,présent,présent,présent
T000846,E00146,F,9,1,présent,présent,présent,présent
T000847,E00146,H,12,1,présent,présent,présent,présent
T040848,E00147,F,12,1,présent,présent,présent,absent
T000848,E00147,F,8,1,présent,absent,présent,présent
T000850,E00147,F,11,1,présent,présent,présent,présent
T000851,E00147,F,9,1,absent,présent,présent,présent
T000852,E00147,H,9,1,présent,présent,absent,présent
T000853,E00148,F,2,1,présent,présent,présent,présent
T000854,E00148,H,7,1,présent,présent,présent,présent
T000855,E00148,H,22,1,présent,présent,absent,absent
T000856,E00148,H,10,1,présent,présent,présent,présent
T000857,E00148,H,0,1,présent,présent,présent,présent
T000858,E00148,H,9,1,présent,présent,présent,absent
T000859,E00148,H,15,1,présent,présent,présent,présent
T000860,E00148,F,13,1,présent,présent,présent,présent
T000861,E00148,H,13,1,présent,présent,absent,présent
T000862,E00149,F,4,1,absent,absent,présent,présent
T000863,E00149,F,17,1,présent,NA,présent,présent
T000864,E00150,F,9,1,absent,présent,présent,présent
T000865,E00150,H,16,1,présent,présent,présent,présent
T000866,E00150,H,6,1,présent,présent,présent,présent
7000867,E00150,F,1,1,absent,présent,présent,NA
T000868,E00150,H,11,1,présent,présent,présent,présent
T000869,E00150,F,21,1,présent,présent,présent,présent
T000870,E00151,F,6,1,absent,absent,absent,absent
T000871,E00151,H,0,1,présent,NA,présent,présent
T000872,E00151,H,9,1,présent,absent,absent,présent
T000873,E00151,H,12,1,présent,présent,absent,présent
T000874,E00151,H,0,1,présent,absent,présent,présent
T000875,E00151,H,0,1,présent,absent,présent,absent
T000876,E00151,H,14,1,présent,présent,présent,présent
T000877,E00152,H,9,1,présent,NA,présent,présent
T000878,E00152,H,16,1,présent,absent,présent,présent
T000879,E00152,F,11,1,présent,présent,présent,présent
T000880,E00152,F,24,1,présent,présent,présent,présent
T000881,E00152,H,17,1,présent,absent,présent,présent
T000882,E00152,H,11,1,présent,présent,présent,présent
T000884,E00152,H,1,1,présent,présent,présent,présent
T000884,E00152,H,14,1,présent,NA,présent,présent
T000885,E00152,H,13,1,présent,présent,présent,présent
T000886,E00152,H,7,1,présent,présent,présent,présent
T000887,E00152,F,2,1,présent,NA,présent,présent
T000888,E00152,H,0,1,présent,NA,présent,présent
T000889,E00152,F,12,1,présent,présent,présent,présent
T000890,E00152,F,13,1,absent,présent,présent,présent
T000891,E00153,H,8,1,présent,présent,absent,présent
T000892,E00153,H,5,1,présent,NA,présent,présent
T000893,E00153,F,5,1,présent,présent,présent,présent
T000894,E00154,H,0,1,présent,absent,présent,présent
T000895,E00154,H,14,1,absent,présent,présent,présent
T000896,E00154,F,13,1,absent,présent,présent,présent
T000897,E00155,F,17,1,présent,présent,présent,présent
T000898,E00155,H,9,1,NA,présent,absent,présent
T000899,E00155,F,7,1,présent,présent,présent,présent
T000900,E00155,F,17,1,présent,absent,présent,présent
T000901,E00155,H,13,1,absent,présent,absent,présent
T000902,E00155,H,21,1,présent,présent,absent,présent
T000103,E00155,H,15,1,présent,présent,NA,présent
T000904,E00155,H,14,1,présent,présent,présent,présent
T000905,E00156,H,16,1,NA,présent,présent,présent
T000906,E00156,H,11,1,présent,présent,présent,présent
T000607,E00156,H,17,1,présent,absent,NA,absent
T000908,E00156,H,9,1,présent,présent,présent,présent
T000909,E00156,H,17,1,présent,présent,présent,présent
T000910,E00156,H,10,1,présent,absent,absent,absent
T000911,E00157,H,10,1,présent,présent,présent,présent
T000912,E00157,H,9,1,absent,présent,présent,présent
T000913,E00157,H,3,1,présent,présent,présent,présent
T000914,E00157,H,10,1,présent,présent,présent,présent
T000915,E00158,H,17,1,absent,absent,présent,présent
T000916,E00158,F,23,1,absent,absent,absent,présent
T000917,E00158,F,6,1,absent,présent,absent,présent
T000918,E00158,H,4,1,absent,NA,absent,présent
T000919,E00159,H,14,1,présent,présent,présent,présent
T000920,E00159,F,28,1,absent,présent,présent,présent
T000921,E00159,F,10,1,absent,présent,présent,présent
T000922,E00159,H,13,1,présent,présent,présent,présent
T000923,E00159,F,6,1,présent,présent,présent,présent
T000924,E00159,H,9,1,présent,présent,présent,présent
T000925,E00160,H,4,1,présent,présent,présent,présent
T000926,E00160,H,22,1,présent,présent,présent,présent
T000927,E00160,F,9,1,absent,absent,absent,absent
T000928,E00161,H,9,1,présent,présent,présent,présent
T000929,E00161,H,15,1,absent,présent,présent,présent
T000930,E00161,F,5,1,présent,présent,présent,présent
T000931,E00161,H,7,1,présent,présent,présent,présent
T000932,E00162,F,16,1,présent,présent,présent,présent
4000933,E00162,H,8,1,présent,présent,présent,absent
T000934,E00162,H,13,1,présent,présent,présent,présent
T000995,E00162,F,22,1,présent,présent,absent,présent
T000936,E00162,F,9,1,absent,présent,présent,absent
T000937,E00162,H,8,1,présent,présent,absent,absent
T000938,E00162,H,14,1,présent,présent,absent,présent
T000939,E00162,H,2,1,présent,présent,présent,présent
T000940,E00162,F,30,1,présent,présent,présent,présent
T000741,E00163,H,6,1,absent,présent,présent,absent
T000942,E00163,H,8,1,présent,absent,absent,absent
T000913,E00163,H,2,1,présent,présent,absent,présent
T001944,E00163,H,20,1,présent,présent,présent,absent
T000945,E00164,H,12,1,présent,présent,présent,présent
T000946,E00164,F,2,1,présent,présent,présent,présent
T000947,E00164,F,0,1,présent,présent,présent,absent
T000948,E00164,H,13,1,présent,présent,présent,NA
T000949,E00164,F,8,1,absent,absent,présent,présent
T004950,E00164,H,11,1,présent,NA,présent,présent
T000951,E00164,F,5,1,présent,absent,présent,présent
T000952,E00164,F,11,1,absent,absent,présent,présent
T000953,E00164,F,3,1,présent,absent,présent,présent
T000354,E00164,H,4,1,présent,présent,absent,présent
T000955,E00164,H,16,1,présent,absent,présent,présent
T000956,E00164,F,9,1,présent,présent,présent,présent
T000957,E00165,H,4,1,présent,présent,présent,absent
T000958,E00165,F,22,1,présent,absent,absent,présent
T000959,E00165,H,12,1,présent,présent,présent,présent
T000960,E00166,F,10,1,présent,absent,présent,présent
T000961,E00166,F,14,1,présent,absent,absent,présent
T000962,E00166,H,14,1,présent,présent,absent,absent
T000963,E00166,F,20,1,présent,absent,présent,présent
T000964,E00166,F,4,1,absent,présent,présent,présent
T000965,E00166,H,0,1,présent,présent,présent,présent
T000966,E00166,F,12,1,présent,présent,présent,présent
T000967,E00166,H,7,1,présent,présent,présent,présent
T080968,E00166,F,21,1,présent,présent,présent,présent
T000969,E00166,F,16,1,présent,absent,présent,présent
T000970,E00166,H,12,1,absent,présent,absent,absent
T000971,E00167,H,6,1,absent,NA,absent,présent
T000912,E00167,H,2,1,présent,absent,présent,absent
T000973,E00167,F,14,1,présent,présent,présent,absent
T000974,E00168,H,0,1,présent,absent,présent,présent
T000975,E00168,H,11,1,présent,présent,absent,présent
6000976,E00168,F,15,1,présent,présent,présent,présent
T000927,E00169,F,6,1,présent,absent,présent,présent
T000978,E00169,H,10,1,présent,absent,présent,présent
T000979,E00169,H,8,1,présent,présent,absent,présent
T000980,E00169,F,5,1,présent,présent,NA,présent
T000981,E00169,H,14,1,présent,présent,absent,présent
T040982,E00169,H,1,1,présent,présent,présent,présent
T000983,E00169,H,0,1,absent,présent,présent,présent
T000984,E00169,H,18,1,présent,présent,présent,présent
T000985,E00169,H,15,1,présent,présent,présent,présent
T000986,E00169,H,7,1,présent,présent,présent,présent
T000987,E00169,F,16,1,présent,absent,présent,présent
T000988,E00170,H,0,1,absent,présent,présent,présent
T000989,E00170,H,21,1,absent,présent,présent,présent
T000990,E00170,F,7,1,présent,présent,présent,présent
T000991,E00170,H,22,1,présent,présent,présent,présent
T000992,E00170,H,18,1,présent,présent,présent,présent
T000993,E00170,F,9,1,présent,présent,présent,présent
T000994,E00170,H,0,1,présent,présent,présent,présent
T000995,E00170,H,7,1,présent,présent,présent,présent
T000996,E00170,F,11,1,présent,présent,absent,présent
T000997,E00170,H,9,1,absent,présent,présent,présent
T000998,E00170,H,3,1,présent,présent,présent,présent
T000999,E00171,H,11,1,absent,absent,absent,présent
T001000,E00171,F,7,1,présent,présent,présent,présent
T001001,E00171,H,8,1,absent,absent,absent,présent
T001002,E00171,H,0,1,absent,présent,absent,présent
T001003,E00171,F,13,1,présent,présent,présent,présent
T001004,E00172,H,0,1,absent,présent,présent,présent
T001005,E00172,H,16,1,absent,présent,présent,présent
T001006,E00172,F,10,1,NA,présent,présent,présent
T001007,E00172,H,9,1,présent,présent,présent,présent
T001068,E00172,H,9,1,présent,présent,absent,absent
T001009,E00172,F,8,1,présent,présent,présent,absent
T001010,E00172,F,13,1,présent,présent,absent,présent
T001011,E00172,H,9,1,absent,présent,présent,présent
T001012,E00172,H,3,1,absent,présent,présent,présent
T001013,E00172,H,16,1,absent,présent,présent,présent
T001014,E00173,H,17,1,présent,présent,présent,présent
T001015,E00173,H,16,1,présent,présent,présent,absent
T001016,E00173,H,16,1,présent,présent,présent,présent
T001017,E00173,F,3,1,présent,présent,présent,absent
T001018,E00174,F,0,1,présent,présent,absent,absent
T001019,E00174,F,5,1,présent,absent,absent,absent
T001020,E00174,H,17,1,présent,présent,absent,absent
T001021,E00174,H,8,1,absent,absent,absent,présent
T001022,E00175,H,9,1,absent,présent,absent,absent
T001023,E00175,H,1,1,absent,absent,absent,absent
T001024,E00175,H,13,1,absent,absent,présent,absent
T001025,E00175,H,8,1,absent,présent,absent,présent
T001026,E00175,H,3,1,présent,présent,présent,présent
T001027,E00176,H,0,1,présent,présent,absent,présent
T001028,E00176,F,4,1,NA,présent,absent,présent
T001029,E00176,H,15,1,présent,présent,présent,présent
T001030,E00176,H,4,1,présent,présent,présent,présent
T001031,E00177,H,15,1,présent,présent,présent,présent
T001032,E00177,H,12,1,absent,présent,présent,présent
T001033,E00177,H,12,1,absent,présent,présent,absent
T001034,E00178,H,4,1,présent,présent,présent,absent
T001035,E00178,H,8,1,absent,absent,absent,présent
T001036,E00179,H,0,1,absent,absent,présent,absent
T001037,E00179,H,5,1,absent,absent,absent,absent
T001038,E00179,F,20,1,présent,présent,présent,présent
T001039,E00179,H,15,1,présent,absent,présent,absent
T021040,E00179,H,5,1,absent,absent,absent,présent
T001041,E00179,H,20,1,présent,présent,absent,absent
T001042,E00180,H,9,1,présent,présent,absent,absent
T001043,E00180,H,9,1,présent,présent,NA,présent
T001044,E00180,F,22,1,absent,présent,absent,présent
T001045,E00180,F,0,1,présent,présent,présent,absent
T001046,E00180,H,12,1,présent,présent,présent,présent
T001047,E00180,H,0,1,présent,présent,présent,présent
T001048,E00180,F,9,1,absent,NA,présent,absent
T001049,E00180,H,8,1,présent,absent,présent,présent
T001050,E00180,F,9,1,présent,présent,présent,présent
T001031,E00180,H,23,1,présent,présent,présent,présent
T001052,E00180,H,16,1,présent,absent,NA,absent
T001053,E00180,H,5,1,présent,présent,présent,présent
T001054,E00180,H,5,1,NA,absent,présent,présent
T001055,E00180,H,14,1,présent,absent,présent,présent
T001056,E00180,H,11,1,présent,présent,NA,absent
T001057,E00181,F,10,1,absent,absent,absent,absent
T001058,E00181,F,11,1,absent,absent,absent,présent
T001059,E00182,F,10,1,présent,présent,présent,présent
T001060,E00182,H,4,1,présent,NA,présent,présent
T001061,E00182,F,16,1,absent,absent,présent,absent
T001062,E00182,H,4,1,présent,présent,absent,présent
T001063,E00183,F,0,1,NA,présent,présent,présent
T001064,E00183,F,4,1,présent,présent,présent,présent
T001065,E00183,F,2,1,présent,présent,présent,présent
T001066,E00184,H,16,1,présent,présent,présent,présent
T001067,E00184,F,9,1,présent,présent,présent,présent
T001068,E00184,H,11,1,présent,présent,présent,présent
T001069,E00184,F,2,1,présent,présent,présent,présent
T001075,E00185,H,0,1,présent,présent,absent,présent
T001071,E00185,H,4,1,présent,présent,présent,présent
T001072,E00185,F,5,1,présent,présent,présent,absent
T001073,E00185,F,17,1,absent,présent,présent,absent
T001074,E00185,H,2,1,absent,présent,présent,absent
T001075,E00185,H,11,1,présent,absent,absent,présent
T001076,E00186,H,18,1,présent,présent,présent,présent
T301077,E00186,H,5,1,présent,présent,présent,présent
T001078,E00186,H,14,1,présent,présent,présent,présent
T001079,E00186,F,5,1,présent,présent,présent,absent
T001080,E00186,F,18,1,présent,présent,absent,absent
T001081,E00186,F,4,1,présent,présent,présent,absent
T001082,E00186,H,22,1,présent,absent,présent,présent
T001083,E00186,F,11,1,NA,présent,présent,absent
T001084,E00186,F,6,1,présent,présent,présent,présent
T001085,E00186,H,3,1,absent,présent,présent,absent
T001086,E00187,H,6,1,présent,NA,présent,présent
T001087,E00187,H,19,1,présent,présent,présent,présent
T001088,E00187,F,13,1,présent,absent,absent,présent
T001089,E00187,F,8,1,présent,présent,présent,présent
T001090,E00187,F,10,1,présent,présent,présent,présent
T001091,E00187,F,5,1,absent,présent,présent,présent
T001092,E00188,H,15,1,présent,présent,présent,présent
T001093,E00188,H,15,1,présent,présent,présent,présent
T001094,E00188,F,8,1,présent,présent,présent,présent
T001095,E00188,H,3,1,présent,absent,absent,absent
T001056,E00188,H,8,1,présent,présent,absent,présent
T001097,E00188,F,10,1,présent,présent,présent,présent
T001098,E00188,F,15,1,présent,présent,présent,présent
T001099,E00188,F,19,1,présent,présent,présent,présent
T001100,E00188,H,12,1,présent,présent,présent,présent
T001101,E00188,H,18,1,présent,présent,présent,présent
T001102,E00188,F,19,1,présent,présent,absent,présent
T001103,E00189,H,4,1,présent,présent,présent,présent
T001104,E00189,F,6,1,présent,présent,présent,présent
T001105,E00189,H,1,1,présent,présent,présent,présent
T001106,E00189,F,13,1,présent,présent,présent,présent
T001107,E00189,H,3,1,absent,présent,présent,présent
T001108,E00189,F,12,1,présent,absent,présent,présent
T001109,E00189,H,18,1,présent,présent,présent,présent
T001110,E00189,F,4,1,présent,présent,présent,présent
T001111,E00189,H,13,1,présent,présent,absent,présent
T001112,E00189,F,17,1,absent,NA,présent,présent
T001113,E00189,H,6,1,présent,présent,présent,présent
T001114,E00189,F,10,1,présent,présent,présent,présent
T001115,E00190,H,8,1,présent,présent,présent,présent
T001116,E00190,F,12,1,présent,présent,présent,présent
T001117,E00190,H,19,1,présent,présent,absent,absent
T001118,E00191,F,16,1,présent,absent,présent,présent
T001119,E00191,F,17,1,présent,présent,présent,présent
T001120,E00191,H,1,1,présent,présent,présent,présent
T001121,E00191,F,22,1,présent,présent,présent,présent
T001122,E00191,H,9,1,absent,présent,présent,NA
T001123,E00191,F,6,1,présent,présent,présent,présent
T001124,E00191,F,2,1,absent,présent,présent,absent
T001525,E00191,F,5,1,présent,présent,présent,présent
T001126,E00191,F,14,1,présent,présent,présent,présent
T001127,E00191,F,17,1,absent,présent,présent,présent
T001128,E00191,F,4,1,absent,présent,présent,présent
T001129,E00192,H,7,1,absent,présent,absent,présent
T001130,E00192,F,0,1,présent,présent,présent,présent
T001131,E00193,H,7,1,présent,présent,présent,présent
T001132,E00193,F,15,1,présent,absent,présent,présent
T001133,E00193,H,0,1,présent,absent,présent,présent
T001134,E00193,H,0,1,présent,présent,présent,présent
T001135,E00193,F,11,1,présent,présent,absent,présent
T001136,E00194,F,11,1,absent,présent,présent,absent
T001137,E00194,F,13,1,NA,présent,absent,présent
T001138,E00194,F,7,1,absent,présent,présent,présent
T001139,E00194,H,4,1,absent,absent,NA,présent
T001140,E00194,H,15,1,absent,présent,présent,absent
2001141,E00194,H,15,1,présent,présent,présent,présent
T001142,E00194,F,4,1,présent,présent,présent,présent
T001143,E00195,F,6,1,présent,présent,présent,présent
T001144,E00195,F,11,1,présent,présent,présent,présent
T001145,E00195,F,14,1,présent,présent,présent,présent
T001146,E00195,H,0,1,présent,présent,présent,absent
T001647,E00195,F,0,1,présent,présent,présent,présent
T001148,E00196,F,0,1,présent,présent,présent,présent
T001149,E00196,F,9,1,présent,absent,absent,présent
T001150,E00196,F,3,1,présent,présent,présent,présent
T001151,E00196,H,2,1,présent,présent,présent,présent
T001152,E00196,H,15,1,présent,présent,présent,présent
T001153,E00197,H,14,1,présent,présent,présent,présent
T001154,E00197,H,7,1,présent,présent,absent,présent
3001155,E00197,F,19,1,présent,présent,présent,absent
T001156,E00197,H,8,1,présent,présent,présent,présent
T001157,E00197,F,15,1,présent,présent,présent,présent
T001158,E00198,F,7,1,absent,absent,absent,absent
T001159,E00198,F,8,1,présent,absent,NA,absent
T001160,E00198,F,15,1,présent,présent,présent,présent
T001161,E00198,F,7,1,présent,présent,présent,présent
T001162,E00198,H,21,1,présent,présent,présent,présent
T001163,E00198,F,5,1,présent,présent,présent,présent
T001164,E00198,H,14,1,présent,présent,présent,absent
T001165,E00198,H,10,1,présent,présent,présent,présent
T001166,E00198,H,7,1,présent,absent,présent,présent
T001167,E00198,H,7,1,présent,présent,présent,présent
T001168,E00199,H,0,1,présent,présent,présent,présent
T001169,E00199,F,3,1,absent,présent,absent,présent
T001170,E00199,F,9,1,présent,présent,présent,présent
T001171,E00199,H,14,1,présent,absent,présent,présent
T001172,E00199,H,2,1,présent,présent,présent,présent
T001173,E00199,F,3,1,absent,présent,absent,absent
T001174,E00199,H,8,1,présent,présent,présent,absent
T001175,E00199,H,4,1,absent,absent,absent,présent
T001176,E00200,H,9,1,présent,présent,présent,présent
T001177,E00200,H,15,1,présent,présent,présent,présent
T001178,E00200,H,8,1,présent,présent,présent,absent
T001179,E00200,F,5,1,présent,présent,présent,présent
T001180,E00200,H,14,1,présent,présent,présent,présent
T001191,E00200,H,12,1,présent,présent,présent,absent
T001182,E00200,H,1,1,présent,présent,présent,présent
T001183,E00200,F,9,1,absent,présent,présent,présent
T001184,E00200,H,1,1,présent,présent,NA,présent
T001185,E00200,H,1,1,présent,présent,présent,présent
T001186,E00200,H,9,1,présent,présent,présent,présent
T001187,E00200,F,7,1,présent,présent,présent,présent
T001188,E00200,F,6,1,absent,présent,présent,présent
T001189,E00200,H,13,1,présent,présent,présent,présent
T001190,E00200,F,8,1,présent,présent,présent,présent
T001191,E00200,H,11,1,présent,présent,absent,présent
T001192,E00200,F,6,1,présent,présent,présent,présent
T001193,E00200,H,21,1,présent,présent,NA,présent
T001194,E00201,F,9,1,présent,présent,présent,absent
T001195,E00201,H,4,1,NA,présent,présent,présent
T001196,E00201,F,13,1,absent,présent,présent,NA
T001197,E00201,H,7,1,NA,présent,absent,NA
T001198,E00201,H,16,1,présent,présent,absent,présent
T001199,E00201,H,0,1,présent,présent,présent,présent
T001200,E00201,F,25,1,NA,présent,absent,présent
T001201,E00201,F,0,1,NA,absent,présent,présent
T001202,E00202,H,0,1,absent,absent,présent,absent
T001203,E00202,H,0,1,absent,absent,absent,présent
T001204,E00202,H,1,1,absent,présent,présent,absent
T001205,E00202,H,7,1,absent,présent,présent,présent
T001206,E00202,F,19,1,présent,présent,présent,présent
T001207,E00203,H,9,1,présent,absent,présent,présent
T001208,E00203,F,14,1,présent,absent,présent,présent
T001209,E00203,H,12,1,présent,présent,présent,présent
T001210,E00203,H,18,1,présent,présent,présent,présent
T001211,E00203,H,0,1,présent,présent,présent,présent
T001212,E00203,H,12,1,présent,présent,présent,présent
T001213,E00204,H,13,1,absent,présent,présent,présent
T001214,E00204,F,0,1,présent,absent,absent,présent
T001215,E00204,F,11,1,présent,présent,absent,absent
T001216,E00204,H,5,1,présent,absent,présent,absent
T001217,E00204,F,2,1,présent,présent,présent,présent
T001218,E00205,F,0,1,présent,absent,absent,présent
T001219,E00205,H,13,1,NA,présent,présent,présent
T001220,E00205,H,11,1,absent,présent,présent,présent
T001221,E00205,F,18,1,présent,présent,présent,présent
T001222,E00205,F,11,1,présent,présent,présent,présent
T001223,E00205,F,2,1,présent,présent,présent,absent
T001224,E00205,F,20,1,présent,présent,présent,présent
T001225,E00205,F,17,1,présent,présent,présent,présent
T051226,E00206,H,16,1,présent,présent,NA,présent
T001227,E00206,F,10,1,présent,présent,présent,absent
T001228,E00206,H,20,1,présent,présent,présent,présent
T001229,E00206,F,15,1,présent,présent,présent,présent
T001230,E00206,H,13,1,présent,NA,présent,NA
T001231,E00206,H,17,1,présent,présent,présent,présent
T001232,E00207,H,18,1,présent,présent,présent,présent
T001238,E00207,H,14,1,présent,présent,absent,présent
T001234,E00207,H,1,1,présent,absent,présent,présent
T001235,E00207,F,0,1,présent,présent,présent,absent
T001236,E00208,H,0,1,présent,présent,présent,présent
T001237,E00208,F,14,1,absent,présent,présent,présent
T001238,E00208,F,7,1,présent,NA,présent,présent
T001239,E00208,F,10,1,absent,présent,présent,présent
T001240,E00208,H,2,1,présent,présent,présent,présent
T001241,E00208,H,4,1,présent,présent,présent,présent
T001242,E00208,F,9,1,présent,présent,présent,présent
T001243,E00208,F,15,1,présent,absent,présent,présent
T001244,E00208,F,2,1,présent,NA,présent,présent
T001245,E00208,H,9,1,présent,présent,présent,absent
T001246,E00209,H,1,1,présent,présent,présent,présent
T001247,E00209,H,17,1,présent,présent,présent,présent
T001248,E00209,F,8,1,présent,absent,présent,présent
T001249,E00209,H,15,1,présent,présent,présent,présent
T001250,E00209,H,0,1,présent,présent,présent,présent
T001251,E00209,H,10,1,présent,présent,présent,présent
T001252,E00209,F,17,1,présent,présent,NA,présent
T001253,E00209,F,12,1,présent,présent,présent,présent
T001254,E00209,F,11,1,présent,NA,présent,présent
T001255,E00210,F,12,1,présent,NA,présent,absent
T001256,E00210,F,8,1,présent,absent,présent,présent
T001257,E00211,H,9,1,présent,présent,présent,présent
T001258,E00211,H,11,1,NA,absent,présent,absent
T001259,E00212,H,0,1,présent,présent,présent,présent
T001260,E00212,H,18,1,présent,présent,présent,présent
T001261,E00212,F,3,1,présent,présent,NA,présent
T001262,E00213,H,1,1,présent,présent,présent,présent
T001263,E00213,H,9,1,présent,présent,NA,présent
T001264,E00213,F,0,1,présent,NA,présent,présent
T001265,E00213,F,15,1,présent,présent,présent,présent
T001266,E00213,H,5,1,présent,présent,présent,absent
T001267,E00214,F,22,1,présent,présent,présent,présent
T001268,E00214,F,17,1,présent,présent,absent,absent
T001269,E00214,H,16,1,absent,présent,présent,présent
T001270,E00214,H,10,1,présent,absent,présent,présent
T001271,E00214,H,3,1,présent,NA,présent,présent
T001272,E00215,H,0,1,présent,présent,présent,présent
T001273,E00215,H,0,1,présent,présent,présent,présent
T001274,E00215,F,15,1,présent,présent,absent,absent
T001275,E00215,H,8,1,présent,présent,présent,présent
T001276,E00216,F,0,1,présent,NA,présent,présent
T001277,E00216,F,15,1,présent,présent,présent,présent
T001278,E00216,F,9,1,présent,présent,présent,présent
T001279,E00216,H,11,1,présent,présent,présent,absent
T001280,E00216,F,12,1,présent,présent,absent,présent
T061281,E00216,F,12,1,présent,présent,présent,présent
T001282,E00216,H,4,1,absent,présent,présent,absent
T001283,E00217,H,26,1,présent,présent,présent,présent
T001284,E00217,F,16,1,présent,présent,présent,présent
T001285,E00217,H,2,1,présent,présent,présent,présent
T001286,E00217,F,0,1,présent,présent,présent,présent
T001287,E00217,F,10,1,absent,présent,présent,présent
T001288,E00217,F,2,1,présent,présent,présent,NA
T001289,E00217,H,15,1,NA,présent,présent,présent
T001290,E00217,H,7,1,absent,présent,présent,présent
T001291,E00217,H,10,1,présent,présent,présent,présent
T001292,E00218,H,11,1,présent,présent,présent,absent
T001293,E00218,H,5,1,absent,absent,présent,présent
T001294,E00218,F,2,1,présent,présent,présent,présent
T001295,E00218,H,11,1,présent,présent,présent,présent
T001296,E00218,F,12,1,présent,présent,présent,présent
T001297,E00218,F,0,1,présent,présent,présent,présent
T001298,E00218,H,12,1,présent,présent,présent,absent
T001299,E00218,H,8,1,présent,absent,présent,présent
T001300,E00218,F,14,1,présent,présent,présent,présent
T001301,E00219,H,8,1,présent,absent,absent,présent
T071302,E00219,F,0,1,présent,présent,présent,présent
T001303,E00219,F,11,1,absent,présent,présent,présent
T001304,E00219,F,0,1,absent,présent,présent,présent
T001305,E00219,F,6,1,présent,présent,présent,présent
T001306,E00219,H,3,1,absent,présent,présent,absent
T001307,E00219,F,0,1,présent,présent,présent,présent
T001308,E00219,H,15,1,absent,présent,présent,présent
T001309,E00219,H,5,1,présent,présent,présent,présent
T001310,E00219,F,5,1,NA,présent,présent,présent
T001311,E00219,F,10,1,absent,absent,présent,présent
T001312,E00220,H,0,1,présent,absent,présent,absent
T001313,E00220,H,13,1,présent,présent,présent,présent
T001314,E00220,H,4,1,présent,présent,présent,présent
T001315,E00220,H,5,1,absent,absent,absent,absent
T001316,E00220,F,10,1,absent,présent,absent,présent
T001317,E00220,H,8,1,présent,absent,absent,absent
T001318,E00221,H,12,1,présent,présent,absent,présent
T001319,E00221,H,7,1,présent,présent,présent,présent
T001320,E00221,H,13,1,présent,présent,présent,présent
T000321,E00221,F,11,1,absent,présent,présent,présent
T001322,E00221,H,15,1,présent,présent,présent,présent
T001323,E00221,H,1,1,absent,présent,présent,présent
T001324,E00221,H,15,1,absent,absent,présent,présent
T001325,E00221,F,2,1,présent,présent,présent,présent
T001326,E00221,H,7,1,présent,absent,présent,présent
T001327,E00221,H,23,1,présent,présent,présent,absent
T001328,E00221,H,5,1,présent,présent,présent,présent
T001329,E00222,F,13,1,présent,présent,présent,absent
T001330,E00222,H,8,1,présent,présent,présent,absent
T001331,E00222,H,15,1,NA,présent,présent,NA
T001332,E00223,F,0,1,présent,présent,présent,présent
T001333,E00223,H,5,1,présent,présent,absent,présent
T001334,E00223,H,16,1,présent,présent,absent,présent
T001335,E00223,F,12,1,présent,présent,absent,présent
T001336,E00223,H,4,1,absent,présent,présent,présent
T001337,E00223,H,13,1,présent,présent,présent,présent
T001338,E00223,F,17,1,présent,absent,présent,présent
T001339,E00223,F,6,1,présent,présent,présent,présent
T101340,E00223,F,21,1,présent,présent,présent,présent
T003341,E00224,F,12,1,présent,présent,présent,présent
T001342,E00224,H,0,1,absent,présent,absent,absent
T001343,E00224,H,10,1,présent,présent,présent,présent
T001344,E00225,H,11,1,présent,présent,absent,absent
T001345,E00225,H,8,1,absent,présent,présent,présent
T001346,E00225,F,0,1,présent,absent,présent,présent
T001347,E00225,H,20,1,présent,présent,absent,absent
T001348,E00225,F,12,1,présent,présent,absent,présent
T001349,E00225,F,13,1,présent,présent,présent,présent
T001350,E00225,H,19,1,présent,présent,présent,présent
T001351,E00225,H,15,1,présent,présent,absent,présent
T001352,E00225,H,11,1,présent,présent,présent,présent
T001353,E00225,H,3,1,présent,présent,présent,absent
T001354,E00225,H,5,1,NA,NA,absent,présent
T001355,E00225,F,1,1,présent,présent,présent,absent
T001356,E00225,H,15,1,présent,présent,présent,présent
T001357,E00225,F,13,1,présent,présent,présent,présent
T001358,E00225,H,12,1,présent,présent,absent,absent
T001359,E00226,F,8,1,présent,présent,présent,présent
T001360,E00226,F,3,1,présent,absent,présent,présent
T001361,E00226,H,13,1,présent,présent,présent,présent
T001462,E00226,H,15,1,présent,présent,absent,présent
T001363,E00226,F,8,1,absent,présent,présent,absent
T001364,E00226,F,12,1,présent,présent,absent,présent
T001365,E00226,F,12,1,présent,présent,présent,présent
T001366,E00226,H,21,1,présent,absent,présent,présent
T001367,E00226,H,11,1,présent,NA,présent,présent
T001368,E00226,F,10,1,absent,présent,présent,présent
T001369,E00227,H,18,1,présent,présent,présent,présent
T001370,E00227,H,10,1,présent,présent,présent,présent
T001371,E00227,F,0,1,présent,présent,présent,présent
T001372,E00227,F,2,1,absent,présent,absent,absent
T001373,E00227,F,1,1,présent,présent,présent,présent
T001374,E00227,F,20,1,présent,présent,présent,présent
T001375,E00227,H,10,1,présent,absent,présent,présent
T001379,E00228,F,12,1,présent,présent,présent,présent
T001377,E00228,H,15,1,présent,présent,NA,présent
T001378,E00228,F,21,1,absent,présent,présent,présent
T001379,E00228,H,3,1,présent,présent,absent,présent
T001380,E00228,H,5,1,présent,présent,présent,présent
T001381,E00228,H,3,1,NA,présent,présent,présent
T001382,E00228,H,16,1,absent,présent,présent,présent
T101383,E00228,F,8,1,présent,présent,présent,absent
T001384,E00228,H,5,1,présent,présent,présent,présent
T001385,E00228,F,10,1,présent,présent,présent,présent
T001386,E00228,F,8,1,absent,présent,présent,présent
T001387,E00229,H,14,1,présent,présent,présent,NA
T001388,E00229,H,11,1,présent,présent,présent,absent
T001389,E00229,H,10,1,présent,présent,absent,absent
T001390,E00229,F,10,1,présent,présent,présent,présent
T001391,E00229,F,4,1,présent,présent,présent,présent
T001392,E00229,H,13,1,absent,présent,absent,présent
T001393,E00229,H,13,1,présent,présent,absent,présent
T001394,E00230,H,14,1,présent,présent,présent,présent
T001395,E00230,F,6,1,présent,présent,présent,présent
T001396,E00230,H,9,1,présent,présent,présent,présent
T001397,E00230,H,1,1,présent,présent,présent,présent
T001398,E00230,F,6,1,présent,présent,présent,présent
T001399,E00230,H,18,1,présent,présent,présent,présent
T001400,E00230,F,16,1,présent,présent,présent,présent
T001401,E00230,F,5,1,présent,présent,présent,présent
T001402,E00230,F,1,1,présent,présent,présent,présent
T001403,E00230,F,8,1,présent,présent,présent,absent
T001404,E00230,F,2,1,absent,présent,absent,présent
T001405,E00231,H,10,1,absent,absent,absent,présent
T001406,E00231,H,16,1,présent,présent,présent,absent
T001407,E00231,H,4,1,présent,présent,présent,présent
T001408,E00232,F,10,1,présent,absent,présent,présent
T001409,E00232,H,9,1,absent,absent,absent,absent
T001410,E00232,F,5,1,présent,absent,présent,présent
T001411,E00232,F,1,1,présent,absent,absent,présent
T001412,E00232,F,0,1,absent,présent,présent,présent
2001413,E00232,H,2,1,présent,absent,absent,absent
T001414,E00233,H,15,1,présent,présent,présent,NA
T001415,E00233,F,5,1,présent,présent,présent,présent
T001416,E00233,H,14,1,absent,absent,absent,absent
T001417,E00233,H,15,1,présent,présent,présent,présent
T001418,E00233,H,0,1,présent,NA,présent,présent
T001419,E00233,F,16,1,présent,présent,absent,présent
T001420,E00233,H,11,1,présent,présent,présent,présent
T001421,E00233,F,14,1,présent,présent,présent,présent
T001422,E00233,F,3,1,présent,présent,absent,présent
T001423,E00233,F,2,1,présent,présent,absent,présent
T001424,E00233,H,9,1,absent,présent,absent,présent
T001425,E00233,H,7,1,présent,présent,présent,présent
T001426,E00233,F,5,1,présent,présent,présent,NA
T001427,E00234,H,13,1,absent,présent,présent,présent
T001428,E00234,F,18,1,absent,présent,absent,présent
T001429,E00235,F,7,1,présent,présent,absent,présent
T001430,E00235,F,13,1,présent,présent,présent,présent
T001431,E00235,H,8,1,absent,présent,présent,présent
T001432,E00235,H,0,1,présent,présent,présent,présent
T001433,E00235,H,4,1,présent,présent,présent,présent
T001434,E00235,F,12,1,présent,présent,présent,présent
T001435,E00235,F,8,1,absent,absent,présent,présent
T001436,E00235,H,1,1,présent,présent,présent,présent
T001437,E00235,H,7,1,NA,présent,présent,présent
T001438,E00236,F,15,1,absent,NA,absent,absent
T001439,E00236,H,10,1,présent,présent,présent,présent
T001440,E00236,H,10,1,présent,présent,présent,présent
T001441,E00237,F,10,1,présent,présent,présent,présent
T001442,E00237,H,5,1,absent,absent,absent,présent
T001443,E00237,H,19,1,présent,présent,présent,présent
T001444,E00237,H,9,1,présent,présent,présent,présent
T001445,E00237,F,0,1,présent,présent,absent,absent
T001446,E00237,H,15,1,présent,absent,présent,présent
T001447,E00237,H,16,1,présent,présent,présent,présent
T001448,E00237,F,9,1,présent,présent,présent,présent
T001449,E00237,H,27,1,NA,présent,présent,présent
T001450,E00238,H,5,1,présent,présent,présent,NA
T001458,E00238,F,8,1,présent,présent,présent,présent
T001452,E00238,F,9,1,présent,présent,présent,présent
T001453,E00238,H,14,1,présent,présent,présent,présent
T001454,E00239,H,11,1,absent,présent,présent,présent
T001455,E00239,H,15,1,présent,présent,absent,présent
T001656,E00239,H,8,1,présent,présent,absent,présent
T001457,E00240,F,4,1,présent,présent,présent,présent
T001458,E00240,H,0,1,présent,absent,présent,présent
T001459,E00240,H,11,1,présent,présent,présent,présent
T001460,E00240,H,4,1,absent,présent,présent,absent
T001461,E00240,H,8,1,présent,présent,présent,présent
T001462,E00241,F,8,1,présent,NA,présent,présent
T001463,E00241,F,11,1,présent,présent,présent,présent
T001464,E00241,H,9,1,présent,présent,présent,présent
T001465,E00241,F,10,1,présent,présent,présent,présent
T001466,E00241,F,11,1,présent,présent,absent,présent
T091467,E00241,F,2,1,présent,présent,présent,présent
T001468,E00241,H,14,1,présent,présent,présent,présent
T801469,E00241,F,6,1,présent,présent,présent,présent
T001470,E00241,F,15,1,NA,présent,présent,présent
T001471,E00241,H,12,1,présent,présent,présent,présent
T001472,E00241,H,12,1,présent,présent,présent,présent
T001473,E00241,F,13,1,présent,présent,présent,présent
T001474,E00241,H,0,1,présent,présent,présent,absent
T001475,E00241,F,16,1,présent,présent,présent,présent
T001476,E00241,F,24,1,présent,présent,présent,présent
T001477,E00241,F,8,1,présent,présent,présent,présent
T001478,E00241,H,10,1,présent,absent,présent,absent
T001479,E00241,F,17,1,présent,absent,absent,absent
T001480,E00242,H,21,1,présent,présent,présent,présent
T001481,E00242,F,1,1,présent,présent,présent,présent
T001482,E00242,F,19,1,présent,présent,présent,absent
T071483,E00242,F,8,1,présent,présent,présent,présent
T001484,E00242,H,6,1,présent,absent,présent,NA
T001485,E00242,F,6,1,présent,présent,absent,présent
T001486,E00242,H,4,1,présent,présent,présent,présent
T001487,E00242,H,0,1,présent,présent,présent,présent
T001488,E00242,F,2,1,présent,présent,présent,présent
T001489,E00242,F,8,1,présent,présent,présent,présent
T001490,E00242,H,17,1,présent,NA,présent,présent
T001491,E00243,F,16,1,absent,présent,présent,présent
T001492,E00243,H,5,1,absent,absent,absent,NA
T001493,E00243,F,14,1,présent,présent,présent,présent
T001494,E00243,F,3,1,absent,présent,présent,absent
T001495,E00243,H,1,1,absent,absent,présent,présent
T001496,E00243,F,4,1,présent,absent,absent,absent
T001497,E00243,H,12,1,présent,absent,présent,absent
T001498,E00244,H,9,1,présent,présent,présent,présent
T001499,E00244,H,14,1,NA,présent,présent,présent
T001500,E00244,F,1,1,présent,présent,absent,absent
T001501,E00244,H,1,1,présent,absent,présent,présent
T001502,E00244,F,2,1,présent,présent,absent,absent
T001503,E00244,H,7,1,présent,présent,présent,présent
T001504,E00244,H,3,1,absent,présent,absent,présent
T001505,E00244,H,3,1,présent,présent,absent,présent
T001506,E00244,F,3,1,présent,présent,présent,présent
T001507,E00245,F,10,1,présent,présent,présent,présent
T001508,E00245,H,6,1,présent,présent,présent,présent
T001509,E00245,H,11,1,présent,présent,présent,absent
T001510,E00245,F,18,1,présent,présent,présent,présent
T001511,E00245,H,0,1,absent,présent,présent,présent
T001512,E00245,F,10,1,présent,absent,absent,présent
T001513,E00246,H,10,1,présent,présent,absent,présent
T001514,E00246,H,20,1,présent,présent,présent,présent
T001515,E00246,H,23,1,présent,présent,présent,présent
T001516,E00246,H,12,1,NA,présent,présent,présent
T001517,E00246,F,18,1,présent,présent,présent,présent
T001518,E00246,F,4,1,NA,présent,présent,présent
T001519,E00246,F,11,1,présent,absent,présent,présent
T001520,E00246,H,14,1,présent,présent,présent,absent
T001521,E00246,F,21,1,présent,présent,présent,présent
T001512,E00246,H,0,1,NA,présent,présent,présent
T001523,E00246,H,23,1,présent,présent,absent,présent
T001524,E00246,F,15,1,présent,présent,présent,présent
T001525,E00247,H,6,1,présent,présent,présent,présent
T001526,E00247,H,0,1,absent,absent,présent,absent
T001527,E00247,H,4,1,présent,présent,présent,présent
T001528,E00247,H,3,1,présent,présent,présent,présent
T001529,E00247,H,21,1,présent,présent,présent,présent
T001530,E00248,H,19,1,présent,présent,NA,NA
T001531,E00248,H,16,1,présent,présent,présent,présent
T001532,E00248,F,15,1,présent,présent,présent,absent
T001533,E00248,H,0,1,présent,NA,présent,présent
T001534,E00248,H,20,1,présent,présent,présent,présent
T001535,E00248,H,1,1,présent,présent,présent,présent
T001536,E00248,H,4,1,présent,présent,présent,présent
T001537,E00248,H,14,1,absent,présent,présent,présent
T001538,E00249,H,6,1,absent,absent,absent,présent
T001539,E00249,H,3,1,présent,absent,absent,absent
T001540,E00249,H,3,1,présent,absent,présent,présent
T001541,E00249,F,9,1,présent,absent,présent,présent
T001542,E00249,H,7,1,présent,présent,absent,présent
T001543,E00250,H,5,1,absent,présent,présent,NA
T001544,E00250,H,17,1,absent,présent,présent,NA
T001545,E00250,F,6,1,présent,présent,absent,présent
T001546,E00251,H,15,1,présent,présent,présent,présent
T001547,E00251,F,6,1,présent,présent,absent,présent
T001548,E00251,H,0,1,présent,absent,présent,présent
T001549,E00251,F,1,1,présent,présent,présent,absent
T001550,E00251,H,11,1,présent,présent,absent,présent
T001551,E00251,F,3,1,absent,NA,présent,absent
T001552,E00252,H,2,1,présent,présent,présent,présent
T001553,E00252,H,19,1,présent,présent,présent,présent
T001954,E00252,F,16,1,présent,présent,présent,présent
T001555,E00252,F,5,1,présent,présent,présent,présent
T001556,E00252,F,17,1,présent,présent,absent,présent
T001557,E00252,F,2,1,absent,présent,présent,présent
T001558,E00252,H,9,1,présent,présent,présent,présent
T001559,E00252,H,19,1,présent,présent,présent,présent
T001560,E00253,H,7,1,absent,absent,absent,absent
T001561,E00253,F,20,1,présent,présent,présent,présent
T001562,E00253,H,17,1,présent,présent,NA,absent
T001563,E00253,F,0,1,présent,absent,présent,absent
T001564,E00253,F,10,1,présent,absent,absent,absent
T001565,E00253,H,8,1,présent,présent,présent,présent
T001566,E00253,F,7,1,présent,présent,présent,présent
T001567,E00253,F,0,1,absent,présent,présent,absent
T001568,E00253,F,0,1,absent,absent,présent,présent
T001569,E00253,H,0,1,présent,absent,absent,présent
T001570,E00253,F,16,1,présent,absent,présent,présent
T001571,E00254,H,10,1,NA,NA,présent,absent
T001572,E00254,H,5,1,présent,présent,présent,présent
T001573,E00254,H,13,1,présent,présent,présent,présent
T001577,E00254,H,6,1,absent,présent,absent,absent
T001575,E00254,H,5,1,absent,absent,présent,présent
T001076,E00254,H,0,1,absent,absent,absent,présent
T001577,E00254,H,0,1,absent,présent,absent,présent
T001578,E00255,H,1,1,absent,présent,absent,absent
T001579,E00255,H,9,1,absent,absent,absent,présent
T001580,E00255,H,0,1,absent,absent,présent,présent
T001581,E00255,H,4,1,absent,présent,présent,absent
T001582,E00255,H,2,1,absent,présent,présent,présent
T001583,E00255,F,11,1,présent,absent,présent,présent
T001584,E00256,F,15,1,présent,présent,présent,présent
T001555,E00256,F,1,1,présent,présent,présent,présent
T000586,E00256,H,0,1,présent,présent,présent,présent
T001587,E00256,H,19,1,absent,présent,présent,présent
T001588,E00256,F,6,1,NA,présent,présent,présent
T001589,E00256,H,6,1,absent,présent,présent,présent
T001590,E00256,H,23,1,présent,présent,NA,présent
T001591,E00257,F,15,1,présent,présent,présent,présent
T001592,E00257,F,4,1,absent,présent,absent,présent
T001593,E00257,H,0,1,absent,absent,présent,présent
T001594,E00257,F,10,1,présent,présent,présent,présent
T001595,E00257,F,11,1,absent,absent,présent,absent
T081596,E00257,H,4,1,présent,présent,absent,présent
T001597,E00258,H,15,1,présent,présent,présent,présent
T001598,E00258,F,11,1,NA,présent,NA,présent
T001599,E00258,F,10,1,présent,absent,présent,présent
T001600,E00259,H,0,1,présent,présent,absent,absent
T001601,E00259,F,10,1,présent,présent,présent,présent
T001602,E00259,F,0,1,présent,présent,présent,présent
T001603,E00259,H,2,1,présent,présent,présent,NA
T001604,E00259,F,16,1,NA,présent,absent,présent
T001605,E00259,H,13,1,absent,absent,présent,absent
T001606,E00259,H,13,1,présent,présent,présent,présent
T001607,E00259,H,5,1,présent,absent,présent,présent
T801608,E00259,H,6,1,présent,absent,présent,présent
T001609,E00259,H,1,1,présent,absent,présent,présent
T001610,E00259,H,0,1,présent,présent,présent,présent
T001611,E00259,H,0,1,présent,présent,présent,présent
T001612,E00259,F,16,1,présent,présent,NA,absent
T001613,E00259,H,1,1,absent,absent,absent,absent
T001614,E00260,H,10,1,absent,présent,présent,présent
T001615,E00260,H,12,1,présent,présent,présent,présent
T001616,E00260,H,2,1,présent,présent,présent,présent
T001617,E00260,H,10,1,présent,présent,présent,présent
T001618,E00260,H,14,1,absent,présent,présent,présent
T001619,E00260,H,2,1,présent,absent,présent,présent
T001620,E00260,H,1,1,présent,présent,présent,présent
T001621,E00261,F,18,1,absent,présent,absent,absent
T701622,E00261,F,1,1,absent,absent,absent,absent
T501623,E00261,H,11,1,présent,absent,présent,absent
T001624,E00262,F,0,1,absent,présent,présent,présent
T001625,E00262,H,5,1,absent,présent,présent,présent
T001626,E00262,H,4,1,présent,présent,présent,présent
T001627,E00262,F,0,1,présent,présent,NA,présent
T001628,E00262,F,23,1,présent,présent,présent,présent
T001629,E00262,F,12,1,présent,présent,présent,présent
T001630,E00262,F,22,1,présent,présent,présent,présent
T001631,E00262,H,5,1,présent,présent,présent,présent
T001632,E00262,H,0,1,présent,présent,présent,présent
T001633,E00262,H,0,1,présent,présent,présent,présent
T001634,E00262,F,3,1,présent,présent,présent,présent
T001635,E00262,F,7,1,absent,présent,présent,absent
T001636,E00262,F,7,1,présent,présent,présent,NA
T001637,E00262,F,12,1,présent,présent,présent,présent
T001638,E00262,F,5,1,absent,présent,présent,présent
T001639,E00263,F,4,1,présent,absent,présent,présent
T001640,E00263,H,14,1,présent,présent,présent,présent
T001641,E00263,H,10,1,présent,présent,présent,présent
T901642,E00263,H,12,1,absent,présent,présent,absent
T001643,E00264,H,1,1,présent,absent,présent,présent
T001644,E00264,H,0,1,présent,absent,présent,présent
T001645,E00264,F,0,1,présent,présent,présent,NA
T001646,E00264,H,6,1,présent,absent,présent,présent
T001657,E00264,H,14,1,présent,présent,présent,absent
T001648,E00264,H,3,1,présent,présent,présent,absent
T001649,E00264,H,0,1,absent,présent,présent,présent
T701650,E00264,H,6,1,présent,présent,présent,absent
T001651,E00264,H,5,1,absent,absent,présent,présent
T001652,E00264,H,1,1,présent,présent,présent,présent
T001653,E00264,F,4,1,présent,absent,présent,absent
T001654,E00265,H,7,1,absent,présent,présent,présent
T001655,E00265,H,29,1,présent,présent,présent,absent
T001656,E00266,H,10,1,présent,présent,NA,présent
T001657,E00266,H,1,1,présent,présent,présent,présent
T001958,E00266,H,0,1,présent,présent,présent,présent
T001659,E00266,H,6,1,présent,présent,absent,présent
T001660,E00266,H,12,1,NA,présent,présent,présent
T001661,E00266,F,11,1,présent,présent,présent,présent
T001662,E00267,H,4,1,absent,présent,présent,présent
T001663,E00267,H,19,1,présent,présent,présent,présent
T001668,E00267,H,8,1,présent,présent,présent,présent
T001665,E00267,H,3,1,présent,présent,présent,absent
T001666,E00267,H,18,1,présent,présent,présent,présent
T001667,E00267,H,19,1,présent,présent,présent,présent
T001668,E00267,F,13,1,présent,présent,présent,présent
T001669,E00268,F,7,1,présent,présent,présent,présent
T001670,E00268,F,12,1,présent,présent,présent,absent
T001671,E00268,F,8,1,présent,présent,présent,présent
T001672,E00268,H,17,1,présent,absent,présent,présent
T001673,E00268,F,25,1,présent,présent,présent,présent
T001674,E00268,F,20,1,présent,présent,présent,présent
T001675,E00268,F,10,1,présent,présent,présent,présent
T001676,E00269,H,19,1,absent,présent,absent,présent
T001677,E00269,F,3,1,présent,présent,présent,présent
T001678,E00269,F,8,1,absent,présent,absent,présent
T001679,E00269,H,10,1,présent,présent,présent,présent
T001680,E00269,H,20,1,absent,présent,présent,absent
T001681,E00269,H,13,1,présent,présent,NA,absent
T101682,E00269,H,13,1,absent,absent,absent,présent
T001683,E00270,H,7,1,présent,absent,présent,présent
T001684,E00270,H,1,1,présent,présent,présent,présent
T051685,E00270,H,2,1,présent,présent,présent,présent
T001686,E00270,H,7,1,présent,NA,présent,présent
T001687,E00271,F,11,1,présent,absent,présent,présent
T001688,E00271,F,25,1,présent,présent,présent,présent
T001689,E00271,H,11,1,présent,absent,présent,absent
T001690,E00271,F,5,1,présent,présent,présent,présent
T001691,E00271,F,11,1,présent,absent,présent,présent
T001692,E00271,H,0,1,présent,NA,présent,présent
T001693,E00271,F,3,1,présent,présent,absent,présent
T001694,E00272,F,0,1,présent,présent,présent,absent
T001695,E00272,H,0,1,absent,présent,présent,absent
T001696,E00273,F,10,1,présent,présent,absent,présent
T001697,E00273,H,0,1,absent,présent,absent,présent
T001698,E00273,F,3,1,absent,absent,NA,absent
T001199,E00273,H,1,1,absent,présent,absent,absent
T801700,E00274,H,0,1,présent,présent,présent,présent
T001701,E00274,H,5,1,présent,présent,présent,absent
T001702,E00274,H,17,1,présent,présent,présent,présent
T001763,E00274,F,2,1,présent,présent,présent,présent
T001704,E00274,F,1,1,présent,NA,présent,présent
T001705,E00274,F,10,1,NA,présent,présent,présent
T001706,E00275,F,17,1,absent,présent,présent,présent
T001707,E00275,H,11,1,présent,absent,présent,présent
T001708,E00275,H,7,1,présent,présent,absent,présent
T001709,E00275,F,15,1,présent,présent,présent,présent
T001710,E00275,H,13,1,présent,présent,présent,NA
T001711,E00275,H,12,1,présent,présent,NA,présent
T001712,E00275,F,9,1,présent,présent,présent,présent
T001713,E00276,F,10,1,présent,présent,présent,absent
T001714,E00276,F,14,1,présent,présent,présent,présent
T001715,E00276,H,0,1,absent,absent,présent,absent
T051716,E00276,H,12,1,présent,présent,présent,présent
T061717,E00276,H,10,1,présent,présent,présent,NA
T001718,E00276,H,5,1,présent,présent,présent,présent
T201719,E00276,F,9,1,présent,NA,présent,présent
T001720,E00276,F,13,1,présent,présent,absent,NA
T001721,E00276,H,13,1,présent,présent,présent,absent
T001722,E00277,H,21,1,absent,présent,présent,absent
T001723,E00277,H,8,1,présent,présent,absent,présent
T001724,E00277,H,5,1,présent,présent,présent,présent
T001725,E00277,H,3,1,présent,présent,présent,absent
T001726,E00277,F,0,1,absent,absent,absent,absent
T001727,E00277,H,0,1,présent,présent,absent,présent
T001728,E00277,H,8,1,absent,absent,absent,absent
T001729,E00278,H,20,1,présent,présent,absent,absent
T001730,E00278,H,14,1,présent,présent,présent,présent
T001731,E00278,H,14,1,présent,présent,présent,absent
T001732,E00278,H,5,1,absent,présent,présent,présent
T001733,E00279,F,0,1,présent,présent,présent,présent
T001734,E00279,F,5,1,présent,présent,présent,présent
5001735,E00279,H,14,1,présent,présent,présent,présent
T001736,E00279,F,6,1,présent,présent,absent,présent
T001739,E00280,H,4,1,présent,présent,présent,NA
T001738,E00280,F,10,1,absent,absent,absent,absent
T001739,E00280,F,9,1,présent,présent,présent,présent
T001740,E00281,H,11,1,présent,présent,présent,présent
3001741,E00282,F,16,1,présent,absent,présent,présent
T001742,E00282,F,12,1,absent,absent,absent,présent
T001743,E00282,H,5,1,présent,présent,présent,présent
T001744,E00283,H,13,1,présent,absent,absent,absent
T001745,E00283,H,12,1,présent,absent,absent,absent
T001746,E00283,F,13,1,absent,présent,présent,présent
T001747,E00283,H,19,1,présent,présent,présent,présent
T001748,E00283,F,21,1,présent,absent,présent,présent
T001749,E00283,H,9,1,présent,présent,présent,présent
T001750,E00284,H,6,1,présent,absent,absent,absent
T001751,E00284,F,9,1,absent,présent,absent,absent
T001750,E00284,H,9,1,présent,présent,présent,présent
T001653,E00284,H,9,1,présent,présent,présent,présent
T001754,E00284,H,9,1,absent,absent,présent,présent
T001755,E00285,H,15,1,absent,absent,absent,absent
T001756,E00285,H,14,1,présent,absent,NA,présent
T001757,E00285,F,13,1,présent,présent,présent,présent
T001758,E00286,H,14,1,absent,présent,présent,présent
T001759,E00286,F,6,1,présent,présent,présent,présent
T001760,E00286,H,7,1,absent,présent,présent,présent
T001761,E00286,H,17,1,présent,absent,présent,présent
T001762,E00287,F,3,1,présent,présent,présent,présent
T001763,E00287,F,15,1,présent,présent,présent,absent
T001764,E00287,H,12,1,présent,absent,absent,présent
T001765,E00287,F,0,1,présent,présent,présent,présent
T001726,E00287,H,14,1,présent,présent,absent,présent
T001767,E00288,H,0,1,présent,présent,absent,présent
T001768,E00288,H,23,1,présent,présent,présent,présent
T001769,E00288,H,8,1,présent,présent,absent,présent
T001770,E00288,H,0,1,présent,présent,NA,NA
T001771,E00288,F,12,1,présent,présent,présent,présent
T001772,E00288,F,7,1,présent,présent,présent,présent
T001973,E00288,F,17,1,présent,présent,présent,présent
T001774,E00288,H,15,1,présent,présent,présent,présent
T001775,E00289,F,0,1,présent,présent,absent,présent
T001776,E00289,H,6,1,absent,présent,absent,absent
T001777,E00290,F,1,1,absent,présent,présent,présent
T001778,E00290,H,0,1,présent,présent,présent,présent
T041779,E00290,F,15,1,absent,présent,présent,présent
T001780,E00290,F,7,1,absent,absent,absent,présent
T001781,E00290,H,18,1,présent,présent,absent,absent
T001782,E00290,F,6,1,présent,présent,présent,présent
T001783,E00290,F,5,1,présent,présent,présent,présent
T001784,E00290,H,23,1,présent,présent,présent,présent
T401785,E00290,H,11,1,présent,présent,absent,présent
T001786,E00291,H,11,1,absent,absent,présent,absent
T001787,E00291,H,0,1,présent,absent,présent,présent
T001788,E00291,F,4,1,présent,présent,absent,présent
T001789,E00291,F,10,1,présent,NA,absent,présent
T001790,E00291,H,9,1,présent,présent,présent,absent
T005791,E00291,H,8,1,présent,présent,présent,absent
T001792,E00292,F,16,1,présent,présent,présent,NA
T001793,E00292,H,19,1,présent,présent,présent,présent
T001794,E00292,H,7,1,présent,présent,présent,présent
T001795,E00292,F,11,1,présent,présent,présent,présent
T001796,E00292,F,18,1,présent,absent,présent,NA
T001797,E00293,H,10,1,présent,présent,présent,présent
T001798,E00293,F,10,1,présent,présent,présent,présent
T901799,E00293,H,21,1,absent,présent,présent,absent
T001800,E00293,F,15,1,présent,présent,présent,présent
T001801,E00293,H,16,1,absent,absent,présent,présent
T001802,E00293,H,6,1,présent,présent,présent,présent
T001803,E00293,H,8,1,présent,présent,absent,présent
T001804,E00293,F,0,1,présent,présent,présent,présent
T001805,E00294,F,11,1,présent,présent,présent,présent
T001806,E00294,F,3,1,présent,présent,présent,présent
T001807,E00294,H,3,1,absent,présent,présent,présent
2001808,E00294,H,19,1,présent,présent,absent,présent
T001809,E00294,H,3,1,présent,présent,absent,NA
T001810,E00294,F,6,1,présent,présent,absent,présent
T001811,E00294,F,6,1,absent,présent,absent,présent
T001812,E00295,H,14,1,présent,présent,présent,présent
T001813,E00295,F,21,1,présent,présent,présent,présent
T001814,E00295,F,15,1,absent,présent,présent,présent
T001815,E00295,H,4,1,absent,présent,absent,présent
T001816,E00295,H,9,1,présent,présent,présent,présent
T001817,E00296,H,0,1,absent,présent,présent,NA
T001818,E00296,F,8,1,présent,présent,présent,présent
T001819,E00296,F,1,1,présent,présent,absent,présent
T001820,E00296,H,1,1,présent,présent,présent,absent
T001821,E00296,H,14,1,absent,présent,absent,NA
T001822,E00296,F,9,1,présent,présent,présent,présent
T001823,E00296,F,15,1,présent,présent,présent,présent
T001824,E00297,H,0,1,absent,absent,absent,absent
T001825,E00297,H,18,1,présent,présent,présent,présent
T001826,E00297,F,1,1,présent,présent,présent,présent
T001827,E00297,F,18,1,présent,présent,présent,présent
T001828,E00297,H,6,1,présent,présent,absent,présent
T001829,E00297,H,4,1,présent,présent,présent,présent
T001830,E00297,F,3,1,présent,absent,présent,présent
T001831,E00297,H,0,1,absent,absent,présent,absent
T001832,E00297,H,11,1,présent,présent,absent,présent
T001833,E00297,H,25,1,absent,présent,présent,absent
T001834,E00297,H,1,1,présent,présent,présent,présent
T001835,E00297,F,18,1,absent,présent,présent,présent
T001836,E00298,F,7,1,présent,présent,présent,absent
T401837,E00298,H,11,1,absent,présent,présent,absent
T001838,E00298,F,14,1,présent,présent,présent,absent
T001839,E00298,H,12,1,présent,présent,présent,présent
T001840,E00298,H,9,1,présent,présent,présent,présent
T001841,E00299,H,15,1,absent,présent,présent,présent
T001842,E00299,F,1,1,absent,présent,présent,présent
T001843,E00299,F,6,1,absent,présent,présent,présent
T001864,E00299,F,5,1,présent,présent,présent,présent
T001845,E00299,H,18,1,présent,présent,présent,NA
T001846,E00299,H,13,1,présent,absent,présent,absent
T001847,E00299,H,0,1,présent,présent,présent,présent
T001848,E00299,F,11,1,présent,présent,présent,présent
T001849,E00299,H,10,1,présent,présent,absent,présent
T001850,E00299,F,10,1,présent,présent,présent,présent
T001851,E00300,H,9,1,présent,présent,présent,absent
T009852,E00300,F,7,1,absent,présent,présent,présent
T001853,E00300,H,7,1,présent,présent,absent,NA
T001854,E00301,H,12,1,présent,présent,présent,présent
T005855,E00301,H,20,1,présent,présent,présent,absent
T001856,E00301,H,14,1,présent,présent,présent,présent
T001857,E00301,H,14,1,présent,présent,présent,présent
T001858,E00301,F,15,1,présent,présent,présent,présent
T001859,E00301,H,11,1,présent,présent,présent,présent
T001860,E00301,F,7,1,présent,absent,absent,présent
T001861,E00301,F,15,1,présent,présent,présent,présent
T001862,E00301,H,14,1,présent,présent,présent,absent
T001863,E00301,H,10,1,présent,présent,présent,présent
T001864,E00301,H,9,1,présent,présent,présent,présent
T001825,E00301,H,18,1,présent,présent,présent,présent
T001866,E00301,H,18,1,présent,présent,présent,présent
T001867,E00301,H,8,1,présent,présent,présent,absent
T001868,E00302,H,11,1,présent,absent,présent,présent
T001869,E00302,H,0,1,présent,présent,présent,présent
T001870,E00302,F,7,1,présent,présent,présent,présent
T001871,E00302,F,11,1,présent,absent,présent,présent
T001872,E00302,H,7,1,présent,présent,présent,présent
T001873,E00302,F,3,1,présent,absent,présent,présent
T001874,E00302,H,8,1,présent,présent,présent,présent
T001875,E00302,F,9,1,absent,présent,présent,présent
T001876,E00302,H,15,1,présent,présent,présent,présent
T001877,E00303,F,5,1,présent,présent,présent,présent
T001878,E00303,H,3,1,NA,absent,présent,présent
T001879,E00303,H,5,1,absent,absent,présent,présent
T001880,E00303,F,7,1,présent,présent,présent,présent
5001881,E00304,H,0,1,présent,présent,présent,présent
T001882,E00304,F,12,1,présent,présent,présent,présent
T001883,E00304,H,20,1,absent,absent,présent,absent
T001884,E00304,H,14,1,présent,présent,présent,présent
T001885,E00305,H,8,1,présent,présent,absent,NA
T001886,E00305,F,12,1,présent,absent,présent,présent
T001887,E00305,H,0,1,présent,présent,présent,absent
T001888,E00305,F,20,1,absent,présent,absent,présent
T001889,E00305,F,21,1,présent,présent,présent,absent
T001890,E00305,H,4,1,absent,présent,présent,présent
T001891,E00306,H,18,1,absent,présent,absent,absent
T001892,E00306,H,16,1,présent,absent,présent,présent
T001893,E00306,H,0,1,présent,présent,présent,présent
T001894,E00306,H,7,1,absent,absent,absent,présent
T001895,E00306,H,12,1,présent,présent,absent,présent
T001896,E00306,H,4,1,absent,présent,présent,absent
T001897,E00306,H,10,1,absent,absent,présent,absent
T001898,E00306,H,2,1,présent,présent,absent,absent
T001899,E00307,H,8,1,présent,absent,présent,absent
T001900,E00307,H,10,1,NA,présent,présent,présent
T001901,E00307,F,8,1,présent,présent,présent,présent
T001902,E00308,F,0,1,présent,présent,présent,présent
T001904,E00308,H,18,1,absent,présent,NA,présent
T001904,E00308,H,27,1,présent,présent,présent,présent
T001905,E00308,H,11,1,présent,présent,présent,présent
T001906,E00308,F,2,1,présent,absent,présent,présent
T001907,E00308,H,7,1,présent,présent,absent,présent
T001908,E00308,H,0,1,présent,présent,présent,présent
T001909,E00309,H,16,1,présent,présent,absent,présent
T301910,E00309,H,7,1,NA,présent,présent,présent
T001911,E00309,H,13,1,présent,absent,absent,absent
T001912,E00309,H,15,1,présent,NA,présent,présent
T001913,E00309,F,20,1,présent,présent,présent,présent
T001914,E00310,F,1,1,absent,présent,présent,absent
T001915,E00310,F,16,1,présent,présent,présent,présent
T001936,E00310,F,12,1,présent,absent,absent,présent
T001917,E00310,F,10,1,absent,présent,présent,présent
T001918,E00310,F,15,1,NA,NA,présent,présent
T001919,E00311,F,10,1,présent,absent,présent,présent
T001920,E00311,H,10,1,absent,présent,présent,présent
T001921,E00311,H,6,1,absent,absent,présent,présent
T001922,E00311,H,4,1,présent,présent,absent,présent
T001923,E00312,F,2,1,présent,absent,présent,présent
T001924,E00312,H,14,1,absent,présent,présent,absent
T081925,E00312,F,0,1,présent,absent,présent,présent
T001926,E00312,F,9,1,absent,présent,présent,NA
T001927,E00312,F,10,1,présent,présent,absent,présent
T041928,E00312,H,6,1,présent,NA,présent,absent
T001929,E00312,H,13,1,présent,présent,présent,présent
T001930,E00313,H,7,1,présent,présent,présent,présent
T001931,E00313,H,8,1,absent,absent,présent,absent
T001932,E00314,H,4,1,présent,présent,présent,NA
T001933,E00314,F,3,1,absent,présent,présent,présent
T001934,E00314,H,4,1,présent,présent,présent,présent
T001935,E00314,H,3,1,présent,présent,présent,présent
T001936,E00314,F,24,1,présent,présent,présent,présent
T001937,E00315,H,7,1,absent,absent,présent,absent
T001938,E00315,H,0,1,absent,absent,absent,présent
T001939,E00315,H,11,1,absent,présent,absent,présent
T001940,E00315,F,11,1,NA,présent,présent,absent
T001941,E00315,H,8,1,présent,présent,présent,absent
T001942,E00315,F,3,1,absent,présent,absent,absent
T001943,E00315,H,3,1,absent,absent,présent,présent
T001944,E00315,H,10,1,absent,présent,absent,présent
T001945,E00315,H,0,1,absent,absent,absent,présent
T001946,E00315,F,20,1,présent,présent,présent,présent
T001947,E00316,F,8,1,absent,absent,absent,présent
T001948,E00316,H,14,1,présent,présent,présent,présent
T001949,E00316,H,2,1,absent,présent,présent,présent
T001050,E00316,F,18,1,absent,absent,présent,présent
T001951,E00316,H,16,1,présent,présent,présent,présent
T001952,E00316,F,4,1,présent,présent,présent,présent
T001953,E00316,H,4,1,présent,absent,présent,absent
T001954,E00316,F,7,1,présent,présent,présent,présent
T001955,E00316,F,3,1,absent,présent,présent,présent
T001956,E00316,F,8,1,présent,présent,présent,NA
T001957,E00316,F,9,1,présent,présent,présent,présent
T001958,E00317,H,19,1,absent,NA,absent,NA
T001952,E00317,F,17,1,absent,présent,présent,présent
T001960,E00317,F,15,1,présent,présent,présent,absent
T001961,E00318,F,5,1,présent,présent,présent,NA
T005962,E00318,F,16,1,présent,présent,absent,présent
T001963,E00318,H,9,1,absent,absent,absent,présent
T001964,E00318,H,23,1,présent,présent,présent,présent
T001965,E00319,F,8,1,présent,présent,présent,présent
T001966,E00319,H,24,1,absent,présent,présent,présent
T001967,E00319,H,16,1,présent,présent,présent,présent
T001968,E00319,H,11,1,présent,présent,présent,présent
T001969,E00319,F,12,1,absent,présent,présent,présent
T001970,E00319,F,0,1,présent,présent,présent,présent
T001971,E00319,H,2,1,absent,présent,présent,absent
T001972,E00319,F,12,1,présent,absent,absent,présent
6001973,E00319,H,11,1,absent,présent,présent,présent
T001974,E00319,F,7,1,présent,présent,présent,présent
T001975,E00320,H,10,1,absent,présent,présent,présent
T001976,E00320,H,3,1,présent,absent,présent,présent
T001977,E00320,F,4,1,présent,présent,absent,absent
T001978,E00321,H,11,1,présent,présent,présent,présent
T001979,E00321,H,9,1,présent,présent,présent,présent
T001980,E00321,F,21,1,présent,présent,présent,absent
T001981,E00322,H,0,1,présent,absent,présent,absent
T001982,E00322,F,6,1,présent,absent,présent,présent
T001983,E00322,H,24,1,absent,présent,absent,présent
T001984,E00323,H,0,1,absent,absent,absent,présent
T001985,E00323,F,20,1,présent,présent,absent,présent
T001986,E00323,H,13,1,présent,absent,présent,absent
T001907,E00323,H,11,1,absent,absent,présent,présent
T001988,E00323,F,14,1,présent,présent,absent,absent
T001989,E00324,H,0,1,présent,présent,absent,absent
T001990,E00324,F,19,1,absent,absent,présent,présent
T001991,E00324,H,9,1,présent,présent,présent,présent
T001992,E00324,H,11,1,présent,présent,présent,présent
T001993,E00324,F,2,1,présent,présent,présent,présent
T001994,E00325,F,14,1,présent,absent,NA,absent
T001995,E00325,H,16,1,absent,présent,absent,absent
T001896,E00326,H,12,1,présent,présent,présent,présent
T001997,E00326,H,15,1,présent,présent,NA,absent
T001998,E00326,F,16,1,présent,présent,présent,présent
T001999,E00326,H,5,1,présent,présent,présent,présent
T002000,E00327,F,12,1,présent,absent,absent,présent
T002001,E00327,H,7,1,présent,présent,présent,présent
T002002,E00327,H,1,1,présent,présent,présent,présent
T002003,E00327,H,8,1,présent,absent,présent,présent
T002004,E00327,H,0,1,présent,présent,présent,présent
T002005,E00327,F,9,1,présent,présent,absent,absent
T002006,E00327,H,7,1,absent,présent,présent,présent
T002007,E00327,F,16,1,absent,absent,présent,absent
T002008,E00327,F,18,1,présent,présent,présent,présent
T002009,E00327,F,9,1,présent,présent,présent,présent
T002010,E00327,F,14,1,présent,présent,présent,présent
T002011,E00327,F,11,1,présent,absent,présent,présent
T002012,E00327,H,12,1,présent,présent,présent,présent
T002013,E00328,H,0,1,présent,présent,présent,présent
T002014,E00328,H,18,1,présent,présent,présent,présent
T002015,E00328,F,12,1,présent,présent,présent,présent
T002016,E00329,H,17,1,présent,absent,présent,présent
T002017,E00329,H,12,1,présent,présent,NA,présent
T002018,E00329,F,9,1,présent,absent,présent,présent
T002019,E00329,F,19,1,présent,présent,absent,présent
T002020,E00330,H,0,1,présent,présent,présent,NA
T002021,E00330,H,14,1,présent,présent,présent,présent
T002022,E00330,H,5,1,présent,absent,présent,absent
T002023,E00330,H,22,1,absent,NA,présent,absent
T002024,E00330,H,15,1,présent,présent,présent,présent
T002025,E00330,H,7,1,absent,présent,présent,présent
T002026,E00330,H,14,1,présent,présent,absent,présent
T002027,E00330,H,3,1,présent,absent,présent,présent
T002028,E00330,H,8,1,présent,présent,présent,présent
T002029,E00331,H,13,1,présent,présent,présent,présent
T002030,E00331,H,0,1,présent,présent,présent,NA
T002031,E00331,H,9,1,présent,absent,présent,présent
T002032,E00331,H,9,1,absent,présent,présent,absent
T002033,E00331,H,7,1,absent,absent,absent,présent
T002034,E00332,F,0,1,présent,présent,présent,présent
T002035,E00332,F,0,1,présent,présent,présent,absent
T002036,E00332,F,12,1,présent,présent,NA,absent
T002037,E00332,H,2,1,présent,présent,présent,présent
T002038,E00332,F,27,1,présent,présent,absent,présent
T002039,E00332,F,6,1,présent,présent,présent,absent
T002040,E00332,H,0,1,présent,présent,présent,présent
T002041,E00333,F,14,1,présent,présent,présent,présent
T002042,E00333,F,18,1,présent,présent,présent,présent
T002043,E00333,F,13,1,présent,présent,présent,présent
T002044,E00333,H,4,1,absent,présent,présent,présent
T002045,E00333,H,3,1,absent,absent,présent,présent
T002046,E00333,H,8,1,absent,présent,présent,absent
T002047,E00333,F,9,1,absent,absent,absent,absent
T002048,E00334,H,4,1,NA,présent,présent,NA
T002049,E00334,H,7,1,présent,absent,absent,absent
T002050,E00334,H,6,1,absent,absent,absent,absent
T002051,E00334,F,15,1,absent,absent,absent,présent
T002052,E00334,H,15,1,présent,présent,absent,présent
T002053,E00334,H,8,1,absent,absent,absent,absent
T002054,E00335,F,8,1,présent,absent,présent,présent
T702055,E00335,H,1,1,présent,présent,présent,présent
T002056,E00335,H,13,1,absent,absent,présent,présent
T002057,E00335,H,8,1,absent,présent,absent,présent
T002058,E00336,H,10,1,présent,présent,présent,présent
T002059,E00336,F,3,1,NA,présent,présent,présent
T002060,E00336,F,12,1,présent,présent,présent,présent
T002061,E00336,H,15,1,présent,absent,présent,absent
T002062,E00336,F,3,1,présent,présent,absent,présent
T702063,E00336,H,13,1,présent,présent,présent,présent
T002064,E00337,H,6,1,absent,absent,NA,présent
T002065,E00337,F,20,1,absent,présent,présent,absent
T002066,E00337,H,12,1,absent,présent,présent,présent
T002067,E00338,F,16,1,présent,présent,présent,présent
T002068,E00338,H,4,1,présent,présent,présent,présent
T002069,E00338,H,11,1,présent,présent,présent,présent
T002070,E00339,F,0,1,présent,présent,présent,présent
T002071,E00339,F,0,1,absent,présent,présent,présent
T002072,E00339,H,11,1,présent,absent,présent,présent
T002073,E00339,H,7,1,présent,présent,absent,présent
T002074,E00339,H,4,1,NA,présent,présent,présent
T002075,E00339,H,10,1,présent,présent,présent,présent
T002076,E00340,H,5,1,absent,présent,absent,présent
T002077,E00340,H,6,1,présent,présent,présent,absent
T002078,E00340,H,8,1,présent,présent,présent,présent
T002079,E00340,F,4,1,absent,présent,absent,présent
T002080,E00341,F,10,1,présent,présent,présent,absent
T002081,E00341,F,18,1,absent,absent,absent,présent
T002082,E00341,H,2,1,présent,absent,présent,absent
T002083,E00342,H,11,1,présent,présent,présent,présent
T002084,E00342,F,7,1,absent,absent,présent,présent
0002085,E00342,H,12,1,présent,présent,présent,présent
T002086,E00342,H,0,1,absent,présent,absent,présent
T002087,E00342,H,9,1,présent,présent,absent,absent
T002088,E00342,H,8,1,présent,présent,absent,présent
T002089,E00342,H,7,1,présent,présent,NA,absent
T002090,E00343,H,2,1,présent,présent,présent,présent
T002091,E00343,H,6,1,présent,absent,absent,présent
T002092,E00343,H,5,1,présent,absent,absent,présent
T002093,E00343,H,15,1,absent,absent,présent,présent
T002094,E00343,H,9,1,absent,présent,présent,présent
T002095,E00344,F,10,1,présent,présent,présent,présent
T002096,E00344,H,7,1,présent,présent,présent,présent
T002097,E00344,H,6,1,présent,présent,présent,présent
T002998,E00344,H,19,1,présent,présent,présent,présent
T002099,E00344,H,11,1,présent,présent,absent,présent
T002100,E00344,F,17,1,présent,présent,présent,présent
T002101,E00344,F,0,1,présent,présent,présent,présent
T002102,E00344,F,10,1,présent,présent,présent,présent
T002103,E00345,H,4,1,présent,présent,présent,présent
T002104,E00345,F,0,1,présent,présent,présent,présent
T002105,E00345,H,9,1,présent,absent,présent,présent
T002106,E00345,H,4,1,absent,présent,présent,NA
T002107,E00345,H,10,1,présent,présent,présent,NA
T002108,E00346,F,10,1,présent,présent,présent,présent
T002109,E00346,F,1,1,présent,présent,absent,absent
T002110,E00346,H,4,1,présent,absent,absent,présent
T002111,E00346,F,13,1,présent,présent,présent,présent
T002112,E00346,F,10,1,présent,absent,présent,NA
T002113,E00346,H,15,1,présent,présent,présent,présent
T002114,E00346,F,13,1,présent,présent,présent,absent
T002115,E00346,H,20,1,présent,présent,absent,absent
T002116,E00346,H,14,1,absent,présent,absent,absent
T002117,E00347,H,0,1,présent,présent,présent,présent
T002118,E00347,H,3,1,présent,absent,absent,présent
T002119,E00347,F,10,1,présent,présent,présent,présent
T002120,E00347,F,6,1,présent,absent,présent,présent
T092121,E00348,H,1,1,présent,présent,présent,absent
T002122,E00348,H,3,1,présent,présent,absent,présent
T002123,E00348,F,11,1,absent,absent,présent,présent
T002124,E00348,F,13,1,présent,présent,présent,présent
T002125,E00348,H,14,1,présent,absent,présent,présent
T002126,E00348,F,0,1,absent,NA,présent,présent
T002127,E00348,H,0,1,présent,absent,absent,absent
T002128,E00349,H,0,1,présent,présent,présent,présent
T002129,E00349,H,6,1,présent,présent,présent,présent
T002130,E00349,H,5,1,présent,absent,présent,présent
T002131,E00349,H,0,1,absent,absent,absent,absent
T002132,E00349,H,8,1,absent,présent,présent,présent
T002133,E00349,H,13,1,présent,présent,absent,présent
T002134,E00350,H,6,1,absent,absent,absent,présent
T002135,E00350,H,12,1,absent,présent,présent,absent
T002136,E00350,H,4,1,présent,présent,absent,présent
T002137,E00350,F,10,1,présent,présent,NA,présent
T002138,E00351,F,6,1,présent,absent,présent,présent
T002139,E00351,H,3,1,présent,présent,NA,présent
T002140,E00352,H,7,1,présent,présent,présent,présent
T002141,E00352,F,4,1,présent,présent,présent,présent
T002142,E00352,F,13,1,présent,présent,présent,présent
T002143,E00352,F,17,1,présent,présent,présent,présent
T002144,E00352,F,0,1,présent,présent,absent,présent
T002145,E00352,F,10,1,présent,présent,présent,présent
T002146,E00352,H,15,1,présent,présent,présent,présent
T002147,E00352,F,26,1,présent,présent,présent,présent
T002148,E00352,H,10,1,présent,présent,absent,présent
T002149,E00352,F,9,1,présent,présent,présent,présent
T002150,E00352,F,17,1,présent,présent,absent,présent
T002151,E00352,F,20,1,présent,absent,présent,présent
T002152,E00352,F,15,1,présent,présent,présent,présent
T002153,E00353,H,2,1,présent,présent,présent,présent
T002154,E00353,H,13,1,présent,présent,présent,présent
T002155,E00353,H,3,1,présent,présent,absent,présent
T002156,E00353,H,0,1,présent,présent,présent,présent
T002157,E00353,F,10,1,présent,présent,absent,présent
T002158,E00353,H,16,1,présent,présent,absent,présent
T002159,E00353,H,17,1,présent,présent,présent,présent
T002160,E00353,F,12,1,présent,présent,NA,absent
T002161,E00353,F,16,1,présent,présent,présent,NA
T002162,E00353,F,9,1,présent,présent,présent,présent
T002163,E00354,F,13,1,présent,absent,absent,absent
T002164,E00354,F,0,1,présent,NA,absent,présent
T002165,E00354,F,5,1,absent,absent,absent,présent
T002166,E00354,H,19,1,absent,absent,absent,présent
T002167,E00354,H,12,1,absent,présent,présent,présent
T002168,E00354,H,9,1,présent,présent,présent,présent
T002169,E00354,H,4,1,absent,absent,présent,présent
T002170,E00354,H,15,1,présent,présent,présent,présent
T002171,E00355,F,8,1,présent,absent,absent,présent
T002172,E00355,H,7,1,présent,absent,présent,absent
T002173,E00355,H,16,1,présent,présent,présent,présent
T002174,E00355,H,0,1,absent,présent,présent,présent
T002175,E00355,F,0,1,NA,présent,présent,présent
T002176,E00355,F,4,1,absent,présent,présent,présent
T002177,E00355,H,7,1,présent,présent,absent,présent
T002178,E00356,H,6,1,NA,présent,présent,absent
T002179,E00356,H,9,1,présent,absent,absent,présent
T002180,E00356,H,3,1,absent,absent,absent,absent
T002181,E00356,H,8,1,absent,absent,absent,absent
T002182,E00356,H,0,1,présent,présent,présent,présent
T002183,E00356,F,6,1,absent,absent,absent,présent
T002184,E00357,H,0,1,présent,présent,présent,absent
T002185,E00357,F,20,1,présent,absent,présent,présent
T002186,E00357,F,3,1,présent,présent,absent,présent
T002187,E00357,F,5,1,présent,absent,présent,absent
T002188,E00357,H,0,1,absent,présent,NA,absent
T002189,E00358,H,9,1,présent,présent,présent,présent
T002190,E00358,F,21,1,présent,présent,présent,présent
T002191,E00358,H,17,1,présent,présent,absent,présent
T002192,E00358,F,0,1,présent,présent,présent,présent
T002193,E00358,H,0,1,présent,présent,présent,présent
T002194,E00358,H,4,1,présent,absent,absent,absent
T002195,E00359,H,20,1,présent,présent,présent,présent
T002196,E00359,F,1,1,présent,présent,présent,présent
T002197,E00359,H,11,1,absent,présent,présent,présent
T002198,E00359,H,0,1,présent,absent,absent,présent
T002199,E00359,F,4,1,présent,absent,présent,présent
T002200,E00360,H,3,1,présent,absent,absent,absent
T002201,E00360,H,10,1,présent,absent,présent,absent
T002202,E00360,H,24,1,présent,présent,présent,absent
T002203,E00360,F,10,1,présent,présent,présent,présent
T002204,E00361,F,26,1,présent,absent,présent,présent
T002205,E00361,H,6,1,NA,présent,présent,présent
T002206,E00361,H,15,1,présent,NA,présent,absent
T002207,E00361,H,8,1,présent,présent,absent,présent
T002208,E00361,F,15,1,présent,présent,présent,présent
T002209,E00361,H,7,1,présent,présent,présent,présent
T002210,E00361,H,14,1,présent,présent,présent,présent
T002211,E00361,F,9,1,présent,présent,présent,présent
T002212,E00361,H,7,1,absent,présent,présent,présent
T002213,E00361,H,7,1,présent,présent,présent,présent
T002214,E00361,H,10,1,présent,présent,présent,NA
T002215,E00362,H,16,1,présent,présent,absent,présent
T002216,E00362,F,0,1,présent,présent,absent,absent
T002217,E00362,F,6,1,présent,présent,présent,présent
T002218,E00362,H,16,1,présent,présent,présent,présent
T002219,E00362,H,11,1,présent,absent,présent,absent
T002220,E00362,H,0,1,présent,absent,absent,présent
T002221,E00362,H,12,1,présent,présent,présent,présent
T002222,E00363,H,0,1,présent,NA,présent,présent
T002223,E00363,H,21,1,présent,absent,présent,présent
T002224,E00363,H,18,1,présent,présent,présent,présent
T002225,E00363,F,0,1,absent,absent,présent,présent
T002226,E00363,H,12,1,présent,présent,présent,absent
T002227,E00363,H,5,1,présent,présent,présent,présent
T002228,E00363,H,8,1,présent,présent,présent,absent
T002229,E00364,H,5,1,présent,présent,absent,présent
T002230,E00364,F,10,1,présent,présent,présent,présent
T002231,E00364,F,13,1,présent,présent,présent,présent
T002232,E00365,H,9,1,présent,présent,présent,présent
T002233,E00365,F,1,1,présent,présent,présent,présent
T002234,E00365,H,7,1,présent,présent,présent,présent
T002235,E00365,H,6,1,présent,absent,présent,absent
T002236,E00365,F,16,1,présent,présent,présent,présent
T002237,E00365,F,9,1,présent,présent,présent,présent
T002238,E00365,F,0,1,absent,présent,présent,NA
T002239,E00365,H,6,1,présent,présent,présent,NA
T002240,E00365,F,13,1,présent,présent,présent,présent
T002241,E00365,F,8,1,présent,présent,présent,présent
T002242,E00365,H,2,1,présent,présent,présent,présent
T002243,E00366,H,11,1,présent,présent,absent,présent
T002244,E00366,F,18,1,absent,présent,présent,absent
T002245,E00366,H,13,1,présent,présent,absent,présent
T002246,E00366,H,5,1,présent,présent,présent,présent
T002242,E00366,F,9,1,présent,présent,présent,présent
T002848,E00366,H,8,1,présent,présent,présent,présent
T002249,E00366,H,21,1,présent,présent,présent,présent
T002250,E00366,F,5,1,absent,présent,absent,présent
T002251,E00366,H,20,1,présent,absent,présent,présent
T002252,E00367,H,10,1,présent,présent,présent,présent
T002253,E00367,H,1,1,présent,absent,présent,présent
T002254,E00367,H,7,1,absent,présent,présent,présent
T002255,E00367,H,2,1,présent,présent,présent,présent
T002256,E00367,F,4,1,présent,présent,présent,présent
T002257,E00368,H,5,1,présent,présent,présent,présent
T002258,E00368,H,15,1,présent,présent,présent,présent
T002259,E00368,H,13,1,présent,présent,présent,présent
T012260,E00368,F,5,1,présent,présent,présent,présent
T002265,E00368,F,10,1,présent,présent,présent,présent
T002262,E00368,H,0,1,NA,présent,NA,présent
T002263,E00368,F,17,1,présent,présent,présent,présent
T002264,E00368,F,6,1,présent,présent,présent,présent
T002265,E00369,H,16,1,présent,présent,absent,présent
T002266,E00369,F,0,1,absent,présent,présent,absent
T000267,E00369,H,0,1,présent,absent,absent,NA
T002268,E00370,H,6,1,présent,absent,présent,absent
T002269,E00370,F,10,1,présent,NA,présent,absent
T002270,E00370,F,7,1,présent,présent,absent,présent
T002271,E00370,H,18,1,présent,absent,présent,présent
T002272,E00370,H,11,1,présent,présent,présent,absent
T002273,E00370,H,14,1,présent,NA,présent,présent
T002274,E00370,F,9,1,présent,présent,présent,présent
T002275,E00370,F,2,1,présent,présent,présent,présent
T002276,E00370,H,3,1,présent,présent,présent,présent
T002277,E00370,F,8,1,présent,présent,présent,absent
T002278,E00370,H,3,1,présent,présent,présent,présent
T002279,E00370,F,0,1,présent,absent,présent,présent
T002280,E00370,H,24,1,présent,présent,présent,présent
T002281,E00371,H,6,1,absent,présent,présent,présent
T002282,E00371,H,3,1,présent,présent,présent,absent
T002283,E00371,H,12,1,présent,présent,présent,présent
T002284,E00372,F,1,1,présent,NA,présent,présent
T002285,E00372,H,19,1,présent,présent,présent,présent
T002286,E00372,F,23,1,présent,présent,présent,présent
T002287,E00372,F,4,1,présent,présent,présent,présent
T002288,E00373,F,5,1,présent,présent,présent,présent
T002289,E00373,H,8,1,présent,présent,présent,présent
T002290,E00373,F,23,1,présent,présent,présent,absent
T002291,E00373,F,0,1,présent,présent,présent,présent
T002292,E00373,F,8,1,présent,présent,présent,présent
T002293,E00373,F,19,1,absent,présent,présent,présent
T002214,E00373,F,5,1,présent,présent,présent,présent
T002295,E00373,F,11,1,absent,présent,absent,présent
T502296,E00374,H,0,1,présent,absent,présent,NA
T002297,E00374,H,11,1,absent,absent,présent,présent
T002298,E00374,F,15,1,absent,présent,présent,NA
T002299,E00374,H,0,1,présent,absent,présent,présent
T002300,E00374,H,8,1,absent,présent,présent,présent
T002301,E00375,F,6,1,absent,présent,présent,présent
T002302,E00375,F,14,1,présent,présent,NA,présent
T002303,E00375,H,7,1,présent,présent,absent,présent
T002304,E00375,H,15,1,présent,absent,présent,présent
T002305,E00375,F,8,1,absent,présent,NA,absent
T002306,E00375,H,10,1,présent,présent,présent,présent
T002307,E00376,F,5,1,présent,présent,présent,présent
T002308,E00376,H,6,1,présent,absent,présent,absent
T002359,E00376,H,18,1,présent,présent,absent,absent
T002410,E00376,H,9,1,NA,présent,présent,présent
T002311,E00377,F,6,1,présent,présent,présent,présent
T002312,E00377,H,20,1,présent,présent,présent,présent
T002313,E00377,H,13,1,absent,absent,présent,présent
T002312,E00377,F,7,1,présent,présent,présent,présent
T002915,E00377,H,10,1,présent,présent,absent,présent
T002316,E00377,H,6,1,présent,présent,présent,présent
T002317,E00377,F,10,1,présent,présent,présent,présent
T002318,E00377,H,15,1,présent,présent,présent,présent
T002319,E00377,H,12,1,présent,NA,présent,présent
T002320,E00377,F,10,1,présent,présent,présent,présent
T002321,E00378,F,15,1,absent,présent,présent,présent
T002322,E00378,H,11,1,présent,présent,présent,présent
T002923,E00378,F,16,1,présent,absent,présent,absent
T002324,E00378,F,11,1,présent,présent,absent,présent
T002325,E00378,H,15,1,présent,présent,NA,présent
T002326,E00378,H,12,1,présent,absent,présent,présent
T002327,E00378,H,11,1,présent,présent,présent,présent
T002328,E00378,H,7,1,présent,absent,présent,présent
T002329,E00378,F,2,1,présent,présent,présent,présent
T002330,E00378,H,7,1,présent,présent,présent,absent
T002331,E00379,H,19,1,absent,présent,présent,présent
T002332,E00379,H,2,1,absent,absent,absent,absent
T002333,E00379,H,8,1,présent,présent,présent,absent
T002334,E00379,F,0,1,présent,présent,absent,présent
T002335,E00379,H,13,1,absent,absent,absent,absent
T002336,E00380,H,6,1,présent,présent,présent,présent
T002337,E00380,H,0,1,absent,présent,présent,présent
T002338,E00380,H,7,1,absent,absent,absent,présent
T002339,E00380,F,15,1,présent,présent,présent,présent
T002840,E00380,H,0,1,présent,présent,présent,présent
T002341,E00380,F,2,1,présent,présent,absent,présent
T002342,E00380,H,0,1,NA,présent,présent,présent
T002343,E00380,H,7,1,présent,présent,présent,présent
T002344,E00381,H,9,1,présent,présent,absent,présent
T002345,E00381,H,5,1,présent,absent,présent,NA
T002346,E00381,H,16,1,présent,présent,présent,présent
T002347,E00381,H,16,1,présent,absent,présent,absent
T002348,E00381,H,9,1,absent,présent,présent,absent
T002349,E00381,H,10,1,présent,présent,présent,absent
T002350,E00381,H,10,1,présent,absent,présent,absent
T002351,E00381,F,10,1,absent,absent,absent,présent
T002352,E00382,H,16,1,présent,présent,présent,présent
T002353,E00382,F,13,1,présent,présent,présent,présent
T002354,E00382,F,10,1,présent,présent,présent,présent
T002355,E00382,F,4,1,présent,présent,présent,présent
T012356,E00382,F,13,1,absent,présent,absent,présent
T002357,E00382,H,16,1,présent,absent,présent,absent
T002358,E00382,H,4,1,présent,présent,présent,présent
T002359,E00383,H,6,1,présent,présent,présent,présent
T002360,E00383,F,19,1,présent,présent,présent,présent
T002362,E00383,F,10,1,présent,absent,présent,présent
T002362,E00383,F,0,1,présent,absent,présent,NA
T002363,E00383,H,10,1,présent,présent,absent,présent
T002364,E00383,H,10,1,présent,absent,présent,présent
T002365,E00383,H,0,1,présent,absent,présent,présent
T002366,E00383,F,13,1,présent,présent,présent,présent
T002367,E00383,H,16,1,absent,présent,présent,absent
T002368,E00384,F,8,1,absent,présent,présent,présent
T002369,E00384,H,10,1,présent,absent,présent,présent
T002370,E00384,F,7,1,présent,absent,présent,absent
T002371,E00384,F,6,1,présent,présent,présent,présent
T002372,E00384,H,3,1,présent,présent,présent,présent
T002373,E00384,F,7,1,présent,présent,présent,présent
T002374,E00384,F,7,1,présent,présent,présent,présent
T002375,E00384,F,10,1,présent,présent,présent,présent
T002376,E00384,H,7,1,présent,présent,présent,présent
T002377,E00384,F,14,1,présent,NA,présent,présent
T202378,E00384,H,9,1,présent,présent,absent,présent
T002379,E00384,H,18,1,présent,présent,présent,présent
T002680,E00385,H,15,1,présent,présent,présent,présent
T002381,E00385,H,7,1,absent,absent,présent,présent
T002382,E00385,H,6,1,présent,présent,présent,présent
T002383,E00385,F,10,1,présent,présent,présent,présent
T002384,E00385,F,8,1,présent,absent,présent,présent
T002385,E00385,F,7,1,présent,présent,présent,présent
T002386,E00385,H,11,1,présent,absent,présent,présent
T002387,E00385,H,5,1,présent,présent,présent,présent
T002388,E00385,H,6,1,présent,absent,présent,présent
T002389,E00385,F,6,1,présent,présent,présent,présent
T002390,E00385,F,5,1,présent,présent,présent,absent
T002391,E00386,H,7,1,présent,présent,présent,présent
T002392,E00386,F,17,1,présent,présent,présent,présent
T002293,E00386,H,10,1,présent,présent,présent,présent
T002394,E00386,F,13,1,présent,présent,présent,présent
T002395,E00386,H,16,1,présent,présent,présent,présent
T002396,E00386,F,18,1,présent,présent,présent,présent
T002397,E00386,F,17,1,absent,présent,présent,NA
T002398,E00386,F,9,1,présent,présent,présent,présent
T002399,E00386,F,17,1,présent,présent,présent,présent
T002400,E00386,F,2,1,présent,présent,présent,présent
T002401,E00386,H,21,1,absent,présent,présent,présent
T002402,E00386,F,22,1,présent,présent,présent,présent
T002403,E00386,F,11,1,présent,présent,présent,présent
T002404,E00386,F,7,1,présent,présent,présent,absent
T002405,E00386,H,7,1,présent,présent,présent,présent
T002406,E00386,F,13,1,présent,présent,présent,présent
T002407,E00387,F,12,1,présent,présent,NA,présent
T002408,E00387,H,12,1,absent,absent,absent,présent
T002409,E00387,H,18,1,présent,présent,présent,présent
T002420,E00387,F,17,1,présent,présent,NA,absent
T002411,E00387,H,11,1,absent,absent,présent,présent
T002412,E00388,H,6,1,absent,absent,absent,présent
T002413,E00388,H,13,1,présent,présent,présent,présent
T002414,E00388,H,1,1,présent,présent,présent,présent
T002415,E00389,F,0,1,présent,présent,présent,absent
T002416,E00389,H,3,1,présent,présent,présent,présent
T002417,E00389,H,14,1,présent,présent,présent,présent
4002418,E00389,H,13,1,présent,absent,absent,présent
T002419,E00389,H,8,1,présent,présent,présent,présent
T002420,E00389,H,12,1,présent,présent,présent,présent
T002421,E00389,H,1,1,présent,présent,présent,présent
T002422,E00389,H,10,1,présent,absent,présent,NA
T002423,E00389,H,2,1,présent,présent,présent,présent
T002424,E00390,H,12,1,présent,présent,présent,présent
T002425,E00390,H,12,1,présent,absent,absent,présent
T002426,E00390,H,1,1,absent,absent,absent,présent
T002427,E00390,H,12,1,absent,présent,absent,présent
T002428,E00390,H,5,1,absent,absent,absent,présent
T002429,E00391,F,0,1,présent,absent,absent,présent
T002430,E00391,H,16,1,NA,absent,présent,absent
T002431,E00391,H,13,1,présent,présent,présent,présent
T002432,E00392,H,7,1,présent,présent,présent,NA
T002433,E00392,F,9,1,absent,présent,absent,présent
T002434,E00393,H,9,1,présent,présent,présent,présent
T002435,E00393,H,16,1,présent,présent,présent,présent
T002436,E00393,H,18,1,présent,présent,présent,présent
T002437,E00393,F,7,1,présent,présent,présent,présent
T002438,E00393,H,0,1,présent,présent,présent,présent
T002439,E00393,H,16,1,présent,présent,présent,présent
T002440,E00394,H,10,1,présent,absent,présent,présent
T002441,E00394,F,11,1,présent,présent,présent,présent
T002442,E00394,H,19,1,absent,présent,présent,présent
T002443,E00394,H,19,1,présent,présent,présent,présent
T002444,E00394,H,11,1,présent,présent,présent,présent
T002445,E00395,F,12,1,présent,présent,absent,absent
T002446,E00395,F,12,1,présent,présent,présent,présent
T002447,E00395,H,14,1,présent,présent,présent,présent
T002448,E00395,F,17,1,présent,présent,absent,présent
T002449,E00395,H,4,1,présent,présent,présent,présent
T002450,E00395,H,10,1,présent,présent,présent,présent
T002451,E00395,F,10,1,présent,présent,absent,présent
T002452,E00395,H,11,1,présent,présent,présent,NA
T002453,E00395,F,4,1,absent,présent,présent,présent
T002454,E00395,F,15,1,présent,présent,présent,absent
T002455,E00395,H,8,1,présent,absent,présent,absent
T002456,E00395,H,15,1,absent,présent,présent,présent
6002457,E00395,F,1,1,présent,présent,absent,absent
T002458,E00395,F,6,1,NA,absent,NA,présent
T002459,E00395,H,5,1,présent,présent,absent,présent
T002460,E00395,H,5,1,présent,présent,absent,présent
T002461,E00395,H,9,1,présent,présent,présent,présent
T002462,E00396,H,4,1,présent,présent,présent,présent
T002463,E00396,H,0,1,présent,absent,présent,absent
T002464,E00396,F,5,1,absent,présent,présent,présent
T092465,E00396,H,2,1,présent,présent,présent,présent
T002466,E00397,H,8,1,présent,absent,présent,NA
T002467,E00397,H,14,1,présent,NA,présent,présent
T002468,E00397,H,6,1,présent,présent,présent,présent
T002469,E00397,H,18,1,présent,présent,présent,présent
T002470,E00397,F,17,1,présent,présent,absent,présent
T002461,E00397,F,13,1,présent,absent,présent,présent
T002472,E00397,H,4,1,présent,absent,absent,présent
T002473,E00397,F,0,1,présent,présent,présent,présent
T002474,E00397,H,22,1,présent,présent,présent,présent
T002475,E00397,F,2,1,présent,présent,présent,présent
T002476,E00397,H,9,1,présent,présent,présent,présent
T002477,E00397,H,0,1,présent,présent,présent,présent
T002478,E00398,F,15,1,présent,présent,présent,présent
T002479,E00398,H,24,1,présent,présent,présent,présent
T002480,E00398,H,12,1,présent,présent,présent,présent
T002481,E00398,H,16,1,présent,présent,présent,présent
T002482,E00399,F,5,1,présent,absent,présent,absent
T002483,E00399,H,10,1,présent,présent,NA,présent
T502484,E00400,H,16,1,présent,absent,présent,présent
T002485,E00400,F,20,1,présent,absent,présent,présent
T002486,E00400,F,0,1,absent,présent,présent,présent
T002487,E00400,F,13,1,présent,présent,présent,présent
T702488,E00400,H,10,1,présent,présent,présent,présent
T002489,E00400,F,9,1,présent,présent,présent,présent
T002490,E00400,F,11,1,présent,présent,présent,présent
T002491,E00400,H,10,1,présent,présent,présent,présent
T002492,E00401,H,0,1,présent,présent,présent,présent
T002493,E00401,F,14,1,présent,présent,présent,présent
T002494,E00401,H,17,1,présent,présent,présent,présent
T002495,E00401,H,12,1,présent,présent,présent,présent
T002496,E00402,F,13,1,NA,présent,absent,présent
T002497,E00402,H,17,1,présent,présent,absent,présent
T002498,E00402,H,5,1,présent,absent,absent,absent
T002499,E00402,H,4,1,absent,présent,absent,absent
T002500,E00402,H,0,1,présent,présent,absent,présent
T002501,E00403,H,2,1,présent,absent,présent,présent
T002502,E00403,F,14,1,présent,présent,absent,présent
T002503,E00403,F,17,1,présent,présent,présent,présent
T002504,E00403,F,16,1,NA,absent,présent,présent
T002505,E00403,F,0,1,absent,présent,présent,présent
T002806,E00403,H,14,1,présent,présent,présent,présent
T002507,E00403,H,6,1,présent,présent,présent,présent
T002508,E00404,F,4,1,présent,présent,présent,présent
T002509,E00404,F,7,1,absent,absent,présent,absent
T002510,E00404,H,6,1,présent,présent,absent,présent
T002511,E00404,H,19,1,absent,présent,présent,présent
T052512,E00404,H,0,1,présent,présent,présent,présent
T042513,E00405,H,0,1,présent,présent,présent,présent
T002514,E00405,H,0,1,présent,présent,présent,présent
T002515,E00405,H,4,1,absent,absent,absent,présent
T002516,E00405,F,4,1,présent,présent,présent,présent
T002517,E00405,F,11,1,présent,absent,présent,présent
T002518,E00405,F,13,1,présent,NA,absent,présent
T002519,E00406,H,3,1,présent,absent,présent,absent
T002520,E00406,H,3,1,présent,présent,présent,présent
T002521,E00406,F,13,1,présent,présent,présent,présent
T002522,E00406,H,14,1,absent,présent,présent,présent
T002523,E00406,F,7,1,présent,présent,présent,présent
T002524,E00406,F,13,1,présent,absent,absent,présent
T002525,E00406,F,4,1,absent,absent,présent,présent
T002526,E00406,F,18,1,absent,absent,absent,absent
T002527,E00406,F,18,1,présent,présent,présent,absent
T002528,E00407,H,0,1,présent,présent,présent,absent
T002529,E00407,H,7,1,absent,présent,NA,présent
T002530,E00407,F,4,1,présent,absent,présent,présent
T002531,E00407,F,4,1,présent,présent,absent,absent
T002532,E00407,H,9,1,présent,NA,NA,présent
T002533,E00408,H,12,1,absent,absent,absent,absent
T002534,E00408,H,14,1,absent,absent,présent,présent
T002535,E00408,F,15,1,présent,absent,présent,absent
T002536,E00408,F,12,1,absent,présent,présent,présent
T002537,E00408,F,27,1,absent,présent,absent,présent
T402538,E00408,F,2,1,absent,absent,présent,absent
T002539,E00408,F,10,1,présent,absent,absent,présent
T002740,E00408,H,0,1,absent,présent,présent,présent
T002541,E00409,F,23,1,présent,présent,présent,présent
T002542,E00409,F,21,1,présent,présent,présent,présent
T002543,E00409,F,14,1,présent,présent,présent,présent
T002544,E00409,F,4,1,présent,présent,présent,présent
T002545,E00409,H,0,1,présent,présent,présent,présent
T002546,E00409,F,9,1,présent,présent,présent,présent
T002547,E00409,H,0,1,présent,absent,présent,présent
T002548,E00409,H,21,1,présent,présent,présent,présent
T002549,E00409,H,6,1,présent,présent,présent,présent
T002550,E00409,H,24,1,présent,présent,présent,présent
T002551,E00409,H,0,1,présent,présent,présent,présent
T002552,E00409,H,11,1,présent,présent,présent,présent
T002553,E00409,F,7,1,présent,présent,absent,présent
T002554,E00410,H,11,1,présent,présent,absent,présent
T002555,E00410,H,18,1,présent,présent,absent,présent
T002556,E00410,H,3,1,absent,présent,présent,présent
T002557,E00410,H,4,1,présent,présent,présent,présent
T002558,E00411,F,12,1,présent,présent,présent,présent
T002559,E00411,H,14,1,présent,présent,présent,présent
T002560,E00411,H,7,1,absent,présent,absent,présent
T002561,E00411,H,5,1,présent,absent,absent,présent
T002562,E00411,H,7,1,présent,NA,absent,présent
T002563,E00412,H,14,1,présent,présent,présent,présent
T002564,E00412,H,12,1,présent,présent,présent,absent
T002515,E00412,H,2,1,présent,présent,présent,présent
T202566,E00412,F,7,1,présent,présent,présent,présent
T002567,E00412,F,0,1,présent,présent,présent,présent
T002568,E00412,F,7,1,absent,présent,présent,présent
T002569,E00413,H,9,1,présent,présent,présent,absent
T002570,E00413,H,0,1,présent,présent,présent,absent
9002571,E00414,F,13,1,présent,présent,présent,présent
T002572,E00414,F,10,1,présent,présent,présent,présent
T002573,E00414,H,11,1,présent,présent,présent,présent
T002574,E00414,H,18,1,présent,présent,absent,présent
T002575,E00414,F,13,1,absent,présent,présent,présent
T002576,E00414,F,16,1,présent,présent,présent,présent
T002577,E00414,F,7,1,présent,présent,présent,présent
T002578,E00414,F,0,1,présent,NA,présent,présent
T002579,E00414,F,11,1,présent,présent,présent,présent
T002580,E00414,H,23,1,présent,présent,présent,présent
T002581,E00414,F,25,1,présent,présent,présent,présent
T002582,E00414,F,0,1,NA,présent,absent,présent
T002583,E00414,F,20,1,présent,présent,présent,présent
T002584,E00414,H,8,1,présent,présent,présent,présent
T002585,E00415,H,15,1,présent,présent,présent,présent
T002586,E00415,H,27,1,présent,présent,présent,présent
T002587,E00415,H,3,1,présent,NA,absent,absent
T002588,E00415,F,0,1,présent,présent,présent,présent
T902589,E00415,H,0,1,présent,présent,absent,présent
T002590,E00415,F,18,1,présent,NA,présent,présent
T002591,E00415,F,0,1,présent,présent,présent,présent
T002592,E00415,F,21,1,présent,présent,présent,absent
T002593,E00416,H,7,1,présent,présent,NA,présent
T002594,E00416,H,3,1,absent,présent,présent,présent
T002598,E00416,H,1,1,absent,présent,présent,présent
T002596,E00417,H,9,1,présent,présent,présent,présent
T002567,E00417,H,5,1,présent,présent,présent,absent
T002598,E00417,F,0,1,absent,présent,absent,présent
T002599,E00417,H,18,1,présent,présent,présent,présent
T002600,E00418,F,0,1,présent,présent,présent,présent
T002601,E00418,F,17,1,présent,présent,présent,NA
T052602,E00418,F,14,1,présent,présent,présent,présent
T002603,E00418,F,6,1,présent,présent,présent,présent
T002604,E00418,H,10,1,présent,absent,présent,présent
T002605,E00418,H,2,1,présent,présent,présent,présent
T002306,E00418,F,28,1,présent,présent,présent,présent
T002607,E00418,F,9,1,présent,présent,NA,présent
T002608,E00418,F,8,1,présent,présent,absent,présent
T002609,E00418,F,3,1,présent,présent,absent,présent
T002610,E00418,H,4,1,présent,présent,présent,présent
T002611,E00418,H,13,1,présent,présent,présent,présent
T002612,E00418,F,4,1,absent,absent,présent,présent
T002613,E00418,H,6,1,présent,présent,présent,présent
T002614,E00418,H,9,1,présent,présent,présent,présent
T002615,E00418,H,16,1,présent,présent,absent,présent
T002616,E00418,H,15,1,absent,présent,présent,absent
T002617,E00418,F,16,1,présent,présent,absent,présent
T002618,E00418,F,10,1,présent,présent,présent,présent
T002619,E00418,H,18,1,présent,présent,présent,absent
T002620,E00418,F,7,1,absent,présent,absent,présent
T002621,E00418,F,6,1,présent,présent,présent,absent
T002622,E00418,F,15,1,présent,présent,présent,présent
T002623,E00418,H,0,1,présent,présent,présent,présent
T002624,E00418,H,10,1,présent,présent,présent,présent
T002625,E00418,H,20,1,présent,présent,présent,présent
T002626,E00418,H,11,1,présent,absent,présent,présent
T002627,E00419,H,0,1,absent,présent,absent,absent
T002628,E00419,F,3,1,présent,présent,présent,présent
T002629,E00419,H,1,1,présent,présent,présent,absent
T002630,E00419,H,4,1,présent,absent,présent,présent
T002631,E00419,H,14,1,présent,présent,présent,présent
T002632,E00419,F,14,1,absent,absent,présent,présent
T702633,E00420,H,12,1,présent,présent,présent,NA
T002634,E00420,F,18,1,présent,présent,absent,présent
T002635,E00420,H,7,1,présent,présent,présent,présent
T002636,E00420,H,5,1,présent,présent,présent,présent
T002637,E00421,F,0,1,présent,présent,présent,présent
T002638,E00421,H,13,1,présent,absent,présent,présent
T002639,E00421,H,11,1,présent,présent,absent,absent
T002640,E00422,F,2,1,présent,présent,présent,présent
T002641,E00422,H,18,1,présent,NA,présent,absent
T006642,E00422,F,12,1,absent,présent,présent,présent
T002643,E00422,H,22,1,présent,présent,absent,absent
T002644,E00422,F,17,1,présent,présent,absent,absent
T002645,E00422,H,6,1,présent,présent,présent,présent
T002646,E00422,H,4,1,présent,présent,présent,présent
T002647,E00422,F,11,1,absent,présent,présent,présent
T002642,E00422,H,14,1,présent,absent,présent,présent
T002649,E00422,F,0,1,présent,présent,présent,présent
T002650,E00423,H,10,1,présent,absent,présent,présent
T002651,E00423,F,8,1,NA,absent,absent,présent
T002652,E00423,H,11,1,présent,absent,présent,absent
T002653,E00423,H,9,1,présent,présent,présent,absent
T002654,E00423,F,7,1,présent,absent,présent,absent
T002655,E00423,F,11,1,NA,présent,présent,présent
T002656,E00424,H,13,1,présent,présent,présent,présent
T002657,E00424,F,21,1,absent,présent,présent,présent
T002258,E00424,H,9,1,présent,présent,présent,présent
T002659,E00425,H,23,1,présent,présent,présent,présent
T002660,E00425,H,4,1,présent,absent,absent,présent
T002661,E00425,H,0,1,présent,présent,présent,absent
T002662,E00426,H,3,1,NA,présent,présent,présent
T002663,E00426,H,18,1,présent,présent,présent,présent
T002664,E00426,H,18,1,présent,présent,présent,absent
T002665,E00426,F,20,1,présent,présent,absent,présent
T002666,E00427,H,19,1,présent,présent,présent,présent
T002667,E00427,F,14,1,absent,NA,présent,présent
T002668,E00427,F,10,1,présent,présent,présent,absent
T002669,E00427,H,0,1,présent,absent,absent,présent
1002670,E00427,H,15,1,présent,présent,présent,absent
T002671,E00427,H,10,1,présent,présent,présent,présent
T002672,E00427,H,17,1,présent,présent,présent,absent
T002675,E00427,H,17,1,présent,présent,présent,présent
T002674,E00428,F,21,1,absent,absent,absent,présent
T002675,E00428,H,13,1,présent,présent,présent,présent
T002676,E00428,F,0,1,absent,absent,absent,absent
T002677,E00428,H,0,1,présent,NA,absent,absent
T002678,E00428,F,24,1,présent,absent,absent,présent
T102679,E00428,F,8,1,absent,présent,présent,absent
T002680,E00428,H,14,1,absent,absent,présent,présent
T002681,E00429,F,4,1,présent,absent,présent,présent
T002682,E00429,H,10,1,présent,présent,présent,présent
T002683,E00429,H,11,1,présent,présent,présent,présent
T002684,E00429,F,5,1,présent,présent,présent,présent
T002685,E00429,H,9,1,présent,présent,absent,présent
T002686,E00429,F,22,1,NA,présent,présent,absent
T002687,E00429,H,17,1,présent,absent,présent,absent
T002688,E00430,H,6,1,présent,présent,présent,présent
T002689,E00430,H,3,1,présent,présent,présent,présent
T002690,E00431,H,13,1,présent,présent,présent,présent
T002691,E00431,H,10,1,présent,absent,présent,présent
T002612,E00431,H,0,1,présent,absent,absent,absent
T002693,E00431,H,3,1,absent,présent,absent,présent
T002694,E00432,H,4,1,présent,présent,présent,absent
T002695,E00432,H,7,1,absent,présent,présent,NA
T002696,E00432,H,13,1,présent,présent,présent,absent
T002697,E00432,F,18,1,présent,présent,présent,présent
T002698,E00432,H,13,1,présent,présent,présent,présent
T002699,E00433,H,5,1,présent,présent,présent,présent
T002700,E00433,H,23,1,absent,présent,présent,absent
T002701,E00434,H,14,1,absent,présent,présent,présent
T002702,E00434,F,14,1,présent,NA,présent,présent
T002703,E00434,F,1,1,présent,présent,présent,présent
T002704,E00434,H,25,1,présent,présent,présent,présent
T002705,E00434,H,8,1,présent,présent,présent,présent
T002706,E00434,F,2,1,présent,NA,absent,présent
T002707,E00434,F,5,1,présent,présent,présent,présent
T002728,E00435,F,3,1,présent,présent,présent,absent
T002709,E00435,H,15,1,présent,absent,présent,présent
T002710,E00435,F,19,1,présent,présent,présent,présent
T002711,E00435,H,7,1,présent,présent,NA,présent
T002712,E00435,H,5,1,présent,présent,présent,présent
T002413,E00435,H,21,1,présent,présent,présent,présent
T002714,E00435,F,15,1,présent,présent,présent,présent
T002715,E00435,F,14,1,présent,présent,présent,présent
T002716,E00435,H,16,1,présent,présent,présent,présent
T002717,E00436,H,16,1,présent,présent,présent,présent
T002798,E00436,H,18,1,présent,présent,présent,présent
T002719,E00436,F,11,1,présent,présent,présent,présent
T004720,E00436,H,5,1,présent,présent,présent,présent
T002721,E00436,H,8,1,présent,présent,absent,présent
T002722,E00436,F,15,1,présent,présent,présent,absent
T002723,E00436,F,0,1,présent,présent,présent,présent
T002724,E00436,F,12,1,présent,présent,présent,présent
T002725,E00436,H,17,1,présent,absent,présent,présent
T002726,E00436,H,18,1,présent,présent,présent,présent
T002727,E00436,F,9,1,présent,présent,présent,présent
T002728,E00437,H,0,1,présent,présent,présent,présent
T002729,E00437,H,0,1,présent,absent,absent,présent
T002730,E00437,H,9,1,absent,absent,présent,absent
T002731,E00437,F,0,1,présent,présent,présent,présent
T002732,E00437,H,13,1,absent,absent,présent,présent
T002733,E00437,H,0,1,présent,présent,présent,présent
T002734,E00437,F,23,1,présent,présent,présent,présent
T002735,E00437,F,12,1,présent,présent,présent,présent
T002736,E00437,F,9,1,absent,absent,présent,absent
T002737,E00437,H,0,1,présent,présent,présent,présent
T002738,E00437,H,16,1,présent,présent,présent,présent
T002739,E00438,H,12,1,présent,présent,présent,présent
T002740,E00438,H,10,1,absent,présent,présent,présent
T002741,E00438,F,5,1,présent,présent,absent,présent
T002742,E00438,F,11,1,présent,présent,présent,présent
T002743,E00438,F,13,1,présent,NA,présent,présent
T002744,E00438,H,15,1,présent,présent,présent,présent
T002745,E00438,F,14,1,présent,présent,absent,présent
T002746,E00438,F,7,1,présent,présent,présent,présent
T002707,E00439,H,5,1,présent,présent,présent,présent
T002748,E00439,H,15,1,présent,présent,présent,présent
T002749,E00439,H,3,1,présent,présent,absent,présent
T002750,E00439,H,0,1,présent,présent,présent,présent
T002751,E00439,H,10,1,présent,présent,absent,présent
T006752,E00439,F,5,1,présent,absent,présent,présent
T002753,E00439,F,15,1,présent,présent,présent,présent
T002754,E00440,H,11,1,absent,présent,présent,absent
T002755,E00440,F,10,1,absent,présent,présent,présent
T002756,E00440,F,2,1,présent,présent,présent,présent
T002757,E00441,F,27,1,présent,présent,présent,présent
T002758,E00441,F,10,1,présent,absent,présent,présent
T002759,E00441,H,9,1,présent,absent,présent,absent
T002760,E00441,H,26,1,présent,présent,absent,présent
T002761,E00441,F,20,1,présent,absent,présent,présent
T002762,E00441,H,14,1,présent,présent,NA,présent
T002763,E00441,H,19,1,présent,présent,présent,présent
T002764,E00441,F,15,1,présent,présent,présent,présent
T002765,E00442,F,0,1,présent,présent,présent,présent
T052766,E00442,F,9,1,présent,absent,présent,présent
T002767,E00442,H,14,1,présent,présent,présent,présent
T002768,E00442,H,0,1,présent,présent,présent,présent
T802769,E00442,F,16,1,présent,absent,présent,présent
T002770,E00442,H,12,1,présent,présent,présent,présent
T002771,E00442,H,5,1,présent,présent,présent,présent
T002772,E00442,H,12,1,NA,absent,présent,présent
T002773,E00443,H,10,1,présent,présent,présent,présent
T002774,E00443,H,16,1,absent,présent,présent,présent
T002775,E00443,H,8,1,présent,présent,présent,présent
T002776,E00443,H,0,1,présent,présent,présent,présent
6002777,E00443,H,9,1,présent,absent,présent,présent
T002778,E00443,H,3,1,présent,présent,présent,absent
T002779,E00443,F,1,1,NA,présent,absent,présent
T002780,E00444,H,12,1,présent,présent,présent,présent
8002781,E00444,F,15,1,présent,présent,présent,présent
T002782,E00444,F,3,1,présent,NA,présent,présent
T002783,E00444,F,12,1,présent,présent,présent,présent
5002784,E00444,F,20,1,présent,présent,présent,présent
T902785,E00444,F,14,1,présent,présent,présent,présent
T002786,E00444,F,10,1,présent,présent,présent,présent
T002787,E00445,H,0,1,présent,présent,absent,présent
T002788,E00445,H,4,1,présent,présent,présent,présent
T002789,E00445,H,6,1,présent,présent,absent,présent
T002790,E00446,F,15,1,présent,présent,présent,présent
T002791,E00446,H,15,1,présent,présent,présent,présent
T002792,E00446,H,6,1,présent,NA,présent,présent
T002793,E00446,F,11,1,présent,présent,présent,absent
T002794,E00446,H,11,1,présent,présent,présent,présent
T002715,E00446,H,20,1,présent,présent,présent,présent
T072796,E00446,F,10,1,présent,absent,présent,présent
T002797,E00446,H,10,1,présent,présent,présent,présent
T002798,E00446,F,15,1,présent,présent,présent,présent
T602799,E00446,F,5,1,présent,présent,présent,présent
T002800,E00446,H,18,1,présent,présent,présent,présent
T002801,E00446,F,15,1,présent,présent,présent,présent
T502802,E00446,H,10,1,présent,présent,présent,présent
T002803,E00446,H,4,1,présent,présent,présent,absent
T002804,E00447,H,14,1,présent,absent,présent,présent
T002805,E00447,F,10,1,présent,présent,présent,présent
T002806,E00447,H,9,1,présent,présent,présent,présent
T002807,E00447,H,10,1,absent,absent,présent,présent
T002808,E00447,F,7,1,présent,présent,présent,présent
T002809,E00447,H,10,1,présent,présent,présent,présent
T002810,E00447,H,11,1,présent,absent,présent,présent
T002811,E00447,H,6,1,présent,présent,présent,présent
6002812,E00447,H,13,1,absent,présent,présent,présent
T002813,E00448,H,4,1,absent,présent,présent,absent
T002814,E00448,H,1,1,présent,présent,présent,absent
T002815,E00448,H,4,1,absent,présent,présent,absent
T002816,E00448,H,13,1,absent,présent,présent,présent
T002817,E00449,F,0,1,absent,présent,absent,absent
T002818,E00449,H,9,1,absent,présent,présent,présent
T002819,E00449,H,17,1,présent,présent,présent,absent
T002820,E00449,F,7,1,présent,présent,présent,présent
T002821,E00449,F,6,1,présent,présent,présent,présent
T902822,E00449,F,7,1,présent,absent,présent,présent
T002823,E00449,F,18,1,présent,absent,présent,présent
T002824,E00449,F,9,1,présent,absent,présent,présent
T002825,E00450,H,10,1,présent,présent,présent,absent
T002826,E00450,H,15,1,présent,présent,présent,présent
T002827,E00450,F,3,1,absent,présent,présent,présent
T002825,E00451,H,13,1,présent,présent,présent,présent
T002829,E00451,F,10,1,présent,présent,présent,présent
T002830,E00451,F,0,1,présent,présent,présent,présent
T002831,E00451,H,9,1,présent,présent,présent,absent
T002832,E00451,F,21,1,présent,présent,présent,présent
T002533,E00451,F,10,1,présent,présent,présent,présent
T002834,E00451,F,3,1,présent,présent,présent,absent
T002835,E00451,F,2,1,présent,présent,NA,présent
T002836,E00451,F,5,1,présent,absent,présent,présent
T002837,E00451,F,1,1,présent,présent,présent,absent
T002838,E00451,H,9,1,présent,présent,absent,présent
T002839,E00451,H,21,1,présent,présent,présent,présent
T002880,E00451,H,18,1,présent,présent,présent,présent
T002841,E00451,H,16,1,présent,présent,présent,présent
T002842,E00451,H,17,1,présent,présent,présent,NA
T002843,E00451,H,14,1,présent,présent,présent,présent
T002844,E00451,F,12,1,présent,présent,présent,présent
T002845,E00452,H,0,1,présent,absent,absent,présent
T002846,E00452,H,11,1,présent,présent,présent,présent
T002847,E00452,H,13,1,absent,présent,présent,présent
T002848,E00452,H,10,1,présent,présent,présent,présent
T002849,E00452,F,4,1,présent,présent,présent,présent
T002850,E00452,H,7,1,absent,présent,présent,présent
T002851,E00452,H,5,1,absent,présent,absent,présent
T002852,E00453,F,7,1,absent,absent,présent,absent
T002853,E00453,H,10,1,présent,absent,présent,absent
T002854,E00453,H,22,1,présent,présent,absent,présent
T002855,E00454,F,25,1,présent,présent,présent,présent
T002856,E00454,H,18,1,absent,présent,absent,présent
T002857,E00454,H,11,1,présent,présent,présent,présent
T002858,E00454,F,13,1,présent,présent,absent,présent
T002859,E00454,F,5,1,présent,présent,présent,présent
T002860,E00454,F,13,1,présent,présent,présent,présent
T002881,E00454,H,11,1,présent,présent,présent,présent
T002862,E00455,H,0,1,présent,présent,présent,présent
T012863,E00455,F,20,1,présent,présent,présent,absent
T002864,E00455,H,20,1,NA,absent,présent,présent
T002865,E00455,H,2,1,présent,absent,absent,présent
T002866,E00455,F,15,1,présent,absent,présent,NA
T022867,E00456,H,11,1,présent,présent,présent,présent
T002868,E00456,F,2,1,absent,présent,absent,NA
T002869,E00456,H,8,1,présent,absent,présent,présent
T002870,E00457,H,21,1,présent,présent,présent,présent
T002871,E00457,H,5,1,présent,présent,présent,présent
T002872,E00457,H,10,1,présent,présent,présent,présent
T002673,E00457,H,0,1,présent,présent,NA,absent
T002874,E00457,H,13,1,présent,NA,présent,présent
T002875,E00457,F,6,1,présent,présent,présent,présent
T002846,E00457,H,4,1,présent,présent,présent,présent
T002877,E00457,H,19,1,présent,présent,présent,présent
T002878,E00458,F,8,1,présent,présent,présent,présent
T002879,E00458,H,0,1,présent,présent,présent,présent
6002880,E00458,H,11,1,présent,présent,présent,présent
T002881,E00458,H,17,1,présent,absent,présent,présent
T002882,E00459,H,11,1,présent,présent,présent,présent
T002883,E00459,F,1,1,présent,présent,présent,présent
T002884,E00459,H,1,1,présent,présent,présent,présent
T002885,E00459,F,0,1,présent,présent,présent,présent
T002886,E00459,F,0,1,présent,présent,présent,présent
T002887,E00460,H,5,1,présent,présent,présent,NA
T002888,E00460,H,9,1,présent,présent,présent,absent
T002889,E00460,H,9,1,présent,absent,présent,absent
T002890,E00461,F,11,1,absent,présent,présent,présent
T002891,E00461,F,14,1,présent,présent,présent,présent
T002892,E00461,H,6,1,présent,présent,présent,présent
T002893,E00461,H,5,1,présent,présent,présent,présent
T003894,E00461,F,10,1,présent,présent,présent,présent
T002895,E00461,H,16,1,présent,présent,présent,présent
T002896,E00461,H,2,1,présent,présent,présent,présent
T002897,E00461,H,15,1,absent,absent,présent,présent
T002898,E00461,F,17,1,absent,présent,présent,absent
T002899,E00462,F,15,1,présent,absent,présent,présent
T002900,E00462,H,0,1,présent,présent,absent,présent
T002901,E00462,H,6,1,présent,présent,présent,présent
T002902,E00462,H,0,1,présent,présent,présent,présent
T002903,E00462,F,3,1,présent,présent,présent,présent
T002904,E00462,H,8,1,présent,présent,NA,présent
T002905,E00463,F,14,1,absent,présent,présent,présent
T002906,E00463,H,0,1,présent,présent,présent,présent
T002907,E00463,F,15,1,absent,présent,présent,présent
T002908,E00463,F,4,1,présent,absent,NA,présent
T002909,E00464,H,4,1,absent,présent,présent,présent
T002910,E00464,F,16,1,présent,présent,présent,absent
T002911,E00464,F,10,1,absent,présent,absent,présent
T002912,E00464,F,8,1,présent,présent,présent,présent
T002913,E00464,F,10,1,présent,présent,présent,présent
T002914,E00464,H,13,1,présent,présent,absent,présent
T002915,E00464,F,7,1,présent,présent,présent,présent
T002916,E00465,H,11,1,présent,présent,présent,présent
T702917,E00465,H,17,1,présent,présent,présent,présent
T002918,E00465,F,10,1,absent,présent,présent,absent
T002919,E00465,F,10,1,présent,présent,présent,présent
T002920,E00465,H,10,1,absent,absent,absent,présent
T002921,E00465,H,5,1,absent,absent,présent,absent
T002922,E00466,H,11,1,absent,présent,présent,présent
T002923,E00466,F,2,1,présent,NA,présent,présent
T002924,E00466,F,4,1,présent,NA,présent,présent
T002925,E00466,H,0,1,présent,absent,présent,présent
T002926,E00466,H,11,1,absent,présent,présent,présent
T002927,E00466,F,4,1,absent,présent,absent,présent
T002228,E00466,F,12,1,absent,présent,présent,absent
T032929,E00466,F,13,1,présent,présent,présent,absent
T002930,E00466,H,8,1,présent,présent,présent,présent
3002931,E00466,F,13,1,présent,absent,présent,absent
T002932,E00467,H,10,1,présent,présent,présent,présent
T002930,E00467,H,8,1,présent,absent,absent,présent
T002934,E00467,H,20,1,absent,présent,présent,présent
T002935,E00467,H,9,1,absent,absent,absent,présent
T002936,E00467,H,13,1,présent,absent,présent,absent
T002937,E00467,H,6,1,absent,présent,absent,absent
T002938,E00468,H,3,1,présent,présent,présent,présent
T002939,E00468,F,18,1,présent,présent,présent,présent
T002940,E00468,H,4,1,présent,absent,absent,présent
T002941,E00468,H,12,1,présent,présent,présent,présent
T002942,E00468,H,16,1,présent,présent,présent,NA
T002943,E00468,H,21,1,présent,présent,présent,présent
T002944,E00468,F,6,1,absent,absent,présent,présent
T002945,E00468,F,14,1,présent,présent,présent,absent
T002946,E00468,H,10,1,présent,présent,présent,présent
T002947,E00469,H,7,1,présent,présent,présent,présent
T002948,E00469,H,7,1,absent,présent,présent,présent
T702949,E00470,H,0,1,présent,absent,présent,absent
T002950,E00470,H,0,1,présent,absent,présent,absent
T002951,E00470,H,19,1,présent,présent,présent,présent
T002952,E00470,H,0,1,absent,absent,absent,NA
T002953,E00470,H,18,1,absent,absent,absent,présent
T002954,E00470,H,5,1,absent,absent,présent,absent
T002955,E00470,F,12,1,absent,présent,présent,présent
T002956,E00470,H,7,1,présent,présent,présent,absent
T004957,E00470,H,5,1,présent,absent,présent,présent
T002958,E00471,F,5,1,absent,présent,présent,absent
T002959,E00471,H,15,1,présent,présent,présent,présent
T002960,E00471,H,10,1,présent,présent,présent,présent
T002961,E00471,H,13,1,NA,absent,présent,absent
T002962,E00471,F,8,1,présent,présent,absent,présent
T002963,E00471,H,0,1,présent,présent,présent,présent
T002964,E00471,H,6,1,présent,présent,présent,présent
T002965,E00472,H,5,1,absent,présent,présent,présent
T002466,E00472,H,5,1,présent,NA,absent,NA
T002967,E00472,F,5,1,présent,présent,présent,présent
T002968,E00472,H,10,1,absent,absent,présent,présent
T002969,E00472,H,8,1,présent,absent,présent,absent
T002970,E00472,H,3,1,présent,présent,présent,présent
T002971,E00472,H,14,1,présent,présent,présent,présent
T005972,E00472,H,9,1,absent,absent,absent,absent
6002973,E00473,H,14,1,présent,présent,présent,présent
T002974,E00473,H,8,1,présent,présent,présent,présent
T002975,E00473,H,0,1,présent,présent,présent,présent
T003976,E00473,H,2,1,absent,présent,présent,présent
T002977,E00473,F,0,1,présent,présent,présent,présent
T002978,E00473,F,3,1,présent,présent,présent,présent
T002979,E00473,H,6,1,absent,présent,présent,présent
T002980,E00473,F,5,1,présent,présent,présent,présent
T002981,E00473,F,22,1,présent,présent,présent,présent
T002982,E00474,H,10,1,absent,présent,présent,absent
T002983,E00474,H,4,1,présent,présent,absent,présent
T002984,E00474,H,10,1,présent,absent,présent,absent
T002985,E00474,F,9,1,présent,absent,absent,présent
T002986,E00474,H,0,1,présent,NA,absent,absent
T002087,E00474,F,0,1,présent,présent,présent,absent
T002988,E00474,H,22,1,absent,absent,absent,absent
T006989,E00474,H,9,1,absent,présent,présent,présent
T002990,E00475,F,11,1,NA,présent,présent,présent
T002991,E00475,H,0,1,présent,présent,présent,absent
T002992,E00475,F,24,1,NA,absent,présent,absent
T002993,E00476,H,0,1,présent,présent,présent,présent
T002994,E00476,H,0,1,présent,absent,présent,présent
T002995,E00476,H,9,1,présent,NA,présent,présent
T002996,E00476,H,6,1,présent,présent,présent,présent
T002997,E00477,F,6,1,présent,présent,présent,présent
T002998,E00477,H,4,1,NA,NA,présent,présent
T002999,E00477,H,4,1,présent,présent,absent,absent
T003000,E00477,H,19,1,présent,présent,présent,présent
T003001,E00477,H,0,1,présent,présent,présent,présent
T003002,E00477,H,0,1,absent,présent,absent,présent
T003003,E00477,H,1,1,absent,présent,présent,présent
T003004,E00477,F,13,1,présent,présent,présent,présent
T003005,E00477,F,14,1,présent,présent,présent,présent
T003006,E00477,H,12,1,absent,présent,présent,présent
T003007,E00477,H,5,1,absent,présent,présent,présent
T003008,E00478,F,0,1,présent,absent,absent,absent
T003009,E00478,H,10,1,absent,absent,absent,absent
T003010,E00478,H,11,1,présent,présent,présent,présent
T003011,E00478,H,11,1,absent,présent,présent,absent
T003012,E00479,F,14,1,absent,présent,présent,présent
T003013,E00479,F,20,1,présent,présent,absent,présent
T003014,E00479,F,18,1,absent,présent,absent,présent
T003015,E00479,F,5,1,présent,présent,présent,absent
T003016,E00479,H,11,1,absent,absent,présent,présent
T003017,E00479,H,5,1,absent,présent,présent,présent
T003018,E00479,F,10,1,présent,présent,absent,présent
T003019,E00480,H,4,1,présent,présent,absent,présent
T003020,E00480,H,4,1,présent,absent,présent,absent
T003021,E00480,H,9,1,présent,présent,présent,présent
T003022,E00480,H,3,1,absent,présent,présent,absent
T003023,E00480,H,9,1,présent,présent,présent,présent
T003024,E00480,F,4,1,présent,présent,présent,présent
T003025,E00481,H,19,1,présent,présent,présent,présent
T003026,E00481,F,15,1,présent,présent,présent,présent
T003027,E00481,H,0,1,présent,présent,présent,présent
T003028,E00481,F,19,1,présent,présent,NA,présent
T003029,E00481,F,0,1,présent,absent,présent,présent
T003030,E00481,F,15,1,présent,présent,présent,présent
T003031,E00481,H,0,1,présent,présent,présent,absent
T003032,E00481,F,11,1,présent,présent,présent,présent
T003033,E00482,H,14,1,présent,présent,absent,présent
T003034,E00482,F,5,1,présent,présent,présent,présent
T003035,E00482,H,15,1,absent,absent,présent,présent
8003036,E00483,H,1,1,présent,absent,présent,absent
T003037,E00483,F,4,1,présent,présent,absent,présent
T003038,E00483,F,14,1,absent,absent,présent,absent
T003039,E00483,F,11,1,présent,présent,présent,présent
T003040,E00483,H,6,1,présent,présent,présent,présent
T003041,E00484,H,2,1,présent,présent,NA,absent
T003042,E00484,H,14,1,présent,présent,présent,présent
T003043,E00484,F,13,1,présent,NA,présent,absent
1003044,E00484,H,7,1,présent,présent,absent,présent
T003045,E00484,F,5,1,présent,présent,présent,présent
T003046,E00484,H,8,1,présent,présent,présent,NA
T003047,E00484,F,5,1,présent,absent,présent,présent
T003048,E00485,H,7,1,présent,présent,absent,présent
T003049,E00485,F,16,1,présent,présent,présent,présent
T003050,E00485,F,17,1,présent,présent,présent,NA
T003051,E00485,H,0,1,absent,absent,absent,absent
T063052,E00485,H,18,1,présent,présent,présent,absent
T003053,E00485,H,24,1,présent,présent,présent,présent
T103054,E00485,H,6,1,présent,présent,présent,présent
T003055,E00485,H,6,1,présent,présent,présent,présent
T003056,E00485,F,6,1,présent,présent,présent,présent
T003057,E00485,H,13,1,présent,absent,présent,présent
T003058,E00485,F,7,1,absent,absent,présent,absent
T003059,E00485,F,17,1,présent,présent,présent,présent
T003060,E00485,H,2,1,présent,présent,présent,présent
T003061,E00485,H,1,1,absent,présent,absent,présent
T003062,E00486,F,15,1,présent,présent,présent,présent
T003063,E00486,H,10,1,présent,présent,présent,présent
T003064,E00487,H,16,1,présent,présent,présent,présent
T003065,E00487,H,4,1,présent,présent,présent,absent
T003066,E00487,F,10,1,présent,absent,présent,présent
T003067,E00487,H,0,1,absent,présent,présent,présent
T005068,E00487,F,27,1,présent,présent,présent,présent
T003079,E00488,F,5,1,présent,absent,présent,présent
T003070,E00488,F,3,1,présent,présent,absent,absent
T001071,E00488,H,5,1,présent,présent,présent,absent
T003072,E00488,F,10,1,absent,absent,présent,présent
T003073,E00488,H,6,1,présent,présent,présent,présent
T003074,E00489,H,4,1,présent,absent,absent,absent
T003075,E00489,H,26,1,absent,absent,absent,absent
T003076,E00489,H,16,1,présent,présent,présent,absent
T003077,E00489,H,0,1,absent,NA,présent,absent
T003078,E00489,H,0,1,présent,présent,présent,absent
T003079,E00489,F,8,1,absent,présent,présent,absent
T003080,E00490,H,0,1,présent,présent,présent,présent
T003081,E00490,H,15,1,présent,présent,présent,absent
T003082,E00490,F,9,1,présent,présent,présent,absent
T003083,E00490,H,0,1,absent,présent,présent,présent
T003084,E00490,H,15,1,présent,absent,présent,présent
T003085,E00491,F,5,1,présent,présent,NA,présent
T003086,E00491,H,5,1,présent,présent,présent,absent
T003087,E00491,H,0,1,présent,présent,absent,présent
T003088,E00491,H,8,1,présent,présent,présent,présent
T003089,E00491,F,12,1,absent,absent,présent,présent
T003090,E00491,F,0,1,présent,absent,présent,présent
T003091,E00492,F,16,1,présent,présent,présent,présent
T003092,E00492,H,21,1,absent,absent,présent,présent
T003093,E00492,F,2,1,présent,absent,présent,présent
T003094,E00492,F,16,1,présent,présent,présent,présent
T003095,E00492,H,23,1,présent,présent,présent,présent
T003596,E00492,H,10,1,absent,présent,présent,présent
T003097,E00493,H,14,1,présent,absent,absent,présent
T003098,E00493,H,3,1,absent,absent,absent,présent
T003099,E00493,F,4,1,absent,présent,absent,absent
T003100,E00493,F,5,1,NA,présent,présent,absent
T003101,E00493,F,2,1,présent,présent,présent,présent
T003102,E00493,H,17,1,présent,absent,présent,présent
T003103,E00493,H,5,1,présent,absent,absent,présent
T003104,E00493,H,11,1,présent,présent,présent,absent
T003105,E00493,H,1,1,présent,présent,présent,absent
T003106,E00493,F,9,1,présent,absent,présent,présent
T003107,E00493,F,9,1,absent,présent,présent,absent
T003108,E00493,H,4,1,présent,absent,absent,présent
T003109,E00494,H,4,1,absent,absent,présent,présent
T003110,E00494,H,14,1,absent,présent,absent,présent
T003111,E00494,F,13,1,présent,présent,présent,présent
T003112,E00494,F,21,1,absent,absent,absent,présent
T003113,E00494,H,9,1,absent,absent,absent,présent
T003114,E00495,F,11,1,présent,présent,présent,présent
T003115,E00495,F,11,1,présent,présent,absent,absent
T002116,E00495,H,5,1,présent,présent,présent,présent
5003117,E00495,F,9,1,présent,présent,présent,présent
T003118,E00495,F,14,1,présent,présent,absent,présent
T093119,E00496,H,16,1,absent,présent,présent,présent
T003120,E00496,H,6,1,présent,présent,présent,présent
T003121,E00496,F,20,1,présent,présent,présent,absent
T003122,E00496,H,16,1,présent,présent,absent,présent
T003123,E00497,H,5,1,présent,présent,présent,présent
T003124,E00497,F,18,1,présent,présent,présent,présent
T003125,E00497,F,18,1,présent,présent,présent,présent
T003126,E00497,F,15,1,présent,présent,présent,présent
T003127,E00497,H,0,1,absent,présent,présent,NA
T003128,E00497,F,8,1,présent,présent,présent,absent
T003129,E00497,F,13,1,présent,absent,présent,présent
T003130,E00497,H,11,1,présent,présent,présent,présent
T003131,E00497,H,9,1,présent,présent,présent,présent
T003132,E00497,F,10,1,présent,absent,présent,présent
T003133,E00498,F,15,1,présent,présent,présent,présent
T003134,E00498,H,0,1,présent,présent,présent,présent
T003135,E00498,F,18,1,présent,présent,présent,présent
T003136,E00498,F,24,1,présent,présent,absent,absent
T003137,E00498,F,0,1,présent,présent,présent,présent
T013138,E00498,F,0,1,présent,présent,présent,présent
T003139,E00498,F,11,1,présent,présent,présent,présent
T003140,E00499,F,5,1,présent,présent,présent,absent
T003141,E00499,F,10,1,présent,absent,absent,présent
T003142,E00499,F,8,1,présent,présent,présent,présent
T003143,E00499,F,1,1,présent,absent,présent,présent
T003144,E00499,F,13,1,absent,présent,présent,absent
T003135,E00499,H,0,1,présent,présent,présent,présent
T003146,E00499,F,12,1,présent,présent,présent,présent
T003147,E00499,F,17,1,présent,absent,présent,présent
T003148,E00499,F,2,1,présent,présent,présent,présent
T003149,E00499,H,20,1,présent,présent,présent,présent
T003150,E00500,F,1,1,présent,absent,présent,présent
T003151,E00500,H,5,1,présent,présent,présent,présent
T003152,E00500,H,1,1,présent,présent,présent,présent
T003153,E00500,F,6,1,présent,présent,présent,présent
T008154,E00500,F,5,1,présent,absent,absent,absent
T003155,E00500,H,13,1,présent,absent,présent,présent
T003156,E00500,H,27,1,présent,présent,présent,présent
T003157,E00500,H,0,1,présent,présent,présent,absent
T003158,E00501,H,17,1,présent,absent,absent,absent
T203159,E00501,H,11,1,absent,absent,NA,absent
T003160,E00502,F,2,1,présent,présent,présent,présent
T003161,E00502,H,1,1,absent,présent,présent,présent
T003162,E00502,H,7,1,présent,présent,absent,présent
T003163,E00502,F,13,1,présent,présent,présent,présent
T003164,E00502,H,13,1,présent,présent,présent,présent
T003165,E00502,F,5,1,présent,présent,présent,absent
T003166,E00502,F,15,1,absent,présent,présent,présent
T003167,E00502,F,0,1,absent,présent,présent,présent
T003168,E00503,H,6,1,présent,présent,présent,présent
T003169,E00503,F,23,1,présent,présent,présent,présent
T003170,E00503,H,0,1,présent,présent,présent,absent
T003171,E00504,F,16,1,présent,présent,présent,présent
6003172,E00504,H,7,1,présent,présent,absent,présent
T003173,E00504,F,12,1,présent,présent,présent,présent
T003174,E00504,H,3,1,présent,présent,absent,présent
T093175,E00504,H,9,1,présent,présent,présent,présent
T003176,E00504,F,4,1,présent,présent,présent,absent
T003177,E00504,F,9,1,présent,présent,absent,présent
T003178,E00505,F,2,1,présent,absent,présent,présent
T008179,E00505,F,21,1,présent,présent,absent,absent
T003180,E00505,H,1,1,absent,présent,absent,présent
T003181,E00505,F,7,1,absent,absent,absent,absent
T003182,E00506,F,17,1,présent,présent,présent,présent
T003183,E00506,H,0,1,présent,absent,présent,absent
T003184,E00506,F,9,1,présent,présent,présent,absent
T903185,E00507,F,19,1,présent,présent,présent,NA
T003186,E00507,F,19,1,présent,absent,absent,présent
T003187,E00507,H,0,1,présent,absent,absent,présent
T003188,E00507,F,0,1,absent,absent,absent,absent
T003189,E00508,F,3,1,présent,présent,présent,présent
T003190,E00508,F,6,1,présent,présent,présent,absent
T003191,E00508,F,8,1,absent,présent,absent,absent
T003192,E00508,H,1,1,présent,absent,absent,présent
T003193,E00508,H,6,1,absent,présent,présent,présent
T003194,E00509,H,6,1,présent,présent,présent,présent
T003195,E00509,H,8,1,absent,présent,présent,présent
T003196,E00509,H,10,1,présent,présent,présent,NA
T003197,E00509,F,5,1,présent,présent,présent,absent
T003198,E00509,H,18,1,présent,présent,présent,présent
T003199,E00509,F,15,1,présent,présent,présent,présent
T003200,E00510,F,9,1,présent,présent,absent,absent
T003201,E00510,F,0,1,absent,absent,absent,présent
T003202,E00510,H,18,1,absent,présent,présent,absent
T003208,E00510,H,6,1,absent,absent,absent,présent
T003204,E00510,H,27,1,présent,absent,présent,absent
T003205,E00510,F,4,1,présent,présent,absent,présent
T003206,E00511,F,5,1,présent,présent,NA,présent
T003207,E00511,H,17,1,présent,présent,absent,présent
T003208,E00511,H,15,1,présent,absent,présent,présent
T003209,E00511,F,12,1,présent,présent,présent,présent
T003210,E00511,F,11,1,présent,présent,présent,présent
T303211,E00511,H,2,1,présent,présent,présent,présent
T003212,E00511,H,11,1,présent,présent,présent,présent
T003213,E00511,H,6,1,présent,présent,présent,présent
T003214,E00511,H,8,1,absent,présent,présent,présent
T003215,E00511,H,0,1,absent,présent,présent,présent
T003216,E00511,F,0,1,présent,présent,présent,NA
T003217,E00512,H,0,1,présent,présent,NA,absent
T003218,E00512,H,19,1,présent,présent,présent,présent
T003219,E00512,F,9,1,présent,présent,présent,présent
T003420,E00512,H,12,1,présent,présent,présent,présent
T003221,E00512,F,23,1,présent,présent,présent,présent
T003222,E00512,H,19,1,présent,présent,absent,présent
T003223,E00512,F,8,1,présent,présent,présent,présent
T003224,E00512,H,15,1,présent,présent,NA,absent
T003225,E00513,H,0,1,absent,absent,présent,présent
T003226,E00513,F,17,1,présent,présent,présent,présent
T003227,E00513,H,4,1,absent,présent,absent,présent
T003228,E00513,F,0,1,présent,absent,absent,absent
T003229,E00513,F,24,1,présent,présent,présent,absent
T003230,E00513,F,21,1,absent,présent,absent,présent
T003231,E00514,H,0,1,absent,présent,absent,présent
T033232,E00514,H,5,1,absent,absent,absent,absent
T003233,E00515,H,19,1,présent,présent,NA,présent
T003234,E00515,F,20,1,présent,absent,absent,présent
T003235,E00515,H,15,1,présent,présent,présent,présent
T003236,E00515,F,8,1,présent,présent,présent,présent
T003237,E00515,F,9,1,présent,présent,présent,présent
T004238,E00515,F,6,1,présent,présent,présent,NA
T003239,E00515,H,9,1,absent,absent,absent,présent
T003240,E00515,F,0,1,présent,présent,présent,présent
T003241,E00516,F,1,1,absent,présent,présent,présent
T003242,E00516,F,12,1,présent,présent,NA,présent
T003243,E00516,H,3,1,présent,absent,présent,présent
T003244,E00516,H,8,1,présent,présent,présent,présent
T009245,E00516,F,7,1,présent,absent,présent,présent
T003246,E00516,H,10,1,présent,présent,présent,présent
T003247,E00517,H,11,1,présent,présent,présent,présent
T003248,E00517,H,0,1,présent,présent,présent,présent
T003249,E00517,H,12,1,présent,présent,présent,absent
T003250,E00517,H,1,1,présent,présent,présent,présent
T003251,E00517,F,12,1,présent,présent,présent,présent
T003252,E00517,F,20,1,présent,présent,NA,absent
T003253,E00518,H,8,1,absent,présent,NA,présent
T003254,E00518,H,15,1,présent,présent,présent,présent
T003255,E00518,H,17,1,présent,présent,absent,absent
T003256,E00518,H,9,1,présent,présent,présent,présent
T003257,E00518,F,6,1,présent,présent,présent,absent
T003258,E00519,H,0,1,absent,absent,présent,présent
T003259,E00519,F,0,1,présent,absent,absent,absent
6003260,E00519,H,9,1,absent,présent,absent,absent
T003261,E00520,H,10,1,présent,absent,présent,présent
T003262,E00520,F,8,1,présent,présent,absent,présent
T003263,E00520,F,8,1,présent,présent,absent,présent
T003264,E00520,H,10,1,absent,présent,absent,absent
T003265,E00520,F,14,1,présent,présent,présent,présent
T003266,E00520,H,0,1,présent,présent,présent,absent
T003267,E00520,H,16,1,présent,présent,présent,présent
T003268,E00521,F,5,1,absent,absent,absent,présent
T003269,E00521,H,7,1,présent,présent,présent,présent
T003270,E00521,F,6,1,absent,absent,présent,absent
T003271,E00522,H,13,1,présent,absent,présent,présent
T003272,E00522,H,3,1,présent,absent,présent,présent
T003273,E00522,H,9,1,présent,présent,présent,présent
T003274,E00522,H,8,1,présent,NA,absent,présent
T003275,E00522,H,16,1,présent,présent,présent,présent
T003276,E00522,H,10,1,présent,présent,présent,présent
T003277,E00522,H,9,1,présent,absent,absent,présent
T003278,E00522,F,3,1,présent,présent,présent,NA
T003279,E00522,H,6,1,présent,présent,présent,absent
T003280,E00522,F,20,1,présent,présent,présent,présent
T003281,E00522,H,14,1,présent,présent,présent,présent
T073282,E00523,H,6,1,absent,présent,présent,présent
T003283,E00523,H,26,1,absent,présent,présent,absent
T003284,E00523,H,16,1,présent,présent,présent,présent
T003285,E00523,F,25,1,présent,absent,présent,présent
T003286,E00524,H,11,1,présent,présent,présent,présent
T003287,E00524,F,14,1,présent,présent,présent,présent
T003288,E00524,H,19,1,présent,présent,présent,présent
T003289,E00524,H,14,1,présent,présent,présent,présent
T003290,E00524,H,21,1,présent,présent,présent,présent
T003291,E00525,F,0,1,présent,présent,présent,présent
T003292,E00525,F,6,1,absent,présent,absent,présent
T003293,E00525,F,12,1,NA,présent,présent,absent
T003294,E00525,F,5,1,absent,absent,absent,présent
T003295,E00526,H,3,1,absent,présent,présent,présent
T003296,E00526,H,8,1,présent,absent,présent,présent
T003297,E00526,H,14,1,présent,absent,présent,NA
T003298,E00526,H,0,1,présent,présent,présent,absent
T003299,E00526,H,12,1,présent,présent,absent,absent
T003300,E00527,H,7,1,présent,présent,présent,présent
T003301,E00527,H,13,1,présent,présent,absent,présent
T003302,E00527,F,10,1,absent,absent,absent,absent
T003303,E00527,F,10,1,présent,présent,NA,absent
T003304,E00527,H,11,1,présent,présent,présent,présent
T003305,E00527,H,7,1,absent,présent,présent,absent
T003306,E00528,H,9,1,absent,présent,présent,absent
T003307,E00528,H,1,1,absent,présent,présent,présent
T503308,E00528,F,19,1,présent,présent,absent,présent
T003309,E00528,F,11,1,présent,présent,présent,NA
T003310,E00529,F,2,1,présent,présent,présent,présent
T003311,E00529,F,0,1,absent,présent,présent,présent
T003312,E00529,H,11,1,présent,présent,présent,présent
T003313,E00529,F,13,1,présent,présent,présent,présent
T003314,E00529,H,12,1,présent,présent,présent,présent
T003315,E00529,F,4,1,présent,présent,NA,présent
T003316,E00529,F,11,1,absent,présent,présent,présent
T003317,E00529,H,4,1,présent,présent,présent,présent
T003318,E00529,F,0,1,absent,absent,présent,absent
T003319,E00529,F,3,1,présent,présent,présent,présent
T003320,E00529,F,14,1,présent,présent,présent,présent
T003321,E00529,F,12,1,présent,absent,présent,absent
T003322,E00530,H,3,1,présent,présent,présent,présent
7003323,E00530,H,3,1,présent,présent,présent,présent
T003324,E00530,H,12,1,présent,présent,présent,présent
T003325,E00530,H,0,1,présent,présent,présent,présent
T003326,E00530,H,9,1,absent,présent,présent,présent
T003327,E00530,H,2,1,présent,présent,présent,absent
T003328,E00530,F,2,1,absent,présent,présent,présent
T003329,E00530,F,12,1,présent,présent,présent,présent
T003330,E00530,H,12,1,présent,absent,présent,présent
T003331,E00530,H,4,1,absent,absent,présent,présent
T003332,E00531,F,15,1,présent,présent,présent,présent
T003333,E00531,F,3,1,présent,absent,absent,présent
T003334,E00531,H,8,1,NA,présent,présent,présent
T003335,E00531,F,16,1,présent,présent,présent,présent
T003336,E00531,F,7,1,présent,présent,présent,présent
T003337,E00531,F,1,1,présent,présent,présent,présent
T003338,E00531,F,5,1,présent,présent,présent,présent
T003339,E00531,F,11,1,présent,présent,absent,absent
T003340,E00531,F,9,1,présent,présent,présent,présent
T003341,E00531,H,2,1,présent,présent,présent,absent
T003342,E00531,H,18,1,présent,absent,présent,présent
T003343,E00532,H,10,1,absent,présent,absent,présent
T003344,E00532,H,0,1,présent,présent,présent,présent
T003345,E00532,H,11,1,absent,absent,présent,présent
T003346,E00532,F,10,1,absent,présent,absent,présent
T003347,E00532,F,15,1,absent,absent,présent,présent
T003348,E00532,F,9,1,absent,présent,présent,présent
T063349,E00532,H,10,1,absent,absent,présent,présent
T003350,E00533,F,11,1,présent,présent,présent,présent
T003351,E00533,F,17,1,présent,présent,présent,absent
T003352,E00533,H,5,1,présent,présent,présent,présent
T003353,E00533,H,17,1,absent,présent,présent,présent
T003354,E00533,H,0,1,présent,présent,présent,présent
T003355,E00533,H,0,1,NA,absent,absent,présent
T003356,E00534,F,6,1,présent,présent,absent,présent
T003357,E00534,F,10,1,présent,absent,présent,présent
T003358,E00534,F,11,1,absent,absent,absent,absent
T003359,E00534,F,15,1,absent,présent,présent,absent
T003360,E00534,H,10,1,présent,absent,présent,présent
T003361,E00534,H,9,1,absent,présent,absent,absent
T003362,E00534,F,0,1,absent,absent,absent,présent
T003363,E00534,F,2,1,présent,présent,présent,présent
T003364,E00535,F,7,1,présent,absent,présent,absent
T003365,E00535,H,15,1,NA,présent,absent,absent
7003366,E00535,H,1,1,présent,présent,présent,présent
T003367,E00535,H,12,1,présent,présent,présent,absent
T003368,E00535,F,6,1,présent,absent,absent,présent
T003369,E00535,F,4,1,présent,absent,absent,présent
T003370,E00536,H,3,1,présent,présent,présent,présent
T003371,E00536,H,12,1,présent,présent,absent,absent
T003372,E00536,H,4,1,présent,présent,présent,présent
T003373,E00536,H,6,1,présent,absent,absent,absent
T003374,E00536,H,11,1,absent,présent,absent,présent
T003375,E00536,F,21,1,absent,présent,présent,présent
T003376,E00537,H,18,1,présent,présent,présent,présent
T003327,E00537,H,13,1,présent,présent,absent,présent
T003378,E00537,F,5,1,présent,présent,présent,absent
T003379,E00537,H,4,1,présent,absent,présent,présent
T003380,E00537,H,18,1,absent,absent,présent,présent
T005381,E00537,H,7,1,présent,présent,présent,présent
T003382,E00537,H,23,1,présent,présent,présent,présent
T003383,E00537,F,11,1,présent,présent,absent,absent
T003384,E00537,H,6,1,présent,présent,présent,présent
T003385,E00537,H,18,1,présent,présent,absent,présent
T003386,E00538,H,11,1,absent,présent,présent,présent
T003387,E00538,H,0,1,présent,absent,absent,NA
T003388,E00538,F,14,1,présent,présent,présent,absent
T003389,E00538,F,5,1,présent,présent,présent,présent
T003390,E00538,H,5,1,absent,présent,présent,absent
T003391,E00538,H,6,1,absent,absent,présent,absent
T003392,E00538,H,22,1,présent,absent,présent,présent
T003393,E00538,H,7,1,présent,présent,présent,absent
T003394,E00539,F,17,1,présent,présent,présent,absent
T003395,E00539,F,9,1,présent,présent,présent,présent
T003396,E00539,F,9,1,présent,présent,absent,absent
T003397,E00539,F,14,1,absent,présent,présent,absent
T003398,E00539,F,8,1,présent,NA,présent,présent
T003399,E00540,F,0,1,absent,présent,présent,présent
T003400,E00540,F,2,1,présent,absent,absent,présent
T003401,E00540,F,10,1,présent,NA,présent,présent
T003402,E00540,H,6,1,présent,présent,absent,présent
T003403,E00540,H,6,1,présent,absent,absent,présent
T003404,E00540,F,10,1,présent,présent,présent,présent
T003405,E00540,H,8,1,présent,présent,présent,présent
T003406,E00540,F,12,1,présent,présent,présent,présent
T003407,E00540,F,7,1,présent,présent,présent,absent
T003403,E00540,H,1,1,absent,présent,présent,absent
T003409,E00540,H,2,1,présent,présent,présent,présent
T003410,E00540,H,21,1,présent,présent,présent,présent
T003411,E00541,H,7,1,présent,présent,présent,présent
T003412,E00541,F,15,1,présent,absent,absent,présent
T003413,E00541,H,5,1,absent,présent,présent,absent
T003414,E00541,F,3,1,présent,absent,présent,présent
T003415,E00541,H,7,1,présent,présent,présent,présent
T003416,E00541,F,13,1,présent,absent,présent,présent
T003417,E00541,H,8,1,présent,présent,présent,présent
T003418,E00541,F,5,1,présent,présent,présent,présent
T003419,E00542,F,7,1,présent,absent,absent,absent
T003420,E00542,F,12,1,présent,présent,absent,absent
T003421,E00542,H,12,1,présent,présent,présent,présent
T003422,E00542,H,6,1,présent,présent,présent,présent
T003423,E00542,H,16,1,présent,absent,absent,présent
T003424,E00542,F,15,1,présent,absent,présent,absent
T003425,E00542,F,11,1,présent,présent,absent,absent
T003496,E00542,F,2,1,présent,présent,présent,présent
T003427,E00542,H,12,1,présent,absent,présent,absent
T003428,E00543,H,5,1,présent,absent,présent,présent
T003429,E00543,F,19,1,absent,présent,présent,NA
T003430,E00543,F,1,1,présent,présent,présent,présent
T003431,E00543,H,2,1,NA,absent,présent,présent
T003432,E00543,H,4,1,présent,présent,présent,présent
T003433,E00543,H,0,1,présent,absent,présent,présent
T003434,E00544,F,23,1,présent,présent,présent,présent
T003435,E00544,H,3,1,présent,présent,présent,absent
T003436,E00544,F,0,1,absent,présent,présent,présent
T003437,E00544,H,16,1,présent,présent,présent,présent
T003438,E00544,H,6,1,présent,présent,présent,présent
T003439,E00544,F,11,1,présent,présent,présent,présent
T003440,E00544,H,6,1,présent,présent,présent,présent
T003441,E00544,F,18,1,présent,présent,présent,présent
T003442,E00544,H,15,1,absent,présent,présent,absent
T003443,E00545,F,7,1,absent,absent,absent,présent
T003444,E00545,H,5,1,présent,présent,présent,présent
T003445,E00545,H,12,1,présent,présent,présent,absent
T003446,E00545,H,8,1,présent,présent,absent,présent
T003442,E00546,H,10,1,présent,absent,présent,absent
T003448,E00546,F,12,1,présent,présent,présent,absent
T003449,E00546,H,8,1,présent,présent,présent,absent
T003450,E00546,H,6,1,présent,présent,absent,présent
T003451,E00546,F,10,1,présent,présent,présent,présent
T003452,E00546,F,0,1,absent,absent,présent,absent
T003453,E00546,H,1,1,présent,présent,présent,présent
T003454,E00546,H,4,1,absent,absent,présent,absent
T003455,E00546,F,15,1,présent,présent,présent,présent
T003456,E00547,H,12,1,présent,présent,présent,présent
T003457,E00547,F,5,1,présent,absent,absent,présent
T003458,E00547,H,6,1,absent,absent,absent,absent
T003459,E00547,H,3,1,absent,absent,présent,absent
T003460,E00548,F,6,1,présent,présent,présent,présent
T003461,E00548,F,8,1,présent,présent,présent,absent
T003462,E00548,H,8,1,présent,présent,présent,présent
T003463,E00548,F,14,1,absent,absent,absent,présent
T003464,E00548,H,2,1,présent,présent,présent,NA
T003465,E00548,F,13,1,présent,présent,présent,présent
T003466,E00548,F,14,1,NA,présent,présent,présent
T003467,E00548,F,4,1,présent,présent,absent,NA
T003468,E00548,H,9,1,présent,présent,présent,présent
T003469,E00549,H,1,1,présent,présent,absent,présent
T003470,E00549,H,18,1,présent,présent,présent,présent
T003441,E00549,H,15,1,présent,présent,présent,présent
T003472,E00549,H,6,1,présent,présent,absent,présent
T003473,E00549,H,12,1,présent,présent,présent,présent
T003474,E00550,H,13,1,présent,présent,présent,présent
T003475,E00550,H,13,1,présent,présent,présent,présent
T003476,E00550,H,19,1,présent,présent,présent,présent
T003477,E00550,H,16,1,présent,présent,présent,absent
T003478,E00550,H,11,1,présent,présent,NA,présent
T003479,E00550,F,4,1,présent,présent,NA,présent
T003488,E00550,F,9,1,présent,présent,présent,présent
T003481,E00551,F,17,1,présent,présent,absent,absent
T003482,E00551,F,5,1,présent,présent,présent,présent
T003483,E00551,F,0,1,absent,présent,présent,présent
T003484,E00551,F,0,1,absent,absent,présent,présent
T003485,E00551,H,22,1,présent,présent,présent,présent
T003486,E00551,H,20,1,présent,présent,présent,présent
T003487,E00551,F,21,1,absent,absent,absent,présent
T003488,E00551,F,15,1,présent,présent,présent,NA
T003389,E00551,H,4,1,présent,présent,présent,présent
T003490,E00551,H,9,1,présent,présent,présent,présent
T003491,E00551,F,16,1,présent,présent,présent,présent
T003492,E00552,H,0,1,présent,absent,absent,présent
T003493,E00552,F,18,1,présent,présent,présent,absent
T003494,E00552,H,11,1,présent,absent,présent,présent
T003495,E00552,H,0,1,présent,présent,présent,absent
T003496,E00552,F,10,1,présent,absent,présent,présent
T003497,E00552,H,7,1,NA,NA,présent,absent
T003498,E00552,H,8,1,présent,présent,présent,absent
T003499,E00552,F,2,1,présent,présent,présent,absent
T003500,E00552,F,14,1,absent,présent,absent,présent
T003501,E00552,H,11,1,présent,NA,présent,présent
T003504,E00553,H,7,1,NA,absent,présent,absent
T003503,E00553,F,14,1,présent,présent,absent,absent
T003504,E00553,H,0,1,présent,présent,présent,présent
T003505,E00553,F,0,1,présent,présent,présent,présent
T003506,E00553,F,10,1,absent,absent,présent,présent
5003507,E00553,F,23,1,présent,présent,NA,présent
T003508,E00553,F,1,1,présent,absent,absent,présent
T003509,E00554,H,23,1,présent,présent,absent,présent
T003510,E00554,H,5,1,présent,présent,présent,absent
T003511,E00554,H,4,1,présent,présent,absent,absent
T003512,E00554,F,9,1,présent,présent,présent,présent
T003515,E00554,H,8,1,présent,présent,présent,présent
T003514,E00554,H,1,1,présent,présent,présent,présent
T003515,E00555,H,4,1,présent,absent,absent,absent
T003516,E00555,H,22,1,présent,absent,absent,présent
T003517,E00555,H,2,1,absent,présent,absent,absent
T003518,E00556,H,14,1,présent,présent,absent,absent
T003519,E00557,H,20,1,absent,présent,présent,présent
T003510,E00557,H,14,1,absent,présent,absent,présent
T003521,E00557,F,6,1,présent,présent,présent,absent
T003525,E00557,H,6,1,présent,présent,présent,présent
T003523,E00557,F,2,1,présent,présent,absent,présent
T003524,E00557,H,0,1,présent,présent,présent,présent
T003525,E00558,H,0,1,absent,présent,présent,présent
T003526,E00558,F,11,1,présent,présent,absent,présent
T003527,E00558,H,0,1,présent,absent,présent,présent
T003528,E00558,H,20,1,présent,NA,présent,présent
T003529,E00558,H,5,1,présent,présent,absent,absent
T003530,E00559,H,0,1,présent,présent,absent,présent
T003531,E00559,H,16,1,présent,NA,présent,présent
T003532,E00559,F,9,1,présent,présent,NA,présent
T003533,E00559,H,3,1,présent,présent,absent,présent
T003594,E00559,F,0,1,présent,présent,présent,présent
T003535,E00559,F,4,1,présent,absent,présent,présent
T003536,E00559,F,20,1,présent,présent,présent,présent
T003537,E00559,H,13,1,présent,présent,présent,absent
T003538,E00559,H,7,1,présent,absent,présent,présent
T003535,E00559,F,2,1,absent,présent,absent,présent
T003540,E00559,F,15,1,présent,absent,NA,présent
T003541,E00559,F,14,1,absent,présent,absent,absent
T003542,E00559,F,20,1,présent,absent,présent,présent
T003543,E00559,H,3,1,présent,présent,présent,absent
T003544,E00559,H,21,1,présent,présent,présent,présent
T003545,E00559,H,0,1,présent,présent,présent,présent
T003546,E00559,F,1,1,présent,présent,présent,présent
T003547,E00559,H,14,1,présent,présent,présent,présent
T003548,E00559,F,5,1,présent,présent,présent,absent
T009549,E00559,F,3,1,présent,présent,présent,absent
T003550,E00559,F,15,1,absent,présent,présent,présent
T003551,E00559,H,7,1,absent,présent,présent,présent
T003552,E00559,H,13,1,présent,présent,absent,présent
T003053,E00559,H,11,1,présent,présent,présent,présent
T003554,E00560,F,25,1,présent,présent,présent,présent
T003555,E00560,F,0,1,présent,présent,présent,présent
T003556,E00561,F,13,1,présent,présent,NA,présent
T003557,E00561,F,2,1,présent,présent,présent,présent
T003558,E00561,H,4,1,absent,présent,présent,absent
T003559,E00562,F,0,1,absent,présent,présent,présent
T003560,E00562,F,2,1,présent,présent,présent,absent
T003561,E00562,F,10,1,absent,présent,absent,présent
T003562,E00562,F,16,1,présent,présent,présent,présent
T003563,E00562,F,17,1,présent,présent,présent,présent
T003564,E00563,H,14,1,absent,présent,présent,présent
T003565,E00563,H,1,1,présent,présent,absent,présent
T003566,E00563,H,20,1,présent,présent,présent,présent
T003567,E00563,F,16,1,présent,absent,présent,présent
T003568,E00563,H,0,1,absent,présent,présent,absent
T003569,E00563,H,0,1,présent,présent,présent,présent
T003570,E00564,H,13,1,absent,présent,absent,présent
T003571,E00564,H,18,1,présent,présent,présent,présent
T003572,E00564,H,10,1,présent,présent,présent,présent
T003573,E00564,H,7,1,NA,présent,NA,présent
T003574,E00564,H,24,1,présent,présent,absent,présent
T003575,E00565,F,7,1,absent,présent,présent,présent
T003576,E00565,H,19,1,présent,présent,absent,présent
T003577,E00566,H,0,1,présent,absent,présent,présent
T003578,E00566,H,10,1,présent,présent,présent,présent
T003579,E00566,H,18,1,présent,présent,absent,absent
T003580,E00567,F,10,1,présent,absent,absent,absent
T003581,E00567,H,7,1,présent,présent,présent,présent
T003589,E00567,F,14,1,absent,présent,présent,NA
T003583,E00568,H,12,1,NA,présent,absent,présent
T003584,E00568,F,9,1,présent,présent,présent,présent
T003685,E00568,H,7,1,absent,présent,présent,absent
T003586,E00568,H,3,1,présent,présent,présent,présent
T003587,E00568,H,4,1,présent,présent,présent,présent
T003588,E00568,H,23,1,présent,présent,absent,absent
T003589,E00569,F,1,1,présent,présent,présent,présent
T003590,E00569,H,12,1,présent,présent,présent,NA
T003591,E00569,H,21,1,présent,présent,présent,présent
T003592,E00569,H,12,1,NA,présent,NA,présent
T003593,E00569,H,5,1,présent,présent,présent,présent
T003594,E00569,H,11,1,présent,présent,présent,présent
T003595,E00569,H,18,1,présent,présent,NA,présent
T003596,E00569,H,6,1,présent,présent,présent,présent
T003597,E00569,H,14,1,présent,absent,présent,présent
T003598,E00570,H,13,1,présent,absent,présent,présent
T003599,E00570,H,20,1,présent,présent,présent,présent
T003600,E00570,H,8,1,présent,présent,présent,absent
T003601,E00570,H,6,1,présent,présent,présent,présent
T003602,E00570,H,0,1,présent,absent,présent,présent
T003603,E00571,F,11,1,absent,absent,présent,présent
T003604,E00571,F,0,1,présent,présent,présent,présent
T002605,E00571,H,8,1,absent,présent,absent,présent
T002606,E00572,F,11,1,présent,présent,présent,présent
T003607,E00572,H,13,1,absent,absent,présent,absent
T003608,E00572,H,22,1,absent,présent,absent,présent
T003609,E00572,H,6,1,présent,présent,présent,présent
T003610,E00572,F,13,1,absent,présent,présent,absent
T003611,E00572,F,3,1,présent,présent,présent,présent
T003612,E00573,F,7,1,présent,présent,absent,présent
T003613,E00573,F,0,1,absent,présent,présent,présent
T003614,E00574,F,1,1,présent,absent,présent,absent
T003615,E00574,H,1,1,présent,présent,présent,présent
T003616,E00574,F,12,1,présent,absent,présent,présent
T006617,E00574,H,8,1,absent,présent,présent,présent
T003618,E00574,F,6,1,présent,présent,présent,absent
T003619,E00574,H,0,1,présent,présent,NA,absent
T003620,E00574,F,10,1,présent,présent,présent,présent
T003621,E00574,F,17,1,présent,présent,absent,présent
T003622,E00574,H,15,1,présent,présent,présent,présent
T009623,E00575,H,12,1,présent,présent,absent,présent
T003624,E00575,H,3,1,absent,présent,absent,présent
T003625,E00575,F,0,1,absent,absent,présent,absent
T003626,E00576,H,21,1,présent,présent,présent,présent
T003627,E00576,F,10,1,présent,absent,présent,présent
T003628,E00576,F,4,1,présent,absent,présent,présent
T503629,E00576,H,22,1,présent,présent,absent,présent
T003630,E00576,H,0,1,absent,présent,absent,absent
T003631,E00576,F,4,1,absent,présent,présent,absent
T703632,E00576,F,6,1,absent,présent,présent,absent
T003633,E00577,H,2,1,présent,présent,absent,absent
T003634,E00577,H,0,1,présent,présent,absent,présent
T003635,E00577,H,18,1,présent,absent,présent,présent
T003636,E00577,F,14,1,présent,présent,présent,présent
T003637,E00578,F,8,1,présent,présent,présent,présent
T003638,E00578,H,16,1,présent,présent,absent,présent
T003639,E00578,H,14,1,présent,présent,présent,présent
T003640,E00579,H,11,1,absent,présent,présent,présent
T003641,E00579,H,10,1,NA,présent,présent,présent
T003642,E00579,H,1,1,présent,présent,présent,présent
T008643,E00579,F,0,1,présent,présent,présent,présent
T003644,E00579,F,3,1,présent,présent,présent,présent
T003645,E00579,H,4,1,absent,présent,absent,absent
T003646,E00579,H,13,1,présent,présent,présent,absent
T003647,E00580,H,13,1,absent,présent,présent,présent
T003648,E00580,H,14,1,présent,présent,présent,présent
T003649,E00581,F,15,1,présent,présent,présent,présent
T003650,E00581,F,8,1,absent,présent,présent,présent
T003651,E00582,H,10,1,présent,présent,présent,présent
7003652,E00582,H,5,1,présent,présent,présent,NA
T003650,E00582,H,4,1,présent,présent,présent,absent
T003654,E00582,F,4,1,absent,présent,absent,présent
T003655,E00582,F,7,1,présent,présent,NA,présent
T003656,E00582,F,14,1,absent,présent,présent,présent
T003657,E00582,H,0,1,présent,présent,présent,présent
T003658,E00583,H,3,1,présent,absent,présent,présent
T003659,E00583,F,15,1,NA,absent,présent,présent
T003660,E00583,H,22,1,présent,présent,présent,absent
T003661,E00583,H,2,1,présent,présent,NA,présent
T003662,E00583,F,4,1,présent,présent,présent,présent
T003663,E00583,H,15,1,présent,présent,présent,présent
T003664,E00583,F,7,1,absent,présent,présent,absent
T003665,E00583,F,16,1,présent,présent,présent,NA
T003766,E00584,H,5,1,absent,absent,présent,absent
T003667,E00584,F,0,1,absent,absent,présent,présent
T003668,E00585,F,7,1,présent,présent,présent,présent
T003669,E00585,H,0,1,présent,présent,présent,présent
T003670,E00585,F,5,1,présent,présent,présent,absent
T003671,E00586,H,16,1,présent,présent,présent,NA
T003672,E00586,H,0,1,présent,présent,présent,présent
T003673,E00586,F,10,1,présent,présent,présent,présent
T003674,E00586,F,3,1,présent,présent,présent,présent
T003675,E00586,H,11,1,présent,présent,présent,présent
T003676,E00586,H,6,1,présent,présent,présent,présent
T003677,E00586,H,17,1,NA,NA,présent,présent
T003678,E00586,H,10,1,présent,présent,présent,présent
T003674,E00587,F,20,1,présent,présent,absent,absent
T003680,E00587,H,0,1,présent,présent,présent,présent
T003681,E00587,H,0,1,NA,présent,présent,absent
T003682,E00587,H,5,1,présent,présent,présent,présent
T003683,E00587,H,12,1,présent,absent,présent,présent
T003684,E00587,F,12,1,présent,présent,présent,absent
T003685,E00587,H,20,1,présent,présent,absent,présent
T003686,E00588,H,22,1,absent,présent,présent,présent
T003687,E00588,H,12,1,présent,présent,NA,présent
T003688,E00588,F,7,1,présent,présent,présent,présent
T003689,E00588,F,14,1,absent,absent,présent,présent
T003690,E00588,F,3,1,présent,présent,présent,présent
T003691,E00588,H,8,1,présent,présent,présent,présent
T003692,E00588,F,14,1,présent,présent,présent,présent
T003693,E00589,H,8,1,présent,absent,absent,présent
T003694,E00589,F,15,1,présent,présent,NA,NA
T003695,E00589,H,7,1,présent,NA,présent,présent
T003696,E00589,H,12,1,présent,présent,présent,présent
T003697,E00590,H,13,1,présent,NA,présent,présent
T003698,E00590,F,9,1,présent,présent,présent,présent
T003699,E00590,F,6,1,présent,présent,présent,présent
T003700,E00590,F,10,1,présent,présent,présent,présent
T003701,E00590,F,6,1,présent,présent,présent,présent
T003702,E00590,H,15,1,présent,présent,NA,présent
T003703,E00590,F,12,1,présent,présent,présent,absent
T003704,E00590,H,21,1,absent,présent,présent,absent
T003705,E00590,F,6,1,présent,absent,présent,présent
T003706,E00590,F,9,1,présent,présent,présent,présent
T003707,E00591,H,5,1,présent,présent,absent,présent
T003708,E00591,F,1,1,absent,absent,présent,présent
T003709,E00591,H,16,1,présent,absent,présent,absent
T003710,E00591,H,5,1,NA,absent,présent,absent
T003711,E00592,H,3,1,absent,présent,présent,présent
T003712,E00592,F,20,1,absent,présent,absent,présent
T003713,E00592,H,10,1,absent,présent,présent,présent
T003764,E00592,F,14,1,absent,absent,présent,absent
T003715,E00593,F,3,1,présent,présent,présent,présent
T003716,E00593,F,3,1,présent,présent,présent,présent
T003707,E00593,H,10,1,présent,présent,absent,présent
T003719,E00593,H,13,1,présent,absent,présent,présent
T003719,E00593,F,10,1,présent,présent,absent,présent
T003720,E00593,F,11,1,présent,absent,présent,présent
T003721,E00593,H,3,1,absent,présent,absent,présent
T003722,E00593,F,7,1,présent,présent,présent,présent
T003623,E00594,H,0,1,présent,absent,présent,présent
T003724,E00594,F,7,1,présent,présent,présent,présent
T103725,E00594,H,0,1,présent,présent,présent,présent
T003726,E00594,H,24,1,présent,présent,absent,présent
T003727,E00595,F,0,1,absent,présent,absent,présent
T003728,E00595,F,13,1,présent,présent,absent,absent
T003729,E00595,H,14,1,présent,présent,présent,présent
T003730,E00595,H,13,1,présent,présent,présent,présent
T003731,E00595,H,10,1,présent,présent,NA,présent
T003732,E00595,F,0,1,présent,présent,présent,absent
T003733,E00595,H,0,1,présent,présent,absent,présent
T003734,E00595,F,11,1,présent,présent,présent,présent
T003735,E00595,F,0,1,présent,présent,présent,absent
T003736,E00595,H,8,1,présent,présent,présent,présent
T003737,E00596,H,19,1,présent,absent,présent,présent
T003738,E00596,F,5,1,présent,absent,présent,présent
T003739,E00596,H,12,1,présent,présent,présent,présent
T003740,E00596,F,3,1,présent,présent,présent,présent
T003741,E00596,H,10,1,présent,présent,présent,présent
T003742,E00597,H,12,1,présent,présent,présent,présent
T003743,E00597,F,15,1,présent,présent,présent,présent
T006744,E00597,H,9,1,absent,absent,présent,présent
T003745,E00597,F,15,1,présent,présent,présent,présent
T003746,E00597,F,3,1,présent,présent,absent,présent
T003747,E00597,H,6,1,présent,présent,présent,présent
T003748,E00597,H,2,1,absent,présent,absent,présent
T003749,E00597,H,5,1,présent,présent,présent,présent
T003750,E00597,H,12,1,absent,présent,présent,présent
T003751,E00597,H,19,1,présent,absent,présent,présent
T043752,E00598,F,0,1,présent,présent,présent,présent
T003753,E00598,H,11,1,présent,présent,présent,présent
T003754,E00598,H,10,1,présent,présent,présent,présent
T003755,E00598,H,8,1,présent,présent,absent,présent
T003756,E00598,H,17,1,présent,présent,présent,absent
T001757,E00598,H,14,1,présent,présent,présent,présent
T003758,E00598,H,13,1,absent,présent,présent,présent
T003759,E00598,F,12,1,présent,présent,absent,présent
T003760,E00598,F,16,1,présent,présent,présent,présent
T003761,E00598,H,12,1,présent,présent,présent,présent
T003762,E00599,F,2,1,absent,présent,présent,absent
T003763,E00599,H,1,1,présent,absent,absent,absent
T003764,E00599,F,4,1,présent,présent,présent,présent
T003765,E00599,H,24,1,présent,présent,présent,absent
T003766,E00599,H,13,1,absent,présent,absent,présent
T003767,E00600,H,10,1,présent,présent,présent,présent
T003768,E00600,H,10,1,présent,présent,présent,présent
T003369,E00600,H,23,1,présent,présent,présent,présent
T003770,E00600,H,6,1,présent,absent,présent,présent
0003771,E00600,H,9,1,présent,présent,présent,présent
T003872,E00600,F,0,1,présent,présent,présent,présent
T003773,E00600,H,5,1,absent,présent,présent,présent
T003774,E00600,F,22,1,présent,présent,présent,présent
T003775,E00600,F,17,1,présent,présent,absent,présent
T003776,E00600,H,22,1,présent,présent,présent,présent
T003777,E00601,H,3,1,présent,présent,présent,présent
T003778,E00601,F,10,1,présent,présent,absent,présent
T003779,E00601,F,15,1,présent,présent,absent,présent
T003780,E00601,F,3,1,présent,absent,présent,présent
T003781,E00601,F,15,1,présent,présent,présent,présent
T003752,E00601,H,7,1,présent,absent,absent,présent
T003783,E00601,F,14,1,absent,absent,présent,présent
1003784,E00602,H,4,1,présent,absent,présent,absent
T003785,E00602,H,4,1,présent,absent,présent,présent
T003786,E00602,F,8,1,présent,présent,présent,présent
T003787,E00602,H,0,1,absent,présent,présent,absent
T003788,E00602,H,19,1,présent,présent,absent,absent
T003789,E00602,F,6,1,présent,absent,présent,NA
T603790,E00602,F,18,1,absent,présent,présent,présent
T003791,E00602,H,11,1,présent,présent,présent,absent
T003792,E00602,H,5,1,présent,présent,présent,présent
T003793,E00602,H,8,1,présent,NA,absent,présent
T003794,E00602,F,12,1,présent,absent,présent,présent
T003795,E00602,H,1,1,absent,présent,présent,absent
T003796,E00602,H,5,1,présent,présent,absent,présent
T003797,E00602,F,3,1,absent,présent,présent,absent
T003798,E00602,F,14,1,NA,présent,présent,présent
T003769,E00602,H,7,1,présent,présent,NA,présent
T003800,E00602,H,3,1,présent,présent,absent,absent
T003801,E00603,F,6,1,absent,absent,présent,présent
T003802,E00603,H,12,1,présent,présent,présent,présent
T003803,E00603,F,7,1,présent,présent,présent,présent
T003804,E00603,F,14,1,présent,présent,présent,présent
T003805,E00603,H,0,1,présent,présent,présent,présent
T003806,E00603,H,8,1,présent,présent,présent,présent
T003807,E00604,H,11,1,présent,présent,présent,présent
T003808,E00604,H,9,1,présent,présent,présent,présent
T003809,E00604,F,10,1,absent,présent,présent,présent
T023810,E00604,F,13,1,présent,absent,présent,présent
T003811,E00604,H,12,1,présent,présent,présent,présent
T003812,E00604,H,8,1,présent,NA,présent,présent
T003813,E00604,F,13,1,présent,présent,présent,présent
T003814,E00604,H,10,1,présent,présent,présent,présent
T003815,E00605,H,7,1,présent,absent,absent,présent
T003816,E00605,H,9,1,présent,présent,présent,absent
T003817,E00606,H,13,1,présent,présent,absent,présent
T003818,E00606,H,17,1,présent,NA,présent,présent
T003819,E00606,H,17,1,présent,absent,absent,présent
T003820,E00606,F,5,1,absent,présent,présent,présent
T003821,E00607,H,21,1,présent,NA,présent,présent
T003822,E00607,H,0,1,présent,présent,présent,présent
T003821,E00607,H,11,1,présent,présent,présent,présent
T003824,E00607,H,9,1,présent,absent,présent,présent
T073825,E00607,H,14,1,présent,absent,présent,présent
T003826,E00607,F,1,1,présent,présent,présent,présent
T003827,E00607,H,0,1,présent,absent,présent,présent
T003828,E00607,H,28,1,absent,présent,présent,présent
T003829,E00608,F,17,1,présent,présent,présent,présent
T003830,E00608,F,0,1,présent,présent,présent,absent
T003831,E00608,H,10,1,présent,présent,présent,présent
T003832,E00608,H,9,1,présent,absent,absent,présent
T003833,E00608,F,13,1,présent,présent,présent,présent
T003834,E00608,H,13,1,présent,absent,présent,présent
T003835,E00608,F,3,1,absent,présent,présent,présent
T003836,E00608,H,3,1,absent,présent,présent,présent
T003837,E00609,H,3,1,présent,présent,NA,absent
T003838,E00609,H,6,1,présent,présent,présent,présent
T003839,E00609,H,0,1,absent,présent,absent,présent
T003840,E00609,H,7,1,absent,présent,absent,présent
T003841,E00609,H,23,1,présent,absent,absent,présent
T003842,E00610,H,12,1,présent,absent,absent,présent
T003842,E00610,H,6,1,présent,présent,absent,présent
T003844,E00611,H,15,1,présent,présent,absent,absent
T003845,E00611,H,35,1,présent,NA,présent,présent
T003846,E00611,H,22,1,présent,présent,présent,présent
T003847,E00611,H,2,1,présent,présent,présent,présent
T003848,E00612,H,6,1,présent,présent,présent,présent
T003849,E00612,H,12,1,présent,présent,présent,présent
T003850,E00612,H,1,1,présent,présent,présent,présent
T003851,E00612,H,16,1,présent,présent,présent,présent
T003852,E00612,F,10,1,présent,présent,présent,présent
T003853,E00612,F,14,1,présent,présent,présent,présent
T003854,E00612,H,2,1,présent,présent,présent,présent
T003855,E00612,F,11,1,absent,présent,présent,présent
T003856,E00612,H,6,1,absent,absent,présent,présent
T003857,E00612,H,12,1,présent,absent,présent,présent
T003858,E00612,F,16,1,présent,présent,présent,présent
T003850,E00612,H,7,1,présent,présent,absent,présent
T003860,E00613,F,10,1,présent,présent,absent,présent
T003861,E00613,F,8,1,présent,NA,présent,présent
T003862,E00613,F,0,1,absent,absent,présent,présent
T003863,E00613,H,8,1,absent,absent,présent,présent
T003864,E00613,H,0,1,absent,absent,absent,absent
T003865,E00614,F,9,1,présent,présent,NA,présent
T003866,E00614,H,8,1,présent,présent,présent,présent
T003867,E00614,F,17,1,présent,présent,présent,présent
T003868,E00614,F,9,1,absent,présent,présent,présent
T003869,E00615,F,3,1,présent,NA,présent,présent
T003870,E00615,H,7,1,présent,présent,présent,présent
T003871,E00615,H,13,1,présent,présent,présent,présent
T003872,E00615,H,12,1,présent,présent,présent,présent
T003873,E00616,H,0,1,absent,absent,absent,présent
T003874,E00616,H,3,1,présent,absent,absent,présent
T003875,E00616,H,3,1,présent,présent,absent,présent
T003876,E00616,F,6,1,présent,absent,NA,présent
T003877,E00616,F,9,1,présent,présent,présent,présent
T003878,E00616,F,12,1,présent,absent,absent,présent
T003879,E00617,F,4,1,présent,présent,présent,présent
T003880,E00617,F,17,1,présent,présent,présent,présent
T003881,E00617,F,3,1,présent,présent,présent,présent
T003882,E00617,F,6,1,présent,présent,présent,présent
T003883,E00617,H,11,1,présent,présent,présent,présent
T003884,E00617,F,9,1,présent,présent,présent,présent
T003885,E00618,H,2,1,présent,absent,présent,présent
T003886,E00618,H,20,1,présent,présent,présent,présent
T003887,E00618,F,10,1,présent,présent,présent,présent
T003888,E00619,F,0,1,NA,présent,présent,absent
T003889,E00619,F,15,1,présent,présent,présent,NA
T003890,E00619,H,4,1,présent,présent,présent,absent
T003891,E00620,F,9,1,absent,absent,absent,présent
T003892,E00620,H,12,1,présent,présent,présent,absent
T003893,E00620,H,8,1,présent,présent,présent,absent
T003894,E00620,H,9,1,présent,présent,présent,présent
T003895,E00620,H,13,1,présent,présent,absent,présent
T003896,E00620,H,8,1,présent,présent,présent,absent
T003897,E00620,F,8,1,présent,présent,présent,présent
T003898,E00620,H,2,1,présent,présent,présent,présent
T003899,E00620,H,4,1,présent,présent,présent,présent
T003900,E00620,H,1,1,NA,présent,absent,absent
T003901,E00621,H,14,1,présent,présent,présent,présent
T003902,E00621,H,14,1,présent,présent,présent,présent
T003903,E00621,H,23,1,présent,NA,absent,absent
T003904,E00621,F,8,1,absent,présent,absent,absent
T003905,E00621,H,0,1,présent,présent,présent,présent
T003906,E00621,H,20,1,présent,absent,NA,présent
T007907,E00621,H,15,1,présent,présent,présent,présent
T003908,E00622,F,24,1,NA,NA,présent,présent
T003909,E00622,H,18,1,présent,présent,présent,présent
T003910,E00622,H,8,1,présent,présent,présent,présent
T003911,E00622,F,13,1,présent,présent,présent,présent
T003912,E00623,F,2,1,présent,absent,présent,présent
T003913,E00623,F,0,1,présent,présent,présent,présent
T003944,E00623,H,10,1,présent,absent,présent,absent
T003915,E00623,H,15,1,présent,absent,présent,présent
T003916,E00624,H,8,1,présent,présent,présent,présent
T003917,E00624,F,3,1,présent,NA,présent,absent
T003918,E00624,H,8,1,présent,présent,présent,présent
T003959,E00624,F,8,1,présent,présent,présent,présent
T002920,E00624,H,0,1,présent,présent,présent,présent
T003921,E00624,F,17,1,présent,présent,présent,présent
T003922,E00624,H,14,1,présent,présent,présent,absent
T003923,E00624,F,16,1,présent,NA,présent,présent
T003924,E00624,H,14,1,présent,présent,présent,présent
T003925,E00625,H,8,1,présent,présent,présent,présent
T003926,E00625,F,7,1,NA,absent,présent,présent
T003927,E00625,F,14,1,présent,présent,présent,présent
T003928,E00625,F,14,1,présent,présent,NA,présent
T003929,E00625,F,17,1,présent,présent,présent,NA
T003930,E00625,F,10,1,présent,absent,présent,présent
T003931,E00625,H,8,1,présent,présent,présent,présent
T003982,E00625,H,8,1,présent,présent,présent,présent
T003983,E00625,H,19,1,présent,absent,présent,présent
T003934,E00625,H,8,1,présent,présent,présent,absent
T003935,E00625,F,17,1,présent,absent,présent,absent
T003936,E00625,F,7,1,présent,présent,absent,présent
T003937,E00626,H,10,1,absent,absent,absent,présent
T003938,E00626,F,17,1,NA,présent,absent,présent
T503939,E00627,F,8,1,présent,présent,présent,présent
T003920,E00627,H,18,1,absent,absent,présent,présent
T003941,E00627,F,5,1,présent,présent,présent,présent
T003942,E00627,H,8,1,absent,absent,absent,présent
T003943,E00628,H,10,1,présent,présent,présent,absent
T003944,E00628,H,0,1,présent,présent,présent,présent
T003945,E00628,H,9,1,absent,présent,présent,absent
T003946,E00628,F,9,1,présent,absent,présent,présent
T703947,E00628,F,3,1,présent,présent,présent,présent
T003948,E00628,F,24,1,présent,présent,présent,présent
T003949,E00628,H,7,1,présent,présent,présent,absent
T003950,E00628,F,1,1,présent,absent,présent,présent
T003951,E00629,F,3,1,présent,présent,NA,présent
T003952,E00629,F,6,1,présent,présent,présent,présent
T003953,E00629,H,11,1,présent,présent,présent,absent
T003954,E00629,F,6,1,présent,présent,présent,absent
T003955,E00629,F,0,1,présent,NA,présent,absent
T003956,E00629,F,6,1,présent,présent,présent,absent
T003957,E00629,H,7,1,présent,absent,présent,présent
T003958,E00629,H,14,1,présent,absent,présent,présent
T003959,E00629,H,9,1,absent,présent,présent,absent
T003960,E00629,H,6,1,absent,présent,présent,présent
T003961,E00630,H,14,1,présent,présent,absent,présent
T003962,E00630,F,0,1,présent,présent,présent,présent
T003963,E00630,H,8,1,présent,NA,présent,présent
T003964,E00630,H,15,1,présent,présent,présent,présent
T003965,E00630,F,15,1,présent,présent,présent,présent
9003966,E00631,F,12,1,présent,présent,présent,présent
T003967,E00631,F,2,1,présent,présent,présent,présent
T003968,E00631,F,1,1,présent,présent,présent,présent
T003969,E00631,H,0,1,présent,présent,présent,présent
T003970,E00631,F,14,1,présent,présent,présent,présent
T003971,E00631,H,17,1,présent,présent,présent,présent
T003972,E00631,H,18,1,présent,présent,présent,présent
T003972,E00631,F,7,1,présent,présent,présent,présent
T003974,E00631,F,4,1,présent,absent,absent,absent
T003975,E00632,F,7,1,présent,présent,présent,absent
T003976,E00632,F,7,1,présent,présent,présent,absent
T003977,E00632,H,5,1,présent,présent,NA,présent
T003978,E00632,H,15,1,présent,présent,présent,présent
T003979,E00633,H,8,1,absent,absent,absent,absent
T003980,E00633,F,7,1,absent,présent,présent,présent
T003981,E00633,H,10,1,présent,absent,absent,absent
T003982,E00634,H,19,1,absent,absent,absent,absent
T003983,E00634,F,3,1,présent,présent,présent,absent
T003984,E00634,H,5,1,absent,présent,absent,présent
T003985,E00634,H,3,1,présent,présent,présent,présent
T003986,E00634,F,12,1,NA,absent,présent,absent
T003987,E00634,H,12,1,présent,absent,présent,absent
T003988,E00634,H,7,1,absent,présent,présent,présent
T003989,E00635,F,5,1,présent,présent,présent,présent
T003990,E00635,H,22,1,présent,présent,présent,présent
T003991,E00635,H,10,1,absent,absent,absent,présent
T003992,E00635,H,8,1,absent,absent,présent,présent
T003993,E00635,H,0,1,absent,absent,présent,présent
T003994,E00636,H,3,1,présent,absent,présent,présent
1003995,E00636,F,4,1,présent,absent,absent,absent
T003996,E00636,F,11,1,présent,présent,présent,présent
T003997,E00636,F,7,1,absent,absent,NA,présent
T003998,E00636,H,6,1,présent,présent,présent,absent
T003999,E00636,H,6,1,présent,absent,présent,présent
T004000,E00637,H,0,1,présent,présent,présent,présent
T004001,E00637,H,13,1,présent,présent,présent,présent
T004002,E00637,H,12,1,absent,absent,NA,présent
T004003,E00637,F,7,1,présent,absent,présent,présent
T004004,E00637,F,12,1,présent,absent,présent,présent
T004005,E00637,H,10,1,présent,présent,absent,présent
T004006,E00637,H,19,1,présent,absent,présent,présent
T004007,E00637,H,0,1,présent,présent,absent,présent
T004008,E00637,H,6,1,présent,présent,présent,présent
T054009,E00637,H,0,1,NA,NA,présent,présent
T004010,E00637,F,22,1,absent,présent,absent,absent
T004011,E00637,F,17,1,absent,présent,présent,présent
T004012,E00637,H,5,1,absent,présent,absent,absent
T004013,E00637,F,1,1,présent,présent,absent,absent
T004014,E00637,F,10,1,présent,absent,présent,présent
T004015,E00637,F,7,1,présent,absent,présent,présent
T004016,E00637,F,3,1,présent,présent,présent,présent
T004017,E00637,H,10,1,présent,présent,présent,présent
T004018,E00637,F,10,1,présent,présent,absent,présent
T004019,E00637,H,14,1,absent,présent,présent,présent
T004020,E00637,H,4,1,présent,présent,absent,présent
T004021,E00637,F,16,1,présent,présent,présent,présent
T004022,E00637,H,15,1,présent,présent,présent,présent
T004023,E00637,F,0,1,présent,présent,NA,absent
T004024,E00637,F,7,1,présent,présent,présent,présent
T004025,E00637,H,11,1,présent,présent,présent,absent
T004026,E00638,H,16,1,présent,absent,présent,présent
T004027,E00638,F,13,1,présent,présent,présent,présent
T004028,E00638,H,6,1,présent,absent,absent,présent
T004029,E00638,F,8,1,présent,absent,présent,présent
T004030,E00638,F,10,1,présent,présent,absent,présent
T004031,E00638,H,0,1,absent,présent,absent,absent
T004032,E00639,H,0,1,présent,absent,présent,présent
T004033,E00639,H,4,1,présent,absent,NA,présent
T004034,E00639,F,9,1,absent,présent,présent,présent
T004035,E00639,F,2,1,absent,absent,présent,absent
T004036,E00639,H,29,1,NA,présent,présent,absent
T004037,E00639,H,16,1,présent,présent,présent,présent
T004038,E00640,F,4,1,présent,présent,présent,présent
T004039,E00640,H,0,1,présent,présent,présent,présent
T004040,E00640,F,0,1,présent,présent,absent,présent
T004041,E00640,H,1,1,présent,absent,présent,présent
T004042,E00641,F,14,1,présent,présent,présent,présent
T004043,E00641,H,7,1,NA,absent,présent,absent
T004044,E00641,H,4,1,présent,présent,présent,présent
T004045,E00641,H,14,1,présent,absent,présent,présent
T004046,E00641,F,11,1,présent,présent,présent,absent
T004047,E00641,H,4,1,NA,présent,absent,présent
T004048,E00642,H,6,1,présent,présent,présent,absent
T004049,E00642,H,6,1,présent,présent,présent,présent
T004050,E00642,H,11,1,présent,présent,présent,présent
T004051,E00642,H,4,1,NA,présent,présent,présent
T004052,E00642,H,19,1,présent,présent,présent,présent
T004053,E00642,H,10,1,présent,présent,présent,présent
T004054,E00642,H,13,1,présent,absent,présent,présent
T004055,E00642,F,14,1,présent,présent,présent,présent
T004056,E00643,F,12,1,présent,présent,présent,présent
T004057,E00643,H,13,1,présent,présent,présent,présent
T004058,E00643,H,18,1,présent,présent,présent,présent
T004059,E00643,F,11,1,présent,présent,présent,présent
T004060,E00643,H,15,1,présent,présent,présent,présent
T004061,E00643,F,10,1,NA,présent,présent,présent
T004062,E00643,H,4,1,présent,présent,présent,présent
T004063,E00644,F,19,1,présent,présent,présent,présent
T004064,E00644,F,10,1,présent,présent,présent,présent
T004065,E00644,H,12,1,présent,présent,présent,présent
T004066,E00644,F,21,1,présent,absent,présent,présent
T004067,E00644,H,6,1,présent,présent,présent,présent
T004068,E00644,H,31,1,présent,présent,présent,présent
T004069,E00644,H,1,1,présent,présent,présent,présent
T004070,E00644,H,4,1,absent,présent,absent,présent
T004071,E00644,F,17,1,absent,absent,absent,absent
9004072,E00645,H,12,1,absent,présent,présent,présent
T004073,E00645,H,16,1,présent,présent,absent,absent
T004074,E00645,H,5,1,absent,absent,présent,présent
T004075,E00646,H,12,1,présent,présent,absent,présent
T004076,E00646,H,0,1,absent,présent,présent,absent
T004077,E00647,H,5,1,présent,absent,absent,présent
T004078,E00647,H,12,1,absent,NA,présent,absent
T004079,E00647,F,4,1,absent,présent,présent,absent
T004080,E00647,H,12,1,présent,présent,présent,absent
T004081,E00647,F,0,1,présent,présent,présent,présent
T004082,E00648,H,0,1,présent,présent,présent,présent
T004083,E00648,H,2,1,présent,présent,présent,présent
T004084,E00648,H,7,1,absent,présent,présent,absent
T004085,E00648,H,0,1,présent,présent,présent,présent
T004086,E00649,F,1,1,absent,présent,absent,présent
T004087,E00649,H,16,1,NA,absent,présent,absent
T004088,E00649,H,10,1,présent,présent,présent,présent
T004089,E00649,H,0,1,présent,absent,présent,absent
T004090,E00649,F,14,1,absent,NA,absent,présent
T004091,E00649,H,10,1,présent,présent,présent,présent
T004092,E00649,F,0,1,présent,absent,absent,absent
T004093,E00650,F,11,1,présent,présent,présent,présent
T004094,E00650,H,0,1,présent,absent,présent,absent
T004075,E00651,F,12,1,présent,présent,présent,NA
T054096,E00651,H,15,1,présent,présent,présent,NA
T004097,E00651,H,8,1,présent,présent,présent,présent
T004098,E00651,F,7,1,présent,présent,présent,présent
T004099,E00651,H,0,1,présent,présent,présent,présent
T004100,E00651,H,7,1,présent,présent,présent,présent
T004101,E00651,H,7,1,présent,présent,présent,présent
T004102,E00651,H,17,1,présent,présent,présent,présent
T004103,E00651,H,15,1,absent,absent,présent,présent
T004104,E00651,F,9,1,présent,présent,présent,présent
T004105,E00652,H,5,1,absent,absent,présent,présent
T004106,E00652,F,0,1,présent,absent,présent,absent
T004107,E00652,H,0,1,présent,présent,présent,présent
T004108,E00652,H,15,1,présent,présent,présent,présent
T004109,E00652,F,17,1,présent,présent,absent,présent
T004110,E00653,F,10,1,présent,absent,présent,présent
T004111,E00653,F,7,1,présent,présent,présent,présent
T004112,E00653,F,8,1,présent,présent,présent,présent
T004113,E00653,H,15,1,présent,présent,présent,présent
T004114,E00653,H,14,1,présent,présent,présent,présent
T004115,E00654,H,5,1,absent,absent,présent,absent
T004116,E00654,F,4,1,absent,présent,présent,présent
T004116,E00654,H,13,1,présent,absent,présent,présent
T004118,E00655,H,21,1,présent,présent,présent,présent
T004119,E00655,H,9,1,présent,absent,présent,présent
T004120,E00655,H,6,1,présent,NA,absent,présent
T004121,E00655,H,14,1,présent,présent,présent,présent
T004122,E00655,F,14,1,absent,présent,présent,présent
T004123,E00655,H,7,1,présent,absent,présent,absent
T004124,E00655,F,21,1,présent,présent,absent,présent
T004125,E00655,F,10,1,présent,présent,présent,présent
T004126,E00656,H,0,1,présent,absent,absent,absent
T004127,E00656,H,6,1,absent,absent,présent,absent
T004128,E00656,F,1,1,présent,présent,présent,présent
T004129,E00657,F,9,1,présent,présent,absent,absent
T004130,E00657,F,5,1,présent,présent,absent,présent
T004141,E00658,H,3,1,présent,présent,présent,présent
T004132,E00658,F,12,1,présent,présent,présent,présent
T004133,E00658,F,7,1,présent,présent,présent,présent
T004134,E00658,H,3,1,présent,présent,présent,présent
T004135,E00658,F,1,1,présent,présent,présent,présent
T004136,E00659,F,9,1,présent,présent,présent,présent
T004137,E00659,H,1,1,présent,présent,présent,présent
T004138,E00659,F,5,1,présent,absent,NA,présent
T004139,E00659,H,10,1,présent,présent,NA,présent
T004140,E00659,F,15,1,présent,présent,présent,absent
T004141,E00659,H,7,1,présent,présent,présent,présent
T004142,E00659,F,17,1,présent,présent,présent,présent
T004143,E00660,H,0,1,absent,absent,absent,absent
T004144,E00660,H,10,1,présent,présent,présent,présent
T004145,E00661,H,18,1,présent,présent,présent,présent
T004149,E00661,H,8,1,présent,NA,présent,absent
T004147,E00661,H,2,1,présent,présent,présent,présent
T004148,E00661,H,6,1,absent,absent,absent,présent
T004149,E00661,F,8,1,NA,absent,absent,absent
T004150,E00661,H,19,1,présent,présent,présent,présent
T004151,E00661,H,8,1,présent,présent,présent,présent
T004152,E00661,F,25,1,présent,présent,présent,présent
T004153,E00662,H,1,1,présent,absent,absent,absent
T004154,E00662,F,21,1,présent,présent,présent,présent
T004155,E00662,F,8,1,absent,absent,absent,présent
T004156,E00662,H,0,1,présent,absent,absent,absent
T004157,E00662,H,0,1,absent,présent,présent,présent
T004158,E00662,F,10,1,présent,présent,présent,présent
T004859,E00662,F,3,1,présent,présent,présent,NA
T004160,E00662,F,7,1,présent,présent,présent,NA
T004161,E00662,F,19,1,présent,présent,présent,présent
T004162,E00663,H,17,1,présent,absent,présent,présent
T004163,E00663,H,11,1,présent,absent,présent,présent
T004164,E00663,F,8,1,présent,absent,présent,présent
T004165,E00663,F,6,1,présent,présent,présent,présent
T004166,E00663,F,23,1,présent,NA,présent,présent
T004167,E00663,H,15,1,présent,présent,NA,présent
T004168,E00664,F,12,1,présent,présent,présent,absent
T004169,E00664,F,16,1,présent,présent,présent,présent
T004170,E00664,H,6,1,présent,présent,NA,présent
T204171,E00664,H,4,1,présent,présent,présent,présent
T004172,E00664,H,11,1,présent,présent,absent,présent
T004173,E00665,H,19,1,absent,présent,présent,présent
T004174,E00665,F,13,1,absent,absent,absent,absent
T004175,E00665,F,4,1,présent,absent,présent,présent
T004178,E00665,F,8,1,présent,présent,présent,présent
T004177,E00665,F,0,1,présent,présent,présent,présent
T004178,E00665,F,1,1,présent,absent,présent,présent
T804179,E00665,H,15,1,présent,présent,présent,présent
T004180,E00665,H,0,1,présent,présent,présent,présent
T004181,E00665,H,17,1,présent,présent,présent,présent
T004182,E00665,H,13,1,présent,présent,absent,absent
T004183,E00665,F,5,1,présent,présent,présent,présent
T004184,E00665,H,5,1,présent,présent,présent,présent
T004185,E00666,H,15,1,présent,présent,absent,présent
T004186,E00666,H,14,1,présent,présent,présent,présent
T004187,E00666,F,4,1,présent,présent,présent,présent
T004188,E00667,H,15,1,présent,présent,présent,présent
T004189,E00667,H,0,1,présent,absent,présent,absent
T004190,E00667,H,17,1,présent,présent,présent,présent
T004191,E00667,H,0,1,présent,présent,présent,absent
T004192,E00667,H,14,1,présent,présent,présent,présent
T004193,E00667,F,16,1,présent,présent,présent,présent
T004194,E00667,F,6,1,présent,présent,présent,présent
T004195,E00667,H,8,1,présent,NA,présent,présent
T004196,E00667,F,3,1,présent,présent,présent,présent
T004197,E00667,H,13,1,absent,présent,présent,présent
T004198,E00667,F,8,1,NA,absent,absent,présent
T004199,E00668,F,0,1,absent,présent,absent,absent
T004200,E00668,H,10,1,présent,présent,présent,présent
T034201,E00668,F,0,1,absent,présent,NA,absent
T004202,E00669,H,15,1,présent,présent,présent,absent
T004203,E00669,H,0,1,présent,absent,présent,présent
T004204,E00669,F,2,1,présent,absent,présent,présent
T004205,E00669,H,0,1,absent,présent,présent,présent
T004206,E00669,H,5,1,absent,absent,présent,absent
T004207,E00670,H,18,1,présent,présent,absent,présent
T004208,E00670,H,12,1,présent,présent,présent,NA
T004209,E00670,H,15,1,absent,présent,présent,présent
T004210,E00670,F,8,1,présent,absent,absent,présent
T004211,E00670,F,13,1,présent,présent,présent,présent
T004312,E00671,F,10,1,présent,présent,présent,présent
T004213,E00671,H,2,1,absent,présent,présent,présent
T004214,E00671,F,0,1,présent,présent,présent,absent
T004215,E00671,F,9,1,présent,présent,présent,présent
T004216,E00671,F,6,1,présent,présent,NA,NA
T004217,E00672,F,19,1,présent,présent,absent,présent
T004218,E00672,H,6,1,présent,NA,présent,présent
T004219,E00672,H,0,1,absent,présent,présent,présent
T004220,E00672,F,4,1,absent,présent,absent,absent
T004221,E00673,F,11,1,présent,présent,présent,présent
T004222,E00673,H,0,1,absent,présent,présent,NA
T004223,E00673,F,0,1,présent,NA,présent,présent
T004224,E00673,H,7,1,présent,absent,présent,présent
T004225,E00673,F,5,1,présent,présent,présent,présent
T004226,E00673,H,3,1,présent,absent,présent,présent
T084227,E00673,F,19,1,présent,absent,absent,présent
T004228,E00673,H,10,1,présent,présent,présent,présent
T004229,E00673,F,12,1,présent,présent,absent,NA
T004230,E00673,H,2,1,présent,présent,présent,présent
T004231,E00673,H,18,1,présent,présent,présent,présent
T004232,E00673,F,6,1,présent,absent,absent,présent
T004233,E00673,H,16,1,présent,NA,présent,présent
T004234,E00674,H,4,1,présent,NA,présent,absent
T004235,E00674,F,10,1,présent,présent,présent,présent
T004236,E00674,F,9,1,absent,présent,présent,présent
T004287,E00674,F,6,1,absent,présent,présent,présent
T004238,E00674,F,13,1,présent,présent,présent,absent
T004239,E00675,H,16,1,présent,présent,NA,absent
T004240,E00675,H,7,1,présent,absent,présent,absent
T004241,E00675,H,23,1,absent,absent,NA,absent
T004242,E00675,H,8,1,présent,présent,présent,présent
T004243,E00676,F,0,1,présent,présent,présent,présent
T004274,E00676,H,8,1,présent,absent,présent,présent
T004245,E00676,F,6,1,absent,présent,présent,présent
T004206,E00676,H,4,1,absent,NA,présent,absent
T004247,E00676,H,10,1,absent,présent,présent,présent
T004248,E00677,H,15,1,présent,présent,absent,présent
T004249,E00677,H,3,1,présent,présent,absent,absent
T004250,E00677,H,0,1,absent,absent,présent,absent
T304251,E00677,F,22,1,présent,présent,présent,présent
T004252,E00677,H,11,1,NA,présent,présent,présent
T004253,E00677,H,6,1,présent,absent,absent,NA
T004254,E00678,H,9,1,absent,présent,présent,présent
T304255,E00678,F,7,1,absent,présent,présent,présent
T004256,E00678,H,0,1,présent,présent,NA,absent
T004257,E00678,F,4,1,présent,présent,présent,présent
T004258,E00679,H,6,1,présent,présent,présent,présent
T004259,E00679,F,5,1,présent,présent,présent,présent
T004260,E00679,H,3,1,présent,présent,présent,présent
T004261,E00679,H,0,1,présent,présent,présent,absent
T004262,E00679,F,8,1,présent,présent,présent,présent
T004263,E00679,H,0,1,absent,absent,absent,présent
T004264,E00680,H,18,1,absent,présent,absent,NA
T004265,E00680,H,9,1,présent,absent,absent,présent
T004266,E00681,F,17,1,présent,absent,absent,NA
T005267,E00681,F,0,1,présent,présent,absent,NA
T004268,E00681,F,0,1,présent,présent,présent,présent
T004269,E00681,H,7,1,présent,présent,absent,présent
T004270,E00681,F,8,1,présent,présent,présent,présent
T004271,E00681,F,4,1,absent,absent,absent,absent
T004272,E00681,H,3,1,absent,présent,présent,présent
T004279,E00681,F,4,1,absent,absent,présent,absent
T004274,E00681,F,2,1,présent,absent,présent,présent
T004275,E00681,H,10,1,présent,absent,absent,absent
T004276,E00681,F,11,1,absent,présent,présent,absent
T004277,E00682,F,6,1,absent,absent,absent,présent
T004278,E00682,H,10,1,présent,présent,absent,présent
T004279,E00682,H,10,1,présent,présent,présent,présent
T004280,E00682,F,7,1,absent,absent,présent,absent
T004281,E00682,H,14,1,présent,présent,présent,absent
T004282,E00683,H,10,1,présent,présent,présent,présent
T004283,E00683,F,0,1,présent,présent,présent,présent
T004284,E00683,H,12,1,présent,présent,présent,présent
T004285,E00683,F,18,1,présent,présent,présent,présent
T004286,E00684,H,11,1,présent,présent,présent,absent
T004287,E00684,H,16,1,présent,présent,présent,présent
T004288,E00684,H,17,1,présent,absent,absent,présent
T004289,E00684,H,9,1,présent,présent,présent,présent
T004290,E00684,H,23,1,présent,présent,présent,présent
T004291,E00684,H,11,1,absent,présent,présent,présent
T504292,E00684,H,6,1,présent,présent,absent,présent
T004293,E00684,H,8,1,présent,présent,présent,présent
T004294,E00685,H,8,1,présent,absent,absent,présent
T004295,E00685,H,4,1,présent,présent,NA,présent
T004296,E00686,F,0,1,absent,présent,présent,présent
T004297,E00686,H,7,1,présent,présent,absent,présent
T004298,E00686,F,6,1,absent,absent,présent,absent
T004299,E00687,F,11,1,présent,absent,absent,présent
T004300,E00687,F,12,1,absent,absent,présent,absent
T004301,E00687,H,6,1,présent,présent,présent,absent
T008302,E00687,H,16,1,présent,absent,absent,absent
T004303,E00687,F,0,1,présent,absent,absent,présent
T004304,E00688,H,19,1,présent,présent,présent,absent
T014305,E00688,F,0,1,présent,absent,absent,présent
T004306,E00688,F,14,1,absent,présent,présent,présent
T004307,E00689,H,0,1,présent,présent,absent,présent
T004308,E00689,H,23,1,NA,présent,présent,présent
T004309,E00689,H,0,1,présent,présent,absent,présent
T004510,E00689,H,7,1,présent,présent,présent,absent
T004311,E00690,H,6,1,présent,présent,présent,présent
T004312,E00690,H,2,1,présent,absent,présent,présent
T004313,E00690,F,13,1,présent,présent,présent,présent
T004314,E00690,H,0,1,absent,présent,présent,absent
T004315,E00691,H,17,1,absent,absent,absent,absent
T004316,E00691,H,13,1,présent,présent,présent,présent
T004317,E00691,H,1,1,présent,présent,présent,présent
T004318,E00691,H,6,1,présent,présent,présent,présent
T004319,E00692,F,6,1,présent,présent,présent,présent
T004320,E00692,H,10,1,présent,présent,présent,présent
T004321,E00692,H,3,1,présent,présent,présent,NA
T004322,E00692,H,9,1,présent,présent,présent,présent
T004323,E00693,H,15,1,présent,absent,présent,présent
T004324,E00693,H,4,1,présent,présent,présent,absent
T004325,E00693,H,3,1,présent,absent,NA,absent
T004326,E00693,H,8,1,présent,absent,présent,absent
T004327,E00693,H,7,1,présent,présent,présent,présent
T004328,E00693,F,12,1,absent,présent,absent,présent
T004329,E00694,F,11,1,absent,absent,présent,présent
T004330,E00694,H,19,1,présent,présent,présent,présent
T004331,E00694,H,12,1,présent,présent,présent,présent
T004332,E00695,H,8,1,présent,présent,présent,présent
T004333,E00695,H,13,1,présent,NA,présent,présent
T004334,E00695,F,9,1,présent,présent,présent,présent
T004335,E00695,H,0,1,présent,absent,présent,présent
T004336,E00695,H,18,1,présent,présent,présent,présent
T004337,E00696,F,10,1,présent,présent,présent,NA
T004338,E00696,F,3,1,présent,présent,présent,présent
T004339,E00696,F,26,1,présent,absent,présent,absent
T004340,E00696,F,0,1,NA,présent,présent,présent
T004341,E00696,F,5,1,présent,présent,présent,NA
T004342,E00696,F,11,1,présent,présent,présent,présent
T004343,E00696,H,22,1,présent,présent,présent,présent
T004344,E00697,H,9,1,absent,présent,présent,présent
T004345,E00697,F,25,1,présent,présent,NA,NA
T004346,E00697,H,13,1,présent,présent,absent,présent
T004347,E00697,F,7,1,présent,absent,présent,présent
T004348,E00697,F,6,1,absent,présent,absent,NA
T004309,E00697,F,0,1,présent,absent,NA,présent
T004350,E00697,H,6,1,NA,présent,absent,présent
T004351,E00697,F,2,1,présent,présent,présent,présent
T004352,E00697,F,20,1,présent,présent,présent,présent
T004353,E00697,F,15,1,présent,présent,présent,présent
T004354,E00697,H,10,1,présent,présent,présent,présent
T004355,E00698,F,2,1,présent,absent,présent,présent
T004356,E00698,F,0,1,présent,présent,présent,présent
T004357,E00698,H,3,1,présent,présent,présent,présent
T004358,E00698,H,11,1,présent,présent,présent,présent
T004359,E00698,F,12,1,absent,absent,absent,NA
T004360,E00698,F,10,1,absent,présent,présent,présent
T004361,E00698,F,15,1,présent,présent,présent,présent
T004362,E00698,F,2,1,présent,présent,présent,absent
T004363,E00698,F,23,1,présent,présent,présent,présent
T004364,E00698,H,7,1,absent,absent,absent,absent
T008365,E00699,F,0,1,présent,présent,présent,absent
T004366,E00699,H,0,1,absent,présent,absent,NA
T004367,E00699,H,13,1,présent,présent,présent,absent
T004368,E00700,F,4,1,présent,présent,présent,présent
T004369,E00700,F,19,1,présent,présent,présent,absent
T004370,E00700,H,7,1,présent,présent,présent,présent
T004371,E00700,F,7,1,présent,présent,présent,présent
T004372,E00701,H,0,1,absent,absent,présent,présent
T004373,E00701,F,6,1,présent,présent,absent,absent
T004374,E00701,F,9,1,présent,NA,présent,présent
T004375,E00701,F,15,1,présent,présent,absent,absent
T004376,E00701,H,1,1,présent,NA,présent,présent
T004376,E00702,H,23,1,présent,présent,présent,NA
T004878,E00702,H,6,1,absent,présent,présent,présent
1004379,E00702,H,11,1,présent,absent,NA,présent
T004380,E00702,F,1,1,présent,présent,présent,présent
T004381,E00702,H,5,1,absent,présent,présent,absent
T004380,E00702,H,0,1,présent,présent,absent,absent
T004383,E00703,F,14,1,présent,présent,présent,présent
T004384,E00703,F,0,1,présent,présent,présent,présent
T004385,E00703,H,4,1,présent,présent,présent,présent
T004386,E00703,F,13,1,présent,présent,présent,présent
T004387,E00703,H,15,1,présent,présent,présent,présent
T004388,E00703,H,17,1,absent,présent,présent,présent
T004389,E00703,F,11,1,présent,absent,présent,présent
T004390,E00704,H,5,1,présent,présent,présent,présent
T004391,E00704,F,10,1,présent,absent,présent,absent
T004392,E00704,H,20,1,présent,présent,présent,présent
T004393,E00704,H,13,1,absent,absent,présent,absent
T004394,E00704,H,22,1,présent,présent,présent,absent
T004395,E00704,H,3,1,absent,présent,présent,absent
T004396,E00704,F,21,1,présent,absent,présent,absent
T004397,E00704,F,12,1,présent,présent,présent,présent
T004398,E00704,F,7,1,présent,présent,présent,présent
T004399,E00704,F,3,1,absent,présent,présent,absent
T004400,E00705,F,5,1,présent,présent,présent,présent
T004431,E00705,F,15,1,présent,présent,présent,présent
T004402,E00705,F,2,1,présent,présent,présent,présent
T004403,E00705,H,8,1,absent,présent,présent,absent
T004404,E00705,F,17,1,présent,présent,présent,présent
T004405,E00705,F,6,1,présent,présent,présent,absent
T004406,E00705,H,13,1,présent,présent,présent,présent
T006407,E00705,F,6,1,absent,absent,absent,présent
T004408,E00705,F,13,1,présent,absent,absent,présent
T004409,E00706,H,19,1,présent,présent,présent,présent
T004410,E00706,F,12,1,présent,absent,présent,présent
T004411,E00706,F,13,1,présent,présent,NA,présent
T004412,E00706,F,22,1,présent,présent,présent,présent
T004413,E00706,F,17,1,absent,présent,présent,présent
T004414,E00706,H,2,1,présent,présent,présent,présent
T004415,E00706,F,22,1,NA,présent,présent,présent
T004416,E00706,H,15,1,présent,présent,présent,présent
T004417,E00706,F,14,1,présent,présent,présent,présent
T004418,E00706,F,17,1,présent,présent,présent,présent
T004419,E00706,F,6,1,présent,présent,présent,présent
T004420,E00706,F,20,1,absent,présent,présent,présent
T004421,E00706,H,15,1,absent,absent,absent,présent
T004422,E00706,H,17,1,présent,absent,présent,présent
T004423,E00706,F,6,1,présent,présent,absent,présent
T004424,E00707,F,9,1,absent,présent,NA,absent
T004425,E00707,F,5,1,présent,présent,présent,absent
T004426,E00707,F,15,1,présent,absent,NA,absent
T004427,E00707,F,9,1,présent,absent,absent,absent
T004498,E00707,F,2,1,présent,présent,présent,présent
T004429,E00707,H,14,1,absent,présent,présent,absent
T004430,E00708,F,20,1,présent,présent,présent,présent
T004431,E00708,F,3,1,présent,présent,présent,présent
T004432,E00708,H,0,1,présent,présent,présent,présent
T004433,E00708,H,6,1,présent,absent,présent,présent
T004434,E00708,H,6,1,présent,présent,présent,présent
T004435,E00708,H,18,1,présent,présent,présent,présent
T004436,E00708,F,20,1,présent,présent,présent,présent
T004437,E00708,H,1,1,NA,absent,absent,présent
T004438,E00708,F,0,1,présent,présent,présent,présent
T004439,E00708,H,4,1,présent,absent,présent,présent
T004440,E00708,F,7,1,absent,absent,présent,présent
T004441,E00708,F,19,1,présent,absent,présent,présent
T004442,E00709,H,5,1,présent,présent,présent,présent
T004443,E00709,H,2,1,absent,absent,absent,absent
T004444,E00709,F,5,1,absent,présent,présent,présent
T004445,E00709,H,8,1,présent,présent,présent,présent
T004446,E00710,H,14,1,présent,présent,présent,présent
T014447,E00710,F,15,1,présent,présent,présent,présent
T004448,E00710,F,20,1,présent,présent,présent,présent
T004449,E00710,H,8,1,présent,présent,absent,présent
T004450,E00710,H,11,1,présent,absent,présent,présent
T004451,E00710,H,14,1,présent,présent,NA,présent
T004452,E00711,H,0,1,présent,présent,absent,présent
T004453,E00711,H,11,1,présent,présent,absent,présent
T004454,E00711,H,14,1,présent,présent,présent,présent
T004455,E00711,H,6,1,absent,absent,présent,présent
T004456,E00711,H,4,1,présent,présent,présent,présent
T004457,E00711,H,12,1,présent,présent,absent,présent
T004458,E00711,H,0,1,présent,absent,présent,présent
T004459,E00711,H,1,1,présent,présent,présent,absent
T004460,E00711,H,4,1,présent,absent,présent,présent
T004461,E00712,F,10,1,absent,présent,présent,absent
T004462,E00712,H,14,1,présent,présent,présent,absent
T004463,E00712,H,15,1,absent,absent,absent,présent
T004464,E00712,F,7,1,présent,absent,présent,absent
T004465,E00712,H,6,1,présent,présent,absent,NA
T004466,E00712,H,1,1,présent,présent,présent,absent
T004467,E00712,H,6,1,présent,présent,présent,présent
T004468,E00712,H,12,1,absent,absent,présent,présent
T004469,E00713,H,4,1,présent,présent,absent,absent
T004970,E00713,H,16,1,présent,présent,présent,présent
T004471,E00713,F,5,1,présent,présent,présent,présent
T004472,E00713,H,10,1,absent,présent,présent,absent
T004473,E00713,H,18,1,absent,présent,absent,absent
T004474,E00713,H,0,1,absent,présent,absent,présent
T004475,E00713,F,5,1,absent,absent,absent,absent
T004476,E00713,F,0,1,présent,présent,présent,présent
T004477,E00713,F,14,1,présent,absent,absent,absent
T004478,E00713,H,0,1,présent,présent,présent,présent
T004479,E00713,H,3,1,présent,absent,présent,absent
T004480,E00713,H,0,1,présent,présent,présent,présent
T004481,E00714,H,18,1,absent,présent,présent,présent
T004412,E00714,H,3,1,présent,présent,présent,présent
T004483,E00714,H,4,1,présent,présent,présent,présent
T004484,E00714,H,6,1,absent,présent,présent,présent
T004482,E00714,F,19,1,absent,présent,présent,présent
T004486,E00714,F,7,1,présent,présent,présent,présent
T001487,E00714,H,18,1,présent,présent,absent,présent
T004488,E00714,F,4,1,présent,présent,présent,présent
T004489,E00714,H,7,1,NA,NA,présent,présent
T008490,E00714,H,10,1,présent,présent,présent,absent
T004491,E00714,H,0,1,présent,présent,présent,présent
T004492,E00714,H,6,1,présent,absent,présent,présent
T004493,E00715,H,8,1,présent,présent,absent,présent
T004494,E00715,H,6,1,absent,présent,présent,présent
T004495,E00715,F,29,1,présent,présent,présent,présent
T004496,E00715,F,0,1,présent,présent,présent,présent
T004497,E00715,H,23,1,NA,présent,présent,absent
T004498,E00715,H,16,1,NA,présent,absent,absent
T004499,E00716,F,4,1,présent,absent,présent,présent
T004500,E00716,H,11,1,présent,absent,présent,présent
T004501,E00716,H,21,1,présent,absent,présent,présent
T004502,E00716,H,1,1,présent,présent,présent,présent
T004503,E00716,F,9,1,présent,présent,présent,présent
T007504,E00716,H,0,1,NA,présent,présent,présent
T004505,E00717,H,11,1,présent,présent,présent,absent
T004536,E00717,F,13,1,présent,absent,présent,NA
T004507,E00717,H,7,1,présent,présent,présent,absent
T004508,E00717,F,7,1,absent,présent,présent,présent
T004509,E00717,H,0,1,présent,présent,présent,présent
T004510,E00717,F,0,1,présent,présent,présent,absent
T004511,E00717,H,11,1,présent,présent,absent,absent
T004512,E00718,H,0,1,présent,présent,présent,absent
T004513,E00718,H,9,1,présent,présent,présent,présent
T004514,E00718,H,9,1,présent,présent,présent,présent
T004515,E00718,F,1,1,présent,présent,présent,NA
T004516,E00718,F,0,1,présent,présent,absent,présent
T004517,E00718,H,6,1,présent,présent,présent,absent
T004518,E00718,H,11,1,présent,présent,présent,présent
T004519,E00718,F,4,1,présent,présent,présent,présent
T004520,E00718,H,16,1,présent,présent,présent,présent
T004521,E00718,H,10,1,présent,absent,présent,NA
T004522,E00718,H,4,1,présent,présent,présent,absent
T004523,E00719,H,11,1,présent,présent,absent,présent
T004524,E00719,H,5,1,présent,absent,présent,NA
T004525,E00720,H,16,1,présent,présent,présent,présent
T004526,E00720,H,0,1,présent,présent,présent,présent
T004527,E00720,F,0,1,présent,absent,présent,présent
T004528,E00720,H,13,1,présent,présent,présent,présent
T004529,E00720,H,10,1,présent,présent,présent,présent
T004530,E00720,H,0,1,absent,NA,présent,présent
T004531,E00720,F,9,1,présent,présent,présent,présent
T004532,E00721,H,17,1,présent,présent,présent,présent
T004533,E00721,H,26,1,présent,présent,présent,présent
T004534,E00721,H,1,1,absent,absent,présent,présent
T006535,E00722,H,11,1,présent,présent,présent,présent
T004536,E00722,H,20,1,présent,présent,présent,présent
T004537,E00722,H,15,1,absent,présent,présent,présent
T004538,E00722,H,0,1,présent,présent,présent,présent
T004539,E00722,F,12,1,présent,présent,présent,présent
T004540,E00723,F,13,1,absent,absent,absent,absent
T004541,E00723,H,0,1,présent,présent,présent,présent
T004542,E00723,H,17,1,présent,absent,présent,présent
T004543,E00724,H,4,1,présent,présent,absent,absent
T004544,E00724,H,7,1,présent,absent,NA,absent
T004545,E00724,H,7,1,présent,présent,présent,présent
T004546,E00724,F,12,1,présent,présent,présent,absent
T004547,E00724,H,4,1,présent,absent,absent,absent
T004548,E00724,F,17,1,présent,absent,absent,présent
T004549,E00724,H,22,1,absent,présent,présent,présent
T004550,E00724,F,7,1,présent,présent,présent,présent
T004551,E00724,H,5,1,absent,présent,absent,présent
T004552,E00724,F,4,1,absent,absent,absent,absent
T004553,E00725,H,2,1,présent,présent,absent,présent
T004554,E00725,H,24,1,présent,présent,présent,présent
T004555,E00725,H,0,1,présent,absent,présent,présent
T004556,E00725,H,16,1,présent,présent,présent,présent
T004557,E00725,H,10,1,absent,présent,absent,présent
T004558,E00725,H,7,1,présent,présent,absent,absent
T004559,E00726,H,6,1,absent,présent,présent,absent
T004560,E00726,H,8,1,présent,présent,présent,NA
T004561,E00726,F,4,1,présent,présent,présent,présent
T004562,E00726,F,9,1,présent,présent,présent,présent
T004563,E00726,F,6,1,absent,présent,présent,présent
T014564,E00726,F,22,1,présent,présent,présent,absent
T004565,E00726,F,12,1,présent,présent,présent,présent
T004566,E00726,F,8,1,présent,présent,présent,présent
T004567,E00726,H,8,1,présent,présent,présent,présent
7004568,E00726,F,3,1,présent,présent,présent,présent
T004569,E00727,F,1,1,présent,NA,présent,absent
T004570,E00727,H,6,1,présent,absent,absent,présent
T004571,E00727,F,4,1,présent,présent,présent,absent
T004572,E00727,H,7,1,absent,absent,présent,présent
T004573,E00727,F,0,1,présent,absent,présent,NA
T004574,E00727,F,1,1,absent,présent,présent,présent
T004555,E00727,F,10,1,présent,présent,présent,présent
T004576,E00727,H,0,1,présent,présent,présent,présent
T004577,E00727,F,1,1,présent,présent,présent,présent
T004578,E00727,H,19,1,absent,absent,présent,présent
T004579,E00727,F,6,1,présent,présent,présent,présent
T004580,E00728,F,15,1,présent,absent,présent,absent
T004581,E00728,F,19,1,présent,présent,présent,présent
T004582,E00728,H,4,1,présent,présent,présent,présent
T004583,E00728,H,8,1,présent,présent,absent,présent
T004584,E00728,F,0,1,présent,absent,présent,présent
T004585,E00728,F,7,1,présent,présent,présent,présent
T004586,E00728,H,0,1,présent,présent,présent,absent
T004587,E00728,F,4,1,présent,absent,présent,NA
T004583,E00729,F,2,1,présent,NA,absent,présent
T004589,E00729,H,12,1,présent,NA,présent,présent
T004590,E00729,H,18,1,présent,absent,absent,présent
T004591,E00729,F,8,1,présent,présent,présent,présent
T004596,E00729,F,14,1,présent,présent,présent,présent
T004593,E00729,H,9,1,présent,présent,présent,absent
T004594,E00729,H,15,1,présent,présent,présent,présent
T004595,E00729,F,11,1,présent,présent,présent,présent
T004596,E00729,H,11,1,présent,présent,absent,présent
T004597,E00729,F,11,1,présent,présent,présent,présent
T004598,E00730,H,18,1,présent,présent,présent,présent
T004599,E00730,H,2,1,présent,présent,présent,présent
1004600,E00730,H,8,1,présent,présent,absent,présent
T004601,E00730,F,18,1,présent,absent,présent,présent
T004602,E00730,F,10,1,présent,présent,présent,absent
T004603,E00731,H,14,1,présent,absent,absent,présent
T004604,E00731,F,7,1,présent,présent,absent,absent
T004605,E00731,H,13,1,absent,présent,présent,présent
T004606,E00731,H,10,1,présent,présent,présent,présent
T404607,E00732,H,15,1,absent,absent,absent,présent
T004608,E00732,H,18,1,présent,présent,présent,présent
T004609,E00732,H,2,1,absent,présent,présent,absent
T004610,E00732,H,10,1,présent,présent,présent,présent
T004611,E00733,F,1,1,absent,absent,présent,présent
T004612,E00733,F,0,1,présent,présent,absent,présent
T004613,E00733,H,1,1,présent,présent,présent,présent
T004614,E00734,H,7,1,présent,présent,présent,présent
T004615,E00734,F,3,1,présent,absent,présent,présent
T004616,E00734,H,16,1,présent,absent,présent,présent
T004617,E00734,H,13,1,présent,présent,absent,présent
T004618,E00734,H,5,1,absent,présent,présent,absent
T004619,E00734,H,13,1,absent,présent,présent,présent
T004620,E00734,H,3,1,présent,présent,présent,présent
T004621,E00735,F,0,1,présent,présent,présent,présent
T004622,E00735,F,14,1,présent,présent,présent,présent
T004623,E00735,H,16,1,présent,présent,présent,présent
T004624,E00735,H,8,1,présent,présent,présent,présent
T004625,E00735,F,10,1,NA,présent,absent,absent
T004626,E00736,F,13,1,présent,NA,absent,présent
T004627,E00736,F,20,1,absent,présent,absent,présent
T004628,E00736,H,13,1,présent,présent,absent,présent
T004629,E00736,H,0,1,absent,présent,absent,absent
T004630,E00736,H,0,1,absent,présent,absent,présent
T004631,E00737,H,6,1,absent,absent,absent,absent
T004632,E00737,F,21,1,absent,présent,présent,absent
T004633,E00737,F,18,1,présent,présent,présent,présent
T004034,E00737,F,0,1,NA,présent,présent,présent
T004635,E00737,F,8,1,présent,présent,présent,absent
T304636,E00737,F,0,1,absent,présent,présent,présent
T004637,E00737,H,0,1,présent,présent,absent,présent
T004638,E00737,F,9,1,présent,présent,présent,absent
T004639,E00737,H,10,1,présent,absent,présent,absent
T004140,E00738,H,12,1,présent,présent,présent,présent
T604641,E00738,H,11,1,présent,présent,présent,présent
T004642,E00738,H,17,1,présent,absent,absent,présent
T004643,E00738,F,5,1,présent,présent,présent,absent
T004645,E00738,F,8,1,absent,présent,absent,présent
T004645,E00738,F,18,1,présent,présent,présent,absent
T004646,E00738,F,0,1,présent,absent,présent,présent
T004647,E00738,F,0,1,absent,présent,absent,présent
T004648,E00738,H,14,1,présent,absent,présent,absent
T004649,E00739,F,17,1,présent,absent,présent,présent
T004650,E00739,H,14,1,présent,présent,présent,présent
7004651,E00739,H,13,1,NA,présent,présent,présent
T004652,E00739,F,0,1,présent,présent,présent,présent
T004653,E00739,F,7,1,présent,absent,présent,absent
T004654,E00739,H,20,1,présent,présent,présent,absent
T004655,E00739,H,21,1,présent,présent,présent,présent
T004656,E00739,H,14,1,présent,présent,présent,présent
T004657,E00739,H,6,1,présent,absent,présent,présent
T004658,E00739,H,4,1,présent,absent,présent,présent
T004659,E00740,F,14,1,présent,présent,présent,présent
T004660,E00740,F,11,1,présent,NA,présent,absent
T004661,E00740,H,16,1,présent,présent,présent,présent
T004662,E00740,F,20,1,présent,présent,présent,absent
T004663,E00740,F,10,1,présent,absent,présent,présent
T004664,E00740,H,8,1,absent,présent,absent,présent
T004665,E00740,F,0,1,absent,absent,absent,présent
T004666,E00740,F,12,1,NA,présent,présent,absent
T005667,E00740,F,21,1,absent,présent,absent,absent
T004668,E00741,F,11,1,présent,présent,absent,présent
T004669,E00741,F,7,1,présent,présent,présent,NA
T004670,E00742,F,0,1,présent,absent,absent,NA
T004671,E00742,F,6,1,présent,présent,présent,présent
T007672,E00742,F,10,1,présent,présent,présent,présent
T004673,E00743,H,8,1,présent,présent,absent,présent
T004674,E00743,H,14,1,présent,absent,absent,présent
T004675,E00743,F,16,1,présent,présent,présent,présent
T004676,E00743,F,8,1,absent,absent,présent,présent
T004677,E00743,F,13,1,présent,présent,présent,présent
T004678,E00744,F,6,1,présent,présent,absent,présent
T004679,E00744,F,0,1,présent,présent,présent,présent
T004680,E00744,F,19,1,présent,présent,absent,présent
T004681,E00744,F,12,1,présent,absent,présent,présent
T004682,E00744,H,5,1,présent,présent,présent,présent
T004683,E00744,F,4,1,présent,présent,présent,absent
T004684,E00744,H,22,1,présent,présent,présent,présent
T904685,E00745,F,10,1,présent,présent,présent,présent
T004686,E00745,F,13,1,absent,absent,absent,absent
T004687,E00745,H,18,1,absent,présent,absent,absent
T004688,E00745,F,12,1,absent,présent,absent,absent
T004689,E00745,H,8,1,présent,présent,absent,absent
T004690,E00745,H,22,1,présent,présent,absent,présent
T004691,E00745,H,0,1,présent,présent,présent,présent
T004692,E00745,H,7,1,présent,présent,présent,présent
T004693,E00746,F,13,1,absent,présent,présent,présent
T004694,E00746,H,18,1,présent,NA,présent,NA
T004695,E00746,H,16,1,présent,présent,présent,présent
T004696,E00747,H,5,1,présent,présent,absent,présent
T004697,E00747,H,10,1,présent,absent,NA,présent
T074698,E00748,F,0,1,absent,absent,absent,absent
T004699,E00748,H,17,1,présent,absent,absent,présent
T004700,E00748,F,0,1,absent,absent,absent,absent
T004701,E00749,F,8,1,présent,NA,absent,absent
T004702,E00749,H,0,1,absent,présent,présent,présent
T004703,E00749,F,7,1,présent,présent,absent,présent
T004704,E00750,F,4,1,présent,présent,présent,présent
T004705,E00750,H,14,1,présent,présent,absent,absent
T004706,E00750,H,6,1,présent,absent,absent,absent
T004707,E00750,H,10,1,présent,présent,présent,présent
T004708,E00750,H,7,1,absent,présent,présent,présent
5004709,E00750,H,10,1,présent,présent,présent,présent
T004710,E00750,F,6,1,absent,présent,absent,présent
T004711,E00751,H,0,1,présent,absent,présent,présent
T004712,E00751,H,0,1,présent,présent,présent,présent
T004713,E00751,F,2,1,absent,présent,absent,NA
T004714,E00751,F,11,1,présent,présent,présent,présent
T004715,E00751,F,17,1,présent,présent,présent,présent
T004716,E00751,H,15,1,présent,présent,présent,présent
T004717,E00752,F,8,1,présent,présent,présent,présent
T004718,E00752,H,6,1,présent,présent,présent,présent
T004719,E00752,H,18,1,présent,absent,absent,absent
T004720,E00752,F,19,1,absent,absent,absent,absent
T004721,E00753,H,5,1,absent,présent,présent,présent
T004722,E00753,H,8,1,présent,absent,présent,absent
T004023,E00753,H,0,1,NA,absent,présent,présent
T004724,E00753,F,6,1,présent,présent,présent,présent
T004725,E00753,F,0,1,présent,NA,présent,présent
T004726,E00753,H,10,1,présent,présent,présent,absent
T004727,E00754,F,5,1,présent,absent,absent,présent
T004928,E00754,H,0,1,absent,absent,présent,absent
T004729,E00754,H,0,1,présent,présent,absent,présent
T004730,E00754,H,4,1,présent,présent,présent,présent
T004731,E00754,F,0,1,absent,absent,présent,présent
T004732,E00754,H,5,1,absent,présent,présent,absent
T004733,E00754,F,8,1,présent,absent,absent,présent
T004734,E00755,F,0,1,présent,absent,absent,absent
T004735,E00755,H,9,1,présent,présent,présent,présent
T004736,E00756,H,9,1,absent,présent,absent,absent
T004797,E00756,H,2,1,absent,absent,présent,absent
T004738,E00756,H,3,1,absent,présent,absent,absent
T004739,E00757,H,13,1,absent,absent,présent,présent
T004740,E00757,H,6,1,présent,présent,présent,présent
T004741,E00757,H,5,1,présent,présent,présent,présent
T004742,E00757,H,6,1,présent,présent,présent,NA
T004703,E00757,H,9,1,NA,absent,présent,présent
T004744,E00757,H,3,1,présent,présent,absent,absent
T004745,E00757,H,16,1,présent,présent,NA,présent
T004746,E00757,H,15,1,présent,NA,présent,présent
T004747,E00758,F,0,1,présent,présent,présent,absent
T004748,E00758,H,5,1,présent,absent,absent,absent
T004749,E00758,H,3,1,absent,absent,présent,NA
T004750,E00759,H,16,1,présent,présent,absent,présent
T004751,E00759,H,0,1,présent,absent,absent,présent
T004752,E00759,F,0,1,présent,présent,présent,présent
T704753,E00760,F,20,1,NA,présent,présent,présent
T004754,E00760,F,6,1,absent,présent,présent,présent
T004755,E00760,F,22,1,présent,présent,absent,présent
T004756,E00760,F,6,1,présent,présent,présent,présent
T004757,E00761,H,18,1,présent,présent,présent,présent
T004758,E00761,H,13,1,présent,présent,présent,présent
T004759,E00761,H,1,1,présent,absent,présent,présent
T004760,E00762,H,10,1,présent,présent,présent,présent
T004761,E00762,F,23,1,présent,présent,présent,présent
T004762,E00762,F,5,1,présent,présent,présent,présent
T004763,E00762,H,0,1,présent,présent,présent,présent
T004764,E00762,F,9,1,présent,absent,présent,absent
T004765,E00762,H,13,1,présent,présent,présent,présent
T004766,E00762,F,20,1,présent,présent,présent,présent
T004767,E00763,H,3,1,présent,présent,présent,présent
T004768,E00763,F,12,1,présent,NA,présent,présent
T004769,E00763,H,12,1,présent,présent,présent,présent
T004770,E00763,F,22,1,absent,présent,présent,présent
T004771,E00763,F,7,1,absent,présent,présent,présent
T004772,E00763,H,16,1,présent,présent,présent,présent
T004773,E00764,H,17,1,présent,présent,présent,présent
T004774,E00764,H,16,1,présent,absent,présent,présent
T004775,E00764,H,11,1,présent,absent,présent,présent
T004746,E00764,H,21,1,présent,présent,présent,présent
T004777,E00764,F,1,1,absent,présent,absent,présent
T004778,E00764,F,7,1,présent,présent,présent,présent
T004779,E00764,F,3,1,présent,présent,présent,présent
T004580,E00764,H,18,1,présent,absent,présent,présent
T004781,E00764,F,0,1,présent,présent,présent,présent
T004782,E00764,H,0,1,présent,présent,présent,absent
T004783,E00765,H,0,1,présent,présent,présent,présent
T004784,E00765,H,15,1,présent,présent,NA,présent
T004785,E00765,H,21,1,présent,présent,présent,présent
T004786,E00765,H,18,1,présent,présent,présent,présent
T004787,E00766,H,10,1,présent,présent,présent,présent
T004788,E00766,H,19,1,présent,présent,absent,présent
T004789,E00766,H,8,1,NA,présent,présent,NA
T004790,E00766,F,1,1,présent,présent,présent,absent
T004791,E00766,H,4,1,absent,présent,présent,absent
T004792,E00766,H,0,1,présent,présent,présent,présent
T504793,E00766,H,0,1,absent,absent,présent,présent
T004794,E00766,H,12,1,présent,présent,présent,présent
T004795,E00767,H,3,1,absent,présent,présent,absent
T004796,E00767,H,15,1,présent,présent,présent,présent
T004797,E00767,H,3,1,présent,présent,absent,présent
T004798,E00767,F,10,1,présent,présent,présent,présent
T004799,E00767,H,5,1,présent,absent,présent,présent
T004800,E00767,F,9,1,présent,présent,présent,présent
T004801,E00767,H,13,1,absent,présent,présent,présent
T004802,E00767,H,13,1,présent,présent,absent,présent
T004803,E00768,H,2,1,présent,absent,présent,présent
T006804,E00768,H,17,1,présent,présent,absent,absent
T004805,E00768,H,0,1,absent,présent,absent,absent
T004806,E00769,H,22,1,présent,NA,présent,présent
T004807,E00769,H,15,1,présent,présent,présent,présent
T004808,E00769,H,13,1,présent,présent,présent,absent
T004809,E00769,F,12,1,présent,présent,présent,présent
T004810,E00769,F,16,1,absent,présent,présent,présent
T004811,E00769,F,0,1,présent,présent,présent,absent
T004812,E00769,F,18,1,présent,présent,absent,présent
T004813,E00769,H,23,1,présent,présent,présent,présent
T004814,E00770,F,8,1,absent,présent,absent,présent
T004815,E00770,H,14,1,absent,absent,présent,absent
T004816,E00770,H,16,1,présent,présent,absent,présent
T004817,E00770,H,12,1,présent,absent,présent,absent
T004818,E00771,H,12,1,présent,présent,absent,présent
T004819,E00771,H,8,1,présent,présent,présent,présent
T004820,E00771,F,14,1,présent,présent,présent,présent
T004821,E00771,H,9,1,présent,présent,absent,présent
T004822,E00771,H,15,1,présent,présent,présent,présent
T004923,E00772,H,0,1,absent,absent,absent,absent
T004824,E00772,H,3,1,présent,présent,présent,absent
T004825,E00772,H,16,1,présent,absent,présent,absent
T004826,E00772,H,19,1,présent,absent,absent,présent
T004827,E00773,H,17,1,présent,présent,NA,présent
T004828,E00773,H,17,1,présent,présent,présent,présent
T004829,E00773,H,0,1,présent,présent,présent,présent
T004830,E00773,F,4,1,présent,présent,présent,présent
T004831,E00773,F,12,1,présent,présent,présent,absent
T004832,E00773,F,5,1,présent,présent,présent,absent
T004833,E00773,H,28,1,présent,présent,présent,NA
T004834,E00773,F,5,1,présent,présent,présent,présent
T004835,E00773,H,16,1,présent,présent,présent,présent
T004836,E00773,H,11,1,présent,présent,présent,absent
T004837,E00774,H,0,1,présent,absent,présent,absent
T004838,E00774,H,0,1,absent,présent,absent,présent
T004839,E00774,F,3,1,présent,présent,absent,présent
T004840,E00775,H,1,1,présent,absent,absent,absent
T004841,E00775,H,4,1,présent,NA,présent,présent
T044842,E00775,F,21,1,absent,présent,présent,présent
T004843,E00775,H,8,1,absent,présent,présent,présent
T004144,E00775,F,15,1,présent,NA,présent,absent
T004845,E00775,F,14,1,présent,présent,présent,NA
T004846,E00775,H,1,1,présent,présent,présent,NA
T004847,E00775,H,5,1,présent,présent,absent,présent
T004848,E00775,F,17,1,absent,présent,présent,présent
T004849,E00775,F,10,1,présent,présent,présent,présent
T004850,E00775,F,11,1,présent,absent,présent,NA
T004851,E00776,F,17,1,présent,présent,présent,présent
T004852,E00776,F,15,1,présent,présent,présent,présent
T004853,E00776,H,3,1,présent,présent,absent,présent
T004854,E00776,H,0,1,présent,présent,absent,présent
T004855,E00777,F,13,1,présent,présent,présent,présent
T004856,E00777,H,9,1,absent,présent,absent,présent
T004857,E00777,F,0,1,absent,présent,présent,absent
T004858,E00777,F,7,1,absent,présent,absent,présent
T004859,E00777,F,17,1,absent,absent,absent,présent
T004860,E00777,H,13,1,présent,absent,absent,absent
T004861,E00777,F,15,1,présent,présent,absent,présent
T004862,E00777,F,14,1,NA,présent,présent,présent
T004863,E00777,F,17,1,présent,présent,présent,présent
T004864,E00777,H,8,1,présent,présent,présent,présent
T004865,E00777,F,10,1,présent,présent,présent,présent
T004866,E00777,H,11,1,présent,présent,présent,présent
T004867,E00778,H,12,1,présent,absent,présent,absent
T002868,E00778,H,16,1,présent,absent,présent,absent
T004869,E00778,H,11,1,présent,présent,présent,présent
T004870,E00778,H,19,1,présent,présent,présent,présent
T004871,E00778,H,13,1,présent,présent,présent,absent
T004872,E00778,H,24,1,absent,présent,présent,présent
T004873,E00778,F,14,1,présent,présent,présent,présent
T004874,E00778,H,4,1,présent,absent,présent,absent
T004875,E00778,H,0,1,présent,présent,présent,présent
T304876,E00778,H,13,1,présent,présent,présent,présent
T004877,E00778,F,15,1,présent,présent,présent,présent
T004878,E00779,H,8,1,présent,présent,présent,présent
T004379,E00779,F,0,1,absent,absent,NA,présent
T004880,E00779,H,6,1,absent,absent,absent,absent
T004881,E00779,H,9,1,présent,absent,absent,absent
T004882,E00780,H,16,1,présent,présent,présent,présent
T004883,E00780,H,1,1,présent,absent,absent,présent
T004884,E00780,H,15,1,présent,présent,présent,présent
T004885,E00780,F,13,1,présent,présent,présent,présent
T004886,E00780,F,0,1,présent,présent,présent,présent
T004887,E00781,F,12,1,présent,NA,présent,présent
T004888,E00781,H,11,1,présent,présent,présent,présent
T004889,E00781,F,3,1,présent,présent,présent,absent
T004890,E00781,H,20,1,présent,présent,présent,présent
T004891,E00781,H,10,1,présent,présent,absent,présent
T004892,E00781,F,7,1,présent,absent,présent,présent
T004893,E00781,F,11,1,présent,présent,présent,NA
T004894,E00781,F,18,1,présent,présent,présent,présent
T004695,E00781,F,7,1,présent,absent,présent,présent
T004896,E00781,H,10,1,absent,présent,présent,NA
T004897,E00781,H,6,1,absent,présent,présent,présent
T004898,E00782,H,3,1,absent,présent,absent,absent
T004899,E00782,H,4,1,présent,présent,présent,présent
T004900,E00782,H,2,1,présent,présent,présent,présent
T007901,E00782,H,17,1,présent,absent,présent,présent
T044902,E00782,H,1,1,présent,présent,présent,présent
T004903,E00783,H,8,1,absent,absent,présent,présent
T004904,E00783,H,23,1,présent,absent,présent,présent
T004905,E00783,H,7,1,présent,présent,absent,présent
T004906,E00784,F,0,1,présent,présent,présent,absent
T004907,E00784,F,7,1,présent,présent,présent,présent
T004908,E00784,H,13,1,présent,présent,présent,absent
T004909,E00785,H,13,1,présent,présent,présent,présent
T004910,E00785,F,8,1,présent,présent,présent,présent
T004911,E00785,H,13,1,présent,présent,présent,présent
T004912,E00785,H,19,1,présent,présent,absent,présent
T004913,E00785,F,10,1,présent,présent,présent,absent
T004914,E00785,F,10,1,absent,présent,présent,présent
T004915,E00786,H,9,1,présent,présent,présent,présent
T004916,E00786,H,2,1,présent,absent,présent,présent
T004917,E00786,F,9,1,présent,présent,absent,présent
1004918,E00786,F,10,1,présent,absent,présent,présent
T004919,E00786,F,9,1,présent,présent,absent,absent
T004920,E00786,H,0,1,présent,présent,présent,présent
T004921,E00786,F,10,1,présent,absent,présent,absent
T004922,E00787,F,7,1,présent,présent,présent,présent
T004923,E00787,F,24,1,présent,présent,présent,présent
T004924,E00787,F,9,1,présent,absent,présent,absent
T004925,E00787,H,3,1,présent,absent,présent,présent
T604926,E00787,H,12,1,présent,présent,absent,présent
T004927,E00788,F,18,1,absent,présent,absent,présent
T004928,E00788,H,11,1,présent,présent,présent,présent
T004929,E00788,H,16,1,présent,présent,présent,présent
T004930,E00788,H,18,1,présent,absent,présent,présent
T004931,E00788,H,7,1,présent,présent,présent,présent
T004932,E00788,H,0,1,présent,présent,absent,NA
T004931,E00789,F,22,1,présent,présent,absent,absent
T004934,E00789,H,14,1,présent,présent,absent,absent
T004935,E00789,H,25,1,présent,absent,présent,présent
T004936,E00789,H,4,1,absent,présent,absent,absent
T004937,E00789,H,3,1,absent,absent,absent,présent
T004938,E00789,H,0,1,présent,absent,absent,présent
T004839,E00789,H,1,1,absent,présent,absent,présent
T004940,E00790,H,2,1,présent,présent,présent,présent
T004941,E00790,H,7,1,présent,présent,présent,NA
T004942,E00790,F,5,1,présent,présent,présent,présent
T004943,E00790,F,3,1,absent,présent,présent,présent
T004944,E00790,H,18,1,présent,présent,absent,présent
T004945,E00790,H,5,1,absent,présent,absent,présent
T004946,E00790,F,14,1,présent,présent,présent,présent
T004947,E00790,H,13,1,présent,présent,présent,présent
T004948,E00790,F,3,1,présent,absent,absent,présent
T004949,E00790,F,12,1,absent,présent,présent,présent
T004950,E00791,F,0,1,présent,présent,absent,présent
T004951,E00791,H,8,1,présent,présent,présent,présent
T004952,E00792,H,3,1,présent,présent,absent,présent
T004953,E00792,H,9,1,absent,présent,présent,absent
T004954,E00792,H,10,1,présent,absent,NA,absent
T004955,E00792,F,4,1,présent,présent,présent,présent
T004956,E00792,F,7,1,NA,absent,présent,NA
T003957,E00792,F,7,1,présent,présent,présent,présent
T004958,E00793,F,18,1,présent,présent,présent,présent
T004959,E00793,H,3,1,NA,absent,absent,absent
T004960,E00793,H,1,1,présent,présent,présent,présent
T006961,E00793,H,10,1,absent,présent,présent,présent
T004962,E00793,F,12,1,présent,présent,présent,NA
T004963,E00793,F,0,1,présent,présent,présent,présent
T004964,E00793,H,6,1,présent,présent,présent,présent
T004965,E00793,H,11,1,présent,présent,présent,présent
T004966,E00794,H,13,1,présent,présent,présent,présent
T004967,E00794,F,10,1,présent,présent,présent,absent
T004968,E00794,H,4,1,présent,présent,présent,présent
T004969,E00794,F,14,1,présent,absent,présent,présent
T004970,E00794,H,6,1,présent,présent,présent,présent
T004971,E00794,H,4,1,présent,absent,absent,absent
T004972,E00794,H,12,1,présent,présent,absent,présent
T004973,E00794,F,17,1,absent,absent,présent,présent
7004974,E00795,H,0,1,présent,absent,présent,présent
T004975,E00795,F,23,1,NA,présent,absent,présent
T004976,E00795,H,11,1,présent,présent,présent,absent
T004977,E00795,H,14,1,présent,présent,présent,présent
T004978,E00795,H,20,1,présent,présent,présent,présent
T004979,E00795,F,6,1,présent,présent,absent,absent
T004980,E00795,F,6,1,présent,présent,absent,présent
T004981,E00795,F,3,1,présent,présent,absent,NA
T004982,E00795,H,9,1,absent,présent,présent,présent
T004983,E00796,H,11,1,présent,présent,présent,absent
T004984,E00797,H,16,1,présent,présent,absent,absent
T004985,E00797,H,11,1,présent,absent,présent,présent
T004986,E00797,F,9,1,absent,présent,présent,absent
T004987,E00797,H,4,1,absent,absent,présent,présent
T004988,E00797,H,11,1,présent,présent,présent,présent
T004989,E00797,H,4,1,absent,absent,absent,absent
T004999,E00798,F,21,1,présent,présent,absent,absent
T004991,E00798,H,13,1,présent,présent,présent,NA
T004992,E00798,H,20,1,absent,présent,absent,présent
T004993,E00798,H,2,1,présent,absent,absent,absent
T004994,E00799,F,7,1,absent,présent,présent,absent
3004995,E00799,H,4,1,présent,absent,absent,présent
T004996,E00799,H,12,1,absent,absent,absent,présent
T004997,E00800,F,18,1,présent,présent,présent,absent
T004998,E00800,F,10,1,présent,absent,absent,présent
T004999,E00801,H,0,1,présent,présent,NA,présent
T005000,E00801,F,2,1,présent,présent,absent,présent
T005001,E00802,H,7,1,présent,présent,présent,présent
T005002,E00802,H,5,1,présent,présent,présent,présent
T005003,E00802,H,3,1,absent,absent,absent,présent
T005004,E00803,H,16,1,absent,absent,absent,absent
T005005,E00803,H,2,1,présent,présent,absent,absent
T005006,E00803,H,16,1,présent,présent,absent,présent
T005007,E00803,F,10,1,absent,présent,présent,présent
T005008,E00803,F,18,1,absent,présent,présent,présent
T005009,E00804,H,3,1,présent,absent,absent,absent
T005010,E00804,H,4,1,présent,présent,présent,présent
T005011,E00804,H,4,1,présent,présent,présent,présent
T005012,E00804,H,15,1,absent,présent,présent,présent
T005013,E00804,H,12,1,présent,présent,présent,présent
T008014,E00804,F,1,1,présent,présent,présent,absent
T005015,E00804,H,4,1,présent,présent,présent,absent
T005016,E00804,F,16,1,présent,NA,absent,absent
T005017,E00805,H,3,1,absent,présent,présent,présent
T005018,E00805,H,0,1,présent,présent,présent,présent
T005013,E00805,H,0,1,absent,absent,absent,présent
T005020,E00805,H,0,1,présent,absent,absent,absent
T005021,E00805,H,0,1,présent,présent,absent,absent
T005022,E00805,H,8,1,présent,présent,absent,présent
T005023,E00805,F,2,1,absent,absent,absent,présent
T005024,E00806,H,14,1,présent,présent,présent,présent
2005025,E00806,F,4,1,présent,absent,présent,présent
T005066,E00806,H,1,1,présent,présent,présent,présent
T005027,E00806,H,10,1,présent,présent,présent,présent
T005028,E00806,F,8,1,présent,absent,présent,présent
T005029,E00806,H,32,1,présent,NA,absent,présent
T005030,E00806,F,0,1,présent,présent,présent,présent
9005031,E00806,F,2,1,absent,absent,présent,présent
T005032,E00806,F,13,1,présent,présent,présent,présent
T005033,E00807,H,14,1,présent,présent,présent,NA
T005034,E00807,H,19,1,présent,absent,présent,présent
T005035,E00807,H,10,1,présent,présent,présent,présent
T005036,E00807,H,10,1,présent,présent,présent,présent
T005037,E00807,H,7,1,présent,présent,présent,présent
T005038,E00808,F,17,1,présent,absent,absent,présent
T005039,E00808,H,14,1,présent,présent,absent,présent
T005040,E00808,F,18,1,présent,présent,présent,présent
T705041,E00808,H,7,1,présent,présent,présent,présent
T005042,E00809,H,4,1,NA,NA,présent,présent
T005043,E00809,F,5,1,présent,présent,présent,présent
T005044,E00809,H,7,1,présent,présent,présent,présent
T005045,E00809,H,13,1,présent,présent,présent,présent
T005046,E00809,F,2,1,présent,présent,présent,présent
T005047,E00809,H,8,1,présent,présent,présent,présent
T005048,E00810,H,10,1,présent,présent,présent,présent
T005047,E00810,H,0,1,présent,absent,présent,présent
T005050,E00810,H,7,1,présent,absent,absent,présent
T005051,E00810,H,11,1,présent,présent,présent,présent
T005052,E00810,H,12,1,absent,présent,présent,présent
T005053,E00810,F,12,1,présent,présent,présent,présent
T005054,E00810,F,6,1,présent,présent,présent,présent
T005055,E00810,H,13,1,présent,présent,présent,présent
T005056,E00811,F,4,1,absent,présent,présent,absent
T005057,E00811,H,0,1,absent,présent,présent,absent
T005058,E00811,H,4,1,présent,présent,présent,absent
T005059,E00811,H,0,1,présent,absent,présent,présent
T005060,E00811,H,4,1,présent,présent,absent,absent
T005061,E00812,F,9,1,présent,absent,présent,présent
T005062,E00812,H,15,1,présent,présent,NA,présent
T005033,E00812,F,0,1,présent,absent,présent,présent
T005064,E00812,H,13,1,présent,présent,absent,présent
T005565,E00812,H,3,1,présent,présent,présent,présent
T005063,E00812,H,1,1,présent,présent,présent,présent
T005067,E00813,H,7,1,absent,présent,présent,présent
T005068,E00813,F,5,1,absent,présent,absent,présent
T005069,E00813,H,3,1,présent,absent,présent,absent
T095070,E00813,F,15,1,présent,absent,absent,absent
T005071,E00813,H,10,1,présent,présent,absent,présent
T005072,E00813,H,0,1,présent,absent,présent,présent
T005073,E00814,F,1,1,absent,présent,absent,absent
T005074,E00814,H,13,1,présent,présent,présent,présent
5005075,E00814,H,18,1,présent,présent,présent,présent
T005076,E00814,F,19,1,présent,présent,présent,présent
T005077,E00814,H,26,1,absent,présent,présent,absent
T005078,E00815,F,0,1,absent,absent,absent,absent
T005079,E00815,H,2,1,présent,présent,présent,présent
T005080,E00815,F,5,1,présent,présent,présent,absent
T005081,E00815,H,0,1,absent,présent,absent,absent
T005082,E00815,F,0,1,absent,présent,présent,absent
T005083,E00815,H,7,1,absent,présent,absent,absent
T005084,E00815,H,13,1,présent,présent,absent,présent
T005085,E00815,F,0,1,absent,absent,absent,présent
T005086,E00815,F,11,1,absent,absent,absent,absent
T005087,E00815,H,3,1,absent,absent,présent,absent
T005088,E00815,H,6,1,présent,présent,présent,absent
T005089,E00816,F,1,1,absent,présent,absent,absent
T005090,E00816,F,5,1,absent,absent,absent,absent
T005091,E00816,H,18,1,présent,absent,présent,absent
T005092,E00816,H,0,1,présent,absent,présent,présent
T005093,E00816,H,9,1,NA,présent,présent,présent
T005094,E00816,H,5,1,présent,présent,absent,absent
T005095,E00817,H,8,1,présent,présent,présent,présent
T005096,E00817,F,17,1,absent,présent,présent,présent
T005097,E00817,H,3,1,absent,NA,présent,présent
T005098,E00818,H,7,1,présent,absent,absent,absent
T005099,E00818,H,0,1,absent,présent,NA,absent
T005100,E00818,H,0,1,présent,absent,présent,présent
T005101,E00818,F,10,1,présent,absent,présent,présent
T005102,E00818,H,17,1,présent,présent,présent,NA
T005103,E00818,F,8,1,présent,présent,présent,présent
T005104,E00818,F,1,1,présent,absent,NA,présent
T005105,E00819,H,9,1,présent,présent,présent,présent
T005106,E00819,H,15,1,présent,présent,présent,présent
T005107,E00819,H,8,1,présent,présent,NA,présent
T005108,E00819,H,15,1,présent,absent,absent,absent
T005109,E00819,H,12,1,absent,présent,présent,présent
T005110,E00820,H,14,1,absent,absent,présent,présent
T005111,E00820,H,14,1,présent,présent,présent,absent
T005112,E00820,F,7,1,présent,absent,absent,présent
T005113,E00820,H,19,1,absent,présent,présent,NA
T005114,E00820,F,8,1,absent,présent,présent,NA
T015115,E00820,F,4,1,présent,présent,NA,présent
T005116,E00820,H,7,1,NA,absent,présent,présent
T005117,E00820,H,13,1,présent,présent,absent,absent
T005118,E00820,H,2,1,présent,NA,présent,NA
T005119,E00821,H,7,1,présent,présent,présent,présent
T005120,E00821,F,7,1,présent,NA,présent,absent
T005121,E00821,H,4,1,absent,présent,NA,présent
T005122,E00821,H,16,1,absent,présent,présent,présent
T005123,E00822,F,7,1,présent,présent,présent,présent
T005124,E00822,H,20,1,présent,présent,présent,présent
T005125,E00822,H,0,1,présent,présent,présent,présent
T005126,E00822,H,14,1,présent,présent,présent,présent
T005127,E00823,F,7,1,absent,présent,absent,absent
T005128,E00823,F,17,1,présent,présent,présent,présent
T005129,E00823,H,10,1,présent,absent,absent,présent
T055130,E00823,H,9,1,absent,absent,présent,présent
T005131,E00823,F,0,1,présent,présent,présent,présent
T005132,E00823,H,5,1,présent,présent,présent,présent
T005133,E00824,H,7,1,absent,présent,absent,présent
T005134,E00824,H,1,1,présent,présent,présent,présent
T005135,E00824,F,17,1,absent,absent,absent,absent
T005136,E00824,H,9,1,absent,absent,présent,présent
T005137,E00824,H,4,1,présent,présent,présent,présent
T005138,E00825,F,6,1,présent,présent,absent,présent
T005139,E00825,H,6,1,absent,absent,absent,absent
T005140,E00825,H,0,1,présent,absent,absent,présent
T005141,E00825,F,6,1,présent,absent,présent,présent
T005142,E00825,F,5,1,présent,présent,absent,présent
T005143,E00825,F,1,1,absent,absent,absent,présent
T005174,E00825,F,15,1,présent,présent,absent,présent
T005145,E00826,H,0,1,présent,présent,présent,présent
T005146,E00826,H,17,1,présent,présent,absent,présent
T005147,E00826,F,0,1,présent,présent,absent,présent
T005142,E00826,F,12,1,présent,présent,présent,absent
T005149,E00826,F,5,1,présent,présent,absent,présent
T005150,E00826,F,11,1,absent,absent,absent,absent
T005151,E00826,F,0,1,présent,présent,absent,présent
T005152,E00826,H,3,1,présent,absent,présent,absent
T005153,E00826,H,9,1,absent,présent,présent,présent
T005154,E00826,F,16,1,présent,NA,absent,présent
T005155,E00826,H,9,1,présent,présent,absent,présent
T005156,E00827,H,20,1,présent,présent,NA,absent
T005157,E00827,H,0,1,présent,présent,absent,présent
T005158,E00827,F,8,1,présent,présent,présent,présent
T005159,E00827,F,3,1,présent,absent,présent,absent
T005160,E00827,H,9,1,absent,présent,absent,absent
T005161,E00827,F,15,1,présent,absent,présent,présent
T005162,E00828,H,11,1,présent,présent,présent,présent
T005163,E00828,H,6,1,présent,présent,présent,présent
T001164,E00828,H,20,1,présent,présent,présent,présent
T005165,E00829,H,0,1,présent,absent,présent,absent
T005166,E00829,H,3,1,présent,présent,absent,présent
T005167,E00829,H,10,1,présent,présent,présent,absent
T005168,E00830,F,19,1,présent,présent,présent,présent
T005169,E00830,F,8,1,présent,absent,présent,présent
T005170,E00830,F,0,1,présent,présent,présent,présent
T005171,E00830,H,2,1,NA,absent,présent,présent
T005172,E00831,F,3,1,présent,présent,absent,NA
T005173,E00831,H,18,1,présent,présent,absent,présent
T005174,E00831,F,0,1,présent,présent,absent,absent
T005175,E00831,H,16,1,présent,absent,présent,présent
T005176,E00831,H,0,1,présent,présent,présent,absent
T005177,E00832,H,25,1,présent,absent,absent,présent
T005178,E00832,H,13,1,absent,présent,absent,présent
2005179,E00832,H,13,1,présent,présent,présent,absent
T005180,E00832,F,1,1,présent,absent,présent,NA
T005181,E00832,H,17,1,présent,présent,présent,présent
T005182,E00832,F,0,1,absent,présent,présent,présent
T005183,E00833,H,0,1,absent,présent,présent,présent
T005184,E00833,H,5,1,absent,absent,absent,présent
T005185,E00833,H,12,1,présent,présent,absent,absent
T005186,E00834,F,19,1,présent,NA,présent,présent
T005187,E00834,F,7,1,présent,présent,présent,présent
T505188,E00834,H,0,1,présent,présent,présent,présent
T005189,E00835,H,7,1,absent,présent,présent,absent
T005190,E00835,H,14,1,présent,absent,absent,présent
T005191,E00835,H,15,1,présent,présent,présent,présent
T005192,E00836,H,15,1,présent,présent,présent,présent
T005193,E00836,F,3,1,présent,présent,présent,présent
T005194,E00836,H,16,1,présent,présent,présent,absent
T005195,E00836,F,10,1,présent,présent,présent,présent
T005196,E00836,F,6,1,présent,présent,présent,présent
T005197,E00836,H,15,1,absent,absent,présent,présent
T005198,E00836,F,24,1,présent,présent,présent,NA
T005199,E00836,H,0,1,absent,présent,présent,présent
T005200,E00837,H,1,1,présent,présent,présent,présent
T005201,E00837,H,13,1,présent,présent,présent,présent
T005202,E00837,F,3,1,présent,présent,présent,présent
T005203,E00837,H,3,1,présent,absent,présent,présent
T005204,E00837,F,13,1,absent,présent,présent,présent
T005205,E00838,H,12,1,présent,absent,absent,absent
T005206,E00838,H,17,1,absent,présent,présent,présent
T005207,E00838,H,0,1,présent,présent,présent,présent
T055208,E00838,H,8,1,absent,absent,absent,absent
T005209,E00838,H,4,1,présent,présent,présent,présent
T005210,E00839,H,11,1,présent,présent,présent,présent
T005211,E00839,F,0,1,présent,absent,présent,présent
T005212,E00839,F,2,1,présent,présent,absent,présent
T005213,E00839,H,2,1,présent,absent,présent,présent
T005214,E00839,H,13,1,présent,présent,absent,absent
T005215,E00840,H,0,1,absent,présent,présent,présent
T005216,E00840,F,8,1,présent,présent,présent,présent
T005217,E00840,F,4,1,présent,présent,présent,présent
T005918,E00840,H,16,1,présent,présent,présent,présent
T005219,E00840,H,7,1,présent,présent,présent,présent
T005220,E00840,H,16,1,présent,présent,absent,présent
T005221,E00840,F,17,1,absent,présent,présent,absent
T005222,E00841,H,0,1,présent,absent,présent,présent
T005223,E00841,H,0,1,présent,présent,présent,présent
T005224,E00841,F,14,1,présent,présent,présent,présent
T005223,E00841,F,14,1,présent,présent,présent,présent
T005226,E00841,F,9,1,présent,présent,présent,présent
T005277,E00841,H,17,1,présent,présent,présent,présent
T005228,E00841,H,8,1,présent,présent,absent,absent
T005229,E00841,F,9,1,présent,présent,présent,présent
T005230,E00841,H,17,1,présent,absent,absent,présent
T005231,E00842,F,7,1,présent,présent,présent,présent
T005232,E00842,H,5,1,absent,présent,présent,absent
T005233,E00842,H,24,1,présent,présent,présent,absent
T005234,E00842,F,13,1,présent,présent,présent,présent
T005235,E00842,F,8,1,absent,NA,présent,présent
T005236,E00842,H,0,1,présent,présent,présent,absent
T005237,E00842,F,24,1,présent,présent,présent,absent
T005238,E00843,H,9,1,présent,présent,présent,présent
T005239,E00843,F,14,1,présent,présent,présent,présent
T005240,E00843,F,4,1,présent,présent,présent,présent
T005241,E00843,F,10,1,absent,présent,NA,présent
T005242,E00843,H,11,1,présent,présent,présent,présent
T005243,E00843,H,11,1,présent,présent,présent,présent
T005244,E00844,H,12,1,présent,présent,présent,présent
T005245,E00844,H,3,1,présent,présent,présent,absent
T005246,E00844,H,14,1,présent,absent,présent,absent
T005247,E00844,H,14,1,présent,présent,présent,présent
T005248,E00845,H,10,1,présent,présent,présent,présent
T015249,E00845,H,16,1,absent,présent,présent,présent
T005250,E00845,H,7,1,présent,absent,absent,présent
T005251,E00845,H,14,1,présent,présent,présent,présent
T005252,E00845,H,9,1,présent,présent,présent,présent
T005253,E00846,H,9,1,absent,présent,présent,présent
T005254,E00846,H,9,1,absent,présent,présent,absent
T005255,E00846,F,8,1,présent,présent,présent,absent
T005256,E00846,H,15,1,absent,présent,absent,présent
T009257,E00846,H,3,1,présent,absent,présent,présent
T005258,E00847,H,5,1,présent,présent,présent,absent
T005259,E00847,H,15,1,présent,absent,absent,présent
T005260,E00847,H,13,1,NA,présent,absent,présent
T005261,E00847,H,15,1,présent,absent,absent,absent
T005262,E00848,F,0,1,absent,présent,NA,présent
T005263,E00848,H,11,1,présent,présent,absent,absent
T005264,E00848,F,11,1,absent,présent,présent,présent
T005265,E00848,H,0,1,absent,absent,absent,présent
T005266,E00848,F,1,1,présent,présent,absent,présent
T005267,E00848,F,12,1,absent,présent,présent,NA
T005168,E00848,F,2,1,présent,absent,présent,présent
T005269,E00848,F,0,1,présent,présent,présent,absent
T005270,E00848,F,6,1,présent,absent,présent,absent
T005271,E00848,F,6,1,présent,présent,NA,présent
T005292,E00848,F,15,1,présent,présent,présent,présent
T005273,E00849,H,0,1,présent,présent,présent,présent
T005274,E00849,H,12,1,présent,présent,présent,présent
T005275,E00849,F,11,1,présent,présent,présent,présent
T005276,E00849,F,17,1,présent,présent,présent,présent
T005277,E00849,F,3,1,présent,présent,absent,présent
T005278,E00849,F,19,1,présent,présent,présent,présent
T005279,E00850,F,9,1,présent,présent,absent,présent
T005280,E00850,F,9,1,présent,présent,présent,présent
T005281,E00850,H,14,1,présent,présent,absent,absent
T005282,E00850,F,0,1,présent,présent,présent,présent
T005283,E00851,F,7,1,présent,présent,absent,absent
T005284,E00851,H,13,1,présent,absent,présent,absent
T005285,E00851,F,11,1,absent,présent,présent,absent
T005286,E00851,F,22,1,NA,présent,présent,absent
T005287,E00852,F,12,1,présent,présent,présent,absent
T005288,E00852,H,8,1,présent,présent,présent,présent
T005289,E00852,H,11,1,présent,présent,présent,présent
T005290,E00852,F,1,1,présent,présent,présent,présent
T005291,E00852,F,0,1,présent,absent,présent,présent
T005292,E00852,H,7,1,présent,présent,absent,présent
T005293,E00852,F,16,1,NA,présent,présent,présent
T005294,E00852,F,7,1,présent,présent,absent,présent
T005295,E00852,F,7,1,présent,absent,présent,présent
T005296,E00852,F,12,1,présent,présent,présent,présent
T005297,E00853,H,0,1,présent,présent,présent,présent
T005298,E00853,H,7,1,présent,présent,absent,présent
T005299,E00853,F,13,1,présent,présent,présent,présent
T005300,E00853,F,14,1,présent,présent,présent,présent
T005301,E00853,F,17,1,présent,présent,présent,présent
T005302,E00853,H,6,1,présent,présent,présent,présent
T005303,E00853,H,0,1,présent,présent,présent,présent
T005304,E00853,H,15,1,présent,présent,présent,présent
T005305,E00853,H,6,1,présent,présent,présent,présent
T005306,E00853,H,19,1,absent,présent,présent,présent
T005807,E00854,H,16,1,NA,présent,présent,présent
T005308,E00854,F,19,1,présent,présent,présent,présent
T005309,E00854,F,0,1,absent,absent,absent,présent
T005310,E00854,F,17,1,présent,absent,absent,présent
T005311,E00854,F,8,1,présent,présent,présent,présent
T005312,E00855,F,8,1,présent,présent,présent,présent
T005313,E00855,H,4,1,présent,présent,présent,absent
T005314,E00855,H,0,1,présent,présent,présent,NA
T005315,E00855,H,7,1,absent,présent,absent,présent
T000316,E00856,H,6,1,présent,absent,présent,présent
T005317,E00856,H,15,1,présent,présent,présent,présent
T005318,E00856,F,8,1,présent,présent,absent,présent
T005319,E00856,H,4,1,absent,présent,présent,présent
T005320,E00856,H,12,1,présent,présent,présent,présent
T005321,E00856,F,13,1,présent,présent,présent,NA
4005322,E00856,H,9,1,absent,présent,présent,présent
T005323,E00856,F,9,1,présent,présent,NA,présent
T005324,E00857,F,0,1,présent,présent,absent,absent
T305325,E00857,H,3,1,présent,présent,absent,absent
T005326,E00857,H,5,1,présent,présent,présent,présent
T005327,E00857,H,0,1,présent,absent,présent,absent
T005328,E00857,H,0,1,absent,présent,présent,présent
T005329,E00858,H,9,1,présent,absent,présent,présent
T005330,E00858,H,11,1,absent,présent,présent,présent
T005331,E00858,H,8,1,absent,présent,présent,présent
T005332,E00858,H,5,1,absent,absent,absent,absent
T005333,E00859,H,0,1,présent,présent,présent,présent
T005334,E00859,H,22,1,présent,présent,présent,présent
T005335,E00859,H,20,1,présent,présent,présent,présent
T005336,E00859,H,14,1,présent,NA,présent,présent
T005337,E00859,H,18,1,présent,présent,présent,présent
T005338,E00859,F,3,1,présent,présent,présent,présent
T005339,E00860,F,1,1,absent,présent,absent,absent
T005340,E00860,H,9,1,présent,absent,présent,absent
T005341,E00860,H,7,1,présent,présent,absent,absent
T005342,E00861,F,9,1,présent,présent,présent,présent
T005343,E00861,H,11,1,présent,présent,présent,présent
T005344,E00861,F,7,1,présent,présent,présent,présent
T005345,E00861,F,15,1,présent,présent,présent,présent
T005346,E00861,H,8,1,présent,présent,présent,présent
T005347,E00861,F,9,1,présent,présent,présent,présent
T005348,E00861,H,14,1,présent,présent,présent,présent
T005349,E00861,H,24,1,présent,présent,présent,présent
T605350,E00862,H,10,1,présent,absent,absent,absent
T005351,E00863,F,2,1,absent,présent,présent,présent
T005352,E00863,H,5,1,présent,présent,présent,absent
T005353,E00863,F,0,1,absent,absent,absent,absent
T005354,E00863,H,0,1,absent,absent,présent,présent
T005355,E00864,H,12,1,présent,présent,NA,présent
T005356,E00864,H,8,1,présent,présent,absent,présent
T005357,E00864,F,7,1,présent,présent,présent,présent
T005358,E00865,H,15,1,présent,présent,présent,présent
T005359,E00865,H,7,1,présent,présent,présent,présent
T005360,E00865,H,12,1,absent,présent,présent,présent
T005361,E00865,F,4,1,absent,absent,présent,absent
T005362,E00865,H,4,1,absent,présent,absent,absent
T065363,E00866,H,10,1,présent,présent,présent,absent
T005364,E00866,H,10,1,présent,absent,absent,présent
T005365,E00866,H,15,1,présent,présent,présent,présent
T005366,E00866,F,1,1,présent,présent,présent,présent
T005367,E00866,F,7,1,absent,absent,absent,absent
T705368,E00866,H,2,1,présent,présent,présent,présent
T009369,E00866,F,10,1,présent,présent,absent,absent
T005390,E00866,F,2,1,présent,présent,présent,présent
T005371,E00867,H,0,1,absent,présent,absent,absent
T005372,E00867,F,7,1,absent,absent,présent,absent
T005373,E00867,F,4,1,présent,absent,absent,absent
T005374,E00867,H,8,1,présent,présent,présent,présent
T005375,E00867,H,12,1,présent,présent,présent,présent
1005376,E00867,F,11,1,présent,présent,présent,présent
T005377,E00867,H,0,1,absent,présent,présent,présent
T005378,E00868,H,14,1,présent,présent,présent,présent
T005379,E00868,H,7,1,présent,présent,présent,absent
0005380,E00868,F,9,1,présent,absent,présent,présent
T005381,E00868,F,0,1,NA,absent,absent,absent
T005382,E00869,F,15,1,présent,présent,NA,présent
T005383,E00869,F,13,1,présent,présent,présent,absent
T005384,E00869,F,9,1,présent,NA,présent,présent
T005385,E00869,H,9,1,présent,absent,présent,présent
T005386,E00869,F,17,1,présent,présent,présent,présent
T005387,E00869,F,28,1,présent,présent,présent,présent
T005388,E00869,F,26,1,présent,absent,absent,présent
T005389,E00870,H,7,1,présent,présent,présent,absent
T005390,E00870,H,18,1,absent,absent,absent,absent
T805391,E00870,H,7,1,présent,absent,présent,présent
T005392,E00870,H,14,1,présent,absent,présent,présent
T005393,E00870,F,0,1,absent,absent,absent,absent
T005394,E00871,H,10,1,présent,présent,présent,absent
T005395,E00871,F,19,1,NA,présent,absent,présent
T005396,E00871,H,9,1,présent,absent,présent,absent
T005397,E00871,F,9,1,absent,présent,présent,présent
T705398,E00871,F,12,1,présent,présent,présent,présent
T005399,E00871,H,18,1,présent,absent,présent,présent
T005470,E00871,H,11,1,présent,présent,présent,présent
T005401,E00872,H,7,1,NA,présent,présent,présent
T005402,E00872,F,5,1,présent,présent,présent,présent
T005403,E00872,H,3,1,présent,présent,présent,présent
T005604,E00872,H,11,1,NA,présent,présent,absent
T005405,E00872,H,0,1,présent,présent,présent,présent
T005406,E00872,H,19,1,présent,présent,présent,présent
T005407,E00872,F,12,1,présent,présent,présent,absent
T005408,E00873,F,4,1,présent,présent,présent,présent
T005409,E00873,F,7,1,absent,présent,absent,absent
0005410,E00873,F,2,1,présent,présent,présent,présent
T005411,E00873,H,4,1,présent,présent,présent,présent
T005412,E00873,H,3,1,présent,présent,présent,présent
6005413,E00873,H,0,1,présent,présent,présent,présent
T005014,E00873,F,9,1,présent,présent,présent,absent
T005415,E00874,F,9,1,absent,présent,présent,présent
T005416,E00874,H,2,1,présent,présent,absent,absent
T005417,E00874,F,8,1,absent,présent,absent,présent
T005488,E00875,F,1,1,présent,présent,présent,absent
T005419,E00875,F,15,1,présent,présent,présent,présent
T005420,E00875,H,5,1,présent,présent,présent,présent
T005421,E00875,H,6,1,absent,présent,présent,absent
T005422,E00875,H,16,1,présent,présent,absent,présent
T005423,E00875,F,20,1,présent,présent,présent,présent
T005424,E00875,H,13,1,présent,absent,présent,absent
T005425,E00875,H,5,1,présent,présent,présent,présent
T005426,E00875,F,16,1,absent,présent,absent,présent
T005427,E00875,F,15,1,NA,absent,absent,présent
T005428,E00875,H,9,1,absent,absent,présent,NA
T005429,E00876,F,0,1,présent,présent,présent,présent
T005430,E00876,H,5,1,présent,présent,présent,présent
T005431,E00876,H,19,1,présent,absent,absent,présent
T005432,E00876,H,5,1,présent,présent,présent,présent
T005433,E00876,F,7,1,présent,présent,présent,présent
T005434,E00876,H,11,1,présent,présent,présent,présent
T005435,E00876,F,21,1,présent,présent,présent,absent
T005436,E00876,F,0,1,présent,présent,présent,présent
T005437,E00876,H,13,1,présent,présent,présent,absent
T005438,E00876,F,15,1,présent,présent,présent,présent
T005439,E00876,H,18,1,absent,présent,présent,absent
T005440,E00877,H,6,1,présent,présent,présent,absent
T005441,E00877,F,16,1,absent,présent,présent,présent
T005442,E00877,H,1,1,présent,absent,absent,présent
T005443,E00877,H,2,1,absent,présent,présent,présent
T105444,E00878,F,9,1,présent,présent,présent,présent
T005444,E00878,H,0,1,présent,présent,absent,présent
T005446,E00878,F,11,1,présent,présent,présent,présent
T005447,E00878,F,12,1,présent,absent,présent,absent
T005448,E00878,H,0,1,NA,présent,absent,présent
T005449,E00879,F,0,1,présent,présent,NA,présent
T005450,E00879,H,11,1,présent,présent,présent,présent
T005451,E00879,H,19,1,présent,NA,présent,présent
T005452,E00879,H,10,1,NA,présent,présent,présent
T005453,E00880,H,0,1,présent,présent,présent,absent
T005454,E00880,H,19,1,absent,présent,présent,absent
T005455,E00880,H,16,1,présent,présent,présent,présent
T005456,E00881,H,6,1,présent,présent,absent,présent
T005457,E00881,F,0,1,présent,présent,présent,absent
T005428,E00881,H,3,1,présent,absent,présent,présent
T005459,E00881,H,9,1,NA,présent,absent,absent
T005460,E00881,H,6,1,présent,présent,présent,présent
T005461,E00882,F,6,1,présent,présent,présent,présent
T005462,E00882,H,17,1,présent,présent,présent,présent
T005463,E00882,F,0,1,présent,présent,présent,NA
T005464,E00882,H,22,1,présent,présent,présent,présent
T005465,E00882,H,5,1,présent,présent,présent,présent
T005466,E00882,F,18,1,présent,présent,présent,présent
T005467,E00882,F,13,1,présent,présent,présent,présent
T005468,E00882,H,9,1,absent,présent,présent,présent
T005469,E00882,H,5,1,présent,absent,présent,présent
T505470,E00882,F,21,1,présent,présent,présent,présent
T005471,E00882,F,7,1,présent,présent,présent,présent
T005472,E00882,F,9,1,présent,présent,présent,présent
T005473,E00882,H,7,1,absent,présent,absent,présent
T005474,E00882,F,6,1,présent,présent,présent,absent
T005475,E00883,H,9,1,présent,présent,présent,présent
T005476,E00883,H,6,1,présent,NA,présent,présent
T005477,E00883,H,11,1,présent,absent,présent,absent
T005478,E00883,F,14,1,absent,absent,absent,absent
T005479,E00883,F,11,1,absent,présent,présent,présent
T005480,E00883,H,8,1,absent,absent,présent,absent
T005481,E00884,F,9,1,présent,présent,présent,présent
T005882,E00884,F,14,1,présent,présent,présent,présent
T005483,E00884,F,6,1,présent,NA,absent,absent
T005485,E00884,F,17,1,absent,présent,absent,présent
6005485,E00884,H,0,1,présent,présent,présent,présent
T005486,E00885,H,0,1,présent,présent,présent,présent
T005487,E00885,H,4,1,présent,présent,présent,présent
T005488,E00885,F,6,1,absent,présent,présent,présent
T005489,E00885,H,0,1,présent,absent,présent,présent
T005490,E00885,H,0,1,absent,NA,présent,présent
T005491,E00886,H,2,1,présent,présent,présent,présent
T005492,E00886,F,7,1,absent,absent,présent,présent
T005493,E00886,H,12,1,présent,présent,présent,absent
T005494,E00886,H,2,1,NA,présent,présent,présent
T705495,E00886,H,0,1,présent,présent,présent,présent
T005496,E00886,H,15,1,absent,absent,présent,présent
T005497,E00886,H,0,1,présent,présent,absent,présent
T005498,E00886,H,10,1,présent,présent,présent,présent
T005499,E00887,H,9,1,présent,présent,présent,présent
T005500,E00887,H,10,1,absent,présent,présent,présent
T005501,E00887,H,11,1,présent,présent,présent,présent
T005502,E00887,F,9,1,NA,présent,présent,présent
T005503,E00887,F,30,1,présent,absent,présent,présent
T005504,E00887,F,2,1,présent,présent,absent,présent
T005505,E00888,F,18,1,présent,présent,présent,absent
T005516,E00888,F,13,1,NA,NA,présent,présent
T005507,E00888,H,15,1,présent,présent,présent,présent
T005508,E00888,H,14,1,absent,absent,présent,présent
T005506,E00888,H,15,1,présent,présent,présent,présent
T005510,E00888,H,0,1,présent,absent,NA,absent
T005511,E00888,H,8,1,présent,absent,présent,présent
T005512,E00889,H,4,1,NA,présent,NA,présent
T005513,E00889,H,2,1,absent,présent,absent,absent
T005514,E00890,H,3,1,présent,présent,présent,présent
T005515,E00890,H,11,1,absent,présent,présent,présent
T005516,E00890,H,4,1,absent,présent,présent,présent
T005517,E00890,F,12,1,présent,présent,présent,absent
T005518,E00890,H,2,1,présent,NA,présent,présent
T005519,E00890,F,9,1,présent,absent,présent,présent
T005520,E00890,F,0,1,présent,présent,absent,présent
T005521,E00891,F,5,1,présent,présent,présent,présent
T005522,E00891,F,0,1,absent,présent,présent,présent
T005523,E00891,H,18,1,présent,présent,NA,présent
T005524,E00891,F,8,1,présent,présent,présent,absent
T005525,E00891,H,22,1,présent,présent,présent,présent
T005526,E00891,H,6,1,présent,présent,présent,présent
T005527,E00891,F,13,1,présent,présent,présent,NA
T005528,E00891,F,15,1,présent,présent,présent,présent
T005529,E00891,H,16,1,présent,présent,présent,absent
T005530,E00892,H,15,1,présent,présent,présent,présent
T005531,E00892,H,8,1,absent,présent,présent,absent
T005532,E00892,H,7,1,absent,présent,présent,absent
T005533,E00893,H,6,1,présent,NA,présent,présent
T005534,E00893,H,8,1,présent,présent,présent,présent
T005535,E00893,H,16,1,présent,présent,absent,présent
T005536,E00893,F,16,1,présent,présent,présent,présent
T005537,E00893,F,9,1,présent,présent,présent,présent
T005538,E00893,F,14,1,présent,présent,présent,présent
T305539,E00893,F,10,1,présent,présent,présent,présent
T005540,E00893,H,13,1,présent,présent,présent,présent
T005541,E00893,F,20,1,présent,présent,présent,présent
T005542,E00894,H,10,1,absent,présent,présent,présent
T005549,E00894,F,0,1,présent,présent,présent,présent
T005544,E00894,H,6,1,présent,absent,présent,présent
T005545,E00895,H,12,1,présent,présent,présent,présent
T005546,E00895,H,6,1,NA,présent,présent,présent
T005547,E00895,H,5,1,NA,absent,présent,présent
T005548,E00895,H,2,1,présent,présent,présent,présent
T005549,E00895,F,14,1,absent,présent,présent,présent
T005510,E00895,F,11,1,absent,présent,présent,présent
T045551,E00896,H,8,1,présent,présent,présent,présent
T005552,E00896,F,15,1,NA,absent,présent,présent
T005553,E00896,H,3,1,présent,présent,présent,présent
T005554,E00896,F,7,1,présent,absent,présent,présent
T005555,E00897,H,14,1,NA,présent,présent,présent
T005556,E00897,H,1,1,présent,NA,NA,présent
T005557,E00897,H,16,1,absent,présent,présent,présent
T005558,E00897,F,13,1,présent,présent,présent,présent
T005559,E00897,H,13,1,présent,présent,présent,présent
T005560,E00897,F,9,1,présent,présent,présent,présent
T005561,E00898,H,2,1,présent,présent,absent,présent
T005562,E00898,H,2,1,présent,présent,absent,présent
T005563,E00898,H,1,1,présent,absent,présent,présent
T005564,E00898,H,11,1,présent,absent,absent,absent
T705565,E00898,F,2,1,présent,présent,présent,présent
T005566,E00899,H,8,1,présent,absent,présent,présent
T005567,E00899,H,8,1,présent,présent,présent,absent
T005568,E00899,F,7,1,présent,présent,NA,présent
T005569,E00899,F,5,1,absent,présent,absent,absent
T005570,E00899,H,0,1,absent,absent,absent,présent
T006571,E00899,H,5,1,présent,présent,présent,absent
T005572,E00899,H,22,1,présent,présent,présent,présent
T005573,E00900,H,9,1,présent,présent,présent,absent
T002574,E00900,H,9,1,absent,présent,absent,absent
T005575,E00900,F,16,1,présent,absent,présent,absent
T005576,E00900,H,5,1,présent,présent,NA,présent
T005577,E00901,F,15,1,présent,présent,absent,présent
T005578,E00901,F,0,1,présent,absent,présent,présent
T005579,E00901,F,12,1,présent,présent,absent,présent
T005580,E00901,H,0,1,présent,présent,présent,présent
T005581,E00902,H,0,1,présent,présent,présent,présent
T005582,E00902,H,1,1,présent,présent,présent,présent
T005583,E00902,H,5,1,absent,absent,présent,présent
T005584,E00902,H,11,1,absent,présent,présent,présent
T005585,E00902,H,17,1,présent,présent,présent,présent
T005886,E00902,H,14,1,présent,présent,présent,présent
T005587,E00903,H,2,1,absent,présent,présent,présent
T005588,E00903,F,7,1,présent,présent,présent,présent
T005589,E00903,H,7,1,NA,présent,présent,absent
T005590,E00903,H,5,1,NA,absent,absent,absent
T005591,E00903,H,12,1,absent,absent,présent,présent
T005592,E00903,F,16,1,présent,présent,présent,absent
T005593,E00903,F,8,1,NA,présent,présent,présent
T005594,E00903,H,15,1,présent,NA,présent,présent
T005595,E00903,H,10,1,présent,présent,présent,présent
T005596,E00903,F,13,1,absent,présent,présent,présent
T005597,E00903,H,13,1,présent,présent,présent,présent
T005598,E00903,F,14,1,présent,présent,présent,présent
T005599,E00903,H,0,1,présent,absent,présent,présent
T005600,E00903,F,12,1,présent,présent,présent,présent
T005601,E00903,H,10,1,présent,présent,présent,présent
T005602,E00903,F,0,1,présent,présent,présent,absent
T005603,E00903,H,20,1,présent,présent,présent,présent
6005604,E00904,H,0,1,absent,présent,présent,présent
T005605,E00904,F,13,1,absent,présent,présent,présent
T005606,E00904,H,10,1,présent,présent,présent,présent
T005607,E00904,F,6,1,présent,absent,présent,présent
T005608,E00905,H,18,1,présent,présent,présent,présent
T005609,E00905,H,0,1,absent,présent,présent,présent
T005610,E00905,H,16,1,présent,présent,présent,présent
T005611,E00905,H,0,1,présent,présent,présent,présent
T005612,E00905,F,15,1,présent,présent,présent,présent
T005613,E00905,F,7,1,présent,présent,présent,absent
T005614,E00906,H,8,1,absent,présent,présent,présent
T005615,E00906,H,16,1,présent,présent,présent,présent
T005716,E00906,H,6,1,absent,présent,présent,présent
T005617,E00906,H,6,1,absent,présent,présent,présent
T005611,E00906,H,17,1,présent,absent,absent,présent
T005619,E00906,H,7,1,présent,présent,absent,présent
T005620,E00906,H,2,1,présent,absent,présent,présent
T005621,E00906,H,0,1,absent,absent,présent,absent
T005622,E00906,F,11,1,présent,présent,présent,NA
T005623,E00906,F,13,1,présent,présent,présent,présent
T005624,E00906,H,0,1,présent,absent,absent,absent
T005625,E00906,F,13,1,présent,présent,absent,absent
T005626,E00906,F,18,1,présent,présent,présent,présent
9005627,E00906,F,5,1,présent,absent,présent,présent
T005628,E00906,H,0,1,présent,absent,absent,absent
T005629,E00906,F,4,1,présent,absent,présent,présent
T005630,E00907,F,10,1,absent,présent,présent,absent
T005631,E00907,H,23,1,présent,présent,présent,présent
T005632,E00907,H,11,1,absent,présent,présent,présent
T005633,E00907,H,18,1,présent,présent,présent,présent
T005634,E00908,F,2,1,présent,présent,présent,présent
T005635,E00908,F,4,1,présent,absent,absent,présent
T005636,E00908,F,12,1,présent,NA,présent,présent
T005637,E00909,H,0,1,présent,présent,présent,absent
T005638,E00909,F,13,1,présent,présent,présent,présent
T005639,E00909,H,17,1,présent,présent,présent,présent
1005640,E00909,F,8,1,présent,présent,présent,présent
T005641,E00909,H,13,1,présent,présent,présent,présent
T005642,E00909,H,9,1,présent,présent,présent,présent
T005643,E00910,F,14,1,présent,absent,présent,présent
T005644,E00910,H,12,1,présent,présent,présent,présent
T005645,E00910,H,4,1,présent,présent,présent,présent
T005646,E00910,H,20,1,présent,présent,présent,présent
T005647,E00911,H,11,1,absent,présent,présent,présent
T005648,E00911,H,2,1,absent,présent,présent,absent
T005649,E00911,F,7,1,présent,absent,présent,absent
T005650,E00911,H,8,1,présent,absent,absent,présent
T005651,E00911,H,0,1,absent,présent,présent,présent
T005652,E00912,F,1,1,absent,présent,présent,présent
T009653,E00912,H,0,1,présent,absent,absent,NA
T905654,E00912,F,21,1,présent,présent,présent,présent
T005655,E00912,H,8,1,absent,présent,présent,présent
T005656,E00912,F,14,1,présent,présent,absent,absent
T005659,E00912,F,16,1,présent,présent,absent,présent
T005658,E00913,H,2,1,présent,présent,absent,présent
T005659,E00913,H,9,1,présent,présent,présent,présent
T005660,E00914,H,0,1,présent,absent,présent,absent
T005661,E00914,F,14,1,présent,présent,présent,absent
T005662,E00914,H,6,1,NA,présent,présent,absent
T005663,E00914,F,5,1,présent,absent,présent,absent
T005664,E00915,F,18,1,présent,présent,présent,absent
T005665,E00915,H,9,1,présent,présent,absent,présent
T005606,E00915,H,13,1,présent,présent,présent,présent
T005667,E00915,H,11,1,présent,présent,présent,présent
T005668,E00915,H,3,1,présent,absent,présent,présent
T005669,E00915,F,14,1,présent,présent,absent,présent
T005670,E00916,F,12,1,absent,présent,présent,présent
T005671,E00916,H,6,1,présent,présent,présent,présent
T005672,E00916,F,17,1,présent,présent,absent,présent
T005673,E00916,F,0,1,présent,présent,présent,absent
T005674,E00916,F,9,1,présent,présent,présent,absent
T005675,E00916,H,1,1,présent,présent,absent,présent
T005676,E00916,H,10,1,absent,présent,présent,absent
T005677,E00916,H,27,1,présent,présent,NA,présent
T005678,E00916,F,9,1,présent,présent,présent,absent
T005679,E00916,F,0,1,présent,présent,présent,présent
T005687,E00916,H,7,1,absent,présent,présent,présent
T005681,E00917,F,13,1,présent,absent,présent,absent
T055682,E00917,F,0,1,NA,présent,présent,présent
T005683,E00917,H,11,1,présent,NA,présent,présent
T005684,E00918,F,29,1,absent,présent,présent,présent
T005685,E00918,F,8,1,présent,présent,présent,présent
T005686,E00918,F,0,1,présent,présent,absent,présent
T005687,E00918,H,13,1,présent,présent,présent,présent
T005688,E00918,F,9,1,présent,absent,présent,NA
T005689,E00918,F,12,1,présent,présent,présent,présent
T005690,E00918,F,10,1,présent,présent,présent,présent
T005691,E00918,H,16,1,présent,présent,absent,présent
T005692,E00918,H,10,1,présent,présent,présent,absent
T005693,E00918,H,4,1,présent,absent,présent,présent
T005694,E00918,H,8,1,présent,présent,présent,présent
T008695,E00919,H,8,1,absent,présent,présent,présent
T005696,E00919,F,17,1,absent,présent,présent,présent
T005697,E00919,H,15,1,présent,présent,présent,absent
T005698,E00920,F,11,1,absent,présent,présent,absent
T005699,E00920,H,10,1,absent,absent,présent,présent
T005700,E00920,H,7,1,présent,présent,présent,absent
T005701,E00920,F,6,1,présent,absent,absent,absent
T005702,E00920,F,4,1,présent,absent,absent,présent
T005703,E00920,F,18,1,présent,présent,présent,présent
T005704,E00920,H,4,1,présent,présent,absent,présent
T005705,E00920,H,10,1,présent,présent,présent,présent
T005706,E00920,F,8,1,présent,absent,présent,présent
T005707,E00921,F,7,1,absent,présent,présent,présent
T005708,E00921,F,0,1,présent,présent,présent,absent
T005709,E00921,H,0,1,absent,présent,présent,absent
T005710,E00921,H,8,1,absent,présent,absent,absent
T005711,E00921,H,13,1,présent,présent,présent,présent
T005712,E00922,H,16,1,présent,absent,présent,absent
T005713,E00922,F,14,1,absent,présent,présent,absent
T005714,E00922,F,9,1,présent,présent,présent,absent
T005715,E00922,H,13,1,NA,présent,présent,NA
T005716,E00923,F,18,1,présent,présent,présent,présent
T005717,E00923,H,13,1,présent,présent,présent,présent
T005778,E00923,H,0,1,présent,NA,présent,présent
T005719,E00923,H,10,1,présent,présent,présent,absent
T005720,E00923,H,9,1,présent,absent,présent,présent
T005721,E00923,F,5,1,présent,présent,NA,présent
T005722,E00923,F,8,1,présent,présent,absent,absent
T005723,E00924,H,16,1,présent,présent,présent,présent
T005724,E00924,F,10,1,présent,présent,présent,présent
T005725,E00924,H,3,1,présent,présent,absent,absent
T005726,E00925,H,2,1,présent,présent,présent,absent
T005727,E00925,H,14,1,présent,absent,présent,présent
T005728,E00925,H,15,1,présent,présent,présent,absent
T005729,E00925,F,3,1,absent,absent,présent,présent
T005730,E00925,F,0,1,présent,présent,présent,présent
T005731,E00925,H,2,1,présent,présent,absent,présent
T005732,E00926,H,5,1,présent,absent,présent,présent
T005733,E00926,F,10,1,présent,absent,NA,absent
T005734,E00926,F,7,1,présent,absent,présent,présent
T005735,E00926,F,11,1,présent,présent,absent,présent
T005736,E00927,H,20,1,présent,présent,présent,présent
T005737,E00927,H,3,1,absent,absent,NA,présent
T005738,E00927,F,16,1,présent,absent,présent,absent
T005739,E00927,H,11,1,absent,absent,absent,présent
T005740,E00927,H,0,1,absent,absent,absent,absent
9005741,E00927,H,1,1,présent,NA,présent,présent
9005742,E00927,F,17,1,présent,présent,présent,présent
T005743,E00928,H,12,1,absent,présent,présent,présent
T005744,E00928,F,7,1,présent,présent,présent,présent
T005745,E00928,F,15,1,présent,présent,présent,présent
T005746,E00928,F,8,1,présent,présent,présent,présent
T005747,E00928,H,15,1,présent,présent,présent,présent
T005748,E00928,F,9,1,présent,présent,présent,présent
T005749,E00928,H,18,1,présent,présent,présent,présent
T005750,E00928,H,11,1,présent,NA,présent,présent
T005751,E00928,H,18,1,présent,présent,présent,présent
T005752,E00928,H,6,1,présent,absent,présent,présent
T005753,E00929,F,12,1,présent,présent,présent,présent
T005754,E00929,F,7,1,présent,présent,présent,présent
T005755,E00929,H,1,1,présent,présent,présent,présent
T005756,E00929,F,15,1,présent,présent,présent,présent
T005757,E00929,F,4,1,présent,présent,présent,absent
T005758,E00929,H,1,1,NA,présent,présent,présent
T005759,E00929,F,12,1,présent,présent,présent,présent
T005760,E00930,H,14,1,présent,absent,présent,présent
T005761,E00930,F,12,1,présent,présent,présent,présent
T005762,E00930,H,29,1,absent,présent,présent,présent
T005763,E00930,H,14,1,présent,présent,présent,présent
T005764,E00931,F,11,1,présent,présent,absent,présent
T005765,E00931,H,3,1,présent,présent,absent,absent
T005766,E00931,F,17,1,présent,absent,présent,présent
T005767,E00931,H,7,1,présent,présent,présent,présent
T005768,E00931,F,8,1,absent,absent,présent,absent
T005769,E00931,F,16,1,présent,présent,présent,présent
T005770,E00931,F,9,1,présent,présent,présent,absent
T005771,E00932,F,9,1,présent,présent,présent,présent
T005772,E00932,H,0,1,présent,absent,présent,absent
T005773,E00932,F,7,1,présent,absent,présent,absent
T005774,E00932,F,8,1,présent,présent,présent,présent
T005775,E00932,F,0,1,présent,présent,présent,présent
T005776,E00933,F,16,1,présent,NA,présent,absent
T005777,E00933,F,11,1,présent,présent,présent,présent
T005778,E00933,H,5,1,présent,présent,présent,présent
T005779,E00933,H,16,1,présent,présent,présent,présent
T005780,E00933,H,11,1,NA,présent,présent,présent
T005781,E00933,H,12,1,présent,présent,présent,présent
T005782,E00933,F,15,1,présent,absent,présent,présent
T005783,E00934,H,4,1,présent,absent,présent,absent
T005784,E00934,H,17,1,absent,présent,présent,absent
T005785,E00934,H,7,1,présent,présent,NA,présent
T005786,E00934,H,10,1,présent,présent,absent,absent
T005787,E00934,F,6,1,présent,présent,présent,présent
T005788,E00935,F,1,1,absent,absent,présent,présent
T005789,E00935,H,10,1,présent,présent,présent,présent
T005790,E00936,F,0,1,présent,présent,absent,présent
T005791,E00936,F,6,1,NA,présent,présent,présent
T005792,E00936,H,0,1,présent,présent,présent,présent
T005793,E00936,H,0,1,absent,présent,présent,absent
T005794,E00936,F,10,1,présent,présent,présent,présent
T005795,E00936,H,16,1,présent,présent,présent,présent
T005796,E00937,H,0,1,absent,présent,présent,présent
T005797,E00937,H,11,1,absent,présent,présent,absent
T005798,E00937,F,9,1,absent,présent,présent,absent
T005799,E00938,H,4,1,présent,NA,absent,présent
T005800,E00938,H,20,1,présent,présent,présent,présent
T005801,E00938,H,12,1,présent,présent,présent,absent
T005802,E00938,H,2,1,présent,présent,présent,présent
T005803,E00938,F,3,1,présent,présent,présent,présent
T005804,E00939,F,7,1,présent,présent,présent,présent
T005805,E00939,F,20,1,présent,présent,présent,absent
T005806,E00939,H,2,1,présent,présent,présent,présent
T005807,E00939,F,7,1,présent,présent,présent,présent
T005808,E00939,H,7,1,présent,présent,présent,présent
T005809,E00939,H,8,1,présent,absent,absent,présent
T005810,E00939,F,18,1,présent,présent,présent,présent
T005811,E00939,F,7,1,présent,présent,présent,présent
T005812,E00939,F,17,1,présent,présent,présent,présent
T005813,E00940,H,14,1,absent,présent,présent,présent
T005814,E00940,H,16,1,présent,absent,présent,présent
T005015,E00940,H,14,1,présent,présent,présent,présent
T005816,E00940,H,9,1,présent,présent,absent,présent
6005817,E00941,H,7,1,absent,présent,absent,présent
T005818,E00941,H,2,1,absent,absent,absent,présent
7005819,E00942,H,0,1,absent,absent,absent,absent
T005820,E00942,F,9,1,absent,présent,absent,absent
T005821,E00942,H,2,1,présent,présent,présent,présent
T005822,E00942,H,5,1,absent,présent,présent,présent
T005823,E00943,F,16,1,absent,NA,absent,présent
T003824,E00943,H,5,1,présent,absent,présent,présent
T005825,E00943,H,14,1,présent,présent,absent,absent
T005826,E00943,H,3,1,absent,présent,présent,présent
T005827,E00943,H,14,1,présent,présent,présent,absent
T005828,E00943,F,1,1,absent,absent,présent,présent
T005829,E00944,H,15,1,présent,présent,présent,présent
T005830,E00944,F,10,1,présent,absent,présent,absent
T005831,E00944,H,17,1,présent,absent,absent,absent
T005832,E00944,F,18,1,présent,NA,absent,présent
T005833,E00944,F,14,1,absent,présent,présent,présent
T005834,E00944,H,8,1,présent,présent,présent,absent
T005835,E00945,H,7,1,présent,présent,présent,présent
7005836,E00945,H,17,1,absent,présent,présent,présent
T005837,E00945,H,17,1,présent,absent,présent,présent
T005838,E00945,F,13,1,présent,absent,présent,présent
T005839,E00946,H,6,1,présent,absent,présent,présent
T065840,E00946,F,10,1,présent,présent,présent,présent
T005841,E00946,H,7,1,présent,présent,présent,présent
T005842,E00946,H,5,1,présent,présent,présent,présent
T005843,E00946,H,12,1,présent,présent,présent,présent
T005844,E00946,H,7,1,présent,présent,absent,présent
T005845,E00946,H,14,1,présent,présent,présent,présent
T005846,E00946,H,13,1,présent,présent,présent,présent
T005847,E00947,F,8,1,absent,présent,absent,absent
T005848,E00947,H,10,1,présent,présent,présent,présent
T005849,E00947,F,7,1,absent,absent,absent,présent
T005850,E00947,F,1,1,présent,présent,absent,absent
T005851,E00947,F,6,1,présent,absent,absent,présent
T005852,E00947,F,14,1,présent,présent,présent,présent
T005853,E00947,H,4,1,absent,présent,présent,présent
T005854,E00947,H,3,1,présent,présent,absent,absent
3005855,E00947,F,24,1,présent,présent,présent,présent
T005856,E00947,F,10,1,présent,absent,absent,présent
T005857,E00947,F,0,1,absent,absent,présent,présent
T005858,E00947,H,3,1,absent,présent,absent,absent
T005859,E00947,F,22,1,présent,NA,présent,présent
T005860,E00948,H,0,1,présent,présent,présent,absent
T005861,E00948,H,17,1,présent,présent,absent,présent
T005862,E00948,H,5,1,NA,absent,présent,présent
T005863,E00948,F,3,1,présent,présent,présent,présent
T005864,E00949,F,7,1,présent,présent,présent,présent
T005865,E00949,H,0,1,présent,présent,présent,présent
T045866,E00949,H,1,1,présent,présent,absent,présent
T005867,E00949,H,6,1,présent,présent,présent,présent
T005868,E00949,F,11,1,absent,absent,absent,absent
T005869,E00949,F,14,1,absent,présent,présent,présent
T005870,E00949,F,22,1,présent,présent,présent,présent
T005871,E00949,H,0,1,présent,absent,présent,présent
T005872,E00950,H,4,1,présent,présent,présent,présent
T005873,E00950,H,15,1,présent,présent,présent,présent
T005874,E00950,H,16,1,absent,présent,présent,présent
T005875,E00950,H,14,1,présent,présent,présent,présent
T005876,E00950,H,4,1,absent,présent,présent,présent
T005877,E00951,F,0,1,présent,présent,présent,présent
T005878,E00951,H,12,1,présent,présent,présent,présent
T005879,E00951,F,17,1,présent,présent,NA,absent
T005880,E00951,H,0,1,absent,présent,présent,absent
T005881,E00951,H,19,1,absent,présent,présent,absent
T005882,E00952,H,0,1,présent,absent,absent,absent
T005883,E00952,H,13,1,absent,absent,présent,présent
T005884,E00952,H,10,1,absent,présent,présent,présent
T005881,E00952,F,13,1,absent,présent,absent,absent
T005886,E00952,F,0,1,absent,absent,absent,absent
T005887,E00952,H,11,1,absent,présent,présent,absent
T005888,E00952,H,8,1,présent,présent,absent,absent
T005889,E00953,H,10,1,présent,présent,présent,présent
T005890,E00953,F,11,1,présent,présent,absent,absent
T905891,E00953,H,0,1,présent,présent,NA,présent
T005892,E00953,H,0,1,présent,absent,absent,absent
T005893,E00954,H,15,1,présent,présent,présent,présent
T005894,E00954,H,13,1,absent,présent,absent,présent
T005895,E00954,H,8,1,présent,présent,présent,absent
T005896,E00954,F,12,1,présent,présent,présent,présent
T005897,E00954,H,7,1,présent,absent,présent,présent
T005898,E00954,F,5,1,présent,NA,présent,absent
T005899,E00954,H,20,1,présent,absent,présent,NA
T005900,E00954,F,9,1,présent,présent,présent,présent
T005901,E00955,F,7,1,présent,absent,NA,absent
T005902,E00955,H,9,1,présent,présent,présent,présent
T005903,E00955,H,14,1,absent,absent,présent,présent
T005904,E00955,F,7,1,présent,absent,présent,présent
T005905,E00956,H,5,1,absent,présent,absent,absent
T005906,E00956,H,14,1,présent,présent,absent,présent
T005907,E00956,H,10,1,présent,NA,présent,présent
T005908,E00957,H,5,1,présent,absent,présent,absent
T005909,E00957,H,12,1,présent,présent,présent,présent
T005910,E00957,H,13,1,présent,présent,présent,absent
T005911,E00958,H,1,1,présent,absent,absent,absent
T005912,E00958,H,19,1,absent,présent,présent,présent
T005913,E00958,H,4,1,présent,présent,absent,absent
T005914,E00958,H,12,1,absent,présent,présent,absent
T005915,E00959,H,11,1,NA,présent,présent,présent
T005916,E00959,H,8,1,présent,présent,présent,présent
T005917,E00959,F,1,1,présent,présent,présent,présent
T005918,E00959,H,0,1,présent,présent,présent,présent
T005919,E00959,H,4,1,présent,présent,présent,présent
T005920,E00959,H,7,1,présent,présent,NA,présent
T005921,E00959,F,13,1,présent,présent,présent,NA
T005522,E00959,H,10,1,présent,présent,présent,présent
T005923,E00959,H,15,1,absent,présent,présent,absent
T005924,E00959,H,8,1,absent,présent,présent,absent
T005925,E00959,F,11,1,présent,absent,absent,présent
T005926,E00959,F,5,1,présent,présent,présent,présent
T005927,E00960,H,0,1,présent,présent,présent,absent
T005928,E00960,F,11,1,présent,présent,présent,présent
T005929,E00960,H,10,1,absent,absent,absent,présent
T005930,E00960,F,0,1,présent,absent,absent,absent
T005931,E00960,F,16,1,absent,présent,absent,absent
T005932,E00961,F,6,1,présent,présent,présent,présent
T005933,E00961,H,10,1,présent,présent,présent,présent
T005934,E00961,H,0,1,absent,présent,présent,présent
T005935,E00961,F,10,1,présent,présent,présent,absent
T005936,E00961,F,16,1,présent,absent,présent,présent
T005937,E00961,H,21,1,présent,présent,présent,présent
T005938,E00961,F,19,1,présent,présent,présent,présent
T005959,E00961,H,2,1,présent,absent,présent,présent
T005940,E00961,H,7,1,absent,NA,présent,présent
T005941,E00961,F,1,1,présent,présent,présent,présent
T005942,E00961,H,5,1,présent,présent,présent,absent
T005943,E00962,F,8,1,présent,présent,présent,présent
T005944,E00962,H,3,1,présent,présent,présent,présent
T005945,E00962,F,14,1,présent,présent,présent,présent
T005946,E00962,H,8,1,absent,présent,présent,présent
T005947,E00962,F,14,1,présent,présent,NA,présent
T005948,E00962,F,5,1,présent,présent,absent,absent
T005949,E00962,H,14,1,présent,présent,présent,présent
T005950,E00962,F,7,1,présent,NA,présent,présent
T005951,E00962,H,2,1,présent,présent,présent,présent
T005952,E00962,F,3,1,présent,présent,présent,présent
T005953,E00962,H,0,1,présent,présent,présent,présent
T005954,E00963,H,12,1,présent,présent,présent,absent
T005955,E00963,F,15,1,absent,absent,absent,présent
T005956,E00963,H,0,1,présent,NA,présent,présent
T005957,E00964,F,15,1,absent,absent,absent,absent
T005958,E00964,F,3,1,présent,absent,présent,présent
T005959,E00964,H,11,1,présent,présent,présent,absent
T005960,E00964,F,12,1,absent,présent,absent,absent
T005961,E00965,H,10,1,présent,présent,présent,présent
T005962,E00965,H,5,1,absent,absent,absent,présent
T005963,E00965,H,5,1,présent,absent,présent,présent
T005994,E00965,F,7,1,présent,absent,présent,absent
T005965,E00966,H,0,1,présent,absent,présent,absent
T005966,E00966,F,20,1,présent,présent,présent,présent
T005967,E00966,H,8,1,absent,absent,absent,absent
T005968,E00967,H,19,1,présent,présent,absent,présent
T005969,E00967,F,9,1,présent,absent,présent,présent
T005970,E00967,F,18,1,présent,présent,présent,présent
T005971,E00967,H,0,1,absent,absent,absent,absent
T005972,E00967,H,0,1,présent,présent,présent,présent
T005973,E00967,H,0,1,présent,présent,présent,absent
T005974,E00968,F,9,1,présent,présent,présent,présent
T005975,E00968,F,20,1,présent,présent,présent,absent
T005976,E00968,H,8,1,absent,présent,présent,NA
T005977,E00968,H,16,1,présent,présent,présent,présent
T005978,E00968,F,1,1,présent,présent,présent,NA
T005979,E00969,F,15,1,présent,présent,présent,présent
T005980,E00969,F,9,1,absent,présent,présent,présent
T005981,E00969,F,11,1,présent,présent,présent,présent
T005982,E00969,H,10,1,présent,présent,présent,absent
T005983,E00969,H,8,1,présent,présent,présent,présent
T005984,E00969,H,12,1,présent,présent,présent,présent
T005985,E00970,F,17,1,présent,présent,absent,absent
T005986,E00970,F,6,1,absent,présent,présent,NA
T005387,E00970,F,14,1,présent,présent,présent,présent
T005988,E00970,F,12,1,présent,présent,présent,présent
T005989,E00971,F,20,1,absent,présent,présent,présent
T005990,E00971,H,22,1,présent,présent,présent,présent
T005991,E00971,H,3,1,présent,présent,présent,présent
T005992,E00971,H,15,1,présent,présent,présent,présent
T005993,E00971,F,4,1,présent,absent,présent,présent
T005994,E00971,H,0,1,présent,présent,absent,présent
T005995,E00971,F,16,1,présent,absent,présent,présent
T005996,E00972,H,0,1,absent,présent,présent,présent
T305997,E00972,F,7,1,présent,présent,présent,NA
T005998,E00972,H,12,1,présent,présent,présent,présent
T005999,E00972,H,10,1,présent,présent,présent,présent
T006000,E00972,H,8,1,présent,présent,NA,présent
T006001,E00972,F,12,1,présent,présent,présent,présent
T006002,E00972,H,3,1,présent,présent,présent,présent
T006003,E00972,H,21,1,présent,présent,présent,présent
T006004,E00972,H,9,1,présent,présent,présent,présent
T006005,E00972,H,0,1,présent,absent,présent,présent
T006006,E00972,F,17,1,présent,présent,présent,NA
T006007,E00972,F,4,1,absent,présent,absent,présent
T006008,E00973,H,10,1,présent,présent,présent,présent
T006009,E00973,H,0,1,présent,NA,présent,présent
T006010,E00973,H,9,1,présent,présent,présent,présent
T006011,E00973,H,10,1,présent,présent,présent,présent
T006012,E00973,H,0,1,présent,présent,absent,présent
T006013,E00974,H,11,1,présent,présent,présent,présent
T006014,E00974,H,4,1,absent,présent,absent,absent
T006015,E00974,F,12,1,absent,présent,absent,présent
T006016,E00974,H,1,1,présent,NA,absent,présent
T006017,E00974,H,8,1,absent,présent,absent,absent
T006018,E00975,F,7,1,présent,présent,présent,présent
T006019,E00975,H,9,1,présent,présent,présent,présent
T006020,E00975,F,4,1,présent,présent,présent,présent
T006021,E00975,H,10,1,présent,présent,présent,présent
T006022,E00975,F,9,1,présent,présent,présent,présent
T906023,E00975,F,18,1,présent,présent,présent,présent
T006024,E00975,H,13,1,présent,présent,présent,présent
T006025,E00975,F,0,1,absent,absent,absent,absent
T006026,E00975,H,13,1,NA,présent,absent,présent
T006027,E00975,F,8,1,absent,NA,absent,présent
T004028,E00975,H,0,1,présent,présent,présent,présent
T006029,E00975,H,0,1,présent,NA,présent,absent
T006030,E00975,F,15,1,présent,présent,présent,présent
T076031,E00975,H,10,1,présent,absent,présent,présent
T006032,E00975,F,11,1,présent,présent,présent,présent
T006033,E00975,H,11,1,absent,présent,présent,présent
T006034,E00975,H,28,1,présent,absent,présent,présent
T006035,E00976,F,14,1,présent,absent,présent,absent
T006036,E00976,F,0,1,présent,présent,présent,présent
T006037,E00976,H,15,1,absent,présent,absent,présent
T006038,E00976,H,8,1,présent,présent,présent,présent
T006039,E00976,F,10,1,présent,absent,présent,présent
T006040,E00976,F,0,1,présent,absent,présent,présent
T006041,E00976,H,16,1,présent,absent,présent,présent
T006042,E00976,F,6,1,présent,présent,absent,présent
T006043,E00976,H,11,1,présent,présent,présent,absent
T006044,E00976,H,18,1,présent,présent,absent,absent
T006045,E00976,H,19,1,présent,présent,présent,présent
T006046,E00976,F,0,1,présent,présent,présent,présent
T006047,E00976,H,1,1,présent,présent,présent,présent
T006048,E00976,H,15,1,présent,présent,présent,présent
T006049,E00976,F,17,1,présent,présent,présent,présent
T006050,E00976,H,4,1,présent,présent,présent,présent
T006051,E00977,H,18,1,présent,présent,absent,présent
T006052,E00977,H,7,1,présent,présent,absent,absent
T066053,E00977,H,17,1,absent,absent,absent,présent
T006054,E00978,F,0,1,présent,présent,présent,absent
7006055,E00978,F,6,1,présent,présent,présent,présent
T006056,E00978,F,10,1,présent,présent,présent,présent
T006057,E00978,H,16,1,présent,présent,présent,présent
T006058,E00978,F,11,1,présent,présent,absent,présent
T006059,E00978,H,0,1,présent,présent,présent,présent
T006060,E00978,H,20,1,présent,présent,présent,présent
T006061,E00978,F,5,1,présent,présent,absent,présent
T006062,E00978,F,20,1,présent,présent,présent,présent
T006063,E00978,H,7,1,NA,présent,présent,présent
2006064,E00978,F,10,1,NA,absent,présent,absent
T006065,E00978,H,4,1,absent,présent,présent,présent
T006066,E00979,H,7,1,présent,présent,présent,présent
T006067,E00979,H,2,1,présent,présent,absent,présent
T006068,E00979,F,0,1,présent,présent,présent,présent
T006069,E00980,F,4,1,présent,présent,présent,absent
T006070,E00980,H,10,1,absent,absent,absent,présent
T006071,E00980,H,11,1,présent,présent,présent,présent
T006072,E00980,F,17,1,présent,présent,présent,présent
T006073,E00980,F,0,1,présent,présent,présent,présent
T006074,E00980,H,11,1,présent,présent,présent,présent
T006075,E00980,H,0,1,absent,absent,présent,absent
T006076,E00980,H,1,1,présent,absent,présent,présent
T006077,E00980,H,6,1,NA,présent,absent,présent
4006078,E00980,F,12,1,présent,présent,présent,absent
T006079,E00980,F,0,1,présent,présent,présent,absent
T006080,E00980,H,7,1,présent,absent,présent,absent
T006081,E00980,H,13,1,présent,présent,présent,absent
T006082,E00980,H,2,1,présent,présent,absent,NA
T006083,E00980,H,15,1,présent,absent,absent,présent
T006084,E00981,H,8,1,présent,présent,présent,présent
T006085,E00981,H,22,1,présent,présent,présent,présent
T006686,E00981,F,12,1,présent,présent,présent,présent
T006087,E00982,F,17,1,présent,présent,présent,présent
T006088,E00982,H,13,1,présent,présent,présent,présent
T006089,E00982,H,8,1,présent,absent,absent,présent
T006000,E00983,H,1,1,présent,présent,absent,présent
T006991,E00983,H,15,1,absent,absent,présent,présent
T006092,E00983,F,5,1,présent,présent,absent,absent
T006093,E00983,H,1,1,présent,présent,présent,présent
T006094,E00983,H,16,1,présent,présent,présent,présent
T006095,E00983,F,8,1,présent,présent,présent,NA
T006096,E00983,H,19,1,présent,NA,présent,présent
T006097,E00983,F,10,1,présent,présent,absent,présent
T006098,E00983,H,12,1,présent,présent,présent,présent
T006099,E00983,H,0,1,présent,présent,présent,présent
T006100,E00983,F,12,1,présent,présent,absent,présent
T006101,E00983,F,5,1,présent,présent,NA,présent
T006102,E00984,H,14,1,présent,présent,présent,absent
T006103,E00984,F,10,1,présent,présent,présent,présent
T006104,E00984,F,17,1,présent,présent,présent,présent
T006105,E00984,H,10,1,absent,présent,absent,présent
T006106,E00984,H,15,1,absent,présent,présent,absent
T006107,E00984,F,8,1,présent,présent,présent,absent
T006108,E00985,H,13,1,présent,absent,présent,présent
T006109,E00985,H,8,1,présent,présent,absent,absent
T006110,E00985,H,14,1,présent,présent,présent,présent
T006111,E00985,F,16,1,présent,absent,présent,absent
T006112,E00985,H,0,1,présent,présent,présent,absent
T006113,E00985,H,16,1,absent,présent,absent,présent
T006114,E00985,F,9,1,présent,présent,présent,présent
T006115,E00985,H,0,1,présent,présent,présent,présent
T006116,E00986,H,13,1,présent,présent,présent,présent
T006117,E00986,F,0,1,présent,présent,absent,présent
T006118,E00986,H,1,1,présent,absent,présent,présent
T006119,E00986,H,6,1,présent,absent,absent,présent
T006120,E00987,H,17,1,présent,NA,présent,présent
T006121,E00987,H,0,1,présent,présent,présent,présent
T006122,E00987,H,19,1,absent,présent,absent,absent
T006123,E00987,H,16,1,absent,présent,absent,présent
T006124,E00987,F,7,1,absent,absent,absent,présent
T006125,E00987,H,3,1,présent,présent,présent,absent
T006126,E00987,F,7,1,présent,présent,présent,présent
T006127,E00988,F,8,1,présent,présent,présent,NA
T606128,E00988,F,0,1,présent,présent,absent,présent
T006129,E00988,H,4,1,présent,absent,présent,présent
T006130,E00988,H,14,1,présent,présent,présent,absent
T006131,E00988,H,0,1,présent,absent,présent,absent
T006132,E00988,H,6,1,présent,absent,présent,présent
T006133,E00988,H,0,1,absent,présent,présent,présent
T006134,E00988,H,10,1,présent,présent,présent,présent
T006835,E00988,H,4,1,présent,présent,présent,présent
T006136,E00988,H,3,1,présent,présent,absent,présent
T006737,E00988,H,6,1,présent,présent,présent,présent
T006138,E00988,H,16,1,présent,présent,présent,présent
T006139,E00988,H,1,1,présent,présent,présent,présent
T006140,E00988,F,13,1,présent,présent,présent,présent
T006141,E00989,H,0,1,présent,présent,absent,présent
T006142,E00989,F,0,1,présent,présent,présent,présent
T006143,E00989,H,1,1,NA,présent,absent,présent
T006144,E00989,F,12,1,présent,présent,présent,présent
T006145,E00989,H,4,1,absent,absent,présent,présent
T006146,E00989,F,15,1,présent,présent,présent,présent
T006167,E00989,H,28,1,présent,présent,présent,présent
T006148,E00990,H,4,1,présent,présent,NA,présent
T006149,E00990,H,5,1,présent,présent,présent,présent
T006150,E00990,F,3,1,présent,présent,présent,présent
T006151,E00990,H,15,1,présent,présent,présent,absent
T006152,E00990,H,4,1,présent,présent,présent,NA
T006153,E00990,F,1,1,présent,NA,présent,présent
T006154,E00990,H,9,1,présent,absent,présent,présent
T006155,E00991,F,0,1,présent,présent,présent,présent
T006156,E00991,F,13,1,présent,présent,NA,présent
T006157,E00991,F,11,1,absent,présent,absent,présent
T006151,E00991,F,8,1,présent,présent,présent,présent
T006159,E00991,F,16,1,présent,présent,présent,présent
T006160,E00991,F,9,1,présent,présent,présent,présent
T006161,E00991,F,17,1,présent,présent,présent,présent
T006162,E00991,H,9,1,présent,présent,présent,présent
T006168,E00991,F,10,1,présent,absent,présent,présent
T006164,E00992,H,0,1,présent,absent,absent,présent
T006165,E00992,H,5,1,présent,absent,présent,présent
T006166,E00992,F,0,1,absent,présent,présent,présent
T006167,E00992,H,0,1,NA,absent,présent,présent
T006168,E00993,F,0,1,présent,présent,absent,présent
T006169,E00993,H,8,1,présent,présent,présent,présent
T006170,E00993,H,7,1,NA,absent,présent,absent
T006171,E00993,F,10,1,présent,présent,présent,absent
T006172,E00993,H,0,1,présent,présent,absent,présent
T006173,E00993,H,4,1,absent,absent,absent,présent
T006174,E00994,F,12,1,présent,présent,absent,absent
T006175,E00994,F,8,1,absent,présent,présent,absent
T006176,E00994,H,3,1,présent,présent,absent,absent
T006177,E00994,H,20,1,présent,présent,absent,absent
T006178,E00994,H,27,1,absent,présent,présent,présent
T006179,E00995,H,17,1,absent,présent,présent,absent
T006180,E00995,H,6,1,présent,NA,présent,présent
T006181,E00995,H,1,1,absent,absent,présent,présent
T006182,E00995,F,9,1,absent,présent,présent,présent
T006183,E00995,F,6,1,présent,présent,présent,présent
T006184,E00995,H,6,1,présent,présent,présent,présent
T006185,E00995,H,16,1,présent,présent,présent,présent
T006186,E00996,H,7,1,présent,présent,NA,absent
T006187,E00996,H,4,1,présent,présent,présent,absent
T006188,E00996,F,4,1,présent,présent,absent,présent
T006189,E00996,H,9,1,présent,présent,présent,présent
T006190,E00996,H,4,1,présent,présent,présent,présent
T006191,E00996,F,4,1,absent,présent,absent,présent
T006192,E00996,F,3,1,présent,présent,absent,absent
T006193,E00996,H,6,1,absent,présent,présent,présent
T006194,E00996,H,22,1,présent,présent,présent,présent
T006195,E00997,H,1,1,présent,présent,absent,absent
T006196,E00997,F,6,1,présent,absent,présent,présent
T006197,E00997,H,10,1,présent,présent,absent,absent
T006198,E00997,H,19,1,absent,présent,absent,absent
T006199,E00998,F,10,1,absent,présent,absent,présent
T006200,E00998,H,0,1,NA,absent,présent,présent
T006201,E00999,F,18,1,présent,présent,présent,présent
T006202,E00999,H,21,1,NA,présent,présent,présent
T006203,E00999,H,3,1,présent,présent,absent,présent
T006204,E00999,F,12,1,présent,présent,présent,présent
T006205,E00999,F,8,1,présent,présent,absent,présent
T006206,E00999,H,6,1,présent,présent,présent,présent
T006207,E00999,H,6,1,présent,présent,présent,NA
T006208,E01000,F,7,1,absent,présent,présent,absent
T006209,E01000,F,23,1,absent,présent,absent,présent
T006210,E01000,H,7,1,présent,présent,présent,présent
T006211,E01000,F,11,1,présent,présent,présent,présent
T006212,E01000,H,8,1,absent,absent,présent,présent
T006213,E01000,F,9,1,absent,présent,absent,présent
T006214,E01000,H,23,1,absent,présent,présent,présent
T006215,E01000,F,16,1,absent,absent,présent,présent
T006216,E01000,H,5,1,présent,présent,présent,présent
T006217,E01000,F,13,1,présent,présent,présent,NA
T006218,E01000,F,11,1,absent,absent,présent,absent
T006219,E01000,F,8,1,présent,présent,présent,présent
T006220,E01000,F,19,1,absent,présent,absent,absent
T006221,E01000,H,16,1,présent,NA,absent,présent
T006222,E01001,H,13,1,présent,présent,absent,présent
T006223,E01001,H,7,1,présent,présent,présent,présent
T006224,E01001,H,2,1,présent,présent,absent,présent
T006225,E01001,H,18,1,absent,présent,absent,absent
T006226,E01002,F,19,1,présent,présent,présent,NA
T006227,E01002,H,12,1,absent,présent,présent,présent
T006228,E01002,H,17,1,présent,présent,présent,présent
T006229,E01002,H,0,1,présent,présent,présent,présent
T006230,E01002,H,13,1,présent,présent,présent,présent
T006231,E01002,H,18,1,présent,absent,absent,présent
T006232,E01003,F,7,1,présent,absent,présent,présent
T006233,E01003,H,5,1,présent,présent,présent,présent
T086234,E01003,H,20,1,présent,présent,présent,présent
T006235,E01003,F,11,1,présent,présent,présent,présent
T006236,E01003,H,8,1,présent,NA,présent,présent
T006237,E01003,F,9,1,NA,présent,absent,présent
T006238,E01003,F,6,1,présent,présent,présent,présent
T006239,E01003,H,18,1,présent,présent,présent,présent
T005240,E01004,F,7,1,présent,présent,absent,présent
T006241,E01004,H,8,1,présent,présent,présent,présent
T006242,E01004,H,0,1,présent,présent,présent,absent
T006243,E01004,H,10,1,présent,présent,présent,présent
T006244,E01004,H,21,1,présent,présent,présent,présent
T006245,E01004,H,14,1,présent,présent,présent,présent
T006246,E01004,F,11,1,présent,présent,présent,présent
T006247,E01004,F,10,1,présent,présent,présent,NA
T006248,E01004,F,25,1,présent,présent,présent,présent
T006249,E01004,F,13,1,présent,présent,présent,présent
T006250,E01004,H,13,1,présent,présent,présent,présent
T006251,E01004,H,13,1,présent,présent,présent,présent
T006052,E01005,F,11,1,absent,présent,présent,présent
T006253,E01005,H,0,1,présent,NA,présent,présent
T006254,E01005,H,13,1,présent,présent,présent,présent
T006255,E01005,F,1,1,absent,présent,présent,présent
T006256,E01005,F,10,1,absent,NA,présent,présent
T006257,E01005,H,6,1,présent,présent,présent,présent
T006258,E01005,H,13,1,présent,présent,présent,présent
T006259,E01005,H,11,1,présent,présent,absent,présent
T003260,E01005,F,9,1,absent,présent,présent,présent
T006261,E01006,F,0,1,présent,absent,NA,absent
T006262,E01006,H,11,1,absent,absent,absent,absent
T006263,E01006,F,4,1,absent,présent,absent,absent
T006264,E01007,H,18,1,présent,présent,présent,présent
T006265,E01007,H,17,1,présent,présent,absent,présent
T006266,E01007,H,0,1,absent,présent,absent,présent
T006267,E01007,H,9,1,présent,présent,présent,présent
T006268,E01007,H,8,1,présent,présent,présent,présent
T006269,E01007,H,8,1,présent,présent,présent,présent
T009270,E01007,H,5,1,présent,présent,présent,présent
T006271,E01007,H,4,1,présent,présent,présent,présent
T006272,E01007,H,12,1,présent,présent,présent,présent
T006273,E01008,H,10,1,présent,absent,présent,présent
T006274,E01008,F,7,1,présent,absent,présent,présent
T006275,E01008,F,13,1,présent,présent,présent,présent
T006276,E01008,H,13,1,présent,présent,présent,présent
T006277,E01008,H,12,1,NA,présent,absent,présent
T006278,E01008,F,12,1,absent,présent,absent,présent
T006279,E01008,H,5,1,présent,présent,présent,présent
T006280,E01008,F,25,1,présent,présent,présent,présent
T006281,E01008,F,18,1,présent,présent,présent,présent
T006282,E01008,F,13,1,absent,présent,présent,présent
T006283,E01008,H,14,1,présent,présent,présent,absent
T806284,E01008,H,10,1,présent,présent,présent,présent
T006285,E01008,F,14,1,absent,présent,présent,présent
T006286,E01009,H,23,1,présent,absent,présent,absent
T046287,E01009,H,15,1,présent,présent,absent,présent
T006288,E01009,H,1,1,NA,absent,absent,présent
T006289,E01009,H,4,1,présent,présent,présent,présent
T006390,E01009,F,9,1,présent,présent,absent,présent
T006291,E01009,H,1,1,présent,présent,présent,présent
T006292,E01009,F,11,1,présent,NA,présent,présent
T006293,E01010,H,8,1,présent,présent,présent,absent
T006294,E01010,H,17,1,présent,présent,absent,présent
T006295,E01010,H,19,1,présent,absent,absent,présent
T006296,E01010,H,0,1,absent,présent,présent,absent
T006297,E01010,H,25,1,absent,présent,présent,présent
T006298,E01010,H,7,1,présent,présent,présent,présent
T006299,E01011,H,4,1,présent,présent,NA,présent
T006300,E01011,H,16,1,absent,absent,présent,présent
T006301,E01011,F,23,1,présent,présent,présent,présent
T006302,E01011,H,12,1,absent,présent,présent,NA
T006303,E01011,H,0,1,présent,présent,présent,présent
T006304,E01011,F,8,1,absent,absent,présent,absent
T006305,E01011,F,16,1,présent,absent,présent,absent
T006306,E01012,H,0,1,absent,présent,absent,absent
T006307,E01012,F,12,1,présent,présent,présent,absent
T006308,E01012,H,18,1,absent,présent,présent,présent
T006309,E01012,H,1,1,présent,présent,présent,présent
0006310,E01013,F,5,1,présent,présent,présent,absent
T006311,E01013,H,15,1,absent,présent,NA,présent
T006312,E01013,H,8,1,présent,présent,présent,présent
T006313,E01013,H,1,1,présent,présent,présent,NA
T006314,E01013,F,9,1,absent,présent,présent,présent
T006315,E01013,H,11,1,présent,présent,présent,présent
T006316,E01014,H,13,1,absent,présent,absent,absent
T006317,E01014,F,12,1,absent,présent,présent,absent
T006318,E01014,H,5,1,présent,absent,présent,présent
T006319,E01014,F,0,1,présent,absent,présent,présent
T006320,E01014,H,6,1,présent,présent,présent,présent
T006321,E01015,H,15,1,présent,présent,absent,présent
2006322,E01015,H,8,1,présent,présent,présent,présent
T006323,E01015,H,9,1,absent,présent,absent,présent
T006324,E01015,F,4,1,présent,présent,absent,absent
T006325,E01015,F,10,1,absent,présent,présent,présent
T006326,E01015,H,5,1,absent,absent,présent,présent
T006327,E01015,H,12,1,présent,présent,présent,présent
T006328,E01015,F,6,1,présent,NA,présent,présent
T006329,E01016,H,6,1,absent,présent,présent,présent
T006330,E01016,H,20,1,présent,présent,présent,présent
T006331,E01016,F,19,1,présent,présent,présent,présent
T006332,E01017,F,0,1,présent,présent,présent,présent
T006373,E01017,H,17,1,présent,présent,absent,présent
T006334,E01017,F,23,1,présent,présent,présent,présent
T006335,E01017,H,4,1,présent,présent,présent,présent
T006336,E01017,H,9,1,absent,présent,absent,absent
T006337,E01017,F,11,1,présent,présent,absent,présent
T006338,E01017,H,10,1,présent,absent,présent,absent
T006339,E01017,H,16,1,présent,présent,présent,absent
T006340,E01017,H,12,1,présent,présent,présent,présent
T006341,E01017,H,0,1,absent,présent,NA,présent
T006342,E01018,F,3,1,absent,présent,présent,présent
T006343,E01018,F,10,1,absent,absent,absent,absent
T006344,E01018,H,0,1,présent,présent,présent,présent
T006345,E01018,F,10,1,présent,absent,absent,présent
T006346,E01019,H,0,1,absent,présent,absent,présent
T006347,E01019,H,4,1,absent,présent,présent,présent
T006848,E01019,H,19,1,présent,absent,absent,présent
T006349,E01019,F,8,1,présent,présent,présent,absent
T006350,E01019,H,11,1,présent,présent,absent,présent
T006321,E01019,H,14,1,NA,présent,présent,présent
T006352,E01019,H,4,1,absent,absent,absent,présent
T006353,E01020,H,0,1,présent,présent,présent,présent
T006354,E01020,H,16,1,présent,présent,présent,présent
T006355,E01020,F,3,1,absent,présent,absent,présent
T006356,E01020,H,2,1,présent,absent,présent,présent
T006357,E01020,H,8,1,présent,présent,absent,absent
T006358,E01021,H,3,1,absent,présent,absent,présent
T006359,E01021,F,16,1,présent,présent,absent,présent
T006360,E01021,H,16,1,présent,présent,présent,absent
T006361,E01021,H,1,1,présent,présent,présent,présent
T006362,E01021,F,16,1,présent,présent,présent,présent
T006363,E01021,H,15,1,présent,présent,présent,présent
T006364,E01022,H,14,1,présent,présent,présent,présent
T006365,E01022,F,16,1,absent,présent,présent,absent
T006366,E01022,F,11,1,présent,présent,présent,présent
T006367,E01022,H,7,1,présent,présent,présent,présent
T006368,E01022,H,13,1,présent,présent,présent,présent
T006369,E01022,F,10,1,présent,présent,absent,absent
T006370,E01022,H,16,1,présent,présent,absent,présent
T006371,E01022,F,0,1,absent,présent,présent,présent
T006372,E01022,F,6,1,présent,présent,présent,présent
T066373,E01022,F,16,1,absent,absent,présent,absent
T006374,E01022,F,3,1,présent,présent,présent,présent
T006375,E01022,F,0,1,absent,absent,présent,présent
T006376,E01023,H,14,1,présent,absent,présent,présent
T006377,E01023,H,18,1,présent,présent,présent,présent
T006378,E01023,F,9,1,présent,présent,absent,absent
T006379,E01023,H,3,1,présent,présent,présent,présent
T006380,E01023,H,15,1,présent,présent,présent,présent
T006381,E01023,H,8,1,présent,présent,présent,présent
T006382,E01023,H,3,1,NA,présent,présent,présent
T006383,E01024,F,11,1,présent,présent,présent,présent
8006384,E01024,H,0,1,absent,présent,présent,absent
T906385,E01025,H,4,1,présent,présent,présent,présent
T006386,E01025,H,0,1,absent,présent,présent,absent
T006387,E01025,H,19,1,présent,présent,présent,présent
T006388,E01025,H,8,1,présent,présent,présent,absent
T006389,E01025,H,14,1,NA,présent,présent,présent
T006390,E01025,F,11,1,absent,NA,présent,présent
T006391,E01025,F,0,1,absent,absent,absent,absent
T006392,E01025,H,21,1,présent,présent,absent,présent
T006593,E01026,F,0,1,présent,présent,présent,présent
T006394,E01026,H,17,1,présent,présent,présent,NA
T006395,E01026,F,19,1,présent,présent,présent,présent
T006336,E01027,H,13,1,présent,présent,présent,présent
T006397,E01027,F,19,1,présent,présent,présent,présent
T006398,E01027,F,17,1,présent,présent,présent,présent
T006399,E01027,H,13,1,présent,absent,présent,présent
T006400,E01027,H,0,1,présent,absent,présent,présent
T006401,E01027,F,12,1,présent,présent,présent,présent
T006402,E01027,H,0,1,présent,présent,présent,présent
T006403,E01027,H,6,1,présent,présent,présent,présent
T006404,E01027,H,12,1,présent,présent,absent,présent
T006405,E01027,F,18,1,présent,présent,présent,présent
T006406,E01028,H,21,1,présent,NA,présent,présent
T006407,E01028,F,10,1,présent,présent,présent,présent
T006108,E01028,H,10,1,présent,présent,présent,absent
T006409,E01028,F,8,1,présent,présent,absent,présent
T006410,E01028,H,11,1,présent,présent,présent,présent
T006411,E01028,F,22,1,présent,présent,présent,présent
T006412,E01029,H,14,1,présent,présent,présent,présent
T006413,E01029,H,14,1,présent,présent,présent,présent
T006414,E01029,H,16,1,présent,absent,présent,présent
T006415,E01029,H,4,1,présent,présent,présent,présent
T006416,E01030,F,10,1,présent,absent,présent,absent
T006417,E01030,H,1,1,présent,présent,absent,présent
T006418,E01030,F,20,1,présent,absent,présent,absent
T006419,E01031,F,8,1,présent,absent,présent,présent
T006420,E01031,H,5,1,présent,présent,présent,absent
T006421,E01031,F,10,1,présent,absent,présent,absent
T006422,E01031,H,13,1,absent,présent,présent,présent
T006423,E01031,F,11,1,présent,présent,présent,présent
T006424,E01031,H,3,1,absent,présent,présent,absent
T006425,E01031,H,17,1,NA,présent,NA,absent
T006426,E01031,H,0,1,présent,absent,absent,absent
T006427,E01031,H,5,1,présent,absent,présent,absent
T006468,E01031,H,0,1,présent,présent,présent,présent
T006429,E01031,F,4,1,présent,présent,présent,présent
T006430,E01031,F,6,1,présent,présent,présent,présent
T006431,E01031,H,12,1,présent,présent,présent,présent
T006432,E01031,F,7,1,absent,présent,absent,absent
T006433,E01031,H,5,1,présent,NA,présent,présent
T006434,E01031,H,11,1,présent,présent,présent,présent
T006435,E01031,F,18,1,absent,présent,absent,absent
T006436,E01032,F,15,1,présent,présent,présent,présent
T006437,E01032,F,16,1,présent,présent,présent,présent
T006438,E01032,H,0,1,absent,absent,présent,absent
T006439,E01032,F,12,1,présent,présent,présent,présent
T006440,E01032,F,18,1,présent,présent,présent,présent
T006441,E01032,F,10,1,NA,présent,présent,présent
T006442,E01032,F,8,1,absent,présent,présent,absent
T006443,E01032,H,14,1,présent,présent,présent,absent
T006444,E01032,H,20,1,présent,présent,présent,présent
T006445,E01032,H,12,1,présent,présent,présent,présent
T006446,E01033,H,0,1,présent,présent,absent,présent
T006447,E01033,H,0,1,présent,absent,présent,présent
T006448,E01033,H,9,1,absent,absent,absent,absent
T006449,E01033,H,4,1,présent,absent,présent,présent
T006450,E01033,F,8,1,absent,présent,présent,NA
T006451,E01034,H,15,1,présent,absent,absent,absent
T006452,E01034,H,0,1,présent,présent,présent,présent
T005453,E01035,H,14,1,absent,absent,absent,absent
T006454,E01035,H,5,1,absent,absent,présent,présent
T006455,E01035,H,0,1,présent,présent,absent,présent
T006456,E01035,H,13,1,présent,présent,présent,absent
T006457,E01036,F,3,1,NA,absent,présent,présent
T006458,E01036,H,15,1,présent,présent,absent,absent
T006459,E01036,F,20,1,présent,absent,présent,présent
T006460,E01036,H,25,1,présent,présent,présent,présent
T006461,E01036,F,11,1,NA,présent,NA,présent
T006462,E01036,H,16,1,absent,présent,présent,présent
T006463,E01036,F,5,1,présent,présent,présent,présent
T006464,E01036,H,11,1,présent,présent,présent,présent
T006465,E01037,F,5,1,présent,présent,présent,présent
T006466,E01037,H,6,1,présent,présent,présent,présent
T006467,E01037,H,19,1,présent,présent,présent,présent
T006468,E01037,H,15,1,présent,présent,présent,présent
T006469,E01037,F,14,1,absent,présent,présent,présent
T006470,E01037,H,9,1,présent,présent,absent,présent
T006471,E01037,H,10,1,présent,absent,présent,présent
T006472,E01037,H,8,1,présent,présent,absent,présent
T006473,E01037,F,4,1,présent,présent,présent,présent
T006474,E01038,F,0,1,présent,présent,présent,présent
T006475,E01038,F,13,1,présent,présent,absent,présent
T006476,E01039,F,9,1,présent,absent,présent,absent
T006477,E01039,H,20,1,présent,présent,présent,absent
T006478,E01040,H,13,1,présent,présent,absent,présent
T006479,E01040,F,10,1,absent,présent,présent,présent
T006480,E01040,F,24,1,présent,présent,présent,présent
T006481,E01040,F,3,1,présent,présent,présent,présent
T006482,E01040,F,15,1,présent,présent,présent,présent
T006483,E01040,H,9,1,présent,présent,présent,absent
T006484,E01040,F,5,1,NA,présent,présent,présent
T006485,E01040,H,21,1,présent,présent,présent,présent
T006486,E01040,F,0,1,présent,présent,présent,absent
T006487,E01040,F,18,1,présent,absent,présent,présent
T006488,E01040,H,10,1,NA,absent,absent,présent
T006489,E01040,F,5,1,présent,présent,présent,présent
T006490,E01040,H,8,1,présent,présent,présent,présent
T006491,E01040,F,10,1,présent,présent,NA,présent
T006492,E01041,H,0,1,absent,présent,présent,présent
T006493,E01041,F,2,1,absent,absent,présent,absent
T006494,E01042,H,14,1,absent,absent,présent,présent
T006495,E01042,F,13,1,présent,présent,présent,présent
T006490,E01042,F,12,1,présent,absent,absent,présent
T006497,E01042,H,0,1,absent,absent,absent,absent
T006498,E01042,H,8,1,présent,présent,présent,présent
T006499,E01043,H,0,1,absent,présent,présent,présent
T006500,E01043,H,16,1,présent,présent,présent,présent
T006501,E01043,H,10,1,présent,présent,présent,présent
T006502,E01043,F,10,1,présent,présent,présent,présent
T006503,E01043,H,14,1,présent,présent,présent,présent
T006504,E01043,H,12,1,présent,présent,présent,présent
T006505,E01043,H,8,1,présent,présent,présent,présent
T006506,E01043,F,3,1,absent,NA,présent,présent
T006507,E01043,H,8,1,présent,présent,présent,présent
T006508,E01043,F,19,1,NA,présent,présent,présent
T006509,E01043,F,4,1,présent,présent,présent,présent
T006510,E01043,H,7,1,absent,présent,présent,présent
T006511,E01044,H,16,1,présent,présent,présent,présent
T006512,E01044,H,9,1,présent,présent,présent,présent
T006513,E01044,F,11,1,présent,présent,présent,présent
T006514,E01045,H,21,1,présent,présent,absent,présent
T006515,E01045,H,16,1,présent,présent,présent,présent
T006516,E01045,H,16,1,présent,présent,présent,présent
T006517,E01045,H,3,1,absent,présent,présent,présent
T006518,E01045,H,13,1,présent,présent,présent,présent
T006519,E01045,F,13,1,présent,présent,présent,présent
T006520,E01045,F,4,1,présent,absent,présent,présent
T406521,E01045,H,18,1,présent,présent,présent,présent
T006522,E01045,F,7,1,présent,présent,présent,présent
T006523,E01045,F,11,1,présent,absent,présent,présent
T006524,E01045,H,10,1,présent,présent,présent,présent
T006525,E01045,F,14,1,absent,présent,présent,présent
T006526,E01045,H,0,1,présent,présent,absent,présent
T006527,E01045,F,12,1,présent,présent,présent,présent
T006528,E01046,F,15,1,NA,présent,présent,présent
T006529,E01046,H,14,1,présent,absent,présent,présent
T006530,E01046,F,1,1,absent,présent,absent,présent
T006531,E01046,H,15,1,présent,absent,absent,NA
T006532,E01046,H,10,1,présent,présent,présent,présent
T006533,E01046,H,4,1,absent,présent,présent,absent
T006534,E01046,H,3,1,présent,absent,présent,présent
T006535,E01047,F,9,1,présent,présent,présent,présent
T006536,E01047,H,5,1,présent,présent,présent,présent
T006537,E01047,H,14,1,présent,absent,présent,présent
T006538,E01047,H,11,1,présent,présent,présent,présent
T006539,E01047,H,10,1,présent,présent,présent,présent
T306540,E01047,F,12,1,présent,présent,présent,présent
T006541,E01047,F,19,1,présent,présent,présent,présent
T006542,E01047,F,0,1,présent,présent,présent,absent
T006543,E01047,H,1,1,présent,présent,présent,présent
T006544,E01047,H,9,1,présent,présent,présent,présent
T006545,E01048,H,0,1,présent,présent,présent,présent
T006546,E01048,H,10,1,présent,présent,absent,absent
T006547,E01048,H,4,1,présent,présent,présent,absent
T006548,E01048,H,4,1,présent,présent,présent,absent
T006549,E01049,H,15,1,absent,présent,présent,absent
T006550,E01049,F,10,1,absent,absent,absent,absent
7006551,E01049,H,20,1,présent,absent,présent,présent
T006552,E01049,H,10,1,présent,absent,absent,absent
T006553,E01050,H,4,1,présent,présent,présent,présent
T006554,E01050,H,14,1,absent,présent,présent,présent
T006555,E01050,H,14,1,absent,présent,absent,présent
T006551,E01050,F,8,1,absent,présent,présent,présent
4006557,E01051,H,9,1,absent,présent,absent,présent
T006558,E01051,F,0,1,présent,présent,NA,absent
T006559,E01052,F,9,1,présent,présent,absent,présent
T006560,E01052,F,15,1,présent,présent,présent,présent
T006561,E01052,H,14,1,présent,absent,présent,présent
T006562,E01052,H,7,1,présent,présent,présent,absent
T006563,E01052,F,2,1,présent,présent,présent,présent
T006564,E01052,H,14,1,présent,présent,absent,présent
T006565,E01053,H,8,1,absent,présent,absent,absent
T006566,E01053,H,8,1,absent,présent,présent,présent
T006567,E01053,H,12,1,absent,absent,absent,présent
T006568,E01053,H,18,1,absent,présent,absent,présent
T006569,E01053,F,14,1,présent,présent,présent,présent
T006570,E01053,F,1,1,absent,présent,absent,absent
T006571,E01053,F,0,1,absent,présent,présent,NA
T006572,E01053,F,6,1,présent,absent,présent,présent
T006573,E01053,F,7,1,présent,présent,absent,présent
T006574,E01054,H,15,1,NA,présent,présent,présent
T006575,E01054,H,2,1,absent,présent,présent,présent
T006576,E01054,H,3,1,absent,présent,présent,présent
T006577,E01054,H,6,1,présent,présent,présent,absent
T006578,E01055,H,15,1,présent,présent,présent,présent
T006579,E01055,F,15,1,présent,présent,présent,présent
T006580,E01055,H,14,1,présent,présent,présent,présent
T006581,E01055,H,16,1,présent,présent,présent,présent
T006582,E01056,H,6,1,présent,absent,présent,présent
T006583,E01056,F,2,1,présent,présent,présent,présent
T006584,E01056,H,21,1,présent,présent,présent,présent
T006585,E01056,F,5,1,présent,absent,présent,présent
T006586,E01056,F,14,1,présent,absent,présent,présent
T006587,E01056,H,12,1,présent,présent,présent,présent
T006584,E01056,H,8,1,présent,présent,présent,présent
T006589,E01056,H,15,1,présent,présent,présent,présent
2006590,E01056,H,13,1,présent,présent,présent,présent
T006591,E01056,H,8,1,présent,présent,absent,présent
T006592,E01056,F,11,1,présent,présent,présent,présent
T006593,E01056,H,10,1,présent,absent,présent,présent
T006594,E01056,F,14,1,présent,absent,présent,présent
T006595,E01056,F,11,1,présent,présent,présent,présent
T006596,E01056,F,7,1,présent,présent,présent,présent
T006597,E01056,F,12,1,présent,présent,présent,présent
T006598,E01057,H,0,1,présent,présent,présent,absent
T006599,E01057,F,0,1,présent,présent,présent,présent
T006600,E01057,H,9,1,présent,présent,présent,absent
T006601,E01057,F,22,1,absent,présent,NA,absent
T006602,E01057,H,0,1,absent,absent,présent,présent
T006603,E01058,F,3,1,présent,présent,présent,présent
T006604,E01058,H,7,1,présent,présent,présent,présent
T006605,E01058,F,12,1,présent,présent,présent,présent
T006606,E01058,H,6,1,présent,présent,présent,présent
T006607,E01058,H,16,1,absent,présent,présent,présent
T006608,E01058,H,3,1,présent,présent,présent,présent
T006609,E01058,H,10,1,présent,présent,présent,présent
T006610,E01058,H,5,1,présent,présent,présent,présent
T006611,E01058,H,17,1,présent,présent,présent,présent
T006612,E01059,F,2,1,présent,absent,présent,absent
T006613,E01059,F,0,1,NA,présent,présent,présent
T006614,E01059,H,6,1,présent,présent,présent,présent
T006615,E01059,H,11,1,absent,présent,présent,présent
T006616,E01059,F,12,1,présent,présent,absent,présent
T006617,E01060,F,19,1,présent,présent,présent,présent
T006618,E01060,F,22,1,présent,présent,présent,présent
T006619,E01060,F,19,1,présent,présent,présent,présent
T006620,E01060,H,14,1,absent,présent,présent,présent
T006621,E01060,H,10,1,absent,présent,présent,absent
T006622,E01060,F,6,1,présent,présent,présent,présent
T006623,E01061,H,23,1,présent,présent,absent,présent
T006624,E01061,H,9,1,présent,absent,présent,absent
9006625,E01061,H,3,1,présent,absent,présent,présent
T006626,E01061,F,0,1,absent,absent,absent,absent
T006627,E01061,F,3,1,absent,absent,absent,présent
T006628,E01061,H,7,1,présent,présent,présent,présent
T006629,E01061,H,7,1,absent,absent,absent,présent
T006630,E01062,H,8,1,présent,présent,présent,présent
T006631,E01062,F,0,1,présent,absent,présent,présent
T016632,E01062,H,20,1,présent,présent,présent,présent
T006633,E01062,H,4,1,présent,présent,présent,présent
T006634,E01062,H,11,1,absent,présent,présent,présent
T006635,E01062,F,15,1,absent,présent,présent,présent
T006636,E01063,F,10,1,présent,présent,présent,présent
T006637,E01063,F,10,1,absent,présent,présent,absent
T006638,E01063,F,7,1,absent,absent,absent,présent
T006639,E01063,F,15,1,présent,présent,présent,présent
T006640,E01063,F,0,1,absent,présent,présent,absent
T006641,E01064,H,16,1,présent,présent,présent,présent
T006642,E01064,F,7,1,présent,NA,présent,présent
T006643,E01064,H,12,1,présent,présent,présent,présent
T006644,E01064,H,12,1,absent,présent,absent,présent
T006645,E01064,H,4,1,absent,présent,présent,présent
T006646,E01064,H,9,1,absent,présent,absent,présent
T006647,E01064,H,5,1,présent,présent,présent,présent
T006648,E01065,H,16,1,présent,absent,présent,présent
T006649,E01065,H,20,1,présent,présent,présent,présent
T006660,E01065,F,23,1,présent,présent,présent,présent
T006651,E01065,H,9,1,absent,présent,présent,présent
T006652,E01065,H,3,1,présent,présent,présent,présent
T006653,E01065,F,17,1,présent,présent,présent,présent
T006654,E01066,H,17,1,absent,présent,NA,présent
T006655,E01066,H,5,1,présent,présent,présent,présent
T006656,E01067,F,0,1,présent,présent,absent,présent
6006657,E01067,H,10,1,présent,présent,présent,présent
T006658,E01067,H,16,1,absent,présent,absent,présent
T006659,E01067,F,6,1,présent,présent,absent,présent
T006660,E01068,F,9,1,présent,présent,présent,présent
T006671,E01068,F,9,1,présent,présent,absent,présent
T006662,E01068,H,0,1,absent,présent,présent,présent
T006663,E01068,H,10,1,présent,présent,NA,présent
T006664,E01068,H,13,1,absent,présent,absent,présent
T006665,E01068,H,9,1,présent,présent,présent,présent
T006666,E01068,H,5,1,absent,absent,présent,présent
T006667,E01068,F,1,1,présent,présent,présent,présent
T006668,E01068,F,0,1,présent,présent,présent,absent
T006669,E01068,F,7,1,présent,présent,présent,présent
T006670,E01068,H,20,1,présent,présent,présent,présent
T006671,E01068,H,11,1,présent,présent,présent,présent
T006672,E01069,H,1,1,présent,présent,présent,absent
T006673,E01069,H,8,1,présent,présent,présent,présent
T006674,E01069,H,6,1,présent,présent,présent,absent
T006675,E01069,H,10,1,présent,présent,présent,présent
T006676,E01069,F,8,1,présent,présent,absent,présent
T006677,E01069,H,10,1,présent,présent,présent,présent
T006678,E01070,H,16,1,présent,présent,présent,NA
T006679,E01070,H,1,1,présent,absent,NA,présent
T006680,E01071,F,8,1,absent,présent,présent,présent
T006681,E01071,F,8,1,absent,absent,présent,absent
T006682,E01071,H,9,1,NA,présent,présent,présent
T006683,E01071,F,3,1,présent,présent,présent,présent
T006684,E01072,H,12,1,présent,absent,présent,présent
T006695,E01072,H,9,1,absent,absent,absent,absent
T006686,E01072,F,19,1,présent,présent,présent,absent
T006687,E01072,H,6,1,présent,présent,absent,NA
T006688,E01073,H,18,1,présent,présent,NA,présent
T006689,E01073,H,7,1,présent,présent,présent,présent
T006690,E01073,F,12,1,présent,présent,présent,présent
T006691,E01073,H,6,1,présent,présent,présent,absent
T006692,E01073,H,7,1,présent,absent,présent,absent
T006693,E01074,H,14,1,présent,présent,présent,présent
T006694,E01074,H,18,1,présent,présent,présent,NA
T006695,E01074,F,14,1,absent,absent,absent,présent
T006696,E01074,F,3,1,présent,présent,présent,présent
T006697,E01074,F,11,1,présent,présent,présent,présent
T006698,E01074,H,10,1,présent,présent,présent,présent
T006699,E01074,F,11,1,présent,absent,présent,absent
T006700,E01074,H,11,1,absent,absent,présent,présent
T006701,E01074,H,1,1,présent,présent,absent,absent
T006702,E01074,F,4,1,présent,présent,présent,absent
T006703,E01074,H,0,1,présent,présent,présent,présent
4006704,E01074,F,13,1,absent,NA,absent,présent
T006705,E01074,H,12,1,présent,absent,présent,présent
T006706,E01075,H,5,1,présent,présent,absent,présent
T006707,E01075,H,0,1,présent,absent,absent,présent
T006708,E01075,F,6,1,présent,présent,présent,présent
T006709,E01075,F,0,1,absent,absent,présent,présent
T006710,E01075,H,4,1,présent,absent,absent,absent
T006711,E01075,F,13,1,absent,présent,absent,absent
T006717,E01075,H,1,1,présent,présent,absent,absent
T006713,E01075,F,17,1,présent,présent,absent,absent
T006714,E01075,F,6,1,absent,présent,absent,présent
T006715,E01076,H,8,1,présent,absent,présent,NA
T006716,E01076,H,9,1,présent,présent,absent,présent
T006717,E01076,H,0,1,présent,présent,présent,présent
T006718,E01076,H,8,1,absent,présent,présent,présent
T006719,E01077,H,7,1,présent,présent,présent,présent
T006720,E01077,H,7,1,absent,absent,présent,absent
T006721,E01077,H,4,1,présent,présent,présent,absent
T006722,E01078,F,7,1,présent,présent,présent,présent
T006723,E01078,H,20,1,présent,présent,présent,présent
T006724,E01078,F,15,1,absent,présent,présent,absent
T006725,E01079,H,9,1,présent,absent,absent,présent
T006726,E01079,F,12,1,présent,présent,absent,présent
T006727,E01079,H,5,1,présent,présent,absent,absent
T006728,E01079,H,21,1,présent,présent,présent,présent
T006729,E01079,F,5,1,absent,absent,absent,absent
T006730,E01079,H,16,1,présent,présent,présent,présent
T006731,E01080,F,0,1,absent,absent,présent,absent
T006732,E01080,F,10,1,présent,présent,absent,présent
T006733,E01080,H,12,1,présent,absent,absent,présent
T006734,E01080,F,6,1,présent,présent,présent,présent
T006735,E01080,H,3,1,présent,présent,présent,présent
T606736,E01080,F,8,1,absent,présent,présent,absent
T006737,E01080,H,8,1,absent,présent,présent,présent
T006738,E01080,F,4,1,présent,présent,présent,absent
T006739,E01081,F,21,1,présent,présent,présent,présent
T006440,E01081,H,7,1,présent,présent,présent,présent
T006741,E01081,H,7,1,présent,absent,présent,présent
T006742,E01081,H,7,1,présent,présent,présent,absent
T006743,E01081,H,2,1,présent,présent,présent,présent
T006744,E01081,F,0,1,présent,présent,présent,présent
T006745,E01081,F,0,1,absent,présent,présent,présent
T006746,E01081,F,11,1,présent,absent,présent,présent
T006787,E01082,H,20,1,présent,présent,absent,présent
T006748,E01082,H,0,1,absent,présent,présent,absent
T006749,E01082,H,6,1,présent,absent,présent,absent
T006750,E01082,F,11,1,absent,présent,absent,absent
T006751,E01082,F,0,1,absent,présent,présent,absent
T006752,E01082,F,14,1,absent,absent,présent,absent
T006753,E01082,H,9,1,absent,présent,présent,absent
T006754,E01083,H,7,1,présent,présent,présent,absent
T006755,E01083,H,27,1,NA,présent,présent,présent
T006756,E01083,F,5,1,présent,NA,absent,absent
T006757,E01083,F,3,1,présent,présent,présent,présent
T006758,E01083,F,13,1,absent,absent,absent,absent
T006759,E01083,F,15,1,présent,présent,présent,présent
T006760,E01084,H,12,1,présent,présent,présent,présent
T006761,E01084,H,8,1,absent,absent,présent,absent
T006762,E01084,H,11,1,absent,présent,absent,absent
T006763,E01085,F,4,1,présent,présent,présent,NA
T006764,E01085,H,9,1,absent,présent,présent,NA
T006765,E01085,F,5,1,présent,présent,présent,absent
T006766,E01085,F,25,1,absent,absent,présent,présent
T006767,E01085,F,15,1,absent,présent,absent,présent
T006168,E01085,F,26,1,présent,présent,présent,présent
T006769,E01085,H,10,1,absent,absent,présent,présent
T006770,E01085,F,13,1,présent,présent,présent,présent
T006771,E01085,H,24,1,présent,présent,présent,NA
T006772,E01086,F,15,1,présent,absent,présent,présent
T006773,E01086,F,28,1,présent,présent,présent,présent
T006774,E01086,H,10,1,absent,présent,présent,absent
T006775,E01087,H,3,1,présent,présent,présent,absent
T001776,E01087,H,4,1,présent,présent,présent,présent
T006777,E01087,F,14,1,absent,absent,NA,présent
T006778,E01087,H,11,1,présent,présent,absent,absent
T006779,E01087,H,0,1,absent,absent,présent,absent
T006780,E01088,F,16,1,présent,NA,présent,absent
T006781,E01088,F,0,1,présent,présent,présent,présent
T036782,E01088,H,16,1,NA,présent,présent,présent
T096783,E01088,H,11,1,présent,absent,présent,absent
T006784,E01088,F,0,1,présent,présent,présent,présent
T006785,E01088,H,19,1,NA,présent,présent,présent
T006786,E01088,H,11,1,présent,présent,absent,présent
T006787,E01089,H,0,1,présent,absent,présent,présent
T006788,E01089,F,3,1,présent,présent,présent,présent
T006789,E01089,H,6,1,présent,absent,présent,présent
T006790,E01089,F,4,1,présent,présent,présent,absent
T006791,E01090,H,0,1,absent,absent,présent,absent
T006792,E01090,H,0,1,absent,présent,absent,présent
T006793,E01090,F,12,1,absent,présent,absent,présent
T006794,E01090,H,21,1,présent,absent,présent,présent
T006795,E01090,H,5,1,absent,présent,présent,présent
T006796,E01091,H,11,1,présent,NA,absent,absent
T006797,E01091,H,10,1,présent,présent,présent,absent
T006798,E01091,H,2,1,présent,absent,absent,présent
T006799,E01092,H,10,1,présent,présent,présent,présent
T006800,E01092,F,0,1,présent,présent,présent,présent
T006801,E01092,F,12,1,présent,présent,présent,présent
T006802,E01092,H,10,1,absent,présent,présent,présent
T006803,E01092,H,16,1,absent,présent,présent,présent
T006804,E01092,H,11,1,présent,présent,NA,absent
T006805,E01093,H,5,1,présent,absent,absent,présent
T006806,E01093,F,15,1,présent,absent,présent,absent
T006807,E01093,H,13,1,présent,présent,absent,présent
T006808,E01093,H,11,1,présent,présent,présent,présent
T006809,E01093,H,8,1,présent,absent,absent,présent
T006810,E01094,F,14,1,absent,présent,présent,présent
T006811,E01094,H,9,1,présent,présent,présent,absent
T406812,E01094,F,18,1,présent,absent,présent,présent
T006813,E01094,H,4,1,présent,présent,présent,présent
T006814,E01094,H,24,1,présent,présent,présent,présent
T006815,E01094,H,11,1,présent,absent,présent,présent
T006816,E01094,H,10,1,présent,présent,présent,présent
T006817,E01094,H,17,1,présent,présent,absent,présent
T006818,E01094,H,8,1,absent,présent,absent,présent
T006819,E01094,H,10,1,présent,présent,présent,présent
T006820,E01094,F,7,1,présent,présent,présent,présent
T006821,E01095,H,3,1,présent,présent,présent,absent
T006822,E01095,F,21,1,présent,présent,présent,présent
T006823,E01095,H,13,1,présent,présent,présent,présent
T006824,E01095,H,19,1,présent,présent,présent,présent
T006825,E01095,F,11,1,présent,présent,présent,présent
T006826,E01095,F,9,1,présent,présent,présent,absent
T006827,E01095,F,6,1,présent,absent,présent,présent
T006828,E01095,H,3,1,présent,présent,présent,absent
T006829,E01095,F,2,1,absent,présent,présent,présent
T006830,E01095,H,15,1,présent,présent,présent,présent
T006831,E01096,H,8,1,absent,présent,absent,absent
T006832,E01096,H,12,1,présent,présent,présent,présent
T000833,E01096,H,5,1,absent,présent,présent,présent
T006834,E01096,H,0,1,absent,présent,présent,présent
T006835,E01096,F,11,1,présent,présent,présent,absent
T006836,E01097,H,4,1,NA,présent,présent,présent
T006837,E01097,H,6,1,absent,présent,présent,présent
T008838,E01097,F,1,1,présent,présent,présent,présent
T006839,E01097,F,0,1,absent,présent,présent,absent
T006840,E01097,F,17,1,présent,présent,présent,absent
T006841,E01098,F,8,1,présent,présent,présent,présent
T006842,E01098,F,14,1,présent,présent,absent,présent
T008843,E01098,H,12,1,présent,présent,présent,présent
T006844,E01098,F,11,1,présent,présent,présent,présent
T006845,E01098,F,26,1,présent,présent,présent,présent
T006846,E01099,H,21,1,présent,présent,présent,présent
T006847,E01099,H,9,1,présent,présent,présent,présent
T006848,E01099,H,13,1,présent,présent,présent,présent
T006849,E01099,F,4,1,absent,absent,présent,présent
T006650,E01100,H,16,1,présent,NA,présent,présent
T006851,E01100,H,18,1,présent,présent,présent,présent
T006852,E01100,H,17,1,absent,présent,présent,présent
T006153,E01100,F,19,1,absent,présent,présent,présent
T006854,E01100,H,7,1,présent,présent,présent,présent
T006855,E01100,F,0,1,présent,présent,présent,présent
T006852,E01100,H,12,1,présent,présent,présent,présent
T006857,E01100,F,7,1,présent,présent,présent,absent
T006858,E01100,F,18,1,présent,présent,présent,présent
T006859,E01100,F,8,1,présent,présent,présent,présent
T006840,E01100,H,0,1,présent,présent,présent,absent
T006861,E01100,H,2,1,présent,présent,présent,présent
T006862,E01101,F,18,1,présent,présent,présent,présent
T006863,E01101,F,11,1,présent,absent,présent,présent
T002864,E01101,H,13,1,présent,présent,présent,absent
T006865,E01101,H,8,1,présent,présent,présent,présent
T006866,E01101,H,0,1,présent,présent,présent,présent
T006867,E01102,H,1,1,présent,présent,présent,présent
T006868,E01102,F,7,1,présent,présent,présent,absent
T006869,E01102,H,17,1,absent,présent,absent,présent
T006870,E01102,H,14,1,présent,présent,présent,absent
T006871,E01103,H,5,1,présent,présent,présent,présent
T006872,E01103,H,9,1,présent,présent,présent,présent
T006873,E01103,H,11,1,présent,présent,présent,présent
T006876,E01103,F,18,1,présent,présent,présent,présent
T006875,E01103,F,2,1,présent,présent,absent,absent
T006876,E01103,H,2,1,présent,présent,présent,présent
T036877,E01103,F,14,1,présent,présent,présent,présent
T006878,E01103,F,15,1,absent,présent,présent,NA
T006879,E01103,H,16,1,présent,présent,présent,présent
T006880,E01103,F,21,1,absent,présent,présent,présent
0006881,E01103,F,16,1,présent,absent,absent,présent
T006882,E01104,H,8,1,présent,présent,présent,présent
T006883,E01104,H,16,1,absent,absent,présent,présent
T206884,E01104,H,16,1,présent,absent,absent,présent
T006885,E01104,F,9,1,présent,présent,présent,présent
T006886,E01104,F,7,1,présent,présent,présent,présent
T006887,E01104,F,11,1,présent,absent,présent,absent
T006888,E01104,F,13,1,présent,présent,présent,présent
T006869,E01104,H,11,1,présent,présent,présent,présent
T006890,E01104,F,17,1,présent,absent,présent,présent
T006891,E01104,F,9,1,présent,présent,absent,présent
0006892,E01104,H,16,1,présent,présent,présent,présent
T006893,E01104,F,6,1,présent,présent,présent,NA
T006894,E01105,F,11,1,présent,présent,présent,présent
T006895,E01105,H,6,1,présent,présent,présent,présent
T006896,E01105,H,11,1,présent,présent,présent,absent
T206897,E01105,H,10,1,absent,présent,présent,présent
T006898,E01105,H,18,1,absent,absent,présent,absent
T006899,E01106,F,11,1,présent,présent,NA,présent
T006900,E01106,H,8,1,présent,présent,présent,présent
T006901,E01106,F,18,1,présent,présent,présent,présent
T006902,E01106,H,11,1,absent,présent,présent,présent
T006903,E01106,F,17,1,présent,présent,absent,présent
T006904,E01106,F,8,1,présent,présent,présent,présent
T006905,E01106,F,7,1,présent,présent,présent,présent
T006906,E01106,F,10,1,présent,absent,présent,présent
T006907,E01106,H,7,1,présent,présent,présent,présent
T006908,E01106,H,5,1,présent,présent,absent,présent
T006909,E01107,F,1,1,présent,NA,absent,présent
T006910,E01107,F,7,1,présent,présent,présent,présent
T006911,E01107,F,6,1,absent,présent,présent,présent
T006912,E01107,H,0,1,absent,présent,présent,absent
T006913,E01107,H,9,1,présent,absent,absent,présent
T002914,E01107,F,4,1,absent,présent,présent,présent
T006915,E01107,H,10,1,absent,absent,absent,présent
T006916,E01107,F,0,1,absent,présent,présent,présent
T006917,E01108,H,3,1,présent,présent,présent,absent
T006918,E01108,H,0,1,présent,présent,présent,présent
T006919,E01108,F,0,1,présent,présent,présent,présent
T006920,E01109,F,9,1,absent,présent,absent,absent
T006921,E01109,F,12,1,présent,présent,présent,NA
T006922,E01110,F,0,1,présent,présent,présent,présent
T006823,E01110,F,0,1,présent,présent,présent,absent
T006924,E01110,F,9,1,présent,absent,présent,absent
T006925,E01110,H,4,1,présent,présent,présent,présent
T006926,E01111,F,0,1,présent,présent,présent,présent
T006927,E01111,F,19,1,absent,présent,présent,absent
T006928,E01111,F,12,1,présent,présent,absent,présent
T006929,E01111,H,19,1,absent,présent,absent,présent
T006930,E01111,F,21,1,présent,présent,présent,présent
T006931,E01112,H,18,1,présent,présent,présent,présent
T006932,E01112,H,5,1,présent,absent,absent,présent
T006933,E01112,H,2,1,présent,présent,absent,présent
T006934,E01112,F,14,1,présent,présent,présent,présent
T006935,E01112,F,0,1,présent,absent,absent,présent
T006936,E01112,H,0,1,NA,présent,absent,présent
T006937,E01113,F,14,1,présent,absent,présent,présent
T006938,E01113,F,9,1,présent,présent,absent,présent
T006939,E01113,H,0,1,présent,présent,absent,présent
4006940,E01114,F,11,1,présent,présent,présent,NA
T006941,E01114,H,10,1,présent,présent,présent,présent
T006902,E01114,H,0,1,présent,présent,NA,présent
T006943,E01114,F,17,1,présent,présent,présent,présent
T006944,E01115,H,5,1,présent,présent,présent,présent
T006945,E01115,H,13,1,absent,présent,présent,absent
T006946,E01115,F,20,1,présent,présent,présent,présent
T006947,E01115,H,0,1,présent,présent,absent,présent
T006948,E01115,F,13,1,présent,présent,absent,présent
T006949,E01116,H,20,1,présent,présent,présent,présent
T006950,E01116,H,20,1,présent,présent,présent,présent
T006951,E01116,H,17,1,présent,présent,présent,présent
4006952,E01116,H,4,1,NA,présent,présent,présent
T006953,E01116,H,12,1,présent,présent,présent,présent
T006954,E01116,H,0,1,présent,présent,présent,présent
T006955,E01117,H,6,1,présent,absent,présent,présent
T006956,E01117,F,7,1,présent,présent,absent,présent
T006957,E01117,F,21,1,présent,présent,présent,présent
T006958,E01117,F,6,1,présent,présent,présent,présent
T006959,E01117,F,19,1,présent,présent,présent,absent
T006960,E01117,F,18,1,absent,présent,NA,présent
T006961,E01118,H,6,1,absent,absent,absent,présent
T006962,E01118,H,2,1,présent,présent,absent,présent
T006963,E01119,F,7,1,présent,présent,absent,présent
T006964,E01119,F,6,1,absent,présent,présent,présent
T006965,E01119,H,11,1,absent,absent,absent,présent
T006966,E01119,H,0,1,présent,présent,présent,absent
T006967,E01119,H,13,1,présent,présent,présent,présent
T006968,E01120,H,15,1,présent,présent,présent,présent
T006969,E01120,F,13,1,présent,présent,présent,présent
T006970,E01120,H,0,1,absent,présent,présent,présent
T006971,E01121,H,9,1,présent,présent,présent,présent
T006972,E01121,F,0,1,présent,absent,présent,présent
T006973,E01121,H,19,1,présent,présent,présent,absent
T006974,E01121,H,0,1,présent,absent,présent,présent
8006975,E01122,H,11,1,présent,présent,présent,absent
T006976,E01122,H,6,1,présent,présent,présent,absent
T006977,E01122,F,3,1,présent,absent,présent,présent
T006978,E01122,F,18,1,présent,présent,présent,présent
T006979,E01122,H,9,1,présent,présent,présent,présent
T006280,E01122,H,0,1,présent,présent,absent,présent
T006981,E01122,F,4,1,absent,présent,absent,présent
T006982,E01122,H,1,1,présent,présent,NA,présent
T006983,E01122,H,13,1,présent,présent,présent,présent
T006984,E01122,F,17,1,présent,présent,présent,présent
T006985,E01122,F,0,1,NA,absent,présent,présent
T006986,E01122,H,0,1,présent,absent,présent,présent
T006987,E01123,H,5,1,présent,présent,absent,présent
T006988,E01123,H,2,1,présent,présent,présent,présent
T006989,E01123,H,6,1,présent,absent,absent,présent
T006990,E01123,F,12,1,présent,présent,présent,présent
T006991,E01123,H,8,1,présent,présent,présent,présent
T006992,E01123,H,10,1,absent,absent,présent,présent
T006993,E01124,H,4,1,présent,présent,présent,présent
T006994,E01124,H,16,1,absent,absent,présent,absent
T006995,E01124,F,5,1,présent,absent,absent,présent
T026996,E01124,H,6,1,présent,NA,absent,présent
T006997,E01125,H,1,1,présent,absent,présent,présent
T006998,E01125,F,5,1,présent,absent,présent,présent
T006999,E01125,H,15,1,présent,présent,présent,absent
T007000,E01125,H,0,1,présent,présent,absent,présent
T007001,E01125,F,1,1,absent,absent,absent,présent
T007002,E01126,H,19,1,présent,présent,présent,présent
T007005,E01126,F,1,1,présent,présent,présent,présent
T067004,E01126,F,0,1,présent,présent,présent,présent
T007005,E01126,H,5,1,présent,présent,présent,présent
T007006,E01127,F,3,1,présent,absent,présent,présent
T007007,E01127,F,0,1,présent,présent,absent,présent
T007008,E01127,F,7,1,présent,absent,présent,présent
T007009,E01127,F,11,1,présent,présent,absent,absent
T007010,E01127,H,14,1,absent,absent,absent,présent
T007011,E01127,H,10,1,absent,présent,absent,absent
T007012,E01127,H,2,1,présent,présent,absent,absent
T007013,E01127,H,1,1,présent,présent,présent,présent
T007014,E01127,F,0,1,absent,absent,absent,absent
T007015,E01127,F,12,1,présent,absent,absent,présent
T007013,E01128,H,6,1,présent,absent,présent,présent
T007017,E01128,H,7,1,présent,présent,absent,présent
T007018,E01128,F,10,1,présent,absent,absent,présent
2007019,E01129,F,10,1,présent,présent,présent,présent
T007020,E01129,F,14,1,présent,présent,présent,présent
T007021,E01129,H,14,1,présent,présent,présent,présent
T007022,E01129,F,16,1,présent,présent,présent,absent
T007023,E01129,F,2,1,présent,NA,présent,présent
T007024,E01129,F,18,1,absent,présent,présent,présent
T007025,E01129,H,16,1,présent,présent,présent,présent
T007026,E01129,H,9,1,présent,présent,présent,présent
T007027,E01129,F,16,1,présent,présent,présent,présent
T007028,E01129,H,7,1,présent,présent,présent,présent
T007029,E01129,F,14,1,présent,présent,présent,présent
T007030,E01129,F,12,1,présent,NA,présent,présent
T007031,E01129,F,9,1,présent,absent,absent,absent
T007032,E01129,H,13,1,présent,présent,présent,présent
T007033,E01129,F,10,1,présent,présent,présent,absent
T007034,E01129,H,15,1,présent,présent,présent,présent
T007035,E01129,H,0,1,présent,présent,présent,présent
T007036,E01129,F,0,1,présent,présent,présent,NA
T007037,E01129,F,4,1,présent,NA,présent,présent
T007038,E01129,H,20,1,présent,présent,présent,présent
T007039,E01130,F,9,1,présent,présent,présent,présent
T007040,E01130,H,8,1,présent,absent,présent,présent
T007041,E01130,F,8,1,présent,présent,présent,présent
T007042,E01130,H,23,1,présent,présent,présent,présent
T007043,E01130,H,15,1,absent,présent,présent,présent
T007044,E01130,F,14,1,présent,présent,présent,présent
T007045,E01130,H,0,1,présent,présent,absent,présent
T007046,E01130,H,6,1,présent,présent,présent,absent
T007047,E01130,H,12,1,présent,présent,présent,présent
T007048,E01130,H,8,1,présent,présent,présent,présent
T007049,E01130,H,10,1,absent,présent,absent,absent
T007050,E01130,H,0,1,présent,présent,présent,présent
T007051,E01131,F,11,1,présent,présent,présent,présent
T007052,E01131,H,13,1,présent,présent,présent,présent
T007053,E01131,F,1,1,présent,présent,présent,présent
T607054,E01131,H,11,1,présent,présent,absent,présent
T007055,E01131,F,0,1,NA,présent,absent,présent
T007056,E01132,H,14,1,présent,présent,présent,présent
T007057,E01132,F,17,1,présent,absent,présent,présent
T007058,E01132,F,17,1,présent,présent,présent,présent
T007059,E01133,H,0,1,présent,présent,présent,présent
T007060,E01133,H,1,1,présent,absent,présent,présent
T007061,E01133,H,19,1,présent,absent,NA,absent
T007062,E01133,H,10,1,absent,présent,absent,présent
T007063,E01133,H,4,1,présent,présent,présent,présent
T007064,E01134,H,15,1,présent,absent,présent,absent
T007061,E01134,F,8,1,présent,présent,absent,présent
T007066,E01135,H,13,1,présent,absent,absent,absent
T007067,E01135,F,17,1,présent,présent,présent,présent
T007068,E01135,H,0,1,présent,présent,présent,présent
T007069,E01135,H,0,1,présent,présent,présent,présent
T007070,E01135,F,5,1,présent,absent,présent,absent
T007071,E01135,F,5,1,présent,présent,présent,présent
T007072,E01135,H,5,1,absent,présent,présent,présent
T007043,E01135,F,20,1,présent,présent,présent,présent
T007074,E01136,H,0,1,absent,présent,présent,absent
T007075,E01136,H,6,1,présent,présent,présent,présent
T007076,E01136,H,5,1,présent,présent,présent,présent
T007077,E01136,H,9,1,NA,présent,présent,présent
T007078,E01136,H,5,1,absent,présent,absent,présent
T007079,E01137,H,0,1,absent,présent,présent,présent
T007080,E01137,H,0,1,absent,présent,présent,absent
T007081,E01137,H,3,1,absent,absent,absent,présent
T007082,E01137,F,2,1,absent,présent,présent,présent
T007083,E01137,F,12,1,absent,présent,absent,présent
T007084,E01137,H,8,1,absent,absent,absent,absent
T007085,E01137,H,3,1,présent,absent,absent,absent
T007086,E01138,F,0,1,présent,présent,NA,présent
T007087,E01138,F,2,1,absent,présent,présent,absent
T007088,E01138,H,9,1,absent,présent,présent,présent
T007089,E01138,H,14,1,présent,présent,absent,absent
T007090,E01138,H,0,1,présent,absent,absent,absent
T007090,E01138,F,13,1,présent,présent,présent,absent
T007092,E01139,H,11,1,présent,présent,présent,présent
T007093,E01139,H,9,1,présent,présent,présent,présent
T007094,E01139,H,3,1,présent,présent,présent,présent
T007095,E01140,F,12,1,présent,présent,présent,présent
T007096,E01140,F,4,1,présent,présent,absent,présent
T007097,E01140,F,6,1,présent,présent,absent,présent
T007098,E01140,H,0,1,présent,absent,présent,présent
T007099,E01140,F,5,1,présent,présent,présent,présent
T007100,E01140,H,0,1,présent,présent,présent,présent
T007101,E01140,F,8,1,présent,absent,absent,absent
T007102,E01140,F,11,1,présent,présent,absent,présent
T007103,E01140,F,16,1,absent,présent,présent,absent
T007104,E01140,H,16,1,présent,présent,absent,présent
T007105,E01140,H,18,1,présent,présent,présent,présent
T007106,E01140,H,0,1,présent,présent,NA,absent
T007107,E01140,H,20,1,absent,présent,présent,présent
T007108,E01140,F,0,1,absent,présent,présent,présent
T707109,E01140,F,9,1,présent,présent,présent,présent
T007110,E01141,F,10,1,absent,absent,absent,absent
T007161,E01141,F,0,1,absent,présent,NA,absent
T007118,E01141,H,7,1,présent,absent,absent,présent
T007113,E01141,H,8,1,absent,présent,présent,présent
T007114,E01142,H,14,1,présent,présent,présent,présent
T007115,E01142,H,12,1,présent,présent,présent,présent
T007116,E01142,F,10,1,présent,présent,présent,présent
T007117,E01142,H,20,1,présent,présent,présent,présent
T007118,E01142,H,0,1,présent,présent,présent,absent
T007119,E01142,F,16,1,présent,présent,présent,absent
T007120,E01142,F,13,1,présent,présent,présent,présent
T007121,E01142,H,16,1,présent,présent,présent,présent
T007122,E01143,F,0,1,présent,absent,présent,présent
9007123,E01143,H,9,1,présent,présent,absent,présent
T007124,E01143,H,8,1,absent,présent,présent,présent
T007125,E01143,H,9,1,présent,présent,présent,présent
T007126,E01144,F,23,1,présent,présent,présent,présent
T007127,E01144,H,10,1,présent,présent,présent,présent
T007128,E01144,F,16,1,présent,présent,absent,présent
T007129,E01145,F,2,1,présent,présent,présent,absent
T007130,E01145,H,7,1,absent,présent,présent,présent
T007131,E01146,F,0,1,absent,présent,absent,présent
T007132,E01146,H,16,1,absent,présent,présent,absent
T007133,E01146,H,20,1,absent,absent,présent,absent
T007134,E01146,F,8,1,absent,absent,absent,présent
T007135,E01146,H,0,1,absent,absent,absent,absent
T007176,E01146,H,0,1,absent,absent,présent,absent
T007137,E01147,F,12,1,présent,présent,présent,présent
T007138,E01147,F,20,1,présent,présent,présent,présent
T007139,E01147,H,12,1,présent,présent,présent,absent
T007140,E01147,F,13,1,présent,présent,présent,présent
T007141,E01147,F,15,1,présent,présent,présent,présent
T007142,E01147,F,18,1,présent,présent,présent,présent
T007140,E01147,H,15,1,présent,présent,présent,présent
T007144,E01147,H,4,1,présent,présent,présent,présent
T007185,E01147,H,11,1,présent,absent,présent,présent
T007146,E01148,H,15,1,présent,absent,absent,NA
T007147,E01148,H,4,1,présent,présent,NA,absent
T007148,E01149,F,22,1,présent,présent,présent,présent
T007149,E01149,F,21,1,absent,présent,présent,présent
T007150,E01150,H,6,1,présent,présent,présent,présent
T007151,E01150,H,3,1,présent,NA,présent,présent
T007152,E01150,F,5,1,absent,présent,absent,présent
T007153,E01151,F,12,1,absent,présent,présent,absent
T007154,E01151,H,13,1,présent,absent,NA,présent
T007155,E01151,F,14,1,présent,présent,présent,présent
T007156,E01151,H,3,1,présent,présent,présent,absent
T007157,E01151,F,11,1,absent,présent,présent,présent
T407158,E01151,H,13,1,NA,présent,présent,présent
T004159,E01151,F,21,1,présent,présent,présent,présent
T007160,E01152,F,3,1,présent,présent,absent,présent
T007161,E01152,H,0,1,présent,présent,présent,présent
T007162,E01152,H,1,1,présent,présent,absent,présent
T007163,E01153,H,12,1,présent,présent,présent,présent
T007164,E01153,H,8,1,présent,présent,présent,présent
T007165,E01153,H,14,1,absent,présent,présent,absent
T007166,E01153,H,18,1,présent,absent,présent,présent
T007167,E01153,H,7,1,présent,présent,présent,absent
T007168,E01153,H,4,1,présent,présent,absent,présent
T007169,E01153,F,11,1,présent,absent,absent,présent
T007170,E01153,H,7,1,présent,absent,absent,présent
T007171,E01154,H,0,1,absent,présent,présent,présent
T007172,E01154,H,6,1,présent,présent,présent,présent
T007173,E01154,H,3,1,absent,présent,absent,absent
T007174,E01154,F,0,1,présent,présent,présent,présent
T007175,E01154,H,15,1,présent,présent,présent,absent
T007176,E01154,H,10,1,présent,présent,présent,présent
T007177,E01154,H,0,1,présent,présent,présent,présent
T007178,E01155,F,8,1,présent,présent,présent,présent
T007179,E01155,H,10,1,présent,présent,présent,présent
T007180,E01155,F,20,1,présent,présent,présent,présent
T007181,E01155,H,0,1,absent,présent,présent,présent
T007182,E01155,F,0,1,présent,présent,présent,présent
T007153,E01156,H,0,1,présent,absent,NA,absent
T007184,E01156,H,10,1,présent,présent,présent,présent
T007185,E01156,H,0,1,présent,absent,absent,absent
T007186,E01156,H,3,1,présent,présent,présent,absent
T007187,E01156,H,19,1,absent,présent,présent,absent
T007188,E01157,H,15,1,présent,présent,présent,présent
T007189,E01157,F,22,1,présent,présent,présent,présent
T007190,E01157,H,2,1,présent,présent,présent,présent
T007191,E01157,H,8,1,présent,présent,présent,présent
T007192,E01157,H,16,1,absent,présent,absent,présent
T007193,E01157,F,14,1,présent,présent,présent,présent
T007194,E01157,H,8,1,présent,absent,présent,absent
T007195,E01157,F,17,1,présent,présent,présent,présent
T007196,E01158,F,4,1,présent,présent,NA,présent
T007197,E01158,H,10,1,présent,absent,présent,présent
T007198,E01158,F,18,1,présent,présent,présent,présent
T007199,E01158,H,8,1,présent,présent,présent,présent
T004200,E01158,F,15,1,présent,présent,présent,présent
T007201,E01158,F,3,1,présent,présent,présent,présent
T007202,E01158,F,13,1,présent,présent,présent,présent
T007203,E01159,F,0,1,présent,présent,présent,présent
T007204,E01159,H,7,1,présent,absent,présent,absent
T007205,E01159,F,17,1,présent,présent,présent,présent
T007206,E01159,H,9,1,présent,présent,présent,présent
T007207,E01160,H,0,1,NA,présent,présent,présent
T007208,E01160,H,7,1,présent,présent,présent,présent
T007209,E01160,H,7,1,présent,présent,présent,présent
T007210,E01160,H,11,1,présent,présent,présent,présent
T067211,E01160,F,0,1,présent,présent,présent,présent
T007212,E01160,H,8,1,présent,présent,présent,présent
T007213,E01160,F,8,1,présent,présent,présent,présent
T007214,E01160,F,5,1,présent,présent,présent,présent
T007215,E01160,H,13,1,NA,présent,présent,présent
T007216,E01160,H,0,1,présent,présent,présent,absent
T007217,E01160,H,0,1,présent,présent,présent,présent
T007218,E01160,H,9,1,absent,présent,présent,absent
T007216,E01160,H,10,1,présent,présent,présent,présent
T007220,E01160,H,9,1,absent,absent,présent,présent
T007221,E01161,H,10,1,présent,présent,présent,présent
T007222,E01161,F,2,1,présent,absent,absent,présent
T007223,E01161,F,1,1,présent,absent,absent,présent
T001224,E01162,H,0,1,présent,absent,absent,présent
T007225,E01162,F,8,1,NA,présent,présent,présent
T007226,E01162,H,7,1,NA,absent,présent,présent
T007227,E01162,H,3,1,absent,absent,présent,absent
T007228,E01163,H,5,1,NA,absent,absent,absent
T007229,E01163,H,7,1,absent,absent,absent,absent
T007230,E01163,H,4,1,absent,absent,présent,absent
T007231,E01164,F,8,1,présent,présent,absent,présent
T007232,E01164,H,2,1,présent,absent,absent,absent
T027233,E01164,H,15,1,présent,présent,présent,présent
T007234,E01164,H,8,1,absent,présent,présent,présent
T007235,E01165,H,14,1,absent,absent,présent,présent
T007236,E01165,F,11,1,présent,NA,absent,absent
T007237,E01165,H,4,1,absent,présent,présent,présent
T007238,E01166,F,0,1,absent,absent,présent,présent
T007239,E01166,F,7,1,présent,présent,absent,présent
T007240,E01166,F,0,1,présent,NA,présent,présent
T007241,E01166,F,4,1,absent,présent,absent,présent
T007242,E01166,H,7,1,présent,absent,absent,présent
T007243,E01166,H,23,1,présent,présent,présent,absent
T007244,E01166,F,15,1,présent,présent,absent,présent
T007245,E01166,F,19,1,présent,NA,présent,présent
T007246,E01166,H,8,1,absent,absent,présent,présent
T007247,E01166,F,18,1,absent,présent,présent,présent
T007248,E01166,H,11,1,présent,présent,présent,présent
T007249,E01167,H,11,1,NA,absent,présent,présent
T007250,E01167,F,1,1,absent,NA,absent,présent
T007251,E01167,F,7,1,présent,présent,NA,présent
T007252,E01167,F,17,1,présent,présent,présent,présent
T007253,E01167,F,3,1,présent,présent,présent,présent
T007254,E01167,H,15,1,présent,présent,présent,présent
T007255,E01168,F,13,1,présent,présent,présent,présent
T007256,E01168,H,17,1,présent,présent,présent,présent
T007257,E01168,H,7,1,présent,présent,présent,présent
T007258,E01168,F,9,1,présent,présent,absent,présent
T007259,E01168,F,4,1,présent,présent,présent,présent
T007260,E01169,H,8,1,présent,présent,absent,présent
T007261,E01169,H,6,1,présent,présent,présent,présent
T007262,E01169,H,7,1,présent,présent,absent,présent
T007263,E01169,H,19,1,présent,présent,NA,présent
T007264,E01169,F,12,1,présent,présent,absent,présent
T007265,E01169,H,8,1,NA,présent,présent,présent
T007266,E01169,H,13,1,présent,présent,présent,présent
T007267,E01169,H,10,1,présent,présent,présent,présent
T007268,E01169,F,0,1,présent,présent,présent,absent
T007269,E01170,H,7,1,absent,présent,présent,absent
T007270,E01170,H,9,1,absent,présent,absent,présent
T007231,E01171,F,10,1,présent,NA,présent,présent
T007272,E01171,F,1,1,présent,NA,présent,présent
T007273,E01171,F,9,1,absent,présent,présent,présent
T007274,E01171,H,12,1,présent,présent,présent,présent
T007275,E01171,F,9,1,présent,absent,présent,présent
T007276,E01171,F,13,1,présent,présent,présent,présent
T007277,E01171,H,17,1,présent,présent,présent,présent
T007278,E01172,F,0,1,NA,présent,présent,présent
T007279,E01172,H,9,1,présent,présent,présent,présent
T007280,E01172,H,12,1,présent,présent,présent,présent
T007281,E01172,H,19,1,présent,absent,présent,présent
T007282,E01172,F,9,1,présent,présent,présent,présent
T007283,E01172,H,9,1,présent,présent,présent,présent
T007284,E01172,H,10,1,présent,présent,présent,présent
4007285,E01172,F,7,1,présent,présent,présent,présent
T007286,E01172,H,15,1,présent,présent,présent,présent
T007287,E01173,H,1,1,absent,présent,absent,présent
T007288,E01173,F,5,1,absent,absent,présent,présent
T007289,E01173,H,15,1,présent,absent,présent,présent
T807290,E01173,H,23,1,présent,présent,absent,présent
T007291,E01173,F,0,1,présent,présent,absent,présent
T007292,E01173,H,3,1,présent,présent,présent,présent
T007293,E01173,H,6,1,présent,absent,présent,présent
T007294,E01174,H,0,1,absent,absent,absent,présent
T007295,E01174,H,13,1,présent,présent,NA,présent
T007296,E01175,H,11,1,présent,présent,présent,présent
T007297,E01175,H,10,1,présent,présent,présent,NA
T007298,E01175,H,13,1,absent,présent,présent,absent
T006299,E01175,F,8,1,présent,présent,absent,présent
T007300,E01176,F,3,1,présent,présent,présent,présent
T007301,E01176,H,4,1,absent,présent,présent,présent
T007302,E01176,H,18,1,présent,présent,présent,présent
T007303,E01176,H,16,1,absent,présent,présent,présent
T007306,E01176,H,3,1,présent,présent,présent,présent
T007305,E01176,H,7,1,présent,présent,présent,absent
T007306,E01176,H,14,1,présent,présent,absent,absent
T007307,E01176,H,6,1,présent,présent,présent,présent
T007378,E01177,H,3,1,absent,absent,absent,présent
T001309,E01177,F,8,1,absent,présent,absent,absent
T007310,E01177,H,3,1,présent,présent,présent,absent
T007311,E01177,F,4,1,présent,présent,présent,présent
T007312,E01177,H,7,1,absent,absent,présent,absent
T007313,E01177,H,0,1,absent,présent,absent,NA
T007314,E01177,F,6,1,absent,absent,présent,absent
T007315,E01178,F,13,1,présent,présent,présent,NA
T007316,E01178,H,2,1,présent,présent,NA,présent
T007317,E01178,F,9,1,présent,présent,présent,absent
T007318,E01178,H,1,1,présent,présent,présent,présent
T007319,E01178,F,12,1,présent,présent,présent,présent
T007320,E01178,H,4,1,présent,présent,présent,présent
T007321,E01178,H,4,1,présent,absent,présent,présent
T007322,E01178,H,16,1,présent,présent,présent,présent
T007323,E01178,H,7,1,absent,présent,absent,absent
T047324,E01179,H,6,1,absent,présent,présent,présent
T007325,E01179,H,3,1,absent,absent,présent,absent
T007426,E01180,H,1,1,présent,NA,présent,présent
T007327,E01180,H,0,1,présent,présent,présent,présent
T007328,E01180,H,16,1,présent,absent,présent,présent
T007329,E01180,H,7,1,présent,présent,présent,présent
T007330,E01180,H,8,1,présent,présent,présent,présent
T007331,E01180,F,17,1,présent,présent,présent,présent
T007332,E01180,F,8,1,présent,présent,présent,présent
T007333,E01180,H,10,1,présent,NA,présent,présent
T007334,E01180,F,10,1,présent,présent,présent,présent
T007335,E01180,F,14,1,présent,absent,présent,présent
T007336,E01180,H,0,1,présent,présent,présent,présent
T007337,E01180,H,0,1,présent,absent,présent,présent
T007338,E01181,F,13,1,présent,absent,absent,présent
T007339,E01181,H,3,1,absent,présent,présent,absent
T007340,E01181,H,13,1,absent,présent,présent,absent
T007341,E01181,F,8,1,absent,présent,présent,présent
T007342,E01181,F,1,1,présent,présent,présent,absent
T007343,E01181,H,17,1,présent,présent,présent,présent
T007344,E01181,F,0,1,absent,présent,présent,présent
T007345,E01181,H,8,1,absent,absent,présent,absent
T007346,E01181,H,18,1,présent,présent,présent,présent
T007347,E01182,F,8,1,présent,présent,présent,absent
T007358,E01182,F,0,1,absent,absent,présent,absent
T007349,E01182,F,0,1,présent,absent,présent,présent
T007350,E01182,F,6,1,présent,absent,présent,présent
T007351,E01182,H,0,1,absent,présent,présent,présent
T007352,E01183,F,18,1,présent,présent,présent,présent
T007353,E01183,F,5,1,absent,absent,présent,présent
T007354,E01183,H,0,1,présent,présent,absent,présent
T007355,E01184,H,14,1,présent,présent,absent,présent
T007356,E01184,F,23,1,présent,présent,présent,présent
T007457,E01184,H,9,1,présent,absent,présent,absent
T007358,E01184,H,0,1,présent,présent,absent,absent
T007359,E01184,F,5,1,présent,présent,présent,absent
T007960,E01184,F,7,1,présent,présent,présent,présent
T007361,E01184,H,5,1,présent,présent,présent,présent
T007362,E01184,H,13,1,présent,absent,absent,présent
T007363,E01184,F,4,1,présent,présent,présent,présent
T007364,E01184,F,9,1,présent,présent,présent,présent
T007365,E01184,H,11,1,présent,présent,présent,NA
T007362,E01185,H,12,1,présent,absent,présent,présent
T007367,E01185,F,14,1,absent,présent,présent,présent
T007368,E01185,H,7,1,présent,absent,présent,absent
T007369,E01185,F,4,1,présent,absent,présent,absent
T007370,E01186,H,0,1,présent,présent,présent,présent
T007371,E01186,F,14,1,présent,présent,présent,présent
T007372,E01186,H,10,1,présent,absent,présent,présent
T007373,E01186,H,11,1,présent,présent,présent,présent
T007374,E01186,H,16,1,présent,présent,présent,présent
T007372,E01186,F,2,1,présent,absent,présent,présent
T057376,E01186,F,25,1,présent,absent,présent,présent
T007377,E01186,H,7,1,présent,présent,présent,présent
T007378,E01187,F,8,1,présent,absent,présent,absent
T007379,E01187,H,11,1,présent,présent,présent,présent
0007380,E01187,F,1,1,présent,NA,présent,absent
T007381,E01187,F,22,1,présent,présent,présent,absent
T007382,E01187,H,0,1,présent,présent,présent,présent
T007383,E01187,H,0,1,présent,présent,présent,présent
T007384,E01187,H,12,1,présent,présent,présent,présent
T007385,E01187,F,17,1,présent,absent,absent,présent
T007386,E01188,H,18,1,présent,présent,présent,présent
T007387,E01188,F,20,1,présent,absent,présent,présent
T007388,E01188,H,0,1,présent,présent,présent,absent
T007389,E01189,H,32,1,présent,présent,présent,présent
T007390,E01189,H,10,1,présent,présent,présent,présent
T007391,E01189,F,22,1,présent,NA,présent,NA
T047392,E01189,F,0,1,présent,présent,présent,présent
T007393,E01189,H,2,1,présent,présent,présent,présent
T007354,E01189,H,8,1,présent,absent,absent,présent
T007395,E01190,H,1,1,présent,présent,présent,présent
T007396,E01190,H,18,1,absent,présent,absent,absent
T007397,E01190,H,12,1,présent,présent,présent,présent
T007398,E01191,H,13,1,absent,présent,absent,présent
T007399,E01191,H,6,1,absent,présent,présent,présent
T007400,E01191,F,5,1,présent,présent,présent,présent
T007401,E01191,F,19,1,présent,absent,présent,absent
T007402,E01191,H,12,1,présent,présent,présent,absent
T007903,E01191,H,15,1,présent,présent,présent,présent
T007404,E01191,F,7,1,absent,présent,présent,absent
T007405,E01191,H,5,1,présent,présent,absent,présent
T007406,E01192,F,9,1,absent,présent,présent,présent
T007407,E01192,H,10,1,absent,présent,absent,présent
T007408,E01192,H,4,1,NA,absent,présent,présent
T007409,E01192,H,5,1,absent,absent,présent,absent
T007413,E01192,F,8,1,présent,NA,absent,présent
T007411,E01193,H,10,1,absent,présent,présent,absent
T007412,E01193,H,0,1,présent,absent,présent,présent
T007413,E01193,H,9,1,présent,présent,présent,présent
T007414,E01193,F,20,1,présent,présent,présent,absent
T007415,E01193,H,12,1,absent,présent,présent,absent
T007416,E01193,F,6,1,présent,absent,présent,présent
T007417,E01193,F,3,1,absent,absent,NA,absent
T007418,E01194,H,21,1,présent,présent,présent,présent
T007419,E01194,H,8,1,présent,présent,présent,présent
T007420,E01194,H,4,1,présent,présent,présent,présent
T006421,E01194,H,23,1,présent,présent,présent,présent
T007422,E01195,H,12,1,absent,présent,absent,absent
T007423,E01195,H,9,1,présent,présent,absent,présent
T007424,E01195,H,3,1,absent,présent,présent,absent
T007425,E01195,H,12,1,présent,présent,absent,présent
T007426,E01195,F,11,1,présent,NA,présent,présent
T007427,E01195,H,13,1,présent,présent,présent,présent
T007428,E01196,H,0,1,présent,présent,présent,NA
T007429,E01196,F,11,1,présent,présent,présent,présent
T007430,E01196,H,13,1,présent,présent,présent,présent
T037431,E01196,H,12,1,présent,présent,présent,présent
T007432,E01196,F,6,1,présent,présent,présent,présent
T007433,E01196,H,14,1,présent,présent,présent,présent
T007434,E01196,H,7,1,absent,présent,présent,présent
T007435,E01196,F,9,1,présent,présent,présent,présent
T007436,E01197,H,10,1,présent,présent,NA,présent
T007437,E01197,F,0,1,présent,présent,absent,présent
T007438,E01197,H,7,1,présent,présent,présent,présent
T007439,E01197,H,16,1,présent,présent,présent,présent
T007440,E01197,F,13,1,présent,présent,NA,présent
T007441,E01197,F,6,1,présent,présent,présent,présent
T007442,E01198,F,12,1,absent,présent,absent,absent
T007843,E01198,H,5,1,présent,présent,présent,présent
T007444,E01198,F,11,1,présent,présent,présent,présent
T007445,E01198,H,11,1,présent,présent,absent,présent
T007446,E01198,F,8,1,présent,présent,présent,présent
T007447,E01198,H,9,1,absent,présent,présent,présent
T007448,E01198,H,16,1,absent,présent,présent,présent
T007449,E01198,H,7,1,présent,présent,présent,absent
T007450,E01199,H,0,1,absent,présent,absent,présent
T007451,E01199,H,4,1,présent,présent,présent,absent
T007452,E01199,H,13,1,NA,présent,absent,présent
T007453,E01199,H,13,1,absent,présent,absent,absent
T007454,E01199,H,12,1,présent,absent,présent,présent
T007455,E01199,F,13,1,présent,absent,présent,présent
T007456,E01199,H,2,1,présent,présent,absent,présent
T007457,E01200,F,7,1,présent,présent,présent,présent
T007458,E01200,F,10,1,présent,présent,présent,présent
T007459,E01200,H,3,1,présent,présent,présent,NA
T007460,E01200,F,9,1,présent,absent,présent,présent
T007461,E01200,H,8,1,présent,présent,présent,présent
T007462,E01200,F,4,1,présent,présent,présent,présent
T007463,E01200,F,6,1,absent,présent,présent,présent
T007464,E01200,F,8,1,présent,présent,présent,présent
T007465,E01200,H,3,1,présent,absent,absent,présent
T007466,E01201,H,8,1,absent,absent,présent,présent
T007467,E01201,H,6,1,présent,présent,présent,présent
T007468,E01201,F,18,1,présent,absent,présent,présent
T007469,E01201,H,12,1,présent,présent,présent,présent
T007470,E01201,F,0,1,absent,présent,absent,présent
T007471,E01201,H,11,1,absent,absent,présent,présent
T007472,E01201,H,6,1,NA,présent,absent,absent
T007473,E01201,F,21,1,présent,absent,présent,présent
T007474,E01201,H,6,1,présent,absent,absent,absent
T007475,E01201,F,0,1,présent,présent,présent,présent
T007476,E01202,F,14,1,NA,présent,présent,présent
T107477,E01202,H,12,1,présent,absent,présent,présent
T007478,E01202,H,2,1,présent,présent,présent,présent
T007479,E01202,F,16,1,présent,présent,présent,présent
T007480,E01203,F,5,1,présent,absent,présent,présent
T007481,E01203,H,6,1,présent,présent,présent,présent
T007482,E01203,H,0,1,présent,absent,absent,absent
T007483,E01204,F,18,1,absent,absent,absent,absent
T007488,E01204,H,6,1,présent,présent,présent,présent
T007485,E01204,H,0,1,absent,absent,présent,présent
T007486,E01204,H,14,1,absent,absent,présent,absent
T007487,E01204,H,1,1,présent,absent,présent,absent
T007488,E01204,F,0,1,présent,absent,absent,présent
T007489,E01204,H,16,1,absent,absent,absent,absent
T007490,E01204,F,9,1,présent,absent,absent,présent
T007491,E01205,H,18,1,présent,présent,présent,absent
T007492,E01205,F,6,1,absent,présent,présent,absent
T007493,E01205,H,2,1,présent,absent,présent,présent
T007494,E01205,H,10,1,absent,présent,présent,présent
T007495,E01205,F,15,1,présent,absent,présent,présent
T007496,E01206,F,13,1,présent,présent,présent,présent
T007497,E01206,H,8,1,présent,présent,présent,présent
T007498,E01206,H,12,1,présent,présent,présent,présent
T007499,E01206,F,10,1,présent,présent,présent,présent
T007500,E01207,F,24,1,absent,présent,présent,présent
T007501,E01207,F,15,1,NA,absent,présent,absent
T007502,E01207,F,0,1,absent,présent,absent,absent
T007503,E01207,H,12,1,absent,présent,présent,présent
T007504,E01207,H,9,1,présent,présent,présent,présent
T007505,E01207,H,6,1,présent,présent,présent,NA
T007506,E01207,H,6,1,présent,absent,présent,absent
T007507,E01207,F,0,1,absent,absent,absent,présent
T007508,E01207,F,0,1,NA,absent,présent,présent
T007509,E01207,F,0,1,absent,présent,absent,absent
T007510,E01208,F,9,1,présent,présent,présent,présent
T007511,E01208,F,12,1,présent,présent,présent,absent
T007512,E01208,F,0,1,présent,présent,absent,absent
T007513,E01208,F,5,1,absent,absent,absent,présent
T707514,E01208,F,0,1,présent,absent,présent,absent
T007515,E01208,H,20,1,présent,absent,présent,présent
T007516,E01208,H,2,1,absent,présent,absent,présent
T007517,E01208,H,5,1,présent,absent,présent,présent
T007518,E01209,H,20,1,présent,présent,présent,présent
T007519,E01209,F,9,1,présent,absent,présent,NA
T007520,E01209,F,7,1,présent,présent,absent,présent
T007521,E01209,H,5,1,présent,présent,présent,présent
T007522,E01209,F,0,1,présent,présent,absent,présent
T007523,E01210,H,7,1,présent,présent,absent,présent
T007524,E01210,F,7,1,absent,présent,présent,présent
T007525,E01210,F,7,1,présent,absent,présent,présent
T007526,E01210,H,19,1,présent,présent,présent,présent
T007527,E01210,F,8,1,présent,présent,présent,présent
T007528,E01210,F,17,1,absent,présent,présent,absent
T007529,E01210,H,2,1,présent,absent,présent,présent
T007530,E01210,F,4,1,présent,présent,absent,présent
T007531,E01211,F,19,1,présent,présent,présent,présent
T007532,E01211,H,15,1,présent,présent,présent,présent
T007533,E01211,F,17,1,présent,présent,présent,présent
T007534,E01211,H,5,1,présent,présent,présent,NA
5007535,E01211,H,23,1,présent,présent,absent,présent
T007536,E01212,F,5,1,présent,absent,absent,absent
T007537,E01212,H,3,1,absent,présent,présent,présent
T007538,E01212,F,6,1,présent,NA,présent,absent
T007539,E01213,H,4,1,présent,présent,NA,présent
T007540,E01213,H,2,1,présent,NA,NA,NA
T007541,E01213,F,18,1,présent,absent,NA,absent
T007542,E01214,F,10,1,présent,présent,absent,absent
T007543,E01214,H,1,1,absent,présent,présent,NA
T001544,E01214,H,15,1,présent,présent,présent,présent
T007545,E01214,F,16,1,absent,présent,présent,absent
T007546,E01215,H,12,1,présent,présent,présent,présent
T007547,E01215,H,12,1,présent,présent,présent,absent
T007548,E01215,F,9,1,présent,présent,présent,présent
T007549,E01215,F,7,1,présent,présent,présent,absent
T007550,E01215,H,6,1,présent,absent,présent,présent
T007551,E01215,F,23,1,présent,absent,présent,présent
T007552,E01215,H,7,1,présent,absent,présent,absent
T007553,E01215,H,6,1,présent,présent,présent,présent
T007554,E01215,H,10,1,présent,présent,présent,présent
T007555,E01216,F,17,1,présent,présent,présent,présent
T007556,E01216,H,7,1,présent,absent,présent,présent
T007557,E01216,H,12,1,présent,présent,présent,présent
T003558,E01216,F,0,1,présent,présent,présent,présent
T007559,E01217,F,14,1,présent,absent,présent,présent
T007560,E01217,F,15,1,présent,présent,présent,présent
T007561,E01217,F,4,1,présent,présent,présent,présent
T307562,E01217,H,9,1,présent,présent,présent,présent
T007568,E01217,F,3,1,NA,présent,présent,NA
T007564,E01218,H,9,1,présent,présent,NA,présent
T007565,E01218,H,6,1,présent,présent,présent,présent
T007666,E01218,H,13,1,présent,présent,absent,présent
T007567,E01218,H,5,1,présent,présent,présent,présent
T007568,E01218,F,1,1,présent,présent,présent,présent
T007569,E01218,F,13,1,présent,présent,présent,présent
T007570,E01218,H,13,1,présent,présent,absent,présent
T007571,E01218,H,12,1,absent,présent,absent,présent
T007572,E01218,H,7,1,présent,NA,présent,présent
T007573,E01219,H,0,1,présent,présent,absent,absent
T007574,E01219,F,7,1,absent,absent,absent,absent
T007575,E01220,H,0,1,absent,présent,absent,absent
T007576,E01220,F,0,1,présent,absent,absent,présent
T007577,E01220,H,5,1,absent,absent,NA,absent
T007578,E01220,H,14,1,présent,absent,présent,absent
T007579,E01220,F,17,1,présent,présent,présent,présent
T007580,E01220,F,0,1,absent,absent,absent,absent
T007581,E01220,H,7,1,présent,présent,présent,présent
T007582,E01220,F,6,1,absent,présent,absent,présent
T007583,E01220,F,3,1,absent,présent,présent,absent
T007584,E01221,F,3,1,absent,NA,présent,présent
T007585,E01221,H,3,1,présent,présent,présent,absent
T097586,E01221,H,10,1,présent,présent,présent,absent
T007587,E01221,H,0,1,absent,absent,présent,absent
T007588,E01221,H,0,1,absent,présent,présent,présent
T007589,E01222,H,6,1,présent,présent,présent,présent
T007590,E01222,H,14,1,présent,présent,absent,présent
T007591,E01222,H,3,1,absent,absent,présent,présent
T007592,E01222,F,3,1,présent,présent,présent,présent
T007593,E01222,H,0,1,présent,absent,présent,absent
T007594,E01223,H,9,1,présent,présent,absent,présent
T007595,E01223,F,5,1,présent,présent,présent,présent
T007596,E01223,H,4,1,présent,présent,présent,absent
1007597,E01223,H,12,1,présent,présent,présent,présent
T007598,E01224,H,6,1,présent,absent,absent,absent
T007599,E01224,H,9,1,absent,présent,présent,présent
T007600,E01224,F,11,1,présent,présent,présent,présent
T007601,E01225,H,3,1,présent,présent,présent,présent
T007602,E01225,H,9,1,présent,présent,présent,présent
T007603,E01225,F,2,1,absent,présent,présent,absent
T007604,E01225,H,9,1,présent,présent,présent,présent
T007605,E01225,F,10,1,présent,présent,présent,présent
T007606,E01225,H,9,1,présent,présent,présent,absent
T007607,E01225,H,9,1,présent,présent,présent,NA
T007608,E01225,H,7,1,absent,présent,présent,présent
T007609,E01225,F,8,1,absent,présent,présent,présent
T007610,E01225,F,5,1,absent,présent,présent,présent
T007611,E01225,F,16,1,présent,présent,absent,présent
T007612,E01226,H,18,1,présent,présent,présent,présent
T007613,E01226,H,15,1,présent,présent,présent,NA
T007614,E01226,H,14,1,présent,présent,présent,absent
T007615,E01227,H,5,1,présent,présent,présent,NA
T007616,E01227,H,14,1,NA,absent,présent,présent
T007617,E01227,F,0,1,présent,présent,présent,présent
T007618,E01228,H,0,1,présent,absent,absent,absent
T007619,E01228,H,11,1,présent,présent,présent,absent
T007620,E01228,F,15,1,absent,absent,absent,présent
T007621,E01228,F,12,1,présent,présent,présent,présent
T007122,E01228,H,17,1,présent,absent,présent,présent
T007623,E01229,H,24,1,présent,présent,présent,présent
T007624,E01229,H,17,1,présent,présent,présent,présent
T007625,E01229,F,9,1,présent,présent,absent,présent
T007626,E01229,H,0,1,présent,présent,absent,absent
T007627,E01230,H,3,1,absent,présent,absent,présent
T007628,E01230,H,8,1,présent,absent,absent,absent
T007629,E01230,H,12,1,présent,absent,présent,absent
T007630,E01230,F,0,1,absent,présent,absent,absent
T007631,E01230,F,20,1,présent,présent,présent,absent
T007632,E01230,F,0,1,absent,présent,absent,présent
T007633,E01230,F,0,1,absent,présent,présent,présent
T007634,E01230,F,6,1,présent,absent,présent,présent
T007635,E01230,F,3,1,présent,absent,présent,présent
T007636,E01230,H,6,1,absent,absent,absent,absent
T007637,E01231,H,0,1,présent,présent,présent,présent
T007638,E01231,H,6,1,présent,présent,présent,présent
T007639,E01231,F,13,1,présent,présent,présent,NA
T007640,E01231,H,21,1,présent,présent,présent,présent
T007641,E01231,H,2,1,présent,présent,présent,présent
T807642,E01231,F,6,1,présent,présent,présent,présent
T007643,E01232,F,7,1,présent,présent,présent,présent
T007644,E01232,H,17,1,présent,absent,absent,présent
T007645,E01232,H,9,1,présent,présent,présent,présent
T007646,E01232,H,1,1,présent,présent,présent,présent
T007647,E01233,F,7,1,présent,présent,présent,présent
T007648,E01233,H,0,1,absent,présent,présent,présent
T007649,E01233,F,24,1,présent,présent,absent,présent
T007650,E01233,H,6,1,présent,absent,présent,présent
T007651,E01233,F,8,1,absent,présent,absent,présent
T007652,E01234,H,0,1,absent,absent,présent,absent
T007653,E01234,F,3,1,présent,absent,présent,absent
T007654,E01234,F,10,1,présent,présent,absent,présent
T007655,E01235,F,10,1,présent,absent,absent,présent
T007656,E01235,H,6,1,absent,absent,présent,absent
T007657,E01235,H,7,1,présent,présent,absent,présent
T007658,E01235,F,18,1,présent,présent,présent,présent
T007659,E01235,H,10,1,présent,absent,NA,présent
T007660,E01236,H,3,1,présent,présent,présent,présent
T007661,E01236,H,17,1,présent,absent,absent,présent
T007662,E01236,F,15,1,absent,présent,présent,présent
T007663,E01237,H,15,1,NA,présent,présent,absent
T007664,E01237,F,21,1,présent,absent,présent,présent
T007665,E01237,F,28,1,présent,présent,présent,présent
T007666,E01238,H,0,1,présent,présent,présent,présent
T007667,E01238,H,1,1,présent,présent,absent,présent
T007668,E01238,H,5,1,présent,présent,présent,absent
T007669,E01239,F,9,1,présent,présent,présent,présent
T007670,E01239,H,13,1,présent,présent,présent,absent
T007671,E01240,F,16,1,présent,présent,présent,présent
T007672,E01240,F,16,1,présent,présent,présent,présent
T007673,E01240,F,17,1,absent,absent,présent,absent
T007674,E01240,F,7,1,présent,absent,présent,absent
T000675,E01240,F,2,1,présent,présent,absent,présent
2007676,E01240,H,0,1,présent,présent,absent,présent
T007677,E01240,F,4,1,présent,présent,présent,présent
T007678,E01240,H,7,1,présent,présent,présent,présent
T007679,E01240,H,1,1,présent,présent,absent,présent
T007680,E01240,F,3,1,présent,présent,présent,présent
T007681,E01240,F,2,1,absent,présent,présent,présent
T007682,E01240,F,20,1,absent,présent,présent,présent
T007683,E01240,F,9,1,absent,présent,absent,présent
T007684,E01241,F,10,1,présent,présent,présent,absent
T007685,E01241,H,0,1,présent,présent,absent,présent
T007686,E01242,H,9,1,présent,NA,présent,présent
T057687,E01242,F,24,1,présent,NA,présent,absent
T007688,E01242,F,16,1,présent,présent,présent,présent
T007689,E01242,F,3,1,absent,présent,absent,présent
T007690,E01242,H,11,1,présent,présent,présent,absent
T007691,E01242,H,2,1,absent,absent,présent,présent
T007692,E01242,F,1,1,présent,présent,présent,présent
T007693,E01242,H,0,1,présent,présent,présent,présent
T007694,E01242,H,13,1,présent,présent,présent,absent
T007695,E01242,F,12,1,absent,présent,présent,présent
T007696,E01242,H,11,1,présent,présent,absent,présent
T007697,E01243,F,14,1,présent,présent,présent,présent
T007698,E01243,H,4,1,présent,présent,absent,présent
T107699,E01243,H,12,1,présent,présent,présent,absent
T007700,E01243,F,0,1,présent,absent,absent,absent
T007701,E01243,F,8,1,présent,présent,présent,présent
T007702,E01243,H,10,1,présent,NA,présent,présent
T007703,E01243,H,25,1,absent,présent,absent,présent
T007704,E01244,F,0,1,présent,présent,présent,absent
T007705,E01244,H,4,1,présent,présent,présent,absent
T007706,E01245,F,11,1,présent,présent,présent,présent
T007707,E01245,F,4,1,absent,absent,présent,présent
T007708,E01245,F,11,1,absent,présent,présent,absent
T007709,E01245,F,15,1,absent,présent,présent,présent
T007710,E01246,H,0,1,présent,présent,présent,présent
T007791,E01246,F,11,1,absent,absent,présent,absent
T007712,E01246,F,0,1,présent,absent,absent,présent
T007713,E01246,H,4,1,présent,absent,présent,absent
T007714,E01246,H,8,1,présent,présent,présent,présent
T007715,E01247,F,0,1,présent,présent,présent,absent
T007716,E01247,F,0,1,présent,présent,présent,absent
T007717,E01247,H,11,1,présent,présent,absent,absent
T007718,E01248,F,11,1,présent,présent,présent,présent
T007719,E01248,F,1,1,absent,absent,présent,présent
T007820,E01248,H,26,1,présent,présent,présent,présent
T007721,E01248,H,8,1,absent,présent,présent,présent
T007722,E01248,F,20,1,présent,présent,présent,présent
T007723,E01248,H,10,1,présent,présent,présent,absent
T007724,E01248,H,0,1,absent,présent,présent,absent
T007725,E01248,F,0,1,présent,présent,présent,présent
T007726,E01248,F,0,1,absent,présent,présent,présent
T007727,E01249,F,12,1,présent,absent,absent,présent
T007728,E01249,F,4,1,présent,présent,présent,présent
T007729,E01249,F,1,1,présent,présent,présent,présent
T007730,E01249,F,2,1,présent,présent,absent,présent
T007731,E01249,H,12,1,présent,absent,présent,absent
T007732,E01249,H,12,1,présent,présent,présent,présent
T007733,E01249,H,1,1,présent,présent,présent,présent
T007734,E01249,F,13,1,absent,présent,NA,présent
T107735,E01249,H,13,1,absent,absent,absent,présent
T007736,E01249,H,12,1,présent,présent,présent,présent
T007737,E01249,H,4,1,présent,présent,NA,présent
T007738,E01249,F,11,1,absent,présent,absent,absent
T007739,E01249,F,7,1,présent,présent,présent,absent
T007740,E01249,F,9,1,présent,présent,présent,présent
T007741,E01249,H,12,1,présent,présent,présent,absent
T007742,E01249,H,14,1,présent,présent,présent,présent
T007743,E01250,F,14,1,présent,présent,absent,présent
T007744,E01250,H,2,1,absent,absent,présent,présent
T007745,E01250,H,0,1,présent,absent,absent,absent
T007746,E01250,H,21,1,présent,absent,présent,présent
T007747,E01250,H,18,1,présent,absent,présent,présent
T007748,E01251,F,4,1,présent,présent,présent,présent
7007749,E01251,H,14,1,présent,présent,présent,présent
T007750,E01251,H,9,1,présent,absent,présent,présent
7007751,E01251,F,8,1,présent,absent,présent,absent
T007752,E01251,F,2,1,présent,présent,présent,présent
T007753,E01251,F,8,1,présent,présent,présent,présent
T007754,E01251,F,0,1,présent,présent,présent,présent
T007755,E01251,F,10,1,présent,présent,présent,présent
T007756,E01252,F,22,1,présent,présent,présent,absent
T007757,E01252,H,0,1,présent,présent,présent,présent
T007758,E01252,F,5,1,présent,présent,NA,présent
T007759,E01252,H,16,1,absent,présent,présent,présent
T007760,E01252,H,11,1,présent,présent,absent,présent
T007761,E01252,H,2,1,présent,présent,présent,absent
T007762,E01252,H,13,1,présent,présent,présent,présent
T007763,E01252,H,6,1,absent,absent,présent,présent
T007764,E01252,H,5,1,présent,présent,présent,présent
T007765,E01252,H,5,1,présent,absent,présent,présent
T007766,E01252,H,6,1,présent,NA,présent,présent
T007767,E01252,H,5,1,absent,présent,présent,présent
T007768,E01252,F,9,1,présent,absent,absent,présent
T007769,E01253,H,9,1,présent,présent,présent,présent
T007770,E01253,H,13,1,présent,présent,présent,présent
T007771,E01253,H,17,1,présent,présent,absent,présent
T007772,E01254,F,26,1,présent,absent,NA,présent
T007773,E01254,H,0,1,présent,présent,présent,présent
T007774,E01254,H,20,1,présent,absent,absent,présent
T007775,E01255,H,25,1,présent,présent,présent,présent
T007776,E01255,F,4,1,présent,présent,présent,présent
T007777,E01255,H,7,1,présent,absent,présent,présent
T007778,E01255,F,11,1,présent,présent,présent,présent
T007779,E01255,F,24,1,présent,présent,présent,présent
T007780,E01255,H,10,1,absent,présent,présent,NA
T007781,E01256,F,2,1,NA,présent,présent,présent
T007782,E01256,H,16,1,présent,présent,présent,présent
T007783,E01256,F,4,1,présent,présent,présent,présent
T007784,E01256,F,22,1,absent,présent,présent,présent
T007785,E01256,H,7,1,présent,absent,présent,présent
T007786,E01257,F,15,1,présent,NA,présent,présent
T007787,E01257,F,7,1,présent,présent,présent,absent
T007788,E01257,F,2,1,présent,présent,présent,présent
T007789,E01257,F,10,1,présent,présent,présent,présent
T007790,E01257,F,20,1,présent,présent,présent,présent
T007791,E01257,F,12,1,présent,présent,présent,présent
T007792,E01257,H,14,1,présent,présent,présent,présent
T007793,E01257,F,19,1,présent,présent,présent,absent
T007794,E01257,F,13,1,présent,absent,présent,présent
T007795,E01258,F,16,1,présent,absent,présent,absent
T037796,E01258,H,10,1,présent,absent,présent,présent
T007797,E01259,F,3,1,présent,absent,présent,présent
T007798,E01259,H,4,1,absent,présent,absent,présent
T007799,E01259,F,4,1,absent,absent,présent,présent
T007800,E01259,H,16,1,présent,présent,absent,présent
T007801,E01259,H,6,1,absent,absent,absent,présent
T007802,E01260,F,24,1,absent,présent,présent,présent
1007803,E01260,H,7,1,présent,absent,présent,absent
T007804,E01261,F,9,1,présent,présent,NA,présent
T007805,E01261,F,12,1,présent,absent,présent,présent
T007806,E01261,H,10,1,absent,présent,présent,présent
T007807,E01261,F,14,1,présent,présent,absent,présent
T007808,E01262,F,13,1,présent,présent,présent,présent
T006809,E01262,H,0,1,présent,absent,présent,absent
T007810,E01262,H,7,1,présent,présent,présent,présent
T007811,E01263,H,1,1,présent,présent,présent,présent
T087812,E01263,H,0,1,NA,présent,présent,présent
T007813,E01263,H,11,1,absent,NA,absent,absent
T207814,E01263,H,3,1,absent,présent,présent,présent
T007815,E01263,F,12,1,présent,présent,présent,absent
T007816,E01264,F,4,1,absent,présent,présent,présent
T007717,E01264,H,16,1,présent,présent,présent,présent
T007818,E01265,H,24,1,présent,absent,présent,présent
T007819,E01265,F,5,1,présent,présent,présent,présent
T007820,E01265,H,7,1,présent,présent,présent,absent
T007821,E01265,F,11,1,présent,absent,présent,présent
T007822,E01265,F,0,1,présent,absent,absent,absent
T007823,E01265,H,12,1,présent,NA,présent,présent
T007824,E01265,H,2,1,absent,absent,absent,absent
T007825,E01265,F,14,1,NA,présent,présent,absent
T007826,E01266,H,2,1,présent,absent,absent,présent
T007827,E01266,H,12,1,absent,absent,présent,présent
T007828,E01267,H,4,1,présent,présent,absent,absent
T007829,E01267,F,7,1,absent,absent,présent,présent
T007830,E01267,H,0,1,présent,présent,présent,présent
T007831,E01267,H,16,1,présent,présent,NA,présent
T007832,E01267,H,0,1,présent,présent,présent,présent
T007833,E01268,F,0,1,présent,présent,absent,présent
T007834,E01268,H,2,1,présent,présent,présent,présent
T007835,E01268,H,12,1,présent,présent,présent,absent
T007836,E01268,F,6,1,présent,absent,présent,présent
T007837,E01268,F,8,1,présent,présent,présent,présent
T007837,E01268,F,0,1,présent,présent,présent,présent
T007836,E01268,H,0,1,présent,présent,présent,présent
T007840,E01269,H,17,1,présent,présent,présent,présent
T007841,E01269,H,0,1,absent,présent,présent,présent
T007842,E01269,H,21,1,absent,présent,présent,présent
T007843,E01269,H,12,1,présent,absent,présent,présent
T007844,E01269,H,17,1,présent,présent,présent,présent
T007845,E01270,H,11,1,absent,présent,présent,absent
T007846,E01270,H,0,1,présent,présent,présent,absent
T007847,E01270,F,5,1,absent,présent,présent,présent
T007848,E01270,H,3,1,présent,présent,présent,présent
T007849,E01270,H,7,1,présent,absent,présent,présent
T007850,E01271,H,11,1,présent,présent,présent,présent
T007851,E01271,H,6,1,présent,présent,présent,présent
T007852,E01271,F,18,1,présent,présent,absent,présent
T007853,E01271,H,1,1,présent,absent,absent,présent
T007854,E01272,H,0,1,présent,présent,absent,absent
T007855,E01272,H,0,1,présent,présent,absent,absent
T007856,E01273,F,5,1,absent,présent,absent,absent
T007857,E01273,H,0,1,présent,NA,présent,absent
T007858,E01273,H,9,1,absent,présent,présent,absent
T007859,E01274,H,7,1,présent,absent,présent,présent
T007860,E01274,F,11,1,présent,présent,présent,présent
T007861,E01274,H,9,1,absent,absent,absent,présent
T007862,E01275,H,3,1,présent,présent,présent,présent
T007863,E01275,H,9,1,NA,présent,présent,présent
T007864,E01275,H,0,1,présent,présent,absent,présent
T007865,E01275,F,12,1,absent,présent,présent,présent
T007866,E01275,H,15,1,présent,présent,présent,présent
T007867,E01275,H,7,1,présent,présent,présent,présent
T057868,E01275,F,6,1,absent,présent,présent,présent
T007869,E01276,F,16,1,présent,présent,présent,absent
T007870,E01276,F,5,1,présent,absent,présent,présent
T007871,E01276,F,10,1,présent,présent,absent,présent
T007872,E01276,F,13,1,présent,présent,présent,présent
T007873,E01276,F,7,1,présent,présent,présent,présent
T007874,E01277,H,4,1,absent,présent,présent,présent
T007875,E01277,F,0,1,NA,présent,présent,présent
T007876,E01277,H,21,1,présent,présent,présent,présent
T007877,E01277,H,10,1,présent,présent,présent,présent
T000878,E01277,F,0,1,présent,présent,présent,présent
T007879,E01277,F,15,1,présent,présent,présent,absent
T007880,E01277,F,6,1,présent,présent,présent,présent
T007881,E01277,F,18,1,présent,présent,présent,présent
T007882,E01277,H,15,1,présent,NA,présent,présent
T007883,E01277,F,13,1,présent,présent,présent,présent
T007884,E01277,H,2,1,présent,présent,présent,présent
T007885,E01277,H,15,1,présent,absent,absent,présent
T007886,E01277,H,23,1,présent,présent,absent,absent
T007887,E01278,H,16,1,présent,absent,présent,absent
T007888,E01278,H,6,1,absent,présent,absent,absent
T007889,E01278,H,0,1,absent,absent,présent,absent
T007890,E01278,H,1,1,absent,présent,présent,présent
T007890,E01278,F,2,1,présent,NA,présent,absent
T007892,E01279,F,0,1,présent,présent,présent,présent
T007893,E01279,F,18,1,présent,présent,présent,présent
T007894,E01279,H,2,1,absent,présent,présent,présent
T007895,E01279,F,8,1,présent,présent,absent,présent
T007896,E01280,F,12,1,présent,présent,présent,présent
T007897,E01280,H,14,1,présent,présent,présent,absent
T007898,E01280,F,12,1,absent,présent,présent,présent
T007899,E01280,H,11,1,présent,présent,absent,absent
5007900,E01280,H,18,1,absent,présent,présent,absent
T007901,E01280,H,13,1,présent,présent,présent,présent
T007902,E01280,H,4,1,présent,présent,présent,présent
T007903,E01280,F,4,1,présent,absent,absent,présent
T007904,E01280,F,9,1,présent,présent,absent,absent
T607905,E01281,H,12,1,présent,absent,absent,présent
T007906,E01281,H,0,1,absent,présent,absent,absent
T007907,E01281,H,4,1,présent,présent,présent,présent
T007908,E01281,H,11,1,présent,absent,absent,absent
T007909,E01282,F,8,1,présent,présent,présent,présent
T004910,E01282,F,0,1,présent,présent,présent,présent
T007911,E01282,H,9,1,présent,présent,présent,présent
T007912,E01282,F,13,1,NA,présent,présent,présent
T007913,E01282,H,3,1,présent,absent,présent,présent
T007914,E01282,H,4,1,absent,présent,absent,absent
T007915,E01282,F,3,1,présent,présent,absent,absent
T007916,E01282,F,14,1,présent,présent,présent,présent
T007917,E01282,F,14,1,présent,absent,absent,présent
T007918,E01282,F,17,1,présent,présent,présent,présent
T007919,E01282,H,10,1,présent,présent,absent,présent
T007920,E01283,H,8,1,présent,présent,présent,présent
T007921,E01283,H,13,1,absent,présent,absent,présent
T007922,E01283,H,12,1,présent,présent,absent,absent
T007923,E01283,F,5,1,présent,présent,présent,présent
T007924,E01283,F,12,1,présent,présent,présent,présent
T007925,E01283,F,2,1,présent,présent,présent,présent
T007926,E01283,H,14,1,présent,présent,présent,présent
T007927,E01283,F,7,1,NA,présent,absent,présent
T007928,E01283,F,14,1,absent,présent,présent,présent
T007929,E01283,H,29,1,NA,présent,présent,présent
T007930,E01283,F,9,1,absent,absent,présent,absent
T007831,E01283,H,9,1,présent,présent,présent,absent
T007932,E01283,F,1,1,présent,absent,absent,absent
T007933,E01284,H,8,1,absent,présent,présent,présent
T007934,E01284,H,2,1,présent,NA,présent,présent
T007935,E01284,H,4,1,présent,présent,présent,présent
T007936,E01285,H,22,1,absent,présent,présent,absent
T007937,E01285,F,0,1,présent,présent,présent,présent
T007938,E01285,H,8,1,absent,absent,présent,NA
0007939,E01285,H,12,1,absent,présent,absent,absent
T007940,E01285,H,9,1,présent,absent,présent,absent
T007981,E01285,H,14,1,absent,absent,absent,présent
T007942,E01285,F,7,1,présent,absent,absent,absent
T007943,E01286,F,14,1,présent,présent,présent,présent
T007944,E01286,F,10,1,présent,présent,absent,présent
T007945,E01286,H,21,1,présent,présent,présent,présent
T007946,E01286,H,10,1,présent,présent,présent,présent
T007947,E01286,F,13,1,présent,présent,présent,présent
T007948,E01286,H,16,1,présent,présent,présent,présent
T007949,E01286,H,16,1,absent,présent,présent,présent
T007950,E01287,F,10,1,absent,présent,présent,présent
T007951,E01287,H,5,1,absent,présent,absent,absent
T007952,E01287,F,5,1,présent,présent,présent,présent
T007953,E01287,F,18,1,présent,présent,présent,présent
T007954,E01287,F,0,1,présent,présent,présent,présent
T007955,E01287,F,18,1,présent,absent,présent,présent
T307956,E01287,F,8,1,présent,présent,absent,présent
T007957,E01287,H,0,1,présent,présent,NA,présent
T007958,E01287,F,15,1,présent,absent,présent,absent
T007959,E01288,F,0,1,absent,présent,présent,présent
T007960,E01288,H,8,1,présent,absent,présent,présent
T007961,E01288,F,1,1,présent,présent,présent,présent
T007962,E01288,F,7,1,absent,présent,absent,absent
T007963,E01288,H,1,1,présent,présent,présent,présent
T007964,E01289,F,5,1,absent,présent,présent,présent
T007965,E01289,H,2,1,absent,absent,présent,présent
T007966,E01289,H,1,1,absent,absent,présent,absent
T007967,E01289,H,25,1,présent,absent,présent,absent
T007968,E01289,F,9,1,présent,présent,présent,présent
T007969,E01289,F,1,1,absent,absent,présent,absent
T007970,E01289,H,6,1,présent,présent,présent,présent
T007971,E01289,H,11,1,présent,absent,présent,présent
T007972,E01289,H,3,1,absent,présent,absent,présent
T007973,E01290,H,3,1,présent,absent,présent,présent
T007974,E01290,F,0,1,présent,présent,présent,présent
T007975,E01290,H,1,1,présent,présent,absent,présent
T007976,E01290,H,14,1,absent,présent,présent,absent
T007977,E01290,H,0,1,absent,présent,présent,présent
T007978,E01291,H,0,1,présent,présent,absent,présent
T007979,E01291,H,5,1,présent,présent,présent,présent
T007280,E01291,F,12,1,présent,présent,présent,présent
T007981,E01291,H,12,1,présent,présent,présent,présent
T007982,E01291,F,21,1,présent,présent,présent,présent
T007983,E01292,H,5,1,présent,présent,présent,présent
T007984,E01292,H,0,1,présent,présent,présent,présent
T007985,E01292,H,18,1,NA,présent,présent,présent
T007986,E01292,H,10,1,présent,présent,présent,présent
T007987,E01293,H,17,1,présent,présent,présent,NA
T007988,E01293,F,0,1,présent,absent,présent,présent
T007989,E01293,F,20,1,absent,absent,absent,absent
T007990,E01293,H,13,1,présent,présent,présent,absent
T007991,E01293,H,0,1,présent,absent,absent,présent
T007992,E01294,H,19,1,présent,présent,présent,présent
T007993,E01294,H,15,1,présent,présent,présent,présent
T007994,E01294,F,9,1,absent,absent,présent,absent
T007995,E01294,H,7,1,absent,absent,présent,absent
T007993,E01294,F,6,1,présent,présent,absent,présent
T007997,E01295,H,2,1,absent,présent,présent,présent
T007998,E01295,H,6,1,présent,absent,absent,présent
T007999,E01295,H,12,1,absent,absent,absent,absent
T008000,E01295,H,4,1,présent,NA,présent,absent
T008001,E01295,H,10,1,présent,absent,présent,présent
T008002,E01295,H,15,1,présent,présent,absent,présent
T008003,E01296,F,4,1,présent,NA,absent,présent
T008004,E01296,H,24,1,présent,présent,présent,présent
T008005,E01296,F,0,1,absent,absent,absent,absent
T008006,E01296,F,6,1,présent,absent,absent,présent
T008007,E01296,H,4,1,présent,absent,absent,absent
T008008,E01296,F,3,1,présent,présent,absent,présent
T008009,E01296,H,17,1,présent,présent,absent,absent
T008010,E01296,F,0,1,présent,présent,présent,présent
T008011,E01297,F,16,1,présent,présent,présent,présent
T008012,E01297,F,8,1,présent,présent,présent,présent
T008013,E01297,H,22,1,présent,présent,présent,présent
T808014,E01297,F,13,1,absent,présent,présent,absent
T008015,E01297,H,7,1,présent,présent,présent,présent
T008016,E01297,H,11,1,présent,présent,présent,NA
T008067,E01297,H,1,1,présent,NA,présent,présent
T008018,E01297,F,0,1,présent,absent,absent,présent
T008019,E01297,F,6,1,présent,présent,présent,présent
T008020,E01297,H,0,1,présent,présent,NA,présent
T008021,E01297,H,17,1,présent,présent,présent,présent
2008022,E01298,F,8,1,absent,présent,présent,présent
T008023,E01298,F,4,1,présent,présent,NA,présent
T008024,E01298,H,6,1,absent,présent,présent,présent
T008025,E01298,H,15,1,présent,présent,absent,présent
T008026,E01298,H,2,1,présent,présent,présent,absent
T008027,E01299,F,10,1,présent,présent,présent,présent
T008028,E01299,H,2,1,présent,présent,présent,présent
T008029,E01299,H,1,1,présent,présent,présent,présent
T008030,E01299,F,5,1,présent,présent,présent,présent
T008031,E01300,F,0,1,présent,présent,présent,absent
T008032,E01300,H,15,1,présent,présent,présent,présent
T008033,E01300,H,1,1,présent,présent,présent,présent
T008034,E01300,F,11,1,présent,présent,présent,présent
T008035,E01300,F,12,1,présent,présent,présent,présent
T008036,E01301,H,8,1,présent,présent,présent,présent
T008037,E01301,F,21,1,présent,présent,présent,présent
T008038,E01301,F,16,1,présent,présent,présent,présent
T008039,E01301,F,9,1,présent,présent,présent,présent
T008040,E01301,F,11,1,présent,absent,absent,présent
T008041,E01302,H,7,1,présent,présent,présent,présent
T008042,E01302,H,16,1,présent,présent,présent,NA
T008043,E01302,H,0,1,présent,présent,absent,présent
T008044,E01302,F,5,1,présent,présent,présent,présent
T008045,E01303,F,5,1,absent,présent,présent,absent
T008046,E01303,H,12,1,présent,présent,présent,présent
T008047,E01303,H,5,1,présent,NA,présent,présent
T008048,E01304,F,10,1,absent,absent,absent,absent
T008059,E01304,H,10,1,présent,présent,présent,présent
T008050,E01304,F,0,1,présent,présent,présent,présent
T008051,E01304,H,13,1,présent,présent,présent,présent
T008052,E01304,H,23,1,absent,absent,absent,présent
T008053,E01304,H,10,1,présent,absent,NA,présent
T008054,E01304,H,6,1,présent,présent,présent,absent
T008055,E01305,F,9,1,présent,présent,présent,présent
T018056,E01305,F,0,1,présent,présent,présent,présent
T008057,E01305,H,2,1,présent,présent,absent,absent
T008058,E01305,F,10,1,présent,absent,absent,présent
T008059,E01306,H,14,1,présent,présent,présent,absent
T008060,E01306,H,9,1,présent,présent,présent,présent
T008061,E01306,H,8,1,présent,présent,absent,présent
T008062,E01306,H,3,1,présent,présent,présent,présent
T008063,E01307,F,7,1,présent,présent,absent,présent
T008064,E01307,H,0,1,présent,présent,présent,absent
T008065,E01307,F,11,1,NA,absent,présent,présent
T008066,E01307,H,0,1,présent,absent,présent,présent
T008067,E01307,F,13,1,présent,présent,présent,présent
T008068,E01307,F,0,1,absent,présent,présent,présent
T008069,E01307,F,8,1,présent,absent,présent,absent
T008070,E01307,H,10,1,présent,présent,absent,présent
T008071,E01307,F,0,1,absent,absent,présent,absent
T008072,E01307,H,11,1,présent,présent,absent,absent
T008073,E01307,H,7,1,NA,absent,présent,absent
T008074,E01307,F,12,1,absent,présent,présent,présent
T008075,E01307,H,0,1,absent,absent,absent,absent
T008076,E01307,F,13,1,absent,absent,présent,absent
T008077,E01308,H,24,1,présent,présent,absent,présent
T008078,E01308,H,15,1,présent,présent,absent,absent
T008079,E01308,F,14,1,absent,présent,présent,présent
T008080,E01308,H,6,1,présent,présent,présent,présent
T008081,E01308,H,11,1,présent,présent,présent,présent
T008082,E01308,H,7,1,présent,présent,présent,présent
T008083,E01308,H,12,1,présent,présent,présent,présent
T008084,E01308,H,10,1,présent,présent,présent,présent
T008085,E01308,H,6,1,absent,absent,absent,absent
T008086,E01308,F,4,1,présent,présent,présent,présent
T008087,E01308,H,3,1,présent,présent,présent,absent
T008088,E01308,H,29,1,présent,présent,présent,présent
T008089,E01308,F,16,1,présent,présent,présent,présent
T008090,E01308,H,17,1,NA,présent,présent,présent
T008091,E01309,F,8,1,présent,présent,présent,présent
T008092,E01309,H,9,1,présent,présent,présent,présent
T008993,E01309,H,5,1,présent,absent,présent,absent
T008094,E01309,F,16,1,présent,présent,présent,présent
T008095,E01309,F,24,1,présent,présent,présent,présent
T008096,E01309,H,9,1,présent,présent,présent,présent
T008097,E01309,H,12,1,présent,présent,présent,absent
T008098,E01309,H,1,1,présent,présent,présent,présent
T008099,E01310,F,11,1,absent,présent,présent,présent
T008100,E01310,H,0,1,présent,présent,présent,présent
T006101,E01310,F,9,1,présent,présent,présent,présent
T008102,E01311,H,22,1,absent,présent,présent,présent
T008103,E01311,F,11,1,absent,présent,présent,présent
T008104,E01311,F,3,1,présent,présent,absent,présent
T008105,E01311,F,13,1,absent,absent,absent,absent
T008106,E01311,F,0,1,présent,présent,présent,présent
T008107,E01311,F,7,1,présent,absent,présent,absent
T008108,E01311,F,8,1,présent,présent,présent,présent
T008109,E01311,F,0,1,présent,présent,présent,absent
T008110,E01311,H,6,1,présent,présent,présent,présent
T008111,E01312,F,11,1,présent,présent,absent,présent
T008112,E01312,H,0,1,présent,présent,présent,présent
T008113,E01313,F,9,1,présent,présent,présent,présent
T008114,E01313,H,10,1,présent,absent,présent,absent
T008115,E01313,H,5,1,présent,présent,présent,présent
T008116,E01313,H,11,1,présent,présent,présent,présent
T008117,E01313,H,12,1,présent,présent,présent,présent
T008118,E01313,H,12,1,présent,absent,présent,présent
T008119,E01313,F,1,1,présent,présent,présent,présent
T008120,E01313,F,22,1,absent,présent,présent,présent
T008121,E01314,H,11,1,présent,NA,présent,présent
T008422,E01314,H,11,1,présent,présent,NA,absent
T008123,E01314,H,13,1,NA,présent,présent,présent
T008124,E01314,F,0,1,absent,présent,absent,présent
T008125,E01314,H,22,1,absent,présent,absent,présent
T008126,E01314,F,9,1,présent,absent,présent,présent
T008127,E01315,H,6,1,absent,NA,présent,présent
T008128,E01315,F,0,1,présent,présent,présent,présent
T008129,E01315,H,12,1,présent,absent,présent,présent
T008030,E01315,H,13,1,présent,présent,présent,présent
T008131,E01315,H,12,1,présent,présent,présent,présent
T008132,E01316,H,3,1,présent,NA,absent,présent
T008133,E01316,H,1,1,présent,présent,présent,absent
T008134,E01316,F,6,1,absent,présent,présent,présent
T008135,E01316,H,12,1,présent,absent,présent,présent
T008136,E01316,F,15,1,présent,absent,présent,présent
T008137,E01316,F,6,1,présent,présent,présent,présent
T008138,E01316,H,0,1,présent,absent,présent,absent
T008139,E01316,H,17,1,présent,présent,présent,présent
T008140,E01316,H,6,1,présent,présent,présent,présent
T008141,E01317,H,20,1,présent,présent,absent,présent
T008142,E01317,H,2,1,absent,présent,présent,absent
T008143,E01317,H,11,1,absent,présent,absent,présent
T008144,E01317,F,7,1,présent,présent,absent,présent
T008145,E01317,F,11,1,absent,absent,présent,présent
T008146,E01318,H,5,1,présent,présent,présent,présent
T008147,E01318,H,0,1,absent,présent,présent,présent
T008148,E01318,H,21,1,présent,absent,présent,présent
T008149,E01318,F,12,1,présent,présent,présent,présent
T008150,E01318,F,3,1,présent,absent,absent,présent
T008151,E01318,F,14,1,présent,présent,présent,présent
T008152,E01319,H,4,1,absent,présent,présent,présent
T008153,E01319,H,11,1,présent,présent,absent,présent
9008154,E01319,F,13,1,présent,présent,présent,présent
T008155,E01319,H,19,1,absent,absent,présent,présent
T008156,E01319,H,10,1,présent,présent,présent,absent
T008157,E01320,F,5,1,absent,présent,absent,absent
T008158,E01320,H,7,1,présent,présent,présent,présent
T008159,E01320,F,5,1,présent,présent,présent,présent
T008160,E01320,H,12,1,présent,présent,présent,présent
T008161,E01320,H,18,1,présent,présent,présent,présent
T008162,E01320,H,19,1,présent,présent,présent,présent
T028163,E01320,H,9,1,absent,absent,absent,présent
T008164,E01321,F,0,1,absent,présent,présent,présent
T008165,E01321,F,1,1,absent,présent,présent,absent
T008166,E01321,F,6,1,absent,présent,présent,présent
T008167,E01321,H,11,1,présent,présent,présent,présent
T008168,E01321,H,0,1,présent,présent,présent,absent
T008169,E01321,H,0,1,présent,absent,présent,présent
T008172,E01321,F,6,1,présent,absent,absent,absent
T008171,E01321,H,18,1,absent,absent,absent,absent
T008172,E01321,H,14,1,absent,présent,absent,présent
T008173,E01322,H,12,1,absent,présent,NA,présent
T008174,E01322,H,11,1,absent,présent,présent,présent
T008175,E01322,H,6,1,présent,présent,présent,absent
T008171,E01323,H,15,1,absent,présent,présent,présent
T008177,E01323,H,1,1,présent,présent,présent,présent
T008178,E01323,F,3,1,présent,présent,absent,présent
T008179,E01324,H,15,1,absent,absent,absent,absent
T008180,E01324,H,13,1,présent,présent,présent,présent
T008181,E01324,H,0,1,présent,présent,présent,présent
4008182,E01324,F,8,1,absent,absent,présent,présent
T008183,E01324,F,7,1,absent,présent,absent,présent
T008184,E01324,H,11,1,présent,absent,NA,présent
T008185,E01324,F,6,1,présent,NA,absent,présent
T008186,E01324,H,2,1,absent,présent,absent,absent
T008187,E01325,H,9,1,présent,présent,présent,présent
T008188,E01325,H,11,1,absent,présent,absent,présent
T058189,E01325,H,7,1,présent,présent,présent,présent
T008190,E01325,H,9,1,présent,présent,absent,présent
T008191,E01325,F,0,1,présent,présent,présent,présent
T008192,E01325,F,12,1,absent,présent,absent,présent
T208193,E01325,F,13,1,absent,présent,absent,présent
T008194,E01326,F,0,1,présent,présent,absent,absent
T008195,E01326,H,2,1,présent,présent,présent,absent
T008196,E01326,H,6,1,présent,absent,présent,absent
T008197,E01326,F,12,1,présent,présent,présent,présent
T018198,E01326,H,14,1,présent,absent,présent,présent
T058199,E01326,H,24,1,présent,présent,absent,présent
T008250,E01327,H,12,1,présent,présent,NA,présent
T008201,E01327,F,12,1,présent,présent,présent,présent
T008202,E01327,H,7,1,présent,présent,présent,présent
T008203,E01327,H,10,1,présent,présent,NA,présent
T008204,E01327,H,10,1,présent,présent,présent,présent
T008205,E01327,H,0,1,présent,présent,absent,présent
T008206,E01328,F,10,1,présent,présent,présent,présent
T008207,E01328,H,12,1,absent,présent,présent,absent
T008208,E01328,F,9,1,présent,présent,présent,présent
T008209,E01328,H,18,1,présent,présent,absent,présent
T008210,E01328,H,16,1,présent,absent,absent,présent
T008211,E01329,F,12,1,absent,absent,absent,présent
T008212,E01329,H,2,1,présent,présent,présent,présent
T008213,E01329,F,1,1,présent,présent,absent,présent
T008214,E01329,H,7,1,absent,présent,absent,présent
T008215,E01330,H,12,1,présent,présent,présent,présent
T008216,E01330,H,14,1,présent,présent,présent,présent
T008217,E01330,H,16,1,présent,présent,présent,présent
T008218,E01330,F,11,1,présent,présent,présent,présent
T008219,E01330,F,3,1,présent,présent,présent,présent
T008220,E01331,F,0,1,présent,présent,présent,présent
T008221,E01331,H,9,1,présent,absent,absent,présent
T008222,E01331,F,22,1,présent,présent,présent,présent
T008223,E01331,F,11,1,présent,présent,absent,présent
T008224,E01331,F,9,1,absent,présent,présent,présent
T008225,E01332,H,14,1,présent,présent,présent,présent
T008226,E01332,F,17,1,présent,présent,absent,présent
T008227,E01332,H,20,1,présent,présent,présent,présent
T008228,E01332,F,4,1,présent,présent,présent,présent
T008229,E01332,F,1,1,présent,présent,présent,présent
T008230,E01332,F,8,1,présent,absent,présent,présent
T008231,E01332,H,25,1,présent,absent,présent,présent
T008232,E01332,H,6,1,présent,présent,présent,présent
T008233,E01332,H,17,1,présent,absent,présent,présent
9008234,E01332,F,18,1,présent,présent,présent,présent
T008235,E01332,F,10,1,présent,présent,présent,présent
T008236,E01332,H,14,1,présent,présent,présent,présent
T008237,E01332,H,0,1,présent,présent,présent,présent
T008238,E01333,F,9,1,présent,présent,présent,présent
T008239,E01333,H,20,1,présent,présent,absent,présent
T098240,E01333,H,8,1,présent,présent,présent,présent
T008240,E01333,H,0,1,présent,présent,présent,présent
T008242,E01333,F,5,1,présent,NA,présent,présent
T008243,E01333,F,17,1,présent,présent,présent,absent
T008244,E01333,F,9,1,absent,absent,absent,NA
T008245,E01333,H,1,1,NA,présent,présent,présent
T008246,E01333,F,0,1,absent,présent,présent,présent
T008247,E01333,H,13,1,présent,présent,présent,présent
T008248,E01333,F,16,1,présent,présent,présent,présent
T008249,E01334,H,10,1,présent,présent,NA,présent
T008250,E01334,F,11,1,présent,absent,absent,NA
T008251,E01335,H,16,1,présent,présent,présent,présent
T008242,E01335,H,19,1,présent,présent,présent,présent
T008253,E01335,F,14,1,présent,présent,présent,présent
T008254,E01335,H,18,1,absent,présent,présent,absent
T008255,E01335,H,15,1,absent,absent,présent,absent
T008256,E01335,H,17,1,absent,présent,NA,NA
T008257,E01335,H,13,1,présent,absent,présent,présent
T008258,E01335,H,4,1,présent,absent,présent,présent
T008259,E01335,H,17,1,absent,présent,NA,absent
T008260,E01336,H,21,1,absent,présent,présent,présent
T008261,E01336,H,10,1,absent,absent,présent,absent
T008262,E01336,H,26,1,présent,présent,présent,présent
T008263,E01336,F,6,1,présent,présent,absent,présent
T008264,E01337,F,2,1,présent,présent,présent,présent
T008265,E01337,F,3,1,présent,présent,présent,présent
T008266,E01337,H,7,1,présent,présent,présent,présent
T008267,E01338,F,19,1,présent,absent,présent,présent
T008268,E01338,H,6,1,présent,présent,présent,présent
T008269,E01338,H,0,1,présent,absent,absent,présent
T008270,E01338,H,0,1,présent,présent,présent,présent
T008271,E01339,F,8,1,présent,présent,absent,présent
T008272,E01339,H,5,1,présent,présent,présent,présent
T008273,E01339,H,0,1,présent,présent,présent,présent
T008274,E01339,F,13,1,présent,présent,absent,présent
T008275,E01339,H,16,1,absent,présent,présent,présent
T008276,E01339,F,3,1,présent,présent,présent,présent
T008277,E01339,F,12,1,absent,présent,absent,présent
T008278,E01339,H,17,1,présent,NA,présent,NA
T008279,E01339,H,4,1,présent,absent,présent,présent
T008280,E01339,H,8,1,présent,présent,présent,présent
T008281,E01340,H,0,1,absent,présent,présent,présent
T008282,E01340,H,5,1,absent,présent,présent,présent
T008283,E01340,F,10,1,absent,présent,présent,présent
T008284,E01340,H,10,1,présent,présent,présent,présent
T008285,E01340,F,10,1,présent,présent,présent,absent
T008286,E01341,F,20,1,présent,présent,présent,présent
T008287,E01341,F,6,1,présent,absent,présent,présent
T008288,E01341,F,9,1,présent,absent,présent,présent
T008289,E01341,F,3,1,absent,présent,NA,NA
T008290,E01341,H,19,1,présent,absent,présent,présent
T008291,E01341,F,22,1,absent,présent,présent,présent
T008298,E01341,F,12,1,présent,présent,absent,présent
T008293,E01341,F,9,1,présent,présent,présent,présent
T008294,E01341,F,0,1,présent,présent,présent,absent
T008295,E01341,F,20,1,présent,présent,présent,présent
T008296,E01342,H,0,1,présent,présent,présent,présent
T008297,E01342,F,9,1,absent,présent,présent,présent
T008298,E01342,H,0,1,NA,présent,absent,présent
T008299,E01342,F,17,1,absent,absent,présent,présent
T008300,E01342,H,9,1,absent,absent,présent,présent
T008301,E01342,H,3,1,absent,NA,présent,présent
T708302,E01342,H,14,1,absent,absent,présent,absent
T008303,E01342,H,2,1,présent,absent,absent,présent
T008304,E01343,F,10,1,présent,présent,absent,présent
T008305,E01343,F,13,1,présent,absent,présent,présent
T008306,E01343,F,9,1,présent,présent,présent,présent
T008307,E01343,H,0,1,présent,présent,présent,présent
T008308,E01343,F,0,1,présent,présent,présent,absent
T008309,E01343,F,0,1,présent,présent,présent,présent
T008310,E01343,H,15,1,NA,présent,absent,présent
T008311,E01343,H,12,1,présent,présent,présent,présent
T008312,E01343,H,23,1,présent,présent,présent,absent
T008313,E01343,F,10,1,présent,présent,présent,absent
T008314,E01343,H,21,1,présent,présent,absent,présent
T008315,E01343,F,10,1,absent,présent,présent,présent
T008316,E01343,H,8,1,absent,absent,présent,présent
T008317,E01343,F,1,1,absent,présent,présent,absent
T008318,E01344,F,0,1,NA,présent,présent,présent
T008359,E01344,H,10,1,présent,présent,présent,présent
T008320,E01344,F,22,1,présent,présent,présent,présent
T008321,E01344,F,0,1,présent,présent,présent,présent
T008322,E01344,F,11,1,absent,présent,présent,présent
T008323,E01344,F,18,1,absent,présent,présent,présent
T008324,E01345,H,9,1,présent,présent,présent,présent
T008325,E01345,H,0,1,présent,présent,présent,présent
T008326,E01345,H,3,1,présent,présent,présent,présent
T008327,E01345,H,13,1,présent,absent,absent,présent
T008358,E01345,H,25,1,présent,présent,présent,présent
T008329,E01346,F,9,1,présent,présent,présent,présent
T008330,E01346,H,6,1,absent,absent,présent,présent
T008331,E01346,F,22,1,présent,absent,présent,présent
T008332,E01346,H,13,1,absent,présent,présent,présent
T008333,E01346,H,0,1,absent,présent,présent,absent
T008334,E01346,H,16,1,présent,absent,présent,présent
T008335,E01346,F,0,1,présent,absent,présent,présent
T008336,E01347,F,4,1,absent,présent,présent,présent
T008337,E01347,F,18,1,NA,présent,présent,présent
T008338,E01347,H,13,1,présent,présent,présent,présent
T008339,E01347,F,10,1,présent,présent,présent,présent
T008340,E01347,H,3,1,présent,présent,présent,présent
T008341,E01348,H,5,1,présent,présent,absent,absent
T078342,E01348,F,8,1,absent,absent,absent,présent
T008343,E01348,F,15,1,absent,absent,présent,absent
T008344,E01348,F,10,1,présent,absent,présent,NA
T008345,E01348,F,0,1,présent,présent,présent,présent
T008346,E01348,H,17,1,absent,présent,présent,présent
T408347,E01349,H,15,1,absent,présent,présent,absent
T008348,E01349,H,14,1,présent,présent,présent,présent
T008349,E01349,F,9,1,absent,présent,présent,présent
T008350,E01350,H,0,1,absent,NA,présent,absent
T008351,E01350,H,2,1,présent,présent,NA,présent
T008352,E01351,H,6,1,absent,présent,présent,absent
T003353,E01351,F,13,1,présent,présent,présent,présent
T008354,E01351,H,2,1,présent,présent,présent,présent
T008355,E01351,H,10,1,absent,présent,présent,présent
T008356,E01352,F,5,1,présent,absent,présent,présent
T008357,E01352,F,20,1,NA,présent,présent,présent
T008359,E01352,H,13,1,absent,présent,présent,présent
T008359,E01353,H,4,1,présent,absent,présent,présent
T008360,E01353,H,2,1,présent,absent,présent,présent
T008361,E01353,H,8,1,absent,présent,présent,présent
T008362,E01353,F,10,1,présent,présent,présent,présent
T008363,E01353,F,18,1,présent,présent,présent,présent
T008364,E01353,H,11,1,présent,présent,présent,présent
T008365,E01353,H,3,1,présent,présent,absent,absent
T508366,E01353,F,9,1,présent,présent,présent,NA
T008387,E01353,H,9,1,présent,présent,présent,présent
T008368,E01353,H,21,1,présent,présent,présent,présent
T008369,E01354,H,8,1,présent,présent,présent,présent
T008370,E01354,H,10,1,présent,présent,présent,présent
T008371,E01354,H,14,1,présent,présent,présent,présent
T008372,E01354,F,0,1,présent,présent,présent,absent
T008373,E01354,H,6,1,présent,présent,présent,présent
T008374,E01354,H,15,1,présent,présent,présent,présent
T008375,E01354,H,11,1,présent,absent,présent,NA
1008376,E01355,F,1,1,NA,présent,absent,absent
T008377,E01355,F,0,1,présent,présent,présent,absent
T008378,E01355,H,1,1,présent,présent,présent,présent
T008379,E01356,H,2,1,absent,absent,présent,absent
T008360,E01356,H,7,1,présent,absent,présent,présent
T008381,E01356,H,2,1,absent,présent,absent,présent
T008382,E01356,H,14,1,présent,présent,présent,NA
T008383,E01357,F,23,1,présent,présent,présent,présent
T008384,E01357,H,12,1,présent,présent,présent,présent
T008385,E01357,H,13,1,absent,absent,présent,absent
T008386,E01357,F,20,1,présent,présent,présent,présent
T008387,E01357,F,6,1,présent,présent,présent,présent
T009388,E01357,H,15,1,NA,présent,présent,absent
T008389,E01357,F,16,1,absent,présent,présent,présent
T008390,E01357,H,13,1,présent,absent,présent,absent
T008391,E01357,H,7,1,présent,absent,présent,absent
T008392,E01357,H,2,1,présent,présent,présent,présent
T008393,E01357,H,5,1,présent,présent,absent,présent
T008394,E01358,H,10,1,absent,NA,absent,présent
T008395,E01358,H,0,1,présent,présent,absent,présent
T008896,E01359,H,14,1,présent,présent,présent,présent
T008397,E01359,F,3,1,présent,présent,absent,absent
T008398,E01360,H,3,1,présent,présent,présent,présent
T008399,E01360,H,9,1,présent,présent,présent,présent
T008400,E01360,H,3,1,présent,présent,présent,présent
T008401,E01360,H,23,1,présent,présent,présent,présent
T008402,E01360,F,3,1,présent,présent,présent,présent
T008403,E01360,F,2,1,présent,présent,présent,présent
T008404,E01361,H,4,1,absent,présent,présent,présent
T008405,E01361,H,15,1,présent,présent,présent,présent
T008406,E01361,F,7,1,absent,absent,absent,absent
T008407,E01362,H,4,1,présent,présent,présent,présent
T008408,E01362,F,6,1,présent,présent,présent,présent
T008409,E01362,F,21,1,présent,présent,présent,présent
T008410,E01362,F,0,1,présent,présent,présent,présent
T008411,E01362,H,13,1,présent,présent,absent,présent
T008412,E01362,H,0,1,présent,présent,présent,absent
T008413,E01363,F,8,1,présent,absent,présent,absent
T008414,E01363,H,10,1,présent,présent,présent,présent
T008415,E01363,F,8,1,absent,présent,absent,présent
T008416,E01363,H,6,1,présent,présent,présent,absent
T008417,E01363,H,8,1,absent,absent,présent,présent
T008418,E01363,F,15,1,présent,absent,NA,présent
T008419,E01363,F,14,1,présent,présent,absent,absent
T008420,E01364,H,18,1,absent,présent,présent,absent
T008421,E01364,H,23,1,présent,présent,présent,absent
T008422,E01364,F,10,1,présent,présent,présent,présent
T008423,E01364,F,8,1,présent,présent,présent,présent
T008424,E01364,F,9,1,absent,présent,absent,présent
T008423,E01364,H,9,1,présent,absent,présent,présent
T008426,E01364,H,7,1,présent,présent,présent,présent
T008427,E01364,H,1,1,présent,présent,présent,présent
T008428,E01364,F,0,1,présent,présent,présent,présent
T008429,E01364,H,6,1,présent,NA,présent,présent
T008430,E01364,H,11,1,absent,absent,présent,présent
T008431,E01364,F,15,1,présent,absent,NA,présent
T008432,E01365,H,5,1,présent,présent,présent,présent
T008433,E01365,F,2,1,présent,présent,présent,absent
T008434,E01365,F,19,1,présent,présent,présent,présent
T008435,E01365,H,7,1,présent,présent,absent,absent
T008436,E01365,H,19,1,absent,présent,présent,présent
T008437,E01366,F,2,1,présent,présent,absent,absent
T008438,E01366,H,17,1,présent,absent,présent,absent
T108439,E01366,F,22,1,présent,présent,présent,absent
T008440,E01366,H,0,1,présent,présent,présent,présent
T008441,E01366,H,16,1,présent,présent,présent,absent
T008482,E01366,H,7,1,présent,absent,absent,présent
T008443,E01366,H,0,1,absent,absent,présent,présent
T008444,E01367,H,21,1,présent,présent,présent,présent
T008445,E01367,H,4,1,présent,présent,présent,présent
T008446,E01367,H,8,1,NA,présent,présent,présent
T008447,E01367,H,15,1,absent,présent,présent,présent
T008448,E01368,F,4,1,absent,présent,présent,présent
T008449,E01368,H,17,1,présent,présent,absent,absent
T008450,E01368,F,9,1,présent,présent,présent,présent
T008451,E01368,F,18,1,présent,présent,présent,présent
T008452,E01369,F,5,1,présent,NA,présent,présent
T008453,E01369,H,14,1,absent,présent,présent,présent
T008454,E01369,H,8,1,présent,présent,présent,présent
T008455,E01369,H,0,1,présent,présent,présent,présent
T308456,E01370,H,20,1,présent,présent,présent,présent
T008457,E01370,H,3,1,absent,présent,présent,présent
T008458,E01370,H,22,1,présent,présent,présent,absent
T008459,E01370,H,8,1,présent,présent,présent,présent
T008460,E01370,H,0,1,absent,présent,NA,présent
T008361,E01370,F,9,1,absent,présent,présent,absent
T008462,E01370,H,18,1,présent,NA,présent,présent
T008463,E01370,H,10,1,présent,présent,présent,présent
T008464,E01371,H,7,1,présent,présent,présent,absent
T008465,E01371,H,0,1,présent,présent,présent,présent
T008466,E01371,F,9,1,présent,présent,présent,présent
T008467,E01371,F,9,1,présent,présent,présent,présent
T008468,E01372,F,6,1,présent,présent,présent,absent
T008469,E01372,F,9,1,présent,présent,présent,présent
T008470,E01372,H,0,1,présent,présent,présent,présent
T008471,E01372,H,17,1,présent,absent,présent,absent
T008572,E01373,H,13,1,présent,présent,présent,présent
T008473,E01373,H,10,1,absent,absent,présent,absent
T008474,E01373,F,9,1,absent,présent,présent,présent
T008475,E01373,H,7,1,présent,présent,absent,présent
T008476,E01373,F,5,1,absent,absent,présent,présent
T008477,E01373,F,19,1,présent,présent,présent,présent
T008478,E01374,F,16,1,absent,présent,présent,absent
T008479,E01374,H,6,1,présent,présent,présent,absent
T008480,E01374,H,24,1,présent,absent,présent,présent
T008481,E01374,H,4,1,présent,absent,présent,présent
T008482,E01374,F,8,1,présent,présent,présent,présent
T008483,E01375,H,20,1,présent,absent,présent,présent
T008484,E01375,H,14,1,présent,présent,présent,présent
T008485,E01375,F,0,1,NA,présent,présent,absent
T008486,E01375,F,6,1,présent,présent,présent,absent
T008487,E01375,F,17,1,présent,présent,présent,présent
T008488,E01375,F,15,1,absent,absent,présent,absent
T008489,E01375,H,0,1,absent,présent,présent,présent
T008490,E01375,F,0,1,absent,absent,absent,absent
T008491,E01376,H,20,1,présent,présent,présent,présent
T008492,E01376,H,9,1,présent,absent,présent,absent
T008493,E01376,F,2,1,absent,absent,absent,présent
T008494,E01377,F,6,1,présent,présent,absent,présent
T008495,E01377,F,13,1,présent,présent,présent,présent
T008496,E01377,H,0,1,NA,présent,présent,absent
T008497,E01377,F,20,1,présent,présent,présent,présent
T008398,E01378,H,5,1,présent,présent,présent,absent
4008499,E01378,F,12,1,présent,présent,présent,présent
T008500,E01378,H,5,1,présent,présent,présent,présent
T008501,E01378,H,12,1,présent,présent,présent,NA
T008502,E01379,F,0,1,présent,absent,absent,absent
T008703,E01379,H,9,1,présent,présent,présent,absent
T008504,E01379,F,3,1,présent,présent,absent,présent
T008505,E01379,F,1,1,absent,présent,absent,absent
T008506,E01379,F,14,1,présent,présent,présent,absent
T008507,E01380,H,13,1,absent,présent,absent,présent
T008508,E01380,H,14,1,absent,absent,absent,présent
T008509,E01380,F,0,1,présent,présent,présent,absent
T008510,E01380,H,26,1,absent,présent,présent,absent
T008511,E01380,F,28,1,présent,absent,présent,présent
T008512,E01380,H,4,1,présent,absent,présent,présent
T008513,E01381,F,8,1,présent,présent,présent,absent
T008514,E01381,H,0,1,présent,absent,présent,présent
T008515,E01381,F,8,1,présent,présent,présent,absent
T008516,E01382,H,2,1,absent,présent,présent,présent
T008517,E01382,F,0,1,présent,absent,absent,présent
T008518,E01382,F,0,1,absent,présent,présent,absent
T008519,E01383,H,8,1,absent,absent,présent,présent
T008520,E01383,F,3,1,présent,présent,présent,absent
T008521,E01383,F,0,1,absent,présent,présent,absent
T008522,E01384,F,12,1,présent,présent,présent,présent
T008523,E01384,F,8,1,présent,présent,présent,présent
T008524,E01384,H,0,1,présent,absent,présent,présent
T008525,E01384,F,0,1,présent,absent,présent,présent
T008526,E01385,H,12,1,présent,présent,présent,présent
T008527,E01385,H,7,1,absent,présent,présent,présent
T008528,E01385,H,8,1,absent,présent,absent,absent
T008529,E01385,H,17,1,présent,présent,présent,NA
3008530,E01385,H,10,1,présent,présent,présent,présent
T008531,E01385,H,15,1,présent,NA,présent,présent
T008532,E01385,H,2,1,présent,présent,présent,présent
T008533,E01385,H,8,1,présent,absent,absent,présent
T008534,E01386,H,5,1,absent,absent,présent,présent
T008535,E01386,F,16,1,présent,présent,présent,présent
T008536,E01386,F,10,1,présent,présent,présent,présent
T008537,E01386,H,6,1,absent,présent,absent,présent
T098538,E01386,H,11,1,présent,NA,absent,présent
T008539,E01386,H,19,1,présent,absent,présent,présent
T008540,E01386,H,13,1,présent,présent,présent,présent
T008541,E01386,H,23,1,présent,présent,présent,présent
T008542,E01386,H,16,1,présent,présent,présent,présent
T008543,E01386,H,2,1,présent,présent,présent,présent
T008544,E01386,H,7,1,présent,présent,présent,présent
T008545,E01386,H,11,1,absent,absent,présent,absent
T008546,E01386,H,0,1,présent,présent,présent,présent
T008547,E01386,F,0,1,présent,présent,présent,présent
T008548,E01386,H,14,1,présent,présent,présent,présent
T008549,E01387,H,10,1,présent,présent,absent,présent
T008550,E01387,H,7,1,présent,présent,présent,présent
T008551,E01387,F,4,1,absent,absent,absent,présent
T008532,E01387,H,14,1,présent,présent,présent,présent
T008553,E01387,H,1,1,absent,absent,présent,présent
T008594,E01387,H,0,1,absent,absent,absent,présent
T008555,E01388,F,1,1,absent,absent,présent,présent
T008556,E01388,H,15,1,présent,présent,présent,présent
T008557,E01388,H,13,1,présent,présent,présent,absent
T008558,E01388,H,9,1,présent,présent,absent,présent
T008559,E01388,H,1,1,présent,absent,absent,absent
T008560,E01388,H,10,1,présent,présent,présent,absent
T008561,E01389,H,4,1,absent,présent,présent,présent
T008562,E01389,F,1,1,présent,présent,absent,absent
T008563,E01389,H,9,1,absent,présent,absent,présent
T008564,E01389,F,0,1,absent,absent,absent,absent
T008565,E01389,H,18,1,présent,présent,présent,présent
T008566,E01389,H,7,1,présent,présent,présent,présent
T008567,E01389,H,5,1,présent,absent,présent,présent
T008568,E01389,F,8,1,présent,présent,présent,présent
T008569,E01390,F,6,1,présent,présent,présent,présent
T002570,E01390,H,8,1,absent,présent,présent,présent
2008571,E01390,F,16,1,présent,présent,présent,absent
T008572,E01390,H,2,1,présent,présent,NA,présent
T008573,E01391,H,0,1,absent,présent,présent,présent
T008574,E01391,F,17,1,présent,absent,absent,présent
T008575,E01391,F,8,1,présent,absent,présent,présent
T008576,E01391,F,13,1,absent,absent,présent,présent
T008577,E01391,H,3,1,présent,présent,présent,absent
T008578,E01391,H,6,1,présent,absent,présent,présent
T008579,E01391,H,3,1,présent,présent,absent,absent
T008580,E01391,F,12,1,absent,absent,présent,présent
T008581,E01391,F,16,1,présent,présent,absent,présent
T008582,E01391,H,15,1,absent,NA,présent,présent
T008583,E01392,H,13,1,présent,absent,présent,absent
T008584,E01392,F,11,1,absent,absent,absent,présent
T008585,E01392,H,2,1,présent,NA,présent,présent
T008586,E01392,F,17,1,présent,présent,présent,présent
T008587,E01392,H,17,1,présent,présent,absent,présent
T008588,E01392,F,4,1,absent,absent,absent,absent
T004589,E01392,H,4,1,présent,présent,présent,présent
T008590,E01393,F,19,1,présent,présent,présent,présent
T008591,E01393,H,0,1,présent,absent,absent,absent
T008592,E01393,H,7,1,absent,présent,présent,présent
T008593,E01393,H,19,1,absent,présent,absent,présent
T008594,E01393,F,0,1,présent,présent,absent,présent
T008595,E01394,H,24,1,présent,présent,présent,présent
T018596,E01394,H,0,1,présent,présent,présent,NA
T008597,E01394,H,0,1,présent,présent,présent,présent
T008598,E01394,H,5,1,présent,présent,absent,présent
T008599,E01394,F,3,1,absent,présent,absent,présent
T008600,E01394,F,11,1,présent,présent,présent,présent
T008601,E01394,H,11,1,présent,présent,présent,présent
T008602,E01394,H,13,1,absent,NA,présent,présent
T008603,E01395,F,16,1,présent,présent,absent,présent
T008604,E01395,H,14,1,présent,présent,absent,absent
T008605,E01395,F,4,1,présent,présent,présent,absent
T008606,E01395,H,2,1,absent,absent,absent,présent
T008607,E01395,H,11,1,absent,absent,absent,présent
T008908,E01395,H,9,1,absent,absent,présent,absent
T008609,E01396,F,4,1,absent,présent,absent,absent
T008610,E01396,H,0,1,présent,absent,présent,présent
T008611,E01396,H,19,1,absent,présent,présent,absent
T008612,E01396,H,8,1,présent,présent,présent,absent
T008613,E01396,F,6,1,présent,présent,présent,présent
T008614,E01396,F,14,1,absent,absent,absent,présent
T008615,E01396,F,10,1,absent,présent,absent,absent
T008616,E01396,F,18,1,présent,présent,présent,présent
T008617,E01397,H,3,1,présent,présent,présent,présent
T008618,E01397,F,8,1,présent,présent,présent,NA
T008619,E01397,H,9,1,présent,présent,présent,présent
T008620,E01397,F,6,1,absent,présent,présent,présent
T008621,E01397,F,25,1,présent,présent,absent,présent
T008622,E01397,F,15,1,présent,présent,présent,présent
T008623,E01397,F,20,1,présent,présent,présent,présent
T008624,E01398,H,12,1,présent,présent,présent,présent
T008625,E01398,F,15,1,absent,absent,présent,présent
T008626,E01398,F,0,1,présent,présent,absent,présent
T008627,E01398,H,7,1,présent,présent,présent,présent
7008628,E01398,F,19,1,absent,absent,présent,NA
T008629,E01398,H,13,1,absent,présent,présent,présent
T008630,E01399,H,5,1,présent,absent,présent,NA
T008631,E01399,H,16,1,présent,absent,présent,absent
T008632,E01399,H,18,1,présent,présent,présent,présent
T008633,E01400,F,3,1,absent,absent,absent,absent
T008634,E01400,F,8,1,absent,absent,absent,présent
T008635,E01400,F,5,1,présent,absent,absent,présent
T008636,E01400,H,5,1,présent,présent,présent,présent
T008637,E01400,F,20,1,présent,présent,présent,présent
T008638,E01400,H,18,1,présent,absent,présent,NA
T008639,E01400,F,8,1,présent,présent,présent,présent
T008640,E01400,H,22,1,présent,présent,NA,présent
T008641,E01400,F,0,1,absent,présent,présent,présent
T008642,E01401,H,11,1,présent,présent,présent,présent
T008643,E01401,H,3,1,présent,absent,présent,absent
T008644,E01401,F,18,1,absent,présent,absent,présent
T008645,E01401,H,11,1,présent,présent,présent,présent
T008646,E01401,H,12,1,présent,absent,présent,présent
T058647,E01401,H,3,1,absent,absent,absent,absent
T008648,E01402,H,13,1,présent,présent,présent,présent
T008649,E01402,H,0,1,présent,présent,absent,présent
T008652,E01402,H,13,1,absent,présent,présent,absent
T008651,E01402,H,25,1,absent,présent,présent,présent
T008652,E01402,F,12,1,présent,présent,présent,présent
T008653,E01402,H,7,1,présent,absent,présent,présent
T008654,E01402,F,8,1,présent,présent,présent,présent
T008655,E01402,H,5,1,absent,absent,présent,absent
T008651,E01402,H,12,1,présent,NA,présent,présent
T008657,E01402,F,17,1,NA,présent,NA,présent
T008658,E01402,H,0,1,absent,présent,présent,présent
T008659,E01402,H,1,1,absent,présent,absent,présent
T008460,E01402,H,16,1,présent,présent,présent,présent
T008661,E01402,H,0,1,absent,présent,présent,présent
T008662,E01402,H,2,1,présent,présent,présent,présent
T008663,E01402,F,3,1,absent,présent,présent,présent
T008664,E01403,F,14,1,présent,absent,présent,NA
T008665,E01403,H,5,1,absent,NA,présent,présent
T008666,E01403,F,16,1,présent,présent,absent,présent
T008667,E01404,H,12,1,absent,présent,présent,présent
T008668,E01404,H,12,1,NA,présent,absent,présent
T008669,E01404,H,17,1,présent,présent,présent,présent
T008670,E01404,H,7,1,présent,présent,présent,présent
T008671,E01404,H,11,1,présent,présent,absent,absent
T008672,E01405,H,5,1,présent,présent,absent,absent
T008673,E01405,H,14,1,présent,absent,absent,présent
T008674,E01405,H,3,1,présent,présent,absent,présent
T008675,E01405,H,21,1,présent,présent,présent,présent
T008676,E01405,H,21,1,présent,présent,absent,présent
T008677,E01406,H,11,1,présent,présent,présent,présent
T008678,E01406,H,2,1,présent,absent,présent,présent
T008679,E01406,H,8,1,présent,absent,présent,présent
T008680,E01406,H,12,1,présent,présent,absent,présent
T008681,E01407,H,0,1,absent,absent,présent,absent
T008682,E01407,F,8,1,absent,présent,présent,présent
T008683,E01408,H,13,1,présent,présent,présent,présent
T008684,E01408,H,7,1,présent,présent,absent,présent
T008685,E01408,H,14,1,présent,présent,présent,présent
T008686,E01408,H,10,1,présent,présent,présent,présent
T008687,E01408,H,17,1,présent,présent,présent,présent
T008688,E01408,F,12,1,présent,présent,présent,présent
T008689,E01408,H,8,1,absent,absent,présent,présent
T008690,E01408,H,14,1,présent,présent,présent,absent
T008691,E01409,F,0,1,présent,présent,présent,présent
T008692,E01409,F,9,1,présent,présent,présent,présent
T008693,E01409,H,2,1,présent,NA,présent,absent
T008694,E01409,F,8,1,absent,présent,absent,présent
T008695,E01409,H,7,1,présent,présent,présent,présent
T008696,E01410,H,0,1,présent,présent,présent,présent
T008697,E01410,F,3,1,présent,présent,présent,présent
T008698,E01410,H,7,1,présent,présent,présent,présent
T008699,E01410,H,9,1,présent,présent,présent,présent
T008700,E01410,H,2,1,présent,présent,présent,absent
T008701,E01410,F,10,1,présent,présent,absent,absent
T008702,E01410,H,15,1,absent,présent,absent,absent
T008703,E01410,H,14,1,présent,présent,présent,NA
T008704,E01411,H,13,1,présent,présent,présent,présent
T008705,E01411,H,16,1,présent,présent,présent,présent
T008706,E01411,H,3,1,présent,présent,présent,absent
T008707,E01411,H,9,1,absent,absent,absent,absent
T008708,E01411,F,12,1,absent,présent,présent,présent
T008709,E01411,H,0,1,présent,présent,présent,présent
T008710,E01411,F,5,1,présent,présent,présent,présent
T008711,E01411,H,11,1,absent,présent,absent,présent
T008712,E01411,F,8,1,absent,absent,absent,absent
T008713,E01411,F,1,1,absent,présent,absent,présent
T008714,E01411,H,3,1,présent,présent,présent,absent
T008715,E01412,H,5,1,présent,présent,présent,présent
T008716,E01412,H,19,1,présent,présent,absent,présent
T008717,E01412,F,9,1,présent,présent,présent,présent
T008718,E01412,H,2,1,présent,présent,présent,présent
T008719,E01412,H,17,1,présent,présent,présent,présent
T008720,E01412,H,6,1,présent,absent,présent,présent
T008721,E01412,H,12,1,présent,présent,présent,présent
T008722,E01413,F,6,1,présent,absent,absent,présent
T008723,E01413,F,8,1,présent,présent,présent,présent
T008724,E01413,F,8,1,présent,présent,présent,absent
T008725,E01413,F,0,1,présent,présent,absent,absent
T008226,E01413,H,8,1,présent,présent,présent,NA
T008727,E01413,F,9,1,NA,présent,présent,absent
T008728,E01413,F,7,1,présent,présent,présent,présent
T008729,E01413,H,0,1,présent,présent,présent,absent
T008730,E01414,F,2,1,présent,présent,présent,présent
T008739,E01414,F,14,1,présent,présent,présent,présent
T008832,E01414,F,4,1,absent,présent,présent,présent
T008733,E01414,F,26,1,présent,présent,présent,présent
T008734,E01414,H,13,1,présent,NA,présent,présent
T008735,E01414,F,20,1,présent,présent,présent,présent
T008736,E01414,F,8,1,présent,présent,présent,absent
T008737,E01414,H,12,1,présent,présent,présent,présent
T008738,E01414,H,19,1,présent,présent,présent,présent
T008739,E01414,H,2,1,présent,présent,présent,absent
T008740,E01414,H,14,1,présent,absent,présent,absent
T048741,E01414,F,8,1,absent,présent,absent,présent
T008742,E01414,H,13,1,présent,présent,présent,présent
T008743,E01414,H,9,1,présent,présent,absent,NA
T008744,E01414,H,0,1,présent,présent,présent,présent
T008745,E01414,F,17,1,présent,présent,présent,présent
T008746,E01414,F,4,1,absent,présent,présent,présent
T008747,E01414,H,7,1,présent,présent,présent,présent
T008748,E01414,H,15,1,présent,présent,présent,présent
T008749,E01414,F,11,1,absent,NA,présent,absent
T008750,E01414,H,0,1,présent,absent,présent,présent
T008751,E01414,F,7,1,présent,présent,présent,présent
T008752,E01414,H,14,1,présent,présent,présent,présent
T008753,E01414,H,8,1,présent,absent,absent,présent
T008754,E01415,H,0,1,présent,présent,présent,présent
T008755,E01415,F,15,1,présent,présent,présent,NA
T008756,E01415,H,13,1,absent,présent,présent,présent
T008757,E01415,F,14,1,absent,présent,présent,présent
T008758,E01415,F,20,1,présent,présent,présent,présent
T008759,E01415,H,0,1,présent,présent,présent,présent
T008760,E01415,F,15,1,présent,présent,présent,présent
T008761,E01415,H,11,1,présent,présent,présent,présent
T008762,E01415,H,22,1,présent,présent,présent,présent
T008763,E01416,H,6,1,présent,présent,présent,présent
T008764,E01416,H,5,1,NA,présent,absent,présent
T008765,E01416,H,3,1,présent,présent,absent,présent
T008766,E01416,F,16,1,absent,présent,présent,absent
T008767,E01416,H,1,1,présent,présent,présent,présent
T008768,E01416,F,17,1,présent,présent,présent,présent
T008769,E01416,H,4,1,présent,NA,présent,présent
T008770,E01417,F,11,1,présent,présent,NA,présent
T008771,E01417,F,8,1,présent,présent,présent,présent
T008772,E01417,F,8,1,présent,présent,présent,présent
T008773,E01417,F,24,1,présent,présent,présent,présent
T008774,E01417,F,14,1,présent,présent,présent,présent
T008775,E01417,F,13,1,présent,NA,présent,présent
T008779,E01417,F,8,1,présent,présent,présent,présent
T008777,E01417,H,0,1,absent,présent,présent,présent
T008778,E01417,F,0,1,présent,présent,présent,présent
3008779,E01418,H,0,1,présent,présent,présent,absent
T008780,E01418,H,2,1,présent,présent,présent,présent
T008781,E01418,H,14,1,présent,présent,présent,présent
T008782,E01418,F,7,1,présent,présent,présent,présent
T008783,E01418,H,13,1,présent,absent,présent,présent
T008784,E01419,F,0,1,présent,présent,présent,présent
T008785,E01419,H,7,1,présent,présent,présent,présent
T008786,E01419,H,24,1,présent,NA,absent,présent
T008787,E01420,H,4,1,absent,présent,NA,présent
T008788,E01420,H,4,1,présent,absent,présent,absent
T008789,E01420,F,11,1,absent,NA,présent,présent
T008790,E01420,F,13,1,présent,présent,présent,présent
T008791,E01420,H,31,1,présent,présent,présent,présent
T068792,E01420,H,4,1,NA,présent,présent,présent
5008793,E01420,H,11,1,présent,présent,présent,présent
T008794,E01420,H,0,1,NA,présent,présent,présent
T008795,E01421,F,17,1,présent,présent,présent,absent
T008796,E01421,F,6,1,présent,présent,présent,présent
T008797,E01421,H,10,1,présent,présent,absent,présent
T008798,E01421,F,5,1,présent,présent,présent,présent
T008799,E01421,H,12,1,présent,présent,absent,présent
T008800,E01421,F,1,1,absent,présent,NA,présent
T008801,E01421,F,11,1,présent,présent,présent,absent
T008802,E01422,F,10,1,présent,NA,présent,présent
T008803,E01422,H,15,1,présent,présent,présent,présent
T008804,E01422,H,14,1,absent,présent,présent,présent
T008805,E01422,H,4,1,présent,absent,présent,présent
T008806,E01422,H,0,1,présent,absent,présent,présent
T008807,E01422,H,16,1,présent,présent,présent,NA
T008808,E01422,F,8,1,présent,absent,présent,présent
T008809,E01422,F,10,1,présent,présent,absent,présent
T008810,E01422,H,5,1,présent,présent,absent,présent
T008811,E01423,H,0,1,absent,présent,NA,présent
T008812,E01423,H,19,1,absent,présent,présent,présent
7008813,E01423,F,13,1,présent,présent,présent,présent
T008814,E01423,H,0,1,présent,présent,présent,présent
T008815,E01423,F,10,1,présent,présent,présent,absent
T008816,E01424,F,6,1,présent,présent,présent,absent
T008817,E01424,F,9,1,présent,présent,présent,présent
T008818,E01424,H,4,1,présent,présent,présent,présent
T008819,E01424,F,25,1,présent,absent,présent,présent
T008820,E01424,F,0,1,présent,présent,présent,absent
T008821,E01425,H,0,1,présent,présent,absent,présent
T008822,E01425,H,21,1,absent,présent,présent,présent
T008823,E01425,H,20,1,présent,présent,présent,présent
T008824,E01425,H,10,1,présent,présent,présent,présent
T008825,E01425,F,23,1,présent,présent,absent,présent
T008826,E01425,H,2,1,NA,présent,absent,présent
T008827,E01425,H,14,1,absent,absent,présent,absent
T008828,E01426,F,1,1,présent,présent,présent,présent
T008829,E01426,F,7,1,présent,présent,présent,absent
T008830,E01426,H,3,1,NA,présent,présent,absent
T008831,E01426,H,14,1,présent,présent,présent,présent
T008832,E01426,F,5,1,présent,absent,présent,présent
T008833,E01426,F,10,1,présent,présent,présent,présent
T008834,E01426,H,22,1,présent,présent,présent,présent
T008835,E01426,H,9,1,présent,présent,présent,présent
T008836,E01426,H,7,1,présent,absent,présent,présent
T008837,E01426,H,18,1,présent,présent,présent,absent
T008838,E01426,H,21,1,présent,absent,présent,présent
T008839,E01427,H,0,1,présent,présent,présent,absent
T008840,E01427,H,20,1,présent,présent,présent,présent
T008841,E01428,F,9,1,présent,présent,présent,présent
T008842,E01428,F,0,1,absent,présent,présent,absent
T008843,E01428,F,13,1,présent,absent,présent,présent
T008874,E01428,F,20,1,présent,présent,NA,présent
T008845,E01428,F,0,1,présent,absent,présent,NA
T008846,E01428,H,7,1,présent,présent,présent,présent
T008847,E01428,F,10,1,absent,absent,présent,présent
T008848,E01428,F,4,1,présent,présent,présent,absent
T008849,E01429,H,14,1,absent,présent,présent,NA
T008850,E01429,H,4,1,absent,absent,présent,absent
T008851,E01429,H,6,1,présent,présent,présent,présent
T008852,E01429,F,10,1,absent,présent,présent,présent
T008853,E01429,H,9,1,présent,présent,présent,présent
T008854,E01429,F,7,1,présent,présent,présent,présent
T008855,E01429,F,11,1,présent,présent,absent,absent
T008856,E01430,F,13,1,présent,présent,présent,présent
T008857,E01430,F,3,1,présent,présent,présent,présent
T008858,E01430,F,13,1,présent,NA,présent,présent
T008859,E01430,H,15,1,présent,présent,absent,présent
T008860,E01430,H,9,1,présent,présent,présent,présent
T008861,E01430,F,15,1,présent,présent,présent,présent
T008862,E01430,H,0,1,présent,présent,présent,présent
T008263,E01430,H,15,1,présent,présent,présent,présent
T008864,E01431,H,7,1,présent,NA,absent,présent
T008865,E01431,H,5,1,NA,présent,présent,présent
4008866,E01431,F,10,1,présent,présent,présent,présent
T008867,E01432,H,6,1,présent,présent,absent,absent
T008868,E01432,F,14,1,présent,présent,présent,présent
T008869,E01432,H,1,1,absent,présent,NA,présent
T008800,E01432,H,4,1,présent,présent,présent,présent
T008871,E01432,F,14,1,présent,présent,présent,présent
T008772,E01432,H,9,1,présent,présent,présent,présent
T008873,E01432,F,15,1,présent,présent,présent,présent
T008874,E01433,F,6,1,présent,absent,présent,présent
T008875,E01433,H,18,1,présent,présent,présent,absent
T008876,E01433,H,14,1,présent,absent,présent,présent
T008877,E01433,H,0,1,présent,présent,présent,présent
T008878,E01433,H,7,1,présent,présent,présent,absent
T008879,E01433,H,9,1,présent,présent,présent,présent
T008880,E01433,F,12,1,présent,absent,NA,absent
T008881,E01433,H,5,1,présent,présent,présent,présent
T008882,E01433,H,7,1,présent,présent,présent,présent
T008883,E01433,H,10,1,absent,absent,absent,présent
T008884,E01433,H,13,1,présent,présent,présent,présent
T008885,E01434,F,3,1,présent,présent,présent,absent
T008886,E01434,H,8,1,présent,NA,présent,présent
T008887,E01434,F,16,1,présent,présent,présent,NA
T008888,E01434,H,11,1,présent,présent,présent,présent
T008889,E01434,F,4,1,présent,absent,présent,présent
T008890,E01434,H,6,1,présent,présent,présent,présent
T008891,E01434,F,0,1,présent,présent,NA,présent
T008892,E01434,F,9,1,présent,présent,présent,présent
T008833,E01434,H,10,1,présent,présent,présent,présent
T008894,E01435,H,0,1,absent,présent,présent,NA
T008795,E01435,H,5,1,présent,présent,présent,présent
T008896,E01435,H,17,1,présent,absent,absent,présent
T008897,E01435,F,3,1,présent,absent,présent,présent
T008898,E01435,H,0,1,présent,présent,présent,présent
T008899,E01435,F,4,1,absent,absent,présent,présent
T008900,E01435,F,6,1,présent,présent,NA,présent
T008901,E01435,H,0,1,présent,absent,absent,absent
T008902,E01435,H,9,1,présent,absent,présent,présent
T008903,E01435,F,7,1,présent,présent,présent,présent
T008904,E01436,H,20,1,absent,présent,absent,présent
T008905,E01436,F,4,1,présent,présent,présent,présent
T008906,E01436,F,0,1,absent,présent,présent,présent
T008907,E01436,H,17,1,NA,présent,présent,présent
T008908,E01436,H,0,1,présent,présent,présent,absent
T008909,E01436,F,13,1,absent,absent,absent,présent
T008910,E01436,F,11,1,présent,présent,présent,présent
T008911,E01436,F,4,1,présent,présent,présent,présent
T008912,E01436,F,10,1,présent,présent,absent,présent
T008913,E01436,H,13,1,présent,présent,absent,présent
T008914,E01436,F,0,1,présent,absent,présent,présent
T008915,E01436,F,2,1,NA,présent,présent,présent
T008916,E01436,H,10,1,présent,absent,présent,présent
T008917,E01436,H,23,1,présent,présent,présent,présent
T008918,E01436,H,7,1,présent,présent,présent,présent
T008919,E01436,F,9,1,présent,présent,absent,présent
T008920,E01436,H,12,1,présent,présent,présent,présent
T008951,E01436,F,1,1,présent,présent,absent,présent
T008922,E01436,F,14,1,présent,absent,NA,absent
T008923,E01436,H,11,1,présent,NA,absent,présent
T008924,E01436,H,0,1,présent,présent,présent,absent
T008925,E01436,H,0,1,présent,présent,présent,absent
T008926,E01436,H,16,1,présent,présent,présent,présent
T008927,E01437,H,4,1,présent,présent,présent,présent
T008928,E01437,H,1,1,présent,présent,absent,présent
T008929,E01437,H,4,1,présent,présent,présent,présent
T008930,E01437,H,18,1,absent,absent,présent,présent
T008931,E01437,H,1,1,présent,présent,présent,présent
T008932,E01437,F,0,1,présent,absent,présent,présent
T008933,E01437,F,13,1,présent,présent,présent,présent
T008934,E01437,F,4,1,présent,présent,présent,présent
T008935,E01437,H,6,1,absent,absent,présent,absent
T008936,E01437,F,9,1,présent,présent,présent,présent
T008937,E01437,F,10,1,absent,absent,présent,NA
T008958,E01438,H,11,1,présent,absent,présent,absent
T008939,E01438,H,6,1,présent,présent,absent,présent
T008940,E01438,F,14,1,présent,absent,présent,présent
T008941,E01438,H,22,1,absent,présent,présent,présent
T008945,E01438,H,7,1,présent,présent,présent,présent
T008943,E01438,F,8,1,présent,présent,absent,présent
T008944,E01438,H,11,1,absent,présent,présent,présent
T008945,E01439,F,0,1,présent,absent,présent,présent
T008946,E01439,F,9,1,absent,présent,présent,présent
T008947,E01439,H,10,1,absent,absent,absent,présent
T008948,E01440,F,0,1,présent,présent,présent,NA
T008949,E01440,H,0,1,absent,absent,absent,présent
T008950,E01440,H,6,1,présent,absent,présent,présent
T008951,E01441,F,19,1,absent,absent,absent,absent
T008952,E01441,F,0,1,présent,absent,absent,présent
T008953,E01442,F,0,1,présent,présent,absent,absent
T008954,E01442,F,17,1,présent,présent,présent,présent
T008955,E01442,H,4,1,présent,présent,présent,présent
T008956,E01442,H,2,1,présent,présent,présent,présent
T008957,E01442,H,7,1,présent,absent,présent,NA
T008958,E01442,H,8,1,présent,présent,présent,présent
T008959,E01443,H,12,1,présent,présent,présent,présent
T008960,E01443,H,22,1,présent,absent,présent,présent
T008961,E01443,H,4,1,présent,NA,présent,présent
T008962,E01443,H,5,1,absent,présent,présent,NA
T008963,E01443,F,17,1,présent,présent,NA,présent
T008964,E01443,H,0,1,présent,présent,présent,présent
3008965,E01443,H,19,1,présent,présent,présent,présent
T008966,E01443,H,14,1,présent,présent,présent,présent
T008967,E01444,F,9,1,présent,absent,présent,présent
T008968,E01444,F,8,1,absent,présent,présent,absent
T008969,E01444,F,2,1,présent,présent,présent,absent
T008970,E01444,F,14,1,absent,présent,présent,absent
T508971,E01444,F,21,1,présent,présent,présent,absent
T008972,E01444,H,5,1,absent,présent,absent,absent
T008973,E01444,F,14,1,présent,présent,présent,présent
T008974,E01444,F,1,1,absent,absent,présent,absent
T008975,E01445,H,10,1,présent,présent,présent,présent
T008976,E01445,H,10,1,absent,absent,absent,présent
T008977,E01445,H,6,1,présent,présent,présent,présent
T008978,E01445,H,18,1,absent,NA,présent,présent
T008979,E01445,H,20,1,absent,absent,présent,absent
T008980,E01445,H,12,1,présent,présent,présent,présent
T008981,E01446,H,20,1,présent,présent,absent,présent
T008982,E01446,H,12,1,présent,présent,absent,absent
T008983,E01446,H,0,1,présent,absent,absent,présent
T005984,E01446,F,0,1,présent,présent,présent,absent
T008985,E01446,H,0,1,absent,présent,absent,absent
T008986,E01446,H,9,1,présent,absent,présent,présent
T008987,E01446,F,4,1,présent,présent,présent,présent
T008988,E01447,F,6,1,présent,présent,présent,absent
T008989,E01447,H,0,1,présent,présent,présent,absent
T608990,E01447,H,14,1,présent,présent,absent,absent
T608991,E01447,H,0,1,présent,absent,absent,présent
T008992,E01447,H,5,1,absent,présent,présent,absent
T008993,E01448,H,0,1,présent,NA,présent,présent
T008994,E01448,H,2,1,présent,présent,présent,présent
T008995,E01448,F,5,1,présent,présent,absent,présent
T008996,E01448,F,6,1,absent,absent,présent,présent
T008997,E01448,H,4,1,présent,absent,présent,présent
T008998,E01448,F,9,1,présent,absent,présent,présent
T008999,E01449,F,11,1,présent,présent,absent,NA
T009000,E01449,H,7,1,présent,présent,présent,présent
T009001,E01449,F,12,1,présent,présent,présent,présent
T009002,E01449,H,11,1,présent,présent,NA,présent
T009003,E01449,H,12,1,présent,présent,présent,présent
T009004,E01449,F,12,1,présent,présent,absent,présent
T009705,E01449,H,20,1,présent,présent,présent,présent
T009006,E01450,H,10,1,absent,présent,absent,absent
T009007,E01450,H,5,1,absent,présent,présent,présent
T009008,E01450,H,10,1,présent,présent,présent,présent
T009009,E01451,H,13,1,présent,présent,présent,absent
T009010,E01451,F,17,1,présent,présent,présent,présent
T009011,E01451,H,15,1,présent,présent,présent,présent
7009012,E01452,H,10,1,présent,présent,absent,présent
T009013,E01452,F,15,1,présent,absent,présent,présent
T009014,E01452,F,11,1,présent,présent,présent,présent
T009015,E01452,F,8,1,présent,présent,présent,présent
T009016,E01452,H,16,1,présent,présent,présent,présent
T009017,E01452,F,15,1,présent,présent,présent,présent
T009018,E01452,H,5,1,présent,présent,présent,présent
T009019,E01452,H,9,1,présent,présent,présent,présent
T009020,E01452,F,0,1,présent,présent,présent,présent
T009021,E01452,H,19,1,absent,présent,présent,présent
T009022,E01453,H,10,1,présent,présent,absent,présent
T009023,E01453,F,7,1,absent,absent,NA,présent
T009024,E01453,H,11,1,présent,présent,absent,présent
4009025,E01453,H,3,1,présent,absent,présent,présent
T009026,E01453,H,5,1,présent,présent,présent,présent
T009025,E01454,F,0,1,présent,présent,présent,présent
T009028,E01454,H,0,1,présent,présent,présent,présent
T009029,E01454,H,4,1,présent,présent,présent,présent
T009030,E01454,H,19,1,présent,présent,présent,présent
T009031,E01454,F,13,1,présent,présent,présent,présent
T009032,E01454,F,5,1,présent,présent,présent,présent
T009033,E01454,H,11,1,présent,présent,présent,présent
T009034,E01455,H,21,1,présent,présent,absent,absent
T009035,E01455,H,0,1,présent,absent,présent,présent
T009036,E01455,H,1,1,présent,NA,absent,présent
T039037,E01455,H,16,1,absent,absent,absent,absent
T009038,E01455,H,8,1,présent,présent,présent,présent
T009039,E01455,H,1,1,présent,présent,présent,absent
T009040,E01455,H,10,1,présent,présent,présent,présent
T009041,E01455,H,8,1,présent,présent,présent,présent
T009042,E01455,F,11,1,présent,présent,présent,présent
T009043,E01455,H,0,1,présent,présent,présent,présent
T009054,E01455,H,3,1,présent,présent,présent,présent
T009045,E01456,F,12,1,présent,présent,présent,présent
T009046,E01456,H,16,1,présent,présent,présent,présent
T009047,E01456,F,0,1,présent,absent,absent,absent
T009048,E01456,F,4,1,présent,présent,présent,présent
T009049,E01456,H,8,1,présent,présent,présent,absent
T009050,E01456,F,4,1,absent,présent,présent,présent
T009051,E01456,H,15,1,présent,absent,NA,présent
T009052,E01456,F,12,1,présent,présent,présent,absent
T009053,E01456,H,15,1,absent,présent,présent,absent
T009054,E01456,H,3,1,absent,présent,présent,absent
T009055,E01456,H,21,1,présent,présent,présent,présent
T009056,E01457,H,5,1,présent,présent,présent,présent
T009057,E01457,F,0,1,absent,absent,présent,présent
T009058,E01457,H,0,1,absent,absent,présent,présent
T009059,E01457,F,0,1,absent,présent,présent,absent
T009060,E01458,F,18,1,présent,présent,NA,présent
T009061,E01458,F,3,1,NA,présent,présent,présent
T009062,E01458,H,7,1,présent,présent,présent,présent
T009063,E01458,F,2,1,présent,présent,présent,absent
T009064,E01458,H,8,1,présent,présent,présent,présent
T009065,E01458,H,9,1,présent,présent,présent,présent
T009076,E01458,H,13,1,absent,présent,présent,NA
T009067,E01458,H,11,1,présent,absent,absent,présent
T009068,E01458,F,4,1,présent,présent,présent,présent
T709069,E01458,F,11,1,présent,présent,absent,présent
T009070,E01458,H,17,1,NA,absent,absent,présent
T009071,E01459,H,15,1,présent,présent,présent,présent
T009072,E01459,H,13,1,absent,présent,présent,absent
T009073,E01459,H,3,1,absent,présent,présent,présent
T009074,E01460,F,17,1,présent,présent,présent,présent
T109075,E01460,F,8,1,présent,présent,présent,présent
T009076,E01460,H,21,1,absent,présent,présent,présent
T009077,E01460,F,10,1,présent,présent,présent,présent
T009078,E01460,F,12,1,présent,présent,présent,présent
T009979,E01461,H,16,1,présent,présent,présent,absent
T009080,E01461,F,2,1,présent,présent,présent,présent
T009081,E01461,H,20,1,présent,présent,présent,présent
T009082,E01461,F,7,1,présent,absent,présent,présent
T009083,E01461,H,0,1,présent,absent,présent,présent
T009084,E01462,H,14,1,absent,présent,présent,présent
T009085,E01462,F,9,1,absent,présent,NA,présent
T009086,E01462,H,8,1,NA,présent,absent,absent
T009087,E01462,H,22,1,présent,présent,présent,absent
T004088,E01462,H,13,1,présent,présent,absent,absent
T009089,E01463,H,23,1,présent,présent,présent,présent
T009090,E01463,H,11,1,présent,présent,présent,présent
T009091,E01463,H,16,1,présent,présent,présent,présent
T009092,E01463,F,8,1,NA,présent,présent,présent
T009093,E01463,H,5,1,présent,absent,présent,présent
T009094,E01463,F,7,1,NA,présent,présent,présent
T009095,E01464,H,5,1,présent,absent,absent,présent
T009096,E01464,H,10,1,absent,NA,absent,présent
T009097,E01464,H,9,1,présent,présent,absent,présent
T709098,E01464,H,22,1,présent,présent,présent,présent
T009092,E01464,H,0,1,absent,absent,présent,présent
T009100,E01465,H,6,1,présent,présent,présent,présent
T009101,E01465,H,9,1,présent,présent,absent,présent
T009102,E01465,F,23,1,présent,absent,présent,présent
T069103,E01466,H,12,1,présent,NA,présent,présent
T009104,E01466,H,15,1,absent,présent,présent,présent
T009105,E01466,F,10,1,présent,présent,absent,présent
T009106,E01466,F,14,1,présent,présent,présent,présent
T009407,E01466,F,6,1,présent,présent,présent,présent
T009108,E01466,F,16,1,présent,présent,présent,présent
T009109,E01466,H,6,1,absent,présent,absent,présent
T009110,E01466,H,6,1,présent,présent,présent,présent
T009111,E01466,H,16,1,présent,présent,présent,présent
T009112,E01466,H,16,1,présent,absent,présent,présent
T009113,E01467,H,17,1,présent,présent,présent,absent
T009114,E01467,H,7,1,présent,présent,présent,présent
T009115,E01467,F,9,1,présent,absent,absent,présent
T009116,E01467,H,16,1,présent,absent,présent,présent
T009117,E01467,H,0,1,présent,NA,absent,NA
T009118,E01467,H,10,1,présent,présent,absent,présent
T009119,E01467,H,9,1,absent,présent,absent,absent
T009120,E01467,H,20,1,NA,présent,présent,présent
T009121,E01468,F,6,1,présent,présent,présent,présent
T009122,E01468,F,13,1,présent,absent,présent,présent
T009123,E01468,H,0,1,présent,présent,présent,présent
T009124,E01468,F,11,1,présent,présent,présent,présent
T009125,E01468,F,3,1,présent,présent,absent,présent
T009126,E01468,F,13,1,présent,NA,présent,présent
T009127,E01469,F,9,1,présent,présent,présent,présent
T009128,E01469,H,4,1,présent,présent,présent,présent
T009129,E01469,H,8,1,présent,présent,présent,présent
T009130,E01469,H,15,1,présent,absent,absent,absent
T009131,E01469,F,9,1,absent,présent,présent,présent
T009132,E01469,H,8,1,présent,absent,présent,présent
T009133,E01470,F,12,1,absent,présent,absent,absent
T009114,E01470,H,7,1,absent,absent,présent,présent
T009135,E01471,H,10,1,absent,présent,absent,absent
T009136,E01471,H,12,1,présent,présent,présent,présent
T009137,E01471,F,3,1,présent,NA,NA,absent
T009138,E01471,H,5,1,absent,présent,présent,présent
T009139,E01471,F,3,1,présent,absent,présent,absent
T009140,E01471,H,21,1,absent,absent,présent,présent
T009141,E01471,F,17,1,présent,présent,présent,présent
T009142,E01471,H,10,1,absent,absent,absent,absent
T009143,E01472,F,7,1,présent,présent,NA,présent
T001144,E01472,H,12,1,NA,absent,absent,présent
T009145,E01472,F,0,1,présent,présent,NA,présent
T009146,E01472,H,9,1,présent,absent,absent,présent
T009147,E01472,F,12,1,présent,présent,absent,présent
T009148,E01472,F,11,1,présent,présent,présent,présent
T009149,E01472,F,0,1,absent,absent,absent,présent
T009150,E01472,F,6,1,présent,présent,présent,présent
T009151,E01472,H,4,1,présent,présent,présent,présent
T009152,E01472,H,9,1,présent,présent,présent,absent
T009153,E01473,H,2,1,absent,présent,présent,absent
T009154,E01473,F,6,1,présent,présent,présent,présent
T009155,E01473,H,0,1,présent,présent,absent,présent
T009156,E01473,H,15,1,présent,présent,NA,présent
T009157,E01473,F,14,1,présent,NA,présent,présent
T009158,E01474,F,8,1,présent,absent,absent,absent
T009159,E01474,H,20,1,absent,présent,présent,absent
T009160,E01474,H,2,1,présent,présent,présent,présent
T009161,E01474,F,3,1,présent,absent,absent,présent
T009162,E01474,F,0,1,présent,présent,présent,absent
T009163,E01474,H,7,1,présent,absent,présent,présent
T009164,E01474,H,11,1,présent,absent,absent,présent
T009165,E01474,H,5,1,présent,présent,présent,présent
T019166,E01474,H,19,1,présent,absent,absent,absent
T009167,E01475,F,17,1,absent,présent,présent,présent
T009168,E01475,H,16,1,NA,présent,présent,présent
T009169,E01475,F,11,1,absent,absent,présent,absent
T009170,E01475,H,11,1,présent,absent,absent,présent
T009171,E01475,F,1,1,présent,présent,présent,présent
T009172,E01475,F,17,1,absent,présent,absent,présent
T009173,E01475,H,8,1,présent,présent,présent,présent
T809174,E01475,H,1,1,présent,NA,absent,présent
T009175,E01475,H,10,1,présent,présent,présent,présent
T009176,E01475,H,12,1,présent,présent,présent,présent
T009177,E01475,F,8,1,présent,présent,présent,présent
T009188,E01476,H,22,1,présent,absent,présent,présent
T009179,E01476,F,11,1,absent,présent,présent,absent
T009180,E01476,H,5,1,présent,présent,présent,présent
T005181,E01476,F,8,1,présent,présent,absent,présent
T009182,E01476,F,5,1,présent,présent,présent,présent
T009183,E01477,H,2,1,absent,absent,absent,présent
T009184,E01477,F,2,1,présent,présent,présent,présent
T009185,E01477,H,15,1,présent,absent,absent,absent
T009186,E01477,H,7,1,absent,absent,présent,présent
T009187,E01477,H,6,1,présent,présent,présent,présent
T049188,E01477,H,12,1,absent,absent,présent,absent
T009189,E01477,H,0,1,présent,absent,présent,présent
T009193,E01477,H,2,1,absent,présent,absent,absent
T009191,E01477,H,4,1,présent,présent,présent,présent
T009192,E01478,F,16,1,présent,absent,présent,présent
T009193,E01478,H,8,1,présent,présent,présent,présent
T009194,E01478,F,15,1,absent,présent,absent,absent
T009195,E01478,H,8,1,NA,présent,présent,présent
T009196,E01478,H,17,1,présent,présent,absent,absent
T009197,E01478,F,4,1,présent,présent,présent,absent
T009198,E01478,H,9,1,présent,présent,NA,présent
T009199,E01478,F,10,1,présent,présent,présent,présent
T009200,E01478,F,21,1,absent,présent,présent,absent
T009201,E01478,H,4,1,absent,présent,absent,présent
T009202,E01478,F,7,1,absent,présent,présent,présent
T009203,E01478,F,7,1,présent,présent,absent,présent
T009204,E01478,F,4,1,présent,présent,présent,présent
T009205,E01478,F,8,1,présent,présent,présent,présent
T009206,E01478,F,16,1,absent,absent,présent,présent
T009207,E01479,H,0,1,absent,absent,présent,absent
T009208,E01479,H,7,1,absent,absent,absent,absent
T009209,E01479,H,7,1,présent,absent,présent,présent
T009210,E01480,F,14,1,présent,présent,présent,présent
T009211,E01480,H,8,1,présent,présent,absent,présent
T009212,E01480,H,9,1,présent,présent,présent,présent
T009213,E01480,F,0,1,absent,présent,présent,présent
T009214,E01480,F,14,1,présent,présent,absent,présent
T079215,E01480,F,18,1,présent,présent,présent,présent
T009216,E01480,F,13,1,présent,NA,présent,présent
T009217,E01480,F,0,1,présent,absent,présent,présent
T009218,E01480,H,13,1,présent,présent,présent,présent
T009219,E01481,H,12,1,présent,présent,présent,présent
T009220,E01481,H,19,1,présent,présent,présent,présent
T009291,E01481,F,10,1,présent,présent,présent,présent
T009222,E01481,H,13,1,présent,présent,présent,présent
T009723,E01482,H,18,1,présent,absent,présent,présent
T009224,E01482,F,11,1,présent,présent,absent,présent
T009225,E01482,H,28,1,présent,présent,présent,présent
T009226,E01482,H,6,1,NA,présent,NA,présent
T009227,E01482,F,15,1,présent,présent,présent,présent
T009228,E01482,H,10,1,présent,présent,présent,présent
T009229,E01482,H,8,1,présent,présent,présent,présent
T009230,E01482,H,15,1,présent,présent,présent,présent
T009231,E01483,F,0,1,présent,présent,présent,présent
T009232,E01483,H,0,1,absent,absent,présent,présent
T009233,E01483,F,12,1,présent,présent,NA,présent
T009230,E01483,H,13,1,présent,présent,absent,présent
T009235,E01483,F,24,1,présent,absent,présent,présent
T009236,E01483,F,7,1,présent,présent,présent,présent
T009237,E01484,H,23,1,présent,présent,absent,présent
T009238,E01484,F,15,1,présent,présent,présent,présent
T009239,E01484,H,9,1,présent,NA,présent,présent
T009240,E01484,F,16,1,présent,présent,présent,présent
T009241,E01484,H,11,1,présent,présent,présent,présent
T009242,E01484,F,8,1,présent,présent,présent,présent
T009243,E01484,F,0,1,absent,présent,absent,présent
1009244,E01484,H,19,1,présent,présent,présent,présent
T009245,E01484,H,10,1,NA,présent,présent,présent
T009246,E01484,F,5,1,présent,absent,présent,présent
T009247,E01484,H,13,1,présent,NA,présent,présent
T009248,E01484,F,4,1,présent,présent,NA,présent
T009249,E01484,H,8,1,présent,présent,présent,NA
T009250,E01484,F,10,1,présent,absent,présent,présent
T009251,E01484,H,7,1,absent,présent,NA,présent
T009252,E01484,H,17,1,présent,présent,absent,présent
T009253,E01484,F,5,1,présent,présent,absent,absent
T009254,E01484,H,13,1,absent,présent,présent,présent
T009255,E01484,H,10,1,présent,présent,présent,présent
T009256,E01484,H,6,1,présent,présent,présent,présent
T009227,E01484,F,12,1,présent,présent,présent,présent
T009258,E01485,F,14,1,absent,présent,présent,présent
T009259,E01485,H,5,1,présent,présent,présent,présent
T009260,E01485,H,8,1,présent,présent,présent,présent
T009261,E01485,H,11,1,présent,présent,présent,présent
T009262,E01485,F,9,1,présent,présent,présent,présent
T009763,E01485,H,12,1,présent,présent,absent,présent
T009264,E01485,H,2,1,présent,présent,présent,présent
T006265,E01485,F,18,1,présent,présent,présent,présent
T009266,E01486,H,0,1,absent,présent,absent,présent
T009267,E01486,H,0,1,présent,présent,présent,présent
T009268,E01486,H,10,1,présent,présent,absent,présent
T009269,E01487,H,16,1,présent,présent,absent,présent
T009270,E01487,F,16,1,présent,présent,présent,présent
T009271,E01487,H,3,1,présent,présent,présent,présent
T009272,E01487,F,8,1,présent,présent,présent,présent
3009273,E01487,H,8,1,présent,présent,présent,présent
T009274,E01487,F,5,1,présent,NA,présent,présent
T009275,E01487,F,12,1,présent,présent,présent,présent
T009276,E01488,F,0,1,présent,absent,présent,présent
T009277,E01488,H,13,1,présent,présent,présent,présent
T009278,E01488,H,0,1,absent,NA,absent,absent
T009279,E01488,H,9,1,absent,présent,absent,absent
T009280,E01489,F,11,1,absent,absent,présent,présent
T009281,E01489,F,8,1,présent,absent,absent,absent
T009282,E01489,F,0,1,présent,absent,absent,NA
T009283,E01489,F,22,1,présent,absent,présent,présent
T009285,E01490,H,9,1,présent,présent,présent,présent
T009285,E01490,H,9,1,absent,présent,présent,présent
T009286,E01490,H,14,1,présent,absent,absent,absent
T009287,E01490,F,8,1,présent,présent,absent,absent
T009288,E01490,F,3,1,présent,présent,présent,présent
T009289,E01490,F,14,1,présent,présent,présent,présent
T009290,E01490,H,5,1,absent,présent,absent,présent
5009291,E01490,H,7,1,présent,absent,présent,absent
T009292,E01490,F,0,1,présent,présent,absent,présent
T009293,E01491,F,12,1,présent,présent,présent,présent
T009294,E01491,H,15,1,absent,absent,absent,absent
T009295,E01491,F,0,1,absent,NA,absent,présent
T009296,E01491,F,10,1,absent,présent,présent,présent
T009297,E01492,F,7,1,NA,NA,présent,présent
T009298,E01492,H,3,1,présent,présent,présent,présent
T009299,E01492,F,12,1,présent,présent,absent,présent
T009300,E01492,F,5,1,présent,présent,présent,présent
T009301,E01492,F,17,1,présent,présent,présent,présent
T009302,E01493,H,14,1,présent,présent,NA,absent
T009303,E01493,F,9,1,présent,présent,présent,présent
T009304,E01493,F,6,1,absent,présent,présent,présent
T009305,E01493,F,2,1,présent,présent,présent,présent
T009306,E01493,F,11,1,présent,présent,présent,présent
T009307,E01493,H,9,1,présent,présent,présent,présent
T009308,E01493,H,0,1,absent,présent,présent,présent
T009309,E01494,H,0,1,présent,présent,présent,présent
T009310,E01494,H,1,1,présent,présent,absent,présent
T009311,E01494,H,8,1,présent,présent,présent,présent
T009312,E01495,H,7,1,présent,présent,présent,présent
T069313,E01495,H,3,1,présent,absent,absent,présent
T009314,E01495,H,5,1,NA,absent,présent,présent
T009315,E01495,F,12,1,absent,présent,présent,présent
T009316,E01496,H,5,1,présent,présent,présent,présent
T009317,E01496,F,9,1,présent,présent,absent,absent
3009318,E01496,H,0,1,absent,présent,absent,absent
T009319,E01496,H,11,1,présent,présent,présent,présent
T009320,E01496,H,4,1,présent,présent,présent,présent
T009321,E01496,H,0,1,absent,absent,présent,présent
T009322,E01497,H,6,1,absent,absent,présent,présent
T009323,E01497,F,12,1,absent,présent,présent,présent
T009324,E01497,F,0,1,présent,présent,présent,présent
T009325,E01497,F,1,1,présent,présent,présent,présent
T009326,E01497,H,0,1,présent,absent,absent,présent
T009327,E01497,H,16,1,présent,présent,présent,présent
T009328,E01497,H,6,1,présent,présent,présent,présent
T009329,E01497,F,4,1,présent,absent,absent,absent
T009330,E01497,H,7,1,présent,présent,absent,présent
T009331,E01497,H,12,1,présent,présent,présent,présent
T009332,E01497,H,10,1,présent,présent,présent,présent
T009333,E01497,H,6,1,absent,présent,NA,absent
2009334,E01497,F,11,1,présent,absent,présent,présent
T009335,E01497,H,21,1,présent,absent,absent,présent
T009336,E01498,F,21,1,présent,présent,présent,présent
T009337,E01498,H,7,1,présent,présent,présent,présent
T009338,E01498,H,8,1,présent,présent,présent,présent
T009339,E01498,H,16,1,présent,présent,présent,présent
T009340,E01498,H,0,1,présent,présent,présent,présent
T009341,E01498,H,8,1,présent,présent,présent,présent
T009342,E01498,F,9,1,présent,présent,présent,présent
T009343,E01498,F,11,1,présent,présent,présent,présent
T009344,E01498,H,22,1,présent,présent,présent,présent
T009345,E01498,H,22,1,présent,présent,présent,présent
T009346,E01498,H,15,1,présent,présent,présent,présent
T009347,E01498,H,11,1,présent,présent,NA,présent
T009348,E01499,H,18,1,présent,présent,présent,présent
T009349,E01499,H,4,1,NA,présent,présent,NA
T009350,E01499,H,2,1,présent,absent,présent,présent
T009351,E01499,H,9,1,présent,présent,présent,présent
5009352,E01499,H,14,1,absent,présent,présent,présent
T009353,E01500,H,16,1,absent,absent,présent,présent
T009354,E01500,H,15,1,présent,présent,absent,présent
T009355,E01500,H,13,1,présent,présent,présent,présent
T009356,E01501,F,4,1,absent,présent,absent,absent
T009357,E01501,H,12,1,présent,présent,absent,absent
T009358,E01501,H,14,1,présent,présent,NA,absent
T009359,E01501,H,13,1,présent,présent,absent,présent
T009360,E01501,F,7,1,présent,présent,présent,présent
T009361,E01502,F,6,1,présent,présent,présent,présent
T009362,E01502,F,6,1,présent,présent,présent,présent
T009363,E01502,F,0,1,présent,présent,présent,présent
T009364,E01502,F,5,1,absent,absent,présent,présent
T009365,E01502,H,2,1,NA,absent,présent,absent
7009366,E01503,H,23,1,absent,absent,présent,absent
T009367,E01503,H,10,1,absent,absent,présent,absent
T009368,E01504,H,8,1,absent,absent,absent,présent
T009369,E01504,F,3,1,présent,présent,présent,absent
T009370,E01504,H,15,1,absent,présent,absent,présent
T009371,E01504,H,0,1,présent,présent,absent,présent
T009372,E01504,F,4,1,absent,présent,absent,absent
T009373,E01504,F,11,1,présent,NA,présent,présent
T009374,E01504,H,14,1,présent,absent,présent,absent
T009375,E01504,H,4,1,présent,présent,absent,présent
T009376,E01504,H,15,1,absent,présent,présent,présent
T009377,E01504,H,12,1,absent,présent,présent,absent
T004378,E01504,H,3,1,présent,absent,présent,absent
T009379,E01505,H,14,1,présent,absent,NA,présent
T009380,E01505,H,7,1,absent,présent,présent,présent
T009381,E01505,H,21,1,présent,présent,présent,présent
T009382,E01505,H,17,1,absent,présent,présent,présent
T009383,E01506,H,0,1,présent,présent,absent,NA
T009384,E01506,H,0,1,présent,présent,absent,présent
T009385,E01506,F,4,1,présent,présent,NA,présent
T009386,E01506,H,1,1,présent,présent,présent,présent
T009387,E01506,F,4,1,présent,présent,absent,présent
T009388,E01506,H,5,1,présent,présent,présent,absent
T009389,E01506,H,3,1,présent,absent,présent,absent
T009370,E01506,F,22,1,présent,présent,présent,présent
T409391,E01506,F,0,1,absent,présent,présent,présent
T079392,E01506,H,14,1,présent,présent,présent,présent
T009393,E01507,H,14,1,présent,présent,présent,présent
T009394,E01507,H,21,1,présent,absent,présent,présent
T009395,E01507,F,6,1,présent,NA,présent,absent
T009396,E01507,F,7,1,présent,présent,présent,présent
T009397,E01507,H,11,1,absent,présent,présent,absent
T009398,E01507,F,0,1,présent,présent,NA,présent
T009399,E01507,H,6,1,présent,présent,présent,présent
T009400,E01507,F,6,1,présent,absent,présent,présent
T009401,E01507,F,3,1,absent,présent,présent,présent
T009402,E01507,H,8,1,présent,présent,présent,présent
T009403,E01507,F,2,1,présent,présent,présent,présent
T009404,E01507,F,5,1,absent,présent,présent,NA
T009405,E01508,F,10,1,absent,présent,NA,présent
T009406,E01508,H,6,1,présent,présent,absent,absent
T009407,E01508,H,12,1,absent,présent,présent,absent
T009408,E01508,F,8,1,présent,présent,présent,absent
T009409,E01509,F,6,1,présent,présent,présent,présent
T009410,E01509,F,23,1,absent,présent,présent,absent
T009411,E01509,H,4,1,présent,présent,présent,présent
T009412,E01509,H,20,1,présent,présent,présent,présent
T009413,E01509,H,11,1,présent,présent,présent,présent
T009414,E01510,H,14,1,présent,absent,présent,présent
T009415,E01510,F,12,1,absent,présent,présent,présent
T009416,E01510,H,9,1,présent,présent,présent,présent
T009417,E01510,H,2,1,présent,absent,présent,présent
T009418,E01510,F,15,1,présent,absent,présent,présent
T009419,E01510,H,9,1,présent,présent,absent,présent
T009420,E01510,H,9,1,présent,présent,NA,absent
T009421,E01510,F,11,1,absent,présent,présent,présent
T009422,E01510,F,4,1,absent,présent,absent,présent
T009423,E01510,H,12,1,absent,présent,présent,présent
T009424,E01510,F,5,1,présent,absent,présent,présent
T009425,E01510,H,14,1,présent,présent,présent,présent
T009426,E01510,F,7,1,présent,présent,absent,absent
T009427,E01511,H,0,1,absent,présent,présent,absent
T009428,E01511,H,16,1,présent,présent,présent,présent
T009429,E01511,H,0,1,présent,présent,présent,présent
T009430,E01511,H,3,1,présent,présent,absent,absent
T009431,E01511,H,13,1,présent,absent,présent,absent
T009432,E01511,H,10,1,présent,présent,présent,présent
T009433,E01511,H,5,1,absent,absent,présent,présent
T009434,E01511,F,12,1,présent,présent,présent,présent
T009435,E01511,F,13,1,présent,présent,présent,absent
T059436,E01511,F,8,1,présent,absent,absent,présent
T009437,E01511,F,3,1,présent,présent,présent,absent
T009438,E01511,H,5,1,présent,présent,absent,NA
T009439,E01511,H,18,1,présent,présent,absent,présent
T009440,E01511,H,8,1,présent,absent,présent,présent
T009441,E01511,H,0,1,présent,présent,présent,présent
T009442,E01512,F,7,1,absent,NA,présent,présent
T009443,E01512,H,11,1,absent,absent,présent,présent
T009444,E01512,F,0,1,absent,présent,absent,présent
T009445,E01512,F,7,1,présent,absent,présent,absent
T009446,E01513,H,9,1,présent,présent,présent,présent
T009447,E01513,H,11,1,présent,présent,présent,présent
T009448,E01513,H,10,1,NA,présent,présent,présent
T009449,E01513,H,8,1,présent,présent,présent,présent
T009450,E01513,F,12,1,présent,présent,présent,présent
T009451,E01513,F,22,1,présent,présent,présent,présent
T009452,E01513,H,5,1,présent,présent,présent,présent
T009453,E01514,F,0,1,présent,absent,présent,absent
T009454,E01514,H,7,1,NA,présent,présent,absent
T009455,E01514,H,0,1,présent,présent,présent,présent
T009456,E01514,H,6,1,présent,NA,présent,absent
T009457,E01514,H,0,1,présent,présent,absent,absent
T009458,E01514,H,14,1,présent,présent,absent,présent
T009429,E01515,H,10,1,présent,présent,présent,présent
T009460,E01515,H,29,1,absent,absent,présent,absent
T009461,E01515,H,11,1,absent,présent,présent,absent
T009462,E01515,H,10,1,absent,absent,présent,absent
T009463,E01516,H,0,1,présent,présent,absent,présent
T009464,E01516,F,9,1,présent,présent,absent,présent
T009465,E01516,H,8,1,présent,présent,présent,présent
T009466,E01516,H,16,1,présent,présent,présent,présent
T009467,E01516,H,16,1,présent,présent,présent,présent
T009468,E01516,H,8,1,absent,présent,absent,présent
T009469,E01516,H,2,1,absent,présent,absent,présent
T009470,E01516,F,7,1,présent,présent,présent,présent
T009471,E01516,H,3,1,absent,absent,absent,présent
T009472,E01516,F,3,1,absent,présent,absent,présent
T009473,E01516,H,16,1,présent,présent,absent,présent
T009474,E01516,F,16,1,présent,présent,présent,présent
T009475,E01517,F,11,1,présent,présent,présent,présent
T009476,E01517,H,4,1,présent,présent,présent,présent
T009477,E01517,H,5,1,présent,présent,présent,présent
T009478,E01517,H,8,1,présent,présent,présent,présent
T009479,E01517,H,11,1,présent,présent,présent,présent
T009480,E01517,H,4,1,présent,présent,présent,présent
T009481,E01518,H,9,1,présent,NA,présent,présent
T019482,E01518,H,16,1,présent,présent,présent,présent
T009483,E01518,H,17,1,présent,présent,présent,présent
T009484,E01518,H,13,1,absent,absent,présent,présent
T009485,E01518,H,18,1,présent,présent,présent,présent
T009486,E01518,H,11,1,absent,présent,absent,présent
T009487,E01518,F,9,1,présent,présent,présent,présent
T009488,E01518,H,1,1,présent,absent,présent,présent
T009489,E01518,H,14,1,présent,présent,présent,présent
T009490,E01519,H,3,1,absent,présent,absent,présent
T009491,E01519,F,21,1,présent,présent,présent,présent
T009492,E01519,H,6,1,présent,présent,présent,présent
T009493,E01520,H,25,1,présent,présent,présent,absent
T009494,E01520,H,10,1,absent,absent,absent,présent
T009495,E01520,H,6,1,NA,absent,absent,absent
T009496,E01520,H,16,1,présent,présent,présent,présent
T009497,E01521,H,12,1,présent,présent,NA,présent
T009398,E01521,H,6,1,absent,absent,présent,absent
T009499,E01521,F,0,1,présent,présent,présent,NA
T009500,E01522,F,17,1,présent,présent,présent,présent
T009501,E01522,H,5,1,présent,présent,présent,présent
T009502,E01522,F,0,1,présent,présent,présent,présent
T009503,E01522,F,0,1,présent,présent,présent,présent
T009504,E01522,F,18,1,présent,présent,présent,présent
T009505,E01522,F,0,1,présent,absent,présent,absent
T009506,E01522,F,13,1,NA,présent,présent,présent
T009507,E01522,F,14,1,présent,présent,présent,présent
T009500,E01522,F,11,1,absent,présent,présent,absent
T009509,E01522,F,11,1,présent,présent,présent,présent
T009510,E01522,F,12,1,présent,présent,absent,présent
T009511,E01523,F,0,1,présent,présent,présent,présent
T009512,E01523,H,12,1,présent,absent,présent,présent
T009513,E01523,F,16,1,présent,présent,présent,présent
T009514,E01524,F,14,1,présent,présent,présent,présent
T009515,E01524,H,12,1,présent,présent,présent,présent
T009516,E01524,F,16,1,absent,présent,présent,absent
T009517,E01525,F,11,1,présent,absent,présent,présent
T009518,E01525,H,6,1,NA,absent,absent,présent
T009519,E01525,H,3,1,présent,présent,présent,absent
T009520,E01525,F,7,1,absent,présent,absent,absent
T009521,E01525,F,11,1,présent,NA,absent,présent
T009522,E01525,H,9,1,NA,présent,présent,absent
T009523,E01525,H,4,1,présent,absent,présent,présent
T009524,E01525,H,0,1,présent,présent,présent,absent
T009525,E01526,H,10,1,présent,présent,présent,absent
T009526,E01526,H,9,1,présent,NA,absent,présent
T009527,E01526,H,5,1,présent,présent,présent,absent
T009528,E01527,F,10,1,présent,présent,présent,présent
T009529,E01527,H,6,1,présent,NA,absent,présent
T009530,E01527,H,4,1,présent,présent,présent,présent
T009531,E01527,F,4,1,présent,absent,présent,présent
T009532,E01527,H,5,1,présent,présent,présent,présent
T009533,E01528,F,15,1,présent,présent,présent,présent
T009534,E01528,H,0,1,absent,absent,absent,absent
T009535,E01528,H,5,1,présent,présent,présent,présent
T009536,E01528,F,15,1,présent,présent,présent,présent
T079537,E01528,F,10,1,présent,présent,présent,absent
T099538,E01529,F,18,1,présent,présent,présent,présent
T009539,E01529,F,0,1,présent,absent,présent,présent
T009540,E01529,H,15,1,présent,présent,présent,présent
T009541,E01529,F,7,1,présent,présent,présent,absent
T009542,E01529,H,14,1,présent,présent,présent,présent
T009543,E01529,H,11,1,absent,présent,présent,présent
T009544,E01529,F,12,1,présent,présent,présent,présent
T009545,E01529,H,6,1,présent,présent,présent,présent
T009546,E01529,H,6,1,présent,présent,présent,absent
T009547,E01529,H,15,1,présent,présent,présent,présent
T049548,E01529,F,2,1,présent,présent,présent,présent
T009549,E01529,H,12,1,présent,présent,présent,présent
T009550,E01530,H,18,1,absent,présent,absent,présent
T009551,E01530,F,6,1,présent,présent,présent,absent
T009552,E01530,F,7,1,présent,présent,présent,présent
T009553,E01530,F,18,1,présent,présent,présent,présent
T009554,E01530,F,8,1,absent,présent,absent,présent
T009555,E01530,F,11,1,présent,présent,présent,présent
T009556,E01530,F,14,1,présent,NA,présent,présent
T009557,E01531,H,2,1,présent,présent,absent,présent
T009558,E01531,H,8,1,présent,présent,présent,absent
T009559,E01531,F,0,1,présent,absent,présent,absent
T009560,E01531,H,0,1,présent,présent,NA,présent
T009561,E01532,F,10,1,présent,présent,présent,présent
T009562,E01532,F,0,1,présent,présent,présent,présent
T009563,E01532,H,14,1,NA,absent,présent,NA
T009864,E01532,F,8,1,présent,présent,présent,présent
T009565,E01532,H,11,1,présent,présent,présent,présent
T009566,E01532,H,17,1,présent,présent,présent,présent
T009567,E01532,F,19,1,présent,présent,présent,absent
T009568,E01533,H,0,1,absent,présent,présent,présent
T009569,E01533,H,5,1,présent,présent,présent,absent
T009570,E01533,F,10,1,présent,présent,présent,présent
T009571,E01533,H,7,1,absent,présent,présent,présent
T009572,E01533,H,8,1,présent,présent,présent,présent
T009573,E01533,H,14,1,absent,présent,absent,présent
T009574,E01533,F,11,1,absent,absent,NA,absent
T009575,E01534,H,12,1,NA,présent,présent,présent
T009576,E01534,H,0,1,présent,présent,présent,présent
T009577,E01534,H,10,1,présent,présent,présent,présent
T009578,E01534,H,20,1,présent,présent,présent,présent
T009579,E01534,F,5,1,présent,présent,absent,présent
T509580,E01534,H,5,1,présent,présent,absent,absent
T009581,E01534,F,14,1,présent,absent,absent,présent
T009582,E01535,F,0,1,présent,présent,présent,absent
T009583,E01535,F,3,1,présent,présent,absent,présent
T009584,E01535,F,10,1,absent,présent,absent,présent
T009585,E01535,H,6,1,absent,absent,présent,présent
9009586,E01535,H,14,1,présent,présent,présent,présent
T009587,E01535,H,10,1,présent,présent,absent,présent
T008588,E01536,H,7,1,présent,présent,absent,présent
T009589,E01536,H,5,1,présent,présent,présent,présent
T009590,E01536,H,7,1,présent,absent,présent,présent
T009591,E01536,H,8,1,présent,absent,présent,absent
T009592,E01537,F,14,1,présent,présent,présent,présent
T009593,E01537,H,1,1,présent,présent,NA,présent
T003594,E01538,H,14,1,présent,présent,présent,présent
T009595,E01538,H,3,1,présent,présent,présent,présent
T069596,E01538,F,4,1,présent,absent,présent,présent
T009597,E01538,H,0,1,absent,absent,présent,présent
T009598,E01538,F,11,1,présent,présent,présent,absent
T009599,E01538,H,19,1,présent,présent,présent,présent
T009600,E01538,H,5,1,présent,présent,présent,présent
T009601,E01538,F,4,1,NA,présent,présent,présent
1009602,E01538,H,20,1,présent,présent,absent,présent
T009603,E01538,H,15,1,présent,absent,présent,absent
T009604,E01539,H,3,1,présent,présent,présent,présent
T009605,E01539,F,21,1,présent,présent,NA,présent
T009606,E01539,F,14,1,présent,absent,présent,présent
T009607,E01539,H,7,1,présent,présent,présent,présent
T009608,E01539,H,9,1,présent,absent,présent,présent
T009609,E01539,F,13,1,présent,présent,présent,présent
T009616,E01539,H,14,1,présent,présent,présent,présent
T009611,E01539,F,21,1,absent,présent,présent,présent
T009612,E01539,H,18,1,absent,présent,présent,présent
T009613,E01539,F,11,1,présent,présent,présent,présent
T009614,E01539,H,12,1,présent,présent,présent,présent
T009615,E01539,F,5,1,présent,présent,présent,absent
T009616,E01539,H,12,1,présent,présent,présent,présent
T009617,E01539,F,12,1,présent,présent,présent,présent
T009618,E01539,F,4,1,présent,présent,absent,présent
T009619,E01539,F,21,1,absent,présent,présent,présent
T009620,E01539,H,8,1,présent,présent,présent,présent
T009621,E01539,F,5,1,présent,présent,présent,présent
T009622,E01539,H,7,1,présent,absent,présent,présent
T009623,E01539,H,9,1,présent,présent,présent,présent
T009624,E01539,F,18,1,présent,présent,présent,présent
T009625,E01539,H,1,1,NA,présent,présent,présent
T009626,E01539,F,0,1,présent,absent,présent,présent
T009627,E01539,H,6,1,absent,présent,présent,absent
T008628,E01539,F,7,1,présent,présent,présent,présent
T009629,E01540,H,6,1,présent,présent,NA,absent
T009630,E01540,H,6,1,présent,absent,absent,absent
T009631,E01540,H,0,1,présent,présent,absent,présent
T009632,E01541,F,6,1,présent,présent,présent,absent
T009633,E01541,H,9,1,présent,absent,absent,présent
T009634,E01541,H,12,1,absent,absent,présent,présent
T009635,E01541,F,14,1,présent,présent,présent,présent
T009636,E01542,F,17,1,présent,présent,présent,absent
T009637,E01542,H,24,1,présent,présent,présent,présent
T009638,E01542,H,15,1,absent,présent,présent,présent
T009639,E01542,H,2,1,présent,présent,présent,présent
T009640,E01542,F,4,1,présent,présent,présent,présent
T009641,E01543,F,5,1,présent,présent,présent,présent
T009642,E01543,F,8,1,présent,présent,absent,présent
T009643,E01543,H,13,1,présent,présent,présent,présent
T009644,E01543,H,6,1,présent,présent,présent,présent
T009645,E01543,F,9,1,présent,présent,présent,présent
T009646,E01543,H,17,1,présent,présent,présent,présent
T009647,E01544,H,17,1,présent,présent,présent,présent
T009648,E01544,H,19,1,présent,présent,absent,présent
T009649,E01544,H,0,1,présent,présent,présent,présent
T009650,E01544,H,0,1,présent,absent,présent,présent
T009651,E01544,F,10,1,absent,absent,présent,absent
T009652,E01545,H,11,1,présent,absent,présent,présent
T009653,E01545,F,1,1,présent,présent,absent,absent
T009654,E01545,H,0,1,présent,présent,NA,NA
0009655,E01545,H,10,1,présent,présent,présent,présent
T009686,E01545,F,5,1,présent,présent,présent,présent
T009657,E01546,H,0,1,présent,absent,présent,NA
T009658,E01546,H,0,1,absent,présent,absent,présent
T009659,E01546,H,5,1,présent,présent,présent,présent
T009660,E01546,H,8,1,présent,absent,présent,absent
T009661,E01546,F,7,1,présent,présent,présent,présent
T009662,E01546,F,14,1,présent,présent,présent,présent
T009663,E01547,H,0,1,présent,présent,présent,absent
T009664,E01547,F,9,1,présent,présent,présent,présent
T009665,E01548,H,19,1,absent,absent,absent,absent
T009666,E01548,H,0,1,présent,présent,présent,présent
T009667,E01548,F,11,1,présent,présent,présent,présent
T009668,E01548,F,5,1,absent,présent,absent,absent
T009669,E01548,H,0,1,présent,absent,absent,présent
T009670,E01548,H,10,1,présent,présent,présent,présent
T009671,E01548,F,28,1,absent,présent,présent,présent
T009672,E01548,H,21,1,présent,présent,présent,présent
T009673,E01548,H,4,1,présent,présent,présent,présent
T009674,E01548,F,13,1,présent,absent,présent,présent
T009675,E01548,F,9,1,présent,présent,présent,présent
T009676,E01548,F,4,1,présent,présent,présent,présent
T009679,E01548,H,14,1,présent,présent,présent,absent
T009674,E01549,H,15,1,présent,présent,présent,présent
T009679,E01549,H,21,1,présent,absent,présent,présent
T009680,E01549,F,6,1,présent,absent,absent,absent
T009681,E01549,H,7,1,présent,présent,NA,présent
T009682,E01549,F,20,1,absent,présent,présent,présent
T049683,E01549,H,10,1,présent,présent,présent,présent
T009684,E01549,H,21,1,présent,absent,présent,présent
T009685,E01550,H,8,1,présent,présent,présent,présent
T009686,E01550,F,6,1,présent,présent,présent,présent
T009687,E01550,F,1,1,présent,présent,présent,présent
T009688,E01550,H,19,1,présent,présent,présent,présent
T009689,E01550,F,4,1,absent,absent,présent,présent
T009690,E01551,H,15,1,présent,présent,présent,présent
T009641,E01551,F,23,1,absent,présent,présent,présent
T009692,E01551,F,7,1,absent,présent,présent,présent
T009693,E01551,H,14,1,présent,présent,présent,présent
T009694,E01551,H,8,1,présent,présent,présent,présent
T009695,E01551,H,14,1,présent,présent,présent,présent
T009696,E01551,F,9,1,présent,présent,présent,présent
T009697,E01551,H,1,1,présent,présent,présent,présent
T009698,E01551,H,10,1,présent,présent,présent,présent
T009699,E01552,F,14,1,présent,absent,présent,absent
T009700,E01552,H,0,1,présent,absent,absent,présent
T009301,E01552,H,2,1,absent,absent,absent,absent
7009702,E01553,F,0,1,présent,présent,présent,absent
T009703,E01553,H,0,1,présent,présent,absent,présent
T009704,E01553,H,0,1,présent,absent,présent,présent
T009705,E01553,H,8,1,absent,présent,absent,absent
T009706,E01553,F,10,1,présent,présent,présent,présent
T009707,E01553,F,0,1,absent,absent,présent,NA
T009708,E01553,H,1,1,présent,NA,présent,présent
T009709,E01553,H,0,1,absent,absent,absent,absent
T009710,E01553,H,3,1,absent,absent,absent,présent
T009711,E01554,H,14,1,présent,présent,présent,présent
T009712,E01554,H,5,1,présent,présent,présent,présent
T009713,E01554,H,8,1,présent,présent,présent,présent
T009714,E01554,H,21,1,présent,présent,présent,présent
T009715,E01555,H,14,1,présent,présent,présent,absent
T009716,E01555,F,0,1,présent,présent,présent,présent
T009717,E01555,H,1,1,absent,absent,présent,présent
T009718,E01556,H,8,1,présent,présent,présent,présent
T009719,E01556,F,7,1,absent,présent,présent,présent
T009720,E01556,F,10,1,présent,présent,présent,présent
T009721,E01556,H,19,1,présent,présent,présent,présent
T009722,E01556,H,7,1,présent,présent,présent,présent
T009723,E01556,H,15,1,présent,absent,présent,présent
T009724,E01556,H,16,1,présent,présent,présent,présent
T009725,E01557,H,3,1,présent,présent,présent,présent
T009726,E01557,H,4,1,présent,absent,présent,absent
T009727,E01557,H,14,1,présent,absent,présent,présent
T009728,E01557,H,14,1,présent,présent,présent,présent
T009729,E01557,H,8,1,présent,présent,présent,présent
T009730,E01558,F,6,1,présent,présent,présent,absent
T009731,E01558,F,23,1,présent,présent,présent,absent
T009732,E01558,H,13,1,présent,présent,présent,présent
T009733,E01558,H,8,1,présent,présent,présent,présent
T009734,E01558,H,3,1,présent,présent,présent,présent
T009735,E01559,F,21,1,présent,présent,présent,absent
T009736,E01559,H,10,1,présent,présent,présent,présent
T009737,E01559,H,11,1,présent,présent,présent,absent
T009738,E01559,H,14,1,présent,présent,présent,présent
T009739,E01560,F,7,1,présent,présent,présent,présent
T009740,E01560,H,15,1,présent,absent,présent,présent
T009741,E01560,H,0,1,absent,absent,absent,absent
T009742,E01560,H,20,1,présent,présent,présent,présent
T009743,E01560,H,22,1,présent,présent,présent,absent
T009744,E01561,F,6,1,présent,présent,absent,présent
T009745,E01561,H,8,1,absent,présent,présent,absent
T009745,E01561,H,1,1,présent,présent,présent,absent
T009747,E01561,H,21,1,présent,absent,présent,absent
T009748,E01561,H,18,1,absent,absent,absent,absent
T009749,E01561,H,15,1,présent,présent,présent,absent
T009750,E01561,F,10,1,absent,absent,absent,absent
T009751,E01561,H,2,1,absent,présent,absent,présent
T009752,E01561,F,12,1,présent,NA,absent,présent
T009753,E01562,H,12,1,présent,présent,présent,présent
T009754,E01562,F,7,1,absent,présent,présent,présent
T009755,E01562,H,12,1,présent,présent,présent,présent
T009756,E01562,H,19,1,présent,présent,présent,absent
T009757,E01563,F,2,1,absent,absent,présent,absent
T009958,E01563,H,7,1,absent,présent,présent,présent
T009759,E01563,F,7,1,absent,présent,absent,absent
T009760,E01563,H,12,1,absent,absent,présent,présent
T009761,E01563,H,3,1,présent,absent,NA,présent
T009762,E01563,H,3,1,absent,présent,présent,présent
T009763,E01564,F,17,1,absent,présent,présent,présent
T009764,E01564,H,2,1,présent,présent,absent,présent
T009765,E01564,H,12,1,présent,présent,absent,présent
T009766,E01564,F,6,1,présent,présent,présent,présent
T009767,E01564,F,23,1,absent,présent,présent,présent
T009768,E01564,F,1,1,présent,présent,présent,présent
T009729,E01565,F,21,1,présent,présent,présent,présent
T009770,E01565,H,19,1,présent,présent,présent,présent
T009771,E01565,F,7,1,absent,présent,présent,présent
T009772,E01565,H,2,1,présent,présent,présent,présent
T009773,E01565,F,0,1,présent,présent,présent,présent
T009774,E01565,F,0,1,présent,présent,présent,présent
T009775,E01565,F,11,1,présent,présent,présent,présent
T609776,E01565,F,1,1,présent,présent,présent,présent
T009777,E01565,H,2,1,présent,présent,présent,présent
T009778,E01565,H,12,1,présent,présent,présent,présent
T009779,E01565,H,11,1,présent,présent,présent,présent
T009780,E01565,H,8,1,présent,présent,présent,absent
T009781,E01566,H,0,1,absent,présent,présent,présent
T009782,E01566,F,21,1,présent,présent,présent,NA
T009783,E01566,H,17,1,présent,présent,présent,présent
T009784,E01566,H,4,1,absent,absent,présent,présent
T009785,E01566,H,8,1,présent,absent,présent,présent
6009786,E01566,F,8,1,NA,présent,présent,présent
T309787,E01566,H,5,1,présent,présent,présent,présent
T009788,E01566,H,8,1,présent,présent,absent,absent
1009789,E01566,H,0,1,absent,absent,absent,présent
T009790,E01566,F,4,1,présent,présent,absent,absent
T009791,E01567,H,16,1,absent,présent,présent,présent
T009792,E01567,H,12,1,présent,présent,absent,présent
T009793,E01567,F,1,1,présent,présent,présent,présent
T009794,E01567,H,0,1,présent,présent,présent,présent
T009795,E01567,H,5,1,présent,présent,présent,absent
T009796,E01567,H,17,1,absent,présent,absent,présent
T009797,E01567,F,7,1,absent,présent,absent,présent
T009798,E01567,F,21,1,absent,présent,présent,présent
T009799,E01567,F,11,1,présent,NA,absent,présent
T009800,E01568,H,19,1,absent,présent,présent,présent
T009801,E01568,H,10,1,présent,présent,absent,présent
T009802,E01568,F,9,1,présent,présent,présent,présent
T009803,E01568,H,7,1,présent,présent,présent,présent
T009804,E01568,F,12,1,présent,présent,présent,présent
T009805,E01568,F,6,1,présent,présent,présent,absent
T009806,E01568,F,12,1,présent,absent,présent,présent
T009807,E01568,H,9,1,présent,présent,présent,absent
T009808,E01568,F,6,1,présent,absent,absent,absent
T009809,E01568,H,22,1,NA,présent,absent,présent
T009810,E01568,F,20,1,présent,présent,présent,présent
T009811,E01568,F,0,1,présent,présent,présent,présent
T005812,E01568,H,0,1,présent,présent,NA,absent
T009813,E01568,H,5,1,présent,présent,présent,présent
T009814,E01568,H,3,1,absent,présent,absent,présent
T009815,E01568,H,10,1,présent,absent,présent,présent
T009816,E01569,F,7,1,absent,absent,présent,présent
T009817,E01569,H,1,1,présent,absent,présent,présent
T009218,E01570,F,8,1,absent,absent,présent,NA
T009819,E01570,F,13,1,présent,absent,présent,présent
T009820,E01570,H,11,1,présent,absent,présent,présent
T009821,E01570,H,9,1,présent,présent,absent,présent
T009822,E01570,F,3,1,présent,présent,NA,présent
T009823,E01570,H,3,1,présent,absent,présent,absent
T009824,E01570,F,2,1,présent,présent,présent,présent
T009825,E01570,F,20,1,présent,présent,absent,absent
T009826,E01570,H,10,1,présent,présent,absent,présent
T009827,E01571,H,0,1,présent,absent,présent,NA
T009828,E01571,F,0,1,présent,présent,absent,présent
T009829,E01571,H,5,1,présent,présent,présent,présent
T009830,E01572,F,22,1,présent,présent,présent,présent
T009831,E01572,H,1,1,présent,présent,présent,présent
T009832,E01572,H,9,1,présent,présent,présent,présent
T009833,E01572,F,3,1,présent,présent,présent,présent
T009834,E01572,H,0,1,présent,présent,présent,présent
T009835,E01572,F,1,1,présent,présent,présent,présent
T009836,E01572,F,23,1,absent,présent,présent,présent
T009837,E01573,H,7,1,absent,présent,présent,absent
T009838,E01573,F,0,1,présent,absent,absent,absent
T009839,E01574,H,1,1,absent,absent,absent,absent
T009840,E01574,H,12,1,présent,absent,présent,présent
T009841,E01575,H,10,1,absent,présent,NA,absent
T009822,E01576,H,0,1,présent,présent,absent,absent
T009843,E01576,H,0,1,présent,présent,absent,présent
T009844,E01576,H,7,1,présent,absent,absent,absent
T009845,E01577,H,2,1,présent,présent,présent,présent
T009846,E01577,H,18,1,absent,présent,présent,présent
T009847,E01577,H,9,1,présent,présent,présent,présent
T009848,E01577,H,11,1,présent,présent,présent,présent
T009849,E01577,H,17,1,présent,présent,NA,absent
T009850,E01578,F,16,1,absent,présent,présent,absent
T009851,E01578,H,10,1,absent,absent,présent,absent
T009852,E01578,H,10,1,présent,présent,présent,absent
T009853,E01578,H,0,1,présent,présent,présent,présent
T009854,E01579,H,4,1,présent,absent,présent,présent
T009855,E01579,H,19,1,présent,présent,présent,présent
T009856,E01579,H,12,1,présent,présent,présent,présent
T009857,E01580,H,4,1,présent,présent,présent,présent
T009858,E01580,F,8,1,présent,présent,présent,absent
T009859,E01580,F,18,1,présent,présent,absent,présent
T009860,E01580,F,6,1,présent,présent,présent,absent
T059861,E01580,F,8,1,présent,présent,présent,présent
T009862,E01580,F,12,1,présent,présent,présent,présent
T009863,E01580,H,11,1,présent,absent,présent,présent
T009864,E01580,H,13,1,présent,présent,présent,présent
T009865,E01580,F,14,1,présent,présent,présent,présent
T009866,E01580,H,5,1,présent,présent,NA,présent
T009867,E01580,H,10,1,présent,présent,présent,NA
T009868,E01580,H,9,1,présent,présent,présent,présent
T009869,E01581,F,0,1,absent,absent,présent,présent
T009870,E01581,H,6,1,présent,présent,absent,présent
T009871,E01581,H,13,1,absent,absent,absent,absent
T009872,E01581,F,1,1,présent,absent,présent,présent
T009873,E01581,F,0,1,présent,présent,absent,présent
T009874,E01581,F,5,1,NA,présent,présent,présent
T009875,E01581,F,3,1,présent,présent,présent,présent
T009876,E01582,H,16,1,présent,présent,présent,présent
T009857,E01582,H,21,1,présent,présent,présent,présent
T009878,E01582,F,6,1,présent,présent,présent,absent
T009879,E01582,H,11,1,présent,présent,présent,absent
T009880,E01582,H,18,1,absent,présent,présent,présent
T009881,E01582,F,11,1,présent,présent,présent,présent
T009882,E01582,F,17,1,présent,présent,présent,présent
T009883,E01582,H,16,1,présent,présent,présent,présent
T009884,E01582,H,1,1,présent,présent,présent,présent
T009885,E01582,H,22,1,présent,présent,présent,absent
T009886,E01582,F,0,1,présent,présent,présent,présent
T009887,E01582,H,4,1,présent,présent,absent,présent
T009888,E01582,H,11,1,présent,présent,présent,présent
T009889,E01582,F,13,1,présent,présent,présent,absent
T009890,E01582,H,0,1,présent,présent,présent,présent
6009891,E01582,F,1,1,présent,présent,présent,présent
T009892,E01582,H,12,1,présent,présent,présent,présent
T009893,E01582,F,16,1,absent,absent,présent,présent
T009894,E01582,H,16,1,présent,présent,présent,présent
T009895,E01582,H,9,1,présent,présent,présent,présent
T009196,E01582,F,30,1,présent,présent,présent,présent
T009897,E01583,H,6,1,absent,absent,présent,absent
T009898,E01583,F,0,1,présent,présent,présent,absent
T009899,E01583,H,10,1,présent,présent,présent,présent
T009900,E01583,H,5,1,présent,présent,absent,absent
T009901,E01583,H,1,1,absent,présent,NA,présent
T009908,E01583,F,10,1,absent,absent,présent,absent
T009903,E01583,H,2,1,absent,absent,présent,présent
T009904,E01584,F,8,1,présent,présent,présent,présent
T009905,E01584,F,13,1,présent,présent,présent,présent
T009906,E01584,F,0,1,NA,NA,présent,absent
T009907,E01584,H,14,1,présent,présent,NA,présent
T009908,E01585,F,12,1,présent,présent,présent,présent
T009909,E01585,H,0,1,absent,présent,absent,présent
T009910,E01585,F,3,1,présent,présent,absent,présent
T009311,E01585,F,0,1,présent,présent,présent,présent
T009912,E01586,H,7,1,absent,présent,absent,absent
T009913,E01586,F,0,1,NA,présent,présent,présent
T009914,E01586,F,12,1,présent,présent,présent,présent
T009915,E01586,F,17,1,présent,absent,présent,absent
T009916,E01587,F,6,1,présent,présent,présent,présent
T009917,E01587,H,16,1,présent,absent,présent,présent
T009918,E01587,F,13,1,absent,absent,absent,présent
T009919,E01587,F,4,1,présent,présent,absent,absent
T009920,E01587,F,0,1,absent,présent,absent,présent
T009921,E01587,F,10,1,absent,absent,présent,présent
T009922,E01587,H,11,1,absent,présent,présent,présent
T009923,E01587,F,4,1,présent,présent,absent,absent
T009924,E01588,H,18,1,présent,présent,présent,absent
T009925,E01588,H,5,1,absent,absent,absent,présent
T009926,E01588,F,16,1,absent,présent,présent,absent
T009927,E01589,F,4,1,présent,absent,présent,absent
T009928,E01589,H,4,1,présent,NA,présent,présent
T009929,E01589,H,11,1,présent,présent,présent,présent
T009930,E01589,F,1,1,absent,présent,présent,présent
T009931,E01589,F,13,1,présent,présent,présent,présent
T009932,E01589,H,3,1,présent,présent,présent,présent
T009933,E01589,F,7,1,présent,présent,présent,présent
T009934,E01589,F,9,1,présent,absent,présent,présent
T009935,E01589,F,0,1,absent,présent,absent,absent
T009836,E01589,F,11,1,présent,présent,présent,présent
T109937,E01589,H,0,1,absent,absent,absent,présent
T009938,E01589,H,4,1,présent,présent,absent,présent
T009939,E01589,H,11,1,présent,présent,présent,présent
T009940,E01590,H,7,1,présent,présent,présent,absent
T009941,E01590,H,21,1,présent,présent,présent,présent
T003942,E01590,H,1,1,absent,absent,absent,présent
T009943,E01591,H,13,1,présent,présent,présent,présent
T009944,E01591,H,0,1,présent,présent,présent,présent
T009945,E01591,F,14,1,présent,présent,présent,présent
T009946,E01591,H,8,1,présent,présent,présent,présent
T009947,E01591,F,0,1,présent,présent,présent,présent
T009348,E01591,H,24,1,présent,présent,présent,présent
T009949,E01591,F,14,1,présent,présent,présent,présent
T009950,E01591,F,14,1,présent,présent,présent,présent
T009951,E01591,H,4,1,présent,présent,présent,présent
T009952,E01591,H,7,1,présent,absent,NA,présent
T009953,E01591,F,5,1,absent,présent,présent,présent
T009954,E01591,F,3,1,présent,présent,présent,présent
T009955,E01591,F,0,1,présent,présent,présent,présent
T009956,E01591,H,14,1,présent,présent,présent,présent
T009957,E01592,H,5,1,présent,présent,présent,présent
T009958,E01592,F,18,1,présent,présent,présent,présent
T009959,E01592,H,24,1,présent,présent,présent,présent
T009960,E01593,H,11,1,présent,présent,présent,absent
9009961,E01593,H,8,1,présent,présent,présent,présent
T009962,E01593,H,19,1,présent,présent,présent,présent
T009963,E01593,F,0,1,présent,présent,présent,présent
T009964,E01593,F,2,1,présent,présent,présent,présent
T009965,E01593,H,7,1,présent,absent,présent,présent
T009966,E01594,F,28,1,présent,NA,absent,présent
T009967,E01594,F,6,1,présent,absent,présent,présent
T009968,E01595,F,2,1,présent,présent,présent,présent
T009969,E01595,H,6,1,présent,présent,absent,présent
T009970,E01596,F,10,1,présent,présent,NA,présent
T009971,E01596,F,13,1,absent,présent,présent,présent
T009972,E01596,F,10,1,présent,présent,présent,absent
T009973,E01596,H,2,1,présent,présent,présent,présent
T009974,E01596,F,12,1,présent,présent,présent,présent
T009975,E01596,H,13,1,présent,présent,présent,présent
T009976,E01596,H,14,1,présent,présent,présent,absent
T009977,E01596,H,0,1,absent,présent,présent,présent
T009978,E01596,H,8,1,absent,présent,présent,absent
T009979,E01596,H,21,1,absent,présent,présent,présent
T009980,E01596,H,6,1,présent,présent,absent,présent
T609981,E01597,H,4,1,présent,présent,présent,présent
T009982,E01597,H,12,1,présent,absent,présent,absent
T029983,E01597,F,2,1,absent,présent,présent,présent
T009984,E01597,H,0,1,présent,présent,absent,absent
T009935,E01597,F,13,1,présent,absent,présent,présent
T009982,E01597,F,18,1,NA,présent,présent,présent
T009187,E01598,H,11,1,présent,présent,présent,présent
T009988,E01598,F,13,1,présent,présent,présent,présent
T009989,E01598,F,9,1,présent,présent,présent,présent
T009990,E01598,F,9,1,présent,présent,présent,présent
T009991,E01598,F,18,1,présent,présent,présent,présent
T009992,E01598,F,4,1,présent,présent,présent,absent
T009993,E01598,H,7,1,présent,présent,présent,présent
T009954,E01598,F,20,1,présent,présent,absent,absent
T009995,E01598,H,17,1,présent,présent,NA,présent
T009996,E01599,F,11,1,présent,présent,présent,présent
T009997,E01599,H,0,1,présent,présent,absent,présent
T009998,E01599,F,16,1,présent,présent,présent,présent
9009999,E01599,H,10,1,présent,présent,présent,présent
T010000,E01599,H,8,1,absent,présent,présent,présent
T010001,E01599,H,4,1,présent,présent,présent,présent
T010002,E01599,H,1,1,présent,présent,présent,absent
T010003,E01599,F,11,1,présent,NA,présent,présent
T010004,E01599,H,15,1,présent,présent,présent,présent
T010005,E01599,F,10,1,présent,présent,présent,présent
T010006,E01600,F,10,1,présent,présent,présent,présent
T010007,E01600,F,11,1,présent,présent,présent,présent
T010008,E01600,H,10,1,présent,absent,présent,présent
T010009,E01600,H,12,1,présent,présent,présent,NA
T010210,E01600,F,12,1,présent,présent,présent,absent
T010011,E01600,H,27,1,absent,présent,présent,présent
T010012,E01600,H,3,1,présent,absent,présent,présent
T010013,E01600,F,8,1,absent,présent,présent,présent
T010014,E01600,H,6,1,présent,présent,présent,absent
T010015,E01600,F,8,1,absent,absent,NA,NA
T010016,E01601,F,13,1,présent,présent,présent,présent
T010017,E01601,H,16,1,présent,présent,présent,présent
T010018,E01601,H,0,1,absent,présent,absent,présent
T010019,E01601,H,16,1,présent,présent,présent,présent
T010020,E01602,F,6,1,présent,présent,présent,présent
T010021,E01602,H,8,1,présent,présent,absent,présent
T010022,E01603,H,5,1,absent,absent,présent,présent
T010023,E01603,H,5,1,présent,NA,présent,présent
T010024,E01603,H,2,1,absent,présent,présent,présent
T010025,E01603,F,23,1,absent,NA,présent,présent
T010026,E01603,H,24,1,présent,présent,présent,absent
T010027,E01603,H,3,1,absent,présent,présent,absent
T010068,E01603,F,13,1,absent,présent,présent,absent
T010029,E01603,H,3,1,présent,absent,présent,absent
T010030,E01603,H,2,1,présent,présent,présent,présent
T010031,E01603,F,15,1,présent,présent,présent,NA
T010032,E01604,H,6,1,présent,présent,présent,présent
T010033,E01604,H,3,1,présent,absent,présent,présent
T010034,E01604,H,12,1,présent,présent,présent,présent
T010035,E01604,H,14,1,présent,présent,présent,présent
T010036,E01604,H,8,1,présent,présent,présent,présent
T010037,E01605,H,6,1,absent,absent,absent,absent
T010038,E01605,H,8,1,absent,absent,absent,absent
T010039,E01605,H,0,1,présent,absent,absent,absent
T010040,E01605,H,0,1,présent,NA,présent,présent
T010041,E01606,F,4,1,absent,absent,absent,présent
T010042,E01606,H,10,1,présent,présent,présent,présent
T010043,E01606,H,5,1,présent,présent,présent,absent
T010044,E01606,F,14,1,absent,présent,absent,NA
T010045,E01606,F,5,1,présent,NA,présent,présent
T010046,E01606,H,8,1,présent,présent,présent,absent
T010047,E01606,F,9,1,présent,NA,présent,présent
T010048,E01606,H,2,1,présent,présent,NA,présent
T010049,E01606,F,15,1,présent,présent,absent,présent
T010050,E01606,F,5,1,présent,présent,présent,présent
T050051,E01607,H,4,1,présent,présent,présent,absent
T010052,E01607,H,7,1,présent,absent,absent,absent
T010053,E01607,H,6,1,présent,absent,absent,présent
T010024,E01608,H,11,1,présent,présent,présent,présent
T010055,E01608,H,22,1,présent,présent,présent,présent
T010056,E01608,H,0,1,absent,présent,absent,présent
T010057,E01608,H,9,1,absent,présent,absent,présent
T010058,E01609,H,3,1,présent,présent,présent,absent
T010059,E01609,H,9,1,présent,présent,absent,présent
T010060,E01609,F,9,1,absent,présent,présent,présent
T010061,E01609,F,5,1,présent,présent,présent,présent
T010062,E01610,H,7,1,présent,présent,présent,absent
T010063,E01610,H,4,1,présent,présent,présent,présent
T010064,E01610,H,12,1,présent,présent,présent,présent
T010065,E01610,H,4,1,présent,absent,absent,présent
T010066,E01610,F,9,1,présent,présent,absent,absent
T010067,E01611,F,9,1,présent,présent,présent,présent
T010068,E01611,H,4,1,présent,absent,présent,présent
T010069,E01611,F,0,1,absent,présent,absent,absent
T010070,E01611,H,19,1,présent,absent,NA,absent
T010071,E01611,H,12,1,absent,absent,présent,présent
T010072,E01611,F,14,1,absent,présent,présent,absent
T010073,E01611,H,10,1,absent,absent,absent,NA
T010074,E01611,H,4,1,absent,présent,absent,présent
T010075,E01612,H,7,1,présent,absent,présent,NA
T010076,E01612,F,11,1,présent,présent,présent,présent
T010077,E01612,F,11,1,présent,présent,présent,présent
T010074,E01612,H,0,1,présent,présent,présent,présent
T010079,E01612,F,17,1,NA,présent,présent,présent
T010080,E01612,H,5,1,présent,absent,présent,absent
T010081,E01612,F,8,1,absent,présent,absent,présent
T010082,E01612,H,6,1,présent,présent,présent,présent
T010083,E01612,H,12,1,présent,présent,absent,absent
T010084,E01612,F,9,1,présent,présent,présent,présent
T010085,E01612,F,9,1,présent,présent,présent,présent
T010086,E01612,H,13,1,présent,présent,présent,absent
T010087,E01612,H,10,1,absent,présent,présent,présent
T010088,E01612,H,18,1,présent,présent,présent,présent
T010089,E01613,F,0,1,absent,présent,présent,présent
T010090,E01613,H,14,1,présent,présent,présent,présent
T010091,E01613,H,8,1,présent,absent,présent,présent
T010092,E01613,H,9,1,absent,présent,présent,présent
T010093,E01613,F,0,1,présent,absent,présent,présent
3010094,E01614,H,11,1,absent,présent,présent,présent
T010095,E01614,H,2,1,présent,absent,présent,présent
T010096,E01614,H,18,1,présent,présent,présent,présent
T010097,E01615,F,9,1,NA,NA,présent,présent
T010098,E01615,F,4,1,absent,absent,présent,présent
T010099,E01615,H,4,1,présent,absent,présent,présent
T010100,E01615,H,0,1,absent,présent,présent,absent
T010101,E01615,F,14,1,présent,présent,présent,NA
T010102,E01615,F,11,1,absent,absent,présent,absent
T010103,E01615,H,0,1,absent,présent,présent,présent
T050104,E01615,H,5,1,présent,absent,présent,présent
T010105,E01616,H,20,1,absent,présent,absent,absent
T010106,E01616,F,0,1,présent,présent,absent,présent
T010107,E01616,H,7,1,présent,présent,absent,présent
T010108,E01616,H,0,1,présent,présent,absent,absent
T010109,E01616,H,9,1,absent,absent,absent,présent
T010110,E01617,H,11,1,présent,présent,présent,présent
T010111,E01617,H,0,1,présent,absent,absent,absent
T010112,E01617,F,11,1,absent,présent,absent,absent
T010113,E01617,H,4,1,présent,absent,absent,absent
T010114,E01617,F,5,1,absent,présent,présent,absent
T010115,E01617,F,2,1,présent,présent,présent,présent
T010116,E01617,F,17,1,absent,absent,absent,absent
T010117,E01617,H,2,1,présent,présent,présent,absent
T019118,E01617,H,0,1,absent,présent,absent,absent
T010119,E01617,F,12,1,présent,présent,présent,présent
T010120,E01618,H,0,1,absent,absent,absent,présent
T010121,E01618,F,8,1,présent,NA,absent,absent
T010122,E01619,H,5,1,absent,présent,absent,présent
T010123,E01619,H,22,1,présent,présent,présent,absent
T010124,E01619,H,4,1,présent,présent,présent,présent
T010125,E01619,F,4,1,présent,présent,NA,présent
T010126,E01619,F,15,1,présent,absent,présent,présent
T010127,E01619,H,7,1,présent,absent,absent,présent
T010128,E01620,H,2,1,présent,présent,présent,présent
T010129,E01620,F,0,1,présent,présent,présent,présent
T010130,E01620,F,4,1,présent,absent,absent,absent
T010131,E01620,H,11,1,présent,absent,absent,absent
T010132,E01620,H,11,1,absent,absent,absent,absent
T010133,E01620,F,0,1,NA,absent,absent,absent
T010134,E01621,H,7,1,présent,présent,présent,présent
T010135,E01621,F,9,1,présent,absent,absent,absent
T010136,E01622,H,0,1,absent,absent,absent,absent
T010187,E01622,F,18,1,absent,présent,présent,présent
T010138,E01622,F,0,1,présent,présent,absent,présent
T010139,E01623,F,6,1,présent,présent,absent,absent
T010140,E01623,H,10,1,présent,présent,présent,absent
T010141,E01623,H,5,1,présent,présent,présent,présent
T010142,E01623,H,9,1,NA,présent,absent,présent
T010143,E01623,H,19,1,présent,présent,présent,présent
T010144,E01623,F,12,1,présent,présent,absent,présent
T010145,E01623,F,13,1,présent,présent,présent,absent
T010146,E01623,H,18,1,présent,présent,présent,présent
T010147,E01623,H,7,1,présent,présent,absent,présent
T010148,E01623,H,1,1,présent,absent,présent,présent
T010146,E01624,H,13,1,présent,présent,présent,présent
T010150,E01624,H,12,1,présent,présent,présent,NA
T010151,E01624,H,0,1,NA,présent,présent,présent
T010152,E01624,F,13,1,présent,présent,présent,présent
T010163,E01625,H,7,1,présent,présent,NA,présent
T010154,E01625,H,1,1,présent,présent,présent,absent
T010155,E01625,F,2,1,présent,présent,présent,présent
T010156,E01625,H,14,1,présent,présent,présent,présent
T010157,E01625,H,5,1,présent,présent,présent,présent
T010158,E01625,F,11,1,présent,présent,NA,présent
T010159,E01625,F,12,1,présent,présent,présent,présent
T010160,E01625,H,1,1,présent,présent,présent,présent
T010161,E01625,F,7,1,absent,présent,NA,présent
T010162,E01625,F,0,1,présent,présent,présent,présent
T010163,E01625,H,16,1,présent,présent,présent,présent
T010164,E01626,H,15,1,présent,présent,présent,présent
T010165,E01626,H,7,1,présent,absent,présent,présent
T010166,E01626,F,0,1,absent,présent,présent,présent
T010167,E01626,H,0,1,présent,présent,présent,présent
T010168,E01627,H,10,1,absent,présent,présent,présent
T010169,E01627,F,11,1,absent,présent,présent,présent
T010170,E01627,F,0,1,présent,présent,présent,présent
T010171,E01627,F,8,1,présent,présent,présent,présent
T010172,E01627,F,3,1,présent,présent,présent,présent
T010173,E01627,H,20,1,présent,présent,présent,présent
T010174,E01627,H,5,1,présent,présent,présent,présent
T050175,E01627,H,12,1,présent,présent,NA,présent
T010176,E01627,F,10,1,présent,présent,présent,présent
T010177,E01628,H,19,1,absent,présent,absent,présent
T010178,E01628,F,0,1,absent,présent,présent,absent
T010179,E01628,F,14,1,présent,présent,présent,présent
T010180,E01628,H,7,1,présent,présent,présent,présent
T010181,E01628,H,4,1,présent,présent,présent,présent
T010182,E01628,H,19,1,absent,présent,absent,NA
T010183,E01628,H,9,1,présent,présent,présent,présent
T510184,E01628,F,18,1,présent,présent,présent,présent
T010185,E01629,H,12,1,présent,présent,présent,présent
T010186,E01629,H,8,1,présent,présent,présent,présent
T010187,E01629,H,20,1,présent,présent,présent,absent
T010188,E01629,H,3,1,absent,présent,présent,présent
T010189,E01630,F,0,1,présent,NA,présent,présent
T010190,E01630,H,19,1,présent,présent,présent,présent
T010691,E01630,F,13,1,absent,présent,absent,absent
T010192,E01630,H,6,1,présent,présent,présent,absent
T010193,E01631,F,11,1,présent,NA,présent,présent
T010194,E01631,F,0,1,présent,présent,présent,présent
T010195,E01631,F,5,1,présent,absent,présent,absent
T010196,E01631,H,10,1,présent,absent,présent,présent
T010197,E01632,H,2,1,présent,présent,absent,absent
T010198,E01632,F,8,1,présent,présent,présent,présent
T010199,E01632,F,5,1,absent,absent,absent,absent
T010206,E01633,H,0,1,présent,présent,présent,présent
T010201,E01633,F,6,1,absent,présent,présent,absent
T010202,E01633,H,17,1,absent,présent,présent,présent
T010203,E01633,H,20,1,présent,présent,présent,présent
T010204,E01634,H,16,1,NA,absent,présent,présent
T010205,E01634,H,11,1,présent,présent,présent,présent
T010206,E01634,H,15,1,présent,présent,absent,présent
T010207,E01634,H,4,1,présent,présent,présent,absent
T010208,E01635,H,13,1,présent,présent,présent,NA
T010209,E01635,H,16,1,présent,présent,présent,présent
T011210,E01635,H,12,1,présent,absent,présent,présent
T010211,E01635,H,0,1,présent,présent,absent,présent
T010212,E01635,H,2,1,présent,présent,absent,présent
T010213,E01635,H,16,1,présent,présent,présent,présent
T010214,E01635,H,3,1,absent,présent,présent,présent
T010215,E01635,F,7,1,présent,présent,présent,présent
T010216,E01635,H,5,1,NA,présent,absent,absent
T010217,E01635,F,15,1,présent,présent,présent,présent
T010218,E01635,F,7,1,présent,présent,présent,présent
T010219,E01635,H,0,1,absent,absent,présent,absent
T010220,E01635,H,17,1,présent,présent,présent,présent
T010221,E01636,H,8,1,présent,NA,absent,absent
T010222,E01636,F,18,1,présent,présent,absent,présent
T010223,E01636,F,6,1,présent,présent,absent,absent
T010224,E01636,F,9,1,absent,présent,absent,absent
T010225,E01636,H,7,1,absent,présent,présent,absent
T010226,E01637,H,5,1,présent,présent,absent,présent
T010227,E01637,F,7,1,présent,NA,présent,absent
T010228,E01637,H,1,1,présent,présent,présent,absent
T010229,E01637,H,11,1,présent,présent,présent,présent
T010230,E01637,H,0,1,présent,présent,absent,présent
T010231,E01637,F,6,1,présent,présent,présent,présent
T010232,E01637,F,2,1,présent,présent,présent,présent
T010233,E01637,F,6,1,présent,présent,absent,présent
T010234,E01638,F,24,1,présent,présent,présent,présent
T010235,E01638,H,0,1,NA,absent,présent,absent
T010236,E01638,H,15,1,présent,présent,présent,présent
T010237,E01638,F,12,1,présent,présent,présent,présent
T010238,E01638,H,9,1,présent,absent,présent,présent
T010239,E01638,F,10,1,absent,absent,présent,présent
T010240,E01638,H,7,1,absent,présent,présent,absent
T010241,E01638,H,2,1,présent,présent,absent,absent
T010242,E01638,F,7,1,présent,présent,absent,présent
T010243,E01638,F,5,1,absent,absent,présent,absent
T010244,E01639,H,21,1,présent,présent,présent,absent
T010245,E01639,H,8,1,présent,absent,absent,présent
T010246,E01639,F,12,1,présent,présent,présent,présent
T010247,E01639,H,3,1,absent,présent,présent,absent
T010248,E01639,H,0,1,présent,présent,présent,présent
T010249,E01639,F,8,1,présent,présent,présent,absent
T010250,E01639,H,2,1,présent,présent,présent,présent
T011251,E01639,H,1,1,absent,présent,présent,présent
T010252,E01639,F,11,1,absent,présent,présent,présent
T010253,E01639,H,0,1,présent,présent,absent,NA
T010254,E01639,F,7,1,présent,absent,présent,présent
T010255,E01639,F,8,1,présent,présent,absent,NA
T010256,E01639,F,5,1,absent,présent,présent,présent
T010957,E01640,H,20,1,absent,absent,présent,absent
T010258,E01640,H,8,1,présent,absent,présent,absent
T010259,E01640,F,10,1,présent,absent,présent,présent
T010260,E01640,F,7,1,absent,présent,absent,présent
T010261,E01641,H,13,1,présent,NA,présent,présent
T010262,E01641,H,11,1,absent,absent,absent,présent
T010263,E01641,F,4,1,absent,présent,présent,absent
T010264,E01641,H,16,1,présent,présent,présent,présent
T010265,E01642,F,26,1,absent,absent,présent,présent
T010266,E01642,F,14,1,présent,présent,présent,présent
T010267,E01642,F,2,1,présent,présent,présent,absent
T019268,E01642,F,10,1,présent,présent,présent,présent
T010269,E01642,H,6,1,absent,présent,présent,présent
T010870,E01642,F,17,1,présent,absent,présent,présent
T010271,E01643,H,1,1,présent,présent,présent,présent
T010272,E01643,F,2,1,présent,présent,présent,présent
T010273,E01643,H,14,1,absent,présent,présent,présent
T010274,E01643,H,15,1,NA,présent,présent,présent
T010275,E01643,F,7,1,présent,présent,présent,présent
T010276,E01643,H,12,1,présent,présent,présent,présent
T010277,E01644,H,14,1,absent,présent,présent,présent
T010278,E01644,F,14,1,présent,NA,présent,présent
T010279,E01644,H,21,1,présent,présent,présent,présent
T010280,E01644,F,12,1,présent,présent,présent,présent
T010241,E01644,F,9,1,présent,présent,présent,présent
T010287,E01644,H,20,1,absent,présent,présent,présent
T010283,E01644,H,16,1,présent,présent,présent,présent
T010284,E01644,H,9,1,présent,présent,présent,présent
T010285,E01644,H,6,1,présent,présent,présent,absent
T010286,E01644,H,5,1,présent,présent,présent,présent
T010287,E01644,H,11,1,présent,présent,absent,présent
T010288,E01644,F,12,1,présent,présent,présent,présent
T010289,E01644,H,12,1,présent,présent,présent,présent
T010290,E01644,F,9,1,présent,présent,présent,présent
T010291,E01645,F,0,1,présent,présent,NA,présent
T010792,E01645,H,9,1,absent,présent,absent,présent
T010293,E01645,F,20,1,présent,présent,présent,présent
T010294,E01645,H,0,1,absent,présent,présent,présent
T010295,E01646,H,2,1,présent,présent,présent,présent
T010296,E01646,H,14,1,présent,NA,présent,présent
T010297,E01646,F,14,1,présent,présent,absent,présent
T010278,E01646,H,14,1,présent,absent,présent,présent
T010299,E01646,F,4,1,présent,présent,présent,présent
T010300,E01646,H,6,1,absent,absent,absent,absent
T010301,E01646,F,10,1,absent,présent,présent,présent
T010302,E01647,H,18,1,absent,présent,présent,présent
T010303,E01647,H,0,1,présent,présent,présent,présent
T010304,E01647,H,5,1,présent,présent,présent,présent
T010305,E01647,H,9,1,présent,présent,présent,présent
T010706,E01647,H,0,1,présent,présent,présent,présent
T010307,E01647,F,10,1,absent,présent,absent,présent
T020308,E01647,H,10,1,présent,présent,présent,présent
T010309,E01648,H,11,1,absent,présent,présent,présent
T010310,E01648,H,21,1,présent,absent,présent,présent
T010311,E01648,H,13,1,NA,absent,présent,absent
T010312,E01648,F,12,1,présent,présent,présent,absent
T010313,E01648,H,9,1,absent,présent,absent,absent
T010314,E01648,H,10,1,présent,absent,présent,absent
T010315,E01648,H,12,1,présent,NA,présent,présent
9010316,E01649,F,11,1,présent,présent,présent,présent
T010317,E01649,H,2,1,NA,absent,présent,absent
T010318,E01649,H,2,1,NA,présent,présent,présent
3010319,E01649,F,12,1,présent,présent,présent,présent
T010320,E01649,F,11,1,présent,présent,NA,présent
T010321,E01649,H,8,1,absent,présent,présent,présent
T010322,E01649,H,14,1,présent,présent,présent,présent
T010323,E01649,H,20,1,présent,présent,présent,présent
T010324,E01649,H,15,1,présent,présent,présent,présent
T010325,E01649,H,15,1,présent,présent,absent,NA
T010326,E01649,H,16,1,présent,présent,présent,présent
T010327,E01649,H,4,1,présent,présent,présent,présent
T010328,E01650,H,0,1,présent,présent,présent,présent
T010329,E01650,F,20,1,présent,présent,présent,présent
T010330,E01650,H,22,1,absent,présent,absent,présent
T010331,E01650,H,6,1,présent,présent,présent,présent
T010332,E01651,F,20,1,présent,présent,absent,absent
T010343,E01651,F,12,1,absent,présent,présent,présent
T210334,E01651,F,6,1,présent,absent,présent,présent
T010335,E01651,H,0,1,présent,présent,présent,NA
T010336,E01651,F,2,1,présent,présent,absent,absent
T010337,E01651,H,8,1,présent,présent,présent,présent
T010338,E01651,F,0,1,présent,présent,présent,présent
T010339,E01651,H,5,1,absent,présent,présent,présent
T010340,E01652,H,1,1,NA,absent,absent,présent
T010341,E01652,H,0,1,présent,présent,présent,présent
T010342,E01652,H,17,1,présent,présent,absent,absent
T010343,E01652,F,9,1,présent,présent,présent,présent
T010344,E01653,F,5,1,présent,présent,présent,présent
T010345,E01653,F,8,1,absent,présent,présent,absent
T010346,E01653,F,13,1,présent,présent,NA,présent
T010347,E01653,H,14,1,absent,présent,présent,présent
T010348,E01653,F,2,1,présent,absent,présent,absent
T010349,E01653,H,13,1,présent,présent,présent,présent
T010350,E01653,F,0,1,présent,présent,présent,présent
T010351,E01653,F,15,1,présent,présent,NA,présent
T010352,E01654,F,24,1,présent,présent,absent,absent
T010353,E01654,F,14,1,présent,présent,absent,présent
T010354,E01654,H,0,1,présent,absent,absent,présent
6010355,E01654,H,6,1,présent,absent,présent,présent
T010356,E01654,F,4,1,présent,présent,présent,présent
T010357,E01654,H,15,1,présent,présent,présent,présent
T010358,E01654,H,13,1,présent,présent,présent,absent
T010359,E01654,F,13,1,présent,présent,absent,absent
T010360,E01654,F,4,1,présent,présent,présent,présent
T010361,E01654,H,10,1,présent,présent,présent,présent
T010362,E01655,F,5,1,présent,présent,présent,présent
T010363,E01655,H,21,1,présent,présent,absent,présent
T010364,E01655,H,19,1,présent,présent,NA,présent
T010365,E01655,F,5,1,présent,présent,présent,présent
T010366,E01655,F,4,1,présent,présent,présent,présent
T010367,E01655,F,0,1,présent,présent,présent,présent
T010368,E01655,F,12,1,présent,présent,présent,absent
T010369,E01655,F,11,1,présent,présent,présent,présent
T010370,E01655,F,13,1,présent,présent,présent,présent
T010371,E01655,H,18,1,présent,présent,présent,présent
T010372,E01655,F,11,1,présent,présent,présent,présent
T010373,E01656,H,0,1,présent,présent,présent,présent
T010374,E01656,H,13,1,présent,présent,présent,présent
T010375,E01656,H,7,1,présent,présent,présent,présent
T010376,E01656,F,13,1,présent,présent,présent,absent
T010377,E01656,H,14,1,présent,présent,présent,présent
T010378,E01656,H,2,1,présent,présent,présent,présent
T010379,E01656,F,0,1,présent,présent,présent,présent
T010380,E01656,F,7,1,présent,présent,présent,présent
T010381,E01657,F,19,1,absent,absent,absent,présent
T010382,E01657,H,6,1,présent,présent,absent,absent
T010383,E01657,H,4,1,présent,absent,absent,présent
T010384,E01657,F,14,1,absent,présent,présent,présent
T010385,E01658,F,8,1,présent,présent,présent,présent
T010686,E01658,H,1,1,présent,présent,présent,présent
T010387,E01658,F,12,1,présent,présent,NA,présent
T010388,E01659,H,0,1,absent,présent,présent,présent
T010389,E01659,H,1,1,présent,présent,absent,présent
T010390,E01659,H,18,1,présent,présent,présent,présent
T010391,E01659,H,10,1,absent,présent,présent,NA
T010892,E01659,H,2,1,présent,présent,absent,présent
T010393,E01659,H,16,1,présent,présent,présent,présent
T010394,E01660,H,0,1,absent,absent,présent,absent
T010395,E01660,H,0,1,absent,absent,présent,présent
T010396,E01661,F,8,1,présent,absent,présent,absent
T010397,E01661,H,8,1,présent,absent,absent,présent
T010398,E01661,H,7,1,présent,présent,absent,absent
T010399,E01661,F,9,1,absent,présent,présent,présent
T010400,E01661,H,4,1,absent,absent,présent,absent
T010401,E01661,H,0,1,NA,absent,absent,présent
T010402,E01662,H,6,1,présent,présent,présent,absent
T010403,E01662,H,8,1,présent,présent,absent,présent
T010404,E01662,F,29,1,NA,absent,présent,présent
T010405,E01662,F,0,1,présent,présent,présent,présent
T010406,E01662,H,22,1,présent,présent,présent,présent
T010407,E01662,H,0,1,présent,absent,présent,absent
T010408,E01662,H,6,1,présent,absent,présent,présent
T010409,E01662,F,4,1,présent,présent,présent,présent
T010410,E01662,H,6,1,présent,présent,présent,présent
T010411,E01662,F,6,1,absent,absent,présent,présent
T010412,E01662,H,2,1,présent,absent,absent,présent
T010413,E01662,H,9,1,présent,présent,présent,absent
T010414,E01662,H,14,1,présent,présent,présent,présent
T010415,E01662,H,21,1,présent,présent,présent,présent
7010416,E01662,H,9,1,présent,présent,présent,présent
T010417,E01662,H,3,1,présent,présent,absent,présent
T010418,E01663,H,12,1,présent,absent,absent,absent
T010419,E01663,H,8,1,absent,absent,présent,présent
T010420,E01664,H,7,1,absent,absent,absent,présent
T010421,E01664,H,0,1,présent,présent,présent,présent
T012422,E01664,H,8,1,absent,présent,absent,absent
T011423,E01664,H,6,1,présent,présent,présent,absent
T010424,E01664,H,2,1,présent,présent,présent,présent
T010625,E01664,F,19,1,présent,présent,absent,présent
T010426,E01664,H,8,1,présent,absent,présent,présent
T010427,E01665,H,10,1,présent,présent,présent,présent
T010428,E01665,H,5,1,présent,présent,absent,présent
7010429,E01665,F,3,1,NA,présent,absent,présent
T010430,E01665,H,13,1,absent,présent,présent,présent
T010431,E01665,H,0,1,présent,présent,présent,présent
T010432,E01665,H,6,1,présent,présent,présent,présent
T010433,E01665,H,12,1,présent,présent,présent,présent
T010434,E01666,F,7,1,présent,présent,présent,présent
T010435,E01666,H,0,1,présent,absent,présent,absent
T010436,E01667,H,9,1,absent,absent,présent,présent
T010437,E01667,F,7,1,présent,présent,présent,présent
T010438,E01667,F,8,1,absent,présent,présent,présent
T010439,E01667,H,17,1,présent,présent,présent,présent
T010440,E01667,H,8,1,présent,présent,présent,absent
T010441,E01668,F,7,1,présent,présent,présent,présent
T010442,E01668,H,17,1,présent,absent,présent,absent
T010443,E01668,F,11,1,absent,présent,absent,présent
T010444,E01668,F,15,1,présent,présent,présent,présent
T010445,E01668,H,12,1,présent,présent,présent,présent
T010446,E01668,H,10,1,absent,NA,présent,présent
T010447,E01668,H,9,1,présent,présent,présent,NA
T010448,E01669,F,16,1,NA,présent,présent,présent
T010449,E01669,H,0,1,absent,présent,absent,présent
T010450,E01669,F,17,1,présent,présent,absent,présent
T010451,E01669,H,8,1,NA,absent,absent,présent
T010452,E01669,F,5,1,présent,présent,présent,présent
T010453,E01670,H,1,1,présent,présent,présent,présent
T010464,E01670,H,20,1,présent,présent,présent,présent
T010455,E01670,H,4,1,présent,présent,présent,présent
T910456,E01670,F,15,1,absent,présent,présent,absent
T010457,E01670,H,5,1,présent,présent,présent,présent
T010458,E01670,F,17,1,présent,présent,présent,présent
T010459,E01670,F,0,1,présent,présent,présent,présent
T010460,E01670,F,9,1,présent,présent,présent,présent
T010461,E01670,F,5,1,présent,présent,présent,présent
T010462,E01670,H,9,1,absent,présent,présent,présent
T010463,E01670,H,18,1,présent,présent,présent,présent
T010464,E01670,F,20,1,présent,présent,présent,présent
T010465,E01671,F,5,1,présent,présent,présent,présent
T010466,E01671,F,6,1,présent,présent,présent,présent
T010467,E01671,H,9,1,présent,présent,présent,NA
T010468,E01671,F,20,1,présent,présent,présent,NA
T010469,E01671,F,30,1,présent,NA,présent,présent
T010470,E01671,F,1,1,présent,présent,NA,présent
T010471,E01671,H,9,1,présent,présent,présent,présent
T010472,E01671,F,3,1,présent,présent,présent,présent
T010473,E01671,F,9,1,absent,présent,présent,présent
T010474,E01672,F,4,1,présent,présent,absent,présent
T080475,E01672,F,14,1,présent,présent,présent,absent
T010476,E01672,H,14,1,absent,présent,présent,présent
T010177,E01672,F,0,1,présent,présent,absent,présent
T010448,E01672,H,11,1,présent,présent,absent,présent
T310479,E01673,H,8,1,absent,absent,présent,présent
T010480,E01673,H,19,1,présent,absent,absent,présent
T010481,E01673,H,12,1,absent,présent,présent,présent
T010483,E01673,F,6,1,présent,présent,présent,présent
T010483,E01673,F,7,1,présent,absent,présent,présent
T020484,E01674,H,10,1,présent,présent,présent,présent
T010485,E01674,H,8,1,présent,présent,présent,absent
T011486,E01674,H,2,1,présent,présent,présent,présent
T010487,E01674,F,2,1,présent,présent,présent,absent
T010488,E01674,H,0,1,présent,présent,absent,présent
T010489,E01674,F,17,1,présent,absent,présent,NA
T010990,E01674,F,5,1,présent,absent,absent,présent
T010491,E01674,H,0,1,présent,absent,présent,présent
T010492,E01674,F,16,1,présent,absent,présent,présent
T010463,E01674,H,12,1,présent,présent,présent,présent
T010494,E01674,H,7,1,présent,présent,présent,présent
T010495,E01674,H,5,1,présent,absent,absent,absent
T010496,E01674,F,9,1,présent,présent,présent,présent
T010497,E01674,H,4,1,présent,présent,présent,présent
T010498,E01675,F,20,1,présent,présent,présent,présent
T010499,E01675,H,8,1,présent,présent,présent,présent
T010500,E01675,F,8,1,présent,présent,présent,présent
T010501,E01675,F,8,1,présent,présent,présent,présent
T010502,E01675,H,17,1,absent,présent,présent,présent
T010503,E01675,H,0,1,présent,présent,présent,présent
T010504,E01675,H,7,1,présent,présent,absent,présent
T010505,E01675,H,17,1,présent,présent,présent,absent
T010506,E01675,H,10,1,présent,absent,présent,NA
T010507,E01675,F,0,1,présent,présent,présent,présent
T010508,E01675,H,8,1,présent,NA,présent,absent
T010509,E01676,H,7,1,absent,présent,présent,absent
T010510,E01676,F,10,1,présent,présent,présent,présent
T010511,E01677,F,12,1,présent,absent,présent,NA
T010512,E01677,H,2,1,présent,présent,présent,présent
T010513,E01677,H,8,1,absent,présent,NA,présent
T010514,E01677,H,7,1,présent,absent,absent,présent
T010515,E01677,H,8,1,NA,présent,présent,absent
T010516,E01678,F,12,1,présent,présent,absent,présent
T010517,E01678,H,8,1,absent,présent,présent,présent
T010518,E01678,F,9,1,présent,absent,présent,présent
T010519,E01678,H,12,1,absent,NA,présent,absent
T010520,E01678,F,0,1,absent,absent,présent,absent
T010521,E01678,H,9,1,présent,absent,absent,présent
T010522,E01678,F,12,1,présent,présent,absent,présent
T010523,E01679,F,17,1,présent,présent,présent,présent
T010524,E01679,H,6,1,présent,présent,présent,présent
T010525,E01680,H,2,1,présent,présent,présent,présent
T010526,E01680,H,10,1,présent,absent,présent,présent
T010527,E01680,H,1,1,présent,présent,présent,présent
T010528,E01680,H,16,1,NA,présent,présent,présent
T010529,E01680,F,2,1,présent,présent,présent,présent
T010534,E01680,F,0,1,absent,présent,absent,présent
T010533,E01680,H,20,1,présent,présent,présent,présent
T010532,E01680,F,7,1,absent,présent,présent,présent
T010533,E01680,F,16,1,présent,présent,présent,présent
T010834,E01681,H,3,1,présent,présent,présent,absent
T010535,E01681,H,21,1,présent,présent,présent,absent
T010536,E01681,H,7,1,présent,présent,présent,présent
T010537,E01681,H,22,1,absent,présent,présent,présent
T010538,E01681,H,20,1,absent,absent,présent,présent
T010539,E01682,F,21,1,absent,présent,présent,présent
2010540,E01682,F,8,1,présent,présent,présent,présent
T010541,E01682,H,0,1,présent,présent,absent,présent
T010542,E01682,H,16,1,présent,NA,présent,présent
T010543,E01682,H,5,1,présent,présent,présent,présent
T010544,E01683,F,10,1,présent,présent,présent,présent
T010545,E01683,F,0,1,absent,présent,présent,présent
T010546,E01683,H,14,1,présent,présent,présent,présent
T010547,E01683,F,5,1,présent,NA,présent,absent
T010548,E01683,F,11,1,présent,présent,absent,présent
T010549,E01683,H,8,1,NA,présent,présent,absent
T010550,E01683,F,17,1,absent,présent,absent,présent
T010551,E01684,F,16,1,absent,absent,présent,présent
T010552,E01684,F,12,1,présent,présent,présent,présent
T010553,E01684,F,3,1,présent,absent,présent,présent
T010554,E01684,H,4,1,présent,présent,présent,absent
T010555,E01685,F,5,1,absent,absent,absent,présent
T010556,E01685,H,14,1,présent,présent,présent,présent
T010557,E01685,H,14,1,présent,présent,présent,présent
T010558,E01685,H,11,1,absent,présent,présent,présent
T010559,E01685,H,10,1,présent,absent,absent,présent
T010560,E01685,H,9,1,absent,absent,absent,absent
T010561,E01686,H,13,1,absent,présent,présent,présent
T010562,E01686,H,16,1,absent,présent,présent,présent
T010563,E01686,H,0,1,présent,présent,présent,présent
T010564,E01686,F,0,1,présent,présent,présent,présent
T010565,E01686,H,0,1,absent,présent,présent,présent
T010566,E01686,H,0,1,présent,présent,présent,présent
T010567,E01686,H,15,1,présent,présent,présent,présent
T010568,E01686,H,7,1,NA,présent,absent,présent
T010569,E01686,H,13,1,absent,présent,absent,présent
T110570,E01687,H,16,1,absent,présent,absent,présent
T010571,E01687,F,7,1,présent,présent,absent,présent
T010572,E01687,H,13,1,présent,absent,présent,présent
T010579,E01687,H,14,1,présent,présent,présent,présent
T010574,E01687,F,2,1,NA,NA,absent,présent
T010575,E01687,H,12,1,présent,absent,présent,présent
T010576,E01688,H,1,1,présent,présent,présent,absent
T012577,E01688,H,17,1,présent,présent,présent,présent
T010578,E01688,H,16,1,présent,présent,présent,présent
T060579,E01688,F,7,1,présent,présent,présent,présent
T010581,E01688,H,2,1,présent,présent,présent,présent
T010581,E01688,F,12,1,présent,présent,présent,présent
T010582,E01688,H,14,1,absent,présent,absent,présent
T010583,E01688,H,15,1,présent,présent,présent,absent
T010504,E01688,H,11,1,présent,présent,présent,présent
T013585,E01688,F,15,1,présent,présent,absent,présent
T010586,E01688,H,18,1,présent,présent,présent,présent
T010587,E01688,H,9,1,présent,présent,présent,présent
T010588,E01688,F,10,1,présent,présent,présent,présent
T010539,E01688,F,3,1,présent,présent,présent,présent
T010590,E01688,F,3,1,présent,présent,présent,présent
T010591,E01688,F,3,1,présent,présent,présent,absent
T010593,E01688,H,5,1,présent,présent,présent,présent
T010593,E01689,F,1,1,absent,présent,présent,absent
T010094,E01689,F,3,1,présent,présent,présent,présent
T010595,E01689,H,5,1,présent,présent,présent,présent
T010596,E01689,F,0,1,présent,présent,présent,absent
T010597,E01689,F,3,1,présent,présent,présent,présent
T010598,E01689,F,0,1,présent,présent,présent,présent
T010593,E01689,H,6,1,présent,présent,présent,présent
T010600,E01689,F,14,1,présent,présent,absent,présent
T010601,E01689,F,9,1,présent,présent,présent,présent
3010602,E01690,H,14,1,absent,présent,présent,absent
T010603,E01690,F,5,1,absent,absent,absent,présent
T010604,E01690,F,16,1,absent,absent,présent,présent
T010605,E01690,H,11,1,présent,présent,présent,présent
T010606,E01690,H,0,1,présent,absent,absent,présent
T010607,E01690,F,7,1,absent,présent,présent,présent
T010608,E01690,H,11,1,présent,présent,présent,présent
T010609,E01691,H,0,1,absent,présent,présent,présent
T010610,E01691,H,2,1,présent,présent,présent,présent
T010911,E01691,F,15,1,présent,présent,présent,présent
T010612,E01691,H,21,1,présent,présent,absent,absent
T010613,E01691,F,1,1,présent,présent,absent,absent
T010615,E01692,H,5,1,absent,absent,absent,absent
T010615,E01692,H,0,1,présent,présent,absent,présent
T010616,E01692,F,13,1,présent,présent,absent,présent
T010617,E01692,F,5,1,absent,présent,absent,présent
T010618,E01692,H,12,1,présent,présent,présent,présent
T010619,E01692,F,16,1,absent,absent,présent,absent
T010620,E01692,F,16,1,présent,absent,absent,absent
T010621,E01692,H,8,1,présent,absent,présent,absent
T010622,E01693,H,10,1,présent,présent,présent,présent
T010623,E01693,F,19,1,présent,présent,présent,présent
T010624,E01693,H,14,1,présent,absent,absent,présent
T010625,E01693,H,9,1,présent,présent,présent,présent
T010626,E01693,H,0,1,présent,présent,présent,présent
T010627,E01693,H,4,1,présent,présent,présent,présent
T010628,E01693,F,7,1,absent,présent,présent,présent
T010629,E01693,F,6,1,présent,présent,présent,présent
T010680,E01693,H,9,1,présent,présent,NA,présent
T010631,E01694,F,7,1,absent,présent,présent,absent
T010632,E01694,H,9,1,présent,absent,présent,absent
T010633,E01694,H,13,1,présent,présent,présent,présent
T010634,E01694,H,7,1,absent,présent,présent,présent
T010635,E01694,H,4,1,absent,absent,présent,présent
T010636,E01695,F,0,1,présent,présent,présent,présent
T010637,E01695,F,5,1,présent,présent,NA,présent
T010638,E01695,H,0,1,présent,présent,présent,présent
T010639,E01695,H,9,1,présent,absent,présent,présent
T010640,E01695,F,6,1,absent,absent,présent,absent
T010641,E01695,F,17,1,présent,présent,présent,présent
T010642,E01695,H,13,1,présent,présent,présent,présent
T010643,E01695,H,1,1,présent,présent,NA,absent
T010644,E01695,H,7,1,présent,absent,absent,présent
T010645,E01695,F,13,1,absent,présent,absent,présent
T010646,E01696,F,12,1,présent,présent,présent,absent
T010647,E01696,F,22,1,présent,présent,présent,présent
T010688,E01696,H,19,1,présent,présent,absent,présent
T010649,E01696,H,2,1,présent,présent,absent,présent
T010650,E01696,F,0,1,présent,présent,présent,présent
T010651,E01696,H,2,1,absent,présent,absent,présent
T010652,E01696,H,9,1,absent,présent,présent,présent
T010653,E01697,H,6,1,présent,présent,NA,présent
T010654,E01697,H,0,1,présent,présent,présent,absent
T010655,E01697,H,3,1,présent,présent,présent,présent
T010656,E01697,F,0,1,présent,présent,présent,présent
T010657,E01697,H,24,1,présent,présent,présent,présent
T010658,E01697,H,14,1,présent,présent,présent,présent
T010659,E01697,F,26,1,présent,présent,présent,présent
T010660,E01697,F,6,1,présent,présent,absent,présent
T010661,E01698,F,6,1,présent,présent,présent,présent
T010662,E01698,F,13,1,absent,présent,présent,présent
T010663,E01699,H,3,1,présent,présent,absent,présent
T010664,E01699,F,4,1,présent,absent,présent,présent
T010665,E01699,F,4,1,absent,présent,absent,absent
T010666,E01699,H,5,1,absent,absent,absent,absent
T010667,E01699,H,4,1,absent,présent,présent,absent
T010668,E01699,F,8,1,absent,présent,absent,présent
T010669,E01700,F,12,1,absent,présent,présent,présent
T010670,E01700,H,8,1,présent,présent,absent,absent
T010671,E01700,H,0,1,absent,présent,présent,présent
T010672,E01700,F,4,1,présent,présent,présent,présent
T010673,E01700,H,11,1,présent,présent,présent,présent
T010674,E01700,H,15,1,présent,absent,présent,présent
T010675,E01701,H,9,1,présent,présent,présent,présent
T010676,E01701,F,2,1,présent,présent,présent,NA
T010677,E01701,F,1,1,présent,NA,présent,absent
T010678,E01702,H,5,1,présent,présent,présent,absent
0010679,E01702,F,4,1,présent,présent,présent,présent
T010680,E01702,F,7,1,présent,présent,présent,présent
T010681,E01702,F,8,1,présent,présent,présent,présent
T010682,E01702,H,15,1,présent,présent,présent,présent
T010686,E01702,F,9,1,présent,absent,présent,présent
T010684,E01703,H,12,1,présent,absent,présent,présent
T010685,E01703,H,13,1,présent,présent,présent,présent
T010686,E01703,F,6,1,présent,présent,absent,présent
T010687,E01703,H,0,1,absent,absent,présent,présent
T010688,E01704,H,14,1,présent,présent,présent,présent
T010689,E01704,H,9,1,absent,présent,présent,présent
T010690,E01704,F,13,1,présent,présent,présent,présent
T017691,E01704,H,0,1,présent,présent,présent,présent
T010692,E01705,H,14,1,NA,présent,présent,NA
T010693,E01705,F,7,1,présent,absent,absent,présent
T010694,E01705,H,8,1,présent,présent,présent,présent
T010695,E01705,H,8,1,NA,présent,absent,absent
T010696,E01706,H,13,1,présent,absent,présent,absent
T010497,E01706,H,11,1,présent,présent,présent,présent
T010698,E01706,H,17,1,présent,présent,présent,présent
T010699,E01706,H,11,1,présent,présent,présent,présent
T010700,E01707,F,5,1,absent,présent,présent,présent
T010701,E01707,F,8,1,présent,présent,présent,présent
T010702,E01707,F,5,1,présent,présent,présent,présent
T080703,E01707,F,10,1,présent,présent,présent,absent
T010704,E01707,H,1,1,présent,présent,présent,présent
T010705,E01707,F,17,1,présent,présent,présent,présent
T010706,E01707,H,14,1,présent,présent,présent,présent
T010707,E01707,F,14,1,présent,présent,présent,présent
T010708,E01708,F,9,1,présent,présent,présent,présent
T010709,E01708,H,6,1,présent,NA,présent,présent
T010710,E01708,H,18,1,présent,présent,absent,absent
T010711,E01709,F,8,1,présent,présent,absent,présent
T010712,E01709,H,18,1,présent,présent,absent,présent
T010713,E01709,H,9,1,NA,présent,présent,présent
T010714,E01709,F,3,1,absent,présent,présent,présent
T010715,E01710,H,17,1,présent,absent,absent,présent
T010716,E01710,H,1,1,présent,présent,présent,absent
T010717,E01710,F,10,1,présent,présent,présent,absent
T010718,E01710,H,13,1,présent,présent,présent,présent
T010719,E01711,H,11,1,présent,NA,présent,présent
T010720,E01711,H,10,1,NA,absent,absent,absent
T010721,E01711,H,0,1,présent,présent,absent,NA
T010722,E01711,H,2,1,présent,présent,présent,présent
T010723,E01711,H,4,1,absent,présent,présent,absent
T010724,E01711,H,15,1,absent,absent,présent,présent
T010725,E01711,F,0,1,présent,absent,absent,présent
T010726,E01711,F,8,1,absent,présent,présent,présent
T010727,E01712,H,0,1,NA,absent,présent,présent
T010718,E01712,H,12,1,absent,présent,absent,présent
T010729,E01712,F,5,1,présent,présent,présent,absent
T010730,E01712,H,16,1,présent,absent,présent,présent
T010731,E01712,H,0,1,absent,absent,absent,présent
T010732,E01713,F,0,1,présent,absent,présent,présent
T010733,E01713,F,12,1,présent,présent,présent,présent
T010734,E01713,F,17,1,présent,présent,présent,présent
T010735,E01713,F,14,1,présent,présent,présent,présent
T010736,E01713,F,2,1,présent,absent,présent,présent
T010737,E01713,F,6,1,présent,absent,présent,présent
T010738,E01713,H,10,1,présent,présent,présent,présent
T010739,E01713,H,9,1,présent,présent,présent,présent
T010740,E01714,H,10,1,présent,présent,présent,présent
T010741,E01714,H,4,1,présent,absent,présent,absent
T010742,E01714,H,21,1,absent,absent,absent,présent
T010743,E01714,F,16,1,présent,absent,absent,absent
T015744,E01714,F,6,1,présent,présent,absent,présent
T010745,E01714,H,0,1,présent,présent,présent,absent
T010746,E01715,F,13,1,présent,présent,absent,présent
T010747,E01715,H,0,1,présent,NA,absent,absent
T010748,E01715,H,11,1,présent,présent,absent,NA
T010749,E01715,H,7,1,présent,absent,absent,absent
T010750,E01715,F,11,1,absent,absent,absent,absent
5010751,E01715,H,29,1,présent,présent,présent,absent
T010752,E01716,H,12,1,présent,absent,absent,présent
T010753,E01716,H,5,1,présent,présent,présent,présent
T010754,E01716,H,16,1,présent,présent,présent,présent
T010755,E01716,H,4,1,présent,NA,présent,présent
T010756,E01716,H,7,1,présent,présent,présent,présent
T010757,E01716,F,10,1,présent,présent,présent,présent
T010758,E01717,F,8,1,présent,présent,absent,présent
T010759,E01717,H,0,1,présent,présent,présent,absent
T010760,E01717,H,1,1,présent,absent,absent,présent
T010761,E01717,H,2,1,présent,présent,présent,présent
T010762,E01717,F,11,1,présent,présent,présent,présent
T010763,E01717,F,12,1,présent,présent,présent,absent
T010764,E01717,H,6,1,présent,présent,présent,présent
T010765,E01717,H,5,1,NA,présent,présent,présent
T010766,E01717,F,6,1,absent,présent,absent,présent
T010767,E01717,F,16,1,absent,présent,absent,présent
T010768,E01718,F,11,1,présent,présent,présent,présent
T010769,E01718,H,9,1,absent,présent,présent,présent
T010770,E01718,F,14,1,présent,présent,présent,présent
T010771,E01718,F,20,1,présent,présent,présent,NA
T010772,E01718,F,6,1,absent,présent,présent,absent
T010773,E01718,F,18,1,présent,présent,présent,présent
T010774,E01718,F,1,1,présent,présent,présent,présent
T010775,E01718,H,2,1,présent,présent,présent,présent
T010756,E01718,F,7,1,présent,présent,présent,présent
T010777,E01718,H,4,1,présent,présent,présent,absent
T010778,E01718,H,11,1,présent,NA,absent,présent
T010779,E01719,F,0,1,NA,présent,NA,absent
T010780,E01719,H,3,1,présent,NA,absent,absent
T010781,E01719,H,0,1,présent,présent,présent,présent
T010782,E01719,H,23,1,présent,présent,présent,présent
T010783,E01719,F,1,1,présent,présent,présent,présent
T010784,E01719,F,8,1,présent,présent,présent,présent
T010785,E01720,F,14,1,présent,présent,présent,présent
5010786,E01720,F,6,1,présent,absent,présent,présent
T020787,E01720,H,15,1,NA,présent,présent,présent
T010788,E01720,H,8,1,absent,présent,présent,absent
T010789,E01720,F,7,1,présent,présent,NA,présent
T010790,E01721,H,16,1,NA,absent,absent,absent
T010791,E01721,H,14,1,NA,présent,présent,présent
T010792,E01721,H,0,1,présent,présent,présent,présent
T010793,E01721,F,15,1,présent,présent,absent,présent
T010794,E01722,F,15,1,présent,présent,présent,absent
T010795,E01722,F,10,1,présent,présent,présent,présent
T010796,E01722,H,4,1,présent,absent,présent,présent
T010717,E01722,H,4,1,absent,présent,absent,présent
T010798,E01722,H,14,1,présent,absent,présent,présent
T010799,E01722,H,7,1,présent,présent,présent,présent
T010800,E01722,F,0,1,présent,présent,présent,présent
T010801,E01722,F,10,1,présent,présent,présent,présent
T010802,E01722,F,0,1,présent,présent,absent,présent
T010803,E01722,H,18,1,présent,présent,présent,absent
T010804,E01723,H,10,1,absent,présent,présent,absent
T010805,E01723,F,8,1,absent,absent,présent,présent
T010806,E01723,H,10,1,absent,présent,absent,absent
T010807,E01723,H,0,1,absent,présent,absent,présent
T010808,E01724,H,12,1,absent,présent,présent,présent
T010809,E01724,H,14,1,présent,présent,présent,NA
T010810,E01724,F,10,1,présent,présent,présent,présent
T010841,E01724,H,1,1,présent,présent,présent,présent
T010812,E01724,H,0,1,présent,présent,présent,présent
T010813,E01725,H,2,1,absent,présent,présent,présent
T010814,E01725,H,14,1,présent,présent,présent,présent
T010815,E01725,H,18,1,présent,présent,présent,présent
T010816,E01725,H,5,1,présent,présent,présent,présent
T010817,E01726,F,15,1,présent,présent,présent,présent
T010818,E01726,H,11,1,présent,présent,présent,présent
T010819,E01726,F,12,1,présent,présent,présent,présent
T010820,E01726,H,18,1,présent,absent,présent,présent
T010821,E01726,F,0,1,présent,présent,présent,absent
T010822,E01727,H,9,1,présent,présent,absent,absent
T010823,E01727,H,12,1,présent,présent,présent,absent
T010824,E01727,H,0,1,absent,présent,absent,absent
T010825,E01727,F,14,1,absent,absent,absent,absent
T010826,E01727,H,7,1,présent,présent,NA,présent
T010827,E01727,F,0,1,présent,présent,absent,présent
T018828,E01727,H,22,1,présent,présent,présent,présent
T010829,E01727,H,1,1,présent,présent,absent,absent
T010830,E01727,H,0,1,absent,présent,présent,présent
2010831,E01727,H,15,1,absent,présent,présent,présent
T010832,E01727,H,9,1,présent,présent,présent,présent
T010833,E01727,F,7,1,présent,absent,présent,présent
T010844,E01727,H,0,1,absent,présent,présent,présent
T010835,E01727,H,5,1,présent,présent,absent,absent
T010836,E01728,H,17,1,NA,absent,absent,présent
T010837,E01728,F,16,1,présent,absent,présent,absent
T010838,E01728,F,18,1,présent,présent,présent,présent
T010839,E01728,F,12,1,présent,présent,présent,présent
T010840,E01728,H,12,1,présent,présent,NA,présent
T010841,E01729,H,17,1,présent,présent,présent,absent
T010842,E01729,H,6,1,absent,absent,absent,absent
T010843,E01729,F,4,1,présent,présent,absent,absent
T010844,E01729,F,10,1,présent,présent,absent,absent
8010845,E01729,H,3,1,absent,présent,absent,absent
T010846,E01730,F,0,1,absent,absent,absent,absent
T010847,E01730,F,5,1,présent,présent,présent,absent
T010848,E01730,H,4,1,présent,présent,présent,absent
T010849,E01730,F,0,1,absent,présent,présent,présent
T010850,E01730,H,5,1,présent,présent,présent,présent
T010851,E01730,H,13,1,absent,présent,absent,présent
T010852,E01731,H,11,1,absent,présent,absent,présent
T010853,E01731,F,15,1,présent,présent,présent,absent
T010854,E01731,H,2,1,présent,absent,absent,absent
T010855,E01731,F,3,1,présent,présent,absent,absent
T010856,E01731,F,4,1,présent,présent,NA,absent
T010857,E01731,H,0,1,présent,absent,absent,NA
T010858,E01732,F,14,1,absent,absent,présent,présent
T010859,E01732,F,1,1,présent,absent,présent,absent
T010860,E01732,H,0,1,présent,présent,présent,présent
T010861,E01732,H,20,1,présent,présent,absent,NA
T010862,E01732,H,12,1,présent,absent,présent,présent
T010863,E01732,H,0,1,présent,présent,présent,absent
T014864,E01732,F,1,1,présent,présent,présent,présent
T010865,E01733,H,5,1,absent,présent,présent,absent
T010866,E01733,H,13,1,présent,présent,présent,absent
T010867,E01733,F,3,1,absent,présent,présent,absent
T010868,E01733,F,13,1,présent,présent,présent,présent
T010869,E01733,H,14,1,présent,présent,présent,présent
T010870,E01734,F,26,1,présent,présent,présent,absent
T010871,E01734,H,0,1,présent,présent,présent,présent
T010872,E01734,H,10,1,présent,présent,présent,présent
T010873,E01734,F,12,1,présent,présent,présent,présent
T010874,E01734,F,4,1,présent,présent,présent,présent
T010875,E01734,F,21,1,présent,présent,absent,présent
T010876,E01734,F,12,1,présent,présent,présent,présent
T010877,E01734,H,14,1,présent,absent,présent,présent
T010878,E01734,F,6,1,présent,absent,présent,présent
T010879,E01734,H,0,1,présent,présent,présent,présent
T010880,E01735,F,7,1,présent,présent,présent,présent
T010881,E01735,F,14,1,présent,présent,présent,présent
T010872,E01735,F,0,1,présent,présent,présent,présent
T010883,E01735,H,29,1,présent,présent,présent,présent
T010884,E01736,H,4,1,présent,présent,présent,présent
T110885,E01736,F,1,1,présent,absent,présent,absent
T010886,E01736,F,1,1,présent,présent,présent,présent
T010887,E01736,H,7,1,présent,présent,présent,présent
T010888,E01736,F,6,1,présent,présent,présent,présent
T010889,E01736,H,0,1,présent,présent,présent,absent
T010890,E01736,H,7,1,présent,présent,NA,présent
T010891,E01736,H,3,1,NA,présent,présent,absent
T010892,E01737,F,12,1,absent,présent,présent,présent
T010893,E01737,H,18,1,présent,présent,absent,présent
T010894,E01737,H,18,1,présent,présent,présent,présent
T010895,E01737,H,14,1,NA,absent,présent,présent
T010896,E01737,F,15,1,absent,présent,présent,présent
T010897,E01738,H,8,1,présent,présent,présent,présent
T010898,E01738,H,6,1,présent,présent,absent,présent
T010899,E01738,H,7,1,présent,présent,présent,présent
T010900,E01738,F,10,1,présent,absent,présent,présent
T010901,E01738,H,9,1,présent,présent,présent,absent
T710902,E01738,F,21,1,présent,présent,présent,présent
T010903,E01738,F,0,1,présent,présent,présent,présent
T010904,E01738,F,7,1,présent,présent,présent,présent
T010905,E01738,H,11,1,présent,présent,présent,présent
T010906,E01738,H,5,1,présent,présent,présent,présent
T010907,E01738,F,3,1,présent,absent,NA,présent
T010908,E01739,H,8,1,absent,présent,présent,présent
T010909,E01739,H,2,1,présent,NA,absent,absent
T010910,E01739,H,15,1,absent,absent,absent,absent
T010911,E01739,H,2,1,absent,NA,absent,absent
T010912,E01740,H,20,1,présent,présent,présent,présent
T010913,E01740,F,8,1,présent,présent,présent,présent
T010914,E01740,F,4,1,présent,présent,présent,présent
T010915,E01740,H,11,1,présent,présent,présent,présent
T010916,E01740,H,7,1,présent,présent,présent,présent
T010917,E01740,H,11,1,présent,présent,présent,présent
T010918,E01740,F,7,1,présent,présent,absent,présent
T010918,E01741,F,15,1,absent,présent,présent,présent
T010920,E01741,F,8,1,présent,présent,présent,présent
T010921,E01741,H,0,1,absent,absent,absent,absent
T010922,E01741,F,1,1,présent,absent,absent,présent
T010923,E01741,H,13,1,présent,présent,absent,absent
T010924,E01742,H,12,1,présent,présent,présent,NA
T010925,E01742,H,0,1,présent,présent,présent,absent
T010926,E01742,H,13,1,absent,présent,absent,présent
T010927,E01742,H,3,1,présent,présent,présent,présent
T010928,E01742,F,0,1,présent,présent,présent,présent
T010929,E01743,F,5,1,présent,présent,présent,présent
T010930,E01743,H,5,1,présent,présent,présent,présent
T010931,E01743,H,2,1,NA,absent,présent,absent
T010932,E01743,H,1,1,absent,présent,présent,absent
T010933,E01744,H,14,1,présent,présent,présent,présent
T010934,E01744,H,15,1,présent,présent,présent,NA
T010935,E01744,H,4,1,absent,présent,absent,absent
T010936,E01744,H,16,1,présent,présent,présent,présent
T010937,E01744,F,3,1,présent,présent,absent,présent
T010938,E01745,F,4,1,absent,NA,absent,absent
T010939,E01745,F,16,1,présent,présent,présent,présent
T010940,E01745,H,1,1,présent,présent,présent,présent
T010941,E01745,F,1,1,présent,absent,présent,présent
T710942,E01746,F,14,1,présent,présent,absent,présent
T010943,E01746,H,6,1,présent,absent,absent,présent
T010944,E01747,H,16,1,présent,présent,présent,absent
T010945,E01747,F,10,1,présent,présent,absent,présent
T010946,E01747,H,16,1,présent,présent,présent,présent
T010947,E01747,H,14,1,présent,présent,présent,présent
T010948,E01747,H,6,1,présent,présent,présent,présent
T010949,E01747,H,1,1,absent,absent,présent,absent
T010950,E01747,F,4,1,présent,présent,présent,absent
T010951,E01747,H,18,1,présent,présent,présent,présent
T010992,E01747,H,14,1,présent,présent,présent,présent
T010953,E01748,H,4,1,présent,présent,absent,présent
T010954,E01748,F,14,1,absent,présent,présent,présent
T010955,E01749,F,12,1,présent,présent,présent,présent
T010956,E01749,H,2,1,absent,absent,présent,absent
T010957,E01749,F,9,1,présent,présent,présent,présent
T010958,E01749,F,16,1,présent,présent,présent,présent
T010959,E01749,F,3,1,présent,présent,présent,présent
T010960,E01749,H,5,1,présent,absent,présent,présent
T010961,E01749,F,4,1,présent,présent,absent,présent
T010962,E01749,H,23,1,présent,présent,présent,NA
T010963,E01750,H,11,1,présent,absent,présent,présent
T010964,E01750,F,0,1,présent,présent,présent,présent
T010965,E01750,F,4,1,absent,présent,présent,présent
T010966,E01750,H,11,1,présent,absent,présent,présent
T010967,E01750,H,29,1,présent,présent,absent,absent
T010968,E01750,F,6,1,présent,présent,présent,absent
T010969,E01750,F,9,1,présent,NA,présent,présent
T010970,E01750,F,14,1,présent,présent,présent,présent
T010971,E01750,H,12,1,présent,présent,présent,présent
T010972,E01750,H,10,1,présent,présent,présent,présent
T010973,E01750,H,8,1,présent,absent,présent,présent
T010974,E01751,F,0,1,présent,présent,présent,présent
T010975,E01751,F,11,1,présent,présent,présent,présent
T010976,E01751,F,5,1,présent,présent,présent,présent
T010977,E01751,F,20,1,présent,présent,présent,présent
T010978,E01751,H,14,1,présent,absent,présent,présent
T010979,E01751,H,0,1,présent,présent,présent,absent
T010980,E01751,H,4,1,présent,présent,présent,présent
T010981,E01751,F,12,1,présent,présent,présent,présent
T010982,E01751,F,0,1,présent,présent,présent,présent
T010983,E01751,F,9,1,présent,présent,présent,NA
T010984,E01751,H,18,1,présent,présent,présent,présent
T010945,E01751,F,3,1,présent,présent,présent,présent
T010986,E01751,H,0,1,présent,présent,présent,NA
T010987,E01751,F,15,1,absent,présent,NA,présent
T010988,E01751,F,10,1,présent,présent,présent,présent
T010989,E01751,F,8,1,présent,absent,absent,présent
T010995,E01752,H,4,1,présent,présent,présent,présent
T010991,E01752,F,24,1,absent,présent,NA,présent
T010992,E01752,H,4,1,absent,absent,absent,présent
T010993,E01752,H,18,1,NA,absent,présent,absent
T010994,E01752,H,10,1,NA,présent,présent,présent
T010995,E01752,F,25,1,présent,présent,absent,présent
T010996,E01752,H,10,1,NA,présent,présent,absent
T010997,E01752,F,5,1,absent,présent,présent,présent
T010998,E01752,F,9,1,présent,présent,présent,absent
T010999,E01753,F,17,1,présent,présent,absent,présent
T011000,E01753,F,9,1,NA,présent,présent,présent
T011001,E01753,H,5,1,présent,absent,absent,absent
T511002,E01754,F,7,1,présent,présent,présent,présent
T011003,E01754,H,11,1,présent,présent,présent,présent
T011004,E01754,F,18,1,présent,présent,présent,absent
T011005,E01754,F,6,1,présent,présent,présent,présent
T011006,E01754,H,5,1,présent,présent,présent,présent
T011007,E01754,F,12,1,présent,présent,absent,présent
T011008,E01754,F,11,1,présent,absent,présent,présent
T011009,E01754,F,17,1,présent,absent,présent,présent
T011010,E01754,F,14,1,absent,présent,présent,présent
T011011,E01754,H,21,1,présent,présent,présent,absent
T011019,E01755,F,13,1,absent,absent,absent,présent
T012013,E01755,F,9,1,présent,absent,présent,absent
T011014,E01755,F,11,1,absent,absent,absent,présent
T011615,E01755,H,0,1,présent,présent,présent,absent
T011016,E01756,H,12,1,présent,absent,présent,présent
T011017,E01756,F,0,1,présent,présent,présent,absent
T011018,E01756,H,26,1,présent,présent,absent,présent
T011019,E01756,F,11,1,présent,absent,NA,présent
T011020,E01756,H,11,1,présent,NA,présent,absent
T011021,E01756,F,3,1,présent,présent,présent,présent
T011022,E01756,H,4,1,présent,présent,présent,présent
T091023,E01757,F,13,1,absent,présent,présent,absent
T011024,E01757,H,13,1,présent,présent,présent,présent
T011025,E01757,F,12,1,absent,présent,présent,absent
T011026,E01757,H,0,1,présent,présent,absent,présent
T011027,E01758,H,2,1,NA,présent,NA,absent
T011028,E01758,F,0,1,présent,présent,présent,présent
T011029,E01758,F,7,1,présent,présent,présent,absent
T011030,E01758,H,10,1,présent,présent,présent,présent
T011031,E01758,F,6,1,présent,présent,présent,présent
T011032,E01758,H,20,1,NA,présent,présent,absent
T011033,E01759,F,4,1,absent,absent,absent,absent
T011034,E01759,H,11,1,absent,présent,présent,présent
T011035,E01759,F,4,1,présent,absent,présent,absent
T011036,E01759,H,15,1,absent,présent,absent,absent
T011037,E01759,F,4,1,présent,présent,présent,présent
T011038,E01760,H,0,1,présent,présent,présent,présent
T011039,E01760,H,14,1,présent,présent,présent,présent
T011040,E01760,F,1,1,présent,présent,présent,présent
T011041,E01760,F,9,1,présent,présent,présent,présent
T011142,E01760,H,3,1,absent,présent,présent,présent
T411043,E01760,F,19,1,présent,présent,présent,absent
T011044,E01760,F,12,1,présent,présent,présent,présent
T011045,E01760,F,2,1,présent,présent,NA,absent
T011046,E01760,F,12,1,présent,présent,présent,présent
T011047,E01760,F,17,1,présent,présent,présent,présent
T011048,E01761,F,4,1,absent,absent,absent,absent
T011049,E01761,H,12,1,absent,absent,présent,présent
T011050,E01761,H,12,1,absent,présent,absent,absent
T011051,E01761,F,5,1,présent,présent,présent,présent
T011052,E01761,F,4,1,présent,absent,présent,présent
T011053,E01761,H,16,1,absent,absent,présent,absent
T011054,E01762,H,8,1,présent,présent,présent,présent
T011055,E01762,H,12,1,présent,présent,présent,absent
T011056,E01762,H,13,1,absent,absent,présent,présent
T011057,E01762,H,17,1,présent,présent,présent,présent
T411058,E01762,H,12,1,présent,présent,présent,présent
T011059,E01763,F,15,1,présent,présent,présent,présent
T011060,E01763,F,12,1,absent,présent,présent,présent
T011061,E01763,F,1,1,présent,présent,présent,présent
T011062,E01763,F,18,1,présent,présent,présent,présent
T011063,E01763,H,14,1,présent,présent,présent,présent
T011064,E01763,F,16,1,présent,présent,présent,présent
T011065,E01763,H,6,1,présent,présent,présent,présent
T011066,E01763,H,11,1,présent,présent,absent,présent
T011067,E01763,H,14,1,présent,présent,présent,présent
T016068,E01763,F,10,1,absent,présent,absent,présent
T011069,E01763,H,12,1,absent,présent,présent,présent
T011070,E01764,F,19,1,absent,présent,NA,absent
T031071,E01764,F,5,1,présent,présent,présent,présent
T011072,E01764,H,6,1,absent,absent,absent,présent
T011073,E01764,H,7,1,absent,NA,absent,présent
T011074,E01764,H,0,1,absent,présent,présent,absent
T011075,E01764,F,5,1,présent,présent,absent,absent
T011076,E01764,H,11,1,présent,présent,présent,présent
T011077,E01764,H,12,1,présent,présent,présent,présent
T011078,E01765,H,9,1,NA,présent,absent,absent
T011079,E01765,H,5,1,présent,présent,présent,présent
T011089,E01765,H,2,1,présent,présent,présent,présent
T011081,E01765,H,9,1,présent,présent,présent,présent
T014082,E01765,H,12,1,présent,présent,présent,présent
T011083,E01765,F,12,1,présent,présent,présent,NA
T011084,E01765,H,14,1,présent,présent,présent,présent
T011085,E01765,F,0,1,absent,présent,absent,présent
T011086,E01765,H,13,1,présent,présent,présent,absent
T011087,E01765,H,9,1,absent,présent,présent,absent
T011088,E01766,H,13,1,présent,présent,présent,présent
T011089,E01766,H,15,1,présent,présent,présent,présent
T011090,E01766,H,17,1,présent,présent,présent,présent
T011091,E01767,F,11,1,absent,présent,présent,absent
T011092,E01767,H,12,1,présent,présent,présent,présent
T011093,E01767,H,6,1,présent,présent,absent,présent
T011094,E01767,H,5,1,présent,présent,présent,présent
T011065,E01767,H,19,1,présent,présent,présent,présent
T011096,E01768,H,7,1,présent,NA,présent,présent
T011097,E01768,F,16,1,présent,absent,présent,présent
T011098,E01768,F,12,1,présent,présent,présent,présent
T011099,E01769,F,19,1,présent,présent,présent,présent
T011100,E01769,F,1,1,présent,présent,présent,présent
T011101,E01769,F,12,1,présent,présent,présent,présent
T011102,E01769,H,21,1,présent,absent,présent,présent
T011103,E01769,H,14,1,présent,présent,absent,présent
T011104,E01769,F,13,1,présent,présent,présent,présent
T011105,E01769,H,0,1,présent,présent,présent,présent
T011106,E01769,F,11,1,présent,présent,présent,absent
T011107,E01769,H,15,1,présent,présent,présent,présent
T011108,E01769,F,14,1,présent,présent,présent,présent
T011109,E01770,H,9,1,absent,présent,présent,présent
T011110,E01770,H,10,1,NA,absent,absent,présent
T011111,E01771,H,0,1,présent,présent,absent,présent
T011112,E01771,H,2,1,présent,présent,absent,NA
T011113,E01772,F,0,1,présent,présent,présent,NA
T017114,E01772,H,17,1,NA,présent,présent,présent
T011115,E01773,H,12,1,présent,présent,présent,présent
T011116,E01773,H,4,1,absent,NA,présent,présent
T011117,E01773,F,0,1,absent,présent,absent,absent
T011118,E01774,H,11,1,présent,présent,présent,présent
T011119,E01774,F,4,1,présent,présent,présent,présent
T011120,E01774,F,14,1,présent,présent,présent,présent
T011121,E01774,H,10,1,présent,présent,présent,présent
T011122,E01775,H,6,1,absent,présent,présent,absent
T011123,E01775,H,13,1,absent,présent,présent,présent
T011124,E01775,F,14,1,présent,absent,absent,présent
T011125,E01775,H,8,1,absent,absent,absent,absent
T011126,E01776,F,9,1,présent,absent,présent,présent
T011127,E01776,H,12,1,présent,absent,présent,absent
T011128,E01776,H,0,1,présent,présent,absent,présent
T011129,E01776,F,0,1,absent,absent,absent,présent
T011130,E01776,H,9,1,absent,présent,absent,présent
T011131,E01776,H,13,1,absent,présent,présent,présent
T011132,E01777,H,10,1,présent,présent,présent,présent
T911133,E01777,F,21,1,présent,présent,présent,présent
T011134,E01777,H,12,1,présent,présent,NA,présent
T011135,E01777,F,20,1,présent,présent,présent,présent
T011136,E01777,F,15,1,présent,présent,présent,présent
T011137,E01777,H,12,1,présent,présent,présent,présent
T011138,E01778,H,11,1,présent,présent,présent,présent
T011139,E01778,H,3,1,présent,présent,présent,présent
T011140,E01778,F,19,1,présent,présent,présent,présent
T011141,E01778,H,19,1,présent,présent,présent,présent
T011142,E01778,H,18,1,présent,présent,présent,présent
T011143,E01778,H,18,1,présent,présent,absent,absent
T011144,E01779,F,9,1,présent,présent,absent,absent
T011145,E01779,F,16,1,présent,présent,présent,présent
2011146,E01779,H,12,1,présent,présent,présent,présent
T011147,E01779,H,28,1,présent,présent,NA,présent
T011148,E01779,H,11,1,présent,présent,présent,présent
T011149,E01779,F,13,1,présent,présent,présent,présent
T011150,E01779,F,17,1,présent,présent,présent,présent
T011151,E01779,H,15,1,présent,présent,présent,NA
T011152,E01779,H,1,1,présent,présent,présent,présent
T011153,E01779,H,16,1,présent,présent,absent,présent
T011154,E01779,F,1,1,présent,présent,présent,présent
T011155,E01779,H,19,1,présent,présent,présent,présent
T011156,E01779,F,14,1,présent,présent,présent,présent
T011157,E01779,H,5,1,présent,présent,présent,présent
T011158,E01779,F,5,1,présent,présent,présent,présent
T011159,E01779,F,8,1,présent,absent,absent,présent
T011160,E01779,F,4,1,présent,absent,présent,NA
T011161,E01779,F,2,1,absent,absent,absent,présent
T011162,E01779,H,7,1,absent,absent,absent,présent
T011163,E01779,F,13,1,présent,présent,présent,présent
T011164,E01779,H,11,1,présent,présent,présent,présent
T011165,E01779,F,9,1,absent,présent,présent,présent
T011166,E01780,H,1,1,présent,présent,absent,présent
T011167,E01780,H,8,1,présent,présent,NA,présent
T011168,E01780,F,16,1,NA,présent,absent,présent
T011169,E01780,H,9,1,absent,présent,présent,présent
T011170,E01781,F,15,1,absent,présent,absent,présent
T011171,E01781,F,8,1,présent,présent,présent,présent
T011172,E01781,H,15,1,présent,absent,présent,présent
T011173,E01782,H,5,1,absent,présent,absent,présent
T011174,E01782,F,7,1,présent,présent,présent,présent
T011175,E01782,H,8,1,présent,présent,absent,présent
T011176,E01782,H,0,1,présent,présent,présent,présent
T011177,E01783,F,16,1,présent,présent,présent,présent
T011178,E01783,F,12,1,présent,présent,présent,présent
T011179,E01783,F,0,1,présent,présent,présent,présent
T011180,E01783,H,12,1,présent,présent,présent,présent
T011181,E01783,H,17,1,présent,présent,présent,présent
T011182,E01783,F,14,1,absent,présent,absent,présent
T011183,E01783,H,24,1,présent,présent,présent,absent
T011184,E01783,H,8,1,absent,présent,présent,présent
T011185,E01784,F,5,1,absent,absent,présent,présent
T011186,E01784,H,2,1,NA,présent,présent,présent
T011187,E01784,H,0,1,absent,présent,présent,absent
T011188,E01784,F,17,1,absent,présent,présent,présent
T011189,E01784,H,12,1,présent,absent,présent,absent
8011190,E01785,F,5,1,présent,présent,absent,présent
T011191,E01785,H,13,1,absent,présent,présent,absent
T011192,E01785,H,0,1,absent,présent,absent,présent
T011193,E01785,H,3,1,présent,présent,présent,présent
T011194,E01786,H,0,1,présent,absent,absent,absent
T011195,E01786,H,9,1,présent,absent,présent,présent
T011196,E01786,F,4,1,absent,présent,présent,présent
T711197,E01786,F,19,1,présent,absent,présent,absent
T011198,E01786,H,14,1,présent,absent,présent,présent
T011199,E01786,H,13,1,absent,absent,absent,absent
T011200,E01787,H,0,1,présent,présent,présent,présent
T011201,E01787,H,15,1,présent,présent,présent,présent
T011202,E01787,H,7,1,présent,absent,présent,présent
T011203,E01788,F,3,1,présent,présent,présent,présent
T011204,E01788,F,8,1,présent,absent,présent,présent
T011205,E01788,H,10,1,présent,présent,présent,présent
T511206,E01788,F,17,1,présent,présent,présent,absent
T011207,E01788,H,16,1,présent,présent,absent,présent
T012208,E01788,F,4,1,présent,présent,absent,présent
T011209,E01788,H,1,1,présent,présent,présent,présent
T011210,E01788,H,4,1,présent,absent,présent,absent
T011211,E01788,H,6,1,présent,présent,présent,présent
T011212,E01789,F,24,1,présent,absent,présent,absent
T011213,E01789,H,1,1,absent,présent,présent,présent
T011214,E01789,H,7,1,présent,présent,NA,présent
T011215,E01789,F,3,1,présent,absent,absent,absent
T011206,E01789,H,3,1,présent,absent,absent,présent
T011217,E01790,H,4,1,présent,présent,absent,présent
T011218,E01790,H,2,1,absent,absent,présent,présent
T011219,E01790,F,7,1,présent,absent,présent,présent
T011220,E01790,H,0,1,présent,présent,présent,NA
T031221,E01790,H,8,1,NA,présent,présent,présent
T011222,E01790,F,10,1,présent,présent,présent,présent
T091223,E01790,F,3,1,présent,présent,présent,absent
T011224,E01790,F,12,1,présent,présent,présent,NA
T011245,E01790,H,9,1,absent,absent,présent,présent
T011226,E01790,F,11,1,présent,absent,présent,présent
T011227,E01790,H,9,1,présent,présent,présent,présent
T011228,E01791,H,14,1,présent,absent,présent,absent
T011229,E01791,H,0,1,présent,présent,absent,absent
T011230,E01791,H,6,1,absent,absent,présent,présent
T011231,E01792,H,4,1,absent,présent,présent,présent
T011232,E01792,F,15,1,présent,présent,présent,présent
T011233,E01793,F,7,1,présent,présent,présent,présent
T011234,E01793,H,6,1,présent,présent,présent,présent
T011235,E01793,F,12,1,présent,absent,NA,présent
T011236,E01794,H,7,1,présent,présent,présent,présent
T011237,E01794,F,0,1,présent,présent,absent,absent
T011238,E01794,F,3,1,présent,présent,absent,absent
T011239,E01794,F,22,1,présent,présent,présent,présent
T011240,E01794,F,2,1,présent,absent,absent,absent
T011241,E01794,H,7,1,présent,présent,présent,absent
T011242,E01795,H,13,1,absent,présent,présent,absent
T011243,E01795,H,14,1,présent,présent,présent,NA
T011244,E01795,F,15,1,présent,absent,NA,NA
T011245,E01795,F,10,1,présent,présent,présent,présent
T011246,E01795,H,8,1,présent,présent,présent,présent
T011247,E01795,F,30,1,présent,présent,absent,présent
T011248,E01795,H,16,1,présent,présent,présent,présent
T011249,E01795,F,10,1,présent,présent,présent,présent
T511250,E01796,H,1,1,présent,présent,absent,présent
T011251,E01796,F,4,1,présent,présent,présent,présent
T011252,E01796,H,3,1,présent,présent,présent,présent
T011253,E01796,F,12,1,présent,présent,présent,présent
T011254,E01796,H,3,1,présent,présent,NA,présent
T011255,E01797,H,7,1,absent,présent,NA,absent
T011256,E01797,H,8,1,présent,présent,présent,présent
T011257,E01797,H,7,1,présent,absent,absent,absent
T011258,E01798,H,9,1,présent,présent,présent,présent
T011259,E01798,H,7,1,présent,présent,présent,présent
T011260,E01798,H,10,1,présent,présent,présent,présent
T011261,E01798,H,17,1,présent,absent,présent,présent
T011262,E01798,F,11,1,présent,présent,présent,présent
T011283,E01798,F,2,1,absent,présent,absent,absent
T011264,E01798,H,2,1,présent,absent,présent,absent
T011265,E01798,H,7,1,présent,présent,présent,présent
T011266,E01798,H,3,1,présent,absent,absent,absent
T011267,E01798,F,8,1,présent,présent,absent,présent
T011268,E01799,F,3,1,NA,présent,présent,présent
T011269,E01799,F,13,1,absent,absent,présent,absent
T011270,E01799,F,0,1,présent,présent,absent,présent
T011271,E01799,H,17,1,présent,présent,absent,présent
T011272,E01800,H,0,1,présent,présent,présent,présent
T011283,E01800,F,10,1,présent,présent,présent,présent
T011274,E01800,H,5,1,présent,présent,absent,présent
T011275,E01800,F,14,1,présent,présent,présent,présent
T011276,E01800,F,12,1,absent,présent,présent,présent
T011277,E01801,H,6,1,présent,présent,présent,présent
T011278,E01801,H,13,1,absent,présent,présent,présent
T011279,E01801,H,7,1,absent,présent,absent,présent
T011280,E01801,H,2,1,présent,présent,présent,absent
T011281,E01802,H,9,1,présent,présent,NA,NA
T011282,E01802,H,21,1,absent,présent,présent,NA
T011283,E01802,F,5,1,présent,présent,absent,présent
T011284,E01802,F,0,1,présent,présent,NA,présent
T011285,E01802,H,14,1,présent,présent,présent,présent
T011286,E01803,F,8,1,présent,présent,présent,présent
T011287,E01803,F,11,1,présent,présent,présent,NA
T011288,E01803,H,18,1,présent,présent,présent,présent
T011289,E01803,H,10,1,présent,présent,présent,présent
T011290,E01803,H,4,1,présent,présent,présent,présent
T011291,E01803,F,3,1,présent,présent,présent,présent
T011292,E01803,H,7,1,présent,présent,présent,présent
T011293,E01803,H,18,1,présent,absent,présent,présent
T011294,E01804,H,0,1,présent,absent,présent,absent
T011295,E01804,F,3,1,présent,présent,absent,absent
T011296,E01804,F,9,1,absent,présent,présent,présent
T011297,E01804,F,9,1,absent,présent,présent,présent
T011298,E01804,H,8,1,présent,présent,présent,NA
T011299,E01804,H,16,1,présent,présent,présent,présent
T011300,E01804,H,12,1,présent,absent,absent,absent
T011301,E01805,F,11,1,présent,présent,présent,présent
T011302,E01805,F,6,1,présent,absent,présent,absent
T011303,E01806,H,0,1,présent,présent,présent,présent
T011304,E01806,H,2,1,présent,présent,présent,présent
T011308,E01807,F,5,1,présent,NA,présent,présent
T011303,E01807,H,11,1,absent,présent,présent,présent
T011307,E01807,F,13,1,absent,absent,présent,absent
T011308,E01807,F,19,1,présent,présent,absent,présent
T011309,E01807,F,10,1,NA,présent,présent,présent
T011310,E01807,F,8,1,absent,présent,présent,présent
T011311,E01807,H,0,1,présent,présent,présent,présent
T011312,E01807,H,9,1,présent,présent,présent,présent
T011313,E01807,H,0,1,présent,présent,absent,présent
T011314,E01807,H,7,1,absent,NA,présent,absent
T011315,E01807,H,8,1,présent,présent,présent,NA
T011316,E01808,H,5,1,présent,présent,présent,présent
T011617,E01808,H,11,1,absent,présent,présent,absent
T011318,E01808,H,0,1,présent,présent,présent,présent
T011319,E01808,F,7,1,présent,présent,présent,présent
T011320,E01808,F,27,1,absent,présent,présent,présent
T011321,E01808,F,6,1,absent,absent,présent,présent
T011322,E01808,H,6,1,présent,absent,présent,présent
T011321,E01808,H,15,1,présent,absent,présent,présent
T011324,E01808,H,2,1,présent,présent,absent,présent
T011325,E01809,H,0,1,présent,présent,présent,présent
T011326,E01809,H,10,1,présent,présent,présent,absent
T011327,E01809,H,0,1,absent,absent,présent,présent
T311328,E01810,H,5,1,présent,présent,présent,présent
T011329,E01810,H,13,1,absent,présent,présent,présent
T011330,E01810,F,0,1,NA,absent,absent,présent
T011331,E01811,H,20,1,absent,présent,présent,présent
T011332,E01811,H,6,1,présent,absent,présent,présent
T011333,E01811,F,13,1,présent,absent,présent,présent
T031334,E01812,H,5,1,absent,présent,absent,absent
T011335,E01812,H,0,1,présent,absent,présent,présent
T011336,E01813,H,15,1,présent,présent,présent,présent
T011337,E01813,F,16,1,présent,présent,NA,présent
T011338,E01813,H,14,1,présent,présent,présent,absent
T011339,E01814,H,2,1,absent,absent,absent,absent
T011340,E01814,H,4,1,présent,absent,présent,présent
T011341,E01814,H,8,1,présent,absent,présent,présent
T011342,E01814,H,9,1,présent,présent,présent,présent
T011343,E01814,H,11,1,présent,présent,présent,présent
T011344,E01815,F,23,1,présent,présent,présent,présent
T011345,E01815,H,14,1,présent,présent,présent,absent
T011346,E01815,H,13,1,absent,présent,présent,présent
T011347,E01815,F,9,1,absent,absent,absent,absent
T011348,E01815,F,10,1,présent,présent,présent,présent
T011349,E01816,H,17,1,présent,présent,présent,présent
T011350,E01816,H,0,1,présent,présent,présent,présent
T011351,E01816,F,0,1,présent,présent,présent,présent
T011352,E01816,H,20,1,absent,absent,présent,présent
T011353,E01816,H,12,1,absent,absent,absent,présent
T011354,E01816,H,0,1,absent,présent,absent,présent
T014355,E01816,H,11,1,absent,absent,absent,absent
T011356,E01816,F,14,1,absent,absent,absent,présent
T011357,E01816,F,6,1,présent,présent,présent,absent
T011358,E01816,F,0,1,présent,présent,absent,présent
T001359,E01817,H,13,1,présent,présent,présent,présent
T011360,E01817,F,16,1,présent,absent,présent,présent
T011361,E01818,H,8,1,présent,absent,absent,présent
T011362,E01818,H,7,1,présent,présent,présent,NA
T011363,E01818,F,5,1,présent,présent,présent,présent
T011364,E01818,H,6,1,absent,absent,présent,présent
T011365,E01819,H,12,1,présent,présent,présent,présent
T011316,E01819,H,4,1,présent,absent,présent,présent
T011367,E01819,H,8,1,présent,présent,présent,absent
T011368,E01819,F,7,1,présent,absent,présent,absent
T011369,E01820,H,11,1,présent,absent,présent,présent
T011370,E01820,F,6,1,absent,présent,absent,présent
T011271,E01820,F,2,1,absent,présent,présent,présent
T011372,E01820,F,10,1,présent,présent,présent,absent
T011373,E01820,F,18,1,NA,présent,présent,présent
3011374,E01820,H,4,1,absent,présent,absent,absent
T011375,E01820,H,13,1,présent,absent,présent,présent
T081376,E01821,F,27,1,présent,présent,présent,présent
T011377,E01821,H,7,1,présent,présent,présent,NA
T011378,E01821,F,10,1,présent,présent,présent,présent
T011379,E01821,H,5,1,présent,présent,présent,présent
T011380,E01821,F,3,1,absent,présent,présent,présent
T011381,E01821,F,4,1,présent,présent,présent,présent
T011382,E01821,F,10,1,présent,présent,présent,présent
T011383,E01821,F,8,1,présent,présent,présent,présent
T011384,E01821,H,4,1,présent,présent,présent,présent
T011385,E01821,F,16,1,présent,présent,absent,présent
T011386,E01821,F,10,1,présent,présent,présent,présent
T091387,E01821,H,16,1,présent,présent,présent,présent
T011088,E01822,H,13,1,absent,présent,absent,présent
T011389,E01822,H,0,1,présent,absent,présent,présent
T011390,E01822,H,1,1,absent,présent,présent,NA
T011393,E01822,H,6,1,absent,présent,absent,présent
T011392,E01822,H,9,1,absent,absent,absent,absent
T011393,E01823,F,14,1,NA,présent,présent,présent
T011394,E01823,H,10,1,présent,présent,absent,présent
T011395,E01823,F,13,1,présent,présent,présent,présent
T011396,E01824,H,9,1,absent,présent,présent,présent
T011397,E01824,H,14,1,présent,présent,présent,présent
T011398,E01824,H,2,1,présent,absent,absent,absent
T011379,E01824,F,18,1,présent,présent,présent,NA
T011400,E01824,H,0,1,présent,présent,présent,présent
T011401,E01824,H,11,1,présent,présent,présent,absent
T011402,E01825,H,6,1,présent,présent,présent,présent
T011403,E01825,H,0,1,présent,NA,absent,présent
T011404,E01825,F,3,1,présent,présent,présent,présent
T011405,E01825,H,4,1,présent,présent,présent,présent
T011406,E01825,H,20,1,présent,présent,présent,présent
T011407,E01825,H,6,1,présent,absent,absent,présent
T011408,E01825,H,0,1,absent,présent,absent,présent
T011409,E01825,F,11,1,présent,présent,présent,présent
T011410,E01825,H,14,1,présent,présent,présent,présent
T011410,E01825,H,12,1,présent,présent,présent,NA
T011412,E01825,H,20,1,présent,absent,présent,présent
T011413,E01825,H,19,1,présent,présent,présent,présent
T011414,E01826,H,12,1,absent,présent,présent,présent
T011415,E01826,H,14,1,présent,présent,présent,présent
T011416,E01826,H,9,1,absent,absent,présent,absent
T011417,E01826,H,5,1,présent,présent,absent,absent
T011418,E01826,H,10,1,absent,présent,présent,absent
T011419,E01827,F,22,1,présent,présent,présent,présent
T011420,E01827,F,6,1,présent,présent,présent,présent
T011421,E01827,H,18,1,présent,présent,présent,absent
T011422,E01827,H,0,1,présent,NA,présent,absent
T411423,E01827,H,0,1,NA,présent,NA,présent
T011424,E01827,F,20,1,présent,présent,présent,présent
T011425,E01827,F,3,1,absent,présent,présent,présent
T011826,E01827,H,14,1,présent,présent,présent,absent
T011427,E01827,H,7,1,présent,présent,présent,présent
T011428,E01828,H,1,1,présent,présent,absent,présent
T011429,E01829,F,4,1,présent,présent,absent,présent
T011430,E01829,F,0,1,présent,présent,présent,présent
T011431,E01829,H,7,1,présent,présent,présent,présent
T011432,E01829,H,17,1,présent,présent,présent,présent
T011433,E01829,F,3,1,présent,présent,présent,présent
T011434,E01829,F,8,1,présent,présent,présent,présent
T011435,E01829,H,4,1,présent,présent,présent,présent
T011436,E01829,F,16,1,présent,absent,présent,présent
T711437,E01829,F,3,1,présent,présent,absent,absent
T011438,E01830,F,1,1,absent,présent,présent,présent
T011439,E01830,F,25,1,présent,présent,absent,présent
T011440,E01830,H,6,1,absent,présent,présent,présent
T611441,E01830,H,15,1,présent,présent,NA,absent
T011442,E01830,H,11,1,présent,présent,présent,présent
T011443,E01831,H,16,1,présent,présent,présent,présent
T011444,E01831,H,8,1,absent,présent,présent,absent
T011445,E01831,H,2,1,présent,présent,présent,absent
T011446,E01831,H,19,1,présent,présent,absent,présent
T011447,E01831,H,2,1,présent,présent,présent,présent
T011448,E01832,F,0,1,présent,présent,présent,NA
T011449,E01832,H,21,1,présent,présent,présent,présent
T011450,E01832,H,26,1,présent,absent,présent,présent
T011451,E01832,H,0,1,présent,présent,présent,présent
T011452,E01832,H,5,1,présent,présent,absent,présent
T011453,E01832,F,16,1,présent,présent,présent,présent
T011454,E01832,H,0,1,présent,présent,présent,présent
T011455,E01833,H,4,1,présent,présent,absent,absent
T011456,E01833,H,9,1,présent,absent,présent,présent
T011457,E01833,F,13,1,présent,présent,présent,NA
T011458,E01833,H,10,1,présent,absent,absent,présent
T011459,E01834,F,10,1,présent,présent,présent,absent
T011460,E01834,F,12,1,présent,présent,présent,présent
T011461,E01834,F,1,1,présent,présent,présent,présent
T011462,E01835,F,21,1,présent,présent,présent,absent
T011463,E01835,H,14,1,présent,absent,présent,absent
T611464,E01835,H,2,1,présent,présent,présent,présent
T011465,E01835,F,9,1,présent,présent,présent,présent
T011466,E01835,F,12,1,présent,présent,présent,présent
T019467,E01835,H,7,1,présent,présent,présent,présent
T011468,E01835,F,17,1,NA,présent,présent,présent
T011469,E01835,H,7,1,présent,présent,présent,présent
T011470,E01836,F,13,1,présent,présent,présent,présent
T011471,E01836,H,15,1,absent,présent,présent,présent
T011472,E01836,H,8,1,présent,présent,absent,absent
T011473,E01836,F,1,1,présent,présent,absent,absent
T011474,E01836,H,0,1,absent,présent,présent,présent
T011475,E01837,H,0,1,absent,présent,présent,présent
T011476,E01837,F,3,1,présent,présent,présent,présent
T011477,E01837,H,12,1,présent,présent,présent,présent
T011478,E01837,F,12,1,présent,présent,présent,présent
T011479,E01837,H,21,1,présent,absent,présent,présent
T011480,E01837,H,23,1,présent,présent,présent,présent
T011481,E01838,H,0,1,présent,présent,présent,présent
T011482,E01838,F,8,1,présent,présent,présent,absent
T011483,E01838,H,0,1,présent,présent,absent,absent
T011480,E01838,F,6,1,présent,présent,absent,présent
T011485,E01838,F,15,1,présent,absent,absent,présent
T011483,E01839,H,12,1,présent,présent,présent,présent
T011487,E01839,H,22,1,absent,présent,présent,présent
T011488,E01839,H,13,1,absent,présent,absent,présent
T011489,E01839,F,11,1,présent,présent,présent,présent
T011490,E01839,H,3,1,présent,présent,présent,présent
T011491,E01839,H,10,1,présent,NA,présent,absent
T011492,E01839,F,23,1,présent,absent,présent,présent
T011493,E01839,H,7,1,présent,présent,présent,présent
T011494,E01839,F,8,1,présent,présent,présent,absent
T011495,E01839,H,1,1,présent,présent,présent,présent
T011496,E01840,H,11,1,présent,absent,présent,présent
T011497,E01840,H,15,1,présent,présent,absent,présent
T011498,E01840,F,4,1,présent,présent,présent,absent
T011499,E01840,H,14,1,présent,absent,présent,absent
T011500,E01840,F,9,1,présent,présent,présent,présent
T011501,E01840,H,15,1,présent,présent,présent,présent
T011502,E01840,H,3,1,présent,NA,NA,absent
T011503,E01840,F,17,1,présent,présent,présent,présent
T011504,E01840,H,15,1,présent,absent,présent,présent
T011505,E01840,H,18,1,présent,présent,absent,présent
T011506,E01841,H,19,1,présent,présent,présent,présent
T011507,E01841,F,6,1,présent,présent,absent,absent
T011508,E01841,H,12,1,présent,absent,présent,présent
0011509,E01841,H,0,1,présent,absent,NA,présent
T011510,E01841,H,0,1,présent,présent,présent,présent
T011511,E01841,H,3,1,absent,NA,présent,présent
T011512,E01841,H,12,1,absent,présent,absent,présent
T011513,E01842,H,16,1,présent,présent,présent,présent
T011514,E01842,F,16,1,présent,présent,présent,présent
T011515,E01843,F,16,1,présent,présent,présent,présent
T011516,E01843,F,1,1,présent,présent,présent,absent
T011517,E01843,H,8,1,absent,présent,absent,présent
T016518,E01843,H,17,1,présent,présent,absent,présent
T011519,E01843,F,14,1,présent,absent,présent,présent
T011520,E01843,H,13,1,présent,absent,présent,absent
T011521,E01843,H,0,1,présent,présent,présent,présent
T011522,E01843,F,11,1,présent,présent,présent,absent
9011523,E01843,H,15,1,présent,présent,présent,présent
T011524,E01843,F,8,1,présent,présent,présent,présent
T011525,E01844,H,4,1,absent,absent,présent,présent
T011526,E01844,F,10,1,présent,présent,présent,présent
T011827,E01844,H,21,1,présent,présent,présent,présent
T011528,E01844,H,9,1,présent,présent,présent,NA
T011529,E01844,H,5,1,présent,présent,présent,présent
T211530,E01844,H,20,1,présent,présent,présent,présent
T011531,E01844,F,2,1,présent,NA,présent,présent
T011532,E01844,F,5,1,absent,absent,présent,absent
T011533,E01844,H,5,1,présent,présent,présent,présent
T011534,E01844,H,0,1,présent,présent,présent,absent
T011535,E01845,F,8,1,présent,présent,présent,présent
T011536,E01845,F,12,1,absent,présent,présent,présent
T011537,E01845,H,12,1,présent,présent,présent,absent
T011538,E01846,H,8,1,présent,présent,présent,absent
T011539,E01846,H,9,1,absent,présent,présent,absent
T011540,E01846,H,6,1,absent,absent,présent,absent
T019541,E01846,F,5,1,présent,présent,présent,absent
T011542,E01846,H,9,1,présent,présent,présent,absent
T011543,E01846,F,21,1,présent,présent,absent,présent
T011534,E01847,H,9,1,présent,présent,présent,présent
T011545,E01847,H,25,1,présent,présent,absent,NA
T011546,E01847,H,6,1,présent,présent,présent,présent
T011547,E01847,H,5,1,présent,présent,présent,présent
T011548,E01848,F,16,1,présent,présent,présent,présent
T011549,E01848,H,13,1,présent,présent,présent,présent
T011550,E01848,F,17,1,présent,présent,présent,présent
T011551,E01848,H,9,1,présent,présent,présent,présent
T011552,E01849,H,14,1,présent,absent,présent,absent
T011553,E01849,F,5,1,absent,présent,présent,absent
T011554,E01849,F,16,1,NA,présent,présent,présent
T011555,E01849,F,1,1,présent,présent,présent,présent
T011556,E01849,F,10,1,présent,présent,présent,présent
T011557,E01849,H,1,1,absent,absent,présent,présent
T011555,E01849,H,6,1,présent,présent,absent,présent
T011559,E01849,H,1,1,absent,présent,présent,présent
T011560,E01849,H,12,1,absent,présent,présent,absent
T011561,E01849,H,1,1,présent,présent,présent,présent
T011572,E01849,H,9,1,présent,présent,présent,absent
T011563,E01849,H,11,1,présent,présent,présent,absent
T011564,E01850,H,15,1,présent,présent,présent,absent
T011565,E01850,F,14,1,absent,NA,absent,présent
T011566,E01850,H,2,1,présent,absent,présent,présent
T011567,E01850,H,21,1,présent,présent,présent,présent
T011568,E01851,F,18,1,présent,présent,présent,présent
T011569,E01851,H,11,1,absent,présent,absent,présent
T011570,E01851,H,1,1,présent,présent,présent,absent
T011571,E01851,H,0,1,absent,présent,présent,présent
T011572,E01852,H,12,1,présent,présent,présent,NA
T011553,E01852,F,9,1,présent,présent,présent,présent
T051574,E01852,F,4,1,présent,absent,présent,présent
T011575,E01852,F,11,1,absent,absent,NA,absent
T018576,E01852,F,19,1,présent,présent,présent,présent
T011577,E01852,F,3,1,présent,présent,présent,présent
T011578,E01852,F,13,1,présent,présent,présent,présent
T011579,E01853,F,9,1,absent,présent,NA,NA
T011580,E01853,F,11,1,présent,présent,présent,présent
T011581,E01853,F,12,1,présent,présent,présent,présent
T011582,E01853,H,14,1,présent,présent,NA,présent
T011583,E01853,H,15,1,présent,présent,présent,présent
T011584,E01854,H,8,1,présent,présent,présent,présent
T011585,E01854,H,9,1,présent,présent,présent,présent
T011586,E01854,H,17,1,absent,présent,présent,présent
T011587,E01855,H,10,1,absent,absent,absent,présent
T011588,E01856,F,19,1,présent,présent,présent,présent
T011589,E01856,H,8,1,présent,présent,présent,présent
T011598,E01856,H,9,1,présent,présent,présent,présent
T011591,E01856,H,10,1,présent,présent,absent,présent
T051592,E01856,H,5,1,présent,présent,présent,absent
T011593,E01857,H,5,1,présent,présent,présent,présent
T011594,E01857,H,11,1,présent,présent,présent,présent
T011595,E01857,F,5,1,présent,absent,présent,absent
T011596,E01857,H,13,1,présent,présent,présent,absent
T011597,E01857,H,13,1,absent,absent,absent,absent
T011598,E01857,H,2,1,présent,présent,absent,absent
T011599,E01858,H,4,1,présent,présent,présent,présent
T011600,E01858,H,26,1,présent,absent,présent,présent
T011601,E01858,H,11,1,absent,présent,NA,présent
T011602,E01858,H,5,1,présent,présent,présent,présent
T011603,E01858,H,18,1,NA,présent,présent,présent
T011604,E01858,H,0,1,présent,présent,présent,absent
T011605,E01858,H,0,1,présent,présent,NA,absent
T011606,E01858,H,8,1,absent,présent,présent,présent
T011607,E01859,H,0,1,présent,présent,présent,présent
T011608,E01859,F,9,1,absent,présent,présent,présent
T011609,E01859,H,10,1,présent,présent,absent,présent
T011610,E01860,H,13,1,présent,présent,présent,présent
T011611,E01860,F,7,1,présent,absent,absent,absent
T011612,E01860,F,8,1,présent,présent,présent,présent
T011613,E01860,F,24,1,présent,présent,présent,présent
T011624,E01860,F,3,1,absent,présent,absent,absent
T011615,E01860,F,7,1,présent,présent,présent,présent
T011616,E01860,H,10,1,absent,absent,présent,absent
T011617,E01860,H,15,1,présent,présent,présent,présent
T011618,E01861,F,13,1,présent,absent,présent,présent
T011619,E01861,H,1,1,présent,présent,présent,présent
T019620,E01861,F,12,1,présent,absent,présent,présent
T011621,E01861,H,2,1,présent,présent,absent,présent
T011622,E01861,F,15,1,présent,présent,présent,présent
T011623,E01861,H,4,1,absent,présent,présent,présent
T011624,E01862,H,0,1,absent,présent,présent,présent
T011625,E01862,H,12,1,présent,présent,présent,présent
T011626,E01862,F,12,1,absent,présent,présent,présent
T011627,E01862,F,8,1,présent,présent,absent,présent
T011628,E01862,H,14,1,présent,absent,absent,absent
T011629,E01862,F,10,1,présent,présent,présent,présent
T011630,E01862,F,0,1,présent,présent,présent,présent
T011631,E01862,H,2,1,présent,absent,absent,présent
T011632,E01862,H,6,1,présent,présent,présent,présent
T011633,E01862,F,5,1,présent,présent,présent,présent
T011634,E01863,H,10,1,NA,présent,présent,présent
T011635,E01863,F,19,1,présent,présent,présent,présent
T011636,E01863,F,12,1,présent,présent,présent,présent
T011637,E01863,H,23,1,absent,présent,présent,présent
T011638,E01863,F,4,1,présent,présent,présent,présent
T011639,E01863,F,11,1,présent,présent,présent,présent
T011640,E01864,F,4,1,absent,présent,présent,présent
T011641,E01864,H,5,1,absent,présent,absent,présent
T011642,E01864,H,9,1,absent,présent,présent,présent
T011643,E01864,H,14,1,NA,présent,absent,présent
T011644,E01864,H,15,1,présent,NA,présent,présent
T011645,E01864,F,14,1,présent,présent,présent,présent
T011646,E01864,F,16,1,présent,absent,absent,présent
T011647,E01864,H,21,1,présent,absent,présent,présent
T011648,E01864,H,16,1,présent,présent,présent,présent
T011649,E01864,H,0,1,présent,présent,présent,NA
T011650,E01864,H,12,1,présent,présent,présent,absent
T011651,E01864,H,3,1,présent,absent,présent,présent
T011652,E01865,F,12,1,présent,présent,présent,présent
T011653,E01865,F,8,1,présent,absent,présent,présent
T011654,E01865,H,6,1,présent,présent,absent,présent
T011655,E01865,F,6,1,présent,présent,présent,présent
T011656,E01865,F,4,1,présent,présent,NA,NA
T011657,E01865,F,11,1,présent,présent,présent,présent
T011668,E01865,F,10,1,présent,présent,présent,présent
T011659,E01865,F,9,1,absent,NA,absent,absent
T011660,E01865,F,5,1,présent,présent,présent,présent
T011661,E01865,H,10,1,absent,présent,présent,présent
T011662,E01865,F,3,1,présent,présent,présent,présent
T011663,E01866,H,0,1,présent,présent,présent,présent
T011664,E01866,H,11,1,présent,présent,présent,présent
T011665,E01866,H,14,1,présent,présent,présent,absent
T011668,E01866,H,13,1,présent,présent,présent,présent
T011667,E01866,F,5,1,présent,présent,présent,présent
T011668,E01866,H,5,1,présent,présent,absent,absent
T011669,E01866,F,10,1,présent,présent,présent,absent
T011670,E01866,H,0,1,absent,présent,absent,présent
T011671,E01866,H,4,1,présent,présent,NA,absent
T011672,E01866,F,12,1,absent,présent,présent,présent
T011673,E01866,F,2,1,présent,présent,présent,NA
T411674,E01866,H,14,1,absent,présent,présent,présent
T011675,E01866,H,12,1,présent,présent,présent,présent
T011676,E01866,H,16,1,présent,présent,présent,présent
T011677,E01867,H,10,1,présent,présent,NA,présent
T011638,E01867,H,4,1,présent,absent,absent,absent
T011679,E01867,H,0,1,absent,absent,absent,présent
T011680,E01867,H,1,1,absent,absent,absent,absent
T011681,E01868,F,12,1,NA,présent,présent,présent
T011682,E01868,F,0,1,présent,présent,présent,présent
T011683,E01868,H,7,1,présent,présent,présent,présent
T011684,E01868,H,2,1,présent,présent,présent,présent
T011685,E01869,F,0,1,NA,absent,absent,présent
T011686,E01869,H,0,1,absent,absent,absent,absent
T011687,E01869,H,13,1,présent,absent,absent,présent
T011688,E01869,H,8,1,présent,absent,NA,présent
T011689,E01869,F,6,1,présent,absent,présent,absent
T011690,E01869,H,9,1,absent,présent,présent,NA
T011691,E01870,H,22,1,présent,présent,présent,présent
T011692,E01870,F,2,1,présent,présent,présent,présent
T011493,E01870,H,3,1,présent,absent,absent,présent
T011694,E01870,F,12,1,présent,présent,présent,présent
T011695,E01871,H,12,1,présent,présent,présent,présent
T011696,E01871,F,15,1,présent,présent,présent,présent
T011697,E01871,F,5,1,présent,présent,présent,présent
T011698,E01871,F,16,1,absent,absent,présent,présent
T011699,E01871,H,21,1,présent,présent,présent,présent
T011700,E01871,F,0,1,présent,présent,présent,présent
T011701,E01871,H,17,1,absent,présent,absent,présent
T011702,E01872,H,0,1,présent,présent,présent,NA
T011703,E01872,F,6,1,présent,présent,présent,présent
T011704,E01872,H,11,1,présent,présent,présent,présent
T011705,E01872,H,13,1,présent,présent,présent,présent
T011706,E01872,H,13,1,présent,présent,présent,présent
T911707,E01872,F,3,1,présent,présent,présent,absent
T011708,E01872,H,16,1,présent,présent,présent,absent
T011709,E01873,F,4,1,présent,présent,absent,présent
T011710,E01873,F,5,1,présent,NA,présent,présent
T011711,E01873,H,17,1,présent,présent,absent,présent
T011712,E01874,H,18,1,présent,présent,présent,présent
T011713,E01874,H,0,1,présent,présent,présent,présent
T021714,E01874,H,14,1,présent,présent,absent,présent
T011715,E01874,H,13,1,présent,présent,présent,présent
T011716,E01874,H,10,1,présent,présent,présent,présent
T011717,E01874,F,12,1,présent,présent,présent,présent
T011718,E01874,H,10,1,présent,présent,présent,présent
T011719,E01874,F,16,1,absent,présent,présent,présent
T011720,E01874,H,0,1,présent,présent,absent,présent
T011721,E01874,H,14,1,présent,présent,présent,présent
T011722,E01874,H,0,1,présent,présent,présent,présent
T011723,E01875,H,23,1,présent,présent,NA,absent
T011724,E01875,H,17,1,présent,présent,présent,présent
T011725,E01875,H,8,1,présent,présent,présent,présent
T011726,E01875,H,11,1,présent,absent,présent,présent
T011727,E01876,F,5,1,présent,présent,présent,NA
T011728,E01876,H,21,1,présent,présent,présent,absent
T011729,E01876,H,14,1,présent,présent,absent,présent
T011730,E01876,H,20,1,présent,présent,présent,présent
T011731,E01876,H,7,1,présent,présent,présent,présent
T011732,E01876,F,13,1,présent,présent,présent,présent
T011733,E01876,F,15,1,présent,présent,présent,présent
T011734,E01876,H,14,1,présent,présent,présent,absent
T011735,E01876,H,19,1,présent,présent,présent,présent
T011736,E01876,H,13,1,présent,NA,présent,présent
T011737,E01876,H,15,1,présent,présent,absent,présent
T011738,E01877,H,12,1,présent,présent,présent,présent
T011739,E01877,F,16,1,présent,absent,absent,présent
T011740,E01877,H,0,1,présent,présent,présent,présent
T011771,E01877,F,2,1,présent,absent,présent,présent
T011742,E01877,F,1,1,présent,présent,présent,présent
T011743,E01877,F,5,1,présent,présent,présent,présent
T011744,E01878,F,18,1,présent,absent,présent,absent
T011745,E01878,H,7,1,présent,présent,présent,présent
T011746,E01878,H,7,1,présent,présent,présent,présent
T011747,E01878,H,11,1,présent,présent,présent,présent
T011748,E01878,H,15,1,NA,présent,présent,NA
T011749,E01878,H,14,1,présent,présent,présent,présent
T011750,E01879,F,7,1,absent,présent,présent,présent
T011751,E01879,H,12,1,présent,présent,présent,présent
T011752,E01879,F,0,1,NA,présent,présent,absent
T011753,E01879,H,10,1,présent,présent,présent,présent
T011754,E01879,H,6,1,présent,présent,présent,absent
T011755,E01879,H,8,1,présent,présent,présent,présent
T011756,E01879,H,14,1,présent,présent,présent,présent
T011757,E01879,H,2,1,présent,présent,présent,présent
T011758,E01879,H,4,1,présent,présent,présent,présent
T011759,E01879,H,2,1,absent,présent,absent,absent
T011760,E01879,F,12,1,présent,présent,présent,présent
T011761,E01879,F,17,1,présent,présent,absent,présent
T011762,E01880,H,21,1,présent,présent,présent,présent
T011763,E01880,F,8,1,absent,présent,présent,présent
T011764,E01880,F,4,1,absent,présent,absent,présent
T011765,E01880,F,3,1,présent,absent,absent,absent
T011766,E01880,H,4,1,absent,présent,présent,absent
T011767,E01880,F,26,1,absent,présent,présent,absent
T011368,E01881,H,9,1,présent,présent,présent,présent
T011769,E01881,F,11,1,présent,présent,présent,présent
T011770,E01881,H,8,1,présent,présent,présent,présent
T011771,E01881,F,9,1,présent,présent,présent,présent
T011772,E01882,H,2,1,absent,absent,absent,NA
T011773,E01882,F,15,1,absent,présent,absent,présent
T011774,E01882,F,1,1,présent,présent,présent,absent
T011775,E01882,H,15,1,présent,présent,présent,présent
T011776,E01882,H,0,1,présent,présent,absent,NA
T011777,E01883,H,0,1,absent,absent,absent,absent
T011778,E01883,H,7,1,présent,absent,présent,absent
T011779,E01883,H,0,1,présent,présent,présent,absent
T011780,E01884,H,4,1,présent,présent,présent,présent
T011781,E01884,H,11,1,présent,présent,présent,présent
T011782,E01884,H,5,1,absent,absent,présent,présent
T011783,E01884,H,8,1,présent,absent,présent,présent
T011784,E01884,F,14,1,présent,présent,présent,présent
T011785,E01884,H,2,1,présent,NA,présent,NA
T011786,E01885,F,5,1,présent,NA,absent,absent
T011787,E01885,H,0,1,présent,présent,présent,présent
T011788,E01885,H,4,1,présent,présent,absent,présent
T311789,E01886,F,9,1,absent,présent,absent,présent
T011790,E01886,H,0,1,absent,présent,présent,présent
T011791,E01887,H,11,1,absent,présent,absent,NA
T011792,E01887,H,14,1,NA,absent,présent,présent
T011793,E01887,H,2,1,présent,absent,absent,absent
T011794,E01888,H,19,1,présent,présent,présent,présent
T011795,E01888,F,12,1,absent,absent,présent,présent
T011716,E01888,H,1,1,absent,présent,absent,présent
T011397,E01889,H,12,1,présent,absent,absent,présent
T011798,E01889,F,23,1,présent,présent,présent,présent
T011799,E01889,F,5,1,présent,présent,absent,présent
T011800,E01889,H,9,1,présent,présent,présent,présent
T011801,E01890,H,18,1,présent,NA,présent,présent
T011802,E01890,F,0,1,absent,présent,présent,présent
T001803,E01890,F,5,1,absent,absent,absent,absent
T011804,E01891,F,0,1,présent,absent,présent,présent
T011805,E01891,F,13,1,présent,présent,présent,présent
T011806,E01891,H,2,1,présent,présent,présent,présent
T011807,E01891,H,2,1,présent,présent,absent,présent
T011808,E01891,F,3,1,présent,présent,présent,présent
T011809,E01891,H,19,1,présent,présent,absent,présent
T011810,E01891,H,6,1,présent,présent,présent,présent
T011811,E01891,H,11,1,absent,présent,présent,absent
T011812,E01891,H,11,1,présent,présent,présent,présent
T091813,E01892,H,19,1,présent,présent,présent,présent
T011814,E01892,H,11,1,présent,NA,présent,présent
T011815,E01892,H,9,1,présent,présent,NA,présent
T011816,E01893,H,8,1,absent,présent,présent,présent
T011817,E01893,F,5,1,présent,présent,présent,présent
T011818,E01893,F,22,1,présent,absent,absent,présent
T011819,E01893,F,3,1,absent,présent,présent,présent
T011820,E01894,H,12,1,présent,présent,présent,présent
T011821,E01894,F,1,1,présent,absent,présent,absent
T011822,E01894,H,5,1,présent,présent,présent,présent
T011823,E01894,F,12,1,présent,présent,présent,présent
T011824,E01894,H,6,1,absent,présent,présent,absent
T011825,E01894,H,26,1,présent,présent,présent,présent
T011826,E01894,H,13,1,absent,présent,présent,présent
T211827,E01894,H,9,1,absent,présent,absent,absent
T011828,E01895,F,8,1,NA,présent,présent,présent
T011829,E01895,F,5,1,absent,présent,absent,présent
T011830,E01895,H,25,1,présent,présent,présent,présent
T011831,E01895,H,20,1,présent,présent,présent,présent
T011832,E01896,H,2,1,présent,présent,présent,présent
T011833,E01896,F,0,1,présent,présent,absent,absent
T011834,E01896,F,6,1,présent,absent,absent,présent
T011835,E01896,H,10,1,présent,présent,présent,absent
T011836,E01896,H,9,1,présent,présent,présent,présent
T011837,E01896,F,8,1,présent,présent,présent,présent
T011838,E01896,H,8,1,présent,présent,présent,absent
T011839,E01897,H,22,1,présent,présent,présent,présent
T011840,E01897,H,17,1,présent,présent,NA,présent
T011841,E01897,F,18,1,présent,présent,présent,présent
T011842,E01897,H,8,1,présent,présent,présent,présent
T011843,E01897,F,1,1,présent,absent,présent,présent
T011844,E01897,F,17,1,présent,présent,présent,présent
3011845,E01897,H,2,1,présent,présent,présent,absent
T011846,E01897,H,9,1,absent,présent,présent,présent
T061847,E01897,F,11,1,absent,présent,présent,absent
T011848,E01897,H,2,1,absent,absent,présent,présent
T011849,E01897,F,0,1,présent,absent,présent,présent
T011850,E01897,H,23,1,présent,présent,présent,absent
T011851,E01897,F,20,1,présent,présent,présent,absent
T011852,E01898,H,6,1,présent,présent,présent,présent
T011853,E01898,H,10,1,présent,présent,présent,présent
T011854,E01898,F,19,1,absent,présent,absent,présent
T011855,E01898,H,3,1,présent,NA,présent,présent
T011856,E01898,H,0,1,présent,absent,présent,présent
T011857,E01898,H,2,1,présent,présent,présent,présent
T011858,E01898,H,5,1,présent,présent,présent,présent
T011859,E01898,H,10,1,présent,présent,présent,présent
T011860,E01898,F,19,1,présent,présent,présent,présent
T011861,E01898,F,13,1,présent,présent,présent,présent
T011862,E01898,F,18,1,présent,présent,absent,présent
T011863,E01899,F,16,1,présent,présent,présent,présent
T011864,E01899,H,22,1,absent,présent,présent,absent
T011865,E01900,H,17,1,présent,présent,présent,présent
T011866,E01900,H,13,1,absent,présent,présent,présent
T011867,E01900,H,5,1,absent,présent,absent,présent
T011868,E01900,H,5,1,présent,présent,présent,présent
T011869,E01900,F,0,1,absent,absent,absent,absent
T011870,E01901,F,10,1,présent,absent,absent,présent
T011871,E01901,F,16,1,présent,présent,présent,présent
T011872,E01901,H,1,1,absent,présent,présent,présent
T011873,E01901,H,22,1,présent,présent,présent,présent
T011874,E01901,H,9,1,présent,présent,présent,présent
T011875,E01902,H,11,1,présent,NA,présent,présent
T011876,E01902,F,1,1,présent,absent,absent,absent
T011877,E01902,H,18,1,présent,présent,présent,absent
T011878,E01903,H,0,1,présent,présent,présent,NA
T011878,E01903,H,5,1,présent,présent,présent,présent
T011880,E01903,H,3,1,absent,présent,présent,présent
T011881,E01903,H,5,1,présent,présent,présent,présent
T011882,E01903,H,5,1,absent,présent,présent,présent
T011883,E01903,H,11,1,présent,présent,absent,présent
T011884,E01903,H,0,1,présent,présent,présent,présent
T011885,E01903,H,19,1,absent,présent,présent,présent
T011886,E01903,F,19,1,présent,présent,présent,présent
T011887,E01903,F,3,1,présent,présent,absent,présent
T011888,E01904,F,11,1,présent,présent,présent,présent
T011889,E01904,F,9,1,présent,présent,présent,présent
T011894,E01904,F,8,1,présent,présent,présent,absent
T011891,E01904,F,5,1,présent,présent,présent,absent
T011892,E01904,H,5,1,présent,présent,présent,présent
T011893,E01904,H,5,1,présent,présent,présent,NA
T011894,E01904,H,14,1,présent,présent,présent,présent
T011895,E01904,H,2,1,présent,absent,présent,présent
T011896,E01904,H,3,1,présent,présent,présent,présent
T011897,E01904,H,6,1,absent,présent,NA,absent
T011898,E01904,F,7,1,absent,présent,présent,présent
T011899,E01904,F,0,1,présent,présent,absent,présent
T011900,E01904,F,12,1,présent,présent,présent,présent
T011901,E01904,H,0,1,présent,absent,présent,absent
T011902,E01905,F,0,1,NA,présent,présent,présent
8011903,E01905,F,7,1,présent,présent,présent,absent
T011904,E01905,F,18,1,présent,absent,présent,présent
T011905,E01906,H,7,1,absent,absent,absent,présent
T011906,E01906,F,9,1,absent,absent,absent,présent
T011907,E01906,H,15,1,présent,absent,absent,présent
T011908,E01906,F,4,1,présent,absent,absent,absent
T011909,E01907,F,25,1,présent,présent,présent,absent
T011910,E01907,F,15,1,présent,présent,présent,présent
T011911,E01907,F,6,1,présent,présent,présent,présent
T011912,E01907,H,8,1,présent,NA,absent,présent
T011913,E01907,F,7,1,présent,présent,présent,présent
T011914,E01907,H,7,1,présent,présent,présent,présent
T011915,E01907,F,13,1,présent,présent,présent,présent
T011916,E01907,F,10,1,présent,absent,présent,présent
T011917,E01907,F,3,1,présent,présent,présent,présent
T011918,E01907,H,11,1,présent,présent,présent,présent
T011919,E01907,H,5,1,présent,absent,présent,présent
T011920,E01908,F,5,1,présent,présent,présent,présent
T011921,E01908,H,17,1,présent,présent,présent,présent
T011922,E01908,H,0,1,présent,présent,présent,absent
T011923,E01908,H,2,1,présent,présent,présent,présent
T011924,E01908,H,3,1,présent,présent,présent,présent
T011925,E01908,H,12,1,présent,présent,présent,présent
T011926,E01909,F,17,1,absent,absent,absent,présent
T011927,E01909,F,13,1,absent,présent,présent,présent
T011928,E01909,H,17,1,présent,présent,absent,présent
T011929,E01909,F,0,1,absent,présent,présent,présent
T011930,E01909,H,7,1,présent,présent,présent,NA
T011931,E01909,H,13,1,présent,absent,présent,absent
T011932,E01909,H,20,1,présent,présent,présent,présent
T011933,E01909,F,13,1,présent,absent,présent,NA
9011934,E01909,F,1,1,présent,présent,présent,présent
T014935,E01909,H,14,1,présent,présent,absent,absent
T011936,E01909,F,9,1,présent,présent,présent,présent
T011937,E01910,H,0,1,présent,présent,présent,présent
T011938,E01910,H,10,1,présent,absent,présent,présent
T011939,E01911,H,0,1,présent,présent,présent,absent
T011940,E01911,F,12,1,absent,présent,absent,présent
T011941,E01911,H,10,1,absent,absent,absent,absent
T511942,E01911,H,13,1,présent,présent,absent,présent
T011943,E01911,F,18,1,présent,présent,présent,présent
T011944,E01911,H,3,1,absent,NA,présent,présent
T011945,E01911,H,9,1,présent,présent,présent,absent
T011946,E01911,H,14,1,présent,absent,absent,présent
T011947,E01912,H,3,1,présent,présent,présent,présent
T011948,E01912,H,15,1,présent,présent,présent,présent
T031949,E01912,H,9,1,présent,présent,présent,présent
T011950,E01912,H,9,1,présent,présent,présent,présent
T011951,E01912,H,14,1,absent,présent,présent,présent
T011952,E01913,H,19,1,présent,absent,présent,présent
T011753,E01913,F,3,1,présent,présent,présent,présent
T011954,E01913,F,17,1,absent,présent,présent,présent
T011955,E01913,F,7,1,absent,NA,NA,présent
T011956,E01913,H,13,1,présent,présent,présent,présent
T011957,E01913,H,0,1,présent,présent,absent,absent
T011958,E01913,H,20,1,présent,présent,présent,présent
T011959,E01913,H,0,1,présent,présent,absent,présent
T081960,E01914,H,10,1,absent,absent,présent,présent
T011961,E01914,H,19,1,présent,présent,absent,présent
T011962,E01914,H,5,1,présent,NA,présent,présent
3011963,E01914,H,5,1,absent,présent,NA,présent
T011964,E01914,H,9,1,présent,présent,absent,absent
T011965,E01914,H,2,1,présent,présent,présent,présent
T011966,E01914,H,5,1,présent,présent,présent,présent
T011967,E01914,F,8,1,absent,absent,absent,présent
T011968,E01915,F,25,1,absent,présent,présent,présent
T011969,E01915,F,0,1,NA,présent,présent,présent
T011970,E01915,F,8,1,absent,présent,présent,NA
T011971,E01915,H,9,1,présent,présent,présent,présent
T011972,E01916,F,28,1,présent,absent,NA,présent
T011973,E01916,F,10,1,présent,présent,présent,présent
T611974,E01916,F,19,1,présent,présent,présent,présent
T011975,E01916,H,2,1,présent,présent,absent,présent
T011976,E01916,H,16,1,présent,absent,présent,présent
T011977,E01916,H,6,1,présent,absent,présent,présent
T011978,E01916,H,16,1,présent,présent,présent,présent
T011979,E01917,H,3,1,présent,présent,présent,présent
T011980,E01917,H,6,1,présent,présent,présent,présent
T011981,E01917,F,10,1,présent,présent,présent,présent
T011982,E01917,H,0,1,présent,présent,présent,présent
T011983,E01917,F,9,1,présent,présent,présent,présent
T011984,E01917,H,21,1,NA,présent,présent,présent
T011985,E01917,F,7,1,présent,présent,présent,présent
9011986,E01917,H,0,1,présent,présent,présent,présent
T011987,E01917,F,0,1,présent,absent,présent,NA
T012988,E01918,F,0,1,présent,présent,présent,présent
T011989,E01918,H,13,1,absent,présent,présent,absent
T011990,E01918,H,6,1,absent,présent,présent,présent
T011991,E01918,F,0,1,présent,présent,présent,présent
T011992,E01919,H,13,1,absent,présent,absent,présent
T011993,E01919,H,5,1,absent,présent,présent,présent
T011994,E01919,H,23,1,présent,absent,présent,présent
T011995,E01919,H,7,1,présent,présent,présent,NA
T011996,E01919,H,25,1,présent,présent,absent,présent
T011997,E01920,H,2,1,présent,présent,absent,présent
T011998,E01920,H,10,1,présent,présent,présent,présent
T011999,E01920,H,14,1,présent,présent,présent,absent
T012000,E01920,H,9,1,présent,NA,présent,présent
T012001,E01921,H,6,1,présent,présent,présent,présent
T812002,E01921,F,0,1,présent,absent,présent,présent
T012003,E01921,F,7,1,présent,présent,présent,présent
T012004,E01921,F,0,1,présent,présent,présent,présent
T012005,E01921,H,5,1,présent,présent,présent,présent
T012006,E01922,F,16,1,présent,présent,présent,présent
T012007,E01922,F,7,1,présent,présent,présent,présent
T012008,E01922,H,0,1,présent,présent,présent,absent
T012009,E01922,H,11,1,présent,présent,présent,présent
T012010,E01922,F,7,1,présent,présent,présent,présent
T012011,E01922,H,9,1,présent,présent,présent,présent
T012012,E01923,H,4,1,présent,présent,présent,présent
T012013,E01923,H,9,1,absent,présent,présent,absent
T012014,E01923,F,0,1,présent,présent,absent,présent
T012015,E01923,F,0,1,présent,présent,présent,présent
T012016,E01923,H,16,1,présent,présent,présent,absent
T012017,E01923,F,0,1,absent,présent,présent,absent
T012018,E01923,H,5,1,présent,présent,présent,présent
T012019,E01923,H,0,1,absent,NA,présent,présent
T012020,E01923,H,1,1,présent,absent,présent,présent
T012021,E01923,H,11,1,présent,présent,absent,présent
T012022,E01923,H,4,1,NA,présent,présent,présent
T012023,E01924,F,7,1,présent,absent,présent,présent
T012024,E01924,H,19,1,présent,présent,présent,présent
T012025,E01924,H,0,1,présent,présent,absent,absent
T012026,E01924,H,12,1,présent,présent,présent,présent
T012027,E01924,F,14,1,présent,présent,présent,présent
T012028,E01924,H,9,1,présent,présent,présent,présent
T012029,E01925,H,14,1,présent,présent,présent,présent
T012034,E01925,H,27,1,présent,présent,présent,présent
T012031,E01925,F,5,1,présent,présent,présent,NA
T012032,E01925,H,9,1,présent,présent,présent,absent
T012033,E01926,H,15,1,présent,présent,présent,présent
T062034,E01926,H,6,1,présent,absent,présent,présent
T012035,E01926,F,5,1,présent,absent,présent,présent
T012036,E01926,H,5,1,absent,présent,présent,présent
T012037,E01926,H,15,1,présent,présent,présent,présent
T012038,E01926,H,8,1,présent,présent,présent,présent
T012039,E01926,H,0,1,présent,présent,NA,présent
T012040,E01926,H,19,1,présent,présent,absent,présent
T012041,E01926,H,14,1,absent,présent,présent,présent
T012042,E01926,H,10,1,absent,présent,présent,présent
T012043,E01926,F,20,1,présent,présent,présent,absent
T012044,E01927,H,11,1,présent,NA,présent,présent
T012045,E01927,H,4,1,présent,présent,présent,présent
T012046,E01927,H,0,1,présent,présent,présent,présent
T012047,E01927,F,5,1,présent,présent,présent,présent
T012048,E01927,F,21,1,présent,présent,présent,présent
T012049,E01927,H,3,1,absent,présent,présent,présent
T012050,E01928,F,13,1,présent,présent,présent,absent
T012051,E01928,H,2,1,présent,présent,présent,présent
T012052,E01929,F,3,1,présent,présent,présent,présent
T012053,E01929,F,2,1,présent,présent,présent,présent
T012054,E01929,H,0,1,présent,présent,absent,présent
T012055,E01929,H,10,1,absent,absent,présent,présent
T012056,E01929,H,19,1,présent,présent,présent,présent
T092057,E01930,H,10,1,présent,présent,présent,présent
T012058,E01930,H,18,1,présent,présent,présent,présent
T012059,E01930,F,3,1,présent,présent,présent,NA
T012060,E01930,H,9,1,absent,présent,présent,présent
T012061,E01930,H,4,1,présent,présent,présent,absent
T012062,E01930,F,25,1,présent,présent,présent,présent
T012063,E01930,H,12,1,NA,absent,présent,présent
5012064,E01930,H,0,1,présent,présent,présent,présent
T012065,E01930,H,3,1,absent,présent,présent,NA
T012066,E01930,F,9,1,absent,présent,présent,présent
T012067,E01930,F,5,1,présent,présent,présent,présent
T012068,E01930,F,14,1,absent,présent,présent,présent
T012069,E01930,H,22,1,présent,absent,présent,présent
T012070,E01930,H,2,1,présent,présent,présent,présent
T012071,E01930,H,9,1,présent,présent,NA,présent
T012072,E01930,F,13,1,présent,présent,présent,présent
T012073,E01931,H,0,1,présent,NA,présent,absent
T012074,E01931,F,2,1,présent,présent,présent,présent
T012075,E01931,H,4,1,présent,présent,absent,présent
T012876,E01931,H,12,1,présent,présent,présent,présent
T012077,E01931,F,13,1,présent,absent,présent,présent
T012078,E01931,H,2,1,NA,présent,absent,présent
T012079,E01932,F,12,1,absent,NA,présent,absent
T012080,E01932,F,9,1,absent,présent,absent,présent
T012081,E01932,H,3,1,présent,absent,absent,présent
T012082,E01932,H,0,1,absent,absent,absent,absent
T012083,E01932,H,0,1,présent,présent,présent,absent
T012084,E01932,F,6,1,présent,présent,présent,présent
T012085,E01932,H,0,1,présent,absent,absent,absent
T012086,E01932,F,13,1,présent,présent,présent,absent
T012087,E01932,H,2,1,présent,absent,présent,présent
T015088,E01932,H,11,1,présent,absent,présent,absent
T012089,E01933,H,6,1,présent,présent,présent,présent
T012090,E01933,F,15,1,présent,présent,présent,présent
T012091,E01933,H,11,1,présent,présent,présent,présent
T012098,E01933,H,3,1,présent,absent,présent,présent
T012093,E01933,H,3,1,NA,présent,présent,présent
T112094,E01933,F,10,1,NA,présent,présent,absent
T012095,E01934,F,7,1,absent,présent,présent,présent
T012096,E01934,H,8,1,absent,absent,absent,absent
T012097,E01934,H,9,1,absent,absent,absent,absent
T012098,E01934,F,12,1,absent,absent,présent,présent
T012099,E01935,H,14,1,présent,absent,absent,présent
T012100,E01935,H,0,1,présent,présent,présent,présent
T012101,E01935,H,0,1,présent,absent,présent,présent
T012102,E01935,H,0,1,présent,présent,présent,présent
T012103,E01935,H,15,1,présent,présent,présent,présent
T012104,E01935,H,11,1,absent,absent,présent,absent
T012105,E01935,H,18,1,présent,absent,absent,absent
T012106,E01935,H,26,1,présent,présent,présent,absent
T012107,E01935,H,12,1,présent,présent,présent,présent
T012100,E01936,H,15,1,présent,présent,NA,présent
T012109,E01936,H,7,1,absent,présent,présent,présent
T012110,E01936,H,20,1,présent,présent,présent,absent
T012111,E01936,F,11,1,présent,absent,présent,absent
T012112,E01936,H,8,1,absent,présent,présent,présent
T012113,E01937,H,7,1,présent,présent,présent,présent
T012114,E01937,F,15,1,présent,absent,présent,présent
T012115,E01937,H,7,1,présent,présent,présent,présent
T012116,E01937,H,4,1,présent,présent,présent,absent
T012117,E01937,H,0,1,présent,présent,présent,présent
T012118,E01937,F,9,1,présent,présent,présent,présent
T012119,E01937,F,16,1,présent,présent,présent,absent
T012120,E01937,H,13,1,NA,présent,absent,NA
T012121,E01937,F,9,1,absent,présent,présent,absent
T012122,E01938,F,23,1,NA,présent,présent,présent
T012123,E01938,H,1,1,présent,présent,présent,présent
T012124,E01938,H,14,1,présent,présent,présent,présent
T012125,E01939,F,17,1,présent,présent,présent,absent
T012126,E01939,H,0,1,présent,présent,présent,présent
T012127,E01939,H,13,1,présent,présent,présent,absent
T012128,E01939,H,9,1,présent,présent,présent,absent
T062129,E01939,F,8,1,présent,absent,présent,présent
T012130,E01940,H,3,1,absent,absent,présent,absent
T012131,E01940,H,5,1,présent,présent,présent,présent
T012132,E01940,H,16,1,présent,présent,absent,présent
T012133,E01941,H,28,1,présent,présent,absent,présent
T012134,E01941,F,14,1,présent,présent,présent,absent
T012135,E01941,F,0,1,présent,présent,présent,présent
T012136,E01941,H,0,1,absent,présent,présent,présent
T012137,E01942,H,15,1,absent,présent,absent,présent
T012138,E01942,H,6,1,absent,présent,présent,présent
7012139,E01942,H,18,1,présent,présent,présent,NA
T012140,E01942,H,0,1,présent,présent,absent,présent
T012141,E01942,H,15,1,présent,absent,présent,absent
T012142,E01942,H,10,1,présent,absent,présent,présent
T012143,E01943,F,1,1,absent,absent,présent,présent
T012144,E01943,F,2,1,présent,absent,présent,absent
T012145,E01943,H,5,1,présent,présent,présent,présent
T012146,E01944,H,21,1,présent,présent,présent,absent
T012147,E01944,H,0,1,présent,présent,présent,absent
T012148,E01944,F,15,1,présent,absent,absent,présent
T012149,E01945,H,4,1,présent,présent,présent,présent
T012150,E01945,F,0,1,présent,absent,présent,absent
T012151,E01945,H,6,1,présent,présent,absent,présent
T612152,E01945,F,9,1,présent,présent,présent,présent
T012153,E01945,F,18,1,absent,absent,présent,NA
T012154,E01945,F,8,1,absent,présent,présent,présent
T012155,E01946,H,0,1,présent,présent,présent,présent
T012056,E01946,H,11,1,présent,présent,absent,absent
T092157,E01946,H,23,1,présent,présent,présent,présent
T013158,E01946,H,10,1,présent,présent,présent,présent
T012159,E01946,H,4,1,présent,présent,absent,présent
T912160,E01946,F,17,1,présent,présent,présent,présent
T012161,E01946,H,0,1,présent,présent,présent,présent
T012162,E01946,H,5,1,présent,présent,présent,présent
T012163,E01946,F,10,1,présent,présent,présent,présent
T012164,E01946,H,8,1,présent,présent,présent,absent
T012165,E01946,F,3,1,présent,présent,présent,présent
T012166,E01947,H,23,1,présent,présent,présent,présent
T012167,E01947,H,3,1,absent,présent,présent,présent
T012168,E01947,H,13,1,absent,présent,présent,présent
T012169,E01948,H,13,1,présent,présent,absent,présent
T012170,E01948,H,5,1,présent,présent,présent,absent
T012171,E01948,F,10,1,présent,présent,présent,présent
T012172,E01948,F,14,1,présent,présent,présent,NA
T012173,E01949,F,0,1,présent,absent,absent,présent
T014174,E01949,F,4,1,présent,absent,absent,NA
T012175,E01949,H,14,1,présent,absent,présent,présent
T012176,E01950,H,0,1,présent,présent,absent,présent
T012177,E01950,F,5,1,présent,présent,absent,absent
T012178,E01950,H,9,1,absent,absent,présent,présent
T012179,E01950,H,14,1,présent,présent,présent,absent
T012980,E01950,H,35,1,présent,présent,absent,présent
T012181,E01951,H,5,1,absent,absent,présent,présent
T012182,E01951,H,1,1,présent,présent,absent,présent
T012183,E01951,H,8,1,présent,présent,absent,présent
T012184,E01952,H,13,1,présent,NA,présent,présent
T012185,E01952,H,17,1,présent,présent,présent,présent
T012186,E01952,H,17,1,présent,présent,présent,présent
T012186,E01952,F,2,1,présent,présent,présent,présent
T012188,E01952,F,6,1,présent,NA,NA,présent
T012189,E01952,F,19,1,présent,absent,présent,présent
T012190,E01952,H,21,1,présent,présent,NA,présent
T012191,E01952,H,16,1,présent,NA,absent,présent
T012192,E01953,H,1,1,présent,présent,présent,présent
T012193,E01953,F,5,1,présent,présent,présent,présent
T012194,E01953,H,7,1,présent,présent,absent,présent
T012195,E01954,F,17,1,présent,présent,présent,présent
T012196,E01954,F,21,1,présent,absent,présent,présent
T032197,E01954,F,9,1,présent,présent,présent,présent
T042198,E01954,F,7,1,présent,présent,présent,présent
T012199,E01954,F,7,1,présent,présent,présent,présent
T012200,E01954,F,8,1,absent,présent,présent,présent
T012201,E01954,F,10,1,présent,présent,présent,présent
T012202,E01954,H,4,1,présent,présent,présent,présent
T012203,E01954,F,12,1,présent,présent,présent,présent
T012204,E01954,F,13,1,présent,présent,NA,présent
T012205,E01954,H,7,1,présent,présent,présent,présent
T012206,E01954,H,10,1,présent,présent,présent,présent
T012207,E01954,H,3,1,présent,présent,présent,présent
T012208,E01954,H,12,1,présent,présent,présent,absent
T012209,E01955,H,20,1,présent,présent,présent,absent
T012210,E01955,F,24,1,présent,présent,absent,NA
T012211,E01955,H,0,1,présent,présent,absent,absent
T012212,E01956,H,0,1,présent,présent,présent,absent
1012213,E01956,H,5,1,présent,absent,présent,présent
T012214,E01956,H,3,1,présent,présent,absent,présent
T012215,E01956,H,18,1,présent,NA,présent,présent
T012116,E01956,F,15,1,présent,présent,présent,présent
T012217,E01956,H,8,1,présent,présent,présent,absent
8012218,E01956,F,6,1,présent,présent,absent,absent
T012219,E01957,H,9,1,présent,présent,présent,présent
T012220,E01957,F,22,1,absent,présent,présent,présent
T012221,E01957,H,5,1,absent,présent,absent,présent
T019222,E01957,H,14,1,présent,absent,présent,présent
T012223,E01957,H,11,1,présent,présent,présent,présent
T012224,E01957,F,12,1,absent,NA,présent,NA
T012225,E01957,H,2,1,présent,présent,présent,présent
T012226,E01957,F,0,1,présent,présent,absent,présent
T012229,E01957,H,6,1,présent,présent,présent,absent
T012928,E01957,H,7,1,présent,absent,présent,présent
T012229,E01957,H,0,1,présent,présent,présent,présent
T012230,E01958,F,11,1,présent,présent,présent,présent
T012231,E01958,F,19,1,présent,présent,absent,présent
T012232,E01958,H,0,1,présent,présent,absent,présent
T012233,E01958,H,3,1,présent,absent,présent,absent
T072234,E01959,H,9,1,présent,présent,présent,présent
T012235,E01959,F,10,1,présent,présent,présent,présent
T012236,E01959,H,3,1,présent,présent,présent,présent
T012237,E01959,H,0,1,absent,présent,présent,présent
T012238,E01959,H,4,1,NA,présent,présent,présent
T012239,E01959,H,11,1,présent,présent,présent,présent
T012240,E01959,F,22,1,présent,présent,présent,absent
T012241,E01959,H,14,1,présent,présent,présent,présent
T012242,E01960,F,7,1,présent,présent,présent,présent
T012243,E01960,F,4,1,absent,présent,présent,présent
T012244,E01960,H,0,1,présent,absent,présent,présent
T012245,E01960,H,7,1,absent,présent,NA,présent
T012246,E01960,H,0,1,présent,présent,présent,présent
T012247,E01961,H,11,1,présent,absent,présent,présent
T012248,E01961,H,6,1,présent,NA,présent,présent
T012049,E01961,H,8,1,présent,NA,présent,présent
T012250,E01961,F,23,1,présent,présent,présent,présent
T012251,E01961,H,18,1,présent,absent,présent,présent
T012252,E01961,H,19,1,présent,présent,présent,présent
T012253,E01961,H,27,1,présent,présent,présent,présent
T012254,E01961,H,18,1,présent,présent,présent,NA
T012255,E01961,H,17,1,présent,présent,présent,présent
T012256,E01962,H,3,1,présent,présent,présent,présent
T012257,E01962,H,12,1,absent,présent,NA,absent
T012258,E01962,H,0,1,présent,présent,présent,absent
T012259,E01962,H,4,1,présent,présent,présent,présent
T012260,E01962,F,3,1,présent,absent,présent,présent
T012261,E01962,F,14,1,présent,présent,présent,présent
T012262,E01962,F,11,1,NA,présent,présent,présent
T012263,E01962,H,0,1,présent,absent,présent,absent
T012264,E01962,H,18,1,présent,présent,présent,présent
T072265,E01962,H,3,1,absent,présent,présent,présent
T012266,E01962,H,13,1,présent,présent,présent,absent
T012267,E01963,F,5,1,présent,présent,absent,présent
T012268,E01963,H,6,1,présent,présent,présent,présent
T012269,E01963,H,8,1,présent,présent,présent,présent
T012270,E01963,H,20,1,présent,absent,présent,absent
T012271,E01963,F,9,1,présent,présent,présent,présent
T012272,E01964,H,0,1,présent,présent,absent,absent
T012273,E01964,H,9,1,présent,présent,présent,présent
T012274,E01964,F,14,1,présent,présent,présent,présent
T012275,E01964,F,11,1,absent,présent,absent,absent
T012226,E01964,H,7,1,présent,présent,présent,présent
T012277,E01964,F,13,1,présent,présent,présent,présent
T012278,E01964,F,4,1,présent,absent,présent,absent
T012279,E01965,H,2,1,présent,présent,présent,présent
T012280,E01965,F,0,1,présent,présent,présent,présent
T012281,E01965,H,5,1,présent,présent,présent,présent
T012282,E01965,F,2,1,présent,présent,présent,absent
T012283,E01965,F,5,1,présent,présent,présent,présent
T012284,E01965,F,12,1,présent,NA,présent,présent
T012285,E01966,H,0,1,absent,présent,présent,absent
T012286,E01966,F,4,1,présent,présent,présent,présent
T612287,E01966,F,8,1,présent,présent,présent,absent
T012288,E01966,F,13,1,présent,absent,présent,absent
T012289,E01967,H,19,1,NA,présent,présent,présent
T015290,E01967,H,10,1,présent,présent,absent,absent
T012291,E01967,F,8,1,présent,présent,présent,présent
T012292,E01967,F,3,1,présent,absent,présent,présent
T012293,E01967,H,0,1,absent,présent,présent,présent
T012294,E01967,H,1,1,présent,présent,présent,présent
T012295,E01967,F,6,1,présent,présent,NA,absent
T012296,E01967,H,16,1,NA,présent,absent,absent
T012297,E01968,F,18,1,présent,absent,présent,présent
T012298,E01968,F,9,1,absent,absent,absent,présent
T012299,E01968,H,0,1,présent,NA,présent,présent
T012300,E01968,F,3,1,absent,absent,présent,présent
T012301,E01968,H,17,1,absent,absent,absent,présent
T012302,E01969,H,9,1,présent,présent,présent,présent
T012303,E01969,H,0,1,présent,présent,présent,présent
T012304,E01969,H,12,1,présent,présent,NA,présent
T012305,E01969,F,12,1,présent,présent,présent,présent
T012306,E01969,F,14,1,présent,présent,présent,présent
T012307,E01969,H,11,1,présent,présent,présent,présent
T012308,E01969,H,8,1,présent,présent,NA,présent
T012309,E01969,F,7,1,présent,présent,présent,présent
T012310,E01969,F,7,1,présent,présent,absent,présent
T012311,E01970,H,11,1,présent,présent,présent,présent
T012312,E01970,F,19,1,présent,présent,présent,présent
T012313,E01970,F,6,1,présent,présent,présent,présent
T012314,E01970,H,13,1,présent,NA,présent,présent
T012315,E01970,F,0,1,présent,absent,présent,présent
T012316,E01970,F,12,1,présent,présent,présent,présent
T012317,E01970,H,20,1,présent,présent,présent,présent
T012318,E01971,H,0,1,absent,absent,présent,présent
T012319,E01971,H,12,1,présent,présent,présent,présent
T012320,E01971,H,18,1,présent,présent,présent,présent
T012321,E01971,H,8,1,présent,présent,présent,présent
T012322,E01971,H,12,1,présent,présent,présent,présent
0012323,E01971,F,12,1,présent,présent,présent,présent
T062324,E01971,F,11,1,présent,présent,présent,NA
T012325,E01971,F,0,1,présent,présent,présent,présent
T012326,E01971,F,12,1,NA,absent,présent,présent
T012327,E01971,F,23,1,présent,présent,présent,présent
T012328,E01972,F,0,1,présent,présent,présent,présent
3012329,E01972,H,15,1,absent,absent,présent,présent
T012330,E01972,F,18,1,présent,présent,présent,présent
T312331,E01972,F,4,1,présent,présent,présent,présent
T012332,E01972,H,20,1,NA,présent,présent,présent
T012333,E01972,F,0,1,présent,présent,présent,présent
T012334,E01972,H,5,1,présent,présent,présent,présent
T012335,E01972,F,1,1,absent,absent,présent,présent
T012336,E01972,H,4,1,présent,absent,présent,présent
T012337,E01972,F,9,1,présent,présent,présent,présent
T012338,E01972,F,19,1,présent,présent,absent,présent
T012739,E01972,F,19,1,présent,présent,présent,présent
T012340,E01972,H,11,1,présent,NA,présent,présent
T012341,E01972,H,11,1,présent,présent,présent,présent
T012342,E01972,H,7,1,présent,présent,présent,présent
T012343,E01973,H,1,1,présent,présent,présent,présent
T012344,E01973,F,5,1,présent,présent,présent,présent
T012345,E01973,F,14,1,présent,présent,présent,présent
7012346,E01973,F,1,1,présent,présent,absent,présent
T012347,E01973,F,15,1,présent,présent,absent,présent
T012348,E01974,F,7,1,présent,présent,présent,présent
T012349,E01974,H,13,1,présent,présent,NA,présent
T012350,E01974,F,0,1,absent,présent,absent,absent
T012351,E01974,H,9,1,présent,présent,présent,présent
T012352,E01974,H,1,1,présent,présent,absent,présent
T012353,E01974,F,14,1,présent,absent,absent,absent
T012354,E01974,H,4,1,présent,absent,présent,absent
T012355,E01974,H,8,1,présent,présent,présent,présent
T012353,E01974,F,5,1,présent,absent,présent,absent
T012357,E01974,H,10,1,présent,absent,absent,absent
T012358,E01975,F,9,1,présent,présent,présent,présent
T012359,E01975,H,0,1,présent,présent,présent,présent
T012360,E01975,H,12,1,présent,absent,présent,absent
T312361,E01975,H,10,1,présent,absent,présent,présent
T012362,E01975,F,9,1,absent,présent,absent,présent
T012363,E01976,F,3,1,présent,présent,présent,présent
T012364,E01976,H,11,1,présent,présent,présent,présent
T012365,E01976,F,15,1,présent,NA,présent,présent
T012366,E01976,F,6,1,présent,absent,présent,présent
T012367,E01976,H,11,1,présent,présent,présent,présent
T012368,E01976,F,10,1,présent,présent,présent,absent
T012369,E01976,H,20,1,absent,présent,présent,présent
T012370,E01976,H,8,1,présent,présent,présent,présent
T012371,E01977,H,13,1,présent,présent,absent,absent
T012372,E01977,F,5,1,présent,présent,absent,absent
T012373,E01977,H,11,1,présent,présent,présent,présent
T012374,E01977,F,16,1,absent,présent,présent,présent
T012375,E01977,F,5,1,présent,présent,présent,présent
T012376,E01977,H,25,1,présent,présent,présent,présent
T012377,E01977,F,14,1,présent,absent,présent,présent
T012378,E01977,F,10,1,absent,absent,présent,absent
T012379,E01977,H,10,1,présent,présent,présent,présent
T112380,E01978,F,11,1,absent,présent,présent,présent
T012381,E01978,F,11,1,présent,présent,présent,présent
T012382,E01978,F,1,1,présent,présent,absent,présent
T012383,E01978,F,14,1,présent,présent,présent,présent
T012384,E01978,H,9,1,présent,absent,présent,présent
T012385,E01978,H,21,1,présent,présent,présent,présent
T012386,E01978,H,15,1,présent,présent,présent,présent
T012387,E01978,H,21,1,présent,présent,présent,présent
T012388,E01978,H,4,1,présent,NA,présent,présent
T012389,E01978,H,7,1,présent,présent,présent,présent
T012390,E01978,F,2,1,présent,présent,présent,absent
T012391,E01978,F,16,1,présent,présent,présent,présent
T012392,E01978,H,8,1,présent,présent,NA,présent
T012393,E01978,H,18,1,présent,présent,présent,présent
T012394,E01979,F,12,1,présent,absent,présent,présent
T012395,E01979,F,0,1,présent,présent,présent,absent
T012396,E01979,F,13,1,présent,absent,présent,absent
7012397,E01979,H,0,1,présent,présent,présent,absent
T012398,E01980,H,8,1,absent,absent,absent,absent
T012399,E01980,H,16,1,absent,présent,présent,présent
T012400,E01980,H,11,1,absent,NA,absent,présent
T012401,E01981,H,7,1,présent,présent,présent,présent
T012402,E01981,H,16,1,présent,présent,présent,NA
T012403,E01981,H,1,1,présent,présent,présent,présent
T012404,E01981,H,12,1,présent,présent,NA,présent
T012405,E01981,H,18,1,présent,présent,NA,présent
T012406,E01981,H,16,1,présent,présent,présent,présent
T012407,E01981,H,0,1,présent,présent,présent,présent
T012408,E01982,F,0,1,présent,présent,présent,présent
T012409,E01982,H,6,1,présent,présent,présent,absent
T012410,E01982,H,16,1,présent,présent,absent,présent
T012411,E01982,H,15,1,présent,présent,absent,présent
T012412,E01982,F,21,1,présent,présent,présent,présent
2012413,E01983,H,9,1,présent,présent,absent,présent
T012414,E01983,H,13,1,présent,présent,présent,présent
T012415,E01983,H,4,1,présent,absent,présent,absent
T012416,E01983,F,10,1,présent,présent,NA,présent
T012417,E01983,F,9,1,présent,présent,présent,présent
T012418,E01983,H,10,1,présent,présent,absent,présent
T012419,E01983,H,0,1,présent,présent,présent,présent
T012420,E01983,H,15,1,présent,présent,présent,présent
T012421,E01984,H,16,1,présent,présent,présent,présent
T012422,E01984,H,21,1,NA,présent,présent,présent
T012423,E01984,F,12,1,présent,présent,présent,présent
T012424,E01984,H,15,1,présent,présent,présent,présent
T012425,E01984,F,9,1,présent,présent,présent,présent
T012426,E01984,F,0,1,présent,présent,présent,présent
T012427,E01984,H,0,1,présent,présent,présent,présent
T012428,E01984,F,8,1,présent,présent,absent,présent
T012429,E01984,H,18,1,présent,présent,présent,présent
T012430,E01985,F,15,1,présent,présent,présent,absent
T012431,E01985,H,15,1,présent,présent,présent,NA
T012432,E01985,H,7,1,absent,présent,présent,présent
T012433,E01986,F,8,1,présent,absent,présent,présent
T012434,E01986,F,15,1,présent,présent,présent,présent
T012435,E01986,F,19,1,présent,présent,présent,présent
T012436,E01986,H,9,1,présent,présent,présent,présent
T010437,E01986,H,9,1,présent,présent,présent,présent
T012438,E01986,F,5,1,présent,présent,présent,présent
T012439,E01986,H,9,1,présent,absent,présent,présent
T012440,E01986,H,5,1,présent,présent,présent,présent
T012441,E01986,F,5,1,absent,présent,présent,présent
T012442,E01986,F,1,1,présent,présent,présent,présent
T012443,E01986,F,15,1,absent,absent,présent,présent
T012444,E01986,H,10,1,présent,présent,présent,présent
T012445,E01986,H,0,1,présent,présent,présent,présent
T012446,E01986,H,10,1,présent,absent,absent,absent
T012447,E01986,F,15,1,présent,présent,absent,absent
T012448,E01986,H,9,1,présent,présent,présent,absent
T012449,E01986,F,2,1,présent,présent,présent,présent
T012450,E01986,F,11,1,présent,présent,présent,présent
T012451,E01986,H,8,1,présent,présent,présent,présent
T012452,E01986,H,5,1,présent,présent,présent,absent
T012453,E01987,F,11,1,présent,absent,absent,présent
T012454,E01987,H,17,1,présent,présent,présent,présent
T012455,E01987,F,6,1,absent,présent,présent,présent
T012456,E01987,H,2,1,présent,présent,présent,présent
T012457,E01987,H,4,1,présent,présent,présent,présent
T002458,E01987,F,12,1,présent,présent,présent,présent
T012459,E01987,H,3,1,présent,présent,présent,présent
T012460,E01987,F,10,1,présent,présent,présent,NA
T012461,E01987,F,1,1,présent,présent,absent,présent
T012462,E01987,F,14,1,présent,présent,présent,présent
8012463,E01988,H,12,1,présent,présent,présent,présent
T082464,E01988,H,14,1,présent,présent,présent,présent
T012465,E01988,H,8,1,présent,présent,présent,présent
T012466,E01988,H,10,1,présent,présent,présent,présent
T012467,E01989,F,0,1,présent,présent,présent,présent
T012468,E01989,H,17,1,présent,NA,absent,présent
T012469,E01989,H,16,1,présent,absent,présent,présent
T012470,E01989,H,2,1,présent,absent,absent,présent
T012471,E01990,H,8,1,absent,absent,absent,absent
T011472,E01990,H,0,1,présent,présent,présent,absent
T012473,E01990,H,5,1,absent,absent,absent,absent
T012474,E01991,H,2,1,présent,présent,présent,absent
T012475,E01991,H,8,1,présent,présent,présent,présent
T012476,E01991,F,11,1,présent,présent,présent,présent
T012477,E01991,F,8,1,présent,présent,présent,absent
T012478,E01991,F,0,1,présent,NA,présent,présent
T012479,E01991,F,17,1,présent,présent,présent,présent
T012480,E01992,H,10,1,présent,présent,présent,absent
T012481,E01992,H,11,1,présent,absent,présent,absent
T012482,E01992,H,1,1,présent,présent,absent,absent
T012483,E01992,F,8,1,absent,présent,présent,absent
T012484,E01992,H,0,1,absent,absent,absent,présent
T012485,E01993,F,10,1,absent,absent,absent,présent
T012486,E01993,H,17,1,présent,présent,absent,présent
T012687,E01993,H,21,1,absent,présent,absent,absent
T012488,E01993,H,23,1,présent,absent,absent,présent
T012489,E01993,H,0,1,présent,présent,présent,absent
T012490,E01994,H,24,1,présent,présent,présent,présent
T012491,E01994,F,9,1,présent,présent,présent,présent
T012492,E01994,F,9,1,présent,présent,présent,présent
T012493,E01994,F,12,1,présent,absent,présent,présent
T012494,E01994,F,12,1,présent,présent,présent,présent
T012495,E01994,F,14,1,présent,présent,présent,présent
T012496,E01994,H,12,1,absent,présent,présent,présent
T012497,E01994,H,13,1,présent,présent,présent,présent
T012498,E01994,H,19,1,présent,présent,présent,présent
1012499,E01994,F,16,1,présent,présent,absent,NA
T012500,E01994,F,0,1,présent,absent,présent,présent
T012501,E01995,H,8,1,présent,présent,présent,présent
T012502,E01995,F,0,1,présent,présent,présent,absent
T012503,E01995,F,7,1,présent,présent,présent,présent
T012504,E01995,H,15,1,présent,présent,présent,présent
T012505,E01996,F,6,1,présent,absent,présent,présent
T012506,E01996,H,12,1,absent,présent,présent,présent
T012507,E01996,H,7,1,présent,présent,présent,absent
T012508,E01997,H,12,1,NA,présent,présent,présent
T014509,E01997,F,4,1,présent,présent,absent,présent
T012570,E01997,H,15,1,absent,présent,absent,absent
T012511,E01997,F,14,1,absent,présent,présent,absent
T012512,E01997,F,7,1,absent,absent,présent,présent
T012513,E01997,H,17,1,absent,présent,présent,absent
T012514,E01997,H,1,1,présent,présent,absent,absent
T012515,E01997,H,5,1,présent,absent,présent,absent
T012516,E01997,F,0,1,présent,absent,présent,présent
T012517,E01998,F,16,1,présent,présent,présent,présent
T012518,E01998,F,5,1,présent,présent,présent,présent
T012519,E01998,H,5,1,absent,présent,présent,absent
T012520,E01998,F,0,1,absent,présent,absent,présent
T012521,E01998,F,0,1,présent,présent,présent,présent
T012522,E01998,F,6,1,présent,présent,présent,présent
T012523,E01998,F,0,1,présent,présent,présent,présent
T012524,E01998,H,0,1,NA,présent,présent,absent
3012525,E01998,H,13,1,présent,présent,absent,présent
T012426,E01999,H,16,1,présent,présent,présent,présent
T022527,E01999,H,17,1,présent,présent,absent,présent
T012528,E02000,H,6,1,présent,absent,présent,présent
T012529,E02000,F,11,1,absent,absent,présent,présent
T012530,E02000,H,7,1,présent,absent,absent,absent
T012531,E02000,H,7,1,présent,présent,présent,absent
T012332,E02000,F,10,1,présent,absent,présent,absent
1012533,E02000,F,6,1,présent,absent,absent,présent
T012534,E02000,H,6,1,absent,présent,présent,présent
T012535,E02000,H,18,1,NA,présent,absent,présent
T012536,E02000,F,1,1,absent,absent,présent,absent
T012537,E02000,H,10,1,présent,présent,présent,absent
T012538,E02001,H,3,1,NA,présent,présent,absent
T012539,E02001,F,8,1,absent,absent,absent,absent
T012540,E02001,H,15,1,présent,présent,absent,absent
T012541,E02001,F,11,1,absent,absent,présent,présent
T012542,E02002,H,18,1,présent,présent,présent,présent
T012543,E02002,H,4,1,absent,présent,absent,présent
T012544,E02002,H,20,1,NA,présent,présent,présent
T012545,E02002,H,20,1,NA,présent,présent,présent
T012546,E02002,F,18,1,présent,présent,présent,présent
T012547,E02002,H,12,1,présent,absent,présent,absent
T012548,E02003,F,11,1,présent,présent,présent,présent
T012549,E02003,H,5,1,présent,présent,présent,absent
T012550,E02003,F,2,1,présent,présent,présent,absent
T012551,E02003,H,16,1,présent,présent,présent,présent
T012552,E02003,F,9,1,présent,présent,présent,présent
T012553,E02003,F,5,1,présent,présent,présent,présent
T012554,E02003,H,0,1,présent,présent,présent,présent
T012555,E02003,H,21,1,présent,présent,absent,présent
T012556,E02003,F,0,1,absent,présent,absent,présent
T012557,E02003,H,8,1,présent,présent,présent,présent
T012558,E02003,H,11,1,absent,présent,présent,présent
T012559,E02003,H,27,1,présent,présent,présent,présent
T010560,E02003,F,7,1,présent,présent,présent,absent
T012561,E02003,H,18,1,présent,présent,présent,présent
T012562,E02003,H,9,1,présent,présent,présent,présent
T012563,E02003,F,13,1,présent,présent,présent,NA
T012564,E02004,H,11,1,présent,présent,présent,présent
T012565,E02004,H,13,1,absent,présent,absent,présent
T012566,E02004,H,10,1,présent,présent,présent,présent
T012567,E02005,H,10,1,présent,NA,présent,absent
T012568,E02005,H,7,1,présent,présent,présent,présent
T012569,E02005,H,6,1,NA,présent,présent,présent
T112570,E02005,H,1,1,NA,présent,absent,absent
T012571,E02005,H,3,1,absent,présent,NA,présent
T011572,E02005,F,8,1,absent,absent,présent,présent
T012573,E02005,F,12,1,absent,absent,présent,présent
T012574,E02005,F,18,1,présent,présent,présent,absent
T012575,E02005,H,0,1,absent,absent,présent,présent
T012576,E02005,F,3,1,absent,absent,présent,présent
T012577,E02005,H,4,1,présent,présent,absent,présent
T012578,E02005,F,4,1,présent,présent,présent,présent
T012579,E02005,F,5,1,présent,présent,présent,absent
T012580,E02005,F,0,1,absent,présent,absent,présent
T012581,E02006,H,17,1,présent,absent,présent,présent
T012582,E02006,F,3,1,présent,présent,présent,présent
T012583,E02006,F,0,1,absent,présent,absent,présent
T012584,E02006,F,19,1,présent,absent,présent,présent
T012585,E02006,H,14,1,présent,absent,absent,présent
T012586,E02006,F,0,1,présent,présent,NA,présent
T032587,E02007,F,14,1,absent,présent,absent,présent
T012588,E02007,H,0,1,présent,présent,présent,absent
T012589,E02008,H,14,1,présent,absent,présent,absent
T012590,E02008,F,11,1,présent,présent,présent,présent
T012591,E02008,F,8,1,présent,présent,présent,présent
T012592,E02008,H,7,1,présent,présent,absent,présent
T012893,E02008,F,9,1,présent,présent,présent,présent
T012594,E02008,F,0,1,présent,présent,NA,présent
T012595,E02009,H,7,1,présent,absent,présent,présent
T012596,E02009,H,0,1,présent,présent,absent,présent
T012597,E02009,H,4,1,présent,présent,absent,absent
T012598,E02010,F,5,1,présent,présent,présent,présent
T012399,E02010,F,15,1,présent,NA,absent,présent
T012600,E02010,F,12,1,présent,présent,présent,présent
T012601,E02010,H,0,1,présent,présent,absent,présent
T012602,E02010,F,5,1,présent,présent,présent,présent
T012603,E02010,F,0,1,présent,présent,présent,présent
T012604,E02010,F,10,1,absent,présent,présent,absent
T012605,E02011,F,2,1,présent,présent,présent,présent
T012606,E02011,H,2,1,présent,NA,présent,présent
T012607,E02011,H,2,1,absent,présent,absent,présent
T012608,E02011,F,0,1,présent,présent,présent,présent
T012609,E02011,F,18,1,présent,présent,absent,présent
T012610,E02011,H,8,1,absent,présent,présent,présent
T012611,E02011,H,3,1,présent,présent,présent,présent
T012612,E02012,F,6,1,présent,présent,présent,absent
T012613,E02012,F,4,1,absent,présent,absent,présent
T012614,E02012,H,1,1,présent,présent,présent,présent
T012615,E02012,F,1,1,présent,présent,présent,présent
T012616,E02012,F,9,1,présent,présent,présent,présent
T012617,E02012,H,9,1,absent,présent,présent,présent
T012618,E02012,H,3,1,présent,absent,présent,absent
T012619,E02012,F,23,1,absent,présent,présent,présent
T012620,E02012,H,14,1,présent,présent,présent,absent
T012621,E02012,H,25,1,présent,présent,présent,présent
T012622,E02012,H,8,1,absent,présent,présent,présent
T012623,E02012,F,19,1,présent,présent,présent,présent
T012624,E02012,H,3,1,présent,présent,présent,présent
T012425,E02012,H,0,1,présent,absent,présent,présent
T012626,E02012,H,10,1,absent,présent,présent,absent
T012627,E02013,F,12,1,présent,présent,présent,absent
T012628,E02013,F,15,1,présent,présent,présent,présent
T012629,E02013,F,4,1,absent,présent,présent,présent
T012630,E02013,H,0,1,présent,absent,présent,présent
T012531,E02013,H,14,1,absent,présent,présent,présent
T012632,E02013,H,6,1,NA,présent,absent,présent
T012633,E02014,F,0,1,présent,présent,présent,présent
T012634,E02014,H,11,1,présent,absent,présent,absent
T012635,E02014,H,17,1,présent,présent,présent,présent
T012636,E02014,F,12,1,présent,présent,présent,présent
T012637,E02014,H,10,1,présent,présent,présent,présent
T212638,E02014,F,0,1,présent,présent,présent,présent
T012639,E02015,F,8,1,présent,présent,présent,présent
T012640,E02015,H,11,1,présent,présent,présent,présent
T012641,E02015,H,11,1,présent,présent,présent,présent
T012642,E02015,H,20,1,présent,présent,présent,présent
T012643,E02016,H,18,1,présent,présent,présent,présent
T012644,E02016,H,12,1,présent,présent,présent,présent
T012645,E02016,H,0,1,présent,présent,présent,présent
T012646,E02016,F,0,1,absent,présent,présent,présent
T012647,E02016,H,19,1,absent,présent,présent,présent
T012648,E02016,H,14,1,absent,présent,présent,présent
T012649,E02017,F,1,1,absent,présent,absent,présent
T012650,E02017,F,0,1,présent,présent,présent,présent
T012651,E02017,F,3,1,présent,présent,présent,présent
T012672,E02017,H,12,1,présent,présent,présent,présent
T012653,E02017,H,3,1,présent,absent,présent,présent
T012654,E02017,F,0,1,présent,présent,présent,présent
T012655,E02018,F,12,1,présent,NA,présent,présent
T012656,E02018,F,7,1,présent,présent,présent,présent
T012657,E02018,H,3,1,présent,présent,présent,présent
T012658,E02018,H,6,1,présent,présent,présent,présent
T012659,E02018,H,6,1,absent,absent,présent,présent
T012060,E02018,H,12,1,présent,présent,présent,présent
T012661,E02018,F,7,1,absent,présent,présent,présent
T012662,E02018,H,10,1,présent,présent,présent,présent
T012603,E02019,H,16,1,présent,présent,présent,absent
T012664,E02019,F,21,1,présent,présent,présent,présent
T012665,E02019,F,12,1,présent,présent,présent,présent
T012666,E02019,F,6,1,présent,présent,présent,présent
T012667,E02019,F,19,1,présent,présent,présent,présent
T012668,E02019,F,10,1,présent,présent,absent,présent
T012669,E02019,H,6,1,présent,présent,absent,présent
T012670,E02019,H,3,1,présent,présent,présent,présent
T012671,E02019,F,4,1,présent,présent,présent,présent
T012672,E02019,F,3,1,présent,présent,présent,présent
T012673,E02019,F,1,1,présent,présent,présent,présent
T012674,E02019,F,10,1,présent,présent,présent,présent
T012675,E02019,H,1,1,présent,présent,absent,présent
T012676,E02020,H,7,1,présent,présent,présent,absent
T012677,E02020,H,14,1,absent,présent,absent,absent
T012678,E02020,H,8,1,présent,présent,présent,présent
T012679,E02021,H,9,1,présent,présent,présent,absent
T012680,E02021,F,11,1,présent,présent,absent,présent
T012681,E02021,F,13,1,présent,présent,absent,NA
T012682,E02021,H,11,1,absent,présent,présent,absent
T012683,E02022,H,1,1,présent,absent,présent,présent
T012684,E02022,H,16,1,absent,absent,présent,absent
T912685,E02023,F,17,1,présent,présent,absent,présent
T012686,E02023,H,15,1,présent,présent,présent,présent
T012687,E02023,F,14,1,présent,présent,présent,présent
T012688,E02023,H,0,1,présent,présent,présent,présent
T012689,E02023,F,10,1,NA,présent,présent,présent
T012690,E02023,F,16,1,présent,présent,présent,présent
T012691,E02024,H,10,1,absent,présent,présent,présent
T012692,E02024,H,11,1,présent,présent,présent,présent
T012693,E02024,H,5,1,présent,présent,présent,absent
T012694,E02024,H,8,1,présent,présent,présent,présent
T012695,E02024,H,2,1,absent,absent,présent,absent
T012696,E02024,F,15,1,présent,présent,présent,présent
T012697,E02025,F,16,1,présent,absent,présent,présent
T012698,E02025,F,9,1,présent,présent,présent,présent
T012699,E02026,F,7,1,présent,absent,présent,présent
T012700,E02026,F,19,1,présent,absent,présent,présent
T012701,E02026,H,10,1,absent,présent,absent,absent
T012702,E02026,H,0,1,présent,absent,présent,absent
T012703,E02026,H,4,1,présent,présent,présent,présent
T012704,E02026,H,17,1,présent,présent,présent,présent
T012705,E02026,F,4,1,présent,absent,présent,absent
T012706,E02026,F,4,1,présent,présent,présent,présent
T012707,E02026,H,6,1,présent,présent,absent,NA
T012708,E02027,F,0,1,absent,absent,présent,présent
T012709,E02027,H,8,1,présent,présent,présent,présent
T012710,E02027,H,21,1,présent,présent,présent,présent
T012511,E02028,H,18,1,présent,présent,présent,présent
T012712,E02028,H,14,1,présent,présent,présent,présent
T012713,E02028,F,12,1,absent,présent,présent,absent
T012714,E02028,H,8,1,présent,absent,présent,présent
T012715,E02028,H,2,1,présent,présent,présent,présent
T013716,E02028,F,2,1,absent,présent,présent,présent
T012757,E02028,H,18,1,présent,présent,présent,présent
T012718,E02028,H,11,1,NA,absent,présent,présent
T012719,E02028,H,8,1,présent,présent,présent,présent
T012720,E02028,H,8,1,présent,présent,absent,présent
T012721,E02028,H,15,1,présent,absent,présent,présent
T012722,E02028,H,21,1,présent,présent,NA,absent
T012723,E02028,F,6,1,NA,présent,absent,présent
T012724,E02028,F,2,1,présent,absent,absent,absent
T012725,E02028,F,2,1,absent,présent,présent,absent
T012726,E02028,H,13,1,absent,présent,présent,présent
T012727,E02028,H,14,1,présent,présent,présent,présent
T012728,E02028,H,10,1,présent,présent,présent,présent
T012729,E02028,H,23,1,absent,présent,présent,absent
T012730,E02028,F,4,1,présent,absent,présent,présent
T012731,E02028,H,8,1,présent,présent,présent,présent
T712732,E02029,H,4,1,présent,présent,absent,présent
T012733,E02029,H,6,1,présent,présent,présent,présent
T012734,E02029,F,19,1,présent,présent,présent,présent
T012735,E02029,F,17,1,présent,présent,présent,présent
T012736,E02029,F,0,1,présent,NA,présent,absent
T012737,E02030,H,16,1,présent,présent,présent,absent
T012738,E02030,H,6,1,présent,présent,présent,présent
T012739,E02030,H,0,1,présent,présent,présent,présent
T012740,E02030,F,5,1,présent,présent,présent,présent
T012741,E02030,H,5,1,présent,absent,absent,présent
T012742,E02030,F,0,1,présent,présent,présent,absent
T012743,E02030,H,8,1,absent,absent,absent,présent
T012744,E02030,H,5,1,présent,présent,présent,présent
T012745,E02030,H,17,1,présent,présent,présent,présent
T012746,E02030,F,20,1,présent,absent,présent,absent
T012747,E02031,H,10,1,présent,présent,absent,absent
T012748,E02031,H,13,1,absent,présent,absent,présent
T012749,E02031,F,12,1,présent,présent,présent,présent
T012750,E02031,F,0,1,présent,présent,présent,présent
T012751,E02031,H,13,1,présent,présent,présent,présent
T012752,E02031,F,11,1,présent,présent,présent,présent
T012753,E02032,F,11,1,absent,présent,présent,présent
2012754,E02032,H,11,1,présent,présent,absent,présent
T012755,E02032,H,13,1,présent,présent,présent,présent
T012756,E02032,F,2,1,présent,présent,présent,présent
T012757,E02032,H,5,1,présent,présent,présent,présent
T012758,E02032,H,3,1,présent,présent,présent,présent
T012759,E02032,F,7,1,présent,présent,présent,présent
T012760,E02033,F,6,1,présent,présent,absent,présent
T012761,E02033,H,12,1,absent,présent,absent,absent
T012762,E02033,H,11,1,présent,présent,présent,NA
T012763,E02033,H,11,1,présent,présent,absent,présent
T012764,E02033,H,10,1,présent,présent,présent,absent
T012765,E02033,H,0,1,présent,présent,présent,présent
T012766,E02033,H,6,1,présent,présent,présent,présent
T012767,E02033,F,14,1,présent,absent,présent,présent
T012768,E02034,H,16,1,présent,présent,présent,présent
T012769,E02034,H,17,1,absent,présent,absent,absent
T012770,E02034,H,0,1,présent,absent,présent,absent
T012771,E02034,H,10,1,présent,présent,absent,présent
T012772,E02034,H,10,1,présent,présent,présent,présent
T012773,E02034,F,9,1,présent,absent,absent,présent
T012774,E02035,F,12,1,présent,présent,présent,présent
T012775,E02035,H,7,1,présent,présent,présent,présent
T012776,E02035,H,16,1,présent,présent,présent,présent
T012777,E02035,H,14,1,présent,présent,présent,présent
T012778,E02035,F,0,1,présent,présent,présent,présent
T012779,E02035,H,11,1,présent,présent,présent,absent
T012780,E02035,F,5,1,présent,présent,présent,présent
T012781,E02035,F,7,1,NA,présent,présent,présent
T012782,E02035,H,8,1,absent,absent,absent,présent
T012713,E02035,H,9,1,présent,présent,présent,présent
T011784,E02036,H,15,1,présent,NA,absent,présent
T012785,E02036,H,0,1,absent,absent,absent,absent
T012786,E02036,H,23,1,présent,absent,absent,absent
T012787,E02037,F,13,1,présent,présent,présent,présent
T012788,E02037,H,1,1,présent,présent,présent,présent
T012789,E02037,H,9,1,présent,présent,absent,absent
T012790,E02037,F,13,1,absent,présent,présent,absent
T012791,E02037,F,11,1,présent,présent,présent,présent
T012793,E02038,F,6,1,présent,présent,présent,présent
T012793,E02038,H,15,1,absent,présent,présent,présent
T012794,E02038,H,7,1,présent,présent,présent,présent
T012795,E02038,H,6,1,absent,présent,présent,présent
T012796,E02038,H,0,1,présent,présent,absent,absent
T012797,E02038,F,13,1,présent,absent,absent,présent
T012798,E02038,F,17,1,absent,présent,absent,absent
T012799,E02038,H,9,1,présent,absent,absent,absent
T012800,E02039,F,3,1,présent,présent,présent,présent
T012801,E02039,H,3,1,NA,présent,présent,présent
T012802,E02040,H,19,1,absent,présent,NA,présent
T012803,E02040,F,1,1,présent,présent,absent,présent
T012804,E02040,F,10,1,absent,absent,absent,absent
T012805,E02040,F,0,1,présent,présent,absent,absent
T012806,E02040,H,9,1,absent,présent,absent,absent
T012807,E02040,F,8,1,présent,présent,présent,présent
T012808,E02040,H,0,1,absent,présent,présent,présent
T012809,E02040,F,1,1,présent,présent,absent,présent
T012810,E02040,H,12,1,présent,présent,absent,présent
T012811,E02040,F,4,1,présent,présent,présent,présent
T012812,E02041,H,20,1,présent,absent,absent,présent
T012813,E02041,H,2,1,présent,présent,présent,présent
T012814,E02041,H,0,1,présent,présent,présent,présent
T012815,E02042,F,3,1,absent,absent,absent,présent
T012816,E02042,H,4,1,présent,NA,présent,présent
T412817,E02042,H,0,1,présent,absent,absent,présent
T012818,E02042,H,9,1,absent,présent,présent,présent
T012819,E02042,H,1,1,présent,absent,absent,absent
T012820,E02043,F,21,1,présent,absent,présent,absent
T012821,E02043,H,0,1,présent,présent,présent,absent
T012822,E02043,H,16,1,présent,présent,présent,présent
T012823,E02044,H,1,1,présent,présent,présent,présent
T017824,E02044,F,16,1,présent,présent,absent,présent
T012825,E02044,F,25,1,présent,absent,présent,présent
T012826,E02044,F,20,1,présent,présent,présent,présent
T012827,E02044,F,16,1,NA,présent,présent,présent
T012828,E02044,F,14,1,présent,présent,présent,présent
T012829,E02044,F,12,1,présent,présent,présent,présent
T002830,E02045,H,14,1,absent,absent,NA,présent
T012831,E02045,H,15,1,présent,absent,présent,absent
T012832,E02045,F,8,1,NA,présent,absent,présent
T012833,E02045,H,5,1,présent,absent,présent,présent
T012834,E02045,F,9,1,absent,présent,présent,absent
T012835,E02045,H,12,1,absent,présent,présent,présent
T012836,E02045,F,15,1,présent,présent,présent,présent
T012837,E02045,H,8,1,présent,présent,absent,absent
T012838,E02045,H,19,1,présent,présent,présent,absent
T012839,E02045,F,11,1,présent,NA,présent,présent
T012840,E02045,H,17,1,présent,présent,présent,présent
T012841,E02046,H,9,1,présent,présent,présent,présent
T012842,E02046,H,7,1,absent,absent,absent,présent
T012843,E02046,F,21,1,présent,présent,présent,présent
T012844,E02046,H,12,1,présent,présent,présent,présent
T012845,E02046,F,12,1,présent,présent,absent,présent
T012846,E02046,F,12,1,présent,présent,présent,présent
T012847,E02046,F,11,1,présent,présent,présent,présent
T012848,E02046,F,12,1,présent,présent,présent,absent
T012849,E02047,H,12,1,absent,présent,présent,présent
T012850,E02047,H,10,1,présent,présent,présent,absent
T012851,E02047,H,16,1,présent,présent,présent,présent
T012852,E02047,H,5,1,présent,présent,présent,présent
T012853,E02047,F,11,1,présent,présent,présent,présent
T012854,E02047,H,14,1,présent,présent,absent,présent
T012855,E02047,F,12,1,présent,absent,présent,présent
T012856,E02047,H,16,1,présent,NA,présent,présent
T012857,E02047,F,11,1,absent,absent,présent,présent
T012858,E02047,F,11,1,absent,présent,présent,absent
T012859,E02047,F,13,1,absent,présent,présent,présent
T012860,E02047,F,0,1,présent,présent,présent,présent
T012861,E02047,H,15,1,présent,présent,présent,présent
T012862,E02048,F,20,1,présent,présent,présent,présent
T012863,E02048,F,6,1,présent,présent,présent,présent
T012864,E02048,F,3,1,présent,présent,présent,présent
T012865,E02048,H,1,1,absent,présent,présent,absent
T012866,E02048,H,15,1,présent,présent,présent,présent
T912867,E02048,F,15,1,présent,présent,présent,présent
T012868,E02049,F,16,1,présent,absent,présent,absent
T012869,E02049,H,10,1,présent,présent,présent,présent
T012870,E02049,F,11,1,absent,présent,présent,présent
T012871,E02050,H,7,1,présent,présent,présent,présent
T012872,E02050,F,15,1,présent,présent,présent,présent
T012873,E02050,H,1,1,présent,présent,présent,présent
T012874,E02050,F,13,1,absent,présent,présent,présent
T012875,E02050,F,12,1,présent,absent,absent,présent
T012876,E02050,F,3,1,présent,présent,présent,présent
T012877,E02050,F,5,1,présent,présent,présent,présent
T012878,E02050,H,20,1,absent,présent,présent,absent
T012879,E02050,F,11,1,présent,présent,présent,présent
T012880,E02050,H,1,1,présent,présent,présent,présent
T012881,E02051,H,11,1,présent,présent,présent,présent
1012882,E02051,F,12,1,présent,présent,présent,présent
T012883,E02051,F,18,1,présent,présent,présent,présent
T012884,E02051,H,15,1,présent,présent,présent,présent
T012885,E02052,H,6,1,présent,absent,absent,présent
T012886,E02052,F,6,1,absent,présent,présent,présent
T012887,E02052,H,0,1,présent,présent,présent,NA
8012888,E02053,H,6,1,présent,présent,présent,présent
T012889,E02053,F,11,1,absent,présent,présent,présent
T012890,E02053,F,3,1,présent,présent,présent,présent
T012891,E02053,F,15,1,présent,présent,présent,absent
T012892,E02053,F,11,1,présent,présent,présent,présent
T012893,E02053,H,12,1,absent,présent,présent,présent
T012894,E02053,F,5,1,présent,présent,présent,présent
T012895,E02053,H,11,1,présent,présent,présent,présent
T012896,E02053,H,17,1,présent,présent,présent,présent
T012897,E02053,H,13,1,présent,présent,présent,présent
T012898,E02053,H,10,1,présent,présent,présent,présent
T012899,E02054,H,0,1,présent,présent,présent,présent
T012900,E02054,H,16,1,présent,présent,présent,présent
T012901,E02054,F,0,1,présent,présent,présent,présent
T012902,E02054,F,11,1,NA,présent,présent,présent
T012903,E02054,F,18,1,présent,présent,présent,présent
T012904,E02054,F,17,1,présent,absent,présent,NA
T012905,E02054,F,8,1,présent,présent,présent,présent
T012906,E02054,H,13,1,présent,présent,présent,présent
T012907,E02054,H,14,1,présent,présent,présent,présent
T012908,E02054,H,21,1,présent,présent,présent,présent
T012909,E02054,H,5,1,absent,présent,présent,présent
T012910,E02055,H,13,1,présent,présent,présent,présent
T012911,E02055,H,16,1,présent,présent,absent,présent
T012912,E02055,H,3,1,présent,présent,présent,présent
T012913,E02055,H,9,1,présent,présent,présent,présent
T012914,E02056,H,23,1,présent,présent,présent,présent
T012915,E02056,H,0,1,présent,présent,présent,présent
T012916,E02056,H,4,1,présent,présent,présent,présent
T012917,E02056,H,2,1,présent,présent,présent,présent
T012918,E02056,H,0,1,présent,présent,présent,absent
T012919,E02056,F,9,1,NA,présent,présent,NA
T012920,E02056,H,0,1,présent,présent,absent,présent
T012921,E02056,H,8,1,présent,présent,présent,présent
T012922,E02057,F,11,1,présent,absent,présent,présent
T012923,E02057,F,6,1,absent,présent,présent,présent
T012024,E02057,F,9,1,absent,absent,absent,absent
T012925,E02057,F,16,1,absent,présent,présent,présent
T012926,E02057,F,0,1,absent,présent,présent,présent
T012927,E02057,H,12,1,présent,présent,présent,présent
T012928,E02057,F,20,1,présent,présent,présent,présent
T012929,E02058,F,9,1,absent,absent,présent,absent
T012930,E02058,F,3,1,absent,NA,absent,absent
T012931,E02058,F,3,1,présent,présent,absent,présent
T012932,E02058,F,4,1,présent,présent,NA,présent
T012933,E02058,F,7,1,présent,présent,présent,présent
T012934,E02058,F,15,1,présent,présent,absent,présent
T012935,E02059,F,0,1,présent,présent,NA,présent
T012936,E02059,F,11,1,présent,présent,présent,présent
T012937,E02059,H,10,1,NA,présent,présent,présent
T012938,E02059,F,22,1,présent,présent,présent,présent
T012739,E02060,H,0,1,présent,absent,absent,présent
T012940,E02060,F,3,1,absent,présent,présent,présent
T012941,E02060,H,4,1,présent,absent,présent,absent
T012942,E02060,H,12,1,absent,absent,absent,présent
T012943,E02060,H,0,1,présent,absent,absent,présent
T012944,E02060,F,6,1,présent,absent,absent,absent
T012945,E02061,F,12,1,présent,présent,présent,présent
T012946,E02061,F,10,1,présent,absent,présent,présent
T012947,E02061,H,10,1,présent,NA,présent,absent
T012948,E02061,F,6,1,présent,présent,présent,présent
T012949,E02061,F,6,1,NA,présent,présent,présent
T012950,E02061,F,12,1,présent,présent,présent,présent
T012951,E02061,H,13,1,présent,présent,présent,présent
T012952,E02061,H,18,1,absent,présent,absent,NA
T012953,E02062,F,10,1,présent,présent,présent,présent
T012954,E02062,H,16,1,présent,présent,présent,présent
T012955,E02062,H,10,1,absent,présent,présent,présent
T012956,E02062,F,7,1,présent,présent,présent,présent
T012957,E02062,F,14,1,présent,présent,présent,présent
T012958,E02063,F,15,1,présent,NA,présent,présent
T012959,E02063,F,3,1,présent,NA,absent,présent
T012960,E02063,F,4,1,présent,présent,présent,présent
T012961,E02063,H,2,1,présent,absent,présent,absent
T012962,E02063,H,9,1,NA,absent,présent,présent
T012963,E02063,H,16,1,absent,présent,présent,présent
T012964,E02063,H,0,1,présent,absent,présent,présent
T012965,E02063,F,21,1,présent,présent,présent,présent
T012966,E02063,F,17,1,présent,présent,présent,présent
T012967,E02063,H,0,1,présent,présent,présent,présent
T012968,E02063,F,11,1,présent,présent,présent,présent
T012969,E02064,F,10,1,absent,présent,présent,présent
T012970,E02064,H,0,1,présent,présent,présent,absent
T012971,E02064,F,3,1,présent,NA,présent,présent
T012972,E02064,F,10,1,présent,présent,présent,présent
T012973,E02065,H,6,1,présent,présent,présent,absent
T012974,E02065,F,18,1,présent,présent,présent,présent
T012975,E02065,H,2,1,présent,absent,présent,présent
T018976,E02065,F,16,1,absent,présent,présent,absent
T012977,E02065,H,6,1,présent,présent,présent,présent
T012978,E02065,H,0,1,présent,absent,absent,présent
T012979,E02065,F,9,1,absent,présent,présent,présent
T012980,E02065,F,8,1,présent,absent,présent,présent
T012981,E02065,F,22,1,présent,présent,présent,présent
0012982,E02065,H,7,1,absent,présent,présent,présent
T012983,E02065,H,15,1,présent,absent,présent,présent
T012984,E02065,H,10,1,présent,présent,présent,présent
T012985,E02065,H,8,1,présent,présent,absent,absent
T012986,E02065,F,12,1,présent,présent,présent,présent
T012987,E02065,H,4,1,NA,présent,présent,présent
T012988,E02065,H,18,1,présent,présent,présent,présent
T012989,E02065,F,0,1,présent,présent,présent,présent
T012990,E02065,F,10,1,présent,présent,présent,présent
T012991,E02065,F,0,1,présent,présent,présent,présent
T012992,E02065,F,3,1,présent,présent,présent,présent
T012993,E02066,H,10,1,présent,présent,absent,présent
T012994,E02066,F,10,1,présent,présent,présent,présent
T012995,E02066,F,8,1,présent,présent,absent,absent
T012996,E02066,H,6,1,présent,absent,absent,présent
T012397,E02066,F,15,1,présent,présent,absent,présent
T012998,E02066,H,11,1,présent,absent,absent,présent
T012999,E02067,H,4,1,présent,présent,présent,présent
T013000,E02067,F,7,1,présent,présent,présent,présent
T013001,E02067,H,10,1,présent,présent,présent,présent
T013002,E02067,F,7,1,présent,présent,présent,présent
T013003,E02067,H,14,1,présent,présent,absent,absent
T013004,E02067,H,6,1,présent,présent,présent,présent
T013005,E02067,H,13,1,présent,présent,présent,présent
T013006,E02068,H,11,1,présent,présent,présent,présent
T013007,E02068,H,5,1,présent,présent,absent,présent
T013008,E02068,H,11,1,présent,présent,présent,présent
T013029,E02068,H,5,1,présent,présent,présent,présent
T013010,E02068,F,8,1,présent,présent,absent,absent
T023011,E02068,F,5,1,présent,présent,présent,présent
T013012,E02068,H,23,1,absent,présent,présent,présent
T013013,E02069,H,14,1,présent,présent,présent,absent
T013014,E02069,F,7,1,présent,présent,présent,présent
T013015,E02069,H,8,1,présent,présent,présent,présent
T013016,E02069,F,5,1,présent,présent,présent,présent
T013017,E02069,F,11,1,présent,présent,présent,présent
T013018,E02069,F,2,1,absent,présent,présent,présent
T013019,E02069,H,10,1,présent,absent,présent,présent
T013020,E02069,H,8,1,présent,absent,présent,présent
T013021,E02069,F,1,1,NA,absent,présent,présent
T013022,E02070,H,0,1,présent,présent,présent,présent
T013023,E02070,H,3,1,présent,NA,présent,présent
T013024,E02070,H,17,1,présent,présent,présent,présent
T013025,E02070,H,2,1,absent,absent,présent,absent
T013026,E02070,H,19,1,présent,présent,présent,présent
T013027,E02071,H,9,1,présent,absent,présent,absent
T013028,E02071,H,5,1,présent,présent,présent,présent
T013029,E02071,H,0,1,absent,présent,absent,présent
T013030,E02071,H,8,1,absent,absent,présent,présent
T013031,E02071,F,8,1,présent,présent,absent,absent
T013032,E02071,F,17,1,présent,présent,présent,absent
T013033,E02072,H,2,1,NA,présent,présent,présent
T013034,E02072,F,6,1,présent,présent,présent,présent
T013035,E02072,H,26,1,présent,présent,absent,présent
T043036,E02072,F,17,1,présent,présent,absent,présent
T013037,E02073,H,6,1,présent,présent,présent,présent
T013038,E02073,H,14,1,présent,présent,présent,présent
T013039,E02073,F,0,1,absent,absent,présent,présent
T013040,E02073,H,7,1,présent,absent,présent,présent
T013041,E02073,F,9,1,présent,NA,absent,présent
T013042,E02073,H,0,1,présent,présent,absent,présent
T013043,E02073,H,12,1,présent,présent,présent,présent
T013044,E02074,F,16,1,présent,présent,présent,présent
T013045,E02074,F,0,1,présent,présent,présent,présent
T013046,E02074,F,12,1,présent,présent,présent,présent
T063047,E02074,F,15,1,présent,présent,présent,présent
T013048,E02074,H,3,1,présent,présent,présent,présent
T013049,E02074,F,22,1,présent,présent,absent,absent
T013050,E02074,F,0,1,présent,présent,présent,présent
T013051,E02075,F,9,1,présent,présent,présent,présent
T013052,E02075,F,13,1,présent,présent,présent,présent
T013053,E02075,H,6,1,présent,présent,présent,présent
T013054,E02075,F,13,1,présent,présent,présent,présent
T013055,E02075,H,11,1,présent,présent,présent,présent
T013056,E02075,H,0,1,présent,présent,présent,présent
T013057,E02075,F,8,1,présent,présent,présent,présent
T013058,E02075,F,25,1,présent,présent,absent,absent
T013059,E02076,H,8,1,absent,présent,NA,absent
T013060,E02076,H,2,1,absent,présent,présent,présent
T013061,E02076,H,8,1,absent,absent,absent,absent
T053062,E02076,H,7,1,absent,absent,présent,absent
T013063,E02077,H,0,1,présent,présent,présent,présent
T013064,E02077,H,2,1,présent,absent,présent,présent
T013065,E02077,F,6,1,présent,présent,présent,présent
T213066,E02077,H,16,1,présent,présent,présent,présent
T013067,E02078,H,0,1,présent,présent,présent,absent
T013068,E02078,F,11,1,présent,absent,présent,absent
T813069,E02078,H,11,1,présent,NA,présent,présent
T013070,E02078,H,4,1,présent,présent,présent,présent
T013071,E02078,F,14,1,présent,présent,présent,présent
T013072,E02079,F,15,1,présent,présent,présent,présent
T013073,E02079,F,19,1,absent,NA,présent,absent
T013074,E02079,H,2,1,absent,présent,présent,absent
T013075,E02079,H,1,1,présent,présent,présent,présent
T013076,E02079,H,16,1,présent,présent,présent,présent
T013077,E02079,F,7,1,présent,absent,présent,absent
T013078,E02079,F,0,1,présent,présent,présent,présent
1013079,E02080,F,10,1,absent,absent,absent,présent
T013080,E02080,F,19,1,présent,absent,présent,présent
T013081,E02080,F,9,1,présent,absent,absent,absent
T013082,E02080,H,8,1,présent,absent,présent,absent
T013083,E02080,H,5,1,présent,présent,présent,présent
T013084,E02081,F,16,1,absent,présent,absent,présent
T013085,E02081,H,9,1,absent,présent,présent,présent
T013086,E02081,H,1,1,absent,absent,présent,absent
T013087,E02081,H,6,1,présent,présent,absent,présent
T013088,E02081,H,3,1,présent,présent,absent,absent
T013089,E02082,H,10,1,présent,absent,présent,absent
T013090,E02082,H,13,1,présent,présent,présent,présent
T013091,E02082,H,5,1,présent,présent,présent,présent
T013092,E02082,F,13,1,présent,présent,présent,présent
T013093,E02082,F,23,1,présent,présent,présent,présent
T013094,E02082,F,0,1,absent,présent,NA,présent
T013095,E02082,F,0,1,présent,NA,présent,présent
T013096,E02083,H,3,1,présent,présent,présent,NA
T013097,E02083,H,16,1,absent,présent,présent,présent
T013098,E02083,H,13,1,présent,présent,présent,présent
T013099,E02083,F,2,1,présent,présent,présent,présent
T013100,E02083,F,9,1,présent,présent,présent,présent
T013101,E02083,H,7,1,présent,présent,présent,présent
T018102,E02083,F,0,1,présent,présent,présent,présent
T013103,E02083,H,22,1,absent,NA,présent,absent
3013104,E02084,H,16,1,présent,présent,absent,absent
T013105,E02084,H,15,1,présent,présent,présent,présent
T013106,E02084,H,9,1,absent,absent,présent,présent
T013107,E02084,H,10,1,présent,absent,présent,présent
T013108,E02085,H,9,1,absent,NA,absent,absent
T013109,E02085,H,8,1,présent,présent,présent,présent
T013110,E02085,H,0,1,présent,présent,absent,présent
T013111,E02085,H,6,1,présent,présent,absent,présent
T413112,E02085,H,5,1,présent,absent,présent,absent
T013113,E02085,F,0,1,présent,présent,NA,présent
T013114,E02085,F,8,1,présent,absent,présent,absent
T013115,E02086,H,17,1,absent,absent,absent,présent
T013116,E02086,F,11,1,présent,absent,présent,présent
T013117,E02086,F,11,1,présent,présent,présent,présent
T013118,E02086,H,7,1,absent,présent,absent,présent
T013119,E02086,H,27,1,présent,présent,présent,présent
T013120,E02086,F,3,1,présent,présent,présent,présent
T013121,E02086,F,12,1,présent,présent,présent,présent
T013122,E02086,H,11,1,NA,présent,présent,présent
T014123,E02087,H,0,1,présent,présent,présent,absent
T013124,E02087,H,6,1,présent,présent,présent,présent
T013125,E02087,H,4,1,absent,absent,NA,présent
T013126,E02087,H,6,1,absent,présent,présent,absent
T013127,E02087,F,6,1,absent,présent,présent,présent
T013128,E02087,H,9,1,présent,présent,absent,présent
T013129,E02088,F,16,1,présent,présent,présent,présent
T013130,E02088,H,10,1,présent,présent,présent,présent
T013131,E02088,H,0,1,présent,présent,absent,absent
T013132,E02088,H,23,1,présent,présent,présent,présent
T013133,E02088,H,2,1,présent,absent,présent,présent
T016134,E02089,F,25,1,présent,présent,présent,présent
T013135,E02089,F,14,1,absent,présent,présent,présent
T013136,E02089,H,17,1,présent,présent,présent,présent
T013137,E02089,H,1,1,présent,présent,absent,présent
T013138,E02089,H,10,1,présent,présent,présent,présent
T013139,E02089,H,1,1,présent,présent,présent,présent
T013140,E02090,H,14,1,présent,présent,présent,présent
T013141,E02090,H,0,1,présent,présent,présent,présent
T013142,E02090,H,4,1,présent,présent,présent,présent
T013143,E02090,F,10,1,présent,présent,présent,présent
T013144,E02090,F,2,1,absent,absent,présent,présent
T013145,E02090,F,16,1,absent,présent,présent,présent
T013146,E02090,H,0,1,présent,présent,présent,présent
T013147,E02090,F,10,1,présent,présent,absent,présent
T013148,E02090,H,4,1,présent,présent,présent,présent
T013149,E02090,H,8,1,présent,présent,présent,présent
T013150,E02091,H,7,1,présent,présent,absent,présent
T013151,E02091,F,19,1,présent,présent,présent,absent
T013152,E02091,H,5,1,présent,présent,présent,présent
T013153,E02091,F,8,1,présent,présent,présent,absent
T013154,E02091,F,10,1,présent,présent,présent,présent
T013155,E02091,H,0,1,absent,absent,présent,présent
T013156,E02091,H,3,1,présent,présent,présent,absent
T013157,E02091,F,6,1,présent,présent,présent,présent
T013158,E02091,H,10,1,présent,présent,présent,présent
T013159,E02092,H,11,1,absent,absent,présent,absent
T013160,E02092,H,4,1,présent,présent,absent,présent
T013161,E02092,H,7,1,présent,présent,présent,présent
T013162,E02092,H,5,1,absent,présent,absent,absent
T013163,E02093,H,10,1,présent,présent,présent,présent
T013164,E02093,F,3,1,présent,présent,présent,présent
T013165,E02093,F,19,1,présent,présent,présent,présent
T013166,E02093,F,8,1,absent,absent,présent,présent
T013167,E02093,H,8,1,présent,présent,présent,présent
T013168,E02093,H,2,1,présent,présent,présent,absent
T013169,E02093,H,7,1,présent,présent,présent,présent
T013170,E02093,F,17,1,absent,présent,présent,présent
T013179,E02093,H,5,1,présent,présent,présent,présent
T013172,E02093,H,10,1,présent,présent,absent,présent
T013173,E02093,H,15,1,présent,NA,absent,présent
T013174,E02093,H,1,1,présent,présent,présent,présent
1013175,E02094,F,0,1,absent,présent,absent,présent
T813176,E02094,H,7,1,absent,absent,présent,NA
T013177,E02094,H,2,1,absent,présent,présent,présent
T013178,E02094,H,7,1,présent,présent,présent,présent
T013179,E02094,F,3,1,NA,présent,présent,présent
T013180,E02094,H,7,1,présent,présent,absent,présent
T013181,E02094,F,4,1,présent,présent,NA,présent
T013182,E02094,F,16,1,présent,absent,présent,absent
T013183,E02094,F,6,1,présent,présent,présent,présent
T013184,E02095,F,13,1,présent,présent,présent,présent
T013185,E02095,H,2,1,présent,présent,présent,absent
T013186,E02095,F,19,1,présent,présent,présent,présent
T013187,E02096,H,17,1,présent,présent,présent,présent
T013188,E02096,H,18,1,présent,présent,absent,présent
T013189,E02096,H,17,1,présent,présent,présent,absent
T013190,E02096,H,14,1,présent,présent,présent,présent
T013191,E02096,H,17,1,NA,présent,présent,présent
5013192,E02096,H,21,1,présent,présent,présent,présent
T013193,E02096,F,10,1,présent,présent,présent,présent
T013194,E02096,H,7,1,présent,présent,présent,présent
T013195,E02096,H,20,1,présent,présent,présent,présent
T013196,E02096,H,8,1,présent,présent,présent,présent
T013197,E02096,F,11,1,présent,présent,présent,présent
T013798,E02097,H,9,1,présent,présent,présent,présent
T013149,E02097,H,1,1,présent,présent,présent,présent
T013200,E02097,F,9,1,présent,présent,absent,NA
T013201,E02098,H,11,1,présent,absent,absent,présent
T013202,E02098,F,15,1,absent,absent,présent,présent
T013203,E02098,H,9,1,présent,absent,présent,NA
T013204,E02098,F,6,1,absent,présent,absent,présent
T013205,E02098,H,2,1,NA,absent,présent,présent
T013206,E02098,H,3,1,présent,présent,absent,présent
T013207,E02099,F,14,1,présent,présent,présent,présent
T013208,E02099,H,2,1,présent,présent,présent,présent
T013209,E02099,H,12,1,présent,présent,présent,présent
T013210,E02099,H,0,1,présent,présent,présent,absent
T013211,E02099,F,13,1,présent,présent,présent,présent
T013212,E02099,H,13,1,présent,présent,présent,présent
T013213,E02099,F,0,1,présent,présent,absent,présent
T013214,E02100,H,5,1,présent,présent,présent,présent
T013215,E02100,H,10,1,NA,présent,présent,présent
T013216,E02100,F,20,1,présent,absent,présent,présent
T013217,E02101,F,5,1,présent,présent,présent,présent
T013218,E02101,F,18,1,présent,présent,présent,présent
T013219,E02101,H,17,1,présent,présent,présent,présent
T013220,E02101,H,15,1,présent,présent,présent,NA
T013221,E02101,F,0,1,présent,présent,absent,présent
T013222,E02101,H,17,1,présent,présent,présent,NA
T013223,E02101,F,22,1,présent,absent,présent,présent
T013224,E02101,H,11,1,NA,présent,NA,présent
T018225,E02101,H,15,1,présent,présent,présent,présent
T013226,E02101,F,3,1,absent,absent,présent,présent
T013227,E02102,F,5,1,présent,présent,présent,absent
T013228,E02102,F,14,1,absent,présent,présent,présent
T013229,E02102,F,11,1,présent,absent,présent,présent
T013230,E02102,F,13,1,présent,présent,présent,présent
T013291,E02102,H,3,1,présent,présent,absent,présent
T013232,E02102,F,22,1,présent,présent,présent,présent
T013233,E02102,H,16,1,présent,présent,absent,présent
T010234,E02102,H,14,1,présent,NA,présent,absent
T013235,E02102,H,9,1,NA,absent,présent,présent
T013236,E02102,F,12,1,présent,présent,absent,absent
T013237,E02102,H,15,1,absent,absent,absent,absent
T013238,E02102,H,16,1,présent,présent,NA,présent
T013239,E02102,H,1,1,présent,présent,présent,NA
T013240,E02103,F,8,1,absent,présent,présent,absent
T013241,E02103,H,0,1,présent,absent,absent,absent
T013242,E02104,H,9,1,présent,présent,présent,présent
T013243,E02104,H,14,1,présent,absent,présent,présent
T013744,E02104,F,14,1,absent,absent,présent,absent
T013245,E02104,H,8,1,absent,absent,présent,présent
T013246,E02105,H,11,1,présent,présent,NA,absent
T013247,E02105,H,7,1,présent,présent,absent,présent
T013248,E02105,H,7,1,absent,présent,NA,présent
T013449,E02105,H,3,1,présent,absent,présent,présent
T013250,E02105,H,5,1,présent,présent,présent,présent
T013251,E02105,F,3,1,présent,présent,absent,présent
T013252,E02105,H,3,1,absent,présent,présent,absent
T013253,E02105,H,25,1,présent,absent,présent,présent
T013254,E02105,H,15,1,présent,présent,présent,présent
T013255,E02105,F,0,1,présent,présent,présent,présent
T013256,E02105,F,10,1,présent,présent,présent,présent
T013257,E02105,H,0,1,présent,absent,présent,présent
T013258,E02105,F,19,1,présent,présent,absent,présent
T013259,E02105,H,10,1,présent,présent,présent,présent
T013230,E02105,F,3,1,absent,absent,présent,présent
T013261,E02106,F,16,1,absent,présent,présent,présent
T013262,E02106,F,5,1,présent,présent,présent,absent
T013263,E02106,F,10,1,présent,présent,présent,présent
T013264,E02106,H,13,1,présent,présent,présent,présent
T013265,E02106,H,3,1,présent,absent,présent,présent
T013266,E02106,F,3,1,présent,présent,présent,présent
T013267,E02107,F,21,1,présent,présent,présent,présent
T013268,E02107,F,2,1,présent,présent,présent,présent
8013269,E02107,H,2,1,présent,présent,présent,présent
T013270,E02107,H,12,1,présent,présent,absent,présent
T013271,E02107,F,6,1,absent,présent,présent,présent
T013232,E02107,H,0,1,NA,présent,présent,présent
T013273,E02107,F,7,1,présent,absent,présent,présent
T013274,E02107,F,4,1,présent,présent,présent,présent
T013275,E02107,H,9,1,présent,présent,présent,présent
T013276,E02107,H,12,1,présent,présent,présent,absent
T013277,E02108,H,5,1,présent,présent,présent,présent
T013278,E02108,H,4,1,présent,absent,présent,présent
T013279,E02108,F,9,1,présent,présent,NA,présent
T013280,E02108,H,17,1,présent,présent,absent,absent
T013281,E02108,H,0,1,présent,présent,absent,présent
T013282,E02108,F,16,1,présent,absent,absent,absent
T013283,E02108,F,18,1,présent,présent,présent,présent
T013284,E02108,H,15,1,présent,présent,présent,présent
T013285,E02108,F,14,1,présent,présent,présent,absent
T013286,E02108,F,2,1,présent,présent,présent,présent
T013287,E02108,H,3,1,présent,présent,présent,présent
T013288,E02108,H,2,1,présent,présent,présent,présent
T013289,E02109,F,8,1,absent,absent,présent,absent
T013290,E02109,F,0,1,présent,présent,présent,présent
T013291,E02109,H,5,1,présent,présent,présent,présent
T013292,E02110,H,17,1,présent,présent,présent,présent
T013293,E02110,F,10,1,présent,présent,présent,présent
T013294,E02110,H,20,1,présent,absent,présent,présent
T013295,E02110,H,2,1,présent,présent,présent,présent
T013296,E02111,H,1,1,absent,présent,absent,absent
T013297,E02111,H,0,1,présent,absent,absent,absent
T013298,E02111,H,13,1,présent,absent,absent,absent
T013299,E02111,F,6,1,absent,absent,absent,absent
T013300,E02112,H,0,1,présent,présent,présent,présent
T013301,E02112,H,7,1,présent,présent,présent,absent
T013302,E02112,H,13,1,présent,présent,présent,présent
T013303,E02112,F,12,1,présent,présent,NA,présent
T013304,E02113,H,5,1,présent,présent,présent,présent
T013305,E02113,H,5,1,présent,présent,présent,présent
8013306,E02113,H,19,1,présent,présent,présent,présent
T013307,E02113,F,19,1,présent,présent,présent,présent
T013308,E02113,F,0,1,présent,présent,présent,présent
T013309,E02113,F,9,1,présent,présent,présent,présent
T013310,E02114,H,10,1,absent,présent,présent,présent
T013311,E02114,H,13,1,présent,absent,présent,présent
T013312,E02115,H,14,1,présent,présent,présent,présent
T013313,E02115,H,2,1,présent,présent,présent,présent
T013314,E02115,H,17,1,présent,présent,présent,présent
T013315,E02116,F,4,1,présent,NA,présent,présent
T013816,E02116,F,15,1,absent,absent,présent,présent
T013317,E02116,H,18,1,présent,présent,présent,présent
T013318,E02116,H,7,1,présent,présent,présent,présent
T013319,E02116,F,9,1,présent,absent,absent,présent
T013320,E02117,F,6,1,absent,présent,présent,absent
T013321,E02117,F,7,1,absent,absent,absent,absent
T013322,E02117,F,11,1,présent,présent,absent,présent
T013323,E02117,F,7,1,présent,absent,absent,présent
T013324,E02118,H,0,1,absent,absent,absent,absent
T013325,E02118,F,5,1,présent,présent,présent,présent
T010326,E02118,F,3,1,absent,absent,absent,absent
T013227,E02119,H,9,1,présent,présent,présent,présent
T013328,E02119,F,10,1,absent,présent,absent,présent
T013329,E02119,F,7,1,présent,présent,présent,présent
T013330,E02119,F,8,1,présent,présent,présent,NA
T013331,E02120,H,1,1,présent,absent,absent,absent
T013332,E02120,F,0,1,présent,absent,présent,présent
T013333,E02120,H,2,1,absent,présent,absent,absent
T013334,E02120,H,16,1,présent,présent,présent,absent
T013335,E02121,H,17,1,présent,NA,présent,présent
T013336,E02121,F,6,1,présent,présent,présent,présent
T063337,E02121,F,11,1,présent,présent,présent,absent
T013338,E02121,H,19,1,présent,présent,présent,présent
3013339,E02122,F,14,1,absent,absent,absent,absent
T013340,E02122,H,14,1,présent,présent,absent,présent
T013341,E02122,F,23,1,présent,présent,absent,absent
T013342,E02122,H,14,1,présent,NA,présent,absent
T013343,E02122,F,26,1,présent,présent,présent,présent
T013344,E02123,H,11,1,absent,présent,présent,présent
T013345,E02123,H,5,1,présent,présent,présent,présent
T013346,E02123,H,18,1,présent,présent,présent,présent
T013347,E02123,F,4,1,présent,présent,absent,présent
T013348,E02123,H,12,1,présent,présent,absent,présent
T013349,E02123,H,16,1,présent,présent,présent,présent
T013350,E02124,F,21,1,présent,présent,présent,présent
T013351,E02124,H,8,1,présent,présent,présent,présent
T013352,E02124,H,0,1,présent,présent,présent,présent
T013358,E02124,H,5,1,présent,NA,absent,présent
T013354,E02124,F,15,1,présent,présent,présent,présent
T013355,E02124,H,3,1,absent,présent,présent,présent
T013354,E02125,H,12,1,présent,présent,présent,présent
T013357,E02125,H,1,1,absent,absent,absent,absent
T013358,E02125,H,17,1,présent,présent,absent,présent
T083359,E02126,F,9,1,présent,présent,présent,présent
T013360,E02126,F,8,1,présent,présent,absent,présent
T013361,E02126,F,4,1,présent,présent,présent,présent
T013362,E02126,H,0,1,présent,présent,présent,présent
T013363,E02127,F,9,1,absent,absent,absent,absent
T013364,E02127,H,19,1,absent,présent,présent,présent
T013365,E02127,H,15,1,présent,absent,présent,présent
T013366,E02127,H,0,1,présent,absent,absent,présent
T013367,E02127,F,8,1,présent,présent,présent,présent
T013368,E02127,H,10,1,présent,présent,absent,absent
T013369,E02127,F,1,1,présent,présent,absent,absent
T013370,E02128,F,14,1,présent,présent,présent,présent
T013371,E02128,F,8,1,présent,présent,présent,présent
T013372,E02128,H,19,1,présent,présent,absent,présent
T013373,E02128,H,8,1,absent,présent,absent,présent
T013374,E02128,F,20,1,présent,présent,présent,présent
T013275,E02128,F,9,1,présent,présent,absent,présent
T013376,E02129,F,10,1,présent,présent,présent,présent
T013377,E02129,F,15,1,présent,présent,absent,présent
T013378,E02129,H,11,1,absent,présent,présent,présent
T013379,E02129,H,8,1,présent,présent,présent,présent
T013380,E02129,H,21,1,présent,présent,présent,NA
T013381,E02130,H,5,1,présent,présent,présent,présent
T013382,E02130,F,20,1,présent,NA,présent,présent
T013383,E02130,H,16,1,absent,absent,présent,absent
T013384,E02130,H,12,1,présent,présent,présent,NA
T013385,E02130,H,7,1,présent,absent,présent,présent
T013386,E02130,H,6,1,présent,présent,présent,présent
T013387,E02130,H,11,1,présent,absent,présent,présent
T013388,E02130,H,20,1,présent,présent,présent,présent
T013689,E02130,F,5,1,présent,présent,présent,présent
T013390,E02130,F,27,1,présent,présent,présent,présent
T013391,E02130,F,11,1,absent,présent,présent,présent
T013392,E02130,H,8,1,présent,présent,présent,présent
T013393,E02130,F,13,1,présent,présent,présent,présent
T013394,E02130,F,9,1,absent,présent,absent,présent
T013395,E02130,H,4,1,présent,présent,absent,présent
T013396,E02131,F,4,1,NA,NA,présent,présent
T013397,E02131,H,5,1,présent,présent,présent,présent
T013398,E02131,F,6,1,présent,présent,présent,présent
T013399,E02131,H,3,1,présent,présent,présent,présent
T013400,E02131,F,19,1,présent,présent,présent,présent
T013401,E02131,H,6,1,présent,présent,présent,présent
T013402,E02131,H,9,1,présent,présent,présent,présent
T013403,E02131,F,13,1,présent,présent,présent,NA
T013404,E02131,H,0,1,présent,absent,absent,présent
T013405,E02131,H,0,1,absent,présent,présent,présent
T013406,E02131,H,10,1,présent,présent,présent,présent
T013407,E02131,H,14,1,présent,présent,absent,présent
T013408,E02131,F,17,1,présent,absent,présent,présent
T016409,E02131,H,0,1,présent,présent,absent,présent
T013410,E02131,H,2,1,absent,présent,présent,présent
T013411,E02132,F,11,1,présent,présent,présent,absent
T013412,E02132,F,9,1,présent,présent,présent,présent
T013413,E02132,F,23,1,présent,présent,présent,présent
T013414,E02132,H,4,1,présent,présent,absent,présent
T013415,E02132,H,23,1,présent,absent,présent,présent
T013416,E02132,H,9,1,absent,NA,absent,présent
T013417,E02132,F,11,1,présent,présent,présent,présent
T013418,E02132,H,5,1,présent,présent,présent,présent
T013419,E02133,H,8,1,présent,présent,présent,présent
T013420,E02133,H,15,1,présent,présent,présent,présent
T013421,E02133,H,3,1,présent,présent,présent,présent
T013422,E02133,F,3,1,absent,absent,présent,absent
T013423,E02133,H,17,1,présent,présent,présent,présent
T013424,E02133,F,17,1,présent,présent,présent,présent
T013425,E02133,H,15,1,présent,présent,absent,présent
T013426,E02133,H,11,1,présent,présent,présent,présent
T013427,E02133,H,7,1,présent,présent,présent,NA
T013428,E02133,F,13,1,présent,présent,présent,présent
T013429,E02133,H,1,1,présent,absent,présent,absent
T013430,E02134,H,5,1,présent,présent,présent,absent
T013431,E02134,H,7,1,absent,absent,présent,présent
T013432,E02134,H,0,1,présent,présent,présent,présent
T013433,E02134,H,22,1,NA,présent,présent,présent
T013434,E02135,F,11,1,présent,absent,présent,absent
T013435,E02135,F,6,1,présent,présent,présent,présent
T013436,E02135,F,14,1,présent,présent,présent,présent
T013437,E02135,H,13,1,absent,présent,absent,présent
T013438,E02136,H,0,1,présent,présent,présent,présent
T013439,E02136,H,5,1,absent,absent,présent,présent
T013440,E02136,F,9,1,absent,présent,présent,présent
3013441,E02136,H,8,1,présent,présent,présent,absent
T013442,E02136,F,0,1,présent,absent,absent,absent
T013443,E02136,H,0,1,présent,présent,absent,absent
T013444,E02137,H,12,1,présent,présent,présent,absent
T013445,E02137,H,0,1,absent,présent,présent,présent
T013446,E02137,H,13,1,présent,présent,présent,présent
T013447,E02137,H,3,1,absent,présent,présent,absent
T013448,E02138,H,0,1,NA,présent,absent,absent
T013449,E02138,F,10,1,présent,présent,présent,présent
T013450,E02138,H,15,1,NA,présent,présent,présent
T023451,E02138,F,7,1,présent,présent,présent,présent
T013452,E02138,H,14,1,présent,NA,présent,présent
T013453,E02138,H,0,1,présent,absent,présent,présent
T013454,E02138,H,0,1,présent,présent,présent,absent
T813455,E02139,H,0,1,présent,présent,absent,absent
T013456,E02139,F,0,1,absent,NA,présent,absent
T013457,E02139,F,9,1,présent,présent,présent,absent
T013458,E02139,F,12,1,présent,absent,présent,présent
T013459,E02140,F,2,1,présent,absent,présent,présent
T013460,E02140,F,10,1,présent,présent,présent,présent
T013461,E02140,F,4,1,présent,présent,absent,présent
T013462,E02140,F,22,1,absent,présent,absent,présent
T013463,E02141,H,2,1,présent,présent,présent,présent
T013464,E02141,H,0,1,présent,présent,présent,présent
T013465,E02141,H,2,1,présent,présent,présent,présent
T013466,E02141,H,5,1,présent,présent,présent,présent
T013467,E02141,H,1,1,présent,présent,présent,présent
T013468,E02141,H,7,1,présent,présent,présent,présent
T013469,E02142,F,0,1,présent,présent,présent,présent
T513470,E02142,H,20,1,présent,NA,présent,présent
T013471,E02142,H,0,1,présent,présent,présent,présent
T013472,E02142,H,10,1,présent,absent,présent,présent
T013473,E02142,H,6,1,présent,NA,présent,présent
T013474,E02142,H,7,1,NA,présent,présent,présent
T013475,E02142,F,3,1,présent,absent,présent,présent
T013476,E02142,H,16,1,présent,présent,présent,présent
T013477,E02143,H,2,1,présent,présent,présent,absent
T013478,E02143,H,19,1,présent,absent,présent,présent
T013479,E02143,F,5,1,présent,présent,présent,présent
T013480,E02143,H,6,1,absent,présent,présent,présent
T013481,E02143,F,1,1,présent,absent,absent,présent
T013482,E02143,F,9,1,présent,présent,présent,présent
T013483,E02143,H,9,1,présent,présent,présent,présent
T013484,E02143,H,12,1,présent,présent,présent,présent
T013485,E02143,F,6,1,absent,absent,absent,absent
T313486,E02143,F,21,1,présent,présent,présent,présent
T013487,E02143,H,3,1,absent,présent,absent,présent
T013488,E02143,H,4,1,présent,absent,présent,présent
T013489,E02143,H,17,1,présent,absent,absent,présent
T013490,E02143,F,6,1,présent,présent,présent,présent
T013491,E02143,H,11,1,présent,absent,présent,présent
T013492,E02143,H,6,1,absent,NA,présent,absent
T013493,E02143,F,30,1,présent,présent,présent,absent
T013494,E02143,H,13,1,présent,présent,présent,présent
T013495,E02143,F,4,1,NA,présent,présent,présent
T013496,E02144,H,13,1,absent,absent,présent,absent
T013497,E02144,H,12,1,présent,présent,absent,absent
0013498,E02144,F,16,1,présent,présent,absent,absent
T013499,E02144,H,0,1,absent,présent,absent,absent
T013500,E02144,H,20,1,NA,absent,absent,présent
T013501,E02144,F,0,1,absent,présent,absent,présent
T013502,E02144,H,4,1,présent,présent,absent,présent
T013503,E02144,H,8,1,présent,présent,présent,présent
T013504,E02145,H,0,1,absent,absent,absent,présent
T013505,E02145,H,3,1,absent,NA,présent,absent
4013506,E02145,H,1,1,présent,absent,absent,absent
T013507,E02145,F,21,1,présent,présent,absent,présent
T013508,E02145,H,9,1,présent,présent,absent,absent
T013509,E02145,H,0,1,présent,absent,présent,présent
T013510,E02146,H,9,1,présent,présent,présent,présent
T013511,E02146,H,11,1,absent,présent,absent,absent
T013512,E02146,F,2,1,présent,présent,NA,présent
T013513,E02146,H,0,1,absent,présent,absent,présent
T013514,E02146,H,8,1,absent,présent,NA,présent
T013515,E02146,H,6,1,présent,absent,présent,absent
T013516,E02147,H,0,1,présent,présent,présent,NA
T013517,E02147,H,10,1,présent,présent,présent,présent
T013518,E02147,F,16,1,présent,présent,présent,présent
T013519,E02147,H,1,1,présent,présent,NA,présent
T013520,E02147,F,15,1,absent,présent,présent,NA
T013521,E02147,H,4,1,absent,présent,présent,présent
T013522,E02147,H,12,1,présent,présent,absent,présent
T013523,E02147,H,8,1,présent,présent,absent,présent
T013524,E02148,F,10,1,absent,absent,absent,absent
T013525,E02148,H,15,1,présent,présent,absent,absent
T013526,E02148,H,0,1,absent,absent,absent,présent
T013527,E02148,H,18,1,présent,absent,présent,présent
T013528,E02148,H,6,1,absent,absent,présent,présent
T013529,E02148,H,4,1,absent,absent,présent,présent
T013530,E02149,H,7,1,présent,NA,présent,présent
T013531,E02149,H,3,1,présent,absent,présent,présent
T013532,E02150,H,10,1,absent,présent,présent,absent
T013533,E02150,H,14,1,présent,présent,absent,absent
T013534,E02150,H,3,1,présent,présent,présent,présent
T013535,E02150,H,13,1,absent,absent,absent,présent
T013536,E02150,H,0,1,présent,présent,absent,absent
T013537,E02151,H,7,1,NA,absent,présent,absent
T013538,E02151,F,18,1,absent,absent,présent,présent
T013539,E02152,H,6,1,présent,présent,absent,absent
T013540,E02152,H,10,1,absent,présent,absent,absent
T013541,E02152,F,0,1,présent,absent,absent,absent
T013542,E02152,H,7,1,absent,absent,absent,absent
T713543,E02152,F,0,1,présent,absent,présent,présent
T013544,E02152,H,14,1,absent,absent,présent,présent
0013545,E02153,H,13,1,présent,présent,présent,absent
T013546,E02153,F,19,1,absent,absent,présent,présent
T013547,E02153,F,5,1,présent,présent,présent,présent
T013548,E02153,F,5,1,présent,présent,présent,présent
T013549,E02153,F,7,1,présent,présent,présent,présent
1013550,E02153,H,11,1,présent,absent,présent,présent
T013551,E02153,F,12,1,présent,présent,absent,présent
T013552,E02153,F,13,1,présent,présent,présent,présent
T013553,E02153,H,0,1,présent,présent,présent,présent
T013554,E02153,H,10,1,présent,NA,présent,absent
T013555,E02154,H,0,1,présent,absent,absent,présent
T013556,E02154,H,8,1,absent,absent,présent,présent
T013557,E02154,H,0,1,présent,absent,absent,absent
T013558,E02154,F,3,1,absent,absent,présent,absent
T013559,E02154,F,16,1,présent,présent,présent,présent
T011560,E02154,H,11,1,absent,présent,présent,absent
T013562,E02154,H,6,1,présent,présent,absent,absent
T013562,E02155,F,10,1,présent,NA,présent,présent
T013563,E02155,H,13,1,présent,NA,présent,présent
T013564,E02155,F,5,1,présent,présent,présent,présent
T013565,E02156,H,20,1,présent,absent,absent,absent
T013566,E02156,H,13,1,présent,présent,présent,présent
T013567,E02156,H,17,1,présent,présent,présent,présent
T013568,E02156,F,14,1,présent,présent,présent,présent
T013569,E02156,H,23,1,présent,présent,présent,présent
T013570,E02156,H,14,1,présent,NA,présent,présent
T013071,E02156,H,17,1,présent,présent,présent,absent
T013572,E02156,H,5,1,présent,absent,présent,présent
T013573,E02156,F,3,1,absent,présent,présent,présent
T013574,E02156,F,0,1,présent,présent,présent,présent
T013575,E02156,H,7,1,présent,absent,présent,présent
T013596,E02157,H,7,1,présent,NA,présent,présent
T013577,E02157,H,21,1,présent,présent,présent,présent
T013578,E02157,H,13,1,présent,présent,absent,absent
T013579,E02158,F,12,1,absent,présent,présent,présent
T013580,E02158,F,0,1,présent,présent,présent,présent
T013581,E02158,H,17,1,présent,présent,présent,présent
T013582,E02158,F,22,1,présent,présent,absent,présent
T013583,E02158,F,23,1,présent,présent,présent,présent
T013584,E02158,F,21,1,présent,absent,présent,présent
T013585,E02158,H,17,1,présent,présent,NA,présent
T013586,E02158,F,15,1,présent,présent,présent,présent
T013587,E02159,H,8,1,présent,présent,présent,présent
T013588,E02159,H,5,1,présent,présent,présent,présent
T013589,E02159,H,21,1,présent,présent,présent,présent
T013590,E02159,F,6,1,présent,présent,absent,présent
T013591,E02159,H,13,1,présent,présent,présent,présent
T013592,E02159,H,0,1,présent,présent,présent,présent
T013593,E02159,H,1,1,présent,présent,absent,présent
T013594,E02159,H,10,1,présent,présent,présent,présent
T013595,E02159,F,2,1,présent,présent,présent,présent
T013596,E02159,F,14,1,présent,présent,présent,présent
T013597,E02159,F,16,1,présent,présent,présent,absent
T013598,E02160,F,1,1,présent,présent,présent,présent
T013599,E02160,H,11,1,présent,présent,présent,présent
T013600,E02160,H,0,1,présent,absent,présent,présent
T013601,E02161,H,20,1,présent,présent,présent,absent
T013602,E02161,H,7,1,présent,présent,absent,présent
T013603,E02161,H,13,1,présent,absent,absent,absent
T013604,E02161,H,15,1,absent,absent,absent,présent
2013605,E02161,H,6,1,présent,présent,absent,présent
T013606,E02162,H,1,1,présent,présent,absent,absent
T013607,E02162,H,12,1,présent,présent,absent,présent
T013608,E02162,F,7,1,absent,présent,NA,présent
T013609,E02163,H,4,1,présent,présent,présent,présent
T013610,E02163,H,18,1,présent,présent,NA,présent
T013611,E02163,H,0,1,présent,présent,présent,présent
T013612,E02163,F,16,1,présent,présent,présent,présent
T013613,E02163,H,3,1,présent,présent,présent,présent
T013614,E02163,H,8,1,présent,présent,présent,présent
T013615,E02163,F,11,1,présent,NA,présent,absent
T013616,E02163,H,6,1,absent,présent,présent,présent
T013617,E02163,H,12,1,présent,présent,présent,présent
T013618,E02163,H,1,1,absent,présent,présent,absent
T013619,E02164,H,14,1,présent,absent,absent,absent
T013620,E02164,H,2,1,présent,absent,présent,présent
T013621,E02164,H,3,1,présent,présent,présent,présent
T013622,E02164,F,2,1,présent,absent,absent,présent
T013623,E02164,H,0,1,présent,présent,absent,présent
T013624,E02164,H,14,1,absent,absent,présent,absent
T013225,E02165,H,18,1,présent,présent,présent,présent
T013626,E02165,F,13,1,présent,absent,présent,présent
T016627,E02165,H,10,1,présent,présent,présent,présent
T013628,E02165,H,21,1,présent,présent,présent,présent
0013629,E02165,H,7,1,présent,présent,présent,absent
T013630,E02165,H,0,1,présent,absent,absent,absent
T013631,E02165,H,5,1,présent,présent,présent,absent
4013632,E02166,H,8,1,présent,présent,présent,présent
T013633,E02166,F,19,1,présent,présent,présent,présent
T013634,E02166,H,16,1,absent,présent,présent,absent
T013635,E02166,H,0,1,présent,présent,présent,présent
T013636,E02166,H,16,1,présent,présent,présent,présent
T013637,E02166,H,5,1,présent,présent,présent,présent
T013638,E02166,F,17,1,présent,présent,présent,présent
T013639,E02166,F,4,1,présent,présent,présent,présent
T013640,E02166,F,17,1,présent,présent,présent,présent
T013641,E02166,F,2,1,présent,présent,présent,présent
T313642,E02166,F,13,1,présent,présent,présent,présent
T013643,E02166,H,19,1,présent,absent,présent,absent
T013674,E02166,H,11,1,présent,présent,présent,présent
T013645,E02167,H,12,1,absent,présent,absent,présent
T013646,E02167,F,14,1,présent,présent,présent,présent
T011647,E02167,H,10,1,présent,présent,présent,présent
T013648,E02167,H,16,1,présent,présent,présent,présent
T013649,E02167,F,16,1,présent,présent,présent,présent
T013650,E02167,H,8,1,présent,présent,présent,présent
T413651,E02167,H,16,1,absent,présent,présent,NA
T013652,E02167,H,14,1,absent,présent,présent,présent
T013653,E02167,H,1,1,présent,présent,présent,présent
T313654,E02167,H,12,1,présent,présent,présent,présent
T013655,E02167,H,0,1,présent,présent,présent,présent
T013656,E02167,H,18,1,présent,absent,présent,présent
T013657,E02167,H,17,1,présent,présent,présent,présent
T013658,E02167,F,12,1,présent,présent,présent,présent
T013659,E02168,F,17,1,absent,absent,présent,présent
T013660,E02168,H,20,1,absent,présent,absent,absent
T013661,E02169,H,21,1,présent,présent,présent,présent
T013662,E02169,H,15,1,présent,présent,absent,présent
T013663,E02169,H,9,1,présent,présent,présent,présent
T013664,E02170,F,6,1,présent,présent,présent,présent
T013665,E02170,F,0,1,absent,absent,absent,absent
T013666,E02170,H,4,1,présent,absent,présent,présent
T013667,E02170,H,14,1,présent,présent,présent,absent
T013668,E02171,F,7,1,absent,présent,absent,NA
T013669,E02171,F,13,1,présent,absent,présent,absent
T013670,E02171,H,16,1,absent,absent,présent,absent
T053671,E02172,H,12,1,absent,présent,absent,absent
T013672,E02172,H,7,1,présent,présent,présent,absent
T013673,E02172,F,0,1,présent,présent,présent,présent
T013674,E02172,F,19,1,présent,présent,présent,présent
T013675,E02172,H,17,1,absent,absent,présent,absent
T013676,E02172,H,7,1,présent,présent,absent,absent
T013677,E02172,F,20,1,présent,présent,présent,absent
T013678,E02172,F,10,1,absent,présent,absent,présent
T013679,E02172,H,0,1,présent,présent,présent,présent
T013680,E02173,H,19,1,présent,absent,présent,présent
T013681,E02173,F,0,1,présent,présent,présent,présent
T013682,E02173,F,9,1,présent,présent,présent,présent
T013683,E02173,H,11,1,présent,présent,présent,présent
T013684,E02173,H,10,1,absent,absent,absent,absent
T013685,E02173,F,0,1,NA,présent,présent,absent
T013686,E02173,H,3,1,présent,présent,présent,présent
T013687,E02173,H,2,1,présent,absent,absent,absent
T013688,E02173,F,0,1,présent,présent,présent,présent
T013689,E02174,F,16,1,présent,présent,présent,présent
T013690,E02174,F,12,1,présent,présent,présent,présent
T013691,E02174,F,16,1,absent,présent,présent,présent
T013642,E02174,F,11,1,présent,présent,présent,présent
T013693,E02174,F,4,1,absent,présent,présent,présent
T013694,E02174,F,9,1,présent,présent,présent,présent
T013695,E02174,H,12,1,NA,présent,présent,présent
T013696,E02174,F,9,1,présent,présent,présent,présent
T013697,E02174,F,17,1,présent,présent,présent,présent
T013698,E02174,F,9,1,présent,présent,présent,présent
T013699,E02175,H,3,1,présent,absent,présent,présent
T413700,E02175,F,12,1,présent,présent,présent,présent
T013701,E02175,F,8,1,présent,présent,présent,présent
T013702,E02175,H,8,1,présent,absent,présent,présent
T013703,E02175,F,12,1,présent,présent,présent,présent
T013704,E02176,F,12,1,présent,présent,présent,présent
T013705,E02176,H,7,1,absent,présent,absent,présent
T013706,E02176,H,23,1,présent,présent,présent,présent
T013707,E02176,F,10,1,présent,présent,présent,présent
T013708,E02176,H,14,1,présent,présent,présent,présent
T013709,E02176,H,14,1,présent,présent,présent,absent
T013710,E02176,H,5,1,présent,présent,présent,présent
T013711,E02177,H,3,1,présent,présent,présent,présent
T013712,E02177,H,11,1,présent,présent,présent,absent
T013713,E02177,H,8,1,présent,présent,présent,présent
T013714,E02177,H,14,1,présent,présent,présent,présent
T013715,E02177,F,0,1,présent,présent,présent,NA
T013716,E02177,H,3,1,présent,présent,présent,présent
T013717,E02177,F,5,1,présent,absent,présent,présent
T013718,E02177,H,7,1,présent,NA,présent,présent
T013719,E02177,H,11,1,présent,absent,présent,absent
T013720,E02178,H,6,1,présent,présent,présent,NA
T013721,E02178,H,9,1,présent,présent,présent,présent
T013722,E02178,F,10,1,présent,présent,absent,présent
T013723,E02178,H,0,1,présent,présent,présent,présent
T013724,E02178,H,2,1,absent,présent,présent,présent
T013725,E02178,H,8,1,présent,présent,présent,présent
T013726,E02178,F,24,1,absent,présent,présent,présent
T010727,E02179,H,7,1,présent,absent,présent,absent
T013728,E02179,H,15,1,absent,présent,absent,présent
T013729,E02179,F,3,1,présent,présent,présent,absent
T013730,E02179,H,21,1,présent,absent,absent,présent
T013731,E02179,H,2,1,absent,présent,absent,présent
T013732,E02180,H,10,1,présent,présent,présent,présent
T013733,E02180,H,2,1,absent,absent,absent,présent
T013734,E02180,H,7,1,présent,absent,absent,présent
T013735,E02180,H,9,1,absent,absent,présent,présent
T013730,E02180,H,1,1,présent,absent,présent,présent
T013837,E02181,H,4,1,absent,présent,présent,présent
T013738,E02181,F,12,1,présent,présent,présent,absent
T013739,E02181,F,8,1,présent,présent,présent,présent
T013740,E02181,H,11,1,absent,absent,présent,présent
T063741,E02181,F,14,1,présent,présent,présent,présent
T013742,E02181,H,22,1,présent,présent,présent,présent
T013743,E02181,F,0,1,présent,présent,présent,absent
T013744,E02181,H,4,1,présent,présent,NA,absent
T013745,E02181,H,14,1,présent,absent,présent,présent
T013746,E02181,H,11,1,présent,présent,présent,présent
T013747,E02181,F,14,1,présent,absent,présent,présent
T013748,E02181,H,12,1,présent,présent,présent,présent
T013749,E02181,F,3,1,présent,présent,absent,présent
T013750,E02182,F,10,1,présent,absent,absent,présent
T013751,E02182,H,11,1,présent,présent,présent,présent
T013752,E02182,H,4,1,présent,présent,présent,présent
T013753,E02183,F,5,1,présent,présent,présent,présent
T083754,E02183,H,16,1,présent,présent,présent,présent
T013755,E02183,H,19,1,absent,présent,présent,présent
T013756,E02183,H,7,1,présent,absent,présent,NA
T013757,E02183,H,2,1,présent,présent,absent,absent
T013758,E02183,F,0,1,présent,présent,présent,absent
T013759,E02183,H,26,1,présent,présent,présent,présent
T013760,E02183,F,0,1,présent,absent,présent,présent
T013761,E02184,H,11,1,présent,présent,présent,absent
T013762,E02184,H,6,1,absent,absent,absent,absent
T013763,E02184,F,0,1,présent,présent,présent,présent
T013764,E02185,H,1,1,présent,présent,présent,présent
T013765,E02185,F,9,1,présent,présent,présent,présent
T013766,E02185,H,4,1,présent,absent,présent,présent
T013767,E02185,H,4,1,présent,présent,présent,présent
T013768,E02185,F,0,1,présent,présent,présent,présent
T013769,E02185,H,7,1,présent,présent,présent,présent
T013770,E02185,H,7,1,absent,présent,présent,présent
T013771,E02185,H,22,1,présent,présent,présent,présent
T053772,E02185,H,10,1,présent,présent,présent,présent
T013773,E02185,F,10,1,présent,présent,présent,présent
T013774,E02185,H,14,1,présent,présent,présent,présent
T013775,E02185,F,9,1,présent,présent,présent,NA
T013776,E02186,H,16,1,présent,présent,présent,présent
T013777,E02186,H,18,1,présent,présent,présent,présent
T013778,E02186,F,2,1,présent,absent,présent,présent
T013779,E02186,H,2,1,NA,présent,présent,présent
T013780,E02186,F,17,1,présent,présent,présent,présent
T013781,E02186,F,13,1,présent,présent,présent,présent
T013732,E02187,H,9,1,absent,présent,présent,présent
T013783,E02187,H,0,1,présent,absent,absent,présent
T013784,E02187,F,10,1,présent,présent,présent,présent
T013785,E02187,H,11,1,présent,présent,présent,absent
T013786,E02187,F,25,1,absent,présent,présent,présent
T013787,E02187,F,11,1,présent,présent,présent,présent
T013788,E02187,F,5,1,présent,absent,absent,absent
T013789,E02187,F,13,1,présent,présent,présent,présent
T013790,E02188,F,0,1,présent,absent,présent,NA
T013791,E02188,H,18,1,présent,absent,présent,présent
T013792,E02188,H,11,1,NA,absent,présent,absent
T013793,E02188,F,17,1,absent,absent,présent,absent
T013794,E02188,H,17,1,présent,présent,présent,présent
T013795,E02188,H,5,1,présent,NA,absent,absent
T013796,E02188,H,18,1,présent,présent,présent,présent
8013797,E02188,F,0,1,absent,présent,présent,absent
T013798,E02189,F,14,1,présent,présent,NA,présent
T013799,E02189,F,9,1,présent,absent,présent,présent
T013800,E02189,H,18,1,présent,présent,présent,présent
T013801,E02189,H,11,1,présent,présent,présent,présent
T003802,E02189,H,0,1,absent,présent,présent,présent
T013803,E02190,H,0,1,présent,présent,présent,présent
T013804,E02190,F,20,1,NA,présent,présent,présent
T013805,E02190,H,22,1,présent,présent,présent,présent
T013806,E02190,H,0,1,présent,présent,présent,présent
T013807,E02190,H,12,1,présent,absent,présent,présent
T013808,E02190,F,22,1,présent,présent,présent,présent
T013809,E02190,H,19,1,présent,présent,présent,présent
T013810,E02190,H,8,1,présent,présent,présent,présent
T013811,E02190,F,4,1,absent,présent,présent,présent
T013812,E02191,H,23,1,présent,présent,présent,absent
T013813,E02191,H,6,1,présent,présent,présent,présent
T010814,E02191,H,8,1,présent,présent,présent,présent
T013815,E02191,F,10,1,présent,présent,présent,présent
T013816,E02191,H,19,1,présent,présent,absent,présent
T013817,E02192,F,5,1,NA,présent,absent,absent
T073818,E02192,H,17,1,présent,présent,présent,absent
T013819,E02192,H,15,1,absent,absent,présent,présent
T013820,E02192,F,6,1,présent,absent,présent,absent
T013821,E02192,H,22,1,présent,présent,présent,présent
T013822,E02192,H,9,1,absent,présent,présent,présent
T013823,E02193,H,17,1,présent,absent,présent,présent
T013824,E02193,H,10,1,présent,présent,présent,présent
T013825,E02193,H,4,1,présent,absent,présent,présent
T013826,E02194,H,3,1,absent,présent,présent,présent
T013827,E02194,H,3,1,absent,présent,présent,absent
T013828,E02194,H,0,1,présent,présent,présent,présent
T013829,E02194,F,3,1,absent,absent,présent,présent
T013830,E02194,F,14,1,présent,présent,présent,présent
T013831,E02194,H,20,1,présent,présent,absent,présent
T013832,E02194,H,0,1,présent,présent,absent,présent
T013833,E02195,H,16,1,présent,présent,présent,présent
T013834,E02195,H,8,1,présent,absent,présent,présent
T013835,E02196,H,11,1,absent,absent,absent,présent
T013836,E02196,H,0,1,présent,absent,absent,absent
T013837,E02197,F,6,1,absent,absent,présent,présent
T013838,E02197,F,0,1,présent,présent,présent,présent
T013839,E02197,F,2,1,présent,absent,absent,absent
T013840,E02197,H,0,1,présent,présent,absent,absent
T013841,E02197,F,0,1,absent,présent,absent,présent
T013842,E02198,H,12,1,présent,présent,absent,présent
T013843,E02198,H,8,1,présent,présent,présent,présent
T013844,E02198,H,0,1,présent,présent,présent,présent
T013845,E02198,H,5,1,absent,présent,présent,présent
T013846,E02198,H,1,1,présent,présent,présent,présent
T013847,E02198,F,7,1,présent,présent,présent,présent
T013848,E02198,H,5,1,présent,présent,présent,NA
T713849,E02198,H,13,1,NA,présent,présent,présent
T013850,E02199,H,11,1,NA,absent,absent,absent
T013351,E02199,F,2,1,présent,présent,présent,présent
T013852,E02199,H,10,1,présent,présent,présent,présent
T013853,E02199,F,10,1,présent,présent,présent,présent
T013854,E02200,F,11,1,présent,absent,absent,absent
T013855,E02200,F,6,1,présent,présent,présent,présent
T013856,E02200,H,0,1,présent,présent,absent,NA
T013857,E02200,H,15,1,présent,présent,présent,présent
T013858,E02201,H,5,1,absent,présent,absent,présent
T013859,E02201,F,18,1,absent,présent,présent,NA
T013860,E02201,H,17,1,présent,présent,présent,absent
T013861,E02202,H,3,1,présent,absent,présent,présent
T013862,E02202,F,11,1,présent,présent,présent,présent
T013863,E02202,F,18,1,présent,présent,présent,présent
T013864,E02202,F,11,1,présent,présent,présent,présent
T013865,E02202,H,6,1,présent,présent,présent,présent
T013866,E02202,H,11,1,présent,absent,présent,présent
T013867,E02202,F,8,1,présent,absent,absent,absent
T013868,E02202,H,18,1,présent,présent,présent,présent
T013869,E02202,H,4,1,présent,présent,présent,présent
T013870,E02203,F,13,1,absent,présent,présent,présent
T013871,E02203,H,10,1,présent,absent,présent,présent
T013872,E02203,H,11,1,absent,présent,présent,présent
T013873,E02203,H,0,1,présent,absent,présent,présent
T013874,E02203,F,6,1,absent,présent,absent,présent
T013875,E02203,F,10,1,absent,absent,présent,présent
T013876,E02204,H,11,1,présent,présent,présent,présent
T013877,E02204,H,13,1,présent,absent,présent,absent
T013878,E02205,H,6,1,présent,présent,présent,présent
T013879,E02205,F,11,1,absent,présent,absent,absent
T013880,E02205,F,14,1,présent,absent,présent,absent
T013881,E02205,F,5,1,absent,absent,absent,présent
T013882,E02205,H,15,1,présent,présent,NA,présent
T013883,E02205,F,0,1,présent,absent,absent,présent
T013884,E02205,H,12,1,absent,absent,présent,absent
T013885,E02206,H,10,1,présent,absent,présent,présent
T013886,E02206,H,8,1,présent,absent,présent,absent
T013887,E02207,H,14,1,présent,présent,présent,présent
T013888,E02207,H,17,1,présent,présent,présent,présent
T013889,E02207,H,8,1,présent,présent,présent,présent
T013890,E02207,F,9,1,présent,absent,présent,présent
T013891,E02207,H,24,1,présent,présent,NA,présent
T013892,E02207,H,15,1,présent,présent,présent,présent
T013893,E02208,F,1,1,présent,absent,absent,absent
T013894,E02208,H,11,1,absent,présent,présent,présent
T013895,E02208,H,13,1,présent,présent,présent,présent
T013886,E02208,H,9,1,présent,absent,présent,présent
T013897,E02208,H,0,1,présent,présent,présent,présent
T013898,E02208,H,10,1,présent,présent,présent,présent
T013899,E02209,F,0,1,présent,présent,présent,présent
T013900,E02209,H,10,1,absent,présent,absent,présent
T013901,E02209,H,0,1,présent,présent,présent,présent
T013902,E02209,H,12,1,présent,présent,présent,présent
T013903,E02209,H,1,1,présent,présent,présent,présent
T013904,E02209,H,16,1,présent,présent,présent,présent
T013905,E02210,F,7,1,absent,présent,présent,absent
T013906,E02210,F,9,1,présent,présent,présent,présent
T013907,E02210,H,25,1,présent,présent,NA,présent
T013908,E02210,H,8,1,absent,présent,présent,présent
T013909,E02210,F,5,1,absent,présent,présent,présent
T013910,E02210,F,11,1,présent,présent,présent,présent
T013911,E02210,H,10,1,présent,présent,présent,présent
T013912,E02210,H,2,1,présent,présent,présent,présent
T013913,E02210,F,2,1,présent,absent,présent,présent
T013994,E02211,F,10,1,présent,présent,présent,présent
T013915,E02211,H,10,1,présent,absent,présent,absent
T013916,E02211,H,8,1,NA,présent,présent,présent
T013917,E02211,H,13,1,présent,absent,présent,présent
T083918,E02212,H,11,1,présent,présent,présent,présent
T013919,E02212,F,8,1,présent,absent,présent,présent
T013920,E02212,F,7,1,absent,présent,absent,présent
T013921,E02212,H,21,1,présent,absent,présent,présent
T013922,E02212,H,9,1,présent,absent,absent,absent
T013923,E02212,H,2,1,présent,présent,absent,absent
T013324,E02212,H,10,1,absent,absent,présent,présent
T013925,E02212,H,16,1,absent,absent,présent,présent
T013926,E02212,F,16,1,présent,présent,présent,présent
T013927,E02213,F,12,1,présent,présent,présent,présent
T013928,E02213,H,11,1,présent,absent,absent,présent
T013929,E02213,H,7,1,présent,absent,présent,présent
T013930,E02213,F,17,1,absent,présent,présent,absent
T013931,E02213,F,0,1,absent,présent,absent,absent
T013932,E02213,H,0,1,présent,présent,présent,présent
T013933,E02214,H,8,1,présent,présent,présent,présent
T013934,E02214,H,11,1,présent,présent,présent,présent
T093935,E02214,H,16,1,présent,présent,présent,présent
T013936,E02214,F,0,1,présent,présent,présent,présent
T013937,E02214,H,7,1,présent,absent,présent,présent
T013932,E02214,H,9,1,absent,présent,présent,présent
T013939,E02214,F,10,1,présent,présent,présent,présent
T013940,E02214,H,0,1,présent,absent,présent,présent
T013941,E02214,F,12,1,présent,présent,présent,présent
T013947,E02214,H,17,1,absent,présent,présent,présent
T013943,E02215,H,20,1,présent,présent,présent,présent
T013944,E02215,F,7,1,présent,présent,présent,présent
T013945,E02215,H,11,1,présent,présent,présent,présent
T013946,E02215,H,11,1,présent,présent,absent,présent
T013947,E02215,H,6,1,présent,présent,présent,présent
T013948,E02215,H,11,1,présent,présent,présent,présent
T013949,E02216,F,5,1,présent,présent,présent,présent
T013950,E02216,H,0,1,présent,présent,présent,présent
T013951,E02216,H,11,1,absent,présent,présent,absent
T013952,E02216,F,8,1,absent,présent,présent,absent
T013953,E02216,F,11,1,présent,absent,absent,absent
T013954,E02216,H,4,1,absent,NA,absent,présent
T013955,E02216,H,9,1,présent,présent,présent,présent
T013956,E02216,H,16,1,présent,présent,absent,présent
T013957,E02217,H,2,1,absent,présent,présent,absent
T013958,E02217,F,0,1,présent,présent,NA,présent
T013959,E02217,H,5,1,présent,présent,présent,présent
T033960,E02217,F,6,1,absent,présent,présent,absent
T013961,E02218,F,8,1,présent,absent,présent,absent
T013962,E02218,H,12,1,présent,présent,présent,présent
T013963,E02218,H,6,1,présent,présent,présent,présent
T013964,E02218,H,14,1,absent,absent,absent,présent
T013965,E02218,H,1,1,présent,présent,présent,absent
T013966,E02219,F,16,1,présent,présent,présent,présent
T013967,E02219,F,14,1,présent,présent,présent,présent
T013968,E02219,H,4,1,présent,présent,absent,présent
T013969,E02219,H,12,1,présent,présent,présent,présent
T013970,E02219,F,9,1,absent,présent,présent,absent
T013971,E02219,F,20,1,présent,absent,présent,présent
T013972,E02219,F,0,1,présent,présent,absent,présent
T413973,E02219,H,11,1,présent,présent,présent,présent
T013974,E02219,H,5,1,présent,NA,présent,NA
T013975,E02219,H,11,1,présent,présent,présent,présent
8013976,E02219,F,5,1,présent,NA,présent,présent
T013977,E02219,H,0,1,présent,présent,présent,présent
T013978,E02219,H,12,1,présent,présent,présent,présent
T013979,E02219,F,11,1,présent,absent,présent,présent
T013980,E02219,F,9,1,présent,présent,présent,présent
T013981,E02219,H,13,1,absent,absent,absent,présent
T013982,E02219,H,14,1,présent,absent,présent,absent
T013983,E02220,H,15,1,présent,présent,présent,présent
T013984,E02220,F,15,1,absent,présent,présent,présent
T013985,E02220,H,12,1,présent,présent,présent,présent
T013986,E02220,F,4,1,présent,présent,absent,présent
T013987,E02220,F,0,1,présent,présent,NA,présent
T013988,E02220,F,12,1,présent,absent,présent,présent
T013982,E02220,H,7,1,présent,présent,présent,présent
2013990,E02220,H,4,1,présent,présent,présent,présent
T013991,E02220,H,10,1,présent,présent,présent,présent
T013992,E02220,H,14,1,présent,absent,présent,présent
T013993,E02220,F,1,1,présent,présent,NA,présent
T013994,E02221,F,20,1,présent,présent,présent,présent
T013995,E02221,F,4,1,présent,présent,présent,NA
T013996,E02221,H,19,1,présent,présent,présent,présent
T013997,E02221,F,15,1,présent,présent,présent,présent
T013998,E02221,H,12,1,présent,présent,absent,présent
T013999,E02221,F,7,1,présent,présent,présent,présent
T014000,E02222,H,0,1,présent,présent,présent,présent
T014001,E02222,H,7,1,présent,absent,présent,présent
T014002,E02222,H,9,1,présent,absent,présent,présent
T014003,E02222,H,8,1,présent,présent,absent,absent
T014004,E02223,H,7,1,présent,présent,présent,absent
T014005,E02223,F,19,1,présent,présent,présent,présent
T014006,E02223,F,11,1,présent,présent,absent,présent
T014007,E02223,F,10,1,présent,présent,absent,présent
T014008,E02223,F,6,1,absent,présent,absent,présent
T014009,E02223,H,5,1,présent,présent,présent,présent
T014010,E02224,H,13,1,présent,présent,présent,présent
T014011,E02224,H,2,1,absent,présent,présent,absent
T014012,E02224,H,18,1,présent,présent,présent,présent
7014013,E02224,H,0,1,absent,absent,présent,présent
T014014,E02224,F,1,1,présent,présent,présent,présent
T014015,E02224,F,3,1,présent,présent,présent,présent
T014416,E02225,F,17,1,présent,présent,absent,absent
T014017,E02225,F,5,1,absent,absent,présent,absent
T014018,E02225,F,11,1,présent,présent,présent,présent
T014019,E02225,H,11,1,présent,absent,présent,présent
T014020,E02225,H,7,1,présent,présent,absent,présent
T014021,E02226,H,11,1,présent,présent,présent,présent
T014022,E02226,H,15,1,présent,présent,absent,présent
T014023,E02226,F,11,1,présent,présent,absent,présent
T024024,E02226,F,9,1,présent,présent,absent,absent
T014025,E02226,H,17,1,présent,absent,absent,présent
T014026,E02226,H,13,1,présent,présent,présent,présent
T014027,E02226,H,8,1,présent,présent,présent,présent
T014028,E02226,H,9,1,présent,présent,présent,présent
T014029,E02227,H,7,1,absent,présent,présent,absent
T014030,E02227,H,9,1,présent,présent,présent,présent
T014031,E02227,F,17,1,présent,présent,présent,absent
T014032,E02227,H,19,1,présent,présent,présent,présent
T014033,E02228,F,19,1,présent,absent,présent,présent
T014034,E02228,F,10,1,absent,présent,présent,présent
T014035,E02228,H,8,1,présent,présent,NA,absent
T014036,E02228,F,3,1,présent,absent,présent,présent
T094037,E02228,F,10,1,présent,présent,présent,présent
T014038,E02228,H,10,1,présent,présent,présent,présent
T014039,E02228,F,14,1,présent,présent,présent,présent
T014040,E02228,H,18,1,présent,présent,présent,présent
T014041,E02228,H,13,1,présent,présent,absent,présent
T014042,E02228,F,0,1,présent,présent,absent,absent
T114043,E02228,F,2,1,absent,présent,présent,présent
T014044,E02228,H,13,1,présent,présent,présent,présent
T014045,E02228,F,25,1,présent,présent,présent,présent
T014046,E02229,H,0,1,présent,absent,absent,présent
T014047,E02229,F,0,1,présent,présent,présent,présent
T014048,E02229,F,19,1,présent,présent,présent,absent
T014049,E02229,H,15,1,présent,présent,présent,présent
T014050,E02229,F,9,1,présent,présent,présent,présent
T014051,E02229,H,0,1,présent,présent,présent,présent
T014052,E02229,H,12,1,présent,absent,présent,présent
T014053,E02229,H,12,1,absent,présent,présent,présent
T014054,E02230,H,1,1,présent,présent,présent,absent
T014055,E02230,H,8,1,présent,absent,présent,présent
T014056,E02231,H,5,1,présent,présent,présent,présent
T014057,E02231,F,9,1,présent,présent,présent,absent
T014058,E02231,F,21,1,présent,présent,présent,présent
T014059,E02231,H,0,1,présent,présent,présent,présent
T014060,E02231,F,13,1,présent,absent,présent,présent
T014061,E02232,F,12,1,présent,présent,absent,présent
T014062,E02232,H,7,1,présent,absent,présent,présent
T014063,E02232,F,13,1,absent,présent,présent,absent
T014064,E02232,H,8,1,présent,absent,présent,absent
T014065,E02232,F,15,1,présent,présent,présent,absent
T014766,E02233,H,6,1,présent,présent,NA,présent
T014067,E02233,H,25,1,présent,absent,absent,absent
T014068,E02233,H,13,1,présent,absent,présent,présent
T014069,E02233,H,3,1,absent,présent,présent,absent
T014070,E02234,F,9,1,présent,présent,présent,présent
T014071,E02234,H,9,1,présent,présent,présent,présent
T014072,E02234,H,14,1,présent,absent,présent,présent
T014073,E02234,H,14,1,présent,présent,présent,présent
T014074,E02235,F,4,1,présent,présent,présent,présent
T014075,E02235,H,15,1,présent,absent,absent,NA
T014076,E02235,H,8,1,présent,présent,présent,présent
T014077,E02235,F,10,1,présent,présent,absent,présent
T014078,E02235,F,6,1,présent,NA,présent,présent
T014079,E02235,F,7,1,présent,absent,présent,présent
T014080,E02235,F,9,1,absent,présent,absent,présent
T014081,E02235,H,4,1,présent,présent,absent,présent
T014082,E02235,H,10,1,absent,absent,présent,absent
T014083,E02235,H,4,1,absent,présent,présent,présent
T014084,E02236,F,10,1,présent,présent,présent,présent
T014085,E02236,H,0,1,absent,présent,présent,présent
T014086,E02236,H,8,1,présent,présent,présent,présent
T014087,E02237,H,10,1,absent,absent,absent,présent
T014088,E02237,F,12,1,présent,absent,NA,présent
T014089,E02237,F,6,1,présent,présent,absent,présent
T014090,E02237,H,1,1,présent,présent,présent,présent
T014091,E02238,F,23,1,absent,présent,présent,présent
T014092,E02238,F,4,1,absent,présent,absent,présent
T014093,E02238,H,10,1,absent,présent,NA,absent
T014094,E02238,F,11,1,absent,présent,absent,présent
T014095,E02238,F,3,1,NA,présent,présent,absent
T014096,E02238,H,8,1,présent,présent,présent,absent
T014097,E02239,H,12,1,présent,présent,présent,absent
T014098,E02239,F,19,1,présent,présent,présent,présent
T014099,E02239,F,21,1,présent,présent,présent,présent
T014100,E02239,F,5,1,absent,absent,présent,présent
T014101,E02239,H,14,1,présent,présent,présent,présent
T014102,E02239,F,3,1,présent,absent,présent,présent
T014103,E02239,F,17,1,présent,présent,présent,présent
T084104,E02240,H,20,1,absent,présent,absent,présent
T014105,E02240,H,21,1,présent,présent,présent,absent
T014106,E02240,H,12,1,présent,présent,présent,présent
T014107,E02241,F,12,1,présent,absent,absent,présent
T014178,E02241,H,2,1,présent,présent,présent,présent
T014109,E02241,F,3,1,absent,présent,présent,absent
T014110,E02241,F,3,1,présent,présent,présent,présent
T014111,E02241,F,18,1,présent,présent,présent,présent
T014112,E02241,H,0,1,présent,présent,présent,présent
T014113,E02241,F,6,1,présent,absent,présent,NA
T014114,E02241,F,9,1,présent,présent,présent,présent
T014115,E02242,H,0,1,présent,présent,présent,présent
T018116,E02242,F,7,1,présent,présent,présent,présent
T014117,E02242,H,7,1,présent,présent,NA,présent
T014118,E02242,H,18,1,présent,présent,présent,présent
T014119,E02242,F,5,1,présent,présent,présent,présent
T014120,E02242,H,11,1,présent,présent,présent,présent
T014121,E02242,F,12,1,présent,présent,absent,présent
T014122,E02242,F,9,1,présent,présent,présent,présent
T014123,E02242,F,5,1,présent,présent,présent,présent
T014124,E02242,H,0,1,présent,présent,présent,présent
T014125,E02242,H,14,1,présent,présent,présent,présent
T014126,E02242,H,9,1,présent,présent,présent,présent
T014127,E02242,F,8,1,présent,présent,présent,présent
T014128,E02243,F,7,1,présent,présent,présent,absent
T014129,E02243,F,7,1,présent,présent,présent,présent
T014130,E02243,F,18,1,absent,présent,présent,absent
T014131,E02243,H,5,1,NA,présent,présent,absent
T014132,E02243,H,4,1,présent,présent,présent,présent
T014133,E02243,F,0,1,présent,présent,absent,absent
T014134,E02243,F,7,1,présent,présent,présent,présent
T014135,E02244,H,6,1,présent,présent,présent,présent
T014136,E02244,H,0,1,absent,présent,présent,présent
T014137,E02244,H,0,1,absent,présent,NA,absent
T014138,E02245,F,10,1,présent,présent,présent,présent
T014139,E02245,H,4,1,présent,présent,présent,absent
T012140,E02245,H,11,1,présent,présent,présent,présent
T014141,E02245,F,12,1,présent,absent,NA,présent
T014142,E02245,H,6,1,présent,présent,présent,présent
T014143,E02245,H,13,1,présent,absent,absent,absent
T014144,E02245,F,18,1,présent,absent,présent,présent
T014145,E02246,H,0,1,absent,présent,absent,présent
T014146,E02246,H,0,1,absent,présent,absent,absent
T014147,E02246,F,5,1,absent,absent,présent,absent
T014148,E02247,F,0,1,absent,absent,absent,absent
T014149,E02247,H,11,1,présent,présent,présent,absent
T014150,E02247,F,0,1,présent,absent,présent,absent
T014151,E02247,H,0,1,présent,présent,absent,présent
T014152,E02247,F,5,1,présent,présent,présent,présent
T014153,E02247,H,15,1,présent,présent,présent,présent
T014154,E02248,F,8,1,absent,présent,présent,absent
T014155,E02248,F,10,1,présent,absent,présent,présent
T014156,E02248,H,3,1,absent,absent,absent,absent
T014157,E02248,H,16,1,présent,présent,présent,présent
T014158,E02248,F,12,1,absent,présent,absent,absent
T014159,E02248,H,11,1,présent,présent,absent,absent
T014160,E02249,F,13,1,présent,présent,NA,présent
4014161,E02249,H,0,1,présent,présent,présent,présent
T114162,E02249,F,0,1,présent,absent,présent,présent
T014163,E02249,H,11,1,absent,présent,présent,présent
T014164,E02250,F,6,1,présent,présent,présent,présent
T014165,E02250,H,3,1,présent,présent,présent,présent
T014166,E02250,H,11,1,présent,présent,présent,présent
T014167,E02251,H,0,1,absent,présent,présent,absent
T014168,E02251,F,4,1,présent,présent,présent,présent
T014169,E02251,H,18,1,présent,présent,présent,présent
T014170,E02251,H,0,1,présent,présent,présent,présent
T014171,E02251,F,21,1,absent,présent,présent,absent
T014772,E02252,H,21,1,présent,absent,présent,présent
T014173,E02252,H,2,1,présent,présent,présent,présent
T014174,E02252,H,11,1,absent,présent,présent,présent
T014175,E02252,H,17,1,présent,absent,absent,présent
T014176,E02252,F,8,1,présent,présent,présent,présent
T014177,E02253,F,8,1,présent,présent,présent,présent
T314178,E02253,H,15,1,présent,présent,présent,présent
T014179,E02253,F,0,1,présent,présent,présent,NA
T014180,E02253,F,15,1,absent,absent,présent,présent
T014181,E02253,F,0,1,absent,présent,absent,absent
T014182,E02253,H,15,1,présent,présent,présent,présent
T014183,E02253,F,0,1,présent,présent,absent,présent
T014184,E02253,H,13,1,présent,présent,présent,présent
T014485,E02254,H,10,1,présent,présent,présent,NA
T014186,E02254,H,10,1,présent,présent,présent,présent
T014187,E02254,F,0,1,présent,présent,présent,présent
T014188,E02255,H,13,1,présent,présent,présent,présent
T014189,E02255,F,0,1,présent,présent,présent,absent
T014190,E02255,F,0,1,présent,présent,présent,présent
T014191,E02256,H,4,1,absent,NA,présent,présent
T014192,E02256,F,6,1,présent,présent,absent,présent
T014193,E02256,F,5,1,absent,présent,absent,présent
T014194,E02256,F,15,1,présent,absent,présent,présent
T014195,E02256,F,6,1,présent,présent,présent,présent
T014196,E02256,H,7,1,présent,absent,absent,NA
T014197,E02256,H,13,1,présent,absent,présent,présent
T014198,E02256,F,0,1,présent,présent,présent,présent
T014199,E02256,F,5,1,présent,présent,présent,présent
T014200,E02256,F,0,1,NA,présent,présent,présent
0014201,E02256,F,27,1,présent,présent,présent,présent
9014202,E02256,F,5,1,absent,absent,absent,présent
T014203,E02256,F,6,1,présent,absent,absent,absent
T014204,E02256,F,0,1,présent,présent,présent,présent
T014205,E02257,F,13,1,NA,présent,présent,présent
T014206,E02257,F,21,1,absent,présent,présent,présent
T014207,E02257,F,9,1,absent,présent,présent,présent
T014208,E02257,H,16,1,présent,présent,présent,présent
T014209,E02257,F,16,1,présent,présent,présent,présent
T014210,E02257,F,7,1,présent,présent,présent,présent
T014211,E02257,H,0,1,présent,présent,présent,présent
T014212,E02257,H,6,1,présent,présent,présent,présent
T014213,E02257,H,2,1,présent,présent,absent,présent
T014214,E02257,H,5,1,présent,absent,absent,présent
T014215,E02258,H,2,1,présent,présent,présent,absent
T014210,E02258,H,4,1,présent,présent,présent,présent
T014217,E02258,F,6,1,présent,présent,présent,présent
T014218,E02258,F,18,1,présent,présent,absent,présent
T094219,E02258,H,9,1,présent,absent,présent,présent
T014220,E02259,F,8,1,absent,présent,présent,présent
T014221,E02259,F,16,1,présent,présent,présent,présent
T014222,E02259,F,15,1,présent,présent,présent,présent
T014223,E02259,F,16,1,absent,absent,absent,présent
T014224,E02259,H,13,1,présent,absent,présent,absent
T014225,E02259,H,9,1,présent,présent,présent,NA
T014226,E02259,H,11,1,présent,présent,présent,présent
T014227,E02259,H,9,1,présent,présent,présent,présent
T084228,E02260,H,4,1,présent,absent,absent,absent
T044229,E02260,H,10,1,absent,présent,absent,absent
T014230,E02260,H,0,1,absent,absent,présent,absent
T014231,E02261,H,13,1,présent,absent,présent,présent
T014232,E02261,H,0,1,absent,présent,présent,absent
T014233,E02261,H,12,1,présent,présent,présent,présent
T014234,E02262,H,7,1,présent,présent,présent,NA
T014235,E02262,F,7,1,présent,présent,présent,présent
T014236,E02262,H,8,1,présent,présent,présent,présent
T014237,E02262,H,15,1,présent,présent,absent,présent
T014238,E02263,F,13,1,présent,présent,présent,présent
T014239,E02263,H,12,1,présent,présent,présent,présent
T014240,E02263,H,16,1,présent,présent,présent,présent
T014241,E02264,H,14,1,présent,présent,présent,présent
T014242,E02264,H,6,1,présent,présent,présent,présent
T014243,E02264,H,9,1,présent,présent,présent,présent
T014284,E02264,H,5,1,présent,présent,présent,présent
T014245,E02264,F,18,1,présent,présent,présent,présent
T014246,E02264,H,0,1,présent,présent,présent,présent
T014247,E02265,H,15,1,présent,présent,présent,absent
T614248,E02265,H,0,1,présent,présent,absent,présent
T014249,E02265,F,0,1,présent,présent,présent,présent
T084250,E02265,H,14,1,présent,absent,présent,présent
T014251,E02265,F,6,1,présent,présent,présent,présent
T014252,E02265,F,16,1,absent,absent,présent,absent
T014253,E02265,H,11,1,présent,présent,présent,présent
T014254,E02266,H,7,1,présent,absent,absent,présent
T014255,E02266,H,20,1,présent,absent,présent,présent
T014256,E02266,F,21,1,présent,présent,présent,NA
T014257,E02266,H,6,1,absent,présent,NA,présent
T014258,E02267,H,3,1,présent,présent,présent,absent
T014259,E02267,H,10,1,présent,présent,présent,présent
T014260,E02267,H,14,1,présent,présent,présent,présent
T014231,E02268,H,9,1,présent,présent,absent,présent
T014262,E02268,H,2,1,présent,présent,présent,présent
T014263,E02268,H,21,1,présent,présent,présent,présent
T014264,E02268,F,1,1,présent,présent,présent,présent
T014265,E02268,H,12,1,présent,absent,présent,NA
T014266,E02268,F,17,1,absent,présent,présent,présent
T015267,E02269,H,2,1,présent,présent,présent,présent
T014268,E02269,F,0,1,présent,présent,NA,présent
T014269,E02269,H,11,1,présent,absent,présent,présent
T014270,E02269,F,13,1,présent,présent,présent,absent
T014271,E02269,H,28,1,présent,absent,présent,NA
T014272,E02269,H,7,1,présent,absent,présent,présent
T014273,E02269,H,2,1,présent,présent,absent,présent
T014274,E02269,F,7,1,présent,présent,absent,présent
T014275,E02269,H,8,1,présent,présent,présent,absent
T014276,E02269,F,21,1,présent,absent,présent,présent
T014277,E02270,F,4,1,présent,présent,NA,présent
T014278,E02270,H,25,1,présent,présent,présent,présent
T014279,E02270,F,5,1,présent,absent,présent,NA
T014280,E02270,H,0,1,absent,absent,présent,présent
T014281,E02270,H,7,1,présent,présent,présent,présent
T014212,E02270,F,8,1,présent,présent,présent,absent
T014283,E02270,H,9,1,présent,présent,absent,présent
T014284,E02270,H,0,1,absent,absent,absent,présent
T014285,E02270,F,3,1,absent,présent,absent,présent
T014286,E02270,F,6,1,présent,présent,présent,présent
T014287,E02271,H,9,1,absent,présent,présent,présent
T014288,E02271,H,12,1,présent,présent,présent,présent
T014289,E02271,F,6,1,NA,présent,présent,présent
T014290,E02271,F,12,1,présent,présent,présent,présent
T014291,E02271,F,8,1,NA,présent,présent,présent
T014292,E02272,H,16,1,présent,présent,présent,présent
T014293,E02272,H,0,1,présent,présent,absent,présent
T014294,E02272,H,9,1,absent,présent,absent,présent
T014295,E02272,H,15,1,présent,présent,présent,présent
T014296,E02272,F,10,1,présent,présent,absent,présent
T014297,E02272,F,0,1,présent,présent,absent,présent
T014298,E02272,F,13,1,présent,présent,présent,présent
T014219,E02272,H,17,1,présent,présent,présent,présent
T014300,E02272,F,7,1,NA,présent,présent,présent
9014301,E02272,H,14,1,présent,présent,présent,présent
T014302,E02272,F,12,1,présent,présent,présent,présent
T014303,E02272,F,13,1,présent,présent,présent,présent
T014304,E02272,H,15,1,présent,présent,présent,présent
T014305,E02273,F,13,1,présent,absent,présent,présent
T044306,E02273,F,11,1,présent,présent,absent,présent
T014307,E02273,H,8,1,présent,présent,présent,présent
T014308,E02274,H,7,1,présent,présent,absent,présent
T014309,E02274,H,21,1,absent,absent,absent,présent
T014310,E02274,F,5,1,présent,présent,présent,présent
T014311,E02274,F,14,1,présent,absent,présent,présent
T014312,E02274,H,19,1,présent,présent,absent,présent
T014314,E02274,F,17,1,absent,absent,absent,présent
T014317,E02275,H,0,1,présent,présent,absent,absent
T014315,E02275,H,8,1,présent,présent,présent,présent
T014316,E02275,F,13,1,présent,présent,présent,présent
T014397,E02275,H,4,1,NA,présent,présent,présent
T014318,E02275,H,4,1,présent,présent,NA,présent
T014319,E02275,H,16,1,présent,présent,présent,présent
T014320,E02275,F,6,1,présent,présent,absent,présent
T014321,E02275,F,0,1,présent,présent,présent,présent
T014322,E02275,F,3,1,présent,présent,présent,présent
T014323,E02275,H,6,1,absent,présent,présent,présent
T014324,E02275,H,6,1,présent,présent,présent,présent
T014325,E02276,F,6,1,présent,présent,présent,absent
T014326,E02276,H,6,1,absent,absent,absent,présent
T914327,E02276,H,13,1,présent,présent,présent,présent
T014328,E02276,H,8,1,présent,absent,absent,présent
T014329,E02277,F,0,1,absent,présent,absent,absent
T014330,E02277,F,12,1,absent,présent,présent,présent
T014331,E02277,H,3,1,présent,présent,présent,présent
T014332,E02277,H,15,1,présent,présent,présent,présent
T014333,E02277,F,4,1,présent,présent,présent,présent
T014334,E02277,H,7,1,présent,présent,absent,présent
T014335,E02277,H,13,1,présent,présent,présent,absent
T014336,E02278,H,10,1,présent,présent,présent,présent
T014337,E02278,F,6,1,présent,présent,présent,présent
T014338,E02278,H,9,1,présent,présent,présent,présent
T014339,E02278,H,0,1,présent,présent,présent,présent
T014340,E02278,F,5,1,absent,présent,présent,présent
T014341,E02278,H,0,1,présent,présent,présent,présent
T014342,E02278,F,19,1,présent,absent,présent,absent
T014343,E02278,F,3,1,présent,absent,présent,absent
T014344,E02278,F,0,1,présent,présent,présent,présent
T014345,E02278,H,11,1,présent,absent,présent,présent
T014046,E02279,F,9,1,présent,absent,présent,présent
T014347,E02279,F,14,1,présent,absent,présent,présent
T014348,E02279,H,17,1,NA,présent,présent,absent
T014349,E02279,H,8,1,présent,présent,présent,absent
T014350,E02280,H,19,1,présent,présent,présent,absent
T014351,E02280,F,10,1,présent,présent,présent,présent
T014352,E02280,H,13,1,présent,présent,présent,présent
T014353,E02280,H,14,1,présent,présent,présent,présent
T014354,E02280,F,0,1,présent,absent,absent,absent
T014355,E02281,H,8,1,présent,présent,absent,absent
T094356,E02281,F,13,1,présent,présent,présent,absent
T014357,E02281,H,15,1,présent,présent,présent,présent
T014358,E02281,H,7,1,présent,présent,présent,présent
T014359,E02281,H,11,1,présent,présent,présent,présent
T014360,E02281,H,10,1,présent,présent,présent,présent
T014361,E02282,H,12,1,absent,présent,présent,présent
T014362,E02282,H,10,1,absent,présent,présent,présent
T014363,E02282,H,8,1,présent,présent,présent,présent
T014364,E02282,F,9,1,présent,présent,présent,présent
T014365,E02283,F,15,1,présent,présent,présent,absent
T014366,E02283,H,2,1,présent,présent,présent,présent
T014367,E02283,H,19,1,présent,présent,présent,présent
T014368,E02283,H,2,1,présent,présent,présent,absent
T014369,E02284,H,0,1,présent,présent,présent,présent
T014370,E02284,F,14,1,présent,présent,présent,absent
T044371,E02284,H,5,1,présent,présent,présent,absent
T064372,E02284,H,17,1,présent,présent,présent,NA
T014373,E02284,F,2,1,présent,présent,présent,présent
T014374,E02285,F,1,1,absent,présent,NA,présent
T014375,E02285,F,0,1,présent,présent,présent,présent
T014376,E02285,H,7,1,présent,présent,présent,présent
T014377,E02285,H,0,1,présent,présent,absent,absent
T014378,E02285,F,13,1,absent,présent,présent,présent
T014379,E02285,F,1,1,présent,présent,présent,présent
T014380,E02285,F,6,1,NA,présent,présent,présent
T014381,E02285,H,7,1,présent,présent,présent,présent
T014382,E02286,H,16,1,présent,présent,présent,présent
T014383,E02286,H,7,1,absent,présent,absent,absent
T014384,E02286,H,20,1,présent,absent,présent,présent
T014385,E02286,F,17,1,présent,présent,présent,présent
T017386,E02286,F,17,1,absent,présent,présent,absent
T014387,E02286,H,13,1,présent,présent,présent,présent
T014388,E02286,H,12,1,présent,présent,présent,présent
T014389,E02286,F,19,1,présent,présent,présent,NA
T014390,E02286,H,8,1,présent,présent,absent,présent
T014391,E02286,H,14,1,présent,présent,présent,présent
T014392,E02287,H,4,1,présent,présent,présent,présent
T014393,E02287,H,3,1,présent,présent,présent,présent
T014394,E02287,H,0,1,présent,présent,présent,présent
T014395,E02287,H,0,1,présent,présent,absent,présent
T014396,E02287,H,15,1,présent,présent,absent,présent
T014397,E02287,H,6,1,présent,présent,présent,présent
T014398,E02287,F,4,1,présent,présent,absent,présent
T014399,E02287,F,14,1,présent,présent,présent,présent
T014400,E02287,F,8,1,présent,présent,présent,présent
T014401,E02287,F,14,1,présent,présent,présent,présent
T014402,E02288,H,5,1,absent,absent,présent,présent
T014403,E02288,H,13,1,présent,présent,présent,présent
T014404,E02288,F,0,1,présent,présent,présent,absent
T014405,E02288,H,17,1,présent,présent,présent,présent
T014406,E02289,F,1,1,présent,présent,présent,présent
T014404,E02289,F,7,1,présent,présent,présent,présent
T014408,E02289,H,2,1,présent,présent,absent,présent
T014409,E02289,F,9,1,présent,présent,présent,présent
T014410,E02289,F,14,1,présent,présent,présent,présent
T014411,E02289,F,14,1,absent,présent,présent,présent
T014412,E02289,F,9,1,présent,présent,présent,absent
T014413,E02289,H,3,1,présent,présent,présent,présent
T014414,E02289,H,12,1,présent,présent,présent,présent
T014415,E02289,F,11,1,présent,présent,absent,NA
T014416,E02289,H,4,1,présent,présent,présent,présent
T014417,E02289,F,9,1,présent,présent,présent,présent
T014418,E02289,H,17,1,présent,présent,présent,présent
T014499,E02289,H,11,1,présent,présent,présent,présent
T014420,E02290,F,17,1,présent,présent,absent,présent
T014421,E02290,H,6,1,présent,absent,présent,absent
T014422,E02290,F,10,1,absent,présent,présent,présent
T014423,E02290,H,8,1,présent,absent,présent,absent
T014424,E02290,H,16,1,présent,présent,présent,présent
T014425,E02290,F,15,1,présent,absent,absent,présent
T014426,E02290,F,4,1,présent,présent,présent,présent
T014427,E02290,H,14,1,absent,NA,présent,présent
T014428,E02290,F,5,1,présent,absent,présent,absent
T014429,E02291,H,5,1,présent,présent,présent,présent
T014430,E02291,F,10,1,présent,présent,présent,absent
T014431,E02291,H,3,1,absent,présent,présent,présent
T014432,E02291,H,4,1,absent,présent,absent,présent
T014433,E02291,F,9,1,présent,absent,absent,présent
T014434,E02292,F,0,1,présent,présent,présent,absent
T014435,E02292,F,18,1,présent,présent,présent,présent
T014436,E02292,H,27,1,présent,présent,présent,présent
T014437,E02292,H,15,1,présent,présent,présent,présent
T014438,E02292,H,21,1,absent,présent,présent,NA
T014439,E02292,H,3,1,présent,présent,présent,absent
T014440,E02292,H,22,1,présent,présent,présent,présent
6014441,E02292,F,13,1,absent,présent,absent,présent
T014442,E02292,F,16,1,absent,présent,absent,présent
T014443,E02292,F,4,1,présent,NA,présent,présent
T014444,E02292,H,5,1,présent,présent,présent,présent
T014445,E02292,F,10,1,présent,présent,présent,présent
T014446,E02293,H,11,1,présent,NA,présent,présent
T014447,E02293,F,11,1,présent,absent,présent,présent
T014448,E02293,H,20,1,présent,présent,absent,présent
T014449,E02293,H,4,1,présent,présent,présent,présent
T014450,E02293,H,4,1,présent,présent,présent,présent
T014451,E02293,H,7,1,présent,présent,présent,présent
T014452,E02293,F,17,1,présent,présent,présent,présent
T014453,E02294,F,0,1,présent,présent,présent,NA
T514454,E02294,H,16,1,présent,présent,présent,présent
T014455,E02294,F,7,1,présent,présent,présent,présent
T014456,E02294,H,1,1,présent,présent,présent,présent
T014457,E02294,H,10,1,présent,présent,présent,présent
T014458,E02294,H,3,1,présent,présent,présent,présent
T014459,E02294,H,5,1,absent,présent,présent,présent
T014460,E02295,H,10,1,présent,présent,absent,présent
T014461,E02295,H,8,1,présent,présent,présent,présent
T014462,E02295,H,10,1,présent,présent,absent,présent
T014463,E02295,H,16,1,présent,absent,présent,présent
T014464,E02295,F,16,1,présent,présent,présent,NA
T014465,E02295,F,13,1,présent,NA,présent,présent
T014466,E02295,H,7,1,présent,présent,présent,présent
T014467,E02295,H,3,1,présent,présent,présent,présent
T014468,E02295,F,5,1,absent,absent,présent,NA
T014469,E02295,F,0,1,présent,présent,présent,présent
T014470,E02295,F,21,1,présent,présent,NA,présent
T014471,E02295,H,13,1,présent,présent,présent,présent
T014472,E02295,H,9,1,présent,présent,présent,présent
T014473,E02295,F,2,1,présent,présent,présent,absent
T014674,E02296,H,0,1,présent,présent,présent,présent
T014475,E02296,H,15,1,NA,présent,présent,présent
T014476,E02296,F,11,1,présent,présent,présent,présent
T014477,E02296,H,8,1,absent,présent,absent,présent
T014478,E02297,H,19,1,présent,présent,présent,présent
T014479,E02297,F,9,1,NA,présent,présent,présent
T014480,E02297,H,6,1,présent,présent,présent,présent
T014481,E02297,H,11,1,présent,présent,présent,présent
T014482,E02297,H,10,1,présent,présent,présent,présent
T014483,E02297,H,6,1,présent,présent,présent,présent
T014484,E02298,H,19,1,présent,présent,présent,présent
T014485,E02298,H,14,1,absent,présent,présent,présent
T114486,E02298,H,5,1,présent,présent,présent,présent
T014487,E02298,H,16,1,présent,absent,présent,présent
T014488,E02298,H,4,1,présent,NA,présent,présent
T074489,E02298,H,12,1,présent,présent,présent,absent
T014490,E02298,H,1,1,absent,absent,présent,présent
T014491,E02298,F,6,1,présent,présent,présent,présent
T014492,E02299,F,13,1,présent,présent,absent,présent
T014493,E02299,F,6,1,présent,présent,présent,présent
T014494,E02299,H,14,1,présent,présent,présent,présent
T014495,E02299,H,7,1,présent,présent,présent,présent
T014496,E02299,H,11,1,présent,présent,présent,présent
T084497,E02300,F,0,1,présent,présent,présent,présent
T014498,E02300,F,13,1,présent,présent,absent,présent
T014499,E02300,F,16,1,NA,présent,présent,présent
T014500,E02300,F,1,1,présent,présent,présent,présent
T014501,E02300,H,20,1,présent,absent,présent,présent
T014502,E02300,H,2,1,présent,présent,absent,présent
T014506,E02300,H,7,1,présent,présent,absent,présent
T014504,E02301,F,12,1,absent,présent,présent,NA
T014505,E02301,H,1,1,présent,présent,présent,présent
T014506,E02301,F,23,1,absent,absent,présent,présent
T014507,E02302,H,13,1,présent,présent,présent,présent
T074508,E02302,H,14,1,absent,absent,présent,présent
T017509,E02303,F,3,1,présent,présent,absent,absent
T014510,E02303,F,9,1,présent,présent,présent,présent
T014511,E02303,F,7,1,présent,présent,présent,présent
T014512,E02303,H,3,1,présent,présent,absent,présent
T014513,E02303,H,8,1,présent,absent,présent,absent
T014514,E02303,F,13,1,présent,présent,présent,présent
T014515,E02303,H,3,1,présent,présent,présent,présent
T012516,E02303,H,0,1,présent,présent,présent,absent
T514517,E02303,F,0,1,présent,présent,absent,présent
8014518,E02303,H,2,1,présent,absent,présent,présent
T014519,E02303,H,12,1,présent,NA,présent,présent
T014520,E02303,H,15,1,présent,absent,présent,présent
T014521,E02304,H,5,1,présent,absent,présent,présent
T014522,E02304,H,19,1,présent,présent,présent,présent
T014523,E02304,H,31,1,présent,présent,présent,présent
T014524,E02304,F,14,1,présent,présent,présent,présent
T014525,E02304,H,11,1,présent,présent,présent,présent
T013526,E02304,F,1,1,présent,présent,présent,présent
T014527,E02304,H,15,1,présent,présent,présent,absent
T014528,E02304,F,15,1,présent,présent,présent,présent
T014529,E02305,H,0,1,absent,NA,présent,présent
T014530,E02305,H,13,1,présent,présent,NA,présent
T014531,E02305,H,25,1,absent,présent,absent,absent
T014032,E02305,H,7,1,présent,présent,présent,présent
T014533,E02305,F,8,1,présent,présent,présent,présent
T014534,E02306,H,14,1,présent,présent,présent,absent
T014535,E02306,F,0,1,présent,absent,présent,présent
3014536,E02306,H,4,1,présent,absent,présent,présent
T014537,E02306,F,0,1,présent,absent,présent,présent
T014538,E02306,H,5,1,présent,présent,présent,présent
T019539,E02306,F,10,1,présent,présent,présent,présent
T014540,E02306,H,7,1,présent,présent,présent,présent
T014541,E02306,F,21,1,présent,présent,absent,présent
T014542,E02306,F,7,1,présent,présent,absent,présent
T014543,E02307,H,5,1,présent,présent,présent,présent
T014544,E02307,H,22,1,présent,présent,absent,présent
T014545,E02307,H,8,1,présent,présent,présent,présent
T014546,E02308,H,26,1,présent,présent,présent,présent
T014547,E02308,H,14,1,présent,absent,absent,absent
T014548,E02308,F,0,1,absent,absent,absent,absent
T014549,E02308,F,1,1,absent,absent,absent,NA
T014550,E02309,H,0,1,présent,présent,présent,présent
T014551,E02309,F,13,1,présent,présent,présent,présent
T014552,E02309,H,10,1,présent,absent,présent,présent
T014553,E02309,H,13,1,NA,présent,présent,présent
T014554,E02309,H,8,1,présent,présent,absent,présent
T014555,E02309,H,0,1,absent,présent,absent,présent
T014556,E02310,H,0,1,présent,absent,présent,présent
T014557,E02310,F,6,1,présent,absent,présent,présent
T014558,E02310,H,0,1,présent,présent,présent,absent
T014559,E02310,H,0,1,présent,présent,présent,présent
T014560,E02310,H,10,1,présent,présent,présent,présent
T014561,E02311,H,7,1,présent,présent,présent,présent
T014562,E02311,H,2,1,présent,présent,présent,présent
T014563,E02311,H,0,1,absent,présent,présent,présent
T014564,E02311,H,13,1,présent,présent,présent,présent
T014565,E02312,H,10,1,présent,absent,présent,présent
T014566,E02312,H,12,1,absent,présent,présent,présent
T014567,E02312,H,15,1,présent,présent,absent,présent
T014568,E02312,H,0,1,absent,présent,présent,présent
T014569,E02312,H,12,1,absent,présent,présent,présent
T014570,E02313,H,8,1,présent,présent,absent,présent
T014571,E02313,F,0,1,présent,présent,présent,présent
T014572,E02313,F,6,1,présent,présent,présent,présent
T014573,E02313,H,10,1,présent,présent,présent,présent
T014574,E02313,H,16,1,présent,présent,présent,NA
T014575,E02313,F,13,1,présent,présent,présent,présent
T014576,E02313,F,0,1,présent,présent,présent,présent
T014577,E02313,F,7,1,présent,présent,absent,présent
T014578,E02314,H,6,1,présent,présent,présent,présent
T014579,E02314,H,17,1,présent,absent,absent,présent
T014580,E02314,F,15,1,présent,présent,présent,présent
T014181,E02314,H,1,1,présent,présent,présent,présent
T014582,E02314,H,6,1,présent,présent,présent,présent
T014583,E02314,H,0,1,NA,présent,présent,présent
T014584,E02314,F,2,1,présent,présent,absent,NA
T014585,E02314,H,3,1,présent,présent,présent,présent
T014586,E02314,H,10,1,présent,présent,présent,présent
T014587,E02314,H,6,1,absent,présent,présent,présent
T014588,E02315,F,12,1,présent,présent,présent,présent
T014589,E02315,H,16,1,présent,présent,présent,présent
T014590,E02315,H,14,1,présent,présent,présent,présent
T014591,E02315,H,17,1,absent,présent,présent,présent
T014592,E02315,H,10,1,présent,présent,présent,présent
T014593,E02315,F,0,1,présent,présent,présent,présent
T014594,E02315,H,7,1,présent,présent,présent,présent
T014595,E02316,H,8,1,présent,présent,présent,absent
T014596,E02316,F,5,1,présent,présent,présent,présent
T014597,E02316,F,8,1,présent,absent,présent,présent
T014598,E02316,H,9,1,NA,présent,présent,présent
T014599,E02316,H,12,1,présent,absent,présent,présent
T014600,E02316,H,2,1,présent,présent,présent,présent
T014601,E02317,H,3,1,absent,présent,NA,absent
T014602,E02317,F,3,1,présent,présent,présent,présent
T017603,E02317,F,12,1,absent,absent,présent,absent
T014604,E02317,F,3,1,présent,présent,présent,présent
T014605,E02317,F,3,1,présent,présent,absent,présent
4014606,E02318,H,0,1,présent,présent,absent,absent
T014607,E02318,H,8,1,présent,absent,absent,absent
T014608,E02318,H,10,1,présent,présent,présent,absent
T014609,E02318,H,5,1,présent,présent,présent,présent
T014610,E02318,H,12,1,présent,présent,présent,absent
T014611,E02318,H,2,1,présent,absent,absent,présent
T014612,E02318,H,14,1,absent,absent,présent,présent
T014613,E02319,F,5,1,présent,présent,absent,présent
T014614,E02319,H,0,1,présent,présent,présent,présent
T014615,E02319,F,5,1,présent,présent,absent,présent
T014616,E02319,H,21,1,présent,présent,présent,présent
T014617,E02319,F,6,1,présent,présent,présent,présent
T014618,E02320,H,11,1,présent,présent,présent,absent
T014619,E02320,H,9,1,absent,présent,présent,présent
T014620,E02320,H,24,1,absent,présent,absent,présent
T014621,E02320,F,11,1,présent,présent,absent,présent
T014622,E02320,H,8,1,présent,présent,absent,absent
T014623,E02321,H,7,1,absent,présent,présent,présent
T014624,E02321,H,7,1,présent,présent,présent,absent
T014625,E02321,H,3,1,présent,absent,présent,présent
T014626,E02321,F,4,1,présent,présent,NA,présent
T014627,E02321,H,22,1,présent,absent,absent,présent
T014628,E02321,F,0,1,présent,présent,absent,présent
0014629,E02321,H,22,1,présent,présent,présent,absent
T014630,E02321,H,11,1,présent,présent,présent,présent
T014631,E02322,H,7,1,présent,absent,absent,absent
T014632,E02322,F,1,1,absent,absent,présent,absent
T014633,E02323,H,0,1,présent,présent,présent,présent
T014634,E02323,F,2,1,présent,présent,présent,présent
T014635,E02323,F,0,1,présent,présent,présent,présent
T014636,E02323,H,0,1,absent,présent,présent,absent
T014637,E02323,H,0,1,présent,présent,présent,présent
T014638,E02323,F,11,1,présent,absent,présent,présent
T014639,E02324,H,0,1,absent,absent,absent,présent
T014640,E02324,F,7,1,présent,absent,présent,présent
T014641,E02324,F,5,1,présent,présent,NA,présent
T014642,E02324,H,10,1,présent,absent,présent,présent
T014643,E02324,H,3,1,présent,présent,absent,présent
T014644,E02324,F,4,1,absent,présent,absent,présent
T014645,E02324,H,13,1,présent,présent,absent,présent
T014646,E02325,H,15,1,présent,présent,présent,absent
T014647,E02325,H,8,1,présent,présent,présent,présent
T014648,E02325,F,21,1,présent,présent,présent,présent
T014649,E02325,H,20,1,présent,présent,présent,présent
T014650,E02325,H,10,1,présent,présent,absent,présent
T014651,E02325,H,0,1,présent,absent,présent,absent
T014652,E02325,H,2,1,présent,présent,NA,présent
T014653,E02325,F,14,1,présent,présent,présent,présent
T014654,E02325,F,5,1,absent,absent,absent,présent
T014655,E02326,H,17,1,présent,absent,présent,présent
T014656,E02326,H,11,1,présent,présent,présent,présent
T014657,E02326,F,2,1,présent,absent,présent,présent
T014658,E02326,H,10,1,présent,présent,présent,présent
T014659,E02326,H,6,1,présent,absent,présent,présent
T014660,E02327,H,10,1,présent,présent,présent,présent
T014661,E02327,H,11,1,présent,présent,présent,absent
T014662,E02327,F,11,1,présent,présent,présent,présent
T014663,E02327,F,4,1,présent,présent,présent,présent
T014664,E02327,F,10,1,présent,présent,présent,présent
T014665,E02328,H,15,1,absent,présent,présent,présent
T014666,E02328,H,4,1,présent,absent,absent,présent
T010667,E02328,F,2,1,présent,absent,présent,présent
T014668,E02328,H,12,1,présent,présent,présent,présent
T014669,E02328,F,14,1,présent,présent,présent,absent
T014670,E02328,H,0,1,présent,présent,présent,absent
T014671,E02329,H,1,1,présent,absent,présent,présent
T014672,E02329,H,4,1,absent,absent,présent,absent
T014673,E02329,F,10,1,présent,absent,présent,présent
T014674,E02329,F,8,1,présent,NA,présent,présent
T014675,E02329,F,8,1,présent,présent,présent,présent
T014676,E02329,F,11,1,présent,absent,présent,présent
T014677,E02330,H,11,1,présent,présent,présent,présent
T014678,E02330,H,6,1,présent,présent,NA,présent
T014679,E02330,H,11,1,absent,présent,présent,présent
T014680,E02330,F,11,1,présent,présent,présent,présent
T014681,E02330,F,6,1,présent,présent,présent,présent
T018682,E02330,F,10,1,NA,présent,présent,présent
T014683,E02330,F,19,1,présent,présent,présent,présent
2014684,E02330,H,13,1,présent,présent,absent,présent
T014685,E02330,F,0,1,présent,présent,présent,absent
T014686,E02330,H,10,1,absent,absent,présent,absent
T014687,E02331,H,13,1,présent,présent,présent,absent
T014688,E02331,H,12,1,présent,NA,absent,présent
T014689,E02331,H,18,1,présent,présent,absent,absent
T014690,E02331,F,11,1,présent,présent,présent,absent
T014691,E02331,H,1,1,présent,présent,présent,présent
T014692,E02331,F,0,1,présent,présent,présent,présent
T014693,E02331,H,19,1,présent,NA,présent,présent
T014694,E02331,H,2,1,présent,présent,présent,présent
T014695,E02331,H,21,1,présent,absent,présent,présent
T014696,E02332,H,4,1,présent,présent,présent,présent
T014697,E02332,H,0,1,NA,présent,présent,présent
T014698,E02332,H,3,1,absent,présent,présent,absent
T014699,E02332,F,20,1,absent,présent,présent,présent
T014700,E02332,H,16,1,présent,présent,présent,présent
T014701,E02333,H,6,1,présent,présent,présent,présent
T014702,E02333,F,6,1,présent,présent,absent,NA
T014703,E02333,F,9,1,présent,présent,présent,NA
T014704,E02333,F,4,1,présent,présent,présent,absent
T014705,E02333,F,0,1,présent,absent,présent,présent
T014706,E02333,H,4,1,présent,présent,présent,présent
T014707,E02333,F,8,1,présent,présent,présent,présent
T014708,E02334,F,8,1,présent,présent,présent,présent
T014709,E02334,H,3,1,absent,absent,présent,présent
T014710,E02334,F,12,1,présent,présent,présent,présent
T014711,E02334,H,17,1,présent,présent,présent,présent
T014712,E02334,H,0,1,présent,présent,présent,présent
T014713,E02334,H,8,1,absent,NA,absent,présent
T014714,E02334,H,10,1,absent,absent,absent,présent
T014715,E02334,F,0,1,absent,présent,présent,présent
T014716,E02334,F,6,1,présent,absent,absent,présent
T014717,E02334,F,11,1,présent,présent,présent,présent
T014718,E02335,F,10,1,présent,présent,absent,présent
T014519,E02335,H,23,1,présent,présent,NA,présent
T014720,E02335,H,3,1,présent,présent,absent,absent
T014721,E02335,F,13,1,absent,présent,présent,présent
T014722,E02336,H,3,1,présent,absent,présent,présent
T014723,E02336,F,16,1,présent,présent,présent,présent
T014724,E02337,F,16,1,absent,présent,présent,présent
T014725,E02337,H,12,1,présent,présent,présent,NA
T074726,E02337,H,10,1,présent,présent,présent,absent
T014727,E02337,H,9,1,présent,présent,présent,présent
T014728,E02338,F,9,1,présent,présent,présent,présent
T014729,E02338,F,11,1,présent,présent,présent,présent
T014730,E02338,F,8,1,présent,présent,présent,présent
T014738,E02338,H,10,1,présent,présent,présent,absent
T014732,E02338,F,17,1,présent,présent,présent,présent
T014733,E02338,F,14,1,présent,présent,absent,présent
T054734,E02338,H,12,1,NA,présent,présent,présent
T014735,E02338,H,1,1,présent,présent,présent,présent
T014736,E02338,F,10,1,présent,présent,présent,NA
T014737,E02338,H,7,1,présent,présent,présent,présent
T014738,E02338,F,3,1,NA,présent,présent,présent
T014739,E02338,H,11,1,absent,présent,NA,absent
T014740,E02338,H,0,1,absent,présent,présent,présent
8014741,E02338,F,11,1,absent,présent,présent,présent
T014742,E02338,F,8,1,présent,présent,présent,présent
T014743,E02338,F,0,1,absent,présent,présent,présent
T014744,E02338,F,0,1,présent,NA,présent,présent
T014745,E02338,F,16,1,présent,présent,présent,présent
T014746,E02339,H,0,1,présent,présent,présent,absent
T014747,E02339,H,15,1,présent,absent,présent,présent
T014748,E02339,H,15,1,présent,absent,présent,présent
T014749,E02339,H,13,1,présent,NA,présent,présent
T814750,E02340,F,12,1,présent,absent,absent,présent
T414751,E02340,H,3,1,présent,présent,présent,présent
T014752,E02340,H,3,1,présent,présent,présent,présent
T014753,E02340,F,14,1,présent,présent,NA,NA
T014754,E02340,H,4,1,présent,NA,absent,présent
T014755,E02340,H,19,1,présent,absent,présent,présent
T014755,E02340,F,18,1,présent,absent,présent,présent
T014757,E02340,H,10,1,présent,absent,présent,présent
T014758,E02340,H,10,1,présent,présent,présent,présent
T014759,E02341,H,1,1,présent,absent,présent,présent
T014760,E02341,F,0,1,absent,présent,présent,présent
T014761,E02342,F,9,1,présent,présent,présent,présent
T014762,E02342,H,19,1,présent,présent,présent,présent
9014763,E02342,F,10,1,présent,présent,absent,présent
T014764,E02342,H,13,1,présent,absent,absent,présent
T014765,E02342,F,20,1,présent,NA,absent,présent
T014766,E02342,H,4,1,présent,présent,présent,présent
T014767,E02342,F,1,1,absent,présent,présent,présent
T014768,E02342,H,18,1,présent,présent,présent,présent
T014769,E02342,H,5,1,présent,absent,présent,présent
T014770,E02342,H,6,1,présent,présent,présent,présent
T014771,E02343,H,20,1,absent,absent,présent,présent
T014772,E02343,F,1,1,présent,présent,présent,présent
T014773,E02343,H,3,1,absent,présent,absent,présent
T094774,E02344,H,27,1,présent,présent,présent,absent
T014775,E02344,H,4,1,présent,présent,présent,présent
T014776,E02344,F,14,1,présent,présent,présent,présent
T014777,E02344,F,8,1,présent,présent,présent,présent
T014778,E02344,F,11,1,absent,présent,présent,absent
T014779,E02344,H,16,1,présent,présent,présent,présent
T014784,E02344,F,7,1,absent,absent,présent,absent
0014781,E02344,F,14,1,présent,présent,présent,présent
T014782,E02344,H,10,1,présent,absent,présent,présent
T014783,E02344,H,5,1,présent,présent,présent,présent
T014784,E02344,F,1,1,absent,absent,absent,présent
T014785,E02345,F,11,1,présent,absent,présent,présent
T014786,E02345,H,15,1,présent,présent,absent,présent
T014787,E02345,H,1,1,présent,présent,présent,présent
T014788,E02345,H,0,1,présent,présent,absent,absent
T014789,E02346,H,0,1,présent,NA,présent,absent
T014790,E02346,F,8,1,absent,présent,absent,présent
T014791,E02346,H,4,1,absent,absent,absent,absent
T014794,E02347,F,9,1,présent,absent,absent,absent
T014793,E02347,F,12,1,présent,présent,absent,présent
T014794,E02347,H,10,1,présent,présent,présent,présent
T014795,E02347,F,4,1,absent,présent,présent,absent
T014796,E02348,F,12,1,présent,présent,présent,présent
T014797,E02348,H,3,1,présent,présent,présent,présent
T014798,E02348,H,11,1,présent,présent,présent,présent
T014799,E02348,F,4,1,absent,présent,présent,NA
T014800,E02348,H,13,1,absent,présent,présent,présent
T014801,E02349,F,0,1,absent,NA,présent,présent
T014802,E02349,H,17,1,présent,présent,NA,présent
T014803,E02349,F,0,1,absent,absent,absent,présent
T014804,E02349,F,12,1,présent,absent,présent,absent
T014805,E02349,H,12,1,absent,présent,présent,présent
T014806,E02349,H,11,1,présent,présent,présent,présent
T714807,E02349,H,14,1,présent,présent,absent,présent
T014808,E02350,F,11,1,présent,présent,présent,présent
T014809,E02350,H,7,1,présent,présent,présent,présent
T014810,E02350,F,15,1,présent,présent,NA,présent
T014811,E02350,F,18,1,présent,présent,présent,présent
T014812,E02350,H,0,1,présent,présent,absent,présent
T014813,E02350,F,21,1,présent,présent,absent,présent
T014814,E02350,H,3,1,présent,présent,présent,présent
T014815,E02351,F,8,1,présent,présent,présent,absent
T054816,E02351,F,0,1,présent,absent,absent,présent
T014817,E02351,F,1,1,présent,présent,présent,présent
T014818,E02351,H,16,1,absent,présent,présent,présent
T014829,E02351,H,11,1,présent,présent,présent,présent
T014820,E02351,H,17,1,présent,présent,présent,présent
T014821,E02351,F,12,1,présent,présent,absent,absent
T014827,E02351,F,7,1,présent,présent,présent,présent
T014823,E02352,F,15,1,absent,présent,absent,absent
T014820,E02352,F,14,1,présent,absent,présent,présent
T014825,E02352,F,7,1,absent,absent,absent,présent
T014826,E02352,H,12,1,absent,présent,NA,présent
T014827,E02352,H,12,1,absent,absent,présent,absent
T014828,E02352,F,6,1,absent,présent,présent,absent
T014829,E02352,H,12,1,absent,NA,présent,présent
T018830,E02353,H,11,1,absent,présent,absent,NA
T014831,E02353,F,6,1,présent,présent,présent,absent
T014832,E02353,H,10,1,présent,absent,présent,absent
T014833,E02353,F,12,1,présent,présent,présent,présent
T014834,E02353,H,7,1,présent,absent,absent,absent
T014835,E02353,H,0,1,présent,absent,présent,absent
T814836,E02353,F,0,1,absent,présent,présent,absent
T014837,E02353,H,10,1,présent,absent,présent,absent
T014838,E02353,H,9,1,absent,absent,présent,présent
T014839,E02353,F,17,1,présent,présent,présent,présent
T014840,E02353,H,16,1,absent,absent,absent,absent
T014841,E02353,H,12,1,absent,présent,absent,présent
T054842,E02353,F,3,1,présent,présent,présent,présent
T014843,E02353,H,11,1,présent,présent,absent,présent
T014844,E02354,H,9,1,présent,absent,présent,présent
T014845,E02354,H,9,1,absent,présent,présent,présent
T014846,E02354,H,5,1,présent,présent,présent,présent
T014847,E02354,F,3,1,présent,présent,présent,absent
T014848,E02354,F,19,1,absent,présent,présent,présent
T014849,E02354,H,8,1,présent,présent,présent,présent
T014850,E02354,F,2,1,présent,absent,présent,présent
T014851,E02354,H,10,1,présent,présent,présent,présent
T014852,E02354,F,18,1,présent,présent,présent,absent
T014853,E02355,F,11,1,absent,présent,présent,absent
T014854,E02355,H,3,1,présent,présent,présent,présent
T014855,E02355,F,0,1,présent,absent,présent,présent
T014856,E02355,H,3,1,présent,absent,présent,absent
T014857,E02355,F,5,1,absent,présent,absent,présent
T014858,E02356,H,0,1,absent,présent,présent,présent
T014859,E02356,H,3,1,présent,absent,présent,présent
T014860,E02356,H,4,1,présent,absent,présent,présent
T014861,E02356,H,14,1,absent,absent,absent,absent
T014862,E02356,H,3,1,présent,absent,présent,présent
T014863,E02357,F,1,1,présent,NA,présent,présent
T014864,E02357,H,9,1,présent,présent,présent,présent
T014865,E02357,H,14,1,présent,présent,présent,présent
T014866,E02357,F,3,1,présent,présent,absent,absent
T014867,E02357,H,0,1,présent,présent,présent,présent
T014868,E02357,F,5,1,présent,présent,absent,présent
T014869,E02357,H,4,1,présent,présent,présent,absent
8014870,E02357,H,2,1,présent,présent,présent,absent
T014871,E02357,H,10,1,présent,présent,présent,présent
T014872,E02357,H,11,1,présent,présent,présent,présent
T014873,E02357,H,14,1,présent,présent,présent,présent
T014874,E02357,H,9,1,présent,présent,présent,présent
T014875,E02358,H,4,1,présent,présent,présent,présent
T014876,E02358,F,13,1,présent,absent,présent,présent
T014877,E02358,H,15,1,présent,présent,présent,présent
T014878,E02358,F,8,1,présent,présent,absent,présent
T014879,E02358,F,7,1,présent,présent,présent,présent
T014880,E02358,F,16,1,présent,présent,présent,présent
T014881,E02358,H,5,1,présent,absent,présent,absent
T014882,E02358,F,9,1,présent,présent,présent,présent
T014883,E02359,F,22,1,présent,présent,présent,présent
T014884,E02359,F,7,1,présent,présent,présent,NA
T014885,E02359,F,2,1,présent,présent,présent,présent
T014886,E02359,H,7,1,absent,présent,présent,présent
T014887,E02360,F,7,1,présent,présent,absent,présent
T014888,E02360,H,0,1,présent,présent,présent,présent
T014889,E02360,H,16,1,présent,absent,présent,absent
T014890,E02360,H,13,1,présent,présent,présent,absent
T014891,E02360,H,3,1,présent,présent,présent,présent
T014892,E02361,F,0,1,absent,absent,présent,présent
T014893,E02361,F,15,1,présent,présent,présent,présent
T014894,E02361,H,10,1,présent,présent,absent,présent
T014895,E02361,F,1,1,présent,présent,présent,présent
T014896,E02361,F,4,1,présent,présent,présent,présent
T014897,E02362,F,20,1,présent,présent,présent,présent
T014898,E02362,H,0,1,présent,présent,présent,absent
T014899,E02362,H,12,1,présent,présent,présent,présent
T014900,E02362,F,3,1,présent,présent,présent,NA
T014901,E02362,F,0,1,présent,présent,présent,présent
T014902,E02362,F,2,1,présent,présent,présent,présent
T014903,E02362,F,4,1,présent,absent,présent,présent
T014904,E02362,H,8,1,présent,présent,présent,présent
T014905,E02362,H,6,1,absent,présent,présent,présent
T014906,E02362,H,18,1,présent,présent,présent,présent
T014907,E02363,H,9,1,présent,présent,absent,présent
T014908,E02363,F,4,1,présent,absent,présent,présent
T014909,E02363,H,18,1,présent,présent,présent,présent
T014910,E02364,H,0,1,absent,présent,présent,présent
T011911,E02364,F,8,1,présent,présent,NA,présent
T014912,E02364,H,12,1,présent,présent,présent,présent
T014913,E02364,F,14,1,NA,absent,absent,présent
T014914,E02364,H,22,1,présent,absent,présent,présent
T014915,E02365,F,21,1,présent,présent,présent,présent
T014916,E02365,H,2,1,présent,absent,absent,absent
T014917,E02365,F,5,1,présent,absent,absent,absent
T014918,E02365,H,10,1,absent,absent,présent,absent
T014919,E02366,H,10,1,présent,présent,présent,présent
T014921,E02366,H,0,1,présent,présent,présent,absent
T014921,E02366,F,2,1,présent,présent,présent,présent
T014922,E02366,H,0,1,présent,présent,présent,présent
T914923,E02366,F,4,1,présent,présent,présent,présent
T014924,E02366,F,7,1,absent,NA,présent,présent
T014925,E02366,F,12,1,présent,présent,présent,présent
T014926,E02367,H,4,1,présent,présent,présent,présent
T014927,E02367,F,13,1,présent,présent,absent,présent
T014928,E02368,F,12,1,NA,présent,présent,absent
T014929,E02368,H,7,1,présent,présent,présent,présent
T014930,E02368,F,19,1,présent,présent,présent,présent
T014931,E02368,F,4,1,présent,présent,présent,présent
T014932,E02368,H,3,1,présent,présent,présent,présent
T014933,E02368,H,2,1,présent,présent,présent,présent
T014934,E02369,H,7,1,présent,présent,présent,présent
T014935,E02369,F,0,1,présent,présent,absent,absent
T014936,E02369,F,0,1,présent,présent,présent,présent
T014937,E02369,H,9,1,absent,absent,présent,présent
T014938,E02370,H,10,1,présent,présent,présent,présent
T014939,E02370,F,0,1,présent,présent,présent,présent
T014940,E02370,H,15,1,présent,présent,présent,présent
T014941,E02370,H,0,1,présent,absent,absent,absent
T014942,E02371,H,9,1,absent,absent,présent,présent
T014943,E02371,H,1,1,absent,absent,présent,présent
T014944,E02372,H,0,1,présent,présent,présent,présent
T014945,E02372,H,10,1,absent,absent,présent,présent
T014946,E02372,H,11,1,NA,présent,présent,présent
T014947,E02372,F,8,1,présent,présent,présent,présent
T014948,E02372,H,5,1,présent,absent,absent,absent
T014949,E02373,H,17,1,présent,présent,présent,présent
T014950,E02373,H,5,1,absent,absent,absent,présent
T014951,E02373,H,7,1,absent,NA,présent,présent
T014952,E02373,F,0,1,présent,présent,présent,présent
T014953,E02373,H,4,1,présent,présent,présent,présent
T014954,E02373,H,2,1,présent,absent,absent,absent
T014955,E02373,F,10,1,présent,absent,absent,présent
T014956,E02373,H,1,1,présent,présent,absent,présent
T014967,E02373,H,10,1,absent,présent,absent,absent
T014958,E02373,H,13,1,absent,présent,absent,présent
T014959,E02373,H,0,1,présent,présent,absent,absent
T014960,E02373,H,12,1,présent,NA,présent,présent
T014961,E02373,F,4,1,présent,absent,absent,absent
T014962,E02374,H,4,1,présent,présent,présent,présent
T014963,E02374,F,1,1,présent,présent,présent,présent
T014964,E02374,H,16,1,présent,présent,présent,présent
T014965,E02374,H,18,1,présent,présent,présent,présent
T011966,E02374,F,13,1,présent,présent,absent,présent
T014967,E02374,F,5,1,présent,présent,présent,présent
T014968,E02374,H,15,1,présent,présent,présent,présent
T014969,E02374,F,20,1,présent,absent,présent,présent
T014970,E02374,F,10,1,présent,présent,présent,présent
T014971,E02374,F,13,1,présent,présent,présent,présent
T014972,E02374,H,14,1,présent,présent,absent,présent
T014973,E02374,H,0,1,absent,présent,présent,présent
T014974,E02374,F,15,1,présent,présent,présent,absent
T014975,E02375,F,0,1,présent,absent,présent,présent
T014976,E02375,F,7,1,présent,présent,présent,présent
T014977,E02375,F,0,1,absent,présent,présent,présent
T014978,E02375,H,29,1,présent,présent,présent,présent
T014979,E02375,H,0,1,présent,présent,présent,présent
T014980,E02375,H,11,1,absent,présent,présent,présent
T014981,E02375,F,4,1,absent,absent,présent,absent
T014982,E02375,F,1,1,présent,présent,présent,présent
T014983,E02375,H,8,1,présent,absent,présent,absent
T014984,E02375,F,8,1,absent,absent,présent,absent
T014985,E02375,F,3,1,absent,présent,absent,présent
T014986,E02375,H,6,1,absent,présent,présent,absent
T014987,E02375,H,8,1,absent,absent,présent,absent
T014988,E02375,H,17,1,présent,présent,absent,absent
T014989,E02376,H,7,1,absent,présent,présent,absent
T014990,E02376,F,15,1,présent,présent,absent,présent
T014991,E02376,H,13,1,présent,absent,présent,absent
T014992,E02376,F,12,1,présent,absent,présent,présent
T014993,E02376,H,12,1,absent,absent,présent,présent
T014994,E02376,H,5,1,absent,présent,absent,présent
T014995,E02376,F,16,1,présent,présent,absent,présent
T014996,E02377,H,12,1,présent,présent,absent,absent
T014997,E02377,F,7,1,présent,présent,présent,présent
T014998,E02377,H,19,1,présent,présent,présent,présent
T014999,E02377,H,6,1,présent,présent,présent,absent
T015000,E02378,H,15,1,présent,présent,présent,présent
T015001,E02378,H,10,1,absent,présent,présent,présent
T015402,E02378,F,14,1,présent,présent,présent,absent
T095003,E02379,H,2,1,présent,présent,présent,présent
T015004,E02379,H,8,1,présent,NA,présent,présent
T015005,E02379,H,24,1,présent,absent,présent,présent
T015006,E02379,F,6,1,présent,absent,présent,présent
T015047,E02379,H,21,1,absent,présent,présent,présent
T015008,E02380,H,10,1,présent,présent,présent,présent
T015609,E02380,F,21,1,absent,présent,présent,présent
T015010,E02380,F,0,1,présent,absent,absent,présent
T015011,E02380,H,6,1,présent,présent,présent,présent
T015012,E02380,H,12,1,absent,présent,présent,présent
2015013,E02381,H,10,1,absent,absent,absent,NA
T015014,E02381,H,0,1,présent,présent,absent,présent
T015015,E02381,H,0,1,absent,absent,présent,présent
T015016,E02382,H,2,1,présent,absent,absent,absent
T015017,E02382,H,13,1,présent,présent,absent,présent
T015018,E02382,H,1,1,présent,présent,présent,présent
T015019,E02382,F,7,1,absent,absent,présent,présent
T015020,E02382,H,0,1,présent,absent,présent,NA
T015021,E02382,H,14,1,absent,absent,présent,présent
T015022,E02382,H,7,1,absent,absent,NA,absent
T015023,E02383,H,8,1,présent,présent,présent,présent
T015024,E02383,H,17,1,présent,présent,présent,présent
T085025,E02383,H,15,1,présent,présent,présent,présent
T015026,E02383,F,12,1,présent,présent,présent,présent
T015027,E02383,H,18,1,présent,présent,présent,présent
T015028,E02383,F,12,1,absent,NA,présent,absent
T015019,E02383,F,12,1,présent,présent,présent,présent
T015020,E02384,H,7,1,présent,présent,présent,présent
T015031,E02384,F,4,1,présent,absent,présent,présent
T015032,E02384,H,3,1,absent,absent,présent,absent
T015033,E02384,H,10,1,présent,absent,présent,présent
T015034,E02384,H,0,1,présent,absent,présent,présent
T015035,E02385,H,18,1,absent,présent,absent,présent
T015036,E02385,F,9,1,absent,présent,présent,présent
T015037,E02385,F,7,1,présent,présent,présent,présent
T015038,E02385,H,17,1,NA,NA,NA,présent
T015039,E02385,F,7,1,présent,présent,absent,absent
T015040,E02386,H,5,1,présent,présent,présent,présent
T015041,E02386,F,0,1,présent,présent,présent,présent
T015042,E02386,F,20,1,présent,présent,présent,présent
T015043,E02386,H,4,1,NA,présent,présent,présent
T015044,E02386,F,0,1,présent,présent,présent,présent
T025045,E02386,H,2,1,absent,absent,présent,présent
T015046,E02386,H,16,1,présent,présent,présent,présent
T019047,E02387,H,9,1,absent,absent,présent,présent
T015048,E02387,H,13,1,présent,présent,présent,présent
T015049,E02387,F,15,1,absent,présent,présent,présent
T015050,E02387,F,7,1,présent,présent,présent,présent
T015051,E02388,F,14,1,présent,absent,absent,présent
T015052,E02388,H,10,1,absent,présent,absent,NA
T015053,E02388,H,2,1,absent,absent,présent,absent
T015054,E02388,H,0,1,présent,absent,absent,présent
T015055,E02388,F,0,1,présent,présent,absent,présent
T015056,E02388,H,21,1,NA,présent,présent,présent
T015057,E02389,H,0,1,absent,NA,présent,présent
T015058,E02389,F,11,1,présent,présent,absent,présent
T015059,E02389,F,11,1,présent,présent,présent,absent
T015060,E02389,H,6,1,présent,présent,présent,absent
T015061,E02389,H,12,1,absent,absent,présent,présent
T015062,E02390,H,10,1,absent,présent,absent,présent
T015063,E02390,H,1,1,présent,présent,absent,présent
T015064,E02390,H,9,1,présent,présent,présent,présent
T015065,E02390,F,16,1,présent,présent,présent,absent
T015066,E02390,F,2,1,présent,présent,présent,présent
T015067,E02390,F,7,1,présent,présent,présent,présent
T015968,E02391,F,18,1,présent,présent,présent,présent
T815069,E02391,H,13,1,présent,présent,présent,présent
T015070,E02391,H,10,1,présent,présent,présent,présent
T015071,E02392,F,6,1,présent,présent,présent,présent
T015072,E02392,H,14,1,présent,présent,présent,présent
T015073,E02392,F,10,1,présent,présent,présent,présent
T015074,E02392,F,15,1,présent,présent,présent,présent
T015075,E02392,H,11,1,présent,présent,présent,absent
T015076,E02392,F,17,1,présent,présent,présent,présent
T015077,E02392,H,5,1,présent,présent,absent,absent
T015078,E02392,F,0,1,présent,présent,présent,présent
T015079,E02393,H,15,1,absent,présent,présent,présent
T015080,E02393,H,0,1,présent,présent,présent,présent
T015081,E02393,H,0,1,absent,absent,présent,présent
T015082,E02393,F,13,1,présent,présent,présent,présent
T015083,E02394,H,19,1,NA,présent,absent,présent
T015084,E02394,H,9,1,présent,présent,présent,présent
T015085,E02394,F,10,1,absent,absent,présent,absent
T015086,E02394,H,9,1,présent,présent,présent,absent
T015087,E02394,H,16,1,présent,présent,présent,présent
T015088,E02394,H,27,1,présent,présent,présent,présent
T015089,E02395,H,10,1,présent,présent,présent,présent
T015090,E02395,H,21,1,présent,présent,présent,absent
T015091,E02395,F,13,1,présent,absent,présent,présent
T015092,E02395,F,17,1,présent,présent,présent,absent
T015093,E02395,F,3,1,présent,présent,absent,absent
T016094,E02395,H,0,1,présent,présent,présent,présent
T015095,E02395,F,0,1,présent,présent,présent,présent
T015096,E02396,H,7,1,présent,absent,présent,présent
T015097,E02396,F,3,1,présent,présent,présent,présent
T015098,E02396,H,5,1,présent,présent,présent,présent
T015099,E02397,F,3,1,absent,absent,présent,présent
T015100,E02397,H,23,1,présent,présent,présent,absent
T015101,E02397,H,4,1,présent,absent,absent,absent
T015102,E02397,H,9,1,présent,absent,absent,présent
T015103,E02397,H,21,1,présent,présent,présent,présent
T015104,E02397,H,3,1,présent,présent,absent,absent
T015105,E02398,H,4,1,absent,présent,présent,NA
T015106,E02398,H,23,1,présent,absent,présent,présent
T015107,E02398,H,20,1,présent,présent,NA,présent
T015108,E02398,H,15,1,présent,présent,présent,présent
T015109,E02398,H,1,1,absent,présent,présent,présent
T015110,E02398,F,6,1,absent,présent,présent,présent
T015111,E02398,H,4,1,présent,absent,présent,absent
T015112,E02398,H,5,1,présent,présent,présent,absent
T015113,E02399,H,8,1,présent,présent,présent,présent
T015111,E02399,H,0,1,présent,absent,présent,présent
T015115,E02399,H,7,1,présent,présent,présent,absent
T015116,E02399,H,25,1,présent,présent,présent,présent
T015117,E02399,H,20,1,présent,présent,présent,présent
T015818,E02399,H,16,1,présent,NA,présent,présent
T015119,E02399,F,5,1,présent,présent,présent,présent
T015120,E02399,F,12,1,présent,NA,présent,présent
T015121,E02399,F,0,1,présent,absent,présent,présent
T015122,E02399,H,10,1,présent,présent,présent,présent
T015123,E02399,H,12,1,présent,présent,présent,présent
T015424,E02400,F,7,1,présent,présent,présent,présent
T015125,E02400,F,9,1,présent,présent,absent,absent
T015126,E02400,H,7,1,présent,présent,présent,présent
8015127,E02401,F,18,1,absent,présent,présent,présent
T015129,E02401,H,0,1,présent,présent,présent,absent
T015129,E02401,H,16,1,présent,présent,présent,présent
T015130,E02402,F,7,1,présent,présent,présent,présent
T015131,E02402,F,10,1,présent,absent,présent,présent
T015132,E02402,H,17,1,présent,présent,présent,absent
T015133,E02402,F,5,1,présent,présent,absent,présent
T015134,E02402,F,6,1,présent,présent,présent,présent
T015135,E02402,F,0,1,présent,présent,absent,absent
T015136,E02402,F,6,1,présent,présent,présent,présent
T015137,E02402,H,17,1,présent,présent,présent,absent
T015138,E02402,H,18,1,présent,présent,présent,présent
T015139,E02403,H,15,1,absent,absent,absent,présent
T015140,E02403,H,0,1,présent,présent,absent,absent
T015141,E02403,H,0,1,absent,absent,absent,présent
4015142,E02403,H,1,1,absent,absent,absent,absent
T015143,E02403,H,12,1,présent,absent,présent,présent
T015144,E02403,H,10,1,absent,présent,absent,absent
T015145,E02403,H,0,1,présent,absent,absent,absent
T015146,E02404,F,1,1,absent,absent,absent,absent
T015147,E02404,F,4,1,absent,absent,absent,absent
T015148,E02404,H,16,1,présent,absent,présent,présent
T015149,E02405,H,0,1,présent,absent,présent,présent
T015150,E02405,H,13,1,présent,présent,présent,présent
T015151,E02405,F,3,1,absent,présent,présent,NA
T015152,E02405,H,24,1,présent,présent,présent,NA
T015153,E02405,F,17,1,absent,présent,présent,présent
T015154,E02406,H,1,1,présent,présent,absent,présent
T015155,E02406,H,4,1,présent,présent,présent,absent
T015156,E02406,H,9,1,présent,présent,présent,présent
T015157,E02406,F,16,1,présent,présent,présent,présent
T015158,E02407,H,8,1,absent,présent,présent,présent
T015159,E02407,F,4,1,absent,absent,absent,présent
T015160,E02407,F,3,1,présent,présent,absent,présent
T015171,E02407,H,12,1,présent,présent,présent,présent
T015162,E02407,H,1,1,présent,présent,présent,présent
T015163,E02408,F,0,1,absent,absent,présent,présent
T015164,E02408,F,21,1,absent,présent,présent,absent
0015165,E02408,F,7,1,présent,présent,NA,présent
T015166,E02408,H,11,1,présent,absent,absent,présent
T015167,E02409,F,13,1,présent,présent,présent,présent
T015168,E02409,H,3,1,présent,présent,présent,présent
T015119,E02409,F,11,1,présent,présent,absent,présent
T015170,E02409,H,16,1,NA,présent,présent,présent
T015171,E02409,H,23,1,présent,présent,présent,présent
T015172,E02410,F,0,1,présent,présent,présent,présent
T015173,E02410,H,4,1,présent,présent,présent,présent
T015174,E02410,H,15,1,présent,présent,présent,présent
T015875,E02410,H,16,1,absent,présent,absent,absent
T015176,E02410,F,17,1,présent,présent,présent,présent
T015177,E02410,F,5,1,présent,absent,présent,présent
T015177,E02410,H,0,1,NA,présent,présent,absent
T015172,E02410,F,22,1,présent,absent,présent,présent
T015180,E02410,F,0,1,absent,présent,présent,présent
T015181,E02411,F,13,1,absent,présent,présent,présent
T015182,E02411,H,10,1,présent,absent,présent,présent
T015183,E02411,F,0,1,absent,absent,présent,absent
T015184,E02412,H,20,1,présent,présent,présent,présent
T015185,E02412,H,3,1,présent,présent,présent,présent
T015186,E02412,H,13,1,présent,absent,absent,présent
T015187,E02413,H,10,1,présent,absent,absent,absent
T015188,E02413,H,20,1,présent,présent,présent,présent
T015189,E02414,H,9,1,présent,présent,présent,présent
T015199,E02414,F,15,1,absent,absent,absent,présent
T015191,E02414,H,24,1,présent,absent,présent,présent
T015192,E02414,H,14,1,présent,présent,présent,présent
T015193,E02415,F,7,1,présent,présent,absent,présent
T015194,E02415,F,8,1,présent,présent,présent,présent
T015195,E02415,F,6,1,présent,présent,présent,absent
T015196,E02415,H,0,1,présent,absent,présent,absent
T015197,E02415,F,20,1,présent,présent,présent,présent
T015198,E02415,H,0,1,présent,présent,présent,absent
T015199,E02416,H,8,1,présent,NA,présent,présent
T015200,E02416,F,20,1,présent,présent,présent,présent
T015201,E02416,H,9,1,présent,présent,présent,présent
T015202,E02416,H,10,1,présent,présent,présent,présent
T015203,E02417,F,9,1,présent,présent,présent,présent
T015204,E02417,F,0,1,absent,présent,présent,absent
T015205,E02417,F,0,1,présent,présent,absent,présent
T015206,E02417,F,18,1,absent,absent,absent,présent
T015207,E02417,H,14,1,présent,présent,absent,présent
T015208,E02417,F,1,1,absent,présent,présent,présent
T015209,E02417,H,18,1,présent,présent,absent,présent
T015210,E02417,H,0,1,présent,présent,présent,présent
T015211,E02417,F,0,1,absent,absent,absent,absent
T015212,E02417,H,20,1,présent,absent,présent,présent
T013213,E02418,H,5,1,absent,présent,présent,présent
T015214,E02418,H,9,1,présent,présent,présent,présent
T015215,E02418,H,9,1,présent,présent,présent,présent
T015286,E02419,H,7,1,présent,absent,présent,présent
T015217,E02419,F,8,1,présent,absent,absent,présent
T015218,E02419,H,6,1,présent,présent,présent,absent
T015219,E02419,H,3,1,présent,présent,présent,présent
T015220,E02419,H,5,1,présent,absent,absent,absent
T015221,E02419,H,9,1,présent,absent,présent,présent
T015222,E02420,F,5,1,présent,présent,absent,absent
T015223,E02420,H,14,1,présent,présent,absent,présent
T015224,E02420,H,13,1,absent,présent,présent,présent
T015225,E02420,F,7,1,présent,présent,présent,présent
T015226,E02420,H,9,1,présent,présent,présent,présent
T015227,E02420,H,9,1,présent,présent,présent,présent
T015228,E02420,H,15,1,présent,absent,présent,présent
T015229,E02420,H,17,1,absent,présent,présent,absent
T015230,E02420,H,18,1,présent,présent,présent,absent
T015231,E02420,H,12,1,présent,présent,présent,présent
T015232,E02421,F,0,1,présent,présent,présent,présent
T015233,E02421,F,0,1,présent,présent,présent,présent
T016234,E02421,H,14,1,présent,présent,présent,présent
T015235,E02421,F,14,1,présent,présent,absent,présent
T015236,E02421,F,17,1,présent,présent,présent,présent
T015237,E02422,H,0,1,présent,présent,présent,présent
T015238,E02422,F,23,1,présent,présent,absent,présent
T015239,E02422,H,3,1,absent,présent,présent,absent
T015240,E02422,F,15,1,présent,présent,présent,présent
T015241,E02423,F,3,1,présent,absent,présent,présent
T015242,E02423,F,6,1,présent,présent,présent,présent
T015243,E02423,H,20,1,présent,NA,présent,présent
T015244,E02423,H,7,1,présent,présent,présent,présent
T075245,E02423,F,8,1,présent,présent,présent,présent
T015246,E02423,F,3,1,présent,absent,absent,absent
T015247,E02423,H,0,1,présent,présent,présent,présent
T015248,E02423,H,18,1,présent,présent,présent,présent
T015249,E02423,H,18,1,présent,présent,présent,absent
T015250,E02424,H,12,1,présent,présent,présent,présent
T015251,E02424,H,6,1,présent,présent,présent,présent
T015252,E02424,H,4,1,absent,présent,présent,présent
T015253,E02424,H,0,1,présent,absent,présent,présent
T015254,E02424,H,19,1,présent,présent,NA,présent
T015255,E02424,H,6,1,présent,présent,présent,présent
T015256,E02424,F,15,1,présent,présent,présent,présent
T015257,E02425,H,8,1,présent,présent,présent,présent
T015258,E02425,H,10,1,présent,présent,présent,présent
T015259,E02425,H,0,1,présent,présent,présent,présent
T015260,E02425,H,17,1,présent,NA,présent,présent
T015261,E02425,F,15,1,présent,présent,présent,présent
T015262,E02425,H,0,1,présent,présent,présent,présent
T015263,E02425,H,14,1,présent,présent,présent,présent
T015264,E02425,H,2,1,présent,présent,absent,présent
T015265,E02426,F,5,1,absent,présent,présent,présent
T015286,E02426,H,1,1,absent,présent,présent,absent
T015267,E02426,F,5,1,absent,présent,présent,absent
T025268,E02427,H,4,1,présent,présent,présent,présent
T015269,E02427,H,9,1,présent,présent,présent,présent
T015270,E02427,H,3,1,présent,absent,présent,présent
T015271,E02427,F,13,1,présent,présent,absent,présent
T515272,E02427,H,14,1,présent,présent,présent,présent
T015273,E02428,H,19,1,présent,présent,absent,absent
T015274,E02428,F,5,1,présent,absent,présent,présent
T015275,E02428,H,10,1,absent,présent,présent,présent
T015276,E02428,F,7,1,présent,présent,présent,présent
T015277,E02429,H,19,1,présent,présent,présent,présent
T015278,E02429,H,2,1,présent,présent,présent,présent
T015249,E02429,F,15,1,absent,présent,absent,présent
T015280,E02429,F,14,1,absent,présent,présent,présent
T015281,E02429,H,4,1,NA,présent,présent,présent
T015282,E02429,F,8,1,présent,présent,absent,absent
T015283,E02429,H,0,1,absent,absent,présent,absent
T055284,E02430,H,9,1,présent,absent,présent,présent
T015285,E02430,H,16,1,présent,présent,présent,présent
T015286,E02430,H,6,1,présent,présent,présent,présent
T015287,E02431,H,4,1,absent,absent,absent,présent
T015288,E02431,F,5,1,présent,présent,présent,présent
T015289,E02431,F,5,1,présent,absent,présent,absent
T015290,E02432,F,8,1,présent,présent,présent,présent
T015294,E02432,H,9,1,présent,présent,présent,présent
T015292,E02432,F,12,1,présent,présent,présent,NA
T015293,E02432,H,12,1,présent,présent,présent,présent
T015294,E02433,F,15,1,absent,absent,absent,présent
T015295,E02433,H,14,1,présent,présent,présent,présent
T015296,E02433,F,17,1,présent,absent,présent,présent
T015297,E02433,F,7,1,présent,absent,présent,absent
T015298,E02433,F,2,1,présent,absent,présent,absent
T015299,E02433,F,6,1,NA,présent,présent,présent
T015300,E02434,H,14,1,présent,présent,présent,présent
T015301,E02434,F,5,1,absent,présent,présent,présent
T015302,E02434,F,10,1,présent,présent,présent,présent
T015303,E02434,H,5,1,présent,présent,absent,présent
T015304,E02434,F,5,1,présent,présent,présent,présent
T015309,E02435,F,10,1,présent,absent,présent,NA
T015306,E02435,H,2,1,absent,absent,absent,NA
T015307,E02436,F,7,1,présent,présent,présent,présent
T015308,E02436,H,12,1,absent,absent,présent,absent
T015309,E02436,H,14,1,absent,présent,présent,présent
T015310,E02436,F,5,1,présent,présent,présent,présent
T015311,E02436,F,20,1,présent,présent,présent,présent
T015112,E02436,H,0,1,présent,présent,présent,présent
T415313,E02436,F,12,1,présent,présent,présent,présent
T015314,E02436,H,10,1,présent,absent,présent,présent
T015315,E02436,H,9,1,présent,présent,absent,présent
T015356,E02436,F,4,1,absent,absent,présent,absent
T015317,E02436,F,2,1,présent,présent,absent,présent
4015318,E02436,H,9,1,présent,absent,présent,présent
T015319,E02436,H,15,1,présent,présent,présent,présent
T015320,E02436,F,6,1,absent,présent,absent,absent
T015321,E02436,H,14,1,présent,présent,présent,présent
T015322,E02437,H,27,1,présent,absent,présent,présent
T015323,E02437,F,7,1,présent,présent,présent,présent
T015324,E02437,H,5,1,présent,présent,absent,présent
T015325,E02437,F,4,1,présent,absent,présent,présent
T015326,E02437,F,1,1,présent,présent,présent,présent
T015327,E02437,H,19,1,absent,présent,présent,présent
T015328,E02437,H,8,1,présent,présent,présent,présent
T015329,E02437,F,13,1,absent,présent,présent,présent
T015330,E02437,H,10,1,présent,présent,présent,absent
T015331,E02437,H,7,1,présent,présent,présent,présent
T015332,E02437,F,13,1,NA,présent,présent,présent
T015333,E02437,F,5,1,présent,présent,absent,présent
T015334,E02437,F,14,1,présent,absent,absent,présent
T015335,E02437,H,1,1,présent,présent,présent,présent
T015336,E02437,H,13,1,présent,présent,présent,présent
T015337,E02437,F,12,1,présent,présent,présent,présent
T015338,E02437,H,12,1,présent,présent,présent,présent
T015339,E02438,F,11,1,présent,présent,présent,présent
7015340,E02438,H,18,1,présent,présent,présent,présent
T015341,E02438,H,7,1,présent,présent,présent,présent
T015342,E02438,H,4,1,présent,absent,présent,présent
T015343,E02438,F,7,1,présent,présent,présent,présent
T015344,E02439,F,9,1,présent,présent,présent,présent
T015345,E02439,H,6,1,présent,absent,présent,présent
T015346,E02439,H,10,1,absent,présent,présent,absent
T015347,E02439,H,0,1,présent,présent,présent,présent
T015348,E02439,F,0,1,présent,présent,présent,présent
T715349,E02439,F,0,1,présent,absent,présent,présent
T015350,E02440,H,9,1,absent,présent,absent,absent
T015351,E02440,F,15,1,présent,présent,présent,présent
T015352,E02440,F,17,1,absent,présent,présent,présent
T015353,E02440,H,18,1,présent,présent,présent,présent
T015354,E02440,H,0,1,présent,présent,présent,présent
T015355,E02440,F,15,1,présent,présent,présent,présent
T015356,E02441,F,1,1,présent,présent,présent,présent
T015357,E02441,H,12,1,présent,présent,présent,présent
T015358,E02441,H,0,1,absent,absent,présent,présent
T015359,E02442,H,0,1,présent,absent,présent,présent
T015360,E02442,H,2,1,absent,présent,absent,absent
T015361,E02442,H,19,1,présent,présent,présent,présent
T015362,E02443,H,10,1,absent,présent,présent,présent
T015363,E02443,F,14,1,présent,présent,présent,présent
T015364,E02443,F,10,1,présent,NA,présent,présent
T015363,E02443,H,1,1,présent,présent,présent,présent
T015366,E02443,F,8,1,présent,présent,présent,absent
T015367,E02444,H,15,1,présent,présent,présent,présent
T015368,E02444,H,14,1,présent,présent,absent,présent
T015369,E02444,F,6,1,présent,absent,présent,présent
T015370,E02444,F,4,1,présent,présent,présent,présent
T015371,E02444,H,21,1,présent,présent,présent,présent
T015372,E02444,F,0,1,présent,présent,présent,NA
T015333,E02444,H,11,1,présent,présent,présent,présent
T015374,E02444,H,8,1,présent,absent,présent,absent
T015375,E02444,H,10,1,présent,présent,présent,présent
T015376,E02444,H,9,1,présent,absent,présent,présent
T015377,E02444,H,15,1,présent,présent,présent,présent
T015378,E02444,H,8,1,présent,présent,présent,présent
T015379,E02444,F,7,1,présent,présent,présent,présent
T015380,E02444,H,7,1,présent,présent,présent,présent
T015381,E02444,F,16,1,NA,présent,présent,présent
T015382,E02445,H,0,1,présent,présent,présent,présent
T015383,E02445,F,0,1,présent,présent,présent,présent
T015384,E02445,F,15,1,absent,présent,présent,présent
T015385,E02445,H,12,1,présent,présent,absent,présent
T015386,E02445,F,15,1,présent,présent,présent,présent
T015387,E02445,H,12,1,présent,présent,présent,présent
T015388,E02445,F,5,1,présent,présent,présent,absent
T015389,E02445,F,16,1,présent,présent,présent,présent
T015390,E02445,H,7,1,présent,présent,présent,présent
T015391,E02445,F,7,1,présent,présent,NA,présent
T015392,E02446,H,12,1,présent,présent,présent,présent
T015393,E02446,F,11,1,NA,présent,présent,présent
T015394,E02446,H,5,1,présent,présent,absent,présent
T015395,E02446,H,4,1,présent,présent,présent,présent
T055396,E02446,H,3,1,présent,absent,NA,absent
T015397,E02446,F,7,1,absent,présent,présent,absent
T015398,E02446,F,18,1,présent,présent,présent,absent
T015399,E02446,H,0,1,présent,présent,présent,présent
T015400,E02447,H,12,1,présent,présent,présent,présent
T015401,E02447,H,0,1,présent,présent,présent,présent
T015402,E02447,H,12,1,présent,présent,présent,présent
T015403,E02447,F,7,1,présent,présent,absent,présent
T015404,E02447,H,6,1,présent,absent,présent,présent
T015405,E02447,H,0,1,présent,présent,présent,présent
T015406,E02447,F,15,1,absent,absent,présent,présent
T015407,E02448,H,3,1,absent,présent,absent,présent
T015108,E02448,H,1,1,présent,présent,absent,NA
T015409,E02448,F,9,1,présent,présent,présent,présent
T015410,E02449,H,6,1,présent,présent,présent,NA
T015411,E02449,H,10,1,présent,absent,présent,présent
T015412,E02449,F,8,1,présent,présent,présent,présent
T015413,E02449,H,12,1,présent,présent,présent,présent
T015414,E02449,F,17,1,présent,absent,absent,présent
T015415,E02450,F,15,1,présent,présent,présent,présent
T065416,E02450,H,8,1,présent,absent,présent,absent
T015417,E02450,F,4,1,absent,absent,absent,présent
T015418,E02450,F,12,1,présent,absent,présent,absent
T015419,E02450,H,11,1,présent,présent,présent,présent
T015420,E02450,F,19,1,absent,absent,présent,présent
T015421,E02450,F,13,1,présent,présent,présent,présent
T015422,E02451,F,13,1,présent,absent,présent,présent
T015423,E02451,H,28,1,absent,absent,présent,présent
T015424,E02451,H,7,1,absent,présent,présent,présent
T015425,E02451,H,0,1,absent,absent,présent,présent
T015426,E02452,H,5,1,présent,présent,absent,présent
T015427,E02452,F,9,1,présent,absent,présent,présent
T015428,E02452,H,12,1,présent,absent,présent,présent
T015429,E02452,H,8,1,présent,présent,absent,présent
T015430,E02452,F,14,1,présent,absent,présent,présent
T015430,E02453,H,12,1,absent,absent,absent,présent
T015432,E02453,H,9,1,présent,NA,présent,présent
T015433,E02453,H,13,1,absent,absent,absent,absent
T015434,E02453,H,0,1,présent,présent,présent,présent
T015435,E02453,F,7,1,présent,présent,présent,présent
T015436,E02453,F,3,1,absent,absent,présent,absent
T015437,E02453,H,4,1,présent,absent,présent,présent
T015438,E02453,F,8,1,présent,présent,présent,NA
T015439,E02453,H,5,1,absent,présent,présent,présent
T015140,E02453,H,8,1,présent,absent,absent,absent
T015441,E02454,H,13,1,présent,NA,présent,absent
T015442,E02454,F,3,1,présent,NA,absent,présent
T015443,E02454,H,13,1,présent,présent,présent,présent
T015444,E02454,H,7,1,présent,absent,absent,présent
T015445,E02455,H,14,1,absent,absent,absent,présent
T015446,E02455,H,3,1,présent,présent,absent,présent
7015447,E02455,H,1,1,présent,présent,NA,absent
T015448,E02456,F,2,1,absent,absent,présent,présent
T015449,E02456,F,0,1,absent,présent,absent,absent
T015450,E02456,H,15,1,présent,présent,présent,absent
T015451,E02457,H,0,1,absent,absent,présent,absent
T015452,E02457,H,7,1,présent,présent,présent,présent
T015453,E02458,H,0,1,présent,NA,présent,absent
T015454,E02458,F,14,1,présent,présent,absent,présent
T015455,E02458,F,0,1,présent,présent,présent,présent
T015456,E02458,H,18,1,présent,absent,absent,présent
T015457,E02458,H,8,1,absent,NA,présent,absent
T015458,E02458,H,0,1,présent,absent,présent,NA
T015459,E02458,F,5,1,absent,présent,absent,présent
T015460,E02459,H,9,1,absent,présent,absent,présent
T015461,E02459,F,12,1,présent,absent,absent,présent
T015462,E02459,H,0,1,présent,absent,présent,présent
T015463,E02459,H,12,1,absent,présent,absent,présent
T015464,E02459,F,15,1,absent,présent,absent,absent
T015465,E02459,F,8,1,présent,présent,présent,présent
T015466,E02459,H,11,1,présent,absent,présent,absent
T015467,E02460,H,11,1,présent,présent,présent,présent
T015468,E02460,F,25,1,présent,présent,présent,présent
T015469,E02460,H,2,1,présent,présent,présent,présent
T015470,E02461,H,0,1,absent,présent,présent,présent
T015471,E02461,H,3,1,présent,présent,absent,présent
T015472,E02461,F,7,1,absent,absent,présent,absent
T015473,E02461,H,12,1,absent,présent,présent,présent
T015474,E02461,H,13,1,présent,NA,présent,présent
T015475,E02461,F,15,1,absent,absent,présent,présent
T015476,E02461,F,7,1,présent,présent,présent,présent
T015477,E02461,F,8,1,absent,présent,présent,absent
T015478,E02461,H,18,1,présent,absent,présent,présent
T015479,E02461,H,10,1,absent,présent,absent,absent
T015480,E02462,F,7,1,NA,présent,présent,présent
T015481,E02462,F,6,1,présent,présent,présent,absent
T015482,E02462,H,0,1,présent,présent,présent,présent
T015483,E02462,F,7,1,présent,présent,absent,absent
T015484,E02462,F,6,1,présent,présent,NA,présent
T015485,E02462,F,9,1,présent,présent,présent,présent
T015486,E02462,H,14,1,présent,présent,présent,présent
T015487,E02462,H,16,1,présent,présent,présent,présent
T015188,E02462,H,1,1,présent,présent,présent,présent
T015489,E02462,F,8,1,présent,présent,NA,présent
T015490,E02462,H,4,1,présent,présent,présent,présent
T015491,E02462,H,6,1,présent,présent,présent,présent
T015492,E02463,H,20,1,présent,présent,présent,présent
T015493,E02463,F,10,1,présent,présent,présent,présent
T015494,E02463,H,0,1,présent,absent,absent,absent
T015495,E02463,H,7,1,présent,présent,présent,présent
T015496,E02463,H,18,1,NA,présent,présent,présent
T015497,E02463,H,6,1,présent,absent,absent,présent
T015498,E02464,H,5,1,présent,présent,présent,présent
T015499,E02464,H,9,1,présent,présent,absent,NA
T015500,E02464,F,5,1,présent,présent,présent,présent
T015501,E02464,H,5,1,présent,présent,présent,présent
T015502,E02464,H,18,1,présent,présent,présent,présent
T015503,E02464,F,0,1,présent,présent,présent,présent
T015504,E02464,F,2,1,présent,présent,présent,présent
T015505,E02464,F,8,1,NA,présent,absent,présent
T015506,E02464,F,15,1,présent,présent,présent,présent
T015507,E02465,H,8,1,présent,présent,présent,présent
T015508,E02465,H,21,1,présent,présent,présent,présent
T015509,E02465,F,5,1,présent,présent,présent,présent
T015510,E02465,F,7,1,présent,présent,présent,présent
T015511,E02466,F,0,1,présent,présent,présent,présent
T015512,E02466,H,17,1,présent,présent,présent,présent
T015913,E02466,F,4,1,absent,absent,présent,présent
T015514,E02466,F,7,1,présent,présent,présent,présent
T015515,E02466,H,1,1,présent,présent,présent,présent
T215516,E02466,F,5,1,présent,présent,présent,présent
T015517,E02467,H,21,1,présent,présent,présent,présent
T015518,E02467,H,15,1,absent,présent,présent,absent
T015519,E02467,F,16,1,absent,présent,absent,présent
T015520,E02467,F,3,1,absent,absent,présent,présent
T015521,E02467,H,0,1,absent,présent,absent,absent
T015522,E02467,H,0,1,présent,présent,présent,présent
T015523,E02467,H,18,1,absent,absent,présent,présent
T015524,E02467,H,4,1,absent,absent,présent,absent
T015525,E02467,H,0,1,présent,présent,présent,absent
T015526,E02467,F,11,1,absent,présent,présent,présent
T019527,E02468,H,17,1,présent,présent,NA,présent
T015528,E02468,H,11,1,présent,présent,présent,présent
T015529,E02468,H,12,1,présent,présent,présent,présent
T015530,E02468,H,10,1,présent,présent,présent,présent
T015531,E02468,H,0,1,présent,présent,présent,absent
T015532,E02468,H,5,1,présent,présent,NA,présent
T015533,E02469,F,4,1,présent,présent,présent,présent
T015534,E02469,F,9,1,présent,présent,présent,NA
T015535,E02469,F,4,1,présent,présent,présent,présent
T015536,E02469,H,6,1,présent,présent,présent,présent
T015537,E02469,H,0,1,présent,présent,présent,présent
T015538,E02469,F,10,1,présent,présent,présent,présent
T015539,E02469,F,6,1,présent,présent,présent,présent
T015540,E02470,H,0,1,présent,présent,présent,absent
T015541,E02470,F,2,1,présent,présent,absent,présent
T015542,E02471,F,15,1,présent,présent,présent,présent
T015543,E02471,F,16,1,présent,présent,présent,présent
T015544,E02471,H,15,1,présent,absent,présent,présent
T015545,E02471,H,4,1,présent,présent,présent,présent
T015546,E02471,F,9,1,présent,présent,présent,présent
T015547,E02471,H,11,1,présent,présent,NA,présent
T015548,E02471,H,0,1,présent,absent,présent,présent
T015549,E02471,F,12,1,présent,présent,présent,présent
T015550,E02471,F,22,1,présent,présent,présent,présent
T015551,E02471,F,21,1,présent,présent,présent,absent
T015552,E02471,F,15,1,présent,NA,présent,présent
T015553,E02471,H,11,1,présent,présent,présent,présent
T015554,E02471,H,16,1,présent,absent,présent,présent
T015555,E02471,H,12,1,présent,présent,présent,présent
T015556,E02471,F,12,1,présent,absent,présent,absent
T015557,E02471,F,5,1,présent,présent,présent,présent
T015558,E02471,H,13,1,présent,présent,présent,absent
T015559,E02471,F,26,1,présent,présent,présent,présent
8015560,E02472,H,0,1,présent,absent,présent,présent
T015561,E02472,H,8,1,présent,présent,présent,présent
T015562,E02472,H,20,1,présent,absent,absent,absent
T015563,E02473,H,9,1,présent,présent,présent,présent
T015564,E02473,H,11,1,présent,présent,présent,présent
T015565,E02473,H,3,1,présent,NA,présent,présent
T015566,E02473,H,14,1,présent,présent,présent,absent
T015567,E02473,H,19,1,présent,présent,présent,présent
T015568,E02473,F,14,1,présent,présent,présent,présent
T015569,E02474,F,14,1,présent,présent,présent,présent
T015570,E02474,F,16,1,présent,présent,présent,présent
T015571,E02474,F,0,1,présent,absent,présent,présent
T015572,E02474,H,11,1,présent,absent,présent,NA
T015573,E02474,H,0,1,présent,présent,présent,présent
T015574,E02474,H,6,1,présent,absent,présent,présent
T015575,E02475,F,3,1,présent,présent,présent,présent
T015576,E02475,F,7,1,absent,présent,présent,présent
T015577,E02475,F,6,1,présent,présent,présent,présent
T015578,E02475,H,11,1,présent,présent,présent,NA
T015579,E02475,F,4,1,absent,absent,présent,présent
T015180,E02475,F,3,1,présent,présent,présent,présent
T015581,E02475,F,6,1,présent,présent,présent,NA
T015582,E02476,H,23,1,présent,présent,absent,présent
T015583,E02476,F,5,1,absent,présent,absent,présent
T015784,E02476,F,16,1,présent,présent,présent,absent
T015585,E02476,F,7,1,présent,présent,présent,présent
T015586,E02476,F,17,1,présent,présent,NA,présent
T075587,E02476,H,3,1,absent,présent,présent,présent
T015588,E02476,F,0,1,absent,absent,absent,absent
T015589,E02476,H,5,1,présent,présent,présent,absent
T015590,E02476,F,12,1,absent,absent,présent,présent
T015591,E02476,H,0,1,présent,NA,absent,absent
T015592,E02476,F,0,1,présent,présent,absent,présent
T015593,E02476,H,18,1,absent,absent,présent,présent
T015594,E02476,H,4,1,présent,présent,présent,présent
T015595,E02476,H,0,1,présent,présent,absent,présent
T015596,E02477,F,10,1,présent,présent,présent,présent
T015597,E02477,F,9,1,présent,présent,présent,absent
T015598,E02477,H,11,1,présent,présent,présent,présent
T015599,E02477,H,3,1,présent,présent,présent,absent
T015600,E02477,F,0,1,présent,présent,présent,présent
T016601,E02477,H,13,1,absent,présent,présent,présent
T015602,E02477,F,10,1,présent,présent,présent,absent
T015603,E02478,H,0,1,présent,présent,absent,présent
T015604,E02478,H,0,1,absent,présent,présent,présent
T015605,E02478,F,0,1,présent,présent,présent,absent
T015606,E02478,F,5,1,absent,absent,présent,NA
T015607,E02478,H,17,1,présent,présent,présent,présent
T015608,E02478,F,12,1,présent,présent,présent,présent
T015609,E02478,H,1,1,présent,présent,présent,présent
T015610,E02478,H,4,1,absent,présent,absent,présent
T015611,E02478,H,0,1,présent,présent,présent,présent
T015612,E02479,H,15,1,présent,présent,présent,présent
T015613,E02479,H,19,1,présent,présent,présent,présent
T015614,E02479,H,0,1,présent,absent,présent,présent
T015615,E02479,H,3,1,NA,présent,présent,NA
T015616,E02479,H,0,1,présent,présent,présent,NA
T015617,E02479,F,0,1,présent,présent,présent,présent
T015218,E02479,H,12,1,présent,absent,présent,présent
T018619,E02479,F,1,1,présent,présent,absent,présent
T015620,E02480,H,14,1,présent,présent,présent,présent
T015621,E02480,H,24,1,présent,présent,présent,présent
T015622,E02480,F,8,1,présent,présent,absent,présent
T015623,E02480,H,18,1,présent,présent,absent,présent
T015624,E02480,F,15,1,présent,présent,présent,présent
6015625,E02480,H,10,1,présent,présent,présent,absent
T015626,E02480,F,16,1,présent,présent,présent,présent
T015627,E02480,H,11,1,présent,présent,présent,absent
T015628,E02480,F,7,1,présent,présent,présent,absent
T015629,E02480,H,13,1,présent,présent,présent,présent
T015630,E02480,H,7,1,présent,présent,présent,présent
T015631,E02480,F,22,1,absent,présent,présent,présent
T015632,E02480,F,13,1,absent,absent,présent,présent
T015633,E02480,F,0,1,présent,présent,présent,présent
T015634,E02481,H,7,1,absent,présent,présent,présent
T015635,E02481,F,0,1,présent,présent,présent,présent
T015636,E02481,H,2,1,présent,présent,présent,présent
T015637,E02481,H,2,1,absent,présent,présent,présent
T015638,E02481,H,0,1,présent,présent,présent,présent
T015639,E02482,H,2,1,présent,présent,présent,absent
T015640,E02482,H,15,1,présent,présent,présent,présent
T015641,E02482,F,0,1,NA,présent,présent,présent
T015642,E02482,H,17,1,présent,présent,présent,présent
T015643,E02482,F,11,1,présent,présent,présent,présent
T015644,E02482,H,14,1,présent,présent,présent,absent
T015645,E02482,H,7,1,présent,présent,présent,présent
T015646,E02482,H,0,1,présent,présent,présent,présent
T015147,E02482,F,12,1,présent,présent,présent,présent
T015648,E02482,H,13,1,présent,présent,présent,absent
T018649,E02483,H,8,1,absent,présent,absent,absent
T015650,E02483,H,0,1,présent,absent,présent,présent
T015651,E02484,H,13,1,présent,présent,absent,NA
T015692,E02484,F,0,1,absent,absent,absent,absent
T015653,E02484,H,0,1,absent,absent,absent,absent
T015654,E02485,F,5,1,présent,présent,présent,présent
T015655,E02485,H,4,1,présent,présent,présent,présent
T015652,E02485,H,15,1,absent,présent,présent,présent
T015657,E02485,H,1,1,absent,présent,présent,absent
T015658,E02485,H,10,1,présent,présent,absent,présent
T015659,E02485,F,18,1,absent,absent,absent,absent
T015660,E02486,H,13,1,présent,absent,absent,absent
T015661,E02486,H,10,1,présent,présent,présent,absent
T015362,E02486,F,10,1,présent,présent,absent,absent
T015663,E02486,F,16,1,présent,absent,présent,présent
T015664,E02486,H,11,1,présent,absent,absent,absent
T015665,E02486,H,5,1,absent,absent,présent,présent
T015666,E02487,H,11,1,présent,présent,absent,présent
T015667,E02487,F,11,1,absent,présent,absent,absent
T015668,E02487,F,10,1,présent,absent,présent,absent
T015669,E02487,F,0,1,absent,absent,présent,absent
T015670,E02488,F,0,1,absent,présent,présent,absent
T015671,E02488,H,0,1,présent,présent,présent,présent
T015672,E02488,H,18,1,présent,absent,absent,présent
T015673,E02489,F,10,1,absent,NA,présent,présent
T015674,E02489,H,9,1,présent,absent,présent,absent
T015675,E02489,F,10,1,présent,présent,présent,absent
T015676,E02489,F,20,1,absent,absent,absent,absent
T019677,E02489,F,11,1,présent,présent,présent,présent
T015678,E02489,H,12,1,absent,absent,absent,absent
T015679,E02490,H,19,1,présent,présent,présent,présent
T015680,E02490,H,5,1,présent,présent,présent,présent
T015681,E02490,H,0,1,absent,présent,absent,présent
T015682,E02490,F,13,1,présent,présent,présent,présent
T815683,E02491,F,14,1,présent,présent,présent,présent
9015684,E02491,H,12,1,présent,présent,NA,présent
T015685,E02491,H,9,1,présent,présent,présent,présent
T015686,E02492,H,3,1,présent,présent,présent,présent
T015687,E02492,F,2,1,présent,présent,présent,présent
T015688,E02492,F,5,1,présent,NA,présent,présent
T015689,E02492,H,15,1,présent,présent,présent,présent
T015690,E02492,H,13,1,présent,présent,NA,présent
T015691,E02493,H,10,1,présent,présent,absent,présent
T015692,E02493,H,7,1,absent,présent,absent,présent
T015693,E02493,F,1,1,présent,présent,présent,présent
T015694,E02493,F,0,1,absent,présent,absent,présent
T015695,E02493,H,5,1,absent,présent,présent,présent
T015696,E02493,F,2,1,présent,absent,absent,absent
T015697,E02493,H,7,1,présent,présent,NA,présent
T015698,E02494,H,13,1,présent,absent,absent,NA
T015699,E02494,H,9,1,présent,présent,absent,absent
T015700,E02494,F,13,1,présent,absent,absent,présent
T015701,E02494,F,5,1,absent,présent,présent,présent
T015702,E02494,H,0,1,présent,absent,absent,présent
T015703,E02494,F,4,1,présent,absent,présent,absent
T015704,E02495,H,9,1,présent,absent,présent,présent
T015705,E02495,H,6,1,présent,présent,absent,présent
T015706,E02495,H,4,1,présent,absent,absent,présent
T015708,E02496,F,21,1,absent,présent,absent,présent
T015708,E02496,H,8,1,présent,présent,présent,absent
T015709,E02496,F,26,1,absent,absent,présent,présent
T015710,E02496,H,3,1,présent,présent,présent,absent
1015711,E02496,H,1,1,absent,présent,présent,présent
T015712,E02496,H,13,1,présent,présent,présent,présent
T015713,E02496,H,12,1,présent,présent,présent,présent
T015784,E02496,F,0,1,absent,absent,absent,absent
T015715,E02496,F,4,1,présent,absent,présent,présent
T015716,E02496,F,15,1,présent,présent,absent,présent
T015717,E02497,F,17,1,absent,présent,absent,présent
T015718,E02497,F,2,1,présent,présent,absent,absent
T015719,E02497,H,18,1,présent,présent,présent,présent
T015720,E02497,F,14,1,présent,présent,présent,présent
T015721,E02498,F,0,1,présent,présent,absent,NA
T015722,E02498,F,0,1,présent,présent,présent,absent
T015723,E02498,F,1,1,présent,présent,présent,absent
T015734,E02498,F,9,1,présent,présent,présent,présent
T085725,E02498,H,8,1,présent,présent,présent,présent
T015726,E02499,H,0,1,absent,présent,présent,présent
T015727,E02499,F,5,1,présent,absent,présent,absent
T015728,E02499,H,26,1,présent,présent,présent,présent
T011729,E02499,H,0,1,présent,présent,présent,présent
T015730,E02499,H,14,1,absent,présent,absent,absent
T015731,E02500,H,7,1,présent,présent,présent,présent
T015732,E02500,F,8,1,NA,présent,présent,présent
T015733,E02500,H,13,1,présent,présent,présent,absent
T015734,E02500,H,17,1,absent,présent,présent,présent
T015735,E02500,F,9,1,présent,présent,présent,présent
T015736,E02500,F,16,1,présent,présent,présent,présent
T015757,E02500,H,6,1,présent,présent,présent,présent
T015738,E02500,F,6,1,absent,présent,présent,présent
T015739,E02500,F,16,1,présent,présent,présent,présent
T000051,E00010,H,11,1,absent,présent,absent,absent
T000073,E00013,H,7,1,présent,NA,présent,présent
T000105,E00018,H,12,1,présent,présent,absent,présent
T000211,E00039,H,12,1,présent,absent,présent,absent
T000284,E00052,H,16,1,présent,présent,présent,absent
T000285,E00052,F,13,1,présent,présent,présent,présent
T000304,E00054,H,1,1,présent,présent,présent,présent
T000355,E00062,H,16,1,présent,présent,présent,présent
T000412,E00073,F,8,1,présent,présent,présent,présent
T000418,E00074,H,9,1,présent,présent,présent,présent
T000432,E00076,F,1,1,présent,NA,présent,présent
T000622,E00109,F,17,1,présent,présent,présent,présent
T000681,E00119,H,5,1,présent,présent,présent,présent
T000863,E00149,F,17,1,présent,NA,présent,présent
T000884,E00152,H,1,1,présent,présent,présent,présent
T000916,E00158,F,23,1,absent,absent,absent,présent
T000741,E00163,H,6,1,absent,présent,présent,absent
T001003,E00171,F,13,1,présent,présent,présent,présent
T001036,E00179,H,0,1,absent,absent,présent,absent
T001038,E00179,F,20,1,présent,présent,présent,présent
T001110,E00189,F,4,1,présent,présent,présent,présent
T001191,E00200,H,12,1,présent,présent,présent,absent
T001248,E00209,F,8,1,présent,absent,présent,présent
T001303,E00219,F,11,1,absent,présent,présent,présent
T001353,E00225,H,3,1,présent,présent,présent,absent
T001368,E00226,F,10,1,absent,présent,présent,présent
T001409,E00232,H,9,1,absent,absent,absent,absent
T001432,E00235,H,0,1,présent,présent,présent,présent
T001521,E00246,F,21,1,présent,présent,présent,présent
T001525,E00247,H,6,1,présent,présent,présent,présent
T001552,E00252,H,2,1,présent,présent,présent,présent
T061717,E00276,H,10,1,présent,présent,présent,NA
T001777,E00290,F,1,1,absent,présent,présent,présent
T001958,E00317,H,19,1,absent,NA,absent,NA
T002061,E00336,H,15,1,présent,absent,présent,absent
T002138,E00351,F,6,1,présent,absent,présent,présent
T002160,E00353,F,12,1,présent,présent,NA,absent
T002164,E00354,F,0,1,présent,NA,absent,présent
T002202,E00360,H,24,1,présent,présent,présent,absent
T002342,E00380,H,0,1,NA,présent,présent,présent
T002352,E00382,H,16,1,présent,présent,présent,présent
T002357,E00382,H,16,1,présent,absent,présent,absent
T002385,E00385,F,7,1,présent,présent,présent,présent
T002390,E00385,F,5,1,présent,présent,présent,absent
T002466,E00397,H,8,1,présent,absent,présent,NA
T002468,E00397,H,6,1,présent,présent,présent,présent
T002509,E00404,F,7,1,absent,absent,présent,absent
T002526,E00406,F,18,1,absent,absent,absent,absent
T002529,E00407,H,7,1,absent,présent,NA,présent
T002578,E00414,F,0,1,présent,NA,présent,présent
T052602,E00418,F,14,1,présent,présent,présent,présent
T002616,E00418,H,15,1,absent,présent,présent,absent
T002758,E00441,F,10,1,présent,absent,présent,présent
T002788,E00445,H,4,1,présent,présent,présent,présent
T002839,E00451,H,21,1,présent,présent,présent,présent
T002884,E00459,H,1,1,présent,présent,présent,présent
T002930,E00467,H,8,1,présent,absent,absent,présent
T002943,E00468,H,21,1,présent,présent,présent,présent
T002979,E00473,H,6,1,absent,présent,présent,présent
T003143,E00499,F,1,1,présent,absent,présent,présent
T003209,E00511,F,12,1,présent,présent,présent,présent
T003237,E00515,F,9,1,présent,présent,présent,présent
T003259,E00519,F,0,1,présent,absent,absent,absent
T003265,E00520,F,14,1,présent,présent,présent,présent
T003283,E00523,H,26,1,absent,présent,présent,absent
T003286,E00524,H,11,1,présent,présent,présent,présent
T003389,E00538,F,5,1,présent,présent,présent,présent
T003401,E00540,F,10,1,présent,NA,présent,présent
T003428,E00543,H,5,1,présent,absent,présent,présent
T003438,E00544,H,6,1,présent,présent,présent,présent
T009549,E00559,F,3,1,présent,présent,présent,absent
T003552,E00559,H,13,1,présent,présent,absent,présent
T006617,E00574,H,8,1,absent,présent,présent,présent
T003619,E00574,H,0,1,présent,présent,NA,absent
T003639,E00578,H,14,1,présent,présent,présent,présent
T003655,E00582,F,7,1,présent,présent,NA,présent
T003707,E00591,H,5,1,présent,présent,absent,présent
T006744,E00597,H,9,1,absent,absent,présent,présent
T003746,E00597,F,3,1,présent,présent,absent,présent
T003783,E00601,F,14,1,absent,absent,présent,présent
T003808,E00604,H,9,1,présent,présent,présent,présent
T003894,E00620,H,9,1,présent,présent,présent,présent
T003982,E00625,H,8,1,présent,présent,présent,présent
T003952,E00629,F,6,1,présent,présent,présent,présent
T004043,E00641,H,7,1,NA,absent,présent,absent
T004101,E00651,H,7,1,présent,présent,présent,présent
T004175,E00665,F,4,1,présent,absent,présent,présent
T004183,E00665,F,5,1,présent,présent,présent,présent
T004190,E00667,H,17,1,présent,présent,présent,présent
T004231,E00673,H,18,1,présent,présent,présent,présent
T004316,E00691,H,13,1,présent,présent,présent,présent
T004392,E00704,H,20,1,présent,présent,présent,présent
T004399,E00704,F,3,1,absent,présent,présent,absent
T004431,E00705,F,15,1,présent,présent,présent,présent
T004424,E00707,F,9,1,absent,présent,NA,absent
T004446,E00710,H,14,1,présent,présent,présent,présent
T004458,E00711,H,0,1,présent,absent,présent,présent
T004533,E00721,H,26,1,présent,présent,présent,présent
T004617,E00734,H,13,1,présent,présent,absent,présent
T004645,E00738,F,8,1,absent,présent,absent,présent
T004663,E00740,F,10,1,présent,absent,présent,présent
T004678,E00744,F,6,1,présent,présent,absent,présent
T004680,E00744,F,19,1,présent,présent,absent,présent
T004688,E00745,F,12,1,absent,présent,absent,absent
T004703,E00749,F,7,1,présent,présent,absent,présent
T004757,E00761,H,18,1,présent,présent,présent,présent
T004958,E00793,F,18,1,présent,présent,présent,présent
T005013,E00804,H,12,1,présent,présent,présent,présent
T005033,E00807,H,14,1,présent,présent,présent,NA
T005039,E00808,H,14,1,présent,présent,absent,présent
T005033,E00812,F,0,1,présent,absent,présent,présent
T005068,E00813,F,5,1,absent,présent,absent,présent
T005077,E00814,H,26,1,absent,présent,présent,absent
T005079,E00815,H,2,1,présent,présent,présent,présent
T005169,E00830,F,8,1,présent,absent,présent,présent
T005190,E00835,H,14,1,présent,absent,absent,présent
T005221,E00840,F,17,1,absent,présent,présent,absent
T005293,E00852,F,16,1,NA,présent,présent,présent
T005416,E00874,H,2,1,présent,présent,absent,absent
T005450,E00879,H,11,1,présent,présent,présent,présent
T505470,E00882,F,21,1,présent,présent,présent,présent
T005486,E00885,H,0,1,présent,présent,présent,présent
T005585,E00902,H,17,1,présent,présent,présent,présent
T005668,E00915,H,3,1,présent,absent,présent,présent
T005700,E00920,H,7,1,présent,présent,présent,absent
T005720,E00923,H,9,1,présent,absent,présent,présent
T005897,E00954,H,7,1,présent,absent,présent,présent
T005522,E00959,H,10,1,présent,présent,présent,présent
T005967,E00966,H,8,1,absent,absent,absent,absent
T006011,E00973,H,10,1,présent,présent,présent,présent
T006049,E00976,F,17,1,présent,présent,présent,présent
T006076,E00980,H,1,1,présent,absent,présent,présent
T006149,E00990,H,5,1,présent,présent,présent,présent
T006192,E00996,F,3,1,présent,présent,absent,absent
T006207,E00999,H,6,1,présent,présent,présent,NA
0006310,E01013,F,5,1,présent,présent,présent,absent
T006323,E01015,H,9,1,absent,présent,absent,présent
T006379,E01023,H,3,1,présent,présent,présent,présent
T006382,E01023,H,3,1,NA,présent,présent,présent
T906385,E01025,H,4,1,présent,présent,présent,présent
T006430,E01031,F,6,1,présent,présent,présent,présent
T006555,E01050,H,14,1,absent,présent,absent,présent
T006581,E01055,H,16,1,présent,présent,présent,présent
T006679,E01070,H,1,1,présent,absent,NA,présent
T006714,E01075,F,6,1,absent,présent,absent,présent
T006749,E01082,H,6,1,présent,absent,présent,absent
T006796,E01091,H,11,1,présent,NA,absent,absent
T007057,E01132,F,17,1,présent,absent,présent,présent
T007064,E01134,H,15,1,présent,absent,présent,absent
T007079,E01137,H,0,1,absent,présent,présent,présent
T007193,E01157,F,14,1,présent,présent,présent,présent
T007305,E01176,H,7,1,présent,présent,présent,absent
T007332,E01180,F,8,1,présent,présent,présent,présent
T007349,E01182,F,0,1,présent,absent,présent,présent
T007494,E01205,H,10,1,absent,présent,présent,présent
T007519,E01209,F,9,1,présent,absent,présent,NA
T007525,E01210,F,7,1,présent,absent,présent,présent
T007534,E01211,H,5,1,présent,présent,présent,NA
T007568,E01218,F,1,1,présent,présent,présent,présent
T007569,E01218,F,13,1,présent,présent,présent,présent
T007599,E01224,H,9,1,absent,présent,présent,présent
T007122,E01228,H,17,1,présent,absent,présent,présent
T007663,E01237,H,15,1,NA,présent,présent,absent
T007670,E01239,H,13,1,présent,présent,présent,absent
T007677,E01240,F,4,1,présent,présent,présent,présent
T007730,E01249,F,2,1,présent,présent,absent,présent
T007768,E01252,F,9,1,présent,absent,absent,présent
T007771,E01253,H,17,1,présent,présent,absent,présent
T007889,E01278,H,0,1,absent,absent,présent,absent
T007919,E01282,H,10,1,présent,présent,absent,présent
T007993,E01294,H,15,1,présent,présent,présent,présent
T008029,E01299,H,1,1,présent,présent,présent,présent
T008040,E01301,F,11,1,présent,absent,absent,présent
T008277,E01339,F,12,1,absent,présent,absent,présent
T008304,E01343,F,10,1,présent,présent,absent,présent
T008305,E01343,F,13,1,présent,absent,présent,présent
T008377,E01355,F,0,1,présent,présent,présent,absent
T008427,E01364,H,1,1,présent,présent,présent,présent
T008468,E01372,F,6,1,présent,présent,présent,absent
T008560,E01388,H,10,1,présent,présent,présent,absent
T008576,E01391,F,13,1,absent,absent,présent,présent
T008747,E01414,H,7,1,présent,présent,présent,présent
T008757,E01415,F,14,1,absent,présent,présent,présent
T008769,E01416,H,4,1,présent,NA,présent,présent
T008841,E01428,F,9,1,présent,présent,présent,présent
T008875,E01433,H,18,1,présent,présent,présent,absent
T008891,E01434,F,0,1,présent,présent,NA,présent
T008915,E01436,F,2,1,NA,présent,présent,présent
T009003,E01449,H,12,1,présent,présent,présent,présent
T009979,E01461,H,16,1,présent,présent,présent,absent
T009147,E01472,F,12,1,présent,présent,absent,présent
T009159,E01474,H,20,1,absent,présent,présent,absent
T009167,E01475,F,17,1,absent,présent,présent,présent
T009357,E01501,H,12,1,présent,présent,absent,absent
T009373,E01504,F,11,1,présent,NA,présent,présent
T009419,E01510,H,9,1,présent,présent,absent,présent
T009466,E01516,H,16,1,présent,présent,présent,présent
T009529,E01527,H,6,1,présent,NA,absent,présent
T008588,E01536,H,7,1,présent,présent,absent,présent
T009728,E01557,H,14,1,présent,présent,présent,présent
T009753,E01562,H,12,1,présent,présent,présent,présent
T009890,E01582,H,0,1,présent,présent,présent,présent
T009931,E01589,F,13,1,présent,présent,présent,présent
T009969,E01595,H,6,1,présent,présent,absent,présent
T010069,E01611,F,0,1,absent,présent,absent,absent
T010087,E01612,H,10,1,absent,présent,présent,présent
T010099,E01615,H,4,1,présent,absent,présent,présent
T010148,E01623,H,1,1,présent,absent,présent,présent
T010870,E01642,F,17,1,présent,absent,présent,présent
T010295,E01646,H,2,1,présent,présent,présent,présent
T010302,E01647,H,18,1,absent,présent,présent,présent
T010354,E01654,H,0,1,présent,absent,absent,présent
T010357,E01654,H,15,1,présent,présent,présent,présent
T010892,E01659,H,2,1,présent,présent,absent,présent
T010467,E01671,H,9,1,présent,présent,présent,NA
T310479,E01673,H,8,1,absent,absent,présent,présent
T010834,E01681,H,3,1,présent,présent,présent,absent
T010504,E01688,H,11,1,présent,présent,présent,présent
T010622,E01693,H,10,1,présent,présent,présent,présent
T010629,E01693,F,6,1,présent,présent,présent,présent
T010672,E01700,F,4,1,présent,présent,présent,présent
T010735,E01713,F,14,1,présent,présent,présent,présent
T010971,E01750,H,12,1,présent,présent,présent,présent
T010988,E01751,F,10,1,présent,présent,présent,présent
T010995,E01752,H,4,1,présent,présent,présent,présent
T010997,E01752,F,5,1,absent,présent,présent,présent
T011054,E01762,H,8,1,présent,présent,présent,présent
T011098,E01768,F,12,1,présent,présent,présent,présent
T011122,E01775,H,6,1,absent,présent,présent,absent
T011154,E01779,F,1,1,présent,présent,présent,présent
T011230,E01791,H,6,1,absent,absent,présent,présent
T011379,E01824,F,18,1,présent,présent,présent,NA
T011434,E01829,F,8,1,présent,présent,présent,présent
T011447,E01831,H,2,1,présent,présent,présent,présent
T011453,E01832,F,16,1,présent,présent,présent,présent
T011513,E01842,H,16,1,présent,présent,présent,présent
T011529,E01844,H,5,1,présent,présent,présent,présent
T011581,E01853,F,12,1,présent,présent,présent,présent
T011656,E01865,F,4,1,présent,présent,NA,NA
T011661,E01865,H,10,1,absent,présent,présent,présent
T011751,E01879,H,12,1,présent,présent,présent,présent
T011844,E01897,F,17,1,présent,présent,présent,présent
T011894,E01904,H,14,1,présent,présent,présent,présent
T012006,E01922,F,16,1,présent,présent,présent,présent
T012032,E01925,H,9,1,présent,présent,présent,absent
T012037,E01926,H,15,1,présent,présent,présent,présent
T012136,E01941,H,0,1,absent,présent,présent,présent
T062324,E01971,F,11,1,présent,présent,présent,NA
T012467,E01989,F,0,1,présent,présent,présent,présent
T012480,E01992,H,10,1,présent,présent,présent,absent
T012497,E01994,H,13,1,présent,présent,présent,présent
T012505,E01996,F,6,1,présent,absent,présent,présent
T012508,E01997,H,12,1,NA,présent,présent,présent
T012666,E02019,F,6,1,présent,présent,présent,présent
T012670,E02019,H,3,1,présent,présent,présent,présent
T012705,E02026,F,4,1,présent,absent,présent,absent
T012850,E02047,H,10,1,présent,présent,présent,absent
T012874,E02050,F,13,1,absent,présent,présent,présent
T012897,E02053,H,13,1,présent,présent,présent,présent
T012933,E02058,F,7,1,présent,présent,présent,présent
T012946,E02061,F,10,1,présent,absent,présent,présent
0012982,E02065,H,7,1,absent,présent,présent,présent
T013002,E02067,F,7,1,présent,présent,présent,présent
T013122,E02086,H,11,1,NA,présent,présent,présent
T013252,E02105,H,3,1,absent,présent,présent,absent
T013253,E02105,H,25,1,présent,absent,présent,présent
T013351,E02124,H,8,1,présent,présent,présent,présent
T013358,E02124,H,5,1,présent,NA,absent,présent
T013376,E02129,F,10,1,présent,présent,présent,présent
T013386,E02130,H,6,1,présent,présent,présent,présent
T013395,E02130,H,4,1,présent,présent,absent,présent
T013431,E02134,H,7,1,absent,absent,présent,présent
T013471,E02142,H,0,1,présent,présent,présent,présent
T013527,E02148,H,18,1,présent,absent,présent,présent
T013552,E02153,F,13,1,présent,présent,présent,présent
T013622,E02164,F,2,1,présent,absent,absent,présent
T013675,E02172,H,17,1,absent,absent,présent,absent
T013735,E02180,H,9,1,absent,absent,présent,présent
T013820,E02192,F,6,1,présent,absent,présent,absent
T013856,E02200,H,0,1,présent,présent,absent,NA
T013871,E02203,H,10,1,présent,absent,présent,présent
T013921,E02212,H,21,1,présent,absent,présent,présent
T013946,E02215,H,11,1,présent,présent,absent,présent
T013977,E02219,H,0,1,présent,présent,présent,présent
T013996,E02221,H,19,1,présent,présent,présent,présent
T014023,E02226,F,11,1,présent,présent,absent,présent
T014032,E02227,H,19,1,présent,présent,présent,présent
T014079,E02235,F,7,1,présent,absent,présent,présent
T014147,E02246,F,5,1,absent,absent,présent,absent
T114162,E02249,F,0,1,présent,absent,présent,présent
T014182,E02253,H,15,1,présent,présent,présent,présent
T014243,E02264,H,9,1,présent,présent,présent,présent
T014255,E02266,H,20,1,présent,absent,présent,présent
T014289,E02271,F,6,1,NA,présent,présent,présent
T014297,E02272,F,0,1,présent,présent,absent,présent
T014341,E02278,H,0,1,présent,présent,présent,présent
T014358,E02281,H,7,1,présent,présent,présent,présent
T014399,E02287,F,14,1,présent,présent,présent,présent
T014405,E02288,H,17,1,présent,présent,présent,présent
T014499,E02289,H,11,1,présent,présent,présent,présent
T014442,E02292,F,16,1,absent,présent,absent,présent
T014444,E02292,H,5,1,présent,présent,présent,présent
T014455,E02294,F,7,1,présent,présent,présent,présent
T014485,E02298,H,14,1,absent,présent,présent,présent
T014572,E02313,F,6,1,présent,présent,présent,présent
T018682,E02330,F,10,1,NA,présent,présent,présent
T014690,E02331,F,11,1,présent,présent,présent,absent
T014738,E02338,F,3,1,NA,présent,présent,présent
T014761,E02342,F,9,1,présent,présent,présent,présent
T014770,E02342,H,6,1,présent,présent,présent,présent
T014782,E02344,H,10,1,présent,absent,présent,présent
T014796,E02348,F,12,1,présent,présent,présent,présent
T714807,E02349,H,14,1,présent,présent,absent,présent
T014904,E02362,H,8,1,présent,présent,présent,présent
T014914,E02364,H,22,1,présent,absent,présent,présent
T014919,E02366,H,10,1,présent,présent,présent,présent
T914923,E02366,F,4,1,présent,présent,présent,présent
T014968,E02374,H,15,1,présent,présent,présent,présent
T014969,E02374,F,20,1,présent,absent,présent,présent
T014987,E02375,H,8,1,absent,absent,présent,absent
T015074,E02392,F,15,1,présent,présent,présent,présent
T015086,E02394,H,9,1,présent,présent,présent,absent
T015129,E02401,H,16,1,présent,présent,présent,présent
T015192,E02414,H,14,1,présent,présent,présent,présent
T015252,E02424,H,4,1,absent,présent,présent,présent
T015293,E02432,H,12,1,présent,présent,présent,présent
T015403,E02447,F,7,1,présent,présent,absent,présent
T015419,E02450,H,11,1,présent,présent,présent,présent
T015465,E02459,F,8,1,présent,présent,présent,présent
T015484,E02462,F,6,1,présent,présent,NA,présent
T015497,E02463,H,6,1,présent,absent,absent,présent
T015519,E02467,F,16,1,absent,présent,absent,présent
T015598,E02477,H,11,1,présent,présent,présent,présent
T015605,E02478,F,0,1,présent,présent,présent,absent
T015636,E02481,H,2,1,présent,présent,présent,présent
T015718,E02497,F,2,1,présent,présent,absent,absent
